Time(s),S1_Proj_X,S1_Proj_Y,S1_Proj_Z,S1_Raw_X,S1_Raw_Y,S1_Raw_Z,S1_QX,S1_QY,S1_QZ,S1_QW,Axis_0,Axis_1,Axis_2,Axis_3,Axis_4,Axis_5,Axis_6,S2_Proj_X,S2_Proj_Y,S2_Proj_Z,S2_Raw_X,S2_Raw_Y,S2_Raw_Z,S2_QX,S2_QY,S2_QZ,S2_QW
0.0639028549194336,0,0,0,0,0,0,0,0,0,1,0.0,0.0,0.0,0.0,0.0,0.0,-16.32225,0,0,0,0,0,0,0,0,0,1
0.1006014347076416,-86.08164466666666,85.63405366666666,59.357762666666666,-113.77462579627706,68.32852810195345,10.715386227489063,0.0,-0.329359762691165,0.7414378523286689,-0.584629846872592,0.0,0.0,0.0,0.0,0.0,0.0,-16.32225,-44.30993273123518,59.09122952194456,42.22481647453796,-76.19262355139216,52.79091539082846,10.777824233151108,1.8557281402792903e-17,-0.3977734555721469,0.7478351762088292,-0.5315250015445208
0.16765737533569336,0,0,0,0,0,0,0,0,0,1,0.0,0.0,0.0,0.0,0.0,0.0,-16.32225,0,0,0,0,0,0,0,0,0,1
0.2855865955352783,-86.08164466666666,85.63405366666666,59.357762666666666,-113.43849290689963,68.11232025105241,10.734591588395233,-1.868921243258395e-17,-0.3285880761903508,0.7425560524754404,-0.5836440568682381,0.0,0.0,0.0,0.0,0.0,0.0,-16.32225,-44.244658884607,58.971767894782175,42.182572049928,-76.10199489723507,52.65715860083195,10.815181537330034,1.854999416906646e-17,-0.397360340587938,0.7481289579571262,-0.5314205697880188
0.3448610305786133,-86.08164466666666,85.63405366666666,59.357762666666666,-113.34208942991404,68.29203934771974,10.737314806739306,0.0,-0.32902036725646744,0.7440766181105343,-0.5814598733460543,0.0,0.0,0.0,0.0,0.0,0.0,-16.32225,-44.26871053355961,59.015786276848495,42.19813797906209,-76.07698527743571,52.693208138398575,10.929089174294091,1.1128874733650735e-16,-0.3975091060941671,0.7482043678244528,-0.5312031010269302
0.444957971572876,-86.08164466666666,85.63405366666666,59.357762666666666,-113.16060854802186,67.57899826121124,10.535976538001336,-5.597017638715135e-17,-0.326376243518692,0.7438490658928999,-0.5832384716707977,0.0,0.0,0.0,0.0,0.0,0.0,-16.32225,-44.07828119622825,58.66726999242228,42.07489447189997,-75.83956003243173,52.397501869034315,10.729121538678982,-1.851957987591934e-17,-0.39621923513526375,0.7493575934656856,-0.5305407758355081
0.4803121089935303,0,0,0,0,0,0,0,0,0,1,0.0,0.0,0.0,0.0,0.0,0.0,-16.32225,0,0,0,0,0,0,0,0,0,1
0.5385315418243408,0,0,0,0,0,0,0,0,0,1,0.0,0.0,0.0,0.0,0.0,0.0,-16.32225,0,0,0,0,0,0,0,0,0,1
0.6617345809936523,-86.08164466666666,85.63405366666666,59.357762666666666,-113.42763060187343,67.2765809848685,10.716650315086781,1.1244118729414977e-16,-0.32585578588212233,0.7405358201088565,-0.5877284287346048,0.0,0.0,0.0,0.0,0.0,0.0,-16.32225,-44.136101013635184,58.7730895484385,42.112314741174465,-76.002945960344,52.42121075812568,10.835624717684624,3.7094606503826885e-17,-0.39647783565858696,0.7482374995072533,-0.531926658631259
0.8053085803985596,-86.08164466666666,85.63405366666666,59.357762666666666,-114.0182305666155,67.59468413933891,10.924741796802522,5.635826021458992e-17,-0.3274422963391944,0.7387269100380319,-0.5891214602726474,0.0,0.0,0.0,0.0,0.0,0.0,-16.32225,-44.31314001099356,59.097099359229986,42.2268921862503,-76.38913067106506,52.663640923892444,10.8577376987499,-7.427874785181359e-17,-0.39737422594843,0.7473355816660077,-0.5325253542581949
0.8497021198272705,-86.08164466666666,85.63405366666666,59.357762666666666,-113.99440640787583,67.79902000126808,10.990917812019546,1.8773149528748005e-17,-0.3282567277856829,0.7392359916253209,-0.5880286297019599,0.0,0.0,0.0,0.0,0.0,0.0,-16.32225,-44.337332109866395,59.14137478721701,42.24254901283219,-76.36884551373933,52.73034138199796,10.878703415546255,0.0,-0.3976715039082577,0.7475342426670191,-0.5320243707008081
0.939638614654541,0,0,0,0,0,0,0,0,0,1,0.0,0.0,0.0,0.0,0.0,0.0,-16.32225,0,0,0,0,0,0,0,0,0,1
0.9806513786315918,-86.08164466666666,85.63405366666666,59.357762666666666,-114.01017488578253,67.54441094275106,11.019650762191219,1.8808381278817353e-17,-0.32758071143134493,0.7378512590790627,-0.5901409975366698,0.0,0.0,0.0,0.0,0.0,0.0,-16.32225,-44.226769850532,58.93902808811602,42.17099448877045,-76.33846794633794,52.44410425802741,10.920482743686392,-3.715915848729339e-17,-0.39677844558073583,0.7469376795795836,-0.5335269139854166
1.1005072593688965,-86.08164466666666,85.63405366666666,59.357762666666666,-114.2557051845859,67.48424800231268,11.343680533921116,-5.664760039937747e-17,-0.3275848874213606,0.7349536984783015,-0.5937433811220133,0.0,0.0,0.0,0.0,0.0,0.0,-16.32225,-44.24307703125206,58.96887284897937,42.18154829404032,-76.45740326566715,52.42340320598407,10.915397838538723,-1.859119413204881e-17,-0.39654782555124507,0.7464710286624864,-0.5343508448745532
1.165201187133789,0,0,0,0,0,0,0,0,0,1,0.0,0.0,0.0,0.0,0.0,0.0,-16.32225,0,0,0,0,0,0,0,0,0,1
1.2263150215148926,-86.08164466666666,85.63405366666666,59.357762666666666,-113.47675688144267,67.79838685952322,10.921358003832182,-1.871662240177573e-17,-0.3271072737569992,0.7414685999380853,-0.5858542026486788,0.0,0.0,0.0,0.0,0.0,0.0,-16.32225,-44.23098148751477,58.94673606049653,42.17372020803159,-76.0680224372914,52.67376389573377,10.719944274944993,-1.8524969943294988e-17,-0.3967821169812015,0.7491395586764471,-0.5304280095073923
1.2890841960906982,0,0,0,0,0,0,0,0,0,1,0.0,0.0,0.0,0.0,0.0,0.0,-16.32225,0,0,0,0,0,0,0,0,0,1
1.3472566604614258,-86.08164466666666,85.63405366666666,59.357762666666666,-112.77888779901014,66.6627465252412,9.900231285478156,5.579627570552837e-17,-0.32210256360784034,0.7461674259975436,-0.5826526502964331,0.0,0.0,0.0,0.0,0.0,0.0,-16.30875,-43.88575491974875,58.31491597243065,41.95029385170818,-75.70817166303178,52.08964906925546,10.384210318138457,-1.848327514709858e-17,-0.39466050360723437,0.7508294767766268,-0.5296207923560224
1.4459483623504639,-86.08164466666666,85.63405366666666,59.357762666666666,-113.25563498157112,65.7368285503637,10.621887732632246,-1.8844368220056557e-17,-0.32166490228484196,0.7364421903539308,-0.5951340948935692,0.0,0.0,0.0,0.0,0.0,0.0,-16.25975,-43.76730111288575,58.09812647338304,41.87363201588454,-75.94938872002939,51.52369625430504,10.73919164534189,1.857908843457138e-17,-0.3940181327518276,0.7469574116451865,-0.5355411620511411
1.4843289852142334,0,0,0,0,0,0,0,0,0,1,0.0,0.0,0.0,0.0,0.0,0.0,-16.23975,0,0,0,0,0,0,0,0,0,1
1.577409029006958,0,0,0,0,0,0,0,0,0,1,0.0,0.0,0.0,0.0,0.0,0.0,-16.19325,0,0,0,0,0,0,0,0,0,1
1.6607184410095215,-86.08164466666666,85.63405366666666,59.357762666666666,-113.81471811739993,66.22120303577407,11.520167981282583,3.7946486278409245e-17,-0.325262815761543,0.7314399391814376,-0.5993327256650745,0.0,0.0,0.0,0.0,0.0,0.0,-16.15175,-43.94833112828278,58.4294404884395,41.990792398374985,-76.25660244960955,51.66133840572326,11.209057969428216,3.7229086349384926e-17,-0.3953719415167924,0.7455346971223072,-0.5365249698271195
1.738184928894043,-86.08164466666666,85.63405366666666,59.357762666666666,-113.62685427255997,66.8555934553448,11.328188890340812,0.0,-0.32727570557796476,0.7373481095340946,-0.5909385567932949,0.0,0.0,0.0,0.0,0.0,0.0,-16.11325,-44.05613990135732,58.62674786527033,42.060564900252835,-76.9379677513904,51.55896510556863,11.240058500787342,-1.827344249475995e-17,-0.3981054282436113,0.7594511987434234,-0.5145346875868994
1.8627557754516602,-86.08164466666666,85.63405366666666,59.357762666666666,-113.37598050756066,67.51750210908995,11.202334656672292,-1.306138033838168e-16,-0.33048510786867996,0.743753815737499,-0.5810420424142625,0.0,0.0,0.0,0.0,0.0,0.0,-16.051750000000002,-44.22097483725862,58.92842228271575,42.16724402799654,-76.62195032642842,51.7734646738426,12.336244124817654,0.0,-0.40281877256085363,0.7676571438592766,-0.49843710330831625
1.918870449066162,0,0,0,0,0,0,0,0,0,1,0.0,0.0,0.0,0.0,0.0,0.0,-16.02325,0,0,0,0,0,0,0,0,0,1
1.9733335971832275,-86.08164466666666,85.63405366666666,59.357762666666666,-113.43016645224287,68.10297375145339,10.322228504332031,3.701010420313855e-17,-0.33237255570055635,0.7499458921619346,-0.5719349989697433,0.0,0.0,0.0,0.0,0.0,0.0,-15.99525,-43.8259193536243,58.20540727238227,41.91156901484454,-76.72898977159792,50.75668736642881,12.13547942596307,1.7851044048101347e-17,-0.39974381969881906,0.7774216326182058,-0.4856135127339861
2.038963556289673,0,0,0,0,0,0,0,0,0,1,0.0,0.0,0.0,0.0,0.0,0.0,-15.96175,0,0,0,0,0,0,0,0,0,1
2.1071252822875977,-86.08164466666666,85.63405366666666,59.357762666666666,-113.63588429571945,67.06989364587272,10.43097437473071,3.730289967928853e-17,-0.33119428836321857,0.7440594660001586,-0.5802463738888335,0.0,0.0,0.0,0.0,0.0,0.0,-15.92975,-43.9964813811285,58.51756318765769,42.02195464529875,-76.85998747551383,51.15523631142868,12.06268972883339,5.2798770702934763e-17,-0.4016584496243635,0.7885290295429025,-0.4657171452861503
2.2274527549743652,-86.08164466666666,85.63405366666666,59.357762666666666,-113.40089729998078,66.28135903563509,11.114417335255638,1.8790114213818076e-17,-0.3313095878346288,0.7385685712122418,-0.5871545134173423,0.0,0.0,0.0,0.0,0.0,0.0,-15.86875,-43.820531139468606,58.19554597472955,41.90808182941821,-75.75948728031494,50.83205876699307,13.380663778327431,0.0,-0.4038008381699464,0.7973501813078786,-0.44852822816578897
2.284677267074585,0,0,0,0,0,0,0,0,0,1,0.0,0.0,0.0,0.0,0.0,0.0,-15.83975,0,0,0,0,0,0,0,0,0,1
2.3544728755950928,-86.08164466666666,85.63405366666666,59.357762666666666,-113.10978306776536,66.94995327460043,10.885432079346032,0.0,-0.33306140596041656,0.7432383804414823,-0.5802299627719969,0.0,0.0,0.0,0.0,0.0,0.0,-15.80575,-43.65936955194147,57.9005943750217,41.80378004721907,-76.01899722050644,50.39572806795019,13.026163972947273,6.842856228872203e-17,-0.4051552022455445,0.8112277881425962,-0.42161444216089555
2.4330666065216064,0,0,0,0,0,0,0,0,0,1,0.0,0.0,0.0,0.0,0.0,0.0,-15.774750000000001,0,0,0,0,0,0,0,0,0,1
2.477060317993164,-86.08164466666666,85.63405366666666,59.357762666666666,-112.75829826728841,65.56659013969369,10.419959338989855,7.534525438954026e-17,-0.32769008634217056,0.7367571014394786,-0.5914458392714915,0.0,0.0,0.0,0.0,0.0,0.0,-15.744250000000001,-43.576659712146686,57.74922207884758,41.750251263913015,-74.98704024960267,50.81564304607909,12.823836957088787,-5.0536008635123235e-17,-0.41027119898665493,0.8238356084676541,-0.3911169051610821
2.6078455448150635,-86.03327383837633,85.60676399808949,59.34332554181177,-112.05766993223307,65.4538392949801,10.243870772825005,-1.8913484015693404e-17,-0.32738068341625143,0.7337509998844955,-0.5953413796255146,0.0,0.0,0.0,0.0,0.0,0.0,-15.67875,-43.32145517494908,57.28215677095307,41.58508605014561,-74.86382817830562,49.52463966378477,14.784711520234367,0.0,-0.41126746882644144,0.8251336517317038,-0.38731579604373884
2.662463426589966,0,0,0,0,0,0,0,0,0,1,0.0,0.0,0.0,0.0,0.0,0.0,-15.65075,0,0,0,0,0,0,0,0,0,1
2.732557773590088,-85.79040401592154,85.46974263218674,59.27083676966962,-111.92155333639721,64.99531458702504,10.421430240420534,5.776258485088545e-17,-0.32670755431475534,0.7207669727890507,-0.6113568065296887,0.0,0.0,0.0,0.0,0.0,0.0,-15.61575,-43.01784431746083,56.726500119272664,41.38859286577748,-75.26618707920198,48.795493009652304,13.987997975955778,-1.667326275363829e-17,-0.4126757027016289,0.8323378580947615,-0.3700168298631043
2.8251471519470215,-85.8252238510925,85.48938715338501,59.281229362179566,-111.66270584527621,65.29912902779074,10.878589689543702,-3.895204595774608e-17,-0.3288944088774467,0.7125575803062376,-0.6197500807238951,0.0,0.0,0.0,0.0,0.0,0.0,-15.571250000000001,-43.105697218320074,56.88728504355275,41.445450174467375,-74.9434485721932,49.01504063717252,14.513106246071601,-1.663713730379949e-17,-0.417492032389124,0.8341451750022603,-0.3604195193271965
2.8696234226226807,0,0,0,0,0,0,0,0,0,1,0.0,0.0,0.0,0.0,0.0,0.0,-15.546750000000001,0,0,0,0,0,0,0,0,0,1
2.9825072288513184,-85.48357989698776,85.29663977633055,59.179259712379,-110.92630493093651,65.82771738168987,10.735732958929475,1.9418861843407053e-17,-0.3312909256925403,0.7146550564973579,-0.6160474598409914,0.0,0.0,0.0,0.0,0.0,0.0,-15.49125,-43.28024292133727,57.20673172509143,41.558413990344576,-74.54962868273321,49.71540368260139,14.427097529866302,3.321516388721157e-17,-0.4241620602839583,0.8356296452390921,-0.34901238174777793
3.0365021228790283,0,0,0,0,0,0,0,0,0,1,0.0,0.0,0.0,0.0,0.0,0.0,-15.463750000000001,0,0,0,0,0,0,0,0,0,1
3.106560468673706,-85.15114025,85.10908525,59.080037250000004,-110.39702814051145,65.816125057182,10.53715879865203,-1.358900670793929e-16,-0.33152520049620593,0.7148757576073983,-0.6156652439607084,0.0,0.0,0.0,0.0,0.0,0.0,-15.42975,-43.117027928270154,56.90802206331583,41.45278326952748,-74.37542389514289,49.355835902894654,14.510546339189005,-4.9749181610968286e-17,-0.4234360542332444,0.8368652925591922,-0.34692706738621387
3.1638119220733643,0,0,0,0,0,0,0,0,0,1,0.0,0.0,0.0,0.0,0.0,0.0,-15.399750000000001,0,0,0,0,0,0,0,0,0,1
3.236691474914551,-85.15114025,85.10908525,59.080037250000004,-109.98563254509838,66.00793750019625,10.635452495192709,0.0,-0.3322726204741277,0.7133437098020817,-0.6170378087030485,0.0,0.0,0.0,0.0,0.0,0.0,-15.36375,-43.016584661469004,56.724194746413225,41.38777763203028,-74.17070051182822,49.103640649610966,14.800004264534607,-3.3124323066170415e-17,-0.42694499785743956,0.8379212930686408,-0.34000864022358024
3.360992670059204,-85.15114025,85.10908525,59.080037250000004,-109.48783580959582,65.65322748977019,11.134430669691852,-1.9541208522305182e-17,-0.3315341416670141,0.7101806314575553,-0.6210705142024248,0.0,0.0,0.0,0.0,0.0,0.0,-15.30225,-42.772825,56.2780754,41.2300194,-73.80245827261723,48.395635172784466,15.146018567771534,4.961296731367221e-17,-0.4288339159591838,0.8391629381935829,-0.33452508976969786
3.4141457080841064,0,0,0,0,0,0,0,0,0,1,0.0,0.0,0.0,0.0,0.0,0.0,-15.27575,0,0,0,0,0,0,0,0,0,1
3.473013401031494,-84.54593289371527,84.85562103427404,58.878228397653594,-108.99995829331982,64.79889173244692,10.733200133875783,-3.925117607046166e-17,-0.3262444932750705,0.707127235265602,-0.6273241616208629,0.0,0.0,0.0,0.0,0.0,0.0,-15.24625,-42.3600744091205,55.45748594336213,41.019895826659955,-72.80677950215727,46.726163591318624,15.310907696380468,-1.644426902046982e-17,-0.4296605837884015,0.8439285316081483,-0.32121085952427697
3.5400850772857666,0,0,0,0,0,0,0,0,0,1,0.0,0.0,0.0,0.0,0.0,0.0,-15.21175,0,0,0,0,0,0,0,0,0,1
3.603807210922241,-82.92405549802496,84.1856940639004,58.310041241004065,-108.3004931106388,64.0107066343659,10.226828028226151,-5.918470812499663e-17,-0.32057691369132596,0.7034479807776485,-0.6343432672835688,0.0,0.0,0.0,0.0,0.0,0.0,-15.18125,-42.30278477201935,55.343588414882184,40.990730748452805,-72.72983974185973,46.68221115504923,15.047187282625032,-8.19675966131521e-17,-0.43208792872383933,0.8465410955814031,-0.3109150934627977
3.7486770153045654,-82.52994592249779,84.02355037940553,58.17007866758669,-107.71856682975408,64.21772902541517,10.188052607919388,-1.9756729902332567e-17,-0.3200535665276889,0.7024334430049574,-0.6357302672526357,0.0,0.0,0.0,0.0,0.0,0.0,-15.10825,-42.334945916705784,55.40752798717172,41.00710338314685,-72.4699586816053,46.82568860662835,15.326608211349736,-4.919813976934738e-17,-0.43318295379507565,0.8462385695603636,-0.3102141388296204
3.817457437515259,-82.247841,83.90748740000001,58.06989299999999,-107.24768786075066,63.85815612268712,10.785781914691285,-3.9887912047952964e-17,-0.3200634993308148,0.6958392703599363,-0.6429362847289497,0.0,0.0,0.0,0.0,0.0,0.0,-15.07475,-42.050663083799144,54.84234528231051,40.86238033244862,-72.0757698357383,46.20715463499718,15.606127226324162,0.0,-0.43517799501395543,0.8466359618753723,-0.30631301101160696
3.8626010417938232,0,0,0,0,0,0,0,0,0,1,0.0,0.0,0.0,0.0,0.0,0.0,-15.05075,0,0,0,0,0,0,0,0,0,1
3.932987928390503,0,0,0,0,0,0,0,0,0,1,0.0,0.0,0.0,0.0,0.0,0.0,-15.01525,0,0,0,0,0,0,0,0,0,1
4.043300628662109,-82.247841,83.90748740000001,58.06989299999999,-106.88266129368003,63.38016596436964,11.194904162783786,8.018993222701335e-17,-0.3191743099841968,0.6922458928398739,-0.6472429093411822,0.0,0.0,0.0,0.0,0.0,0.0,-14.96075,-41.80467593815847,54.353298233943924,40.7371528968498,-71.75643247523914,45.65573932342383,15.868548270358076,1.6387431926841612e-17,-0.43712150996337057,0.8468555579525239,-0.30291987305599843
4.197357177734375,-82.247841,83.90748740000001,58.06989299999999,-106.38239271740457,63.42085632088535,11.363651448622448,4.015385887598529e-17,-0.31794934653576457,0.6912305913449482,-0.6489287192183694,0.0,0.0,0.0,0.0,0.0,0.0,-14.89325,-41.51965589921568,53.7866498897499,40.59205454840512,-71.25290753567475,45.08744838956659,16.159078905115166,1.6401472732821254e-17,-0.43866742329810754,0.8461305904587086,-0.3027109440158979
4.295775413513184,-81.55244068340349,83.74733021078826,57.78550251644324,-105.3047568129889,63.168797264538995,11.294607334984164,0.0,-0.3150294970791492,0.6899811419808173,-0.6516766373600529,0.0,0.0,0.0,0.0,0.0,0.0,-14.83425,-41.1323579103094,53.01666275152113,40.394888416666845,-70.01318671062552,44.76957372603135,15.870725000647639,1.6371748155385697e-17,-0.4375462930731473,0.8476668267859461,-0.30002365270856984
4.36678671836853,-80.51321190753426,83.50798611542493,57.36050015874798,-103.97573282246734,63.59909146775371,11.20110796975726,-3.961539406242241e-17,-0.31684120306632946,0.7006260135111655,-0.6393237374217644,0.0,0.0,0.0,0.0,0.0,0.0,-14.79875,-40.900906400000004,52.55651400000001,40.2770608,-68.79124720186326,44.7226801879242,15.367073501087106,-3.2911713791373266e-17,-0.4366750804287776,0.8433342545323219,-0.3132127220675005
4.456484317779541,-79.06501793387685,83.35882371404843,56.68658105635348,-102.31212106954413,62.72580023302325,11.263223627032033,-5.861136435806459e-17,-0.31344495420195423,0.7103291977490853,-0.6302259051407483,0.0,0.0,0.0,0.0,0.0,0.0,-14.75425,-40.900906400000004,52.55651400000001,40.2770608,-68.12359033936303,44.53130844912107,15.377617292808367,-1.6459380456074005e-17,-0.4380184711877891,0.843153716803061,-0.31181986585125654
4.538962125778198,0,0,0,0,0,0,0,0,0,1,0.0,0.0,0.0,0.0,0.0,0.0,-14.71175,0,0,0,0,0,0,0,0,0,1
4.672014951705933,-79.05589856831457,83.35816717324252,56.68221210563904,-101.6693475792811,63.495667209502614,12.465699023346502,1.9093357619435586e-17,-0.317659019920766,0.7268385207265967,-0.6089322719736171,0.0,0.0,0.0,0.0,0.0,0.0,-14.64725,-40.900906400000004,52.55651400000001,40.2770608,-67.34135483562295,44.25995244573163,16.02304237452813,3.313638170237678e-17,-0.43853641628098095,0.8376163657493745,-0.32570636380679463
4.726576089859009,-78.6724232455114,83.33055920032392,56.49849485315103,-101.43736890091185,63.052909574988746,12.028147232284311,-3.765867838505796e-17,-0.31374456895872255,0.737029996959257,-0.598624363880341,0.0,0.0,0.0,0.0,0.0,0.0,-14.61875,-40.736249665542054,52.216788566975275,40.21943999993192,-66.83047242852433,43.68661182805485,15.945713840084807,-1.655772542882294e-17,-0.4387018948791562,0.838145786839576,-0.3241177061385354
4.7927515506744385,0,0,0,0,0,0,0,0,0,1,0.0,0.0,0.0,0.0,0.0,0.0,-14.58575,0,0,0,0,0,0,0,0,0,1
4.86589789390564,-77.47092386572625,83.33017863144443,55.8736050002279,-100.87459704446357,62.77853295533998,11.388299353347577,-1.8512873473729375e-17,-0.31234218523275625,0.749629052859227,-0.583522615185911,0.0,0.0,0.0,0.0,0.0,0.0,-14.54925,-40.31934528109263,51.35661711390205,40.07354639732317,-66.23392402182111,42.87091725393283,16.050939123205154,-3.30139138774338e-17,-0.43925242585706775,0.8407235724510946,-0.3166088771714244
4.921008825302124,0,0,0,0,0,0,0,0,0,1,0.0,0.0,0.0,0.0,0.0,0.0,-14.52375,0,0,0,0,0,0,0,0,0,1
5.082476377487183,-77.64468235466818,83.32098522860578,55.96926639634611,-100.73973324589792,62.76524914885917,12.044146360142463,3.715751208320845e-17,-0.313403607410574,0.7469707754780417,-0.5863555571867396,0.0,0.0,0.0,0.0,0.0,0.0,-14.45125,-40.35795159113413,51.43627097950015,40.08705648228623,-66.30035580593392,42.87644746787146,16.421959654703613,1.6490273924025755e-17,-0.44286737643703106,0.8415741225253391,-0.30922723551376696
5.163416862487793,-77.38796165644598,83.33456808611189,55.82793079568614,-100.22885793844023,62.473446529114796,12.335106239404752,-5.54556383168072e-17,-0.31297381673445474,0.7507507746209703,-0.5817393440748881,0.0,0.0,0.0,0.0,0.0,0.0,-14.401250000000001,-39.92530631705711,50.54362238200561,39.93565443414008,-65.738684845765,41.93300684781062,16.93872413579936,-3.2811035378987985e-17,-0.4439495904208375,0.8459219678694881,-0.2955076740813734
5.233897686004639,-76.98346869326969,83.35596943909626,55.60524031412718,-99.7589446208807,61.95665343187113,12.179522279365443,-5.518135474662411e-17,-0.31061806271722403,0.7544824445614108,-0.5781631776258639,0.0,0.0,0.0,0.0,0.0,0.0,-14.36575,-39.728878450371944,50.1383456571427,39.86691548537298,-65.57528805424954,41.507738973149515,16.893461311056484,0.0,-0.4443934415713225,0.8485414382113589,-0.2872140259921063
5.284802198410034,0,0,0,0,0,0,0,0,0,1,0.0,0.0,0.0,0.0,0.0,0.0,-14.33925,0,0,0,0,0,0,0,0,0,1
5.353830337524414,-76.33505796756832,83.3902762579606,55.24826278942425,-98.9429823772004,61.80269661167034,12.10879099631589,5.472405842839964e-17,-0.31112411496194703,0.7607872043685504,-0.5695652857734841,0.0,0.0,0.0,0.0,0.0,0.0,-14.30575,-39.693568096108386,50.06549212077242,39.854558803637175,-65.38761736489874,41.46329173964068,17.149008089146122,-3.272907782051458e-17,-0.4450911211754468,0.8480402585077332,-0.28761365371087755
5.488852262496948,-75.83915583912723,83.44671091466711,54.95798649110896,-98.71386621415274,61.98019803170379,11.966316332896668,3.627421383719863e-17,-0.3138858501597613,0.7651599491638333,-0.5621440431642801,0.0,0.0,0.0,0.0,0.0,0.0,-14.23825,-39.54258001094794,49.7539683147066,39.80172127897514,-65.11297908718569,41.177994661193424,17.294882670359783,-9.81168231403986e-17,-0.4468112976079135,0.848648826794337,-0.28311628902365876
5.543649196624756,0,0,0,0,0,0,0,0,0,1,0.0,0.0,0.0,0.0,0.0,0.0,-14.21025,0,0,0,0,0,0,0,0,0,1
5.604759216308594,-75.8589576558641,83.44348614518061,54.97013269004842,-98.28179536834423,61.263654117925,12.525762133514462,-3.609087167655093e-17,-0.31876834432892814,0.7690469729957329,-0.5540338401035577,0.0,0.0,0.0,0.0,0.0,0.0,-14.18075,-39.31454712053661,49.283483018773246,39.72192231034752,-64.69463348094393,40.769597478777825,17.392855600974343,0.0,-0.44750502971883,0.8492459648779626,-0.28021516646114597
5.6949920654296875,0,0,0,0,0,0,0,0,0,1,0.0,0.0,0.0,0.0,0.0,0.0,-14.14375,0,0,0,0,0,0,0,0,0,1
5.786214590072632,-74.70446004962389,83.63149862415203,54.26197758555111,-96.9447573888362,60.91539211363843,11.972821795210876,5.319424949721178e-17,-0.3213963197321404,0.7826666193612832,-0.5330453719902425,0.0,0.0,0.0,0.0,0.0,0.0,-14.08975,-38.976728,48.586483,39.603704199999996,-63.58249124099231,39.83178214912374,17.44020584470377,-7.34675853764796e-17,-0.4473806689573907,0.8500353566153575,-0.2780115636930229
5.916876316070557,-74.21153668977432,83.71177227940028,53.95962425756091,-96.43239660949331,61.66578105352687,11.880070133855156,1.7551977471393175e-17,-0.32930072687276846,0.7906680503910717,-0.5161444229785379,0.0,0.0,0.0,0.0,0.0,0.0,-14.02425,-38.976728,48.586483,39.603704199999996,-63.53801080486397,39.80996522169468,17.452268700061694,-1.632228096102891e-17,-0.4476818004416718,0.8502358120748613,-0.27691166356566577
5.978482961654663,-74.18637079999999,83.7158706,53.944187799999995,-95.98800029545882,61.99941001092694,12.320415038284295,3.481083036327086e-17,-0.3344388082255578,0.7973258703105804,-0.5024163015728529,0.0,0.0,0.0,0.0,0.0,0.0,-13.99375,-38.976728,48.586483,39.603704199999996,-63.07721497357457,39.441480105996405,17.67314405263673,-8.159460040414891e-18,-0.4477249380541339,0.8504109180678576,-0.2763035473449542
6.038671970367432,0,0,0,0,0,0,0,0,0,1,0.0,0.0,0.0,0.0,0.0,0.0,-13.962250000000001,0,0,0,0,0,0,0,0,0,1
6.103344678878784,-74.18637079999999,83.7158706,53.944187799999995,-95.25661574501461,61.06752681950448,12.970084459540857,1.7219907144039444e-17,-0.33692304909788934,0.8059153682845592,-0.4868092831380115,0.0,0.0,0.0,0.0,0.0,0.0,-13.93075,-38.87682081097161,48.38196412116354,39.58232511770897,-62.68621139082367,39.03495185998935,17.73438932571466,2.4468997152681198e-17,-0.4480846635289174,0.8507370196592093,-0.27471195403830345
6.1635119915008545,0,0,0,0,0,0,0,0,0,1,0.0,0.0,0.0,0.0,0.0,0.0,-13.90025,0,0,0,0,0,0,0,0,0,1
6.368305206298828,-73.85142016098956,83.81188209116726,53.721740971527275,-95.01943956475733,62.140487015432456,12.494160224527803,-1.6671247048775262e-17,-0.35215960004137425,0.8324384952854487,-0.4278197840979275,0.0,0.0,0.0,0.0,0.0,0.0,-13.79825,-38.297493708387606,47.19603014932113,39.45835524206721,-61.5980783647619,38.03967400017159,18.16425965424429,-1.638589643705277e-17,-0.448980535790543,0.8469349151037698,-0.28481174143529775
6.43041729927063,0,0,0,0,0,0,0,0,0,1,0.0,0.0,0.0,0.0,0.0,0.0,-13.776250000000001,0,0,0,0,0,0,0,0,0,1
6.503838777542114,-73.3441915904551,83.95727596640668,53.384881226582486,-93.27893424201977,60.737682556995395,13.346087963782253,-1.638328825087205e-17,-0.3571083472852988,0.8470697454203532,-0.3936324106227286,0.0,0.0,0.0,0.0,0.0,0.0,-13.731250000000001,-37.72489102606835,46.02386166229264,39.33582432127543,-60.59372867370891,37.07234684360091,18.099762598167302,0.0,-0.44652701169103654,0.8468118399260407,-0.28900404078722935
6.567570447921753,0,0,0,0,0,0,0,0,0,1,0.0,0.0,0.0,0.0,0.0,0.0,-13.69825,0,0,0,0,0,0,0,0,0,1
6.606472730636597,-72.57652391721531,84.17732307020205,52.875059123428024,-92.16494250976095,60.8307435374428,13.302936203943801,2.4007914906016055e-17,-0.37202244542549817,0.8670757870149444,-0.33132895990547995,0.0,0.0,0.0,0.0,0.0,0.0,-13.67925,-37.26700710179677,45.086532649836435,39.23784200196546,-59.351335315408534,36.4823126581023,18.345564150632242,-1.6450162418495298e-17,-0.4449595476398954,0.8436261876789337,-0.30050932835173005
6.729796886444092,-72.35834179999999,84.23986359999999,52.7301604,-91.19085484895496,61.466402114012936,12.808880131115671,1.5784015392997563e-17,-0.38815201578999464,0.8792305039167168,-0.2762095827818438,0.0,0.0,0.0,0.0,0.0,0.0,-13.617750000000001,-37.097609696819866,44.739761134386875,39.20159274807184,-58.89481521725972,36.3200698260987,17.885817847276087,0.0,-0.4450807808520083,0.8442355316278093,-0.2986125678086519
6.81239128112793,0,0,0,0,0,0,0,0,0,1,0.0,0.0,0.0,0.0,0.0,0.0,-13.58525,0,0,0,0,0,0,0,0,0,1
6.8540143966674805,-72.35834179999999,84.23986359999999,52.7301604,-90.61042707627928,61.113103728112975,13.080327826311674,-7.862390071210584e-18,-0.3916733957345314,0.8825425654363187,-0.26021255017170536,0.0,0.0,0.0,0.0,0.0,0.0,-13.55575,-37.047943,44.638089,39.190964599999994,-58.317390988228595,36.19342084435246,18.288112882232355,4.935413029733177e-17,-0.4467465287473949,0.8435639159807906,-0.2980225808681394
6.943352460861206,0,0,0,0,0,0,0,0,0,1,0.0,0.0,0.0,0.0,0.0,0.0,-13.51975,0,0,0,0,0,0,0,0,0,1
6.995021820068359,-72.35834179999999,84.23986359999999,52.7301604,-90.3957886569192,60.332703619995726,13.065974423049425,7.837416300063513e-18,-0.39279458806099865,0.885354769766536,-0.24871538601709872,0.0,0.0,0.0,0.0,0.0,0.0,-13.48475,-36.96809892395536,44.48156310260143,39.182127799778485,-57.907138990704055,34.98699285997398,18.16635567696116,0.0,-0.44371837200069203,0.8425522819391901,-0.3053189456095368
7.101428985595703,-72.15434139039311,84.25845800627773,52.62619768890937,-89.96816398090058,60.5540509151804,13.431409111296745,1.5680009871225838e-17,-0.3947087503770753,0.8850624407629607,-0.24671740580364113,0.0,0.0,0.0,0.0,0.0,0.0,-13.43225,-36.75040634694072,44.054799745039695,39.158034518121504,-57.19006568258507,34.78038996543816,18.754676265375934,0.0,-0.44485491581376785,0.8421680414497057,-0.30472461967667175
7.198770999908447,0,0,0,0,0,0,0,0,0,1,0.0,0.0,0.0,0.0,0.0,0.0,-13.39175,0,0,0,0,0,0,0,0,0,1
7.2529823780059814,-71.7131800171164,84.29866936577727,52.401372981534045,-89.38446899039741,60.29656782004801,13.433025830986224,-1.565412189143448e-17,-0.3972458927542005,0.8865261114012414,-0.2372069866039193,0.0,0.0,0.0,0.0,0.0,0.0,-13.35675,-36.59422915969631,43.74863082684782,39.14074949622376,-56.76833673081791,34.63759850965954,18.24286058429732,-3.292254356173256e-17,-0.44602996828057206,0.8430568422997103,-0.3005202622907034
7.299091100692749,0,0,0,0,0,0,0,0,0,1,0.0,0.0,0.0,0.0,0.0,0.0,-13.33225,0,0,0,0,0,0,0,0,0,1
7.363948345184326,-71.54418974990448,84.31407263722942,52.31525214304584,-88.95519115097929,59.843016586591006,13.773777669153162,-1.5644881393924368e-17,-0.3994881890917243,0.8870497294536117,-0.2314129733884619,0.0,0.0,0.0,0.0,0.0,0.0,-13.30025,-36.233184738281096,43.04084128425019,39.100790646661096,-56.40115354284438,33.90671341408603,18.667458610126573,0.0,-0.4468111116178164,0.8417483488882933,-0.3030174049104821
7.4838573932647705,-70.598445,84.4002762,51.8332816,-86.75129827358387,59.62325239433986,14.153066325416233,-7.811760537881828e-18,-0.4071143373883792,0.888262494767757,-0.2127149658152465,0.0,0.0,0.0,0.0,0.0,0.0,-13.24025,-36.02486444056696,42.63245129263937,39.07773464871885,-55.47976156298125,33.83819648766192,19.067136293062816,-4.945516805598003e-17,-0.4491940757750148,0.8418405003965836,-0.29921439500909697
7.53797173500061,0,0,0,0,0,0,0,0,0,1,0.0,0.0,0.0,0.0,0.0,0.0,-13.21275,0,0,0,0,0,0,0,0,0,1
7.596568584442139,-70.598445,84.4002762,51.8332816,-87.2252019228946,59.86563449906015,13.611525702303538,-7.802910393871001e-18,-0.40672766038679165,0.8892699715426133,-0.20921646204083974,0.0,0.0,0.0,0.0,0.0,0.0,-13.18375,-35.77718117271504,42.14689434600431,39.050322125903826,-55.2143849823446,33.38701612141311,18.59067900477646,0.0,-0.44868442705726913,0.8446365518901559,-0.29201263693100354
7.661921739578247,0,0,0,0,0,0,0,0,0,1,0.0,0.0,0.0,0.0,0.0,0.0,-13.151250000000001,0,0,0,0,0,0,0,0,0,1
7.727514982223511,-70.598445,84.4002762,51.8332816,-86.7013104527721,59.71246764629066,13.839949962717242,2.3415173803623335e-17,-0.4090466157740352,0.8890252913049249,-0.20570585199260194,0.0,0.0,0.0,0.0,0.0,0.0,-13.11875,-35.62459276980738,41.8477608613312,39.033434295279285,-54.743904788228804,33.21739165532918,19.15208431954514,0.0,-0.450877992321663,0.8434333829878528,-0.2921115617390939
7.8739025592803955,-70.598445,84.4002762,51.8332816,-86.30031321494306,59.24707257213683,13.907096371458323,2.3423407592304057e-17,-0.4108237468002685,0.8887127814213154,-0.20350292676858073,0.0,0.0,0.0,0.0,0.0,0.0,-13.04625,-35.203491400000004,41.022236,38.986828599999996,-54.28833194999612,32.256327667965664,18.859322639577215,3.2853957741110716e-17,-0.44983901197627946,0.8448168051576289,-0.2897057628482068
7.942953824996948,-70.48881097024706,84.38526579477275,51.79927443003655,-85.75306846183935,58.77791659991203,13.892404403372439,1.5610969068028837e-17,-0.4125435264586578,0.8889767026850421,-0.19881715434108038,0.0,0.0,0.0,0.0,0.0,0.0,-13.011750000000001,-35.203491400000004,41.022236,38.986828599999996,-53.61652518269858,32.00927698198686,19.019140116627028,4.9256191712990354e-17,-0.45209662529379085,0.8452412169019432,-0.28491389339252676
7.985727787017822,0,0,0,0,0,0,0,0,0,1,0.0,0.0,0.0,0.0,0.0,0.0,-12.98925,0,0,0,0,0,0,0,0,0,1
8.036931037902832,0,0,0,0,0,0,0,0,0,1,0.0,0.0,0.0,0.0,0.0,0.0,-12.96325,0,0,0,0,0,0,0,0,0,1
8.130244970321655,-69.90558918380468,84.30541471777059,51.61836597978045,-84.97704290152262,58.601375524138945,14.375744426854936,-3.906858666757696e-17,-0.4152759019752196,0.8880400464634441,-0.19730889771085305,0.0,0.0,0.0,0.0,0.0,0.0,-12.91775,-35.203491400000004,41.022236,38.986828599999996,-53.62264564348604,32.17187095072035,19.22800787692347,-1.6431890896549822e-17,-0.4528512940792703,0.8445642619698962,-0.2857217402543508
8.244704246520996,-69.38473674544248,84.23410286157927,51.45680375829522,-84.39134593624243,58.219861230631125,14.560151337546444,3.907720425329771e-17,-0.41668432267375144,0.8878442094948049,-0.19520972031244188,0.0,0.0,0.0,0.0,0.0,0.0,-12.86025,-35.203491400000004,41.022236,38.986828599999996,-52.94216736505177,31.480006516335834,19.2062612217118,-1.6415041915188198e-17,-0.4546738827695795,0.845431152690136,-0.2802103252706129
8.3236722946167,-47.40689838595054,64.21301965531022,44.61379936664755,-83.8675607399773,57.49445154035524,14.367460265030473,7.804837933964725e-18,-0.41619570399139755,0.8890503508997768,-0.1907108008060601,0.0,0.0,0.0,0.0,0.0,0.0,-12.82175,-34.84971561685432,40.411308289063186,38.979870587210804,-52.28405817343162,30.537651805829583,19.468863376104707,-3.281381419246619e-17,-0.4535186788438723,0.8458503315960568,-0.28081670975664785
8.416743278503418,0,0,0,0,0,0,0,0,0,1,0.0,0.0,0.0,0.0,0.0,0.0,-12.77425,0,0,0,0,0,0,0,0,0,1
8.478870868682861,-47.07555051227079,63.70364238147156,44.327520851936185,-83.23047836432985,57.0305002600804,14.354221829674685,1.5608226502487932e-17,-0.41756291295186476,0.8891329072910593,-0.18730693233113868,0.0,0.0,0.0,0.0,0.0,0.0,-12.74325,-34.56066647165717,39.91215560242827,38.97418560891437,-51.72213164848338,30.197320462555197,19.392619311780777,1.6397057912664947e-17,-0.4545382827982487,0.8463584065953302,-0.2776191583018594
8.54087781906128,0,0,0,0,0,0,0,0,0,1,0.0,0.0,0.0,0.0,0.0,0.0,-12.71175,0,0,0,0,0,0,0,0,0,1
8.708601474761963,-46.626561800000005,63.013417200000006,43.9396028,-82.17796168924963,56.33166583895613,14.54797192781669,0.0,-0.42276052541464,0.8870308786695882,-0.18560646119625202,0.0,0.0,0.0,0.0,0.0,0.0,-12.62825,-34.09012768262507,39.09959239435818,38.964931117601296,-51.06745025749947,29.48834698491322,19.650590016124568,-3.280546938315448e-17,-0.45635641785230285,0.8460654926608464,-0.2755213276927461
8.797029972076416,0,0,0,0,0,0,0,0,0,1,0.0,0.0,0.0,0.0,0.0,0.0,-12.58325,0,0,0,0,0,0,0,0,0,1
8.859845638275146,-46.626561800000005,63.013417200000006,43.9396028,-81.59654103858898,56.196996435733624,14.456789808840256,3.134021377475518e-17,-0.42704354790430155,0.8856217706461939,-0.18250448638542272,0.0,0.0,0.0,0.0,0.0,0.0,-12.55275,-33.487905572022065,38.05962812027806,38.95308669707524,-50.19636015536008,28.601114289159256,19.89902547563051,3.278247868218787e-17,-0.45604024320954195,0.846658847389405,-0.2742190597143572
8.930396795272827,0,0,0,0,0,0,0,0,0,1,0.0,0.0,0.0,0.0,0.0,0.0,-12.51675,0,0,0,0,0,0,0,0,0,1
9.041613578796387,-46.626561800000005,63.013417200000006,43.9396028,-81.07279711495138,55.89115532391233,14.484240068813591,-1.569798629109741e-17,-0.4304995273567081,0.8840489187893344,-0.18201007151545123,0.0,0.0,0.0,0.0,0.0,0.0,-12.46175,-33.30271867955669,37.73983290053916,38.949444467087915,-49.96889656516825,28.306556064533595,19.82905571471605,-2.4584383983463582e-17,-0.45630517815789223,0.846744084607684,-0.2735142401561375
9.163949012756348,-46.48225249359818,62.77298782521129,43.83014154611381,-80.69212355287596,55.65771396640304,14.357777537836881,2.3584304507282632e-17,-0.4334027944777594,0.8826498023417935,-0.18191026404483596,0.0,0.0,0.0,0.0,0.0,0.0,-12.40075,-33.06643220343061,37.331794920377064,38.94479721761204,-49.32352524352922,28.13280587547706,20.053124295754742,1.6384318443136993e-17,-0.4569394311381276,0.847016484449955,-0.2716052859227955
9.240280866622925,-46.262671871834854,62.4071511863789,43.66358561991181,-80.25948843151542,55.327154458240074,14.394618592767756,7.884691622588522e-18,-0.4371975328014275,0.8800463272435768,-0.18540976030790818,0.0,0.0,0.0,0.0,0.0,0.0,-12.36275,-33.058103,37.3174114,38.9446334,-48.81145737537091,27.391178933437686,20.023527383058394,1.63667318535392e-17,-0.45566326130527507,0.8479266314131905,-0.2709085086093093
9.327912092208862,-46.01256946435699,61.99046312264708,43.47387835982524,-79.62900883749609,54.947633757474435,14.62474794599234,1.5808604127042017e-17,-0.44033472583287186,0.8778629470564874,-0.18831350299696578,0.0,0.0,0.0,0.0,0.0,0.0,-12.31975,-33.058103,37.3174114,38.9446334,-48.38987713304667,27.176918431788422,20.12080295406591,-3.276086614640298e-17,-0.4570416146838031,0.8472173932030295,-0.2708055595837824
9.409071445465088,0,0,0,0,0,0,0,0,0,1,0.0,0.0,0.0,0.0,0.0,0.0,-12.27725,0,0,0,0,0,0,0,0,0,1
9.477729558944702,-45.75920545093833,61.568340995813536,43.28169711185206,-79.12954591133476,54.54251000243332,14.719677016838745,0.0,-0.4421364046712703,0.876763139816158,-0.18921362615856865,0.0,0.0,0.0,0.0,0.0,0.0,-12.24325,-32.70521273519078,36.78768160446665,38.95011809838951,-47.97258188715989,26.424394442170026,20.34635189068294,7.373595508047994e-17,-0.45599900184421416,0.846941564220647,-0.2734134179453595
9.60247278213501,-45.38955126837635,60.952471332120865,43.001307639153445,-78.67958138550364,53.84479638673321,14.72493400839457,-7.916335512679748e-18,-0.4422616781772949,0.8765285267145472,-0.19000618377155046,0.0,0.0,0.0,0.0,0.0,0.0,-12.181750000000001,-32.35062940831303,36.255410323625206,38.9556291107234,-47.23930816302263,26.14352817291777,20.26809727876656,8.195976389599813e-18,-0.4572527198082976,0.8466219976807468,-0.27230707532301834
9.667877435684204,0,0,0,0,0,0,0,0,0,1,0.0,0.0,0.0,0.0,0.0,0.0,-12.14825,0,0,0,0,0,0,0,0,0,1
9.743165493011475,-45.10203948688121,60.4734566407413,42.783224683215174,-78.1231920727841,53.3708398503733,14.850218222616292,-3.167877465128703e-17,-0.4431234612316604,0.8761568564805986,-0.1897123110082977,0.0,0.0,0.0,0.0,0.0,0.0,-12.11125,-32.01855053004744,35.75692086719411,38.96079035394953,-46.913462430451546,25.64112944153652,20.296734200244572,0.0,-0.4571175351295504,0.8469490912921267,-0.2715157377326868
9.790866613388062,0,0,0,0,0,0,0,0,0,1,0.0,0.0,0.0,0.0,0.0,0.0,-12.08675,0,0,0,0,0,0,0,0,0,1
9.848910808563232,-44.848065235709186,60.05031781522648,42.59058055872129,-77.56495919537562,53.0217368421558,14.896078273136965,7.918865936439323e-18,-0.44400558673874935,0.87624843754171,-0.18721034867359979,0.0,0.0,0.0,0.0,0.0,0.0,-12.058250000000001,-31.658408681648083,35.21630559173806,38.966387758051845,-46.427442096667335,25.184413545345038,20.306472029277614,2.455837787970973e-17,-0.4571975073664514,0.8476407445835641,-0.26921294058741796
9.95543909072876,-44.6909532,59.7885582,42.4714082,-76.92763703640765,52.657324458345244,15.06198210134454,-7.920660392486329e-18,-0.445109386065411,0.876049920091206,-0.18551057097821771,0.0,0.0,0.0,0.0,0.0,0.0,-12.00525,-31.438429505714847,34.88609097402481,38.969806722960435,-45.8227078444113,25.113614410598444,20.609595711406712,2.4598666805362128e-17,-0.46022747195028346,0.8462524362167454,-0.26841663186075926
10.035002708435059,0,0,0,0,0,0,0,0,0,1,0.0,0.0,0.0,0.0,0.0,0.0,-11.96475,0,0,0,0,0,0,0,0,0,1
10.097888946533203,-44.67358797911232,59.756777055629975,42.46016964424575,-76.43776681771615,52.040807297692936,15.199582099383576,-1.58449671230204e-17,-0.4455060902088927,0.8758483182746452,-0.1855102341173175,0.0,0.0,0.0,0.0,0.0,0.0,-11.933250000000001,-31.180448948125758,34.498831812604955,38.97381631373081,-45.72952596718437,24.617326043815794,20.686504714473102,2.4578709776314538e-17,-0.4584953283464792,0.8469395627829837,-0.2692125756301561
10.160737991333008,0,0,0,0,0,0,0,0,0,1,0.0,0.0,0.0,0.0,0.0,0.0,-11.901250000000001,0,0,0,0,0,0,0,0,0,1
10.229915857315063,-44.416943387567024,59.287076216899386,42.29407244515087,-75.94544864911424,51.59676470552546,15.325077108071781,-2.3776322809367656e-17,-0.4466474586969565,0.87552149584376,-0.1843045250531182,0.0,0.0,0.0,0.0,0.0,0.0,-11.867750000000001,-30.7672592,33.878585400000006,38.980238199999995,-44.88683259433205,23.548459071495543,21.00129238073984,-8.187025011945437e-18,-0.4587148775760647,0.8475476615477419,-0.2669150098726753
10.370532035827637,-44.173258247063146,58.84109325582595,42.1363624421657,-75.37083421769495,51.228644607711715,15.458515666181228,3.9625664014431544e-17,-0.4477232100948777,0.875555536606289,-0.18151151329987603,0.0,0.0,0.0,0.0,0.0,0.0,-11.79725,-30.67772500329533,33.76475428136694,38.98183060144686,-44.15857524315496,22.913476823631896,21.262709242006622,-1.6357367836859376e-17,-0.4586289770336533,0.8484120395301324,-0.2643037506457026
10.433281421661377,-44.0046927932988,58.532591391292655,42.027268969492724,-75.03097568051186,50.963489638345536,15.491515922606567,0.0,-0.4484288620261805,0.875812971950441,-0.17850264386064602,0.0,0.0,0.0,0.0,0.0,0.0,-11.76675,-30.690630555638833,33.78116201733719,38.98160107104417,-44.14146883078337,22.951247616019714,21.102145429464173,8.171847772377794e-18,-0.4600527177856472,0.8491217772511434,-0.25950665551368707
10.478587627410889,0,0,0,0,0,0,0,0,0,1,0.0,0.0,0.0,0.0,0.0,0.0,-11.74325,0,0,0,0,0,0,0,0,0,1
10.547073364257812,0,0,0,0,0,0,0,0,0,1,0.0,0.0,0.0,0.0,0.0,0.0,-11.70825,0,0,0,0,0,0,0,0,0,1
10.659984111785889,-43.70526694864549,57.984593985524405,41.8334842735672,-74.43304272057696,50.45801360818925,15.638723797263367,4.747575398499791e-17,-0.4481876526950874,0.8769394886619241,-0.173507813072008,0.0,0.0,0.0,0.0,0.0,0.0,-11.652750000000001,-30.122652803038992,33.05905197093341,38.99170278221505,-43.35607730999351,22.404690266709864,21.43716068730592,5.711444084754197e-17,-0.45919006755820524,0.8504374131405157,-0.2567112934538693
10.786481857299805,-43.235571105639124,57.12497512474891,41.52950294483502,-73.78756337157887,49.6283428701571,15.521664511129615,-3.155344436608108e-17,-0.44618102984989144,0.879636951630715,-0.16480692317956108,0.0,0.0,0.0,0.0,0.0,0.0,-11.58925,-29.622977562684987,32.42377971009705,39.00058970592675,-42.9264603507784,21.716004569197338,21.566934638453574,2.4399923824799943e-17,-0.456707600575466,0.8531453565672092,-0.2521134033414528
10.850280046463013,-42.86814735539615,56.45253062623236,41.29171084709848,-73.27223045831371,49.06284301599922,15.209988552074208,-1.5727896472912544e-17,-0.4447470402811561,0.8823676981671104,-0.15371179327698611,0.0,0.0,0.0,0.0,0.0,0.0,-11.556750000000001,-29.32569815083062,32.04582749470406,39.005876938995044,-42.49612780556404,21.44595654871523,21.804606612323113,0.0,-0.45569241288243834,0.8558392610362668,-0.24471122595883904
10.93320345878601,0,0,0,0,0,0,0,0,0,1,0.0,0.0,0.0,0.0,0.0,0.0,-11.52525,0,0,0,0,0,0,0,0,0,1
10.975749969482422,-42.772825,56.2780754,41.2300194,-72.65956200812661,48.93171042695599,15.101169370694521,-2.3551741965046324e-17,-0.445652730509848,0.8838701503530482,-0.14201127104563574,0.0,0.0,0.0,0.0,0.0,0.0,-11.494250000000001,-28.962870578705484,31.58453929504381,39.0123299722726,-42.1554158274773,20.966111721109485,21.72802796380907,1.615501075507084e-17,-0.4552917984985856,0.8590392181236036,-0.23401068340037623
11.036027193069458,0,0,0,0,0,0,0,0,0,1,0.0,0.0,0.0,0.0,0.0,0.0,-11.463750000000001,0,0,0,0,0,0,0,0,0,1
11.193858861923218,-42.45994410595689,55.6560368893146,41.07073761351951,-71.11873429648188,48.11631419146178,14.220272701289133,-1.1713705639685529e-17,-0.44603212212794735,0.8885609025890007,-0.10730735492155294,0.0,0.0,0.0,0.0,0.0,0.0,-11.38625,-28.365199,30.824677400000002,39.022959799999995,-41.0316170774675,20.080532828988737,22.17504742122287,-8.017680130426283e-18,-0.45251258989303733,0.8654490814088269,-0.2150121937865701
11.24380898475647,0,0,0,0,0,0,0,0,0,1,0.0,0.0,0.0,0.0,0.0,0.0,-11.36025,0,0,0,0,0,0,0,0,0,1
11.285898447036743,0,0,0,0,0,0,0,0,0,1,0.0,0.0,0.0,0.0,0.0,0.0,-11.33925,0,0,0,0,0,0,0,0,0,1
11.358611345291138,-42.29452571817855,55.327168589803,40.98652621926791,-70.50494496724599,47.972935451463016,14.292419747192156,-3.90192277131064e-18,-0.4459374070687875,0.8891634087335463,-0.10260731721523095,0.0,0.0,0.0,0.0,0.0,0.0,-11.30325,-28.255566347325182,30.704888097016283,39.02304297488413,-40.229607983308625,19.734518274184268,22.34725468224846,1.5965558337378414e-17,-0.4518748134966423,0.8692328520277248,-0.2006075818186396
11.436940431594849,0,0,0,0,0,0,0,0,0,1,0.0,0.0,0.0,0.0,0.0,0.0,-11.27325,0,0,0,0,0,0,0,0,0,1
11.538810968399048,-41.91302228620924,54.568701610317625,40.79230998763013,-69.67783285349418,47.5286298584565,13.746637655778244,0.0,-0.44541654765035893,0.8911540303980752,-0.08630523266003129,0.0,0.0,0.0,0.0,0.0,0.0,-11.21325,-27.839710018324745,30.25050577042891,39.02335847214828,-39.66949895946627,19.41194740411038,22.044556953168524,7.957203837184271e-18,-0.45286079680986235,0.8720266623661889,-0.18570567798325832
11.60602879524231,-41.6563045844792,54.05832114321012,40.661619827472585,-68.90189836705505,47.32401893208967,13.441744163611219,0.0,-0.4466879783390022,0.8916405746077977,-0.07380335846349872,0.0,0.0,0.0,0.0,0.0,0.0,-11.17925,-27.201921377721938,29.553630753317414,39.0238423425554,-38.837721028568836,18.89269827922081,22.166728226278877,7.939534610677938e-18,-0.4539539718523287,0.8739673348832133,-0.17351336835134173
11.688819169998169,0,0,0,0,0,0,0,0,0,1,0.0,0.0,0.0,0.0,0.0,0.0,-11.14675,0,0,0,0,0,0,0,0,0,1
11.74437165260315,-41.30118436722286,53.3523066333373,40.48083479490317,-67.87449383073397,47.00322671496542,13.077145381140213,-7.781273166162736e-18,-0.4484934385374988,0.8917427464288699,-0.06040289546294016,0.0,0.0,0.0,0.0,0.0,0.0,-11.11075,-26.904392705104584,29.228538260880722,39.024068068306505,-38.41998632571057,18.67761544780454,22.16063776998547,7.931754864169652e-18,-0.4561566596164326,0.874824553044686,-0.1631045777338686
11.787934303283691,0,0,0,0,0,0,0,0,0,1,0.0,0.0,0.0,0.0,0.0,0.0,-11.08825,0,0,0,0,0,0,0,0,0,1
11.93304181098938,-41.036211530002696,52.82551413122367,40.34594210031946,-66.98059301208824,46.82361365642137,12.821840708983672,1.9464793609349423e-18,-0.4509239380117712,0.8912108244207512,-0.049100596363396434,0.0,0.0,0.0,0.0,0.0,0.0,-11.026250000000001,-26.303065979994557,28.571503084690402,39.02452427619227,-37.70526597646682,18.124488218491877,22.34644705546333,1.5844939214545523e-17,-0.45731554434114857,0.8758498609495935,-0.15410877320430738
11.985726356506348,-40.900906400000004,52.55651400000001,40.2770608,-66.21913468715977,46.727747578090685,12.609494495401776,-5.845681366848957e-18,-0.45363224031474575,0.890258996571971,-0.040702697326981827,0.0,0.0,0.0,0.0,0.0,0.0,-10.99025,-26.384353720046214,28.660321529600168,39.02446260571185,-37.73654794897985,18.25898198483486,22.215937036650274,0.0,-0.4581896988458512,0.8756385424644428,-0.15270672160155374
12.076709270477295,-40.900906400000004,52.55651400000001,40.2770608,-65.59883264041068,46.47276182405618,12.472353560453968,0.0,-0.4554359285617317,0.8895158835761837,-0.03660065355692897,0.0,0.0,0.0,0.0,0.0,0.0,-10.94375,-25.8739568767695,28.102640212861854,39.02484982792407,-37.17706937394206,17.74617607307556,22.151797961677147,1.5845049005043235e-17,-0.4594024674041263,0.875843792177441,-0.14780739036746496
12.124749660491943,0,0,0,0,0,0,0,0,0,1,0.0,0.0,0.0,0.0,0.0,0.0,-10.91975,0,0,0,0,0,0,0,0,0,1
12.223516941070557,-40.900906400000004,52.55651400000001,40.2770608,-65.13661967414464,46.3161738623248,12.466077888665922,0.0,-0.4570481951507684,0.8887211296938219,-0.035800851179294275,0.0,0.0,0.0,0.0,0.0,0.0,-10.870750000000001,-25.754574,27.972197400000006,39.024940400000006,-36.80332626820956,17.3901381669707,22.13588883429952,-1.5854507356252506e-17,-0.4607501546686666,0.8753212885130428,-0.14670356794797598
12.350783109664917,-40.900906400000004,52.55651400000001,40.2770608,-64.5407765803811,45.82724079890352,12.476823450902799,3.906052312023147e-18,-0.4580535859506888,0.8882233710169151,-0.03530092884136131,0.0,0.0,0.0,0.0,0.0,0.0,-10.80725,-25.36363198001072,27.586768233382543,39.01826815507475,-36.29713632331857,16.789729686424664,22.101517390052294,1.5861306000599714e-17,-0.4618091922542568,0.8749460988451859,-0.14560767172460748
12.435553312301636,-40.590859791044906,51.91681518153462,40.16856154107082,-63.96806536874138,45.28908114553596,12.442384293690878,1.954136108005072e-18,-0.45914348407863687,0.8877188589221362,-0.033800718070934106,0.0,0.0,0.0,0.0,0.0,0.0,-10.76475,-24.911397920387017,27.140911334393852,39.010549833034474,-35.87167361434214,16.317346530315717,22.057521514166325,-7.935972809677266e-18,-0.4635423850334696,0.8743595864448799,-0.14360978681629277
12.480042934417725,0,0,0,0,0,0,0,0,0,1,0.0,0.0,0.0,0.0,0.0,0.0,-10.74225,0,0,0,0,0,0,0,0,0,1
12.537111043930054,0,0,0,0,0,0,0,0,0,1,0.0,0.0,0.0,0.0,0.0,0.0,-10.713750000000001,0,0,0,0,0,0,0,0,0,1
12.599918365478516,-40.23640353235944,51.18548884759109,40.044521347501885,-63.19302935073105,44.732394076790314,12.49053694967185,0.0,-0.4610163151987014,0.8868499584712208,-0.031001746405737305,0.0,0.0,0.0,0.0,0.0,0.0,-10.68225,-24.347652253242718,26.585115304390246,39.00092833170074,-35.33665833773114,15.731216903397552,22.116772794672812,7.941663815422733e-18,-0.4655797165556913,0.8737330193242228,-0.14080532118673517
12.69333553314209,-40.01473261798522,50.7281297992492,39.966948720544885,-62.61326996380882,44.446912217364385,12.422867449789976,3.916111851062802e-18,-0.4629981873934324,0.8859417411716761,-0.027201281589196966,0.0,0.0,0.0,0.0,0.0,0.0,-10.63575,-23.8975154598105,26.141326097077116,38.99324580390358,-34.88500489333694,15.287220554720477,22.20992003579275,7.945379997173262e-18,-0.46735933535418206,0.8733243603673946,-0.13740383272011908
12.739972114562988,0,0,0,0,0,0,0,0,0,1,0.0,0.0,0.0,0.0,0.0,0.0,-10.61225,0,0,0,0,0,0,0,0,0,1
12.818818092346191,0,0,0,0,0,0,0,0,0,1,0.0,0.0,0.0,0.0,0.0,0.0,-10.58175,0,0,0,0,0,0,0,0,0,1
12.85790491104126,-39.834211583723686,50.35567259768706,39.90377628816604,-62.12440942338844,44.21365784435551,12.420080068917827,4.901129911434196e-18,-0.4652403181675254,0.8848589546309247,-0.024001599131037735,0.0,0.0,0.0,0.0,0.0,0.0,-10.55325,-23.434668602243086,25.685006056093517,38.9853463522236,-34.452849920096384,14.798185860219363,22.29350918986009,-7.948106450783695e-18,-0.4689608438460422,0.8730247823018328,-0.13380379824969674
12.915876150131226,0,0,0,0,0,0,0,0,0,1,0.0,0.0,0.0,0.0,0.0,0.0,-10.524750000000001,0,0,0,0,0,0,0,0,0,1
13.063318014144897,-39.570244707060056,49.811047066432884,39.811402400909614,-61.53108103426689,43.78860218297032,12.563917155188648,-1.9618243456577086e-18,-0.4665957787266932,0.8842399574744982,-0.02020091284888584,0.0,0.0,0.0,0.0,0.0,0.0,-10.46125,-22.95707121163731,25.214143486127497,38.977195151782496,-34.0705622945284,14.229102755409059,22.374753212144896,-1.191937766765339e-17,-0.4698703769622757,0.8732285481738553,-0.12920422403122092
13.108604431152344,-39.27499308129702,49.20187376572457,39.70808057229525,-61.004515867935254,43.28207059505627,12.516431620008262,-1.472065369247194e-18,-0.46755111281115774,0.8838212175645103,-0.01600038411522082,0.0,0.0,0.0,0.0,0.0,0.0,-10.42875,-22.800468600000002,25.059749200000002,38.9745224,-33.7266672260462,13.617563999293154,22.504200234674755,-4.369433304538571e-17,-0.47047274627991414,0.8734294314974105,-0.12560423242051158
13.163121700286865,0,0,0,0,0,0,0,0,0,1,0.0,0.0,0.0,0.0,0.0,0.0,-10.40025,0,0,0,0,0,0,0,0,0,1
13.233264923095703,-38.976728,48.586483,39.603704199999996,-60.439646035912034,42.71050642680734,12.467070963164872,1.4728910844488457e-18,-0.4685623399576766,0.8833257399133855,-0.01360039631248958,0.0,0.0,0.0,0.0,0.0,0.0,-10.36675,-22.489502435959178,24.79103411141555,38.96312207910376,-33.24709285504363,13.03610314661637,22.60223950987549,-7.948870613290309e-18,-0.4718016803393267,0.8729408543026951,-0.12400580356688534
13.32320761680603,-38.976728,48.586483,39.603704199999996,-59.78618210625379,42.227538056936254,12.541411035397886,-4.914608315240352e-19,-0.4702787354597663,0.8824322126533338,-0.012300449020439716,0.0,0.0,0.0,0.0,0.0,0.0,-10.32225,-21.950650862558494,24.3253964793379,38.94336725828215,-32.792620340675995,12.471728118960442,22.60820288498917,0.0,-0.473755966838816,0.8721222565869915,-0.12230312117943935
13.432945013046265,0,0,0,0,0,0,0,0,0,1,0.0,0.0,0.0,0.0,0.0,0.0,-10.26525,0,0,0,0,0,0,0,0,0,1
13.539852380752563,-38.976728,48.586483,39.603704199999996,-59.11573441008386,41.85348543492526,12.75840071871741,4.922475275422199e-19,-0.4729543901216486,0.8810219345530487,-0.0107002664014956,0.0,0.0,0.0,0.0,0.0,0.0,-10.21275,-21.437362603097945,23.88184886528882,38.92454961332013,-32.36427890663549,11.924152311284075,22.724325022119416,7.963416600190513e-18,-0.47601790979261294,0.8713463394268767,-0.119006328924364
13.60082197189331,-38.84609412674008,48.31906387273789,39.57574993210816,-58.58514574877697,41.482440842945095,12.733873524526302,-4.925845817425384e-19,-0.4741476402078857,0.8804190895704402,-0.006800147443297358,0.0,0.0,0.0,0.0,0.0,0.0,-10.181750000000001,-20.985581613605586,23.491451508114377,38.90798688447496,-31.938484177502943,11.498172689052069,22.837639672919835,-3.982299096520575e-18,-0.47704365723126335,0.8712170703061828,-0.11580226898697886
13.66371202468872,0,0,0,0,0,0,0,0,0,1,0.0,0.0,0.0,0.0,0.0,0.0,-10.15025,0,0,0,0,0,0,0,0,0,1
13.734814167022705,-38.640447528180076,47.89808704231112,39.53174373399328,-58.23050885747247,41.13235154571393,12.707986089541663,0.0,-0.4748875896039576,0.880034957050737,-0.004500178757645814,0.0,0.0,0.0,0.0,0.0,0.0,-10.11525,-20.56155800925923,23.12504013099467,38.89244176826581,-31.611639630263994,11.01407015559704,22.945423619046295,0.0,-0.47731464226289133,0.8713447731112133,-0.11370584265206582
13.861187219619751,-38.37111353585231,47.34673646705104,39.4741091068784,-57.71448207634987,40.68225177301562,12.834582123370296,-1.849245680867964e-19,-0.4760044305239499,0.8794414260656452,-0.0016000753715090194,0.0,0.0,0.0,0.0,0.0,0.0,-10.05275,-20.016740288618124,22.65424697407347,38.872468222705244,-31.19319744174541,10.391914016366087,23.046060954488922,-1.5921653300137394e-17,-0.4777765016944923,0.8716298204844529,-0.10950374637798024
13.950220584869385,-37.9958893771638,46.57861932759757,39.39381510357195,-57.04378532449786,40.04588825242266,12.874673727400165,-8.633108139664132e-19,-0.4766146023134129,0.8791057733343527,0.003400022328900921,0.0,0.0,0.0,0.0,0.0,0.0,-10.00725,-19.71083747092773,22.395138369773512,38.86120832714408,-30.73820843355051,9.767671797412191,23.16567138253501,-3.979454107062166e-18,-0.478402700117341,0.8718399204042927,-0.10500480803217566
13.995619058609009,0,0,0,0,0,0,0,0,0,1,0.0,0.0,0.0,0.0,0.0,0.0,-9.98375,0,0,0,0,0,0,0,0,0,1
14.044363975524902,0,0,0,0,0,0,0,0,0,1,0.0,0.0,0.0,0.0,0.0,0.0,-9.95975,0,0,0,0,0,0,0,0,0,1
14.106972694396973,-37.690824206061556,45.95412385962729,39.328534381928705,-56.51485792692944,39.524031204239094,12.873659152303588,1.2340932873839974e-18,-0.4776055492803054,0.8785415037657093,0.007600359053636187,0.0,0.0,0.0,0.0,0.0,0.0,-9.92925,-19.23534754902216,22.0017556892246,38.84362516894835,-30.337785753397725,9.277248696621584,23.289149556437025,-1.989985286817188e-17,-0.4794692750005287,0.8717267848504299,-0.10100310344142874
14.23255205154419,-37.42075406383821,45.40126632022616,39.27074222651832,-56.050396102924935,39.061412942664276,12.861027521375377,9.880821533403995e-19,-0.4788601879823142,0.877823503902102,0.010900291857522114,0.0,0.0,0.0,0.0,0.0,0.0,-9.86725,-18.802600663568246,21.643735209806607,38.827622606969435,-30.00997221903617,8.7888493473871,23.352429587700755,0.0,-0.4806856382155842,0.8714329040945702,-0.0977036891554275
14.330810308456421,-37.07349019060986,44.69038636550255,39.19643142872037,-55.470415896624274,38.45131798042735,12.910089699808367,4.944248174130664e-19,-0.48000874098290186,0.8771421937582146,0.014600702347360538,0.0,0.0,0.0,0.0,0.0,0.0,-9.81775,-18.204242140537783,21.14870078557383,38.805495886541706,-29.622955785553273,8.028491727809978,23.55111167185825,3.981706880781675e-18,-0.48142186605722437,0.8713466500257558,-0.09480507565986646
14.432899236679077,0,0,0,0,0,0,0,0,0,1,0.0,0.0,0.0,0.0,0.0,0.0,-9.76525,0,0,0,0,0,0,0,0,0,1
14.486919641494751,-37.047943,44.638089,39.190964599999994,-55.055703701352684,38.03873255388939,12.972435998026725,4.9482373579352766e-18,-0.48119094529645695,0.8764350568161939,0.01780071201657719,0.0,0.0,0.0,0.0,0.0,0.0,-9.73925,-17.726298753685153,20.753288302555838,38.78782200158121,-29.240548268325,7.509178071231858,23.721926825924726,1.592891315603951e-17,-0.4822854337834784,0.8712325613095981,-0.09140341609698954
14.557056903839111,0,0,0,0,0,0,0,0,0,1,0.0,0.0,0.0,0.0,0.0,0.0,-9.70375,0,0,0,0,0,0,0,0,0,1
14.665313720703125,-37.047943,44.638089,39.190964599999994,-54.54197891489724,37.608541662281326,12.894830324530773,-4.952789083759075e-18,-0.482477328728092,0.8756295930636444,0.022100746924059545,0.0,0.0,0.0,0.0,0.0,0.0,-9.65025,-17.2065055220399,20.32325257440343,38.768600549769026,-28.81995814978606,6.955374183200632,23.789047655693963,3.982178233929669e-18,-0.48311463369988417,0.8712435125059472,-0.08680433526803973
14.737268209457397,-36.86171411251455,44.27300689022769,39.170353584684804,-53.9344163203063,37.055514053509626,12.754729797800536,-6.939209840577667e-18,-0.4834580922414035,0.8749601619502817,0.026701836008769592,0.0,0.0,0.0,0.0,0.0,0.0,-9.61425,-16.7381496,19.935771999999996,38.751281199999994,-28.42183529157981,6.404548166386348,23.7205721931239,0.0,-0.4840287642276841,0.8712108688683379,-0.0819010217634491
14.784021377563477,0,0,0,0,0,0,0,0,0,1,0.0,0.0,0.0,0.0,0.0,0.0,-9.590250000000001,0,0,0,0,0,0,0,0,0,1
14.87490200996399,-36.62405093444579,43.8070932737308,39.14405004247299,-53.49972116031972,36.68581856490596,12.804382225640069,-1.9840259976490054e-18,-0.4844192489114067,0.8743451335982431,0.0293015125408081,0.0,0.0,0.0,0.0,0.0,0.0,-9.54525,-16.458671085287587,19.703335859651247,38.74569267540565,-28.168873242586102,5.983267477209637,23.766754253447147,0.0,-0.4849910178330686,0.8709342173527715,-0.07910310781100498
14.94472622871399,0,0,0,0,0,0,0,0,0,1,0.0,0.0,0.0,0.0,0.0,0.0,-9.51875,0,0,0,0,0,0,0,0,0,1
15.046987056732178,-36.27257290778084,43.11805763996814,39.10514996049129,-52.845892628760424,36.150932338912924,12.766899208659964,1.9863154221757722e-18,-0.4858995641176487,0.8733373645544292,0.034401471820305014,0.0,0.0,0.0,0.0,0.0,0.0,-9.45925,-15.774459135859974,19.134291813925234,38.73201099647211,-27.644541724948454,5.22058360934146,23.81136117337482,0.0,-0.48569172665061744,0.8710343680527756,-0.07350290017437312
15.114094972610474,-36.00696261334848,42.59735664680891,39.075753351187885,-52.34203943300221,35.74906592656987,12.785211602135092,1.9874616419261305e-18,-0.4865901299337877,0.8728336886520314,0.0373014397189743,0.0,0.0,0.0,0.0,0.0,0.0,-9.42625,-15.304469402532082,18.74341167871811,38.72261296032435,-27.21953368198797,4.77294187482795,23.913268194431453,1.1950747968623728e-17,-0.4862973290581439,0.8709363533719879,-0.07060294700661655
15.167846202850342,0,0,0,0,0,0,0,0,0,1,0.0,0.0,0.0,0.0,0.0,0.0,-9.39825,0,0,0,0,0,0,0,0,0,1
15.236520051956177,-35.65936865954067,41.91593532859279,39.03728314174758,-51.839755264146845,35.14325169543602,12.805204877827776,-7.95254927200201e-18,-0.4868993170474514,0.8725370527833778,0.04010170294167731,0.0,0.0,0.0,0.0,0.0,0.0,-9.36475,-14.788829032493274,18.314564911934795,38.712302082249295,-26.83418720312602,4.183018987503175,24.086470614273367,0.0,-0.4865489265468669,0.8709555566443504,-0.06860437614628824
15.293003797531128,0,0,0,0,0,0,0,0,0,1,0.0,0.0,0.0,0.0,0.0,0.0,-9.33525,0,0,0,0,0,0,0,0,0,1
15.446049690246582,-35.203491400000004,41.022236,38.986828599999996,-50.93356965029437,34.180066346514366,13.151617373083894,7.961724406426803e-18,-0.48848530152997655,0.8715315363473354,0.042601541535738946,0.0,0.0,0.0,0.0,0.0,0.0,-9.260250000000001,-13.865561527871947,17.546703613171168,38.69384018666479,-26.12844648524799,3.144872204465983,24.43126228470436,0.0,-0.4880642164034963,0.87032375830702,-0.06580179627324131
15.484082698822021,0,0,0,0,0,0,0,0,0,1,0.0,0.0,0.0,0.0,0.0,0.0,-9.24025,0,0,0,0,0,0,0,0,0,1
15.555185317993164,0,0,0,0,0,0,0,0,0,1,0.0,0.0,0.0,0.0,0.0,0.0,-9.20475,0,0,0,0,0,0,0,0,0,1
15.658955812454224,-35.203491400000004,41.022236,38.986828599999996,-50.46710802423348,33.67372868367809,13.309527862305117,-7.970166346915269e-18,-0.4900229665275968,0.870608416672862,0.043800423443913786,0.0,0.0,0.0,0.0,0.0,0.0,-9.152750000000001,-13.262380446573903,17.03826916152402,38.68846965281238,-25.717329182518682,2.429444359055722,24.630625173447925,0.0,-0.4892894539287933,0.8697328703655541,-0.06450243778150884
15.73728084564209,-35.203491400000004,41.022236,38.986828599999996,-49.96794077252102,33.003859017123915,13.407541558533978,-1.993633514614273e-18,-0.4906865035335266,0.8701315779758251,0.04580166218974,0.0,0.0,0.0,0.0,0.0,0.0,-9.11425,-12.790621140308822,16.630612353823963,38.69413545087296,-25.389301346940698,1.8573672983520169,24.773892670468854,-1.995469168148489e-18,-0.4901851519854456,0.8693311345854484,-0.06310225997048406
15.85824203491211,-35.04349697808339,40.74594511011756,38.98368185201177,-49.61787427904329,32.59615950814168,13.526430416379725,1.994774703153397e-18,-0.49149298131144437,0.8696337853264864,0.04660181048322706,0.0,0.0,0.0,0.0,0.0,0.0,-9.05425,-12.39969297321597,16.292803376829323,38.69883047229921,-25.092131226884078,1.4130521752807539,24.92212893848614,5.9891472633524704e-18,-0.49099191517124313,0.868933455648133,-0.06230239876496568
15.908809661865234,0,0,0,0,0,0,0,0,0,1,0.0,0.0,0.0,0.0,0.0,0.0,-9.027750000000001,0,0,0,0,0,0,0,0,0,1
15.975908994674683,-34.71181742856688,40.17317490479452,38.97715842486555,-49.19019963951459,32.07669103641601,13.720716055547882,1.995928579744188e-18,-0.4922858102431842,0.8691310368425814,0.04760169986619133,0.0,0.0,0.0,0.0,0.0,0.0,-8.99475,-11.963765908231744,15.916109937311521,38.704065927512374,-24.801317005494127,0.8711685302507135,25.124586844941547,1.5978891627566405e-17,-0.4918208032374096,0.8685075367726274,-0.061700535427600595
16.04220962524414,0,0,0,0,0,0,0,0,0,1,0.0,0.0,0.0,0.0,0.0,0.0,-8.96075,0,0,0,0,0,0,0,0,0,1
16.103145599365234,-34.38102550914114,39.601937528583434,38.97065245550422,-48.808366679962546,31.532349353201113,13.94786297477529,-3.9937588160546724e-18,-0.49294771995081427,0.8687171939393645,0.04830095598857063,0.0,0.0,0.0,0.0,0.0,0.0,-8.93075,-11.529209644515884,15.540601035038947,38.70928491949299,-24.499057821062877,0.3442846305185867,25.25394194391339,-5.994803194729342e-18,-0.4927378448020434,0.8681136409125074,-0.0599009412402479
16.22818946838379,-34.15292195544328,39.20803045931465,38.96616614660603,-48.46317712236362,31.203852706524515,14.153372396571143,1.1993631408757037e-17,-0.49446244935131495,0.8678223051161376,0.04890125687967174,0.0,0.0,0.0,0.0,0.0,0.0,-8.86875,-11.042620191699854,15.120129196198226,38.71512882663261,-24.140266679519726,-0.22210720811612816,25.40182433596246,0.0,-0.4937356736424938,0.8676486283302768,-0.058403273276265745
16.287867784500122,0,0,0,0,0,0,0,0,0,1,0.0,0.0,0.0,0.0,0.0,0.0,-8.83775,0,0,0,0,0,0,0,0,0,1
16.364349842071533,-33.87150689477541,38.722060907333834,38.960631314419985,-48.057457594781596,30.78811850894563,14.301212654627335,-1.4006827791575594e-17,-0.4959099251320681,0.8669389323927504,0.04990224100403534,0.0,0.0,0.0,0.0,0.0,0.0,-8.80125,-10.54096428292079,14.686638126449546,38.72115368091168,-23.777447697560063,-0.8136356450447693,25.597161210705877,1.0001568346408846e-17,-0.4945721197703077,0.867225726952951,-0.05760170880130302
16.438792943954468,0,0,0,0,0,0,0,0,0,1,0.0,0.0,0.0,0.0,0.0,0.0,-8.77225,0,0,0,0,0,0,0,0,0,1
16.494842052459717,-33.511669656698444,38.10066580161611,38.95355408578013,-47.611281126046464,30.215080388003827,14.438157427052204,0.0,-0.4964573735643734,0.8665555558566981,0.05110327628883703,0.0,0.0,0.0,0.0,0.0,0.0,-8.73525,-9.947312456601027,14.166854903265039,38.73428774902335,-23.427164730145222,-1.385324662610131,25.808285605161387,-2.001512986999503e-18,-0.4955171379510866,0.8667060804723312,-0.057300401997305385
16.60997438430786,-33.153549418946916,37.48223574644302,38.94651062686333,-47.194959212723546,29.627476808392743,14.683714136826922,0.0,-0.49701007303602224,0.8662387337019378,0.05110228502905683,0.0,0.0,0.0,0.0,0.0,0.0,-8.67775,-9.499753947219942,13.758870503297661,38.75842700373421,-23.11724429432732,-1.9331569165138802,26.02072181922378,1.0014124944564695e-17,-0.4965086362745342,0.8661383224094646,-0.05730253535857558
16.661272764205933,0,0,0,0,0,0,0,0,0,1,0.0,0.0,0.0,0.0,0.0,0.0,-8.651250000000001,0,0,0,0,0,0,0,0,0,1
16.738707304000854,-33.058103,37.3174114,38.9446334,-46.757475391787864,29.155412233695174,14.92756438541224,-1.0021148206774362e-17,-0.4981895479398188,0.8655312945098061,0.05160186573853954,0.0,0.0,0.0,0.0,0.0,0.0,-8.61375,-9.015539976033388,13.317471798213147,38.78454328605268,-22.784704124771537,-2.532518983401232,26.18919184150772,2.0037952549417268e-18,-0.49735391083192726,0.8657189259724319,-0.05630123083313841
16.785265922546387,0,0,0,0,0,0,0,0,0,1,0.0,0.0,0.0,0.0,0.0,0.0,-8.58925,0,0,0,0,0,0,0,0,0,1
16.864174604415894,-33.058103,37.3174114,38.9446334,-46.3455779210484,28.702581891908196,15.101590691341926,0.0,-0.49930901844946624,0.8648378482419029,0.052402293302353985,0.0,0.0,0.0,0.0,0.0,0.0,-8.55075,-8.534837516436573,12.879274109127408,38.810470173530234,-22.449227166302705,-3.1221784839212745,26.34780105871451,2.0049124841406977e-18,-0.4983045631945357,0.8652365076774442,-0.055302333419513024
16.97773265838623,-32.91351970474787,37.10037486748795,38.94688054548883,-45.99284265828183,28.142743848599878,15.325106238151733,-4.0130464291445526e-18,-0.49982117264527276,0.864541941692208,0.052402542214773515,0.0,0.0,0.0,0.0,0.0,0.0,-8.494250000000001,-8.09461020411158,12.477972665621095,38.8342140170728,-22.179092531684887,-3.7014377446406286,26.517465398075416,4.0122441961313755e-18,-0.49924263129422297,0.8647148035752337,-0.05500094159435394
17.058928728103638,0,0,0,0,0,0,0,0,0,1,0.0,0.0,0.0,0.0,0.0,0.0,-8.46175,0,0,0,0,0,0,0,0,0,1
17.102254629135132,-32.55195326129988,36.557621107298594,38.95250009096185,-45.67450411245056,27.57303233910028,15.508380257537254,-6.021647592747315e-18,-0.5003263553082916,0.8642436057198876,0.05250264903991449,0.0,0.0,0.0,0.0,0.0,0.0,-8.431750000000001,-7.666950433822037,12.08812751439596,38.85728002499852,-21.90160101101185,-4.245144082588894,26.724303194499157,-2.0075017439468444e-18,-0.5002594836943874,0.8641205325013852,-0.055101309270716735
17.18741750717163,0,0,0,0,0,0,0,0,0,1,0.0,0.0,0.0,0.0,0.0,0.0,-8.39775,0,0,0,0,0,0,0,0,0,1
17.24009370803833,-32.20254020184566,36.033111006002855,38.95793074585821,-45.31971098377855,27.054370112465193,15.732459106403184,6.025071650020409e-18,-0.5011527406958944,0.863752454779985,0.05270320061005582,0.0,0.0,0.0,0.0,0.0,0.0,-8.36275,-7.195188569529451,11.658079873480665,38.882724697742596,-21.581384727505025,-4.828032644468209,26.97630013139988,-1.0043136212071285e-17,-0.5011057983820334,0.8636363379657078,-0.055002314252100434
17.360414505004883,-31.88364340541713,35.554409404926815,38.96288711025873,-44.96716019468312,26.600802794331756,15.999638126967,8.039307889181833e-18,-0.5022609795686205,0.8631208058649693,0.05250126556356261,0.0,0.0,0.0,0.0,0.0,0.0,-8.30175,-6.551155381636785,11.065137068517622,38.922653490920055,-21.27891124185726,-5.438594255669543,27.18564269612895,-4.019577758436707e-18,-0.5020087819999896,0.8631371652586092,-0.054602351086919326
17.41074299812317,0,0,0,0,0,0,0,0,0,1,0.0,0.0,0.0,0.0,0.0,0.0,-8.27675,0,0,0,0,0,0,0,0,0,1
17.47894287109375,-31.47642967815166,34.943133702551386,38.96921611589261,-44.56007290509095,25.99082334432933,16.139298462163623,4.02154714220002e-18,-0.502842589080835,0.8627144800932569,0.053600899655730345,0.0,0.0,0.0,0.0,0.0,0.0,-8.242750000000001,-6.093887345274688,10.62457557759785,38.96835307193586,-20.971260800440604,-6.02423641189128,27.32977621323053,-6.032960898526835e-18,-0.5029675040525318,0.862622933492111,-0.053901433010926016
17.56617784500122,0,0,0,0,0,0,0,0,0,1,0.0,0.0,0.0,0.0,0.0,0.0,-8.19875,0,0,0,0,0,0,0,0,0,1
17.615010976791382,-31.113439601876376,34.398242902036124,38.97485778778126,-44.15562238452162,25.47526364524478,16.310231118760015,4.02418267892486e-18,-0.5037462846820495,0.8621494670516661,0.05420310998051304,0.0,0.0,0.0,0.0,0.0,0.0,-8.17575,-5.675407841425503,10.221385458292925,39.01017610890506,-20.694950395385916,-6.56028001970482,27.513378529612396,-6.036985597856719e-18,-0.5039416517396708,0.862047845497268,-0.054002997281731406
17.81585144996643,-30.7672592,33.878585400000006,38.980238199999995,-43.462660218708606,24.47833178881106,16.88445260075042,-6.043336478982345e-18,-0.5056253742907686,0.8611419281434363,0.05270256603548844,0.0,0.0,0.0,0.0,0.0,0.0,-8.07575,-4.78118134321818,9.359830029218024,39.099545522578524,-20.10381279108924,-7.700765730022006,27.946447435617756,-6.045643263138661e-18,-0.5059399996986949,0.8608133496167651,-0.05500085296110838
17.867334365844727,0,0,0,0,0,0,0,0,0,1,0.0,0.0,0.0,0.0,0.0,0.0,-8.04875,0,0,0,0,0,0,0,0,0,1
17.957297563552856,-30.7672592,33.878585400000006,38.980238199999995,-43.10287243521822,24.0105479452165,17.099233946595376,2.0161444469901852e-18,-0.5068489957514685,0.8604162655937181,0.05280099816753639,0.0,0.0,0.0,0.0,0.0,0.0,-8.00425,-4.289577868567742,8.886187564600547,39.14867660332532,-19.775480590179853,-8.329344067668387,28.135622590666372,2.016594362067227e-18,-0.5069732660714328,0.8602243012315715,-0.054701545311982035
18.051305055618286,0,0,0,0,0,0,0,0,0,1,0.0,0.0,0.0,0.0,0.0,0.0,-7.95775,0,0,0,0,0,0,0,0,0,1
18.166328191757202,-30.41509018275412,33.430848170467065,38.986501666622175,-42.73932700365614,23.436098199748585,17.463709198323357,0.0,-0.5079391569561694,0.8598458981443419,0.0516027545292487,0.0,0.0,0.0,0.0,0.0,0.0,-7.89925,-3.772935834374735,8.388421338326085,39.2003100494013,-19.459682231094575,-9.018394783065439,28.352833336279673,-6.05541404037401e-18,-0.5082740703076957,0.8594243751512306,-0.05520156563689542
18.28998613357544,-30.062458216068887,32.98252236076598,38.992773366985034,-42.41999181587761,22.964994685289156,17.713882171504764,6.0554906506138144e-18,-0.5087411333157575,0.8594135022573112,0.050900799703161664,0.0,0.0,0.0,0.0,0.0,0.0,-7.83775,-3.1681632342050534,7.799485708548406,39.26648290451216,-19.200115809231107,-9.563815242274742,28.572928305138362,0.0,-0.5093350253614575,0.8587441466941493,-0.056002879020463914
18.35800576210022,-29.71487551254366,32.540616034289506,38.998955264185994,-42.07392116255039,22.524712991192615,17.921215557019934,-4.038760029966805e-18,-0.5094151851300116,0.8590376566597173,0.050502213808283736,0.0,0.0,0.0,0.0,0.0,0.0,-7.80375,-2.790027722243078,7.4165970594159125,39.32127855224452,-18.92165747415612,-10.031506598888534,28.72301411584678,-2.02101940844959e-17,-0.5100254039656672,0.8583408297437318,-0.0559026591898807
18.410694360733032,0,0,0,0,0,0,0,0,0,1,0.0,0.0,0.0,0.0,0.0,0.0,-7.77625,0,0,0,0,0,0,0,0,0,1
18.484994173049927,-29.2890131874355,31.999187321742504,39.00652939572039,-41.67591877748342,21.964720132736772,18.168201588931424,-2.020112859074303e-18,-0.5099798623338779,0.8587260202738016,0.05010151812707285,0.0,0.0,0.0,0.0,0.0,0.0,-7.7402500000000005,-2.3852285874174535,7.0067096275288705,39.37993802773039,-18.679047163979646,-10.582937995138352,28.9118623422776,0.0,-0.5110093822214078,0.8577030363241915,-0.05670020072237573
18.541950464248657,0,0,0,0,0,0,0,0,0,1,0.0,0.0,0.0,0.0,0.0,0.0,-7.711250000000001,0,0,0,0,0,0,0,0,0,1
18.695292472839355,-28.94067023621285,31.55631443892197,39.01272481423028,-41.38979919102178,21.47608042195131,18.40136851473042,4.04163601780286e-18,-0.5105812395760088,0.858426374040406,0.0491015085803634,0.0,0.0,0.0,0.0,0.0,0.0,-7.64475,-1.9560773252893535,6.572163963787411,39.44212637196036,-18.424687525430414,-11.17587092303291,29.073515419252573,0.0,-0.5120287631818617,0.8570414086629087,-0.05750277829418581
18.736125230789185,-28.44018715324071,30.92001511097287,39.02162610574558,-40.93692828530192,20.806078965503374,18.678146387961164,-1.0108975980127404e-17,-0.5113355041640743,0.8580114738560021,0.04850064858043833,0.0,0.0,0.0,0.0,0.0,0.0,-7.61475,-1.377561119972578,5.986375849876356,39.52595920223203,-17.992496206482684,-11.883247995170137,29.317499725388785,-8.103124541741739e-18,-0.5131727945588396,0.8563232452077969,-0.05800157447396033
18.79996657371521,0,0,0,0,0,0,0,0,0,1,0.0,0.0,0.0,0.0,0.0,0.0,-7.58225,0,0,0,0,0,0,0,0,0,1
18.919883728027344,-28.365199,30.824677400000002,39.022959799999995,-40.49387090643032,20.24929720625522,18.880863510069645,-4.045920161384109e-18,-0.5121541239223427,0.8575174035976817,0.0486009863729998,0.0,0.0,0.0,0.0,0.0,0.0,-7.52325,-0.9414891438262464,5.544822479221245,39.589150427692154,-17.69835076673337,-12.444753916249127,29.521924677065243,6.0829656146369345e-18,-0.514400299990092,0.8555317845966542,-0.058802184610500616
18.977458953857422,-28.2737936982359,30.724804076494685,39.02302914635984,-40.18798048374953,19.806913347759348,19.033597170585182,4.0477033510717565e-18,-0.5128237515458004,0.857139629818714,0.0482022286282371,0.0,0.0,0.0,0.0,0.0,0.0,-7.49375,-0.5514367983957355,5.149867202849669,39.64567294472975,-17.42821830483615,-12.94370137985453,29.679340945573614,1.0143997703719005e-17,-0.5151560719203075,0.8550492254847517,-0.059203408361049474
19.07046127319336,0,0,0,0,0,0,0,0,0,1,0.0,0.0,0.0,0.0,0.0,0.0,-7.45575,0,0,0,0,0,0,0,0,0,1
19.121182441711426,-27.802582175266284,30.209938308703308,39.02338663988817,-39.774989788786,19.238932044197185,19.27718683513885,1.4177220102720627e-17,-0.5139610622438565,0.856519419452857,0.047101067899859406,0.0,0.0,0.0,0.0,0.0,0.0,-7.42275,-0.12175340599999984,4.7147827200000005,39.7079384,-17.049651981632593,-13.624460960427562,29.771286214044267,4.061495644187301e-18,-0.5164923906205747,0.8542288988833437,-0.05940200959221566
19.16732668876648,0,0,0,0,0,0,0,0,0,1,0.0,0.0,0.0,0.0,0.0,0.0,-7.39875,0,0,0,0,0,0,0,0,0,1
19.235790252685547,-27.37820439946898,29.746245086618064,39.023708602109004,-39.39158345688983,18.737914585545298,19.5271490138538,-4.052987002361358e-18,-0.5148702742855319,0.8560222250730732,0.046201199530813065,0.0,0.0,0.0,0.0,0.0,0.0,-7.36475,0.1671290366243312,4.424108757520994,39.760280492212566,-16.779215154404,-14.179909700975678,29.974610140580324,-1.0163217960079007e-17,-0.5177037083068249,0.8534321918465092,-0.06030227462894834
19.303358554840088,0,0,0,0,0,0,0,0,0,1,0.0,0.0,0.0,0.0,0.0,0.0,-7.33025,0,0,0,0,0,0,0,0,0,1
19.41569232940674,-26.915170832440666,29.240314901594584,39.02405989127649,-39.000635765267276,18.166179324489605,19.77062117587758,0.0,-0.5155470556014978,0.8556148196004719,0.046200800216855784,0.0,0.0,0.0,0.0,0.0,0.0,-7.27525,0.6083117872666808,3.9801899885518264,39.84021760437118,-16.515438591173478,-14.776425686539866,30.18624804752683,0.0,-0.518537723026143,0.8529116483082763,-0.060500826266444735
19.490604162216187,-26.46705636422157,28.750685958982906,39.024399861787664,-38.59403514195702,17.638660079490847,19.92028539765309,-2.0288748701834115e-18,-0.5164558166202039,0.8550174786382893,0.04710096285831978,0.0,0.0,0.0,0.0,0.0,0.0,-7.23725,1.118951073786912,3.466383945298068,39.932739421826035,-16.15301186593956,-15.41894107816622,30.38200514282464,2.6452803457928287e-17,-0.5192479874854331,0.8525147523046186,-0.060001038285369054
19.5684711933136,0,0,0,0,0,0,0,0,0,1,0.0,0.0,0.0,0.0,0.0,0.0,-7.20725,0,0,0,0,0,0,0,0,0,1
19.61798906326294,-26.030551847660394,28.27374254374693,39.024731024189585,-38.214564413641796,17.10964385654539,20.10096135679666,1.0151252144852832e-17,-0.517422654867911,0.8544381772924408,0.047002100108549535,0.0,0.0,0.0,0.0,0.0,0.0,-7.17425,1.5673994344266253,3.0151545082641498,40.013992976842886,-15.843393622732407,-15.990583852241208,30.560781769711895,1.222026577881356e-17,-0.5204913533004156,0.8517278629001608,-0.06040197595299953
19.66141390800476,0,0,0,0,0,0,0,0,0,1,0.0,0.0,0.0,0.0,0.0,0.0,-7.15175,0,0,0,0,0,0,0,0,0,1
19.813039779663086,-25.754574,27.972197400000006,39.024940400000006,-37.94912875939352,16.74425212429857,20.276838573796027,2.031449826853764e-18,-0.518308883294979,0.8539337044141937,0.046401831461317,0.0,0.0,0.0,0.0,0.0,0.0,-7.08625,1.9022449666701526,2.6782324136175424,40.074663038915325,-15.63557663165821,-16.44225207515212,30.685312547567676,0.0,-0.521564331662767,0.8510497793169657,-0.06070355065163313
19.85834240913391,-25.737142186840767,27.955011400861878,39.024642889574054,-37.58628212260916,16.255628498189537,20.583578317198175,8.129745847386877e-18,-0.5190622102429,0.853519167039838,0.04560102403868379,0.0,0.0,0.0,0.0,0.0,0.0,-7.05325,2.335845540996562,2.241942842234587,40.153226350131604,-15.360839598947678,-17.02161990752863,30.84609960446201,-8.161218896887219e-18,-0.5228920302314738,0.850227642656883,-0.060801976797857545
19.937581539154053,0,0,0,0,0,0,0,0,0,1,0.0,0.0,0.0,0.0,0.0,0.0,-7.02325,0,0,0,0,0,0,0,0,0,1
19.984712839126587,-25.26208579940485,27.48665400221041,39.01653505667759,-37.13947144110716,15.752804431295885,20.911493203484554,6.1000548081088915e-18,-0.5198142206689448,0.8531350277398231,0.04420181482370201,0.0,0.0,0.0,0.0,0.0,0.0,-6.9902500000000005,10.612075459561872,-20.06469176526552,41.20380036149321,-15.054340445604055,-17.577006319909948,31.090648581032923,-8.171878522693611e-18,-0.5245625376479801,0.8491185820540113,-0.061901354645086906
20.035159587860107,0,0,0,0,0,0,0,0,0,1,0.0,0.0,0.0,0.0,0.0,0.0,-6.96475,0,0,0,0,0,0,0,0,0,1
20.194188117980957,-24.401314764921203,26.638021096291062,39.00184419493088,-36.41450461714098,14.758478487617168,21.35583431330423,0.0,-0.5219075565894846,0.8519325519269505,0.04270163160849958,0.0,0.0,0.0,0.0,0.0,0.0,-6.88675,10.524390347261757,-21.190980467285772,41.149288230926416,-14.42050790601894,-18.77926726786388,31.445225688004,8.190075729169505e-18,-0.5275096408043447,0.8472319589419536,-0.0627023652333103
20.237282276153564,0,0,0,0,0,0,0,0,0,1,0.0,0.0,0.0,0.0,0.0,0.0,-6.8637500000000005,0,0,0,0,0,0,0,0,0,1
20.318076372146606,0,0,0,0,0,0,0,0,0,1,0.0,0.0,0.0,0.0,0.0,0.0,-6.83225,0,0,0,0,0,0,0,0,0,1
20.362412214279175,-23.819232282764318,26.064146827143674,38.99190973741782,-35.9056784847061,14.104252862743849,21.695223173920567,4.0763491840948035e-18,-0.5232540904865013,0.8511162305454067,0.042500810478415925,0.0,0.0,0.0,0.0,0.0,0.0,-6.80175,10.474073605384499,-21.837283772513448,41.118007290171946,-14.081969921535602,-19.470078348012343,31.70804137362046,0.0,-0.5291037580109573,0.846229929905733,-0.06280222122202792
20.414891958236694,0,0,0,0,0,0,0,0,0,1,0.0,0.0,0.0,0.0,0.0,0.0,-6.77525,0,0,0,0,0,0,0,0,0,1
20.561124563217163,-23.49433231771482,25.743828426050584,38.98636463857407,-35.60263695954404,13.759654669521083,21.811489760931096,4.080660901865215e-18,-0.5246569080385263,0.8502169220598008,0.04320085983648951,0.0,0.0,0.0,0.0,0.0,0.0,-6.71175,10.43980535392685,-22.277449080423857,41.09670338408397,-13.834759385987041,-19.94130651880537,31.875764246732174,-4.1028975854755285e-18,-0.5301312643301975,0.8456089579802423,-0.06250066210237125
20.606241703033447,-23.050249978254925,25.306008296067485,38.97878544272314,-35.203183266513804,13.273528384509959,21.979471849695898,4.085298001582433e-18,-0.5261761534138475,0.8492518662309896,0.04370266904650758,0.0,0.0,0.0,0.0,0.0,0.0,-6.679250000000001,10.4396812,-22.2790438,41.0966262,-13.549848569968475,-20.525188310275723,31.974292823830552,-4.1071604219204366e-18,-0.5316103009941189,0.8447312974279592,-0.06180228978459556
20.688587427139282,0,0,0,0,0,0,0,0,0,1,0.0,0.0,0.0,0.0,0.0,0.0,-6.6472500000000005,0,0,0,0,0,0,0,0,0,1
20.738420248031616,-22.800468600000002,25.059749200000002,38.9745224,-34.77011954272035,12.775613453408582,22.176287836141228,2.0448807259266067e-18,-0.5276858008590348,0.8483250167027439,0.04350128283221661,0.0,0.0,0.0,0.0,0.0,0.0,-6.61325,10.4396812,-22.2790438,41.0966262,-13.24885839254992,-21.151897711513527,32.12674032134258,4.112159464669932e-18,-0.5332156028394084,0.8437043800858763,-0.06200032187427325
20.798940896987915,0,0,0,0,0,0,0,0,0,1,0.0,0.0,0.0,0.0,0.0,0.0,-6.58225,0,0,0,0,0,0,0,0,0,1
20.910221576690674,-22.65060990889818,24.930251858773868,38.96902843517292,-34.22605194332911,12.237818624942719,22.397347035832325,2.0475337442205186e-18,-0.5294896412286707,0.8472258300373965,0.04300131101464595,0.0,0.0,0.0,0.0,0.0,0.0,-6.52775,10.4396812,-22.2790438,41.0966262,-12.858512913428257,-21.85156581002564,32.31514137986861,0.0,-0.5353041852053525,0.8423288372785158,-0.0627021466192128
20.98228096961975,-22.279849915336015,24.609867148041964,38.955436014546926,-33.884101367254004,11.875808891727587,22.57905767553015,1.0247303518832854e-17,-0.5308023723826365,0.8464292449172951,0.042501468465247,0.0,0.0,0.0,0.0,0.0,0.0,-6.491750000000001,10.440226343840601,-22.4713801820867,41.09170441385654,-12.603278697312703,-22.315348393998306,32.44187420800523,4.123738411751158e-18,-0.5368290919436044,0.8413353626085858,-0.06300264809739795
21.03602933883667,0,0,0,0,0,0,0,0,0,1,0.0,0.0,0.0,0.0,0.0,0.0,-6.46375,0,0,0,0,0,0,0,0,0,1
21.10047483444214,-21.75965222285279,24.160348887917984,38.93636506307514,-33.38539312699879,11.391304240996746,22.79847812699657,-4.104186415374704e-18,-0.5325537448697466,0.845343412998179,0.042202167311632725,0.0,0.0,0.0,0.0,0.0,0.0,-6.43275,10.442028354508153,-23.107161395163516,41.0754351093659,-12.25026889676002,-22.95428072795505,32.5876464733315,-4.129580910930303e-18,-0.5386665297083081,0.8401450478353807,-0.06320338890988698
21.18757939338684,0,0,0,0,0,0,0,0,0,1,0.0,0.0,0.0,0.0,0.0,0.0,-6.3972500000000005,0,0,0,0,0,0,0,0,0,1
21.314234495162964,-21.25517588242295,23.72441591454931,38.91787047160343,-32.92910528424591,10.88948053725423,23.018647096013694,-6.163703721587152e-18,-0.5341902544830759,0.8443252081867342,0.04190125100441094,0.0,0.0,0.0,0.0,0.0,0.0,-6.33625,10.443720337943438,-23.704123056024443,41.06015917665505,-11.949188655226521,-23.553813694666353,32.70601416311399,-1.6542323200433996e-17,-0.5405980283704044,0.8389261677253632,-0.06290196203352645
21.442062377929688,-20.752869998988942,23.290358497467295,38.89945545118834,-32.47351406355014,10.393171155756733,23.193328627557577,1.0282369783393017e-17,-0.5353538874383446,0.8435426426593542,0.04280216372948472,0.0,0.0,0.0,0.0,0.0,0.0,-6.2722500000000005,10.445332965541475,-24.273086574933384,41.04559970156708,-11.62116081964848,-24.125890755370065,32.849281660134935,0.0,-0.5423259897203654,0.8379068556705092,-0.06160050400919367
21.486583948135376,-20.119068192328903,22.742671551696304,38.876219662809795,-31.817081344712904,9.862186568844635,23.393706905077238,6.1805766251074185e-18,-0.5375740499085417,0.8420202100220661,0.044901077707827516,0.0,0.0,0.0,0.0,0.0,0.0,-6.23925,10.44729078888833,-24.963841255173424,41.02792365516933,-11.222579531463992,-24.821479181417054,33.06443206859059,0.0,-0.5447062555243205,0.8365275688227346,-0.059301954370816694
21.56597399711609,0,0,0,0,0,0,0,0,0,1,0.0,0.0,0.0,0.0,0.0,0.0,-6.2082500000000005,0,0,0,0,0,0,0,0,0,1
21.6073899269104,-19.8529524,22.512712999999998,38.866463599999996,-31.284582945464592,9.42024614107656,23.573801638765104,1.032025138618847e-17,-0.5399725740854511,0.8404463278377003,0.04560251374274052,0.0,0.0,0.0,0.0,0.0,0.0,-6.17875,10.449003789865285,-25.56821827620956,41.012457967319264,-10.915715776219372,-25.42878344992028,33.19715795594841,-4.1553854802569736e-18,-0.5472091558654394,0.8349278228067204,-0.05880195949339462
21.746609449386597,-19.467431471570226,22.19376353493956,38.85220740831211,-30.87789660348065,9.080526924832185,23.664889911105973,4.133121709221638e-18,-0.5413952078174682,0.8394253051422943,0.04750143196838098,0.0,0.0,0.0,0.0,0.0,0.0,-6.10975,10.450366744227708,-26.049092664754006,41.00015264641946,-10.652547943651683,-25.91229688159904,33.31698054683952,1.2481046073326372e-17,-0.5489261740989517,0.8339317709999347,-0.056902167849737714
21.81302046775818,0,0,0,0,0,0,0,0,0,1,0.0,0.0,0.0,0.0,0.0,0.0,-6.0847500000000005,0,0,0,0,0,0,0,0,0,1
21.855203866958618,-18.93690080645855,21.754844505239333,38.832588896578024,-30.303796493167965,8.691962221202488,23.696929487135577,2.0700337823519047e-18,-0.5432647717886163,0.8380169883053169,0.05090103186723226,0.0,0.0,0.0,0.0,0.0,0.0,-6.05475,10.452030410649368,-26.636063582720702,40.98513237152751,-10.28506632702971,-26.49935046936406,33.34570939187557,-4.166900705458721e-18,-0.5512827970778098,0.8326205007497709,-0.05320130992059551
21.95899510383606,-17.746142785044924,20.769705681536063,38.788555814700196,-29.10971665561715,7.681654457272856,24.30582320832019,-2.0774799173202278e-18,-0.5482527403391216,0.8350133551300234,0.04660074532821449,0.0,0.0,0.0,0.0,0.0,0.0,-6.00325,10.453334799999999,-27.0962752,40.9733558,-9.982532604812349,-27.105328659744593,33.39732120936388,8.354854438362133e-18,-0.5542925788045908,0.8305224172484221,-0.05470147648824648
22.062718152999878,0,0,0,0,0,0,0,0,0,1,0.0,0.0,0.0,0.0,0.0,0.0,-5.96025,0,0,0,0,0,0,0,0,0,1
22.16574454307556,-17.936893297428693,20.92751753920254,38.79560958446617,-29.39040429394484,7.7325699397046606,24.272325994424904,-8.313961315827681e-18,-0.5489294916987069,0.8346074320429335,0.045900408735646596,0.0,0.0,0.0,0.0,0.0,0.0,-5.89975,10.466835513961877,-27.361091343550175,40.96915450348147,-9.518718020833887,-28.262645759394168,33.57308571814647,-1.2590151960275448e-17,-0.5599212990711815,0.8267049427760149,-0.05520033003657435
22.225935697555542,-17.466390482071585,20.538260795401886,38.77821084465523,-28.916103460988097,7.339948588863621,24.432909912425032,-1.2508124551259246e-17,-0.5526076804059485,0.8321264161710787,0.04680148573104973,0.0,0.0,0.0,0.0,0.0,0.0,-5.86975,10.497144546966997,-27.955602215924344,40.9597226145307,-9.265267132837607,-28.846698450688486,33.621511962743426,2.1029225513019466e-18,-0.5628474914434951,0.8249107771005724,-0.05220068197920946
22.287432193756104,0,0,0,0,0,0,0,0,0,1,0.0,0.0,0.0,0.0,0.0,0.0,-5.83875,0,0,0,0,0,0,0,0,0,1
22.35997724533081,-16.978566120433452,20.13467357687745,38.76017157078789,-28.384091728021644,6.980468366099188,24.623008532691756,0.0,-0.5561172636071535,0.8297280245758312,0.047801614529016184,0.0,0.0,0.0,0.0,0.0,0.0,-5.8027500000000005,10.531489369502832,-28.62927499208538,40.949034825443626,-8.940718643582898,-29.511224887804453,33.966871040366186,2.1077260596280784e-18,-0.565638757166753,0.823030805190552,-0.05170193514988038
22.43983292579651,-16.564334876916668,19.791214113642077,38.74780555588542,-27.86512815798602,6.540071159768161,24.739743761443293,-2.0965361615141725e-18,-0.5594012018428149,0.8274235893570014,0.04940140840492612,0.0,0.0,0.0,0.0,0.0,0.0,-5.76375,10.560818921948709,-29.204573379466993,40.93990774172576,-8.807294126419265,-30.0811394664809,33.952897092044,2.1126218057872575e-18,-0.5686085187850548,0.8211235305934805,-0.04940141567570081
22.56453776359558,0,0,0,0,0,0,0,0,0,1,0.0,0.0,0.0,0.0,0.0,0.0,-5.70925,0,0,0,0,0,0,0,0,0,1
22.623716831207275,-15.992701910448824,19.315799534605063,38.736375035384306,-27.24906014346635,6.113255133631611,24.9291857877173,6.31472931345375e-18,-0.5640422841445464,0.8241319888158555,0.05160200294005357,0.0,0.0,0.0,0.0,0.0,0.0,-5.67125,10.602286995900384,-30.017968541777933,40.927003263102236,-8.422547687337612,-30.87930698837601,34.083276479240695,-6.361162537101565e-18,-0.5731777727705533,0.8181162480249525,-0.046400921535702
22.670372486114502,0,0,0,0,0,0,0,0,0,1,0.0,0.0,0.0,0.0,0.0,0.0,-5.64675,0,0,0,0,0,0,0,0,0,1
22.733992099761963,-15.414864550316832,18.835224897672425,38.724820450224335,-26.650038304748648,5.653251735928052,25.12146087929301,-8.449452178791534e-18,-0.5681108104409847,0.8212241169106953,0.053301565308499825,0.0,0.0,0.0,0.0,0.0,0.0,-5.61575,10.636682633064401,-30.692638045512734,40.91629966097586,-8.286062144159416,-31.550373146680847,34.17350899932819,-1.487902093412334e-17,-0.5761974366004055,0.8161198499283587,-0.04410107264041248
22.831990718841553,-14.348017112162115,17.947951322740188,38.703487493189435,-25.496054570412184,4.868351026876766,25.199898228927538,0.0,-0.5748704296167005,0.8161144928960422,0.059001047764816184,0.0,0.0,0.0,0.0,0.0,0.0,-5.56675,0,0,0,0,0,0,0,0,0,1
22.916560888290405,0,0,0,0,0,0,0,0,0,1,0.0,0.0,0.0,0.0,0.0,0.0,-5.52475,0,0,0,0,0,0,0,0,0,1
22.987257480621338,-13.751714552999974,17.452019585467454,38.691563673138454,-24.850222064595272,4.428924024882974,25.31480812558121,1.2817822097986833e-17,-0.5802069131064671,0.8120210107687154,0.06310163273338172,0.0,0.0,0.0,0.0,0.0,0.0,-5.48975,10.702378175648803,-31.981254357565614,40.89585581962626,-7.775826977086837,-32.81841260243235,34.28457660459571,-4.2746714365960205e-18,-0.5830505693647514,0.8116289177809609,-0.0362012898270956
23.03727626800537,0,0,0,0,0,0,0,0,0,1,0.0,0.0,0.0,0.0,0.0,0.0,-5.46325,0,0,0,0,0,0,0,0,0,1
23.103256464004517,-13.295614530288312,17.06698740893097,38.68807051366546,-24.373076098082038,4.0585379964060735,25.082330349117996,-1.714949383028824e-17,-0.5835275910184551,0.8092243389308948,0.06820205130386432,0.0,0.0,0.0,0.0,0.0,0.0,-5.43125,10.71739959742299,-32.23563599898242,40.89107131461461,-7.505906643685478,-33.31399415168248,34.374253478199364,2.1418676360073348e-18,-0.5856618957460692,0.8099116148981611,-0.03230046321917595
23.16599464416504,0,0,0,0,0,0,0,0,0,1,0.0,0.0,0.0,0.0,0.0,0.0,-5.39925,0,0,0,0,0,0,0,0,0,1
23.31296944618225,-12.664983849868461,16.522046616871176,38.69564434642004,-23.705562436625485,3.5538684043232394,24.916396282103932,-4.299617161542354e-18,-0.5861072055773383,0.8069199702210369,0.0732018116497458,0.0,0.0,0.0,0.0,0.0,0.0,-5.33675,10.761044104196223,-32.88774439352986,40.87693238802815,-7.180178630054002,-33.94647412840985,34.32556733874824,-2.1444988586810868e-18,-0.5872967024913944,0.808917882588056,-0.027100599107598374
23.358632802963257,-12.641851636185729,16.502057600735817,38.695922162776135,-23.6996568585335,3.5155547536495817,25.032573682313483,1.720490635282387e-17,-0.5865972595282802,0.8066180380886914,0.07260162356216092,0.0,0.0,0.0,0.0,0.0,0.0,-5.3027500000000005,10.798906639642587,-33.453462258820664,40.8646665692887,-6.8467014736416445,-34.492414227668434,34.3136344358056,4.2985891135107375e-18,-0.58987172473707,0.8071129527241677,-0.02490039960702736
23.459094285964966,-12.07825674914219,16.01504380061134,38.70269090008679,-23.211301948337137,2.940608586368981,24.977379602771663,1.2927886564211529e-17,-0.5883421313724279,0.8051076874911957,0.07520071804662515,0.0,0.0,0.0,0.0,0.0,0.0,-5.25325,10.844472947508747,-34.13428498004981,40.84990506252949,-6.659861916509016,-35.165892180667726,34.39620820109681,6.453350351368736e-18,-0.5908634264078496,0.8064292413361119,-0.023500852147071722
23.55238366127014,0,0,0,0,0,0,0,0,0,1,0.0,0.0,0.0,0.0,0.0,0.0,-5.20625,0,0,0,0,0,0,0,0,0,1
23.608689546585083,-10.914506779060948,15.009423791712596,38.71666746024349,-21.92735842465953,2.0781195157322117,25.28184902822929,8.694055384271375e-18,-0.5974157547986463,0.7981193582525995,0.07810189434848769,0.0,0.0,0.0,0.0,0.0,0.0,-5.17825,10.895325705488911,-34.89409446849365,40.83343097529702,-6.374462261487878,-35.91254597425567,34.49698096246888,-1.0828348873043158e-18,-0.5982609498335411,0.801010152293554,-0.021600273769713813
23.734352111816406,-10.925948000076996,15.019310383399612,38.71653005193594,-22.04853173812404,1.9618897779626394,25.34436043648455,4.3443826484921006e-18,-0.5968314299698934,0.7986052870268762,0.07760051374065312,0.0,0.0,0.0,0.0,0.0,0.0,-5.1152500000000005,10.940137174261565,-35.56363886523706,40.81891400365383,-6.13578538217169,-36.57228793191293,34.628791040180914,0.0,-0.5981676561684556,0.8011112802813126,-0.020400287252201697
23.792372226715088,0,0,0,0,0,0,0,0,0,1,0.0,0.0,0.0,0.0,0.0,0.0,-5.08575,0,0,0,0,0,0,0,0,0,1
23.848409175872803,-10.419507740870054,14.58168505917742,38.72261236594716,-21.728949667384057,1.3087871620351592,25.405387259523707,0.0,-0.5973330762190409,0.7981222715667917,0.07870219618131373,0.0,0.0,0.0,0.0,0.0,0.0,-5.05875,10.984831738413643,-36.23143654767262,40.80443490403556,-5.9692933916551,-37.2367379667246,34.83588176506399,0.0,-0.5985535812379351,0.8008255079192851,-0.020300646616835023
23.919670820236206,0,0,0,0,0,0,0,0,0,1,0.0,0.0,0.0,0.0,0.0,0.0,-5.02275,0,0,0,0,0,0,0,0,0,1
23.9822678565979,-9.951841686811422,14.170983648961903,38.73404346310453,-21.482735773782764,0.7389509962019645,25.506211178839493,0.0,-0.5981855937429582,0.7974142028188951,0.0794014142260099,0.0,0.0,0.0,0.0,0.0,0.0,-4.99125,11.027186835316543,-36.86427940200387,40.79071369030335,-5.7275294227412985,-37.855017502667266,34.76602048272859,-1.0840546677460705e-18,-0.5995538454603738,0.8001088540966226,-0.019000210258512475
24.10901165008545,-9.59275688751616,13.843649918718508,38.75341085139298,-21.2614137810412,0.26314653814830535,25.57045052212041,-8.708376741089108e-18,-0.5989413630431865,0.7968068114424987,0.07980068217006954,0.0,0.0,0.0,0.0,0.0,0.0,-4.92825,11.077578305319287,-37.72276031320575,40.76113334002561,-5.581903665388609,-38.37026063087936,34.971733043418624,-1.084739241149822e-18,-0.6002239368593808,0.7996039094787439,-0.01910009338549776
24.16808009147644,0,0,0,0,0,0,0,0,0,1,0.0,0.0,0.0,0.0,0.0,0.0,-4.89825,0,0,0,0,0,0,0,0,0,1
24.234342575073242,-8.50674585833265,12.853666377321645,38.811985308816475,-20.309684334381586,-0.8595997136831954,25.874838291847226,1.3119953735341082e-17,-0.6033363425131298,0.7933214602597267,0.08140220202337294,0.0,0.0,0.0,0.0,0.0,0.0,-4.86575,11.119727023079168,-38.509201455177326,40.72780434143069,-5.219110165532953,-39.14500567574157,35.06791512035589,-1.0883932913200326e-18,-0.6038233192275912,0.7969194085498671,-0.01780043352012502
24.316648483276367,0,0,0,0,0,0,0,0,0,1,0.0,0.0,0.0,0.0,0.0,0.0,-4.8332500000000005,0,0,0,0,0,0,0,0,0,1
24.370334148406982,-8.574859088761047,12.915756885855599,38.808311593349046,-20.444576950729896,-0.8680155048408267,25.917653668920167,0.0,-0.6035747348567224,0.7932117351256468,0.08070119392919782,0.0,0.0,0.0,0.0,0.0,0.0,-4.79775,11.15212305631835,-39.113669983048496,40.70218725498786,-5.089257231528222,-39.754234268242854,35.27786448951254,-2.178165838617992e-18,-0.6044945990281296,0.7964147840448451,-0.017600326719223097
24.483824491500854,-8.204831607687602,12.578448049864624,38.828269179739266,-20.234729748574978,-1.3814127218981156,25.931344880173384,-2.1878082519284682e-17,-0.6038301045639125,0.7929047138604199,0.08180048630821334,0.0,0.0,0.0,0.0,0.0,0.0,-4.74225,11.180966736525257,-39.651856148753694,40.67937918327937,-4.952866097906252,-40.29185326684631,35.377680675624504,-3.2667991059106847e-18,-0.6043559329953652,0.7965244049617884,-0.017400533140408188
24.540950536727905,0,0,0,0,0,0,0,0,0,1,0.0,0.0,0.0,0.0,0.0,0.0,-4.71125,0,0,0,0,0,0,0,0,0,1
24.598599195480347,-7.779944358563535,12.191130267375383,38.851185650580554,-20.044651209918555,-2.021377588358888,26.037717427562683,0.0,-0.6042999242323565,0.7925155687667498,0.08210161286529988,0.0,0.0,0.0,0.0,0.0,0.0,-4.68325,11.216835130037165,-40.32111447625239,40.65101633618707,-4.663835204635632,-40.95400701919802,35.50183199854021,-1.0894902471061063e-18,-0.6049094353948696,0.7961170283922058,-0.01680035934805811
24.688490629196167,0,0,0,0,0,0,0,0,0,1,0.0,0.0,0.0,0.0,0.0,0.0,-4.63825,0,0,0,0,0,0,0,0,0,1
24.736274480819702,-7.389517746035853,11.835226036074594,38.87224347262652,-19.8385877194184,-2.57072290488577,26.207592561390044,-1.752429258059806e-17,-0.6051110060101649,0.7919171483805963,0.08190177352237764,0.0,0.0,0.0,0.0,0.0,0.0,-4.61425,11.246755796137482,-40.87939582067044,40.6273566404379,-4.447597930827413,-41.50786629481871,35.60944865257167,-3.2721812027674322e-18,-0.6060929228805927,0.795214278403809,-0.016900303451992414
24.868506908416748,-6.476385714643033,10.993099153450544,38.93012600634337,-19.400419722205783,-3.713389192445561,26.471263874757767,8.78202512415393e-18,-0.6074631621396805,0.7901245789906265,0.0818025446923595,0.0,0.0,0.0,0.0,0.0,0.0,-4.54875,11.283942666448983,-41.573255238191386,40.597951210943656,-4.257699520400905,-42.20218403033247,35.78398081542002,0.0,-0.6077736108670989,0.7939261984809112,-0.017100564295280993
24.956093549728394,-6.360151508327915,10.881111629377216,38.94174250718294,-19.24884118651525,-3.780491767826888,26.561934663301344,-1.3174852135764941e-17,-0.6076047958867297,0.790015762499981,0.08180163211708663,0.0,0.0,0.0,0.0,0.0,0.0,-4.50525,11.330012521882814,-42.918445798273616,40.519568410347645,-4.0929952034449,-42.826280578237906,35.88826881505835,0.0,-0.6085619508051772,0.7933242302978541,-0.017000519242485215
25.037149667739868,0,0,0,0,0,0,0,0,0,1,0.0,0.0,0.0,0.0,0.0,0.0,-4.46375,0,0,0,0,0,0,0,0,0,1
25.101341485977173,-5.961724907686692,10.497241769158961,38.981561447644445,-19.042110901503293,-4.357944420304449,26.653646295090795,-4.394988916680662e-18,-0.6083651329404283,0.7894097158665717,0.08200100924887115,0.0,0.0,0.0,0.0,0.0,0.0,-4.43225,11.340637881559381,-43.58180339410865,40.470983019027365,-3.874695718289985,-43.499587631413235,36.02094491285101,0.0,-0.60883371747968,0.7931199469580069,-0.01680042253044322
25.192509174346924,0,0,0,0,0,0,0,0,0,1,0.0,0.0,0.0,0.0,0.0,0.0,-4.39525,0,0,0,0,0,0,0,0,0,1
25.31546449661255,-5.450051938100165,10.004263059914825,39.03269828308399,-18.761011451964094,-5.080679122063998,26.796955926104573,-4.399431886936026e-18,-0.6093846986408444,0.7886124938667712,0.0821013007183134,0.0,0.0,0.0,0.0,0.0,0.0,-4.33475,11.351157057522927,-44.23853177693527,40.422883162070725,-3.6433458974837265,-44.17228949813587,36.2392324730114,-2.1908457491757316e-18,-0.610536827861699,0.7918053914245066,-0.017000115754251848
25.35316801071167,-4.588998584445266,9.174668775858464,39.118752357205004,-18.045825573101183,-6.060106758541764,26.898102668902567,8.847070128478558e-18,-0.6148114704363445,0.7843154629882556,0.08280163245623814,0.0,0.0,0.0,0.0,0.0,0.0,-4.30625,11.362763157589008,-44.96311850822827,40.36981324909108,-3.543466829072429,-44.88645560412916,36.06319002147298,2.1996844066931926e-18,-0.6146703804060407,0.7886238001680588,-0.015900479866436893
25.44278359413147,0,0,0,0,0,0,0,0,0,1,0.0,0.0,0.0,0.0,0.0,0.0,-4.27025,0,0,0,0,0,0,0,0,0,1
25.540558576583862,-4.083731274489813,8.687861691860306,39.16924900803073,-17.627718158938308,-6.6077520279450965,27.23421403306949,0.0,-0.616274640016937,0.7831238133701133,0.08320253003753472,0.0,0.0,0.0,0.0,0.0,0.0,-4.21225,11.372302943158145,-45.55870203787393,40.326191740822495,-3.208836793345341,-45.50236063775151,36.368122356176784,3.3037166183866368e-18,-0.6159716090196009,0.7876236113846634,-0.015100452681447964
25.605213165283203,-4.07587258028094,8.680290119473817,39.170034409598564,-17.691877194450257,-6.685326315393084,27.28075270611805,-1.3287628700079573e-17,-0.6160777992472035,0.7833106335819355,0.08290112539760304,0.0,0.0,0.0,0.0,0.0,0.0,-4.18025,11.382692139532352,-46.20731559442492,40.27868622696613,-3.0791037510008152,-46.161358678484966,36.48850059355172,-3.301637313640027e-18,-0.6153417022940728,0.7881196408870343,-0.01490037133513109
25.7254638671875,-3.719232830112126,8.336680403593288,39.20567715271693,-17.546583457253575,-7.246972977482109,27.32915474012171,0.0,-0.6158707844482156,0.7834096975692767,0.08350103363165004,0.0,0.0,0.0,0.0,0.0,0.0,-4.11975,11.390165568131012,-46.67389327073502,40.24451331762257,-2.9173405683990836,-46.63453419852982,36.578153256562075,1.10111723102472e-18,-0.6158771076810577,0.7877106211308862,-0.014400194165652861
25.787477493286133,0,0,0,0,0,0,0,0,0,1,0.0,0.0,0.0,0.0,0.0,0.0,-4.08875,0,0,0,0,0,0,0,0,0,1
25.849725484848022,-2.7837150656900436,7.4102050532076404,39.32219331981803,-17.15074362070777,-8.460093680640966,27.57174283416319,-4.4326143835629576e-18,-0.6166659522976988,0.7827089504602599,0.08420096285774101,0.0,0.0,0.0,0.0,0.0,0.0,-4.05775,11.360123395614837,-48.1182062421093,40.10770331427461,-2.73386263865018,-47.27038028259528,36.94014166338428,1.1018138844316333e-18,-0.6164919095151852,0.7872125685145354,-0.015300244281341965
25.9453125,-2.292656373902386,6.912973787707633,39.39335267470511,-16.88681241135143,-9.185473405085759,27.616066327844436,0.0,-0.6175816116147369,0.7819109546623595,0.08490118947542437,0.0,0.0,0.0,0.0,0.0,0.0,-4.01125,11.32823886933468,-48.985289761051774,40.017490121977566,-2.5108039365561297,-48.1529714434223,36.90887413629764,0.0,-0.6169017574151996,0.7869138483343799,-0.014100248140189042
25.99485445022583,0,0,0,0,0,0,0,0,0,1,0.0,0.0,0.0,0.0,0.0,0.0,-3.98475,0,0,0,0,0,0,0,0,0,1
26.122355461120605,-1.964898359124656,6.581095877406492,39.44084811523127,-16.490756691412145,-9.415625443526956,27.90306790607133,-1.3473408045386153e-17,-0.6296858824665609,0.7725098817462954,0.08200104893617635,0.0,0.0,0.0,0.0,0.0,0.0,-3.9217500000000003,11.304847748691817,-49.62139942192024,39.95130793548194,-2.7675230430778583,-48.77198302567304,36.76082022251579,1.1152714691658991e-18,-0.6284151644903414,0.7777135540256359,-0.01600027885355558
26.16652774810791,0,0,0,0,0,0,0,0,0,1,0.0,0.0,0.0,0.0,0.0,0.0,-3.89925,0,0,0,0,0,0,0,0,0,1
26.231415510177612,-1.5555950602263968,6.16664766441668,39.50016028949851,-16.26274026168585,-9.988393237086711,28.107140350158147,-4.4794966295060654e-18,-0.627043850849647,0.7745171475519507,0.08330184427511614,0.0,0.0,0.0,0.0,0.0,0.0,-3.8672500000000003,11.291354839382064,-49.9883322463967,39.9131314729712,-2.224396775984559,-49.20257622753977,37.13778620572836,0.0,-0.6249507892312394,0.7805062569174167,-0.01570012585983785
26.292580604553223,0,0,0,0,0,0,0,0,0,1,0.0,0.0,0.0,0.0,0.0,0.0,-3.83575,0,0,0,0,0,0,0,0,0,1
26.355783939361572,-0.9882955553651026,5.592217244108216,39.582367706796695,-15.94318367304993,-10.824712460947758,28.069012375391168,1.34366912286151e-17,-0.6266738998693383,0.774620825824664,0.08510228799080671,0.0,0.0,0.0,0.0,0.0,0.0,-3.80525,11.264245306180614,-50.72556225065207,39.83642851335071,-2.0816410528133247,-49.963873892640194,37.23237303681236,-2.22169279894255e-18,-0.6245936055873234,0.7808115851131517,-0.014700218111121068
26.475019931793213,-0.7208590945304038,5.321419125501281,39.62112194604456,-15.937961680691217,-11.339382572060067,28.213190763242693,-4.480702392337928e-18,-0.6270732310963196,0.7743087239818522,0.0850009576888253,0.0,0.0,0.0,0.0,0.0,0.0,-3.74525,11.243422828364283,-51.2918189727826,39.777513973462604,-1.9192089029791646,-50.54546854574968,37.25611026863733,-1.1112744804876566e-18,-0.6249877357435738,0.7805108037825023,-0.013900192405607668
26.560415744781494,0,0,0,0,0,0,0,0,0,1,0.0,0.0,0.0,0.0,0.0,0.0,-3.70175,0,0,0,0,0,0,0,0,0,1
26.606311798095703,-0.3150495439616715,4.91050857701529,39.679927840957774,-15.700468089714064,-11.911150002468652,28.309517290060256,4.48472758094094e-18,-0.6279167841182368,0.7736137567637253,0.08510151331514092,0.0,0.0,0.0,0.0,0.0,0.0,-3.67925,11.157866795044589,-52.555436721080156,39.63463908998803,-1.758652899578891,-51.15359533700278,37.628405280062864,3.335542833637373e-18,-0.6254692090709157,0.7801084692195861,-0.014800160677412985
26.702296495437622,0.001877116034724402,4.590385496697948,39.730338792789,-15.306579263737177,-12.633806291384943,28.56762478871204,-1.3468116786475883e-17,-0.6289151210803358,0.7728133799903236,0.08500147166042636,0.0,0.0,0.0,0.0,0.0,0.0,-3.63225,11.09796998727582,-53.221250433101716,39.55503375305396,-1.5345997282582289,-51.8572667056757,37.651788635919615,-3.3389637086821533e-18,-0.6264763681582796,0.7793092231578105,-0.014300169243111366
26.791256427764893,0,0,0,0,0,0,0,0,0,1,0.0,0.0,0.0,0.0,0.0,0.0,-3.58625,0,0,0,0,0,0,0,0,0,1
26.919657945632935,0.3335915926359272,4.2566138751019995,39.79044154449925,-15.271862972426021,-13.242616681933953,28.73951047013186,3.5938042586331865e-17,-0.6295510062245543,0.7723174001186434,0.0848019105659212,0.0,0.0,0.0,0.0,0.0,0.0,-3.52325,11.039550838385663,-53.87063846936991,39.477392285936794,-1.2986773369045181,-52.5526701577612,37.7375479741022,-2.2271159030195212e-18,-0.6269857077341736,0.778910281959224,-0.013700180848429028
26.98242473602295,0.7755980841647085,3.8118662567734187,39.87052790879325,-15.008600730302106,-13.859577273314109,28.84974939499851,4.496883649992339e-18,-0.6304978969273946,0.7715225080283151,0.08500247982165493,0.0,0.0,0.0,0.0,0.0,0.0,-3.49175,10.988435135933871,-54.4388412978646,39.40945740146006,-1.231320001952696,-53.16897237862097,37.98277146806535,-1.1145663704341458e-18,-0.6278468167461088,0.7782055523984175,-0.014300102029423504
27.03861904144287,0,0,0,0,0,0,0,0,0,1,0.0,0.0,0.0,0.0,0.0,0.0,-3.46275,0,0,0,0,0,0,0,0,0,1
27.11285090446472,1.163510925658182,3.4215477531320277,39.940813141552425,-14.815163318461657,-14.416259605004178,29.06949185626752,1.3499532793485845e-17,-0.6311321126207744,0.771014894743865,0.08490164016051119,0.0,0.0,0.0,0.0,0.0,0.0,-3.42675,10.953651672944922,-54.825494735207094,39.36322873929732,-0.9624608925094265,-53.60712174950419,38.13878399340879,1.1156988571259994e-18,-0.6288336100996337,0.7774156372470404,-0.01390027959574719
27.174494981765747,0,0,0,0,0,0,0,0,0,1,0.0,0.0,0.0,0.0,0.0,0.0,-3.39525,0,0,0,0,0,0,0,0,0,1
27.32084012031555,1.617753314075369,2.9644883563487667,40.0231165060816,-14.662203984437127,-15.159478215492726,29.225471147066827,1.3506631195232732e-17,-0.631586483159477,0.7706096883384619,0.08520107117367891,0.0,0.0,0.0,0.0,0.0,0.0,-3.33275,10.883417607694073,-55.60621753892577,39.26988475926207,-0.7860029017394083,-54.433343423282274,38.24037298529636,-3.3479755841189168e-18,-0.6290988380523755,0.7772115263648193,-0.013300197247365026
27.45276165008545,2.065492108663038,2.513972885778558,40.10424149609675,-14.363303673189932,-15.769644649995556,29.24145633215892,-4.504537339141126e-18,-0.6320042451576613,0.770211609038439,0.08570129173538589,0.0,0.0,0.0,0.0,0.0,0.0,-3.26675,10.831057217621547,-56.18825633157179,39.20029563341393,-0.6033734859738047,-55.05572584992669,38.33140381249976,0.0,-0.6293381293912496,0.7770160561232311,-0.01340027690096692
27.538814067840576,2.4946429119571447,2.0821606809199706,40.18199856127197,-14.215523467654947,-16.457470918349728,29.450396599733168,-2.2531162088080498e-17,-0.6323975950193125,0.7699218838315115,0.08540242743110932,0.0,0.0,0.0,0.0,0.0,0.0,-3.21375,10.714952373844044,-57.17327656357286,39.093210960030724,-0.4578654475606925,-55.70105022348491,38.45979331226064,0.0,-0.6299511374682796,0.7765174217133394,-0.013500302888770225
27.608271837234497,2.908510014,1.66572696,40.2569864,-13.958227040192696,-17.040701279877005,29.60218887163103,9.027930497525286e-18,-0.6340271510721673,0.7686029379390216,0.085200325673178,0.0,0.0,0.0,0.0,0.0,0.0,-3.17875,10.63958978229827,-57.77244039896277,39.02991579492059,-0.293947816776722,-56.34680888367184,38.552673682155216,-1.1188780699664382e-18,-0.6315591280033136,0.7752066657401022,-0.013700117802682408
27.666484355926514,0,0,0,0,0,0,0,0,0,1,0.0,0.0,0.0,0.0,0.0,0.0,-3.14875,0,0,0,0,0,0,0,0,0,1
27.789822578430176,10.609340104487925,-20.099826572474928,41.20209984439257,-13.534758196589706,-17.669697819475687,29.829427714416482,4.518571791796911e-18,-0.6348812730421024,0.7678193712119622,0.08590216721425833,0.0,0.0,0.0,0.0,0.0,0.0,-3.08775,10.57345696381041,-58.29822371343736,38.97437248650285,-0.07250158693364028,-56.9334674877212,38.730980298922915,-1.119878778433371e-18,-0.6324252705213848,0.7745139515919566,-0.012900232376418649
27.854318380355835,10.557585832998361,-20.76459451005226,41.1699252194098,-13.671813361459215,-18.33124145533629,29.867845153619385,-1.3554084071358798e-17,-0.6348101368456718,0.7679117822394772,0.08560131339979064,0.0,0.0,0.0,0.0,0.0,0.0,-3.05525,10.48549951078257,-58.997521917311865,38.900499210678966,-0.01976578725665945,-57.67401091671056,38.88002514188338,-2.2391937664766415e-18,-0.632180181548273,0.7747089608535236,-0.013200152682672661
27.942556619644165,0,0,0,0,0,0,0,0,0,1,0.0,0.0,0.0,0.0,0.0,0.0,-3.02025,0,0,0,0,0,0,0,0,0,1
27.98896861076355,10.509271693973625,-21.385174988356837,41.139889257937526,-13.416604627447668,-18.978240647242536,29.895423183949873,2.260776073168028e-17,-0.6354251578519816,0.7673132675833467,0.08640149396481317,0.0,0.0,0.0,0.0,0.0,0.0,-2.98825,10.42363840417027,-59.48934335204553,38.84854360675653,0.2148208423527933,-58.23288789978074,39.109863413289276,-3.361378850504425e-18,-0.6329125538261376,0.7741124489953664,-0.013100210672832062
28.041463375091553,0,0,0,0,0,0,0,0,0,1,0.0,0.0,0.0,0.0,0.0,0.0,-2.96175,0,0,0,0,0,0,0,0,0,1
28.186275959014893,10.465193907453955,-21.951340802198185,41.11248695450394,-13.183863735247797,-19.581659361341238,30.192437548204325,-9.049063690167866e-18,-0.6360756376085984,0.7668079418477944,0.0861008917489503,0.0,0.0,0.0,0.0,0.0,0.0,-2.89925,10.354740634230888,-60.03710917644157,38.790678084425274,0.39384667469354895,-58.836865556841744,39.28891854760772,0.0,-0.6336455533082573,0.7735159312630417,-0.0129002656926868
28.23632836341858,10.4396812,-22.2790438,41.0966262,-13.00150668454765,-20.205259294451174,30.373459727743835,1.3585907299992278e-17,-0.6369258553742634,0.7661130483252124,0.0860014647643497,0.0,0.0,0.0,0.0,0.0,0.0,-2.86425,10.268670467744277,-60.72140267016308,38.71838989359896,0.5541330672280367,-59.56712425826491,39.35842035595864,4.48705101815314e-18,-0.6340209971244402,0.7732131722856208,-0.012600214654421652
28.322706699371338,10.4396812,-22.2790438,41.0966262,-12.546702150023947,-20.723230788230175,30.536733629543903,-2.2687716975560808e-17,-0.6386901154739818,0.7646090956817958,0.0863010266248221,0.0,0.0,0.0,0.0,0.0,0.0,-2.82275,10.19881616735756,-61.261652415623146,38.67463302737217,0.806340430315629,-60.06778584313134,39.52909379690192,0.0,-0.6357341234427971,0.7718036231944443,-0.012700059619810107
28.42041015625,0,0,0,0,0,0,0,0,0,1,0.0,0.0,0.0,0.0,0.0,0.0,-2.77225,0,0,0,0,0,0,0,0,0,1
28.49646282196045,10.4396812,-22.2790438,41.0966262,-12.700803490695364,-21.417961795657767,30.577984134048506,1.3612470037220597e-17,-0.6386792091689117,0.7646180911620964,0.08630204193995411,-0.00275,0.0,-0.00275,0.0,0.0,-0.00275,-2.73475,10.105990795777911,-61.962418113188114,38.63339145124759,0.9080369998328024,-60.79971242232517,39.57950501011949,-3.370959596108578e-18,-0.6356157476714537,0.7719123115474439,-0.012000191395996016
28.618419408798218,10.4396812,-22.2790438,41.0966262,-12.22885837081347,-22.03619307757117,30.72884130452246,9.084527955018524e-18,-0.6395452828722348,0.7638144698618057,0.08700164817750344,0.55475,0.55475,-1.11,1.10975,-0.555,-0.555,-2.67375,10.035794819418943,-62.492347931968744,38.602203935879956,1.0682588103563546,-61.37393095034125,39.7822414240061,1.6870203077173969e-18,-0.6364708060688146,0.7712074365856127,-0.012000115714506421
28.68734335899353,0,0,0,0,0,0,0,0,0,1,0.55475,0.55475,-1.11,1.10975,-0.555,-0.555,-2.6477500000000003,0,0,0,0,0,0,0,0,0,1
28.732370138168335,10.441627085214272,-22.965586496064226,41.079057936046375,-12.141241360639924,-22.769011448259,30.895875717475832,0.0,-0.6395816527410613,0.7638180827606016,0.08670205259929845,0.3065000000000002,0.46425000000000016,-1.9002499999999998,1.3355000000000001,-0.87125,-1.029,-2.61675,9.951893957685868,-63.12573991196456,38.56492744867394,1.2742045819169334,-62.05335751221424,39.8747934969043,2.8124451821026456e-18,-0.6367309591544795,0.7710032390213066,-0.01130004747203731
28.786426782608032,0,0,0,0,0,0,0,0,0,1,1.10975,1.10975,-2.2195,2.2195,-1.10975,-1.10975,-2.5892500000000003,0,0,0,0,0,0,0,0,0,1
28.862818002700806,10.443046361282585,-23.466332177902682,41.06624411927633,-12.096687651618083,-23.26811573755085,30.823696250708252,-4.54287737484304e-18,-0.6396139519756511,0.7637113366005144,0.08740129739280475,0.8802500000000002,1.0325000000000002,-2.82375,2.36825,-1.33575,-1.488,-2.55125,9.89725105061506,-63.538255092230735,38.540650038594364,1.4130458381700066,-62.49881373944673,39.974752764518,-5.625539329585125e-19,-0.6368368581795392,0.7709142956541822,-0.0114002114028508
28.978471040725708,10.444685483462038,-24.04464345341236,41.051445440048134,-11.68112259692191,-23.854788415737737,31.181496270250463,-9.121600709068998e-18,-0.6432076509020708,0.7607101127555769,0.08720115923792074,1.408,1.56125,-3.8927500000000004,3.431,-1.86975,-2.023,-2.49325,9.809431833180245,-64.20122787777476,38.50163265703796,1.5497136822986874,-63.19583882581252,40.00907373999897,-1.6916171438781204e-18,-0.6390161857954304,0.7691117412063448,-0.011200170981031158
29.038272857666016,0,0,0,0,0,0,0,0,0,1,3.1815,2.1397500000000003,-3.69525,4.50825,-2.3685,-1.32675,-2.46275,0,0,0,0,0,0,0,0,0,1
29.096718788146973,10.446444382483266,-24.665214115691438,41.03556536549589,-11.394151742277302,-24.47780618764874,31.292836220257527,1.3691325941427736e-17,-0.6437528893244907,0.7602142334780656,0.08750163829167423,6.1845,1.8989999999999996,-2.076,5.07975,-3.18075,1.1047500000000001,-2.43425,9.738363570664456,-64.73774283816869,38.47005759185148,1.697097285666672,-63.77402845463655,40.19393808642252,-5.641669754713363e-19,-0.6395009952746087,0.7687101298899691,-0.01110014627524217
29.160964250564575,0,0,0,0,0,0,0,0,0,1,6.3877500000000005,1.8377500000000002,-1.9869999999999999,5.10625,-3.2685,1.2815,-2.40125,0,0,0,0,0,0,0,0,0,1
29.235405445098877,10.44798953860713,-25.210372505989923,41.02161505104028,-11.287827292563378,-25.026624730566184,31.433524948814664,1.826003450278788e-17,-0.6439954354863276,0.7600088491451452,0.08750101881605286,7.69625,2.39875,-2.324,6.2095,-3.81075,1.48675,-2.36525,9.661796168493112,-65.31577240142555,38.43603930254573,1.8974396717460138,-64.39133084566465,40.20397234628631,5.643171752464578e-19,-0.6397553368875627,0.7685055284819171,-0.010600076254922992
29.353171586990356,10.449906161398069,-25.8865909019051,41.004310980459024,-11.059354024100486,-25.704445742835297,31.503942566811375,-4.5686030992525244e-18,-0.6446186976967462,0.7594108913775534,0.0881012635374802,10.04275,2.2497499999999997,-2.6670000000000003,7.47975,-5.23,2.563,-2.30625,9.592069363923795,-65.8772259234745,38.41816331041097,2.076647805037311,-65.02126743078662,40.32711593599822,2.823388834253274e-18,-0.6403492865188928,0.7680147766627071,-0.010300198176596198
29.43619203567505,0,0,0,0,0,0,0,0,0,1,9.82475,2.4305000000000003,-2.2682499999999997,7.26175,-4.83125,2.563,-2.27375,0,0,0,0,0,0,0,0,0,1
29.48244833946228,10.452120691477898,-26.667916254690663,40.98431727852309,-10.817706182884677,-26.49251571464746,31.774038920662605,4.57222899522633e-18,-0.6453956027701163,0.7588086588786161,0.08760099962805319,10.1295,2.3150000000000004,-2.6885,7.5665000000000004,-5.2515,2.563,-2.24125,9.514125071026722,-66.57789860766503,38.425477538752375,2.3138733763902906,-65.75487596188862,40.53792995685694,-2.8256240339347562e-18,-0.6410740002874739,0.7674072413488952,-0.010500099080223355
29.562634229660034,0,0,0,0,0,0,0,0,0,1,10.59125,2.6099999999999994,-2.8552500000000003,8.02825,-5.4182500000000005,2.563,-2.21025,0,0,0,0,0,0,0,0,0,1
29.61751389503479,10.453334799999999,-27.0962752,40.9733558,-10.594958945762926,-27.037067600599336,32.06515214925393,-2.746946033215396e-17,-0.6466332807355111,0.7578118193809231,0.08710135849574877,11.9825,3.1519999999999992,-3.116,9.12525,-5.97325,2.85725,-2.1742500000000002,9.445659145955426,-67.1933664207946,38.431902324852345,2.4385493546261046,-66.38902400936948,40.81308837364111,1.1314356478871752e-18,-0.6420290749251383,0.7666028020312964,-0.010900039841039823
29.736251831054688,10.453334799999999,-27.0962752,40.9733558,-10.45759230685647,-27.81991880632409,32.15720863306072,4.575858649662499e-18,-0.6460754868115984,0.7582067580277005,0.08780078258352955,12.72475,3.7955000000000005,-3.8022500000000004,10.16125,-6.36575,2.5635,-2.11475,9.375142837404653,-67.82726595795154,38.43851951725173,2.661026980882042,-67.05570780549144,40.80140839915779,0.0,-0.6419116289213178,0.7667107784101727,-0.010200143393483449
29.808225393295288,0,0,0,0,0,0,0,0,0,1,15.049500000000002,3.7322500000000005,-3.78625,11.284,-7.55175,3.7655000000000003,-2.08725,0,0,0,0,0,0,0,0,0,1
29.861936807632446,10.471858210074913,-27.459611393573766,40.967591487203,-10.227335710274275,-28.377469711271566,32.305932834597115,-4.580667724832922e-18,-0.6470219902260357,0.757410744539468,0.08770124411950271,15.75475,4.0329999999999995,-4.03275,11.91025,-7.87725,3.8445,-2.05225,9.307757930475338,-68.43301606302262,38.44484286149832,2.765900122632729,-67.6783929218536,41.02110107086165,-1.1320161157966147e-18,-0.6425015096110658,0.7662097083998044,-0.010700135578018672
29.91006064414978,0,0,0,0,0,0,0,0,0,1,15.75475,4.0329999999999995,-4.03275,11.91025,-7.87725,3.8445,-2.02725,0,0,0,0,0,0,0,0,0,1
29.975799322128296,10.493644501039336,-27.886948908593418,40.960811796244506,-10.069782669039597,-28.799549704961528,32.40404255951967,9.168642368776362e-18,-0.6477820131687607,0.7568071285600034,0.08730082230878473,15.75475,4.0329999999999995,-4.03275,11.91025,-7.87725,3.8445,-1.99475,9.257825457064834,-68.88187920453589,38.44952848373699,2.867407873037479,-68.14342518164464,41.090679616128114,0.0,-0.6430978356513087,0.7657092666341646,-0.010700129493255266
30.105255603790283,10.533427940555303,-28.66730001147049,40.94843156017657,-9.866347256679717,-29.575722459026274,32.65418229815691,0.0,-0.6479094908112998,0.7567094956962821,0.08720109425758661,16.8645,4.58775,-4.58775,13.02,-8.43225,3.8445,-1.93025,9.190359406874503,-69.48835873910575,38.45585944240046,3.078772556408154,-68.77870518918763,41.30941297581475,1.1330610246052358e-18,-0.6433329602686902,0.7655031098528845,-0.011300045906384833
30.182974338531494,10.562844393576967,-29.24430295132372,40.93927743380841,-9.881410421646763,-30.157093028244077,32.77739496921208,-4.586118451684447e-18,-0.6482222088378633,0.75651054121363,0.08660120670072749,16.8645,4.58775,-4.58775,13.02,-8.43225,3.8445,-1.89175,9.124101142702019,-70.0839809980548,38.46207706341735,3.2054765730040344,-69.39427043370094,41.46148375514379,-1.1333526233660038e-18,-0.6435654804669804,0.7653061545950104,-0.011400091679580714
30.246190071105957,0,0,0,0,0,0,0,0,0,1,17.826,4.9945,-5.1425,13.9815,-8.987,3.8445,-1.8587500000000001,0,0,0,0,0,0,0,0,0,1
30.315028429031372,0,0,0,0,0,0,0,0,0,1,17.974249999999998,5.1427499999999995,-5.1425,14.12975,-8.987,3.8445,-1.83425,0,0,0,0,0,0,0,0,0,1
30.364877700805664,10.602065075446296,-30.013615578001904,40.92707232268188,-9.522492870281411,-30.914650809988416,33.051592705600484,-4.59277559326449e-18,-0.6495661735619106,0.7554139934556597,0.08610159496496199,17.974249999999998,5.1427499999999995,-5.1425,14.12975,-8.987,3.8445,-1.80075,9.053071693396205,-70.82454613168139,38.49231551436191,3.3969207009500053,-70.14816875547135,41.547428308821,-1.1346795550936312e-18,-0.6446210540591283,0.764411180314984,-0.011800172589896402
30.49368715286255,10.635782613899293,-30.674984193642484,40.91657973856255,-9.393304558067825,-31.576083863652926,33.351953647647605,1.3782008698218205e-17,-0.6499456343978561,0.755212181603577,0.08500137107561444,19.084,5.6975,-5.6975,15.2395,-9.542,3.8445,-1.73675,9.003848905741442,-71.49766980692496,38.55020997456071,3.603563094567704,-70.83310963958934,41.68546781919251,-2.2702417623583694e-18,-0.6449522497911152,0.7641139832502879,-0.012900236073719035
30.54556155204773,0,0,0,0,0,0,0,0,0,1,19.572499999999998,5.699249999999999,-6.1842500000000005,15.728,-10.02875,3.8445,-1.70975,0,0,0,0,0,0,0,0,0,1
30.611526489257812,10.664482169837273,-31.23792521635864,40.907648703893855,-9.18200228398743,-32.135635494902786,33.716169683722455,-1.839317002271236e-17,-0.6508932605274959,0.754507667285074,0.08400085361424282,20.194,6.2524999999999995,-6.2524999999999995,16.3495,-10.097,3.8445,-1.6772500000000001,8.961713690593182,-72.073870632378,38.59976823106333,3.6214431658521278,-71.39816151894667,41.91567788996619,-1.1361729520776434e-18,-0.6457709953053726,0.7634064306867336,-0.0138001162476774
30.68879199028015,0,0,0,0,0,0,0,0,0,1,21.09875,6.602499999999999,-6.80725,17.25425,-10.65175,3.8445,-1.64675,0,0,0,0,0,0,0,0,0,1
30.728911638259888,10.69941609393309,-31.923153203874733,40.89677759188475,-9.038976368471396,-32.81540385642372,33.708517091617836,9.222321825628645e-18,-0.6533261875699109,0.7524020561312643,0.08400022955213476,22.658499999999997,6.624749999999999,-6.58225,17.93275,-11.308,4.72575,-1.61825,8.911305890231967,-72.76319940583285,38.659056469921104,3.7217763188004085,-72.09646643994478,41.998765167748374,-2.2750153837620863e-18,-0.6468197984303659,0.7625106574480284,-0.01420019847313049
30.888331413269043,10.717404079830937,-32.235702972264185,40.89106986250891,-8.657930095091388,-33.38140765192009,33.92425638110147,-4.630176147735047e-18,-0.6567648928148861,0.7493120868956078,0.084801367901705,26.423750000000002,7.872250000000001,-8.3,21.298000000000002,-13.42575,5.12575,-1.53875,8.866808162671825,-73.37170768710594,38.71139344716092,3.9099771197812743,-72.72325425402585,42.03641479762243,-2.2788955484124324e-18,-0.6483427832842013,0.7612123676248713,-0.01440023396452726
30.98899221420288,10.753978085251147,-32.78216844340959,40.879221471592366,-8.476059710673184,-33.92254738002636,34.11528244721981,9.281426542787795e-18,-0.6587523506699796,0.7476107117713656,0.08440120930110123,28.11625,8.59375,-8.683,22.6965,-14.10275,5.4197500000000005,-1.48875,8.822145984983765,-73.98246483074081,38.76392384602188,4.014668542060491,-73.36058304891765,41.906986387669576,-2.281013567201714e-18,-0.6491650146683831,0.7605055493400329,-0.014700107265349753
31.035645723342896,0,0,0,0,0,0,0,0,0,1,30.84525,9.43325,-8.5975,24.438,-15.00475,6.40725,-1.46425,0,0,0,0,0,0,0,0,0,1
31.100696086883545,10.808657630557446,-33.59915534830326,40.861507671299385,-8.427651771302834,-34.74207652800696,34.19546129116331,-9.320070426865004e-18,-0.6624681490803137,0.7445108873754793,0.08270120938341456,31.75475,9.44425,-9.495999999999999,25.3475,-15.90325,6.40725,-1.43275,8.774595545295968,-74.6327190777491,38.81985133751726,3.8880589440854294,-73.98482053081595,42.1981866210037,-2.2840110892500114e-18,-0.6502892840084762,0.7595074665536887,-0.01650016220952714
31.19831919670105,10.84818101293356,-34.18968852954152,40.84870381021401,-8.377100247353411,-35.33262983055996,34.21762748772829,-4.709407049467838e-18,-0.6717114173875023,0.7367056861958153,0.0779006012687037,32.9165,10.051000000000002,-10.050999999999998,26.50925,-16.45825,6.40725,-1.38375,8.715571256991835,-75.43987868338898,38.88927404746114,3.596160779897616,-74.79599128576731,42.02297969175885,1.1399045991253604e-18,-0.6486848670978949,0.7609073063253916,-0.015100144993446467
31.320544958114624,10.89635876838,-34.909529835580635,40.8330963077419,-8.363333735159102,-36.06034514037771,34.45895902524224,2.840683152986722e-17,-0.6764241364562703,0.7328054763810891,0.07380055152418716,34.7615,10.5515,-9.9435,27.62825,-17.07675,7.13325,-1.32275,8.707583224910861,-75.54911535543653,38.8986693464154,3.5529856964891735,-74.8926912344687,42.148219589929624,-2.279492382018329e-18,-0.6485513566394783,0.7610130613557186,-0.015500266032869433
31.36561632156372,0,0,0,0,0,0,0,0,0,1,35.9485,10.285499999999999,-10.285500000000003,28.25975,-17.97425,7.68875,-1.29975,0,0,0,0,0,0,0,0,0,1
31.448742151260376,10.957007230754783,-35.815700493814425,40.81344883729266,-8.43894583405131,-36.978630157968674,34.57743027478858,-9.522269108527914e-18,-0.681446826533334,0.7287017227535528,0.06800016076196186,35.9485,10.285499999999999,-10.285500000000003,28.25975,-17.97425,7.68875,-1.25875,8.682346734404023,-76.37129569007038,39.025727222769106,3.3577997200596315,-75.74126776392328,42.04613967876165,2.2756126918200307e-18,-0.6470185751343827,0.7623105118953166,-0.01580021787740523
31.538391828536987,0,0,0,0,0,0,0,0,0,1,35.9485,10.285499999999999,-10.285500000000003,28.25975,-17.97425,7.68875,-1.21325,0,0,0,0,0,0,0,0,0,1
31.603556871414185,10.996332642591529,-36.40327572547003,40.800709110072674,-8.582209351102591,-37.58506805673627,34.87104335287002,-4.758500766910928e-18,-0.6813366820119995,0.7291050525995547,0.06470044836536991,35.9485,10.285499999999999,-10.285500000000003,28.25975,-17.97425,7.68875,-1.1812500000000001,8.64375326902372,-77.6448557940122,39.223344508137544,3.227120008342581,-77.02804905185056,42.14056811719931,1.1352749002522083e-18,-0.644912291126187,0.764010318378142,-0.019400262011172724
31.728406190872192,11.062549456232654,-37.442341219425856,40.77301736679352,-8.591759194703315,-38.25573923132542,35.11085364468917,4.756553541247648e-18,-0.6811949865313677,0.7294035317520207,0.0628003040773607,35.9485,10.285499999999999,-10.285500000000003,28.25975,-17.97425,7.68875,-1.1187500000000001,8.623691441803693,-78.30688348465436,39.32607080637703,3.3755045990991164,-77.6682542798623,42.416827559123874,-5.680074877897131e-18,-0.6454382600329591,0.7635125915008333,-0.021400352924843255
31.810566902160645,0,0,0,0,0,0,0,0,0,1,35.9485,10.285499999999999,-10.285500000000003,28.25975,-17.97425,7.68875,-1.08625,0,0,0,0,0,0,0,0,0,1
31.852681159973145,11.096456487736532,-38.07500304151712,40.74620546205686,-8.317686783783898,-38.8873115248652,35.36205227447394,9.514437804693192e-18,-0.6813409750352959,0.7293015148498292,0.0624001296128196,35.9485,10.285499999999999,-10.285500000000003,28.25975,-17.97425,7.68875,-1.05675,8.60609008005435,-78.88771736101445,39.41619832650038,3.522616418880631,-78.28826402174244,42.28665063162026,3.409405046817785e-18,-0.6457883908297409,0.7632080020512382,-0.021700227521635047
31.91883158683777,0,0,0,0,0,0,0,0,0,1,35.9485,10.285499999999999,-10.285500000000003,28.25975,-17.97425,7.68875,-1.02275,0,0,0,0,0,0,0,0,0,1
31.984253644943237,11.136969414725492,-38.830922420780794,40.71416996113407,-8.216716663869164,-39.636316795519704,35.24332511070699,9.514408398468006e-18,-0.6813017920849127,0.7293037689053286,0.06280032454031899,38.28375,10.64075,-9.766,29.34525,-18.7045,8.9385,-0.9912500000000001,8.584841700762027,-79.58890052436779,39.525000347589966,3.6190736233386076,-78.9693816796227,42.547753568853565,3.4098200110667363e-18,-0.6458672698258452,0.7631151220650992,-0.022600447855682406
32.1260085105896,11.166268085958517,-39.37759813684925,40.691002106350886,-7.938648994278253,-40.19470429735457,35.8111118390856,-1.4338462804264503e-17,-0.6854138778816559,0.7259035363794526,0.05720027866221886,43.1565,11.6755,-10.977500000000001,32.90475,-21.22925,10.25175,-0.92025,8.566766053501675,-80.18538552453205,39.61755643986282,3.7141354109616884,-79.55915889589902,42.70563356028774,-1.0247031201883323e-17,-0.6473745344411141,0.7618065650528033,-0.023600203380475394
32.18798875808716,0,0,0,0,0,0,0,0,0,1,43.889500000000005,11.784750000000003,-11.601250000000002,33.637750000000004,-21.853,10.25175,-0.89725,0,0,0,0,0,0,0,0,0,1
32.246562242507935,11.195395570188102,-39.92107972247597,40.66796961728463,-7.576194614219617,-40.73431487816128,36.118271803042106,-2.4326480843894848e-18,-0.6997841442944651,0.713100874355267,0.0423000518654155,45.20425,12.281500000000001,-12.41925,34.9525,-22.671,10.25175,-0.85975,8.544368374051016,-80.95122157307344,39.7391065212111,3.417937041291907,-80.34641055902198,42.57296350068461,4.551830101458273e-18,-0.6469040226476124,0.7622092377398062,-0.023500284816170884
32.341723918914795,11.227202050001635,-40.5145479377881,40.64281871881475,-7.415971212454423,-41.34824259670071,36.73828891404452,0.0,0.7082815408466714,-0.7051998647837435,-0.03209999384509099,45.341750000000005,12.419000000000004,-12.41925,35.09,-22.671,10.25175,-0.81275,8.522834970583181,-81.71809834253698,39.86382206081429,3.301838173701242,-81.12998466695566,42.57867929635103,-4.551222231754112e-18,-0.6467239367118347,0.7623110398229084,-0.025100363504597926
32.43873453140259,0,0,0,0,0,0,0,0,0,1,45.341750000000005,12.419000000000004,-12.41925,35.09,-22.671,10.25175,-0.77225,0,0,0,0,0,0,0,0,0,1
32.562090158462524,11.262990715695059,-41.18231864620966,40.614518916305805,-7.2570786455131895,-42.026870047043275,37.12184847371208,-4.88597322196035e-18,0.7100830877172926,-0.7034996513151532,-0.02949998537853166,45.341750000000005,12.419000000000004,-12.41925,35.09,-22.671,10.25175,-0.71225,8.505495799902125,-82.33560440547444,39.96424575978924,3.341156863105141,-81.73890362916185,42.74168769530431,4.5530313971244086e-18,-0.6469917311347926,0.7620081324598021,-0.027300291359780304
32.60690760612488,11.326578776854975,-42.70407179911368,40.53526951138798,-7.133126944159187,-42.75840858309876,37.240116584364216,-2.4414836846726203e-18,0.7105202000190378,-0.703099421633393,-0.028499976556039967,45.341750000000005,12.419000000000004,-12.41925,35.09,-22.671,10.25175,-0.67975,8.485920947039972,-83.03273061443977,40.0776179139405,3.4770678486071063,-82.43499781410344,42.88825198055274,-4.554830495110333e-18,-0.6472810542123194,0.7617071492952612,-0.028800270316008295
32.661192178726196,0,0,0,0,0,0,0,0,0,1,45.341750000000005,12.419000000000004,-12.41925,35.09,-22.671,10.25175,-0.65225,0,0,0,0,0,0,0,0,0,1
32.74673295021057,11.33507699412768,-43.23462861323633,40.496410665731226,-6.989195032289842,-43.326142777515436,37.7384753800483,0.0,0.7116954598161419,-0.7019993829654022,-0.026199976971073416,45.341750000000005,12.419000000000004,-12.41925,35.09,-22.671,10.25175,-0.60975,8.484838426176255,-83.59788610234406,40.19026276447061,3.5937179735552434,-82.99627965129073,43.1921523714594,0.0,-0.6484597765855528,0.7606051635695813,-0.03130021248978162
32.81184148788452,0,0,0,0,0,0,0,0,0,1,45.341750000000005,12.419000000000004,-12.41925,35.09,-22.671,10.25175,-0.58575,0,0,0,0,0,0,0,0,0,1
32.943652391433716,11.344598159987685,-43.829049685716996,40.45287429771973,-6.980912013916537,-43.94196446825614,37.98686023630951,-2.4369413275449985e-18,0.7118445800762823,-0.7018990351232628,-0.02479996590833014,45.341750000000005,12.419000000000004,-12.41925,35.09,-22.671,10.25175,-0.52075,8.489203220744505,-84.21999067716135,40.322050042891206,3.5848327517456937,-83.61474636471667,43.34155109038808,0.0,-0.6487164598342826,0.7603100130091194,-0.03310043592082316
32.99236869812012,11.355540932838283,-44.5122238756647,40.402837506753706,-6.886362374679436,-44.63249808746235,38.055589316516375,0.0,0.7120686653898854,-0.7016995201349894,-0.023999983587344658,45.341750000000005,12.419000000000004,-12.41925,35.09,-22.671,10.25175,-0.48675,8.494091089003087,-84.91664779520464,40.46963060940002,3.75211418263396,-84.37844869095137,43.16726488960421,-6.843038988646258e-18,-0.648466462453493,0.7605057397108228,-0.033500252834073055
33.04850459098816,0,0,0,0,0,0,0,0,0,1,45.341750000000005,12.419000000000004,-12.41925,35.09,-22.671,10.25175,-0.45825,0,0,0,0,0,0,0,0,0,1
33.11457371711731,11.365393403032382,-45.12732878881017,40.357786220545734,-6.738462277484217,-45.270554907584355,38.354100715872335,0.0,0.7123816992286689,-0.7013986503618026,-0.023499954781155345,45.341750000000005,12.419000000000004,-12.41925,35.09,-22.671,10.25175,-0.42625,8.498144806362877,-85.49441521933188,40.592025459828776,3.79400505904988,-84.92574723066835,43.43223557269346,2.2822071629083216e-18,-0.6488910628156908,0.7601078044843962,-0.03430035218236388
33.17174029350281,0,0,0,0,0,0,0,0,0,1,43.98675,12.549750000000003,-12.696499999999999,34.6165,-22.06675,9.37025,-0.39625,0,0,0,0,0,0,0,0,0,1
33.31697416305542,11.374795101909148,-45.71429135323141,40.31479612581882,-6.646549407269987,-45.866668775872704,38.4541021174789,0.0,0.712591002266172,-0.7011992973176515,-0.023099976851166208,45.081500000000005,12.472750000000001,-12.557250000000002,35.05575,-22.583000000000002,10.02575,-0.33425,8.518967389541583,-86.02415909747386,40.72586382152788,3.958497247510053,-85.54647786421852,43.468784177427096,2.282213381245155e-18,-0.6488668705899953,0.760105733421981,-0.03480026249583599
33.36563301086426,11.385709981782178,-46.39572414156033,40.26488687794513,-6.47088244811323,-46.5539289677044,38.519787337917606,0.0,0.7126039570319427,-0.7011991953824485,-0.022699973952055866,43.57725,12.719749999999998,-12.601500000000001,34.44925,-21.7295,9.128,-0.30025,8.564469446007578,-86.65389791249947,40.911186440396904,4.023372459564911,-86.197224073041,43.577965579524744,6.845759034652274e-18,-0.6487414949233702,0.7602035656802466,-0.035000164165757214
33.44728708267212,0,0,0,0,0,0,0,0,0,1,45.341750000000005,12.419000000000004,-12.41925,35.09,-22.671,10.25175,-0.26825,0,0,0,0,0,0,0,0,0,1
33.536696910858154,11.365434061500656,-47.97378537714986,40.122729164700395,-6.402556126038803,-47.174528004343635,38.720506917018,0.0,0.7129117628008844,-0.700899086713695,-0.022299970942667145,44.96025,12.539750000000002,-12.662,35.081,-22.54125,9.87925,-0.21425,8.6122824599429,-87.31561988897619,41.1059212204642,4.0843717231293795,-86.83078301874562,43.86516264107351,-6.848397990068647e-18,-0.6490243359556334,0.7599106295337045,-0.03610050496929428
33.6142475605011,11.33988501196019,-48.66857881979128,40.050441394170306,-6.236608284174139,-47.882015658676956,38.70254772031001,-1.2164735846855073e-18,0.7130132120482018,-0.700799058766888,-0.022199970183540117,44.14775,13.256,-12.54275,34.97325,-21.71725,9.1745,-0.17575000000000002,8.655787301505972,-87.91771767315612,41.28310950156915,4.265670304070994,-87.51786517719317,43.71973591694207,-6.847504822557006e-18,-0.6489138207325608,0.7600097499437865,-0.0360004618394425
33.73579430580139,11.318944683195022,-49.23804043869619,39.99119341008371,-6.173006424573288,-48.47196377477725,38.810325379242755,-1.2164735846855073e-18,0.7130132120482018,-0.700799058766888,-0.022199970183540117,46.53925,12.904,-13.131750000000002,36.2875,-23.3835,10.25175,-0.11525,8.697143818099264,-88.4900830952005,41.45154799770826,4.35246645508596,-88.13431507964032,43.727215618935375,2.283093277561393e-18,-0.6491499586477301,0.7598127912801236,-0.035900604378726546
33.8170223236084,0,0,0,0,0,0,0,0,0,1,47.56125,13.502499999999998,-13.555250000000003,37.3095,-23.807000000000002,10.25175,-0.08325,0,0,0,0,0,0,0,0,0,1
33.86081004142761,11.297399968352215,-49.823938030411085,39.930235392830404,-5.95779620173667,-49.106421452553214,39.13242476623029,1.2108268652242622e-18,0.7163383658717847,-0.6975982057686998,-0.014699962191513604,48.67,14.08275,-14.08375,38.41825,-24.3355,10.25175,-0.05275,8.74483209570555,-89.15007874732753,41.64577474660157,4.496218820204405,-88.79700474970056,43.888701403815276,0.0,-0.6492934421886535,0.7596079491033975,-0.037600393478525215
33.923742055892944,0,0,0,0,0,0,0,0,0,1,48.67125,14.084,-14.08375,38.4195,-24.3355,10.25175,-0.02125,0,0,0,0,0,0,0,0,0,1
33.98387002944946,11.275283974374416,-50.4253712684239,39.867661014273594,-5.5427134678811285,-49.77125751996428,39.52472481405643,1.1982310019216979e-18,0.7238685500519905,-0.6898960522474792,-0.007599956511205741,48.67125,14.084,-14.08375,38.4195,-24.3355,10.25175,0.00875,8.789127731514926,-89.76312095622745,41.82618380654805,4.535387790402723,-89.47828617384462,43.838487731475595,-6.8484294542371434e-18,-0.6489834402263337,0.7599071382286907,-0.03690034662539635
34.10974645614624,11.25334555808925,-51.02197537116086,39.80558906910382,-5.418946240198267,-50.39652533084487,39.68665639846256,-5.983997010406697e-19,0.7247344345927859,-0.6889966906552755,-0.006599968299455468,48.67125,14.084,-14.08375,38.4195,-24.3355,10.25175,0.07125000000000001,8.832445305003306,-90.36262698995459,42.002609374652145,4.565319382670708,-90.0610290646755,44.07516223996855,9.134780754065245e-18,-0.6492471551630882,0.7596125282830916,-0.038300631691998974
34.15939712524414,0,0,0,0,0,0,0,0,0,1,48.67125,14.084,-14.08375,38.4195,-24.3355,10.25175,0.09775,0,0,0,0,0,0,0,0,0,1
34.23972964286804,11.16977075667229,-52.42311212525696,39.65045994775196,-5.322823810095997,-51.00313211889751,40.183233364420204,0.0,0.7250323247363166,-0.6886966881929162,-0.0049999759560978374,48.67125,14.084,-14.08375,38.4195,-24.3355,10.25175,0.13675,8.87714795664579,-90.98130221169711,42.18467614517198,4.755215620376589,-90.67503500307532,44.23744633196438,4.568061034078769e-18,-0.6493118337173475,0.7595010062411063,-0.03940005219999945
34.31053829193115,0,0,0,0,0,0,0,0,0,1,48.67125,14.084,-14.08375,38.4195,-24.3355,10.25175,0.16375,0,0,0,0,0,0,0,0,0,1
34.35618495941162,11.107027895376872,-53.12056260614449,39.5670720878695,-5.074244931058274,-51.70920814870472,39.937743688409114,-2.9903779134193916e-19,0.7251271938707956,-0.6885967999790749,-0.004999976764297667,48.67125,14.084,-14.08375,38.4195,-24.3355,10.25175,0.19525,8.921802363377878,-91.5993097341077,42.36654642186634,4.899695016576459,-91.36124858826548,44.16303786756556,0.0,-0.6493792284698,0.7594067283988323,-0.04010035529206369
34.48997735977173,11.061471121540135,-53.626972310198546,39.506525249632254,-4.881716269770749,-52.257010243794525,40.04425931730013,2.988053280958883e-19,0.7256913251142415,-0.6879976314420422,-0.005599980721039878,48.67125,14.084,-14.08375,38.4195,-24.3355,10.25175,0.26175,8.963847113759616,-92.18120016587821,42.53778798445947,5.057919197764278,-91.972059512134,44.20748023215526,9.13969657221248e-18,-0.6496469491856921,0.7592039679964456,-0.0396002069713636
34.54244065284729,0,0,0,0,0,0,0,0,0,1,48.67125,14.084,-14.08375,38.4195,-24.3355,10.25175,0.28875,0,0,0,0,0,0,0,0,0,1
34.60254263877869,11.010498190700092,-54.19358808755759,39.43878011453752,-4.7076552647031065,-52.88927327019039,40.35626289415079,1.1947512971982322e-18,0.7259768120967286,-0.6876979776539808,-0.0053999841200109006,48.67125,14.084,-14.08375,38.4195,-24.3355,10.25175,0.31825000000000003,9.008098240755215,-92.79362638223137,42.71801576710615,5.174751623662928,-92.55930027738228,44.45546907845538,-4.5716401271465724e-18,-0.6499761833066673,0.7589064002111421,-0.039900336498121726
34.68858051300049,0,0,0,0,0,0,0,0,0,1,48.67125,14.084,-14.08375,38.4195,-24.3355,10.25175,0.35225,0,0,0,0,0,0,0,0,0,1
34.74269223213196,10.953216274605566,-54.83033462893988,39.36265007688114,-4.758143788818586,-53.52140651723137,40.23643607362193,5.976081429656773e-19,0.7256943769909603,-0.6879975518823706,-0.0051999814967853605,48.67125,14.084,-14.08375,38.4195,-24.3355,10.25175,0.38825,9.050213568989948,-93.37649359652475,42.88954478203808,5.169924651294195,-93.22091318198703,44.370940593326395,2.2849123801068432e-18,-0.6495931083907917,0.7592078764506897,-0.040400419136733215
34.857759952545166,10.901295480184707,-55.407486870473626,39.293645191850985,-4.631377944411469,-54.17209753144723,40.648056802826005,-8.965195715823838e-19,0.7256074759674385,-0.688097224924805,-0.00399998386818663,48.67125,14.084,-14.08375,38.4195,-24.3355,10.25175,0.44575000000000004,9.098393964425188,-94.04330005507524,43.08577584836091,5.353342925952489,-93.90194529346388,44.4856271211261,1.3707693917118956e-17,-0.6493763431299373,0.7593064828258467,-0.042000358591710196
34.936991453170776,10.840835445682135,-56.079561418361266,39.2132913032731,-4.512847327588162,-54.8674708247188,40.6278955558372,0.0,0.7252300256287443,-0.6884967102734444,-0.0036999823210047116,48.67125,14.084,-14.08375,38.4195,-24.3355,10.25175,0.48475,9.14061856846089,-94.62767962328749,43.257749926201804,5.447405898907675,-94.51001870766643,44.56436008791181,4.5680183992678605e-18,-0.6490948504617858,0.759508094912595,-0.04270045510568508
34.97545313835144,0,0,0,0,0,0,0,0,0,1,48.67125,14.084,-14.08375,38.4195,-24.3355,10.25175,0.50525,0,0,0,0,0,0,0,0,0,1
35.06082820892334,0,0,0,0,0,0,0,0,0,1,48.67125,14.084,-14.08375,38.4195,-24.3355,10.25175,0.5387500000000001,0,0,0,0,0,0,0,0,0,1
35.113028049468994,10.721235635322582,-57.123322030839574,39.098488114976654,-4.33188569372291,-55.39973031622479,40.705694789577535,8.96987498850784e-19,0.7252289517130924,-0.6884967376402518,-0.0038999815204022984,48.67125,14.084,-14.08375,38.4195,-24.3355,10.25175,0.57325,9.1551647,-94.828995,43.316994,5.690955368661406,-95.08833993340139,44.58505345996862,-1.3702134472064586e-17,-0.6489702300336242,0.7596145605694492,-0.04270081850489137
35.234997510910034,10.642850765440818,-57.74651423152672,39.032654613506786,-4.092602256464488,-56.09216303065354,40.917072112492406,8.96987498850784e-19,0.7252289517130924,-0.6884967376402518,-0.0038999815204022984,48.67125,14.084,-14.08375,38.4195,-24.3355,10.25175,0.63425,9.1551647,-94.828995,43.316994,5.815601519351901,-95.74508099458795,44.73656093724152,2.2834173411043705e-18,-0.6488578522102791,0.759704958331363,-0.042800279342612
35.285537242889404,0,0,0,0,0,0,0,0,0,1,48.67125,14.084,-14.08375,38.4195,-24.3355,10.25175,0.66025,0,0,0,0,0,0,0,0,0,1
35.37243390083313,10.563969518817075,-58.37365283302654,38.966404217564516,-4.018462011654634,-56.73854296196958,40.85076820241612,-2.9895721477976826e-19,0.7253226340660147,-0.6883968816488285,-0.004099981427600518,48.67125,14.084,-14.08375,38.4195,-24.3355,10.25175,0.70225,9.1551647,-94.828995,43.316994,5.91780806453437,-96.29593937373794,44.86387499083385,-2.2840122722223497e-18,-0.649082861824376,0.7595070731773768,-0.04290039952509476
35.440467834472656,10.489570141226583,-58.96515871828615,38.903918031884174,-3.9534967354849186,-57.362112736265566,40.92586979678423,2.989162396943317e-19,0.7254220604368615,-0.6882968794963312,-0.003199985492355456,48.67125,14.084,-14.08375,38.4195,-24.3355,10.25175,0.73675,9.1551647,-94.828995,43.316994,5.98195682698676,-96.96376427402112,44.80391801594696,-2.2837061837371396e-18,-0.6489035970417549,0.7596088710229977,-0.04380051152028343
35.48265242576599,0,0,0,0,0,0,0,0,0,1,48.67125,14.084,-14.08375,38.4195,-24.3355,10.25175,0.75875,0,0,0,0,0,0,0,0,0,1
35.61319136619568,10.414789524848745,-59.55969560990236,38.84111165323413,-3.8687286228300763,-57.99714544168027,41.05643713623263,-1.494572712355857e-19,0.7254261793502866,-0.6882967734593786,-0.0020999901558400335,47.7875,13.754999999999999,-13.529000000000002,37.53575,-23.78075,10.25175,0.82325,9.1551647,-94.828995,43.316994,6.147812432015883,-97.61811656576698,44.807790556115975,-2.283128571921782e-18,-0.6487121673625111,0.7598010455086349,-0.04330005958215833
35.665714263916016,0,0,0,0,0,0,0,0,0,1,47.56125,13.528749999999999,-13.529000000000002,37.3095,-23.78075,10.25175,0.8502500000000001,0,0,0,0,0,0,0,0,0,1
35.733171463012695,10.345071327331796,-60.11398417355074,38.78255707419825,-3.55901814278738,-58.6219235783427,41.21338202624287,2.9891673144305987e-19,0.7254208670430561,-0.6882994665634546,-0.0028999977524829562,47.16725,13.620500000000003,-13.68125,37.234500000000004,-23.614,9.93275,0.88375,9.1551647,-94.828995,43.316994,6.383792305739547,-98.18802219332716,45.128603702468496,2.283099538909345e-18,-0.6488248457350854,0.7598107075110263,-0.04140058343110882
35.799707889556885,0,0,0,0,0,0,0,0,0,1,45.62525,13.888000000000002,-13.79675,36.655,-22.767,8.97025,0.9177500000000001,0,0,0,0,0,0,0,0,0,1
35.9480345249176,10.274581264383714,-60.67440938726166,38.72335422459597,-3.387047003891041,-59.23764363800355,41.38892329067363,1.4947663159161065e-19,0.7253322214589931,-0.6883966360645781,-0.001799991204120048,43.50575,12.82575,-12.7395,34.5355,-21.70975,8.97025,0.9812500000000001,9.1551647,-94.828995,43.316994,6.559971413282227,-98.77452598222897,45.283439834134484,-9.128847512695063e-18,-0.6484722312778634,0.7601062340298302,-0.04150034036605442
36.06874179840088,10.17068583125862,-61.4740164952239,38.662134942227,-3.475838602456463,-59.84445349523303,41.68825228892359,-1.870164903983717e-20,0.7246701682402445,-0.6890958258934284,0.00029999818280079604,43.34425,12.79625,-12.607500000000002,34.374,-21.57775,8.97025,1.0422500000000001,9.1551647,-94.828995,43.316994,6.6101002714816275,-99.39805664659477,45.587407938005896,-1.3684274649489955e-17,-0.6477682103350187,0.7606059599402137,-0.043300339291889645
36.11974215507507,10.082852749815924,-62.13709394419118,38.623111401001886,-3.316158767864181,-60.54202143988471,41.67818685207165,-1.872382750525854e-20,0.7238117928752874,-0.689997390209081,-0.0002999988653082961,42.30975,12.1845,-12.184750000000001,33.3395,-21.155,8.97025,1.07675,9.1551647,-94.828995,43.316994,6.786067250528475,-99.9811945211413,45.674504674767206,0.0,-0.6471975320757047,0.7611086076588266,-0.04300048630840829
36.195204973220825,0,0,0,0,0,0,0,0,0,1,42.30975,12.1845,-12.184750000000001,33.3395,-21.155,8.97025,1.10575,0,0,0,0,0,0,0,0,0,1
36.24286723136902,10.007863358796818,-62.70321064281798,38.58979420953128,-3.2334506938353798,-61.13791816485871,41.79594281861138,1.4990923569227774e-19,0.7232390769512509,-0.690596863286892,-0.0010999950037874043,42.30975,12.1845,-12.184750000000001,33.3395,-21.155,8.97025,1.13825,9.1551647,-94.828995,43.316994,6.904595694631126,-100.59625601729894,45.64209535692585,2.2786112211905296e-18,-0.6468828622174083,0.7613073524102318,-0.04420042687052706
36.28547215461731,0,0,0,0,0,0,0,0,0,1,42.30975,12.1845,-12.184750000000001,33.3395,-21.155,8.97025,1.16025,0,0,0,0,0,0,0,0,0,1
36.453803300857544,9.844529316088536,-63.936266782823466,38.51722619023379,-3.1214148312811574,-62.40478142759663,41.678021493030485,-3.002989755729848e-19,0.7220818322252314,-0.6917982853653916,-0.003599991077356765,42.30975,12.1845,-12.184750000000001,33.3395,-21.155,8.97025,1.24325,9.1551647,-94.828995,43.316994,7.067045226230391,-101.82034504731993,45.76381715557116,4.553022324632212e-18,-0.6460071446421654,0.7620096508606229,-0.044900568666196815
36.54655694961548,0,0,0,0,0,0,0,0,0,1,42.30975,12.1845,-12.184750000000001,33.3395,-21.155,8.97025,1.2902500000000001,0,0,0,0,0,0,0,0,0,1
36.605868339538574,9.758178981921684,-64.58815054183952,38.47886142185935,-3.06117184486439,-63.07801207846764,41.67242923808348,9.009033544196402e-19,0.7220766803675264,-0.6917983938716833,-0.004499989552504445,42.30975,12.1845,-12.184750000000001,33.3395,-21.155,8.97025,1.31975,9.1551647,-94.828995,43.316994,7.234960869885526,-102.51383331950649,45.780501068648846,-2.2756016729051083e-18,-0.6457569943895808,0.7623142031541054,-0.043300806764492675
36.66895914077759,0,0,0,0,0,0,0,0,0,1,42.039500000000004,12.252250000000004,-11.84675,33.069250000000004,-20.817,8.97025,1.35125,0,0,0,0,0,0,0,0,0,1
36.75683236122131,9.673361498525868,-65.22846236506314,38.44117768692098,-2.7637542603673353,-63.74492890959754,41.22648672969527,0.0,0.721783820328691,-0.6920982783185303,-0.005299986815616544,41.2,11.629750000000001,-11.629750000000001,32.22975,-20.6,8.97025,1.39525,9.1551647,-94.828995,43.316994,7.412533803021432,-103.15196835948888,45.62127944899821,-6.82501608915738e-18,-0.6455543880583483,0.7625140160765441,-0.04280078673846042
36.86746382713318,9.601490239535819,-65.79253787310986,38.41727926319159,-2.6365039223989015,-64.39776833170313,41.61585550146795,-3.0074336056082974e-19,0.7210148682675298,-0.692897762972634,-0.005499982243252256,41.2,11.629750000000001,-11.629750000000001,32.22975,-20.6,8.97025,1.45025,9.1551647,-94.828995,43.316994,7.434924035563029,-103.66399344791593,45.86444397418231,-4.548254158180961e-18,-0.645193106296733,0.7628085043825237,-0.043000479402790406
36.948304653167725,9.543711694615299,-66.31193251578811,38.422701154327875,-2.482247926536985,-64.93825662986634,41.86014526238577,-6.010915061440121e-19,0.7214889323195636,-0.6923982096591272,-0.006199983968640364,41.2,11.629750000000001,-11.629750000000001,32.22975,-20.6,8.97025,1.49075,9.1551647,-94.828995,43.316994,7.670359760634767,-104.27693669499777,45.96020719894372,6.8241787331652894e-18,-0.6454833877072566,0.7626075798159152,-0.04220041944431107
37.04277420043945,0,0,0,0,0,0,0,0,0,1,41.2,11.629750000000001,-11.629750000000001,32.22975,-20.6,8.97025,1.53925,0,0,0,0,0,0,0,0,0,1
37.11394238471985,9.487461725961138,-66.81758616992532,38.427979605124484,-2.299015716791473,-65.47330882564495,41.60121456682367,-6.0157792182372665e-19,0.7209055606287328,-0.6929979602733459,-0.006999979396700463,41.2,11.629750000000001,-11.629750000000001,32.22975,-20.6,8.97025,1.57325,9.1551647,-94.828995,43.316994,7.917210621202571,-104.89747321048736,45.85921667671033,2.273828540820217e-18,-0.6450946064536817,0.7629086559671102,-0.04270048448000474
37.1667263507843,0,0,0,0,0,0,0,0,0,1,41.2,11.635000000000002,-11.624500000000001,32.22975,-20.59475,8.97025,1.60025,0,0,0,0,0,0,0,0,0,1
37.28905534744263,9.475357422348482,-66.92639663682809,38.4291154630205,-2.2993759732512444,-65.58201456375092,41.73753379774185,-6.016581117475869e-19,0.7208094772204178,-0.6930978991789476,-0.0069999787826469945,40.09025,11.074750000000002,-11.075,31.12,-20.04525,8.97025,1.66225,9.1551647,-94.828995,43.316994,8.101745429468366,-105.43012787869186,46.130373290087675,2.0456445127812676e-17,-0.6446808466340683,0.7632074481291191,-0.04360042549584592
37.3600857257843,9.346456598702662,-68.08513812695301,38.441211410298976,-2.0361283496282,-66.78375074863433,41.80985827906507,-1.809871103370832e-18,0.7188592627173569,-0.6950973752052239,-0.008999966014741786,40.09025,11.074750000000002,-11.075,31.12,-20.04525,8.97025,1.69675,9.1551647,-94.828995,43.316994,8.268295483833953,-106.00968269556878,46.16748519687745,9.084655445700206e-18,-0.6439402155512698,0.7638037507731157,-0.04410021656074157
37.413525104522705,0,0,0,0,0,0,0,0,0,1,40.09025,11.074750000000002,-11.075,31.12,-20.04525,8.97025,1.7237500000000001,0,0,0,0,0,0,0,0,0,1
37.494083881378174,9.32994849720562,-68.23353610911313,38.44276051696663,-2.0285848171811836,-66.93478034815209,41.81561633322647,1.2065703527570842e-18,0.7188654486714603,-0.6950972718069938,-0.008499966638410942,40.09025,11.074750000000002,-11.075,31.12,-20.04525,8.97025,1.76425,9.1551647,-94.828995,43.316994,8.46658000400788,-106.66816090327015,46.1769561546851,-2.2702639628989125e-18,-0.6434692798374115,0.764106511104431,-0.04570038942216005
37.56643986701965,9.20411984948758,-69.36466057079873,38.45456817378271,-2.092351586902737,-68.06772324761255,42.31458946440827,-6.043293347941514e-19,0.7176233951011555,-0.6963981785195722,-0.0067999822141486125,40.09025,11.074750000000002,-11.075,31.12,-20.04525,8.97025,1.79975,9.1551647,-94.828995,43.316994,8.474288464704955,-107.3090106206476,46.48167277610726,-1.3616087854056752e-17,-0.6429575682391897,0.7644149308833814,-0.04770093171525025
37.694926261901855,0,0,0,0,0,0,0,0,0,1,40.09025,11.074750000000002,-11.075,31.12,-20.04525,8.97025,1.85625,0,0,0,0,0,0,0,0,0,1
37.74887490272522,9.129753477753543,-70.03316987866053,38.46154665294478,-2.00185961562741,-68.75571328223054,42.21221312240955,0.0,0.7171446557796022,-0.6968993706049905,-0.00589999467150157,39.6835,11.153750000000002,-11.227249999999998,31.03225,-19.8785,8.651250000000001,1.89125,9.1551647,-94.828995,43.316994,8.623400086542915,-107.97273976378922,46.5220379687531,-4.535807202191927e-18,-0.6423184748914826,0.7649017688134994,-0.048500112155124474
37.853402853012085,9.072875932690033,-70.55372233290828,38.46902232439458,-1.8987719747166523,-69.41835670880043,42.34135113972118,0.0,0.7168600328414519,-0.6971991776913716,-0.004999994102778053,37.3295,11.1115,-10.840500000000002,29.64075,-18.52925,7.68875,1.94375,9.1551647,-94.828995,43.316994,8.756372110411178,-108.59822471798417,46.6662149882261,-4.536335406018224e-18,-0.6423327443337175,0.7648127048433853,-0.04970082561547627
37.91896152496338,0,0,0,0,0,0,0,0,0,1,35.50025,10.989250000000002,-11.006499999999999,28.748,-17.75875,6.75225,1.97675,0,0,0,0,0,0,0,0,0,1
38.066672801971436,9.033127538184965,-71.09728328646378,38.51577326950114,-1.674782803927883,-70.00659051065688,42.092936474850376,1.2118540034994376e-18,0.7157312147203763,-0.69829840954107,-0.010399976312798409,29.11625,9.64325,-10.498000000000001,24.62875,-14.9855,4.4875,2.04075,9.1551647,-94.828995,43.316994,8.95219998979212,-109.10793030571467,46.63879865197438,0.0,-0.6415354141595089,0.7658131332553025,-0.044300759732580186
38.205766916275024,8.999470756717566,-71.55754117752643,38.55535943046282,-1.2929508541384394,-70.55182560993902,41.49777007069872,-1.2159763401445968e-18,0.7133047818062497,-0.700599085914658,-0.018899975340832202,20.583250000000003,9.528250000000002,-8.492,19.301750000000002,-9.7735,1.2815,2.10825,9.1551647,-94.828995,43.316994,9.293186505664949,-109.66686942396883,46.48447672197679,2.261958265339755e-18,-0.6407245015215408,0.766912238195626,-0.03630057927565682
38.28759837150574,8.963135112001899,-72.05443263529796,38.59809639512933,-0.9163262691423029,-71.10397057131584,41.2491944009266,-1.2164735846855073e-18,0.7130132120482018,-0.700799058766888,-0.022199970183540117,15.814,6.067,-7.211500000000001,14.54625,-8.47925,1.26775,2.16125,9.1551647,-94.828995,43.316994,9.529981301864353,-110.15281073501848,46.52306774046852,-4.5274512475550985e-18,-0.6416391840415999,0.7663134868270919,-0.03260057375774917
38.34640049934387,8.912351386869657,-72.74890219568391,38.657826786143275,-0.9404091751445947,-71.83199732898478,40.94146553689768,2.454334000218418e-18,-0.7067811768394802,0.7068000833718756,0.02990000352690872,11.6265,5.7627500000000005,-7.42875,12.409,-6.64625,-0.7825,2.1902500000000003,9.1551647,-94.828995,43.316994,9.719180917513114,-110.7613023511733,46.63986439499102,-6.7858882829523025e-18,-0.6410094540138794,0.7669107139598045,-0.030900431687779305
38.422194957733154,0,0,0,0,0,0,0,0,0,1,7.583749999999999,6.08775,-8.088000000000001,10.87975,-4.792,-3.2960000000000003,2.22925,0,0,0,0,0,0,0,0,0,1
38.48473405838013,8.86864176496054,-73.34663309929162,38.7092368156538,-0.7156317269421208,-72.43827820908305,41.12173919888642,-4.9079738056241514e-18,-0.7066938180325035,0.706900054759441,0.029600002292940228,4.993499999999999,3.91125,-6.63125,7.768,-3.85675,-2.7745,2.25925,9.1551647,-94.828995,43.316994,9.914858496209462,-111.3027677942511,46.80425861370962,4.5304095972334985e-18,-0.6422363442322793,0.7658130854376253,-0.03260055704526846
38.61190700531006,8.830689430508873,-73.86563285666736,38.753875285375884,-0.473930748797585,-72.940226762142,41.6023932192025,-2.451744885029033e-18,0.7075464851867186,-0.706099909011697,-0.028299996353251693,4.77975,4.189,-2.36025,5.6645,-1.4755,-0.88475,2.32275,9.1551647,-94.828995,43.316994,10.124859763011216,-111.90442614359839,47.055668037960885,9.071467426325759e-18,-0.6432500235681773,0.7649141619326422,-0.03370062394709117
38.66863441467285,0,0,0,0,0,0,0,0,0,1,4.4535,3.87225,-0.72575,4.52575,-0.6535,-0.07225,2.35225,0,0,0,0,0,0,0,0,0,1
38.739285945892334,8.78967663484893,-74.42648454877916,38.802113383604485,-0.14254186731491814,-73.50933308518893,41.87127870095573,0.0,0.7086971836253855,-0.7049997818221795,-0.02689999167520089,2.235,1.6807499999999997,-0.55425,2.235,-0.55425,0.0,2.38625,9.1551647,-94.828995,43.316994,10.331045317892318,-112.484313809007,47.32736237442249,1.135878625528882e-17,-0.6447460791752179,0.7636042430013567,-0.0348001933688413
38.789554834365845,0,0,0,0,0,0,0,0,0,1,1.2297500000000001,1.2297500000000001,0.0,1.2297500000000001,0.0,0.0,2.4122500000000002,0,0,0,0,0,0,0,0,0,1
38.855719327926636,8.749737724499326,-74.9726508144589,38.8490884080959,0.2578829855585525,-74.08006798309347,42.00700494571028,7.333920318824702e-18,0.7096028047335557,-0.7040996380071606,-0.026599986324372195,0.11225,0.11225,0.0,0.11225,0.0,0.0,2.44475,9.1551647,-94.828995,43.316994,10.526693069043404,-113.04837226579049,47.36810565362987,2.2750182554317543e-18,-0.6460075643715737,0.7625096949596082,-0.03540045010041984
38.98973774909973,8.70703428,-75.55662219999999,38.899315,0.3865548039448754,-74.68163384546001,42.193718834825006,2.443197340760419e-18,0.7100218418856388,-0.703699499081622,-0.025999981492286738,0.0,0.0,0.0,0.0,0.0,0.0,2.51125,9.1551647,-94.828995,43.316994,10.750289401627441,-113.64699041575405,47.5251438355767,-6.8295612528868475e-18,-0.6465734151787134,0.7620065528705264,-0.03590030872447757
39.0646071434021,8.691354707651353,-76.074038233863,38.97960202508946,0.5067184482029177,-75.28849688675722,42.44367472634619,4.886877635015649e-18,0.7099516728420199,-0.7037993913943865,-0.025199978208494653,0.0,0.0,0.0,0.0,0.0,0.0,2.54825,9.1551647,-94.828995,43.316994,10.886592643855096,-114.29209764599793,47.67128790027073,-4.553054313373227e-18,-0.6465481236375346,0.7620042971512896,-0.03640020527074402
39.108195304870605,0,0,0,0,0,0,0,0,0,1,0.0,0.0,0.0,0.0,0.0,0.0,2.57225,0,0,0,0,0,0,0,0,0,1
39.167659521102905,0,0,0,0,0,0,0,0,0,1,0.0,0.0,0.0,0.0,0.0,0.0,2.60125,0,0,0,0,0,0,0,0,0,1
39.23677110671997,8.67332803406329,-76.66890713361869,39.0719073483765,0.8237858143008623,-75.87772210064857,42.63779307341929,0.0,0.7106656695567829,-0.703099670516623,-0.024599988472065033,0.0,0.0,0.0,0.0,0.0,0.0,2.63525,9.1551647,-94.828995,43.316994,11.036700907640295,-114.8572187940994,47.778552046712505,2.2794917502385117e-18,-0.6476515269546043,0.7610132722767243,-0.03750065402152057
39.36876201629639,8.654921337571137,-77.27631655038844,39.1661585734877,1.0911957885014942,-76.47004984209046,42.88505761276201,0.0,0.7114870168958013,-0.7022994629413992,-0.023699981876279606,0.0,0.0,0.0,0.0,0.0,0.0,2.70125,9.1551647,-94.828995,43.316994,11.299478656202893,-115.47203097758981,47.911042929010534,4.5650096937925206e-18,-0.6488010377329753,0.7600086713225059,-0.0380004335661253
39.440804958343506,0,0,0,0,0,0,0,0,0,1,0.0,0.0,0.0,0.0,0.0,0.0,2.73775,0,0,0,0,0,0,0,0,0,1
39.47889161109924,8.638093383171295,-77.83162847025373,39.25232587238224,1.3096129925959872,-77.01327564991965,43.0950567714838,1.2181286615688976e-18,0.7120444377946732,-0.7017989954066478,-0.021699968937481127,0.0,0.0,0.0,0.0,0.0,0.0,2.75625,9.1551647,-94.828995,43.316994,11.405622977686932,-116.07520238956022,48.11989127302675,-1.1423091121583586e-17,-0.6494663798617302,0.7593056281846075,-0.04060030094072838
39.570061445236206,0,0,0,0,0,0,0,0,0,1,0.0,0.0,0.0,0.0,0.0,0.0,2.79325,0,0,0,0,0,0,0,0,0,1
39.658907890319824,8.619793123195521,-78.43552554887171,39.34603209083949,1.5620048293547768,-77.620207959961,43.22206673867309,-6.085698751053092e-18,0.7126229653072393,-0.7011990449559657,-0.02209996989949636,0.0,0.0,0.0,0.0,0.0,0.0,2.84675,9.1551647,-94.828995,43.316994,11.583163329077877,-116.61501603954378,48.22980326927561,-4.574032002058129e-18,-0.6504145853711891,0.7585095492100852,-0.04030050736079952
39.790523052215576,8.603531246981957,-78.97215724433502,39.429300794508755,1.9153146497975797,-78.15501797663256,43.38925052032198,-4.860620276730557e-18,0.7137868737788543,-0.6999982438433621,-0.02259994330122855,0.0,0.0,0.0,0.0,0.0,0.0,2.90675,9.1551647,-94.828995,43.316994,11.76579274484348,-117.23739846618817,48.32083409647902,-2.2900606828363877e-18,-0.6516134404181665,0.7575010954854876,-0.039900057702799925
39.850675106048584,8.586023727199805,-79.54989439475168,39.518947798186446,2.221269654489248,-78.75344200853553,43.40874957530178,0.0,0.7146609376886105,-0.6990993528136836,-0.022799978893079654,0.0,0.0,0.0,0.0,0.0,0.0,2.907,9.1551647,-94.828995,43.316994,12.02305934476044,-117.84322184142115,48.34897542886563,-6.8792113796815166e-18,-0.6527857384374883,0.7565068349697022,-0.039600357785591817
39.916491746902466,0,0,0,0,0,0,0,0,0,1,0.0,0.0,0.0,0.0,0.0,0.0,2.907,0,0,0,0,0,0,0,0,0,1
39.97289180755615,8.578132222222528,-79.81030909967862,39.55935613611914,2.360468413002394,-78.96927809395754,43.76517416740802,-2.4256357147788962e-18,0.7151624068723492,-0.6985992934518939,-0.0223999773451509,0.0,0.0,0.0,0.0,0.0,0.0,2.907,9.1551647,-94.828995,43.316994,12.056311291784567,-118.04402802273127,48.52637662831691,-2.2951975653176733e-18,-0.6535730037129643,0.7558057320162362,-0.04000030336153671
40.037482261657715,0,0,0,0,0,0,0,0,0,1,0.0,0.0,0.0,0.0,0.0,0.0,2.907,0,0,0,0,0,0,0,0,0,1
40.181636095047,8.579175381823259,-79.77588548841585,39.55401465236092,2.3697632733027945,-78.94231880274539,43.71333979474531,2.42564268569679e-18,0.7151603516073887,-0.6985981850243287,-0.022499941544585452,0.0,0.0,0.0,0.0,0.0,0.0,2.907,9.1551647,-94.828995,43.316994,12.06884730632936,-118.06386744209456,48.510589108604805,-1.1475885209724488e-17,-0.6535590380445431,0.7558124903980514,-0.040100662695106995
40.22529625892639,8.578088968992747,-79.81173642907939,39.55957761366122,2.3897484107383775,-78.97974066192505,43.712893995219076,-2.4259778363651176e-18,0.7150615516652746,-0.6986993118125387,-0.022499977838531724,0.0,0.0,0.0,0.0,0.0,0.0,2.907,9.1551647,-94.828995,43.316994,12.091072610620898,-118.08607241266192,48.45479506652815,-4.590400488585746e-18,-0.6535617554811548,0.7558048498340315,-0.04020025795624248
40.28648829460144,0,0,0,0,0,0,0,0,0,1,0.0,0.0,0.0,0.0,0.0,0.0,2.907,0,0,0,0,0,0,0,0,0,1
40.35196805000305,8.57846430289383,-79.79935064621786,39.557655721809645,2.3592872973840144,-78.9616153638228,43.7419386873661,2.4259633124711545e-18,0.7150658326360957,-0.6986981448815287,-0.02239994052575675,0.0,0.0,0.0,0.0,0.0,0.0,2.907,9.1551647,-94.828995,43.316994,12.09979291324504,-118.08414114808653,48.459292459026386,0.0,-0.6535477601320688,0.7558116070441838,-0.04030061889902172
40.409836530685425,0,0,0,0,0,0,0,0,0,1,0.0,0.0,0.0,0.0,0.0,0.0,2.907,0,0,0,0,0,0,0,0,0,1
40.560967445373535,8.578838021729789,-79.7870181594904,39.555742099875836,2.362708579858321,-78.95406120534524,43.70982592485761,0.0,0.7149670173584068,-0.6987992595538074,-0.022399976265033324,0.0,0.0,0.0,0.0,0.0,0.0,2.907,9.1551647,-94.828995,43.316994,12.090103623498322,-118.08177559688247,48.49929898139092,0.0,-0.6535421002328382,0.7558111635898597,-0.0404005967306567
40.607563972473145,8.578000413241263,-79.81465871322658,39.56003106211525,2.3723078054900952,-78.98360319107582,43.703899210222616,2.426630328067368e-18,0.7148692802164006,-0.6988992440175957,-0.02239997577048812,0.0,0.0,0.0,0.0,0.0,0.0,2.907,9.1551647,-94.828995,43.316994,12.0843201097872,-118.07400429509055,48.48494078381559,-2.2951824213174768e-18,-0.6535364263722622,0.7558107189497575,-0.04050057438140405
40.66553521156311,0,0,0,0,0,0,0,0,0,1,0.0,0.0,0.0,0.0,0.0,0.0,2.907,0,0,0,0,0,0,0,0,0,1
40.808637619018555,8.578168580965016,-79.80910928402571,39.559169961700256,2.356835002032284,-78.97346633807982,43.72954753501182,4.853239199538046e-18,0.7148724407162651,-0.6988992092066779,-0.022299974767933776,0.0,0.0,0.0,0.0,0.0,0.0,2.907,9.1551647,-94.828995,43.316994,12.088922507879943,-118.07411286674773,48.47606350134902,-2.2951824213174768e-18,-0.6535364263722622,0.7558107189497575,-0.04050057438140405
40.8533399105072,8.57811638395602,-79.81083175252002,39.5594372357354,2.335760985813863,-78.98151711135289,43.684926117619156,2.426630328067368e-18,0.7148692802164006,-0.6988992440175957,-0.02239997577048812,0.0,0.0,0.0,0.0,0.0,0.0,2.907,9.1551647,-94.828995,43.316994,12.108028722307921,-118.08006147562142,48.486041808956,-2.2949054204045225e-18,-0.6534247299358485,0.755901947223179,-0.04060010458693091
40.98719620704651,8.577823301738292,-79.82050328152097,39.5609379590233,2.3374265949935307,-78.99132824937735,43.68590964022968,-2.4266159332875083e-18,0.7148735208487047,-0.6988981055099197,-0.022299939551969114,0.0,0.0,0.0,0.0,0.0,0.0,2.907,9.1551647,-94.828995,43.316994,12.09058811705961,-118.08392400477219,48.47704702395953,2.2948835124099915e-18,-0.6534163578578545,0.7559091634045828,-0.040600492173867006
41.04241418838501,0,0,0,0,0,0,0,0,0,1,0.0,0.0,0.0,0.0,0.0,0.0,2.907,0,0,0,0,0,0,0,0,0,1
41.09666395187378,8.57778430328472,-79.82179020598076,39.5611376500449,2.336942101432271,-78.98917984148761,43.70816159766105,-2.4266159332875083e-18,0.7148735208487047,-0.6988981055099197,-0.022299939551969114,0.0,0.0,0.0,0.0,0.0,0.0,2.907,9.1551647,-94.828995,43.316994,12.076386493335121,-118.05427344738445,48.49185102106112,2.295185132622404e-18,-0.6535250367690291,0.7558098261096561,-0.04070052913821515
41.164724826812744,0,0,0,0,0,0,0,0,0,1,0.0,0.0,0.0,0.0,0.0,0.0,2.907,0,0,0,0,0,0,0,0,0,1
41.22470569610596,8.578412105884832,-79.80107311471215,39.557922995844784,2.3382132811655936,-78.96966613709586,43.697317269973425,-2.4266159332875083e-18,0.7148735208487047,-0.6988981055099197,-0.022299939551969114,0.0,0.0,0.0,0.0,0.0,0.0,2.907,9.1551647,-94.828995,43.316994,12.078536596076106,-118.06623299329864,48.470582586240255,2.295185132622404e-18,-0.6535250367690291,0.7558098261096561,-0.04070052913821515
41.35269641876221,8.578537020378807,-79.79695101491205,39.55728337297187,2.3520204754437373,-78.96999185206738,43.67068542257368,-2.4266159332875083e-18,0.7148735208487047,-0.6988981055099197,-0.022299939551969114,0.0,0.0,0.0,0.0,0.0,0.0,2.907,9.1551647,-94.828995,43.316994,12.080686698817061,-118.07819253921284,48.44931415141939,-4.589769745601998e-18,-0.6534106564211998,0.7559087153071467,-0.0407004692591624
41.437620878219604,0,0,0,0,0,0,0,0,0,1,0.0,0.0,0.0,0.0,0.0,0.0,2.907,0,0,0,0,0,0,0,0,0,1
41.47736406326294,8.578075770437325,-79.81217197311388,39.559645196674765,2.369158888081273,-78.98993984308784,43.64602062039501,6.067378769228246e-18,0.7147746753403446,-0.6989991950191934,-0.0222999743189242,0.0,0.0,0.0,0.0,0.0,0.0,2.907,9.1551647,-94.828995,43.316994,12.102729702158086,-118.07443858171925,48.449431653949276,-4.589769745601998e-18,-0.6534106564211998,0.7559087153071467,-0.0407004692591624
41.53663659095764,0,0,0,0,0,0,0,0,0,1,0.0,0.0,0.0,0.0,0.0,0.0,2.9205,0,0,0,0,0,0,0,0,0,1
41.59700322151184,8.578241298449994,-79.80670965271992,39.558797612862485,2.3495681800920067,-78.98184282632441,43.658294270219415,-6.067352061101097e-18,0.7147778217364524,-0.6989991607556721,-0.02219997334588829,0.0,0.0,0.0,0.0,0.0,0.0,2.9495,9.1551647,-94.828995,43.316994,12.087256898700247,-118.06430172872325,48.47507997873849,-4.589816297074045e-18,-0.6534133148852426,0.7559010486248321,-0.04080005659993802
41.73154854774475,8.567234374886013,-80.16993121315996,39.615158406938306,2.5680711028601593,-79.33726860539925,43.80971747950659,-2.424340611232484e-18,0.7155444527635538,-0.6981982874850565,-0.0226999443224159,0.0,0.0,0.0,0.0,0.0,0.0,3.0165,9.1551647,-94.828995,43.316994,12.157332375907373,-118.42660007751866,48.605959060162235,9.189326498409021e-18,-0.6543470901294604,0.7551036417204877,-0.0406001958069816
41.78359079360962,0,0,0,0,0,0,0,0,0,1,0.0,0.0,0.0,0.0,0.0,0.0,3.0435,0,0,0,0,0,0,0,0,0,1
41.85297131538391,8.548486546956239,-80.80455961420722,39.715255198459396,2.841749084333202,-79.93951605652278,44.04908825899324,2.4199220650114772e-18,0.7168509684912433,-0.6968979349139002,-0.02139993658653675,0.0,0.0,0.0,0.0,0.0,0.0,3.0775,9.1551647,-94.828995,43.316994,12.28276521276996,-119.06167902642372,48.76887416717891,-2.3015914747339512e-18,-0.65588099896281,0.753706074696566,-0.04180033690104345
41.940619468688965,8.533451823812943,-81.33999656597067,39.80233217225973,3.279779808120395,-80.48945741540324,44.125203873758906,-2.4158358737468578e-18,0.718063464007729,-0.6955974881192121,-0.022999916944712304,0.0,0.0,0.0,0.0,0.0,0.0,3.121,9.1551647,-94.828995,43.316994,12.628203826050907,-119.65248657168232,48.797485509685075,0.0,-0.6572324992819314,0.7526096665384473,-0.040300517620913405
41.98779034614563,0,0,0,0,0,0,0,0,0,1,0.0,0.0,0.0,0.0,0.0,0.0,3.146,0,0,0,0,0,0,0,0,0,1
42.09739327430725,8.519014578933998,-81.85415531144055,39.88594871658123,3.6096832086533084,-80.99439973137271,44.32494621744253,2.4115723275360884e-18,0.719332966367706,-0.6942977220531281,-0.02259992585107403,0.0,0.0,0.0,0.0,0.0,0.0,3.19375,9.1551647,-94.828995,43.316994,12.749516585661382,-120.209293559706,48.93477787088439,-6.9268204395552064e-18,-0.6587025289311055,0.7513072517676809,-0.040600391883093105
42.164475440979004,0,0,0,0,0,0,0,0,0,1,0.0,0.0,0.0,0.0,0.0,0.0,3.194,0,0,0,0,0,0,0,0,0,1
42.23872637748718,8.504124561818836,-82.38443879586931,39.97218759293872,3.780016393194586,-81.49740384218946,44.61090682792144,-1.2047499465609195e-18,0.7199516716845478,-0.6936972711550966,-0.021299916211047362,0.0,0.0,0.0,0.0,0.0,0.0,3.194,9.1551647,-94.828995,43.316994,12.874762776132116,-120.65778998632223,49.12910838080252,-2.3114143308423387e-18,-0.6595437337411957,0.7505030373955626,-0.041800169171398414
42.29058861732483,0,0,0,0,0,0,0,0,0,1,0.0,0.0,0.0,0.0,0.0,0.0,3.194,0,0,0,0,0,0,0,0,0,1
42.346882820129395,8.506526588253479,-82.29889457267592,39.95827571768011,3.7563056079532373,-81.41103486454466,44.597557731928475,-2.409187760902498e-18,0.7200449479815421,-0.6935973733765062,-0.021399918959425078,0.0,0.0,0.0,0.0,0.0,0.0,3.194,9.1551647,-94.828995,43.316994,12.915003243348167,-120.65110440110209,49.02597735856139,0.0,-0.659429434835134,0.7506090118814949,-0.04170050066008304
42.481422424316406,8.503892236777679,-82.3927126703311,39.97353315556259,3.7945202095298214,-81.50324387940599,44.62976241799501,3.613775420008146e-18,0.7200461875849898,-0.6935991629459842,-0.02129997429462149,0.0,0.0,0.0,0.0,0.0,0.0,3.194,9.1551647,-94.828995,43.316994,12.952915652314005,-120.76712393613465,49.024522457452775,-9.24444148176317e-18,-0.6594250547772161,0.7506017445830366,-0.04190009738613007
42.55895948410034,0,0,0,0,0,0,0,0,0,1,0.0,0.0,0.0,0.0,0.0,0.0,3.194,0,0,0,0,0,0,0,0,0,1
42.60480308532715,8.503389168588027,-82.41062861699861,39.97644678790238,3.806571730513383,-81.52093489087953,44.6362268557143,0.0,0.7200509706765571,-0.6935972629522508,-0.021199916341677786,0.0,0.0,0.0,0.0,0.0,0.0,3.194,9.1551647,-94.828995,43.316994,12.951644472580654,-120.78663764052641,49.0353667851404,0.0,-0.6594117941778295,0.750607786464234,-0.04200043569344234
42.65851020812988,0,0,0,0,0,0,0,0,0,1,0.0,0.0,0.0,0.0,0.0,0.0,3.194,0,0,0,0,0,0,0,0,0,1
42.737842082977295,8.503227983747617,-82.41636895014585,39.977380326085395,3.7963979472053495,-81.51642093178572,44.69848533551023,-1.2045788026544387e-18,0.72005396083433,-0.6935972080905056,-0.02109991506734381,0.0,0.0,0.0,0.0,0.0,0.0,3.194,9.1551647,-94.828995,43.316994,12.929903661850403,-120.76658107784877,49.06890886978567,4.622796563638199e-18,-0.6595187033258283,0.7505082484579672,-0.04210046270497058
42.973291873931885,8.50353929140661,-82.40528223957574,39.975577317901774,3.7993347361183964,-81.50671836541842,44.68862453043312,-1.2045788026544387e-18,0.72005396083433,-0.6935972080905056,-0.02109991506734381,0.0,0.0,0.0,0.0,0.0,0.0,3.194,9.1551647,-94.828995,43.316994,12.93038815541172,-120.7687294857385,49.046656912354266,4.622796563638199e-18,-0.6595187033258283,0.7505082484579672,-0.04210046270497058
43.040653705596924,0,0,0,0,0,0,0,0,0,1,0.0,0.0,0.0,0.0,0.0,0.0,3.194,0,0,0,0,0,0,0,0,0,1
43.09767007827759,8.50354143780977,-82.40520579895535,39.975564886526094,3.7828631179926617,-81.51487771034866,44.63512583057387,3.614228616043821e-18,0.7199558994177534,-0.6936989939339253,-0.021099969398883988,0.0,0.0,0.0,0.0,0.0,0.0,3.194,9.1551647,-94.828995,43.316994,12.964967173297538,-120.78481494760818,49.03098689517206,4.622186063679859e-18,-0.6594058859946685,0.7506073758509593,-0.04210041370014041
43.16074204444885,0,0,0,0,0,0,0,0,0,1,0.0,0.0,0.0,0.0,0.0,0.0,3.194,0,0,0,0,0,0,0,0,0,1
43.229788303375244,8.503118425439531,-82.42027068920436,39.9780148576183,3.804119435161624,-81.53278586513656,44.623835703360015,3.614228616043821e-18,0.7199558994177534,-0.6936989939339253,-0.021099969398883988,0.0,0.0,0.0,0.0,0.0,0.0,3.194,9.1551647,-94.828995,43.316994,12.958699166025156,-120.77489523792654,49.03888065502811,1.3866565796419994e-17,-0.6593999638302991,0.7506069641661396,-0.042200391537185036
43.35747814178467,8.503158989950029,-82.41882605084,39.977779919150585,3.804603928722912,-81.5349342730263,44.60158374592861,2.409479831124123e-18,0.7199576662019561,-0.6936971619661356,-0.021099913676640426,0.0,0.0,0.0,0.0,0.0,0.0,3.194,9.1551647,-94.828995,43.316994,12.954096767932413,-120.77478666626936,49.047757937494694,1.3866565796419994e-17,-0.6593999638302991,0.7506069641661396,-0.042200391537185036
43.40852403640747,0,0,0,0,0,0,0,0,0,1,0.0,0.0,0.0,0.0,0.0,0.0,3.194,0,0,0,0,0,0,0,0,0,1
43.47370624542236,8.502959387002281,-82.42593458173121,39.97893596442563,3.7774740337279127,-81.53643125097298,44.6325954832967,2.409479831124123e-18,0.7199576662019561,-0.6936971619661356,-0.021099913676640426,0.0,0.0,0.0,0.0,0.0,0.0,3.194,9.1551647,-94.828995,43.316994,12.944891971746983,-120.77456952295502,49.06551250242785,6.933286710808358e-18,-0.6593940276852152,0.7506065514091024,-0.042300369204110094
43.55741858482361,0,0,0,0,0,0,0,0,0,1,0.0,0.0,0.0,0.0,0.0,0.0,3.194,0,0,0,0,0,0,0,0,0,1
43.598740100860596,8.503110583022444,-82.42054998399814,39.97806027873718,3.762001230270073,-81.52629439797698,44.65824380808591,3.614204806750815e-18,0.7199606422704352,-0.6936971077198636,-0.02099991244358821,0.0,0.0,0.0,0.0,0.0,0.0,3.194,9.1551647,-94.828995,43.316994,12.949494369839698,-120.7746780946122,49.056635219961265,6.933286710808358e-18,-0.6593940276852152,0.7506065514091024,-0.042300369204110094
43.727941036224365,8.506578410825801,-82.29704899694484,39.95797557562034,3.8798725714414672,-81.32724676386218,45.12244892038407,-2.397106581738856e-18,0.7236739030262234,-0.6899959742141336,-0.014199917150493763,0.0,0.0,0.0,0.0,0.0,0.0,3.194,9.1551647,-94.828995,43.316994,12.835281340263492,-120.74571827008053,49.13224416412871,-6.962999307605452e-18,-0.6627550205862706,0.7474035538458375,-0.04630022015395004
43.80468988418579,0,0,0,0,0,0,0,0,0,1,0.0,0.0,0.0,0.0,0.0,0.0,3.194,0,0,0,0,0,0,0,0,0,1
43.85822129249573,8.501231747675389,-82.48746161659056,39.98894197537578,3.6289857701182484,-81.50728463492374,45.17481472893731,-1.2043461439076131e-18,0.7201930627470334,-0.6935982940925766,-0.01559996163183996,0.0,0.0,0.0,0.0,0.0,0.0,3.194,9.1551647,-94.828995,43.316994,12.943166125997664,-120.76934180575134,49.2222597270581,-4.627140599215656e-18,-0.6599531808728443,0.7498036589901151,-0.04750023179785339
43.90880346298218,0,0,0,0,0,0,0,0,0,1,0.0,0.0,0.0,0.0,0.0,0.0,3.194,0,0,0,0,0,0,0,0,0,1
43.9775652885437,8.501474061536792,-82.47883200671463,39.98753856025735,3.6401285405488295,-81.51609540979703,45.068052334278576,0.0,0.7202911130421419,-0.6934964707548561,-0.01559992061106814,0.0,0.0,0.0,0.0,0.0,0.0,3.194,9.1551647,-94.828995,43.316994,12.944135113120211,-120.77363862153082,49.177755812195315,0.0,-0.660045161092381,0.7497099671332561,-0.047700634163340416
44.10274386405945,8.501041596947097,-82.4942335222227,39.99004327600019,3.6316203664205204,-81.52139258872768,45.131294336685045,0.0,0.7204027023117284,-0.6933980874723153,-0.014799959178814921,0.0,0.0,0.0,0.0,0.0,0.0,3.194,9.1551647,-94.828995,43.316994,12.917005218125212,-120.7751355994775,49.208767549563404,0.0,-0.6603151667818583,0.7494078600912759,-0.048700510790559294
44.18554997444153,8.50249534614948,-82.44246063394709,39.981623561183916,3.7043798128963488,-81.49165648493651,44.99968192435303,1.2062322841315859e-18,0.7190669238411665,-0.6946972014952145,-0.018399925878094064,0.0,0.0,0.0,0.0,0.0,0.0,3.194,9.1551647,-94.828995,43.316994,12.985676587614932,-120.72484631821321,49.187431401777815,-1.8491144571448746e-17,-0.6592422415296619,0.7505099402685138,-0.04620061191259872
44.22677516937256,0,0,0,0,0,0,0,0,0,1,0.0,0.0,0.0,0.0,0.0,0.0,3.194,0,0,0,0,0,0,0,0,0,1
44.288397789001465,0,0,0,0,0,0,0,0,0,1,0.0,0.0,0.0,0.0,0.0,0.0,3.194,0,0,0,0,0,0,0,0,0,1
44.346999168395996,8.502217503779443,-82.45235553325888,39.983232747634894,3.5518046352586055,-81.52316190459534,44.84211218201355,-1.2068412253988235e-18,0.7187041010318217,-0.6950983071729536,-0.01739995762452797,0.0,0.0,0.0,0.0,0.0,0.0,3.194,9.1551647,-94.828995,43.316994,12.886906533951219,-120.72861636038323,49.11374108164479,4.622169663109146e-18,-0.6590430554763027,0.7506100391866312,-0.047400633969419556
44.43786406517029,0,0,0,0,0,0,0,0,0,1,0.0,0.0,0.0,0.0,0.0,0.0,3.194,0,0,0,0,0,0,0,0,0,1
44.47897005081177,8.500239562916615,-82.5227966458931,39.994688436113464,3.5460232942681387,-81.59570239991737,44.84000205529077,-4.828014438557176e-18,0.7186074101697257,-0.6951982678041585,-0.017399956645270942,0.0,0.0,0.0,0.0,0.0,0.0,3.194,9.1551647,-94.828995,43.316994,12.893084477108687,-120.76571250459136,49.1399271295183,4.622169663109146e-18,-0.6590430554763027,0.7506100391866312,-0.047400633969419556
44.536675691604614,0,0,0,0,0,0,0,0,0,1,0.0,0.0,0.0,0.0,0.0,0.0,3.194,0,0,0,0,0,0,0,0,0,1
44.5960648059845,8.499880714936861,-82.5355764268438,39.99676678473575,3.5961347707023776,-81.57673868737166,45.04598559234181,-1.2058162363455703e-18,0.7193150264895171,-0.6944997428768006,-0.015999994076355377,0.0,0.0,0.0,0.0,0.0,0.0,3.194,9.1551647,-94.828995,43.316994,12.882608501189907,-120.78500906566877,49.168526022139076,4.624635693356645e-18,-0.6594406546409007,0.7502097855918735,-0.048200628719712466
44.664000511169434,0,0,0,0,0,0,0,0,0,1,0.0,0.0,0.0,0.0,0.0,0.0,3.194,0,0,0,0,0,0,0,0,0,1
44.78444457054138,8.500504403456425,-82.5133647853934,39.993154552680664,3.59377253946559,-81.5614132271022,44.999514632257984,-1.205994503359054e-18,0.7192086991877181,-0.6945981561004531,-0.01649995619875824,0.0,0.0,0.0,0.0,0.0,0.0,3.194,9.1551647,-94.828995,43.316994,12.906801607271916,-120.79321465408938,49.14737508984811,4.626478590833195e-18,-0.6597584781066758,0.7499109492969236,-0.04850070814895427
44.85304236412048,8.499534538781301,-82.54790492160485,39.99877174164388,3.6513033112453854,-81.58262496807855,45.09718894998365,0.0,0.7199960612198985,-0.6937982654029198,-0.015799960497789187,0.0,0.0,0.0,0.0,0.0,0.0,3.194,9.1551647,-94.828995,43.316994,12.89220772682171,-120.81455105139935,49.16259930750407,4.62590368544537e-18,-0.6596599064626109,0.7500041479180914,-0.048400267678980854
44.90798258781433,0,0,0,0,0,0,0,0,0,1,0.0,0.0,0.0,0.0,0.0,0.0,3.194,0,0,0,0,0,0,0,0,0,1
44.9739191532135,8.501777856784729,-82.46801283831587,39.98577906188859,3.7007159929019053,-81.47783513617391,45.24543697870885,1.2041742753556032e-18,0.7202958539637165,-0.6934982292393506,-0.015299960933470896,0.0,0.0,0.0,0.0,0.0,0.0,3.194,9.1551647,-94.828995,43.316994,12.891146502863592,-120.75711887303243,49.228934959243844,0.0,-0.6606959516771431,0.7490064930366894,-0.049700430846359785
45.03713512420654,0,0,0,0,0,0,0,0,0,1,0.0,0.0,0.0,0.0,0.0,0.0,3.194,0,0,0,0,0,0,0,0,0,1
45.18202471733093,8.500639635418933,-82.50854872133316,39.99237132641543,3.695934048058291,-81.57268204016032,44.917441250371255,2.4127681853100474e-18,0.718976438158683,-0.6947987281019558,-0.018099966866213874,0.0,0.0,0.0,0.0,0.0,0.0,3.194,9.1551647,-94.828995,43.316994,12.99567024269308,-120.78371314636001,49.193332537440966,0.0,-0.6595083969931929,0.7502075308721151,-0.04730047482038261
45.22565579414368,8.500823016931715,-82.50201789018462,39.99130923122207,3.642945437801643,-81.55616229166192,44.968620397419784,0.0,0.719287783759713,-0.6944967940150828,-0.017299920138892633,0.0,0.0,0.0,0.0,0.0,0.0,3.194,9.1551647,-94.828995,43.316994,12.979198624567346,-120.79187249129023,49.13983383758173,0.0,-0.6597004569258011,0.7500069498258353,-0.04780044293556656
45.288431882858276,0,0,0,0,0,0,0,0,0,1,0.0,0.0,0.0,0.0,0.0,0.0,3.194,0,0,0,0,0,0,0,0,0,1
45.35064744949341,8.500975822754246,-82.49657596198627,39.99042422200186,3.615118920749495,-81.5521449473636,44.954144697314575,0.0,0.7189865607279052,-0.6947985584273232,-0.017699963275998303,0.0,0.0,0.0,0.0,0.0,0.0,3.194,9.1551647,-94.828995,43.316994,12.970478321943176,-120.79380375586562,49.13533644508348,0.0,-0.6594950770537451,0.7502066072746421,-0.04750041834916754
45.437903881073,0,0,0,0,0,0,0,0,0,1,0.0,0.0,0.0,0.0,0.0,0.0,3.194,0,0,0,0,0,0,0,0,0,1
45.537736654281616,8.500745644116249,-82.50477339582766,39.991757353250065,3.6131511189590526,-81.56614432951037,44.919501587528885,0.0,0.7189865607279052,-0.6947985584273232,-0.017699963275998303,0.0,0.0,0.0,0.0,0.0,0.0,3.194,9.1551647,-94.828995,43.316994,12.944317414070753,-120.79959754959178,49.121844267588784,0.0,-0.6594883961400188,0.7502061438332839,-0.047600389824665836
45.59440565109253,8.500825163334873,-82.50194144956423,39.991296799846396,3.6264738196759083,-81.56432163659215,44.91512169756052,-4.8254852743634045e-18,0.7189840512799649,-0.6947986005177474,-0.01779996414682772,0.0,0.0,0.0,0.0,0.0,0.0,3.194,9.1551647,-94.828995,43.316994,12.939715015978038,-120.7994889779346,49.130721550055355,0.0,-0.6594883961400188,0.7502061438332839,-0.047600389824665836
45.6649911403656,0,0,0,0,0,0,0,0,0,1,0.0,0.0,0.0,0.0,0.0,0.0,3.194,0,0,0,0,0,0,0,0,0,1
45.727644205093384,8.50105641517445,-82.49370579541265,39.98995745291035,3.6202058124034977,-81.55440192691051,44.92301545741658,0.0,0.7189865607279052,-0.6947985584273232,-0.017699963275998303,0.0,0.0,0.0,0.0,0.0,0.0,3.194,9.1551647,-94.828995,43.316994,12.944317414070753,-120.79959754959178,49.121844267588784,0.0,-0.6594950770537451,0.7502066072746421,-0.04750041834916754
45.7877299785614,0,0,0,0,0,0,0,0,0,1,0.0,0.0,0.0,0.0,0.0,0.0,3.194,0,0,0,0,0,0,0,0,0,1
45.936874866485596,8.501016387264743,-82.49513132362192,39.99018928353415,3.615603414310783,-81.55429335525335,44.93189273988317,0.0,0.7189865607279052,-0.6947985584273232,-0.017699963275998303,0.0,0.0,0.0,0.0,0.0,0.0,3.194,9.1551647,-94.828995,43.316994,12.942651804891057,-120.7897864115673,49.120860744978245,4.6252664701292785e-18,-0.6596078239053605,0.7501074747498044,-0.04750047333770926
45.97897720336914,8.50070454300496,-82.5062371443471,39.991995399561695,3.616784529929191,-81.56195608538806,44.955128219925086,0.0,0.7189865607279052,-0.6947985584273232,-0.017699963275998303,0.0,0.0,0.0,0.0,0.0,0.0,3.194,9.1551647,-94.828995,43.316994,12.94050170215013,-120.77782686565311,49.14212917979911,4.625269320165319e-18,-0.6596011426385429,0.7501070125424842,-0.04760044500336256
46.03711819648743,0,0,0,0,0,0,0,0,0,1,0.0,0.0,0.0,0.0,0.0,0.0,3.194,0,0,0,0,0,0,0,0,0,1
46.09379291534424,8.501517309051236,-82.47729181757478,39.98728808257004,3.620023511452956,-81.52844299884956,44.97892700202314,0.0,0.7189865607279052,-0.6947985584273232,-0.017699963275998303,0.0,0.0,0.0,0.0,0.0,0.0,3.194,9.1551647,-94.828995,43.316994,12.929631296785004,-120.76779858431429,49.15890022212176,4.625269320165319e-18,-0.6596011426385429,0.7501070125424842,-0.04760044500336256
46.18307375907898,0,0,0,0,0,0,0,0,0,1,0.0,0.0,0.0,0.0,0.0,0.0,3.194,0,0,0,0,0,0,0,0,0,1
46.330947160720825,8.501109455469143,-82.49181685250097,39.98965025813815,3.5200756778494906,-81.68606732117998,44.08418402017426,-4.845944896587706e-18,0.7159484942547821,-0.6976981560324133,-0.02519993339833284,0.0,0.0,0.0,0.0,0.0,0.0,3.194,9.1551647,-94.828995,43.316994,12.976959039190405,-120.84769198649313,48.79014945386888,2.3025026304445415e-18,-0.6563050968681523,0.7534078150615995,-0.040500420108832993
46.430192947387695,0,0,0,0,0,0,0,0,0,1,0.0,0.0,0.0,0.0,0.0,0.0,3.194,0,0,0,0,0,0,0,0,0,1
46.47158741950989,8.51637303029723,-81.94822972415344,39.90124783843695,5.305827549574474,-81.26075827009618,43.574181604790795,-4.800878119578828e-18,0.7226692420714862,-0.6897984959161894,-0.04389990427764672,0.0,0.0,0.0,0.0,0.0,0.0,3.194,9.1551647,-94.828995,43.316994,13.55385866499077,-120.63382919507622,48.62477252621929,-6.976067190273765e-18,-0.665357336116809,0.746003483909419,-0.02790013029634423
46.5382399559021,0,0,0,0,0,0,0,0,0,1,0.0,0.0,0.0,0.0,0.0,0.0,3.194,0,0,0,0,0,0,0,0,0,1
46.59696984291077,8.521222114677164,-81.7755375545345,39.87316327781799,5.731242467761547,-81.07263745640871,43.71358284883647,-2.3926618982110565e-18,0.7250182222878307,-0.687297049517964,-0.04439980939705746,0.0,0.0,0.0,0.0,0.0,0.0,3.194,9.1551647,-94.828995,43.316994,13.76202287620086,-120.49492089719753,48.539495648041665,2.3297245754395753e-18,-0.6670778625799422,0.7446045314817944,-0.023900145450463182
46.73093223571777,8.506722351075567,-82.29192280154795,39.95714191335478,4.100309857687847,-81.65334381610712,43.12295695607176,0.0,0.7170371696009267,-0.6960994823650434,-0.03609997315526226,0.0,0.0,0.0,0.0,0.0,0.0,3.194,9.1551647,-94.828995,43.316994,13.130017119147823,-120.7786257842007,48.508186541661146,0.0,-0.6564627643993515,0.7540046567269715,-0.02310014266630377
46.78976607322693,0,0,0,0,0,0,0,0,0,1,0.0,0.0,0.0,0.0,0.0,0.0,3.194,0,0,0,0,0,0,0,0,0,1
46.84900617599487,8.509228838479123,-82.20265837265211,39.942625028947255,4.11774437305786,-81.3670498729567,44.32255347815291,-4.820064774409749e-18,0.7197925991312994,-0.6936983548106054,-0.026099938100845894,0.0,0.0,0.0,0.0,0.0,0.0,3.194,9.1551647,-94.828995,43.316994,13.109819271737393,-120.69723540407517,48.845925572545966,-2.3123182823514064e-18,-0.6602409386739346,0.7502096442418644,-0.03560045765797169
46.942700147628784,0,0,0,0,0,0,0,0,0,1,0.0,0.0,0.0,0.0,0.0,0.0,3.194,0,0,0,0,0,0,0,0,0,1
46.98043394088745,8.509404283099927,-82.19641020086526,39.94160890204531,4.520245046016186,-81.47335037097986,43.69894028683305,-4.8167439424964836e-18,0.7202888493498423,-0.6928983609391005,-0.03279992241131835,0.0,0.0,0.0,0.0,0.0,0.0,3.194,9.1551647,-94.828995,43.316994,13.268875166622394,-120.71961821504387,48.65830832367082,6.9369558989120164e-18,-0.6606404480266914,0.7502095304868001,-0.02720034554684212
47.102394819259644,8.513209628817489,-82.060889068085,39.91956938816859,4.746818268118147,-81.2942737531393,43.983186905052364,-2.3989043956343117e-18,0.7231315591958454,-0.6900970550020369,-0.02909987581590968,0.0,0.0,0.0,0.0,0.0,0.0,3.194,9.1551647,-94.828995,43.316994,13.25324988975936,-120.66092942028122,48.86351913257781,-2.31663826421537e-18,-0.6623636375231403,0.74881068087872,-0.023600336630258803
47.16120743751526,0,0,0,0,0,0,0,0,0,1,0.0,0.0,0.0,0.0,0.0,0.0,3.194,0,0,0,0,0,0,0,0,0,1
47.233908891677856,8.501479147584556,-82.47865087548358,39.9875091032701,3.7813268260301527,-81.89924554838682,42.735294520986386,2.4213755804950506e-18,0.7164206535948227,-0.6970984225357655,-0.028199936186355745,0.0,0.0,0.0,0.0,0.0,0.0,3.194,9.1551647,-94.828995,43.316994,13.013900869792053,-120.91970551522289,48.41591777050721,-1.145784631880062e-18,-0.6532305688725698,0.7570024190018958,-0.015400049210870804
47.31238389015198,0,0,0,0,0,0,0,0,0,1,0.0,0.0,0.0,0.0,0.0,0.0,3.194,0,0,0,0,0,0,0,0,0,1
47.36300706863403,8.50795616783751,-82.24798244562969,39.94999598663368,4.394500906441294,-81.68868634315835,42.678882038276384,2.4160063095395485e-18,0.7180128086285577,-0.6950982758392145,-0.03599991070380051,0.0,0.0,0.0,0.0,0.0,0.0,3.194,9.1551647,-94.828995,43.316994,13.311025953258877,-120.82443107220229,48.35476660304545,1.1492659386105626e-18,-0.6559244756609467,0.7547093399783735,-0.013300164597472328
47.48283791542053,8.515609889637563,-81.97540772435232,39.90566773886308,5.1409875594993935,-81.190001550745,44.15247328235385,0.0,0.7245586240984675,-0.688598572287228,-0.02909993966534757,0.0,0.0,0.0,0.0,0.0,0.0,3.194,9.1551647,-94.828995,43.316994,13.623590676959623,-120.60036948558823,48.942133352957185,0.0,-0.6639447201466494,0.7474028126292439,-0.02380008956459193
47.540014028549194,0,0,0,0,0,0,0,0,0,1,0.0,0.0,0.0,0.0,0.0,0.0,3.194,0,0,0,0,0,0,0,0,0,1
47.59865927696228,8.510204500733286,-82.1679117651928,39.9369742620037,4.722082604625882,-81.36881497476368,44.19656861286805,3.591844142418466e-18,0.7244426848134818,-0.6889965465060953,-0.02159989173371795,0.0,0.0,0.0,0.0,0.0,0.0,3.194,9.1551647,-94.828995,43.316994,13.22848222600112,-120.67775185849737,48.941001830029705,0.0,-0.6627425409590357,0.7484027522046097,-0.0258000948782455
47.65998315811157,0,0,0,0,0,0,0,0,0,1,0.0,0.0,0.0,0.0,0.0,0.0,3.194,0,0,0,0,0,0,0,0,0,1
47.74397873878479,8.508418599624594,-82.23151369764439,39.947317709140655,4.499442231905192,-81.3989784246062,44.374392769630816,-2.393932268789106e-18,0.7246334821553916,-0.6888967336589683,-0.018099914180907718,0.0,0.0,0.0,0.0,0.0,0.0,3.194,9.1551647,-94.828995,43.316994,13.229058956398006,-120.73303562897456,48.896918135721336,4.633316225213249e-18,-0.6622652069365403,0.7488042653065263,-0.02640015037939676
47.84874176979065,8.49684184160357,-82.64380090552986,40.014367101755454,3.903414826730483,-81.99222883196872,43.22778678393,2.4253566213708227e-18,0.7152447028578969,-0.6981994889810165,-0.030699977530388434,0.0,0.0,0.0,0.0,0.0,0.0,3.194,9.1551647,-94.828995,43.316994,13.225370235778485,-120.94303349473611,48.63848576600773,1.1457727463087743e-18,-0.6531295651311112,0.7570102716989031,-0.018900256453248703
47.937865257263184,0,0,0,0,0,0,0,0,0,1,0.0,0.0,0.0,0.0,0.0,0.0,3.194,0,0,0,0,0,0,0,0,0,1
47.98603701591492,8.502574194064628,-82.43965259505357,39.98116689578502,3.7082298509989755,-81.73355637864582,43.495165517453444,-4.836466313212464e-18,0.7173516214670268,-0.6962978204651895,-0.023999924876008258,0.0,0.0,0.0,0.0,0.0,0.0,3.194,9.1551647,-94.828995,43.316994,12.957036311045044,-120.88599850360661,48.64511257700687,-4.5976597708794455e-18,-0.6556525361231703,0.7546115034279655,-0.026100397878968857
48.03864860534668,0,0,0,0,0,0,0,0,0,1,0.0,0.0,0.0,0.0,0.0,0.0,3.194,0,0,0,0,0,0,0,0,0,1
48.10447287559509,8.507274435422316,-82.27226122501465,39.95394439293893,4.02875918165509,-81.58783783921339,43.38920771710437,7.229299963864057e-18,0.7198719729356473,-0.6936987131912682,-0.023799955851163592,0.0,0.0,0.0,0.0,0.0,0.0,3.194,9.1551647,-94.828995,43.316994,13.011081799818612,-120.79932683624405,48.50310163651346,1.1514118001506352e-18,-0.6573384833630103,0.7533028043267662,-0.021000078177169906
48.23381733894348,8.513129373493538,-82.06374722952964,39.92003420489148,5.942386913232781,-81.42390696773128,43.41055190394496,0.0,0.7281569397376704,-0.6846954025464058,-0.03129978983452973,0.0,0.0,0.0,0.0,0.0,0.0,3.194,9.1551647,-94.828995,43.316994,13.73178040950421,-120.72109690479238,48.67302394765102,5.807942529402359e-19,-0.6651507203120827,0.7467030997616082,-0.0030000124538433434
48.318209409713745,8.527746105512513,-81.54319634459546,39.83537812051054,6.88517480054162,-81.15911183727476,41.91350997452875,4.755157509907993e-18,0.729617671911933,-0.68159944822521,-0.05549995507115486,0.0,0.0,0.0,0.0,0.0,0.0,3.194,9.1551647,-94.828995,43.316994,13.861065876409015,-120.53053595515259,48.11816198957533,-5.822710163144645e-18,-0.6669593193541894,0.7448093015847208,0.020600257267246565
48.44014620780945,0,0,0,0,0,0,0,0,0,1,0.0,0.0,0.0,0.0,0.0,0.0,3.194,0,0,0,0,0,0,0,0,0,1
48.48878502845764,8.511728759060738,-82.11362781032567,39.92814617776301,5.271889844096421,-81.45599675211076,43.41253332212892,4.791911551042054e-18,0.724021492257958,-0.6889971318557694,-0.032799863461348666,0.0,0.0,0.0,0.0,0.0,0.0,3.194,9.1551647,-94.828995,43.316994,13.54280813139576,-120.67815378279037,48.70970318400103,-2.3141739471582805e-18,-0.6618221236356076,0.749608074236158,-0.008900095865397287
48.54146218299866,0,0,0,0,0,0,0,0,0,1,0.0,0.0,0.0,0.0,0.0,0.0,3.194,0,0,0,0,0,0,0,0,0,1
48.69305348396301,8.511213815752875,-82.1319666698088,39.931128587515424,4.142580689179965,-81.79048585428181,41.276607791322505,9.693598047882278e-18,0.7158223262025126,-0.6967985047308503,-0.04549990236115624,0.0,0.0,0.0,0.0,0.0,0.0,3.194,9.1551647,-94.828995,43.316994,12.818507101243341,-120.81918415783984,47.817739927451996,8.587639265555244e-19,-0.6528113437145199,0.7575088838448577,0.0042000492569615865
48.793710231781006,8.509036931954366,-82.20949280808935,39.94373649866101,4.309207189857659,-81.82039084735803,41.61118409153073,-4.847569832478195e-18,0.7157085038174579,-0.6970986905604514,-0.04259991997973779,0.0,0.0,0.0,0.0,0.0,0.0,3.194,9.1551647,-94.828995,43.316994,13.196119055825193,-120.91087132913016,47.99210355432885,2.861051722533423e-19,-0.6523575192089988,0.7579046292287634,0.003200019545496826
48.84887099266052,8.515051703177592,-81.99528661761782,39.908900601037345,6.462608626677962,-81.36291968698694,43.44295437989362,0.0,0.7298676023528398,-0.6824978625374992,-0.038599879112010946,0.0,0.0,0.0,0.0,0.0,0.0,3.194,9.1551647,-94.828995,43.316994,13.851017921444196,-120.67658533257779,48.711768439973866,-2.911763251762198e-19,-0.6673847241810905,0.7447048944170483,0.0035000230031686183
48.94576382637024,8.516896387751776,-81.92959120866671,39.898216696265365,4.5340164760660855,-81.29593631490587,43.10688066110119,2.4116424076852855e-18,0.7193120632016956,-0.6938980845780549,-0.03309990863169565,0.0,0.0,0.0,0.0,0.0,0.0,3.194,9.1551647,-94.828995,43.316994,13.310442123221094,-120.4876093037927,48.767138711059445,-4.608084289915963e-18,-0.6579612048776214,0.752904403147731,-0.014900087138931059
48.991150856018066,0,0,0,0,0,0,0,0,0,1,0.0,0.0,0.0,0.0,0.0,0.0,3.194,0,0,0,0,0,0,0,0,0,1
49.103952169418335,8.50576602483146,-82.32598078879222,39.96268069145591,4.25854865737648,-81.6793791464724,43.205313764204874,-2.414953978799274e-18,0.7183256870341349,-0.6949980237052915,-0.03139991071128943,0.0,0.0,0.0,0.0,0.0,0.0,3.194,9.1551647,-94.828995,43.316994,13.177344280074266,-120.81791657978894,48.54446839967153,-1.1514067538619936e-18,-0.6573838641194719,0.7533061058389141,-0.01940015724581831
49.20171070098877,8.518064510776464,-81.88799042721821,39.891451249569286,5.834102189652981,-81.12912978223517,44.09427760153886,0.0,0.7298857552637497,-0.6828972847828003,-0.030299879526898298,0.0,0.0,0.0,0.0,0.0,0.0,3.194,9.1551647,-94.828995,43.316994,13.50931799229275,-120.61659568846797,48.77044041810217,1.1668937296954503e-18,-0.66884847324319,0.7433082515704132,-0.011600128774676166
49.290690422058105,0,0,0,0,0,0,0,0,0,1,0.0,0.0,0.0,0.0,0.0,0.0,3.194,0,0,0,0,0,0,0,0,0,1
49.360878467559814,8.5252122880708,-81.6334340878771,39.85005329296859,5.177619669565672,-81.04578362437141,42.88552447588037,4.790376140179129e-18,0.7242535555514601,-0.6880963293016937,-0.04449976261288386,0.0,0.0,0.0,0.0,0.0,0.0,3.194,9.1551647,-94.828995,43.316994,13.092282665691215,-120.52794158300122,48.429233756458146,4.345488455609064e-19,-0.6631301631764962,0.7485019349799718,-0.001800004653258449
49.41519331932068,0,0,0,0,0,0,0,0,0,1,0.0,0.0,0.0,0.0,0.0,0.0,3.194,0,0,0,0,0,0,0,0,0,1
49.56512784957886,8.504955437589269,-82.35484852103852,39.96737538941466,3.62965605350405,-81.77900761041802,42.66645546931983,2.4309800325932934e-18,0.7135901787421342,-0.6994991782008682,-0.03859995465125592,0.0,0.0,0.0,0.0,0.0,0.0,3.194,9.1551647,-94.828995,43.316994,12.808759166168613,-120.8611112179799,48.43275789417312,-1.1462325054158691e-18,-0.6534842215248738,0.7567066314121956,-0.018800164755582494
49.60394215583801,8.499492776921294,-82.5493922016039,39.99901361483004,3.4359055945142813,-81.9509323800397,42.80466774530058,4.871226871312712e-18,0.7122326764096409,-0.7009990429893955,-0.03639995030643937,0.0,0.0,0.0,0.0,0.0,0.0,3.194,9.1551647,-94.828995,43.316994,12.803856748185751,-120.96512496360789,48.420223660317106,-9.15531445887729e-18,-0.6520093526531892,0.7579088555695704,-0.021400250045109925
49.662763357162476,0,0,0,0,0,0,0,0,0,1,0.0,0.0,0.0,0.0,0.0,0.0,3.194,0,0,0,0,0,0,0,0,0,1
49.725531339645386,8.505498243910392,-82.33551736613727,39.96423160476677,4.033636117533888,-81.66704070151897,43.30258715315426,0.0,0.7170739317138903,-0.696097568743168,-0.03539987635901184,0.0,0.0,0.0,0.0,0.0,0.0,3.194,9.1551647,-94.828995,43.316994,13.00384697814431,-120.86542210789688,48.56774738208486,3.4519133084923226e-18,-0.6568296546295807,0.7538095489141098,-0.018600235619265652
49.78718185424805,0,0,0,0,0,0,0,0,0,1,0.0,0.0,0.0,0.0,0.0,0.0,3.194,0,0,0,0,0,0,0,0,0,1
49.93535780906677,8.505441943046511,-82.33752242886113,39.964557683857315,3.627782232986192,-81.96795017492403,41.394882743867385,-4.864927525980736e-18,0.7131549100012949,-0.6991995335501787,-0.05029996644389877,0.0,0.0,0.0,0.0,0.0,0.0,3.194,9.1551647,-94.828995,43.316994,12.823990013585302,-120.89047517032633,48.21571923496798,0.0,-0.6527984707948928,0.7575078585604861,-0.006000062246023653
49.98227047920227,8.498853660944865,-82.57215326657202,40.00271519846443,3.551784233270183,-81.98970334259585,42.73004232374366,2.4379241770186024e-18,0.7115575998340702,-0.7014996391645291,-0.0397999795277951,0.0,0.0,0.0,0.0,0.0,0.0,3.194,9.1551647,-94.828995,43.316994,12.87392136178974,-120.92586432683359,48.48986238747813,-3.4332699438904898e-18,-0.6520357087138043,0.7579028903904359,-0.020800079324608874
50.037921667099,0,0,0,0,0,0,0,0,0,1,0.0,0.0,0.0,0.0,0.0,0.0,3.194,0,0,0,0,0,0,0,0,0,1
50.11117076873779,8.501700493787366,-82.47076799430329,39.98622712705283,3.441869817934304,-81.94495341936923,42.345833701153566,4.882299552239959e-18,0.7106173873255813,-0.7022999140471342,-0.04239999481076248,0.0,0.0,0.0,0.0,0.0,0.0,3.194,9.1551647,-94.828995,43.316994,12.850365222674242,-120.96835908806938,48.30919887821992,2.2849316620390585e-18,-0.6506176812928768,0.7592014696968006,-0.017600034070947967
50.18360209465027,0,0,0,0,0,0,0,0,0,1,0.0,0.0,0.0,0.0,0.0,0.0,3.194,0,0,0,0,0,0,0,0,0,1
50.30849742889404,8.501983629536577,-82.4606845799931,39.984587282808214,3.6512498992283895,-81.99234103873806,42.02690675797092,-4.882201712261144e-18,0.7106316281935784,-0.7019993469394916,-0.04689995636960421,0.0,0.0,0.0,0.0,0.0,0.0,3.194,9.1551647,-94.828995,43.316994,12.924698041494167,-120.89529875971523,48.20040172537543,3.4278031319322837e-18,-0.6508404430620292,0.7591116274225446,-0.012500191467239897
50.354689836502075,8.515315327986261,-81.98589805338437,39.907373758784324,5.384623054317501,-81.74472000622251,40.84983355316487,0.0,0.716834858350181,-0.6938995260182212,-0.06819995341467457,0.0,0.0,0.0,0.0,0.0,0.0,3.194,9.1551647,-94.828995,43.316994,13.43877004808553,-120.73491313053373,47.912988395846014,1.1503352558730778e-18,-0.6567054181373748,0.754007784739325,0.014500149706525474
50.40860438346863,0,0,0,0,0,0,0,0,0,1,0.0,0.0,0.0,0.0,0.0,0.0,3.194,0,0,0,0,0,0,0,0,0,1
50.47581362724304,8.521545081559431,-81.76403561989208,39.87129274262573,5.820059863886314,-81.55316381645278,40.701506175269145,-4.83013584493605e-18,0.7182917962009305,-0.6916985678324854,-0.0748998449192615,0.0,0.0,0.0,0.0,0.0,0.0,3.194,9.1551647,-94.828995,43.316994,13.54946955835186,-120.7182917509555,47.89132395106407,3.4606672537364094e-18,-0.6590390709504592,0.7519027468346728,0.017600064296170028
50.55496144294739,0,0,0,0,0,0,0,0,0,1,0.0,0.0,0.0,0.0,0.0,0.0,3.194,0,0,0,0,0,0,0,0,0,1
50.68110370635986,8.506854257667039,-82.2872251651112,39.956377946722334,4.914851355624592,-81.98127543188603,41.21746935351129,-1.4585733928699953e-17,0.7135973346792398,-0.6971991149248739,-0.0684999130412419,0.0,0.0,0.0,0.0,0.0,0.0,3.194,9.1551647,-94.828995,43.316994,13.332526980668604,-120.94402653134429,48.142082254836794,5.738008029182162e-19,-0.6547504069474172,0.7558038726829984,0.007900040479221604
50.72991919517517,8.507352931485263,-82.2694657167589,39.95348976537103,4.332463890562025,-81.92262100999801,41.36540345820306,-4.8764067207449584e-18,0.7114761238421872,-0.6997989195553933,-0.0638999013426545,0.0,0.0,0.0,0.0,0.0,0.0,3.194,9.1551647,-94.828995,43.316994,13.13356322020266,-120.92252837830944,48.185108426376175,-1.430898143893374e-19,-0.6525928839476431,0.7577074420793264,0.0014000137507074791
50.807090044021606,0,0,0,0,0,0,0,0,0,1,0.0,0.0,0.0,0.0,0.0,0.0,3.194,0,0,0,0,0,0,0,0,0,1
50.85019397735596,8.50570101494367,-82.32829600908741,39.96305721081327,3.714925604137022,-81.99382355658157,41.19255478982724,4.897759399701882e-18,0.7083743133982439,-0.703099867424172,-0.06209998829048651,0.0,0.0,0.0,0.0,0.0,0.0,3.194,9.1551647,-94.828995,43.316994,12.839038560051506,-120.8938801946118,48.05459212036938,-4.2791388982312037e-19,-0.6497914755761255,0.7601077213924954,-0.002700027427653911
50.9101779460907,0,0,0,0,0,0,0,0,0,1,0.0,0.0,0.0,0.0,0.0,0.0,3.194,0,0,0,0,0,0,0,0,0,1
51.05404710769653,8.496980357972665,-82.6388678727277,40.01356485311226,2.762504899688821,-82.13164872737592,42.142343726398906,-4.907277865037619e-18,-0.7057609195849097,0.7070003059480344,0.04530001960317674,0.0,0.0,0.0,0.0,0.0,0.0,3.194,9.1551647,-94.828995,43.316994,12.59093607423614,-121.0156635575394,48.276659607963296,3.417446650556852e-18,-0.6478384395798631,0.7614120950626154,-0.02360037489293108
51.09616541862488,8.497139933010704,-82.63318487004577,40.012640638461,2.7850323965911343,-82.13004317777207,42.1202092714974,-4.9072781706795995e-18,-0.7057351756194636,0.7070002619136501,0.04570001692992052,0.0,0.0,0.0,0.0,0.0,0.0,3.194,9.1551647,-94.828995,43.316994,12.589270465056444,-121.00585241951492,48.27567608535277,-2.2779984152452312e-18,-0.6477388478162298,0.7615121522330209,-0.023100368636352977
51.18198347091675,0,0,0,0,0,0,0,0,0,1,0.0,0.0,0.0,0.0,0.0,0.0,3.194,0,0,0,0,0,0,0,0,0,1
51.22370004653931,8.495924976995342,-82.67645353147654,40.01967732893478,3.3496174087040345,-82.26155667639347,41.682318915611575,-4.9128377178638446e-18,-0.7056978414811053,0.706200194510428,0.05720001575473872,0.0,0.0,0.0,0.0,0.0,0.0,3.194,9.1551647,-94.828995,43.316994,12.999641763697582,-121.01555278236046,48.19566795943888,-2.2759224645330165e-18,-0.6472765263421363,0.7622067548477512,-0.008600076215810366
51.316638708114624,8.502871559921195,-82.42906239886038,39.979444634679545,3.589180301604131,-82.12795431557888,40.98256179379709,4.908220432969382e-18,0.7068645345772834,-0.7046000561582048,-0.06230000496545013,0.0,0.0,0.0,0.0,0.0,0.0,3.194,9.1551647,-94.828995,43.316994,12.900053023595888,-120.98326615340373,47.974670999198324,-5.695789694404722e-19,-0.6482696571479862,0.7614060424671747,-0.002700021427188562
51.51653552055359,8.495478325253973,-82.69236029907167,40.02226421275101,2.850798395954797,-82.1065726396927,42.64966556541596,2.4549445068823205e-18,0.70662431314174,-0.7064000847068291,-0.041000004916449596,0.0,0.0,0.0,0.0,0.0,0.0,3.194,9.1551647,-94.828995,43.316994,12.70372545067383,-121.01558514469616,48.39145747560126,-6.850249898218595e-18,-0.6495613255445484,0.7597051940081432,-0.030300207158676772
51.60000920295715,0,0,0,0,0,0,0,0,0,1,0.0,0.0,0.0,0.0,0.0,0.0,3.194,0,0,0,0,0,0,0,0,0,1
51.66984486579895,8.494393082845558,-82.73100942360482,40.02854963775445,2.6538051914789094,-82.19198950821563,42.3345502913303,7.356754514740226e-18,-0.7055402462933293,0.7074003104906086,0.042400018610124116,0.0,0.0,0.0,0.0,0.0,0.0,3.194,9.1551647,-94.828995,43.316994,12.476118659438356,-121.03432477335018,48.28494937778042,0.0,-0.6486695196095742,0.7605059834220018,-0.02930023052500282
51.84285855293274,8.50908608281415,-82.20774238100874,39.943451830424095,4.263298601954091,-81.52681345907776,43.397410482178685,-2.4217034488367063e-18,0.7163236592036493,-0.6963984018005424,-0.043699899710918595,0.0,0.0,0.0,0.0,0.0,0.0,3.194,9.1551647,-94.828995,43.316994,12.99448753583303,-120.73634122570193,48.75281636028325,4.619084634237512e-18,-0.6597642117295414,0.7511113622464136,-0.023300352470165674
51.90989804267883,0,0,0,0,0,0,0,0,0,1,0.0,0.0,0.0,0.0,0.0,0.0,3.194,0,0,0,0,0,0,0,0,0,1
52.03763723373413,8.509479375546203,-82.1937359068227,39.94117398728735,4.572413806876824,-81.3726082351703,44.31051975220349,4.818472589074803e-18,0.7200304428046533,-0.6929976409457007,-0.036199876770900974,0.0,0.0,0.0,0.0,0.0,0.0,3.194,9.1551647,-94.828995,43.316994,13.206561287041012,-120.71204816487271,49.04270353013408,-4.646327344342834e-18,-0.6643185725027916,0.746707387325575,-0.033300329446821535
52.09902596473694,8.49197589762277,-82.81709350212103,40.042549308537154,2.7987201274926576,-82.13864231831792,43.23135224195829,2.4543339040457568e-18,-0.7064133652121399,0.706800111067718,0.03760000590852603,0.0,0.0,0.0,0.0,0.0,0.0,3.194,9.1551647,-94.828995,43.316994,12.765131589464858,-121.0133815421998,48.71614876013906,0.0,-0.6501012218629453,0.7590084866660168,-0.035700399175199994
52.170143127441406,0,0,0,0,0,0,0,0,0,1,0.0,0.0,0.0,0.0,0.0,0.0,3.194,0,0,0,0,0,0,0,0,0,1
52.233710050582886,8.492431838681172,-82.8008559107688,40.03990862355622,2.631943326130454,-82.140497180589,43.088586496720396,2.4539865051379576e-18,-0.7063605736295999,0.7069001693142093,0.03670000879025531,0.0,0.0,0.0,0.0,0.0,0.0,3.194,9.1551647,-94.828995,43.316994,12.589544421363541,-121.04434410357274,48.602965430132485,-4.570999630136418e-18,-0.6500518182503419,0.7590127395941337,-0.036500612641878635
52.28576588630676,0,0,0,0,0,0,0,0,0,1,0.0,0.0,0.0,0.0,0.0,0.0,3.194,0,0,0,0,0,0,0,0,0,1
52.43444848060608,8.492696349214949,-82.79143580289156,40.03837665142744,2.5799237029962967,-82.12827424787007,43.09526172890614,9.811783332477045e-18,-0.7060498879761795,0.7072000745205472,0.03690000388830344,0.0,0.0,0.0,0.0,0.0,0.0,3.194,9.1551647,-94.828995,43.316994,12.600414826728667,-121.05437238491155,48.586194387809854,0.0,-0.6496107796692765,0.7594093710075046,-0.03610044547454689
52.47980189323425,8.49214863030324,-82.81094191163155,40.04154888844639,2.5205471938069763,-82.15160423792221,43.06476350402903,-2.4519057131729387e-18,-0.7057387856530632,0.7075000750057198,0.03710000393316214,0.0,0.0,0.0,0.0,0.0,0.0,3.194,9.1551647,-94.828995,43.316994,12.580521926128625,-121.07008588831934,48.5648084504591,4.566230587922249e-18,-0.6491640763215948,0.7598054642992309,-0.03580025746500719
52.568530321121216,8.491997434283077,-82.81632650936461,40.04242457413484,2.536019997264816,-82.16174109091821,43.03911517923983,-4.903810088295854e-18,-0.7057385915911146,0.7075002680536713,0.03710001405624199,0.0,0.0,0.0,0.0,0.0,0.0,3.194,9.1551647,-94.828995,43.316994,12.580521926128625,-121.07008588831934,48.5648084504591,4.566230587922249e-18,-0.6491640763215948,0.7598054642992309,-0.03580025746500719
52.66286826133728,0,0,0,0,0,0,0,0,0,1,0.0,0.0,0.0,0.0,0.0,0.0,3.194,0,0,0,0,0,0,0,0,0,1
52.72597551345825,8.49088012979332,-82.85611747222343,40.048895693879075,2.5801982407824084,-82.20736853851847,43.0175184474226,-1.4715592893183344e-17,-0.7059858900825049,0.7073001360809775,0.0362000069646987,0.0,0.0,0.0,0.0,0.0,0.0,3.194,9.1551647,-94.828995,43.316994,12.544671728509456,-121.07351413084142,48.591322795328935,9.137260822997893e-18,-0.6495750385544108,0.7594063514573736,-0.0368003077872417
52.85531401634216,8.499161883701808,-82.56117641971767,40.00093005718347,3.593019016517502,-81.72199933597312,44.313940760351485,-2.428298601675696e-18,0.7143781554623168,-0.6990992011940688,-0.030399965264339416,0.0,0.0,0.0,0.0,0.0,0.0,3.194,9.1551647,-94.828995,43.316994,12.879854013227401,-120.82067056009703,49.12247528260964,9.232073276579922e-18,-0.6584029064897501,0.7516073254650103,-0.03990038888511696
52.919928312301636,0,0,0,0,0,0,0,0,0,1,0.0,0.0,0.0,0.0,0.0,0.0,3.194,0,0,0,0,0,0,0,0,0,1
52.9885630607605,8.497495942910962,-82.62050616263126,40.01057872721315,3.180530196880312,-81.79866081721222,44.14608370518677,2.435240051661145e-18,0.7123418797229063,-0.7011996913679975,-0.029799986883580046,0.0,0.0,0.0,0.0,0.0,0.0,3.194,9.1551647,-94.828995,43.316994,12.769399213201865,-120.93897924402935,48.942745506396804,-9.216137267627005e-18,-0.6566943832479891,0.7529069611713662,-0.043400401268212645
53.0387601852417,0,0,0,0,0,0,0,0,0,1,0.0,0.0,0.0,0.0,0.0,0.0,3.194,0,0,0,0,0,0,0,0,0,1
53.10337853431702,8.49408336387942,-82.74203955549027,40.030343444666805,3.0576316191455533,-81.95026544436872,43.960309711809046,2.4421538516166967e-18,0.7103252216597354,-0.703199431887464,-0.030799975116800195,0.0,0.0,0.0,0.0,0.0,0.0,3.194,9.1551647,-94.828995,43.316994,12.777817323215231,-120.9608584996252,48.913583311719904,-4.598317713633857e-18,-0.6548461222289202,0.7545035310776418,-0.04360020404901945
53.22874450683594,8.495466912116601,-82.6927667591991,40.022330314497914,3.1527356800941675,-81.85236225632215,44.26750701544533,-2.4369393619701444e-18,0.7118451542324667,-0.7016996987055727,-0.029899987161602713,0.0,0.0,0.0,0.0,0.0,0.0,3.194,9.1551647,-94.828995,43.316994,12.771973572934485,-120.95767061865408,49.05695586138533,-2.302516337086229e-18,-0.656144645461938,0.7534033301027746,-0.04310019050627764
53.29484033584595,0,0,0,0,0,0,0,0,0,1,0.0,0.0,0.0,0.0,0.0,0.0,3.194,0,0,0,0,0,0,0,0,0,1
53.356603145599365,8.494464408531549,-82.72846927653825,40.02813653903417,2.944357749146576,-81.94819544932223,43.86776380160248,0.0,0.7103463721210227,-0.7031997882305351,-0.03029999087512118,0.0,0.0,0.0,0.0,0.0,0.0,3.194,9.1551647,-94.828995,43.316994,12.756351050271093,-121.01989622759598,48.86938211488162,-2.2988617246767452e-18,-0.654713706026717,0.7546010520579421,-0.04390006120506713
53.44339895248413,0,0,0,0,0,0,0,0,0,1,0.0,0.0,0.0,0.0,0.0,0.0,3.194,0,0,0,0,0,0,0,0,0,1
53.48259139060974,8.493966159194246,-82.74621360770021,40.03102226190893,3.1289065944341985,-81.85547191743287,44.581867484786486,-2.431886815698058e-18,0.7133241007677674,-0.7003989143018922,-0.024699961712245484,0.0,0.0,0.0,0.0,0.0,0.0,3.194,9.1551647,-94.828995,43.316994,12.70938790976669,-120.99192068153906,49.12630979392142,2.076649973296699e-17,-0.6576711438355977,0.7518123653263662,-0.04740077961754425
53.61038899421692,8.491673031055623,-82.82787959707998,40.04430342824267,2.9453581550561125,-81.96960844191933,44.36419152336673,2.441661092800451e-18,0.7104685744847477,-0.7031992010541133,-0.027299968982902868,0.0,0.0,0.0,0.0,0.0,0.0,3.194,9.1551647,-94.828995,43.316994,12.793139825988504,-121.00275520796848,49.07974554190099,4.601328671408831e-18,-0.6551288872955047,0.7540098088431798,-0.047700620532917334
53.661845684051514,0,0,0,0,0,0,0,0,0,1,0.0,0.0,0.0,0.0,0.0,0.0,3.194,0,0,0,0,0,0,0,0,0,1
53.73166799545288,8.488659730548298,-82.93519334160403,40.061755634500685,2.7787354183406876,-82.05972443648041,44.45914399112685,-2.44322274682929e-18,0.7100144586604137,-0.7036995306299946,-0.02619998252452161,0.0,0.0,0.0,0.0,0.0,0.0,3.194,9.1551647,-94.828995,43.316994,12.713507987018772,-121.07019264242044,49.151932539738766,-1.3791299356429373e-17,-0.6543443055563893,0.7547034247363045,-0.047500215549191024
53.78536820411682,0,0,0,0,0,0,0,0,0,1,0.0,0.0,0.0,0.0,0.0,0.0,3.194,0,0,0,0,0,0,0,0,0,1
53.853445291519165,8.49671755954302,-82.64822700683051,40.01508690920566,3.4249433805972274,-81.84627271345559,44.070616474142525,2.436543827608643e-18,0.7119607110368951,-0.7014989017142373,-0.031799950213132935,0.0,0.0,0.0,0.0,0.0,0.0,3.194,9.1551647,-94.828995,43.316994,13.149127097538098,-120.90459538071168,48.947693617236496,1.6083349698265423e-17,-0.6547095362775656,0.7550084130265022,-0.036300404493857
53.98474097251892,8.48966726939856,-82.89931150157106,40.05592024709575,2.8266720446043223,-82.33471902179312,42.54982996302378,1.4661694567295995e-17,-0.7028438820209314,0.709900264808232,0.0453000168978911,0.0,0.0,0.0,0.0,0.0,0.0,3.194,9.1551647,-94.828995,43.316994,13.079427085835192,-120.9957738736079,48.766231800862386,-2.2735287432869725e-18,-0.6458022965219361,0.7630092564692261,-0.027500333621105797
54.05859875679016,8.484410814526882,-83.08651150164741,40.08636418535661,3.3254903226792294,-82.36700182265484,43.619894515388225,-7.355715520407269e-18,-0.705717487801307,0.70750023073789,0.037500012229923496,0.0,0.0,0.0,0.0,0.0,0.0,3.194,9.1551647,-94.828995,43.316994,13.179103135852188,-120.8799696643336,49.345933508784114,-2.2858196046398337e-18,-0.6500781331902239,0.7589065525799181,-0.038200329830745644
54.09969878196716,0,0,0,0,0,0,0,0,0,1,0.0,0.0,0.0,0.0,0.0,0.0,3.194,0,0,0,0,0,0,0,0,0,1
54.17527389526367,0,0,0,0,0,0,0,0,0,1,0.0,0.0,0.0,0.0,0.0,0.0,3.194,0,0,0,0,0,0,0,0,0,1
54.22537279129028,8.4933278801516,-82.76894486664737,40.03471899825347,2.61967967665106,-82.11944025476018,43.014382664096416,-7.358837271995211e-18,-0.7060654809069473,0.7072000963705787,0.036600004987504514,0.0,0.0,0.0,0.0,0.0,0.0,3.194,9.1551647,-94.828995,43.316994,12.653311200149744,-121.01775677082249,48.556846977638315,0.0,-0.6501933791653527,0.758807814688739,-0.03820039341211101
54.34841227531433,8.493316818129776,-82.76933882237174,40.034783066435864,2.602268898948097,-82.10070977020524,43.12903881861118,2.452945203655125e-18,-0.706075659512126,0.7072002559991563,0.036400013176427166,0.0,0.0,0.0,0.0,0.0,0.0,3.194,9.1551647,-94.828995,43.316994,12.631964818865868,-121.02702505056108,48.60221691258174,4.571644624500668e-18,-0.6500674018185648,0.7589056536371875,-0.03840028607150876
54.436124324798584,8.491920391473643,-82.81907026238521,40.04287078485881,2.605994546753834,-82.1496568886704,43.14283371413039,2.4525988949431124e-18,-0.7059704664290986,0.7073001131793478,0.0365000058405856,0.0,0.0,0.0,0.0,0.0,0.0,3.194,9.1551647,-94.828995,43.316994,12.647832051770024,-121.0664867459733,48.58839643809068,-2.2855222686090356e-18,-0.6499628606862824,0.7590052828636653,-0.03820026588325693
54.47132444381714,0,0,0,0,0,0,0,0,0,1,0.0,0.0,0.0,0.0,0.0,0.0,3.194,0,0,0,0,0,0,0,0,0,1
54.53807997703552,0,0,0,0,0,0,0,0,0,1,0.0,0.0,0.0,0.0,0.0,0.0,3.194,0,0,0,0,0,0,0,0,0,1
54.60626721382141,8.486523874495699,-83.0112583441524,40.07412592424668,3.0202190659808252,-82.48067552627192,42.392870575548514,-1.466375235528423e-17,-0.7027032320618327,0.7098006433605716,0.04890004432281198,0.0,0.0,0.0,0.0,0.0,0.0,3.194,9.1551647,-94.828995,43.316994,13.214746713374808,-121.11500431486533,48.46611065818814,0.0,-0.6460236472859958,0.7629111475315686,-0.024900363840000057
54.73648381233215,8.503788950575457,-82.3963910386489,39.97413136078654,4.348418280186166,-81.73189323793073,43.34266630729874,0.0,0.7139799032905865,-0.698699228729803,-0.04529994999493356,0.0,0.0,0.0,0.0,0.0,0.0,3.194,9.1551647,-94.828995,43.316994,13.35938392911919,-120.90314445327255,48.60609449606807,-6.928628077748385e-18,-0.6594614368786601,0.7511112401376918,-0.030700459422483208
54.8135883808136,8.495284954920946,-82.69924686563438,40.02338416043894,2.8781404194456,-82.10844157610128,42.686393222952574,-9.811780735440447e-18,-0.7054091211245888,0.7072002617061891,0.04760001761483964,0.0,0.0,0.0,0.0,0.0,0.0,3.194,9.1551647,-94.828995,43.316994,12.752958004100464,-120.96514818184448,48.607865119785544,0.0,-0.6494566313401262,0.7599048062168635,-0.027400173299568443
54.8622727394104,0,0,0,0,0,0,0,0,0,1,0.0,0.0,0.0,0.0,0.0,0.0,3.194,0,0,0,0,0,0,0,0,0,1
54.93859839439392,8.490657793572408,-82.86403561127105,40.05018340400839,2.620348643883517,-82.22785938782481,42.94846723291103,-1.714637211649584e-17,-0.70486624386969,0.7082002098948553,0.04020001191439308,0.0,0.0,0.0,0.0,0.0,0.0,3.194,9.1551647,-94.828995,43.316994,12.63154273459486,-121.1006050189645,48.47898619362489,4.567391394337847e-18,-0.6493454091023183,0.7596123590929074,-0.03660059550131701
54.993133783340454,0,0,0,0,0,0,0,0,0,1,0.0,0.0,0.0,0.0,0.0,0.0,3.194,0,0,0,0,0,0,0,0,0,1
55.097590923309326,8.492479379001935,-82.79916284038819,40.03963328311756,2.5788950607830827,-82.16916345950199,42.89246376474645,-1.4698966437545112e-17,-0.7049610180349026,0.7081001851446603,0.04030001053711315,0.0,0.0,0.0,0.0,0.0,0.0,3.194,9.1551647,-94.828995,43.316994,12.634297222557365,-121.06494352453625,48.525036933154325,-9.134865308739433e-18,-0.6493646968986259,0.7596054971132095,-0.03640026342143342
55.15872550010681,0,0,0,0,0,0,0,0,0,1,0.0,0.0,0.0,0.0,0.0,0.0,3.194,0,0,0,0,0,0,0,0,0,1
55.24730825424194,8.49278123444147,-82.78841275507718,40.03788501958458,2.5520673583988867,-82.14684991727745,42.95713508928969,9.800690528549218e-18,-0.7050782040956192,0.7080005111572873,0.04000002887894277,0.0,0.0,0.0,0.0,0.0,0.0,3.194,9.1551647,-94.828995,43.316994,12.590028914924801,-121.04649251146247,48.58071347270109,-2.2840157140365993e-18,-0.6494699095478335,0.7595059286658697,-0.03660028570002743
55.305320501327515,0,0,0,0,0,0,0,0,0,1,0.0,0.0,0.0,0.0,0.0,0.0,3.194,0,0,0,0,0,0,0,0,0,1
55.35064888000488,8.493442804467582,-82.76485202603789,40.03405338828137,2.5707791433804914,-82.12347368373491,42.95528554659853,9.800690528549218e-18,-0.7050782040956192,0.7080005111572873,0.04000002887894277,0.0,0.0,0.0,0.0,0.0,0.0,3.194,9.1551647,-94.828995,43.316994,12.601686006462018,-121.03485868051979,48.57535006012222,0.0,-0.6494608655874546,0.7595136443407989,-0.0366006575153038
55.44125247001648,0,0,0,0,0,0,0,0,0,1,0.0,0.0,0.0,0.0,0.0,0.0,3.194,0,0,0,0,0,0,0,0,0,1
55.48539853096008,8.492822335552757,-82.78694900655772,40.03764697327295,2.5484339474287196,-82.15103816139974,42.92150845689349,4.89965513450272e-18,-0.7049780536945022,0.7081002349578098,0.040000013272577864,0.0,0.0,0.0,0.0,0.0,0.0,3.194,9.1551647,-94.828995,43.316994,12.58639550395469,-121.05068075558476,48.54508684030489,0.0,-0.6494608655874546,0.7595136443407989,-0.0366006575153038
55.5400607585907,0,0,0,0,0,0,0,0,0,1,0.0,0.0,0.0,0.0,0.0,0.0,3.194,0,0,0,0,0,0,0,0,0,1
55.60110354423523,8.492088015523528,-82.81310060737682,40.041899952548775,2.566753475684635,-82.17864888255494,42.920079134756705,9.7993104969623e-18,-0.7049723892382861,0.708100218485599,0.04010001237293111,0.0,0.0,0.0,0.0,0.0,0.0,3.194,9.1551647,-94.828995,43.316994,12.58757661957307,-121.05834348571949,48.56832232034681,0.0,-0.6494608655874546,0.7595136443407989,-0.0366006575153038
55.667184829711914,0,0,0,0,0,0,0,0,0,1,0.0,0.0,0.0,0.0,0.0,0.0,3.194,0,0,0,0,0,0,0,0,0,1
55.80908179283142,8.492318194161527,-82.80490317353542,40.04056682130057,2.568721277475106,-82.16464950040816,42.95472224454238,9.7993104969623e-18,-0.7049723892382861,0.708100218485599,0.04010001237293111,0.0,0.0,0.0,0.0,0.0,0.0,3.194,9.1551647,-94.828995,43.316994,12.590028914924801,-121.04649251146247,48.58071347270109,2.2839912090556627e-18,-0.6494659858811472,0.7595140774180318,-0.03650067653161049
55.9338743686676,8.492740669930972,-82.78985739344152,40.03811995805229,2.5515828648375702,-82.14470150938772,42.97938704672107,4.89965513450272e-18,-0.7049780536945022,0.7081002349578098,0.040000013272577864,0.0,0.0,0.0,0.0,0.0,0.0,3.194,9.1551647,-94.828995,43.316994,12.595812428635952,-121.05426381325438,48.595071670276425,2.2837176299979982e-18,-0.6493595916948108,0.7596050637741616,-0.03650024332248144
55.97641587257385,8.492581631493723,-82.79552128596838,40.039041064859624,2.5249374634038304,-82.14834689522414,42.988146826657754,4.89965513450272e-18,-0.7049780536945022,0.7081002349578098,0.040000013272577864,0.0,0.0,0.0,0.0,0.0,0.0,3.194,9.1551647,-94.828995,43.316994,12.597478037815648,-121.06407495127884,48.59605519288695,2.2837176299979982e-18,-0.6493595916948108,0.7596050637741616,-0.03650024332248144
56.07016921043396,8.491967931794406,-82.8173771920046,40.04259544442015,2.5529462814064914,-82.1783231675834,42.946710982156446,4.89965316587676e-18,-0.7049720859542636,0.7081005194645814,0.040100029417497116,0.0,0.0,0.0,0.0,0.0,0.0,3.194,9.1551647,-94.828995,43.316994,12.60374604508803,-121.07399466096048,48.588161433030905,-4.567437873196598e-18,-0.6493544725396709,0.7596046291759331,-0.036600223048761385
56.161173582077026,0,0,0,0,0,0,0,0,0,1,0.0,0.0,0.0,0.0,0.0,0.0,3.194,0,0,0,0,0,0,0,0,0,1
56.31028151512146,8.492670066331016,-82.79237182460096,40.03852887464924,2.572142559949441,-82.15709534193061,42.922609482033906,9.7993104969623e-18,-0.7049723892382861,0.708100218485599,0.04010001237293111,0.0,0.0,0.0,0.0,0.0,0.0,3.194,9.1551647,-94.828995,43.316994,12.585911010393374,-121.04853234769503,48.567338797736284,0.0,-0.6494608655874546,0.7595136443407989,-0.0366006575153038
56.36237812042236,8.493173671121456,-82.77443676777835,40.03561213446553,2.5559731344344527,-82.14144416668962,42.90277036934981,4.89965513450272e-18,-0.7049780536945022,0.7081002349578098,0.040000013272577864,0.0,0.0,0.0,0.0,0.0,0.0,3.194,9.1551647,-94.828995,43.316994,12.575525098589566,-121.04065247424595,48.56185788262752,9.13606808711466e-18,-0.649464776104226,0.7595054938013996,-0.03670026546742774
56.437485218048096,8.492783380844628,-82.78833631445679,40.0378725882089,2.535595740273152,-82.15500926220768,42.90363638943043,4.89965513450272e-18,-0.7049780536945022,0.7081002349578098,0.040000013272577864,0.0,0.0,0.0,0.0,0.0,0.0,3.194,9.1551647,-94.828995,43.316994,12.583458715041644,-121.06038332195206,48.554947645382,-4.567437873196598e-18,-0.6493544725396709,0.7596046291759331,-0.036600223048761385
56.48199224472046,0,0,0,0,0,0,0,0,0,1,0.0,0.0,0.0,0.0,0.0,0.0,3.194,0,0,0,0,0,0,0,0,0,1
56.55896186828613,0,0,0,0,0,0,0,0,0,1,0.0,0.0,0.0,0.0,0.0,0.0,3.194,0,0,0,0,0,0,0,0,0,1
56.685593605041504,8.492039071995153,-82.81484365069005,40.04218341997929,2.5282686817632225,-82.16796917127306,42.990113871878805,7.34948253214894e-18,-0.7049837040532696,0.7081002512987478,0.039900014160175176,0.0,0.0,0.0,0.0,0.0,0.0,3.18975,9.1551647,-94.828995,43.316994,12.571801623504456,-121.07201715289473,48.56031105796086,-4.567437873196598e-18,-0.6493544725396709,0.7596046291759331,-0.036600223048761385
56.73299598693848,8.491806210353207,-82.82313663530692,40.04353209044709,2.546890402629913,-82.17176937225702,43.0223441369172,7.34948253214894e-18,-0.7049837040532696,0.7081002512987478,0.039900014160175176,0.0,0.0,0.0,0.0,0.0,0.0,3.1575,9.1551647,-94.828995,43.316994,12.567985911583804,-121.05024646895606,48.5805959701712,1.37039629050722e-17,-0.649455731339755,0.7595132100079197,-0.03670063832427998
56.78891944885254,0,0,0,0,0,0,0,0,0,1,0.0,0.0,0.0,0.0,0.0,0.0,3.128,0,0,0,0,0,0,0,0,0,1
56.87044405937195,8.492700105420477,-82.79130203180588,40.038354896520005,2.5510983712762823,-82.14255310149798,43.001639004152466,7.34948253214894e-18,-0.7049837040532696,0.7081002512987478,0.039900014160175176,0.0,0.0,0.0,0.0,0.0,0.0,3.089,9.1551647,-94.828995,43.316994,12.563775770216807,-120.99915094260118,48.5890530320834,9.13606808711466e-18,-0.649464776104226,0.7595054938013996,-0.03670026546742774
56.94223928451538,0,0,0,0,0,0,0,0,0,1,0.0,0.0,0.0,0.0,0.0,0.0,3.061,0,0,0,0,0,0,0,0,0,1
57.06491208076477,8.505760158088236,-82.32618972320886,39.962714670016155,2.384218469475286,-81.68971361561191,42.81946464152885,1.4692736926659103e-17,-0.7047213761557247,0.7084004095231243,0.03920002266135866,0.0,0.0,0.0,0.0,0.0,0.0,3.0015,9.1551647,-94.828995,43.316994,12.546420883642156,-120.81521344299757,48.5214822976523,2.283996441085165e-18,-0.6494454209841429,0.759512337572913,-0.036900599415984836
57.13714027404785,8.520870901621942,-81.78804543019778,39.87519740706111,2.186088595427151,-81.16009914679114,42.64267927045594,2.4467173422762516e-18,-0.7040841201240357,0.7090003597893919,0.039800020196922144,0.0,0.0,0.0,0.0,0.0,0.0,2.9555000000000002,9.1551647,-94.828995,43.316994,12.362393878321058,-120.0211787776353,48.314980453797176,-2.2813065930238645e-18,-0.6483909703380172,0.7604078650723736,-0.03700038270341639
57.243343353271484,8.533263481654902,-81.34670406234609,39.803422998143574,2.045793858490214,-80.70819769588945,42.60947587513641,-2.446027289268331e-18,-0.703882648897344,0.7092003771125981,0.03980002116339736,0.0,0.0,0.0,0.0,0.0,0.0,2.9015,9.1551647,-94.828995,43.316994,12.254710357479496,-119.59936217075006,48.231463931509765,0.0,-0.6481450628928314,0.7606125964361314,-0.037100614419905954
57.3206422328949,8.548645504937893,-80.79889858697419,39.7143345576287,1.845998375262468,-80.16877208904423,42.431706981453004,-1.955167927754555e-17,-0.7032549277477506,0.7098002995452484,0.04020001696494644,0.0,0.0,0.0,0.0,0.0,0.0,2.8635,9.1551647,-94.828995,43.316994,12.146840190246138,-118.99096304157598,48.1793628121238,2.2789113048911333e-18,-0.64748086386963,0.7612071045738558,-0.03650034066860974
57.44848346710205,8.569450080250265,-80.09681432857359,39.60381291943298,1.6638512803374965,-79.46822627317562,42.30617612596566,-7.327745375672933e-18,-0.7028275029291541,0.7102007726970868,0.040600044172770654,0.0,0.0,0.0,0.0,0.0,0.0,2.8000000000000003,9.1551647,-94.828995,43.316994,11.96920325657834,-118.2373904347771,48.06678641104686,-6.834002274650489e-18,-0.6471286080201488,0.7615113690017871,-0.03640054344276435
57.54119563102722,0,0,0,0,0,0,0,0,0,1,0.0,0.0,0.0,0.0,0.0,0.0,2.7520000000000002,0,0,0,0,0,0,0,0,0,1
57.59883975982666,8.588350721069341,-79.47310505942883,39.50703245948765,1.3335512776376106,-78.85364731767598,42.08235786113134,-9.763453230754364e-18,-0.7023160943466967,0.7107007879189791,0.04070004512213654,0.0,0.0,0.0,0.0,0.0,0.0,2.724,9.1551647,-94.828995,43.316994,11.849071612586215,-117.68824617688814,47.95272952988945,6.826912269179553e-18,-0.6462248036265176,0.7623022272345457,-0.03590010489009601
57.66346192359924,0,0,0,0,0,0,0,0,0,1,0.0,0.0,0.0,0.0,0.0,0.0,2.6915,0,0,0,0,0,0,0,0,0,1
57.7489218711853,8.606201905013094,-78.884027207651,39.41562572840468,1.0808870758133935,-78.24793251410017,42.04533924627816,-2.43811836218631e-18,-0.7015170532020489,0.7115009274698402,0.04050005279343434,0.0,0.0,0.0,0.0,0.0,0.0,2.6495,9.1551647,-94.828995,43.316994,11.603824533386842,-117.04239502972047,47.79515362485836,0.0,-0.6456087311370363,0.7628098664670835,-0.036200468230346665
57.826854944229126,8.623635092245147,-78.30874298467421,39.32635934348253,0.8160812888907003,-77.6517031335773,42.0359360014352,-1.2183741101382167e-17,-0.7011168323652214,0.7119009922904609,0.040400056312030634,0.0,0.0,0.0,0.0,0.0,0.0,2.6105,9.1551647,-94.828995,43.316994,11.428159746950769,-116.4354466350027,47.741716475272185,4.5458485473996754e-18,-0.6451330838264344,0.7632121738719635,-0.0362005774294616
57.925724267959595,0,0,0,0,0,0,0,0,0,1,0.0,0.0,0.0,0.0,0.0,0.0,2.561,0,0,0,0,0,0,0,0,0,1
57.997265100479126,8.644331026133418,-77.62579017247683,39.22038611115257,0.715203987290522,-76.99643583210084,41.727798802061926,1.2176904323755366e-17,-0.7006759025976821,0.7123006923001826,0.04100003984881018,0.0,0.0,0.0,0.0,0.0,0.0,2.5485,9.1551647,-94.828995,43.316994,11.33370017182861,-115.71773658126999,47.638907587335794,-9.08696785220067e-18,-0.6447018156359074,0.7636093817836909,-0.03550043616202335
58.0505747795105,0,0,0,0,0,0,0,0,0,1,0.0,0.0,0.0,0.0,0.0,0.0,2.5485,0,0,0,0,0,0,0,0,0,1
58.198402643203735,8.665422176866416,-76.92979545277284,39.11238917664358,1.6188275249305946,-76.08738821982183,43.16519121223834,7.351574130206966e-18,0.7078987895322921,-0.705499889538322,-0.03389999469220285,0.0,0.0,0.0,0.0,0.0,0.0,2.5485,9.1551647,-94.828995,43.316994,11.607709001435069,-115.08601971862518,48.392799467347686,1.1477544235516817e-17,-0.6534411868688594,0.7557032412076322,-0.043900188287700224
58.32079339027405,8.667179673525146,-76.8717991675128,39.10338994023608,2.706074212888467,-75.4991020061941,46.78567653473037,1.2083314481893252e-18,0.7178177306302324,-0.6960982305200862,-0.01359996542892282,0.0,0.0,0.0,0.0,0.0,0.0,2.5485,9.1551647,-94.828995,43.316994,12.26145758874361,-114.82058456216514,50.035193135841055,-4.675133645062423e-18,-0.6667106461212875,0.7421064755267099,-0.06910060296307191
58.41903877258301,8.65841884955864,-77.16090085277096,39.148249613571735,2.139623489661261,-75.83717565394383,46.40601907483719,0.0,0.7145862789718388,-0.6993990923952927,-0.014399981313257385,0.0,0.0,0.0,0.0,0.0,0.0,2.5485,9.1551647,-94.828995,43.316994,12.014993638762292,-115.09568648052743,49.74180865112355,0.0,-0.6634973374883691,0.7449061634127963,-0.06990057836294061
58.483203172683716,8.662239497614053,-77.03482186798358,39.12868604005952,2.533942500248031,-75.66054098961166,46.78852752343161,-2.431338844034685e-18,0.7134848687310569,-0.7003992382341357,-0.019499978791498635,0.0,0.0,0.0,0.0,0.0,0.0,2.5485,9.1551647,-94.828995,43.316994,12.176799676168486,-114.92178420284,49.575746000072755,1.4184065709167164e-17,-0.6740087901716965,0.7338051775334014,-0.08510060044711432
58.59106230735779,8.747372864171435,-75.00499037812834,38.851869890385956,8.63890948264293,-74.47557077889863,44.91507516385832,-4.724401912654177e-18,0.7343674429266481,-0.6753974629049637,-0.06739974681639703,0.0,0.0,0.0,0.0,0.0,0.0,2.5485,9.1551647,-94.828995,43.316994,14.355594023543006,-114.17962401365517,48.612286895887195,-1.46596311528349e-17,-0.7032340464820482,0.7100001867269398,-0.036900009704540944
58.66497039794922,0,0,0,0,0,0,0,0,0,1,0.0,0.0,0.0,0.0,0.0,0.0,2.5485,0,0,0,0,0,0,0,0,0,1
58.736209869384766,8.775475588056748,-74.6206844562713,38.81881625594194,9.802221231439063,-74.266080626617,43.81465721997975,-4.716846722357753e-18,0.7355437130294081,-0.6716982922919899,-0.08829977550898122,0.0,0.0,0.0,0.0,0.0,0.0,2.5485,9.1551647,-94.828995,43.316994,14.629430987518504,-113.96500323117695,48.255984725126055,2.4499322993014635e-18,0.7080699644114328,-0.7058999047957933,0.018499997504918795
58.863609313964844,8.73906252488753,-75.11863461462583,38.86164427801888,7.780290975297419,-74.64059152505958,43.60456289295803,0.0,0.726913054111654,-0.6822968979422758,-0.07789964582984506,0.0,0.0,0.0,0.0,0.0,0.0,2.5485,9.1551647,-94.828995,43.316994,13.911583448072292,-114.2213306250157,48.134777558346045,-1.4514468097329416e-17,-0.6962704844199682,0.7171010874160744,-0.031200047311925133
58.90764236450195,0,0,0,0,0,0,0,0,0,1,0.0,0.0,0.0,0.0,0.0,0.0,2.5485,0,0,0,0,0,0,0,0,0,1
58.985782623291016,8.678036567401504,-76.51352849247988,39.047797371021645,3.6837476561351252,-75.38720541166393,45.33112031701215,2.416770196435535e-18,0.7177858608713937,-0.6953987146840117,-0.03469993586358241,0.0,0.0,0.0,0.0,0.0,0.0,2.5485,9.1551647,-94.828995,43.316994,12.526397457543766,-114.82376492361041,48.944736006366796,9.434145821636789e-18,-0.6745800465590255,0.735508442957622,-0.0630007231901158
59.057106733322144,8.693312549139664,-76.00943069513117,38.96957692585857,5.1089121841338,-75.22235804254214,43.34191660370675,-4.796840375206657e-18,0.7232775495065633,-0.6876960027704694,-0.06279963497743998,0.0,0.0,0.0,0.0,0.0,0.0,2.5485,9.1551647,-94.828995,43.316994,12.591644362075897,-114.70161141977698,48.1209512268581,2.368208180320672e-18,-0.6800188985714946,0.7325046380601192,-0.03180020135196149
59.10224628448486,0,0,0,0,0,0,0,0,0,1,0.0,0.0,0.0,0.0,0.0,0.0,2.5485,0,0,0,0,0,0,0,0,0,1
59.233691930770874,8.812056686908317,-74.1204364029485,38.77579059501545,12.009549428330672,-73.85291246029671,44.60478018354104,-4.594004097440082e-18,0.7552119846577618,-0.6488927192261437,-0.09269895988944905,0.0,0.0,0.0,0.0,0.0,0.0,2.5485,9.1551647,-94.828995,43.316994,14.800232875097606,-113.86737056349526,48.83898950846901,-1.2063816730438414e-18,0.7189778801927162,-0.6949987035751992,-0.006899987129019961
59.31598114967346,8.817749588391464,-74.04258573760195,38.76909476420141,12.54784755103259,-73.7575577868768,45.25442825546348,2.3032895815195635e-17,0.7531504027523745,-0.6516906190737067,-0.08979870736967757,0.0,0.0,0.0,0.0,0.0,0.0,2.5485,9.1551647,-94.828995,43.316994,15.748565930843313,-113.66749619256993,49.2268227860861,6.034997387747027e-19,0.7186098702788382,-0.6953982272379737,0.004599988273360195
59.364184856414795,0,0,0,0,0,0,0,0,0,1,0.0,0.0,0.0,0.0,0.0,0.0,2.5485,0,0,0,0,0,0,0,0,0,1
59.42434644699097,0,0,0,0,0,0,0,0,0,1,0.0,0.0,0.0,0.0,0.0,0.0,2.5485,0,0,0,0,0,0,0,0,0,1
59.47847104072571,8.682291416785548,-76.37312113671632,39.02601047584027,6.137732386082831,-75.0858506340214,46.82498920121037,-4.76388169225234e-18,0.728281509928362,-0.684294653889394,-0.036699713280345984,0.0,0.0,0.0,0.0,0.0,0.0,2.5485,9.1551647,-94.828995,43.316994,13.901607021563933,-114.72285954453196,49.859239565408814,1.436819499925099e-17,-0.686849015071558,0.7244014196914381,-0.05900011562920327
59.60186553001404,8.677576104832763,-76.52872346787603,39.05015516299372,4.2462383034400375,-75.25945372007402,46.36465008290688,0.0,0.7216167281908513,-0.6916976313652919,-0.028699901720664847,0.0,0.0,0.0,0.0,0.0,0.0,2.5485,9.1551647,-94.828995,43.316994,12.8502590163219,-114.69677524415965,49.66305857461785,4.7435497661379026e-18,-0.6786756174843601,0.7314030890369184,-0.06670028170462466
59.65615773200989,0,0,0,0,0,0,0,0,0,1,0.0,0.0,0.0,0.0,0.0,0.0,2.5485,0,0,0,0,0,0,0,0,0,1
59.727967977523804,8.674653765033751,-76.62515884473345,39.06511896197663,3.6706983302463527,-75.38691718204936,46.06782217802345,0.0,0.7192075186699755,-0.6941981773557272,-0.028799924384680133,0.0,0.0,0.0,0.0,0.0,0.0,2.5485,9.1551647,-94.828995,43.316994,12.627107076694244,-114.86829770352267,49.346699193890046,3.306448885266543e-17,-0.6753730993280384,0.7345079118535208,-0.06610071201295808
59.78639054298401,0,0,0,0,0,0,0,0,0,1,0.0,0.0,0.0,0.0,0.0,0.0,2.5485,0,0,0,0,0,0,0,0,0,1
59.872673749923706,8.675096543791177,-76.61054742399747,39.062851719706494,3.7579013564878494,-75.36760453629552,46.11279610300579,-2.4109689080051184e-18,0.7195130016886654,-0.6938980364330876,-0.028399919634961347,0.0,0.0,0.0,0.0,0.0,0.0,2.5485,9.1551647,-94.828995,43.316994,12.589104603613464,-114.7794546030166,49.38223390272822,9.45473124396748e-18,-0.6759571865817424,0.7339070487418176,-0.06680064158053332
59.98296284675598,8.664024889751854,-76.97590504944473,39.119543965251935,2.0830911042656908,-75.8391637376991,45.160145832117664,2.4392862251672842e-18,0.7111602804454983,-0.7024996556919016,-0.02729998661977071,0.0,0.0,0.0,0.0,0.0,0.0,2.5485,9.1551647,-94.828995,43.316994,11.795347109040932,-115.03214556213518,48.917479861336815,-1.4012168301296625e-17,-0.6660225136493813,0.7428072966335768,-0.06820066993862402
60.06379842758179,8.663939991563879,-76.97870663629467,39.11997868520452,1.9746019333099696,-75.86316124237074,45.002811094837966,4.8805770602295144e-18,0.7108681840565917,-0.7027991084038562,-0.027199965493148678,0.0,0.0,0.0,0.0,0.0,0.0,2.5485,9.1551647,-94.828995,43.316994,11.746748768381138,-115.01236847093871,48.89204233101407,-4.667597304900245e-18,-0.6654776287582312,0.7433046866127974,-0.0681004293802388
60.11154913902283,0,0,0,0,0,0,0,0,0,1,0.0,0.0,0.0,0.0,0.0,0.0,2.5485,0,0,0,0,0,0,0,0,0,1
60.19506883621216,8.663141381528927,-77.00506026557105,39.12406795642234,1.9846856525030034,-75.89485163599105,44.97463242277155,4.881935608988835e-18,0.7106703631169397,-0.7029991442302522,-0.027199966889136357,0.0,0.0,0.0,0.0,0.0,0.0,2.5485,9.1551647,-94.828995,43.316994,11.794258230258123,-115.0776181945879,48.872412644417906,0.0,-0.6651381910928604,0.743608412950679,-0.06810077047060416
60.30017304420471,0,0,0,0,0,0,0,0,0,1,0.0,0.0,0.0,0.0,0.0,0.0,2.5485,0,0,0,0,0,0,0,0,0,1
60.4153356552124,8.700588805746378,-75.76931879978726,38.93231895837382,5.919167788698758,-74.77739771449248,44.7816374661426,4.776020705949292e-18,0.7264304670270517,-0.6855964918701823,-0.047499756948415475,0.0,0.0,0.0,0.0,0.0,0.0,2.5485,9.1551647,-94.828995,43.316994,13.529923526173832,-114.44745364152566,48.66061411605281,4.7565580926690015e-18,-0.6826807827452246,0.7294028338055756,-0.043800170168198815
60.72655177116394,8.664302140496611,-76.96675594910272,39.11812430679407,2.1898848384964538,-75.82794810870868,45.1928461072756,0.0,0.7107150087004632,-0.702999415030273,-0.02599997836527325,0.0,0.0,0.0,0.0,0.0,0.0,2.5485,9.1551647,-94.828995,43.316994,12.079181492056875,-114.99641259544104,48.99660759420716,-4.670087629672082e-18,-0.6656383979637381,0.7429083193021854,-0.07080079284775172
60.787569761276245,0,0,0,0,0,0,0,0,0,1,0.0,0.0,0.0,0.0,0.0,0.0,2.5485,0,0,0,0,0,0,0,0,0,1
60.850202560424805,8.66386215764263,-76.98127510678209,39.120377232680774,1.9250340240485855,-75.79848472880418,45.426910105641255,0.0,0.7108674909595225,-0.7028991121159217,-0.02449996905226928,0.0,0.0,0.0,0.0,0.0,0.0,2.5485,9.1551647,-94.828995,43.316994,11.766096938850268,-114.99908998046197,49.093410973036995,-4.6707387497919195e-18,-0.6656791875518906,0.7428047548384455,-0.07150045768840721
60.94560742378235,8.661629215839357,-77.05496078302417,39.13181097912464,1.9315765691071078,-75.88749872913424,45.341273064301646,2.440995900214914e-18,0.7106621833424939,-0.7030996883143867,-0.024699989050441403,0.0,0.0,0.0,0.0,0.0,0.0,2.5485,9.1551647,-94.828995,43.316994,11.823780184035257,-115.06885366320499,49.01152280664488,-1.8677973643926078e-17,-0.6654473328998582,0.743002858467326,-0.07160027545930087
61.03729438781738,0,0,0,0,0,0,0,0,0,1,0.0,0.0,0.0,0.0,0.0,0.0,2.5485,0,0,0,0,0,0,0,0,0,1
61.10042691230774,8.661753105687367,-77.0508724958969,39.13117660293666,1.907383463025127,-75.87929314071363,45.36242399659264,2.4413000466532943e-18,0.710573646346703,-0.7031996400220187,-0.024399987509296454,0.0,0.0,0.0,0.0,0.0,0.0,2.5485,9.1551647,-94.828995,43.316994,11.793803564242126,-115.05287677299248,49.018315541360536,-1.4008408011232128e-17,-0.6654106678462525,0.7430066890909587,-0.07190064730234173
61.161701917648315,0,0,0,0,0,0,0,0,0,1,0.0,0.0,0.0,0.0,0.0,0.0,2.5485,0,0,0,0,0,0,0,0,0,1
61.23166871070862,8.662258633504592,-77.03419039562147,39.12858805500675,1.8989653530117323,-75.85741388511778,45.39158619126955,-2.441288214771269e-18,0.7105770901938908,-0.7031996228134966,-0.02429998696582475,0.0,0.0,0.0,0.0,0.0,0.0,2.5485,9.1551647,-94.828995,43.316994,11.774999542424922,-115.02311764394756,49.04199682092869,-1.4008408011232128e-17,-0.6654106678462525,0.7430066890909587,-0.07190064730234173
61.28883504867554,0,0,0,0,0,0,0,0,0,1,0.0,0.0,0.0,0.0,0.0,0.0,2.5485,0,0,0,0,0,0,0,0,0,1
61.41634821891785,8.66112266337617,-77.0716766959724,39.13440477373948,1.9019943787603495,-75.90084668133794,45.35989364931545,0.0,0.7104716793143386,-0.7032991854699019,-0.02449997162521341,0.0,0.0,0.0,0.0,0.0,0.0,2.5485,9.1551647,-94.828995,43.316994,11.811638598936781,-115.07833908625793,49.03913817665514,-9.335170853202196e-18,-0.6651080213378187,0.7433065782108336,-0.07160063366056192
61.475759506225586,8.660862275543884,-77.08026933080018,39.13573808589615,1.8579083720783274,-75.90835459632513,45.359658644255674,0.0,0.7103790988438482,-0.7033996350145467,-0.024299987391034242,0.0,0.0,0.0,0.0,0.0,0.0,2.5485,9.1551647,-94.828995,43.316994,11.787627793805314,-115.09609242589828,49.00437756433959,9.333931072876341e-18,-0.6649869056242409,0.7434053079812317,-0.07170051194814948
61.557682275772095,0,0,0,0,0,0,0,0,0,1,0.0,0.0,0.0,0.0,0.0,0.0,2.5485,0,0,0,0,0,0,0,0,0,1
61.6055428981781,8.66107472114338,-77.07325875952573,39.134650261254144,1.8511558712446288,-75.89628647875375,45.38980436154313,2.4416149119181384e-18,0.710482012339122,-0.7032991337867178,-0.02419997019428205,0.0,0.0,0.0,0.0,0.0,0.0,2.5485,9.1551647,-94.828995,43.316994,11.73718154301531,-115.04054526861637,49.033868056012864,4.6681851692302685e-18,-0.6651823231160493,0.74321108228997,-0.0719010721429613
61.6742525100708,0,0,0,0,0,0,0,0,0,1,0.0,0.0,0.0,0.0,0.0,0.0,2.5485,0,0,0,0,0,0,0,0,0,1
61.79127216339111,8.661155357761611,-77.07059780179924,39.134237362608246,1.8562427628986313,-75.89854345830067,45.35867512164515,0.0,0.7103790988438482,-0.7033996350145467,-0.024299987391034242,0.0,0.0,0.0,0.0,0.0,0.0,2.5485,9.1551647,-94.828995,43.316994,11.749233063998815,-115.05823628008993,49.04033249373214,-4.6675611725585686e-18,-0.6650712996254855,0.743310440653915,-0.07190100993275457
61.85538125038147,8.660893354864202,-77.0792437327611,39.13557894468268,1.8460391520453072,-75.91662251291254,45.29728266192984,0.0,0.7102766168576992,-0.7034996575158072,-0.0243999881213727,0.0,0.0,0.0,0.0,0.0,0.0,2.5485,9.1551647,-94.828995,43.316994,11.796348096429455,-115.09416116132289,49.008874956837815,1.3999025999438988e-17,-0.6648758445373356,0.7435046449858695,-0.07170044794282025
61.91029953956604,0,0,0,0,0,0,0,0,0,1,0.0,0.0,0.0,0.0,0.0,0.0,2.5485,0,0,0,0,0,0,0,0,0,1
61.972559452056885,8.660761545882936,-77.08359334630907,39.136253870678786,1.85787854453298,-75.93094761003083,45.236007704744424,0.0,0.7102766168576992,-0.7034996575158072,-0.0243999881213727,0.0,0.0,0.0,0.0,0.0,0.0,2.5485,9.1551647,-94.828995,43.316994,11.805552892614884,-115.09437830463725,48.99112039190466,2.3331510893122994e-17,-0.6648794600209713,0.7435109898896944,-0.07160105834041981
62.039249897003174,0,0,0,0,0,0,0,0,0,1,0.0,0.0,0.0,0.0,0.0,0.0,2.5485,0,0,0,0,0,0,0,0,0,1
62.18843364715576,8.661437881135,-77.06127470802588,39.132790705731175,1.838105535593229,-75.89689166520644,45.304192899175376,2.4419552600552845e-18,0.7103829887274569,-0.7033991546300925,-0.02419997091562161,0.0,0.0,0.0,0.0,0.0,0.0,2.5485,9.1551647,-94.828995,43.316994,11.756287757443289,-115.04649387749006,49.04384636361986,0.0,-0.664966700924934,0.7434040758389849,-0.0719003942061111
62.23103165626526,0,0,0,0,0,0,0,0,0,1,0.0,0.0,0.0,0.0,0.0,0.0,2.5485,0,0,0,0,0,0,0,0,0,1
62.28612446784973,0,0,0,0,0,0,0,0,0,1,0.0,0.0,0.0,0.0,0.0,0.0,2.5485,0,0,0,0,0,0,0,0,0,1
62.35280966758728,8.661305047507772,-77.06565813424666,39.13347087841222,1.8119446277207771,-75.90268545893258,45.29070072168068,0.0,0.7102800607400513,-0.703499641731637,-0.02429998762484546,0.0,0.0,0.0,0.0,0.0,0.0,2.5485,9.1551647,-94.828995,43.316994,11.77557627282178,-115.07840141442473,48.99791312662029,-1.8665224154185066e-17,-0.6648693773926357,0.7435103748648428,-0.07170100050814959
62.40899157524109,0,0,0,0,0,0,0,0,0,1,0.0,0.0,0.0,0.0,0.0,0.0,2.5485,0,0,0,0,0,0,0,0,0,1
62.560654163360596,8.661011965290044,-77.07532966324763,39.13497160170012,1.8136102369004448,-75.91249659695706,45.291684244291204,0.0,0.7102800607400513,-0.703499641731637,-0.02429998762484546,0.0,0.0,0.0,0.0,0.0,0.0,2.5485,9.1551647,-94.828995,43.316994,11.78859678092789,-115.10038924167776,48.959873649476805,-9.33142957173877e-18,-0.6647748366993743,0.7436045946188576,-0.07160044240816327
62.60069227218628,8.661043044610365,-77.07430406520852,39.13481246048666,1.8017410168674814,-75.92076451354446,45.22930826196537,0.0,0.7102800607400513,-0.703499641731637,-0.02429998762484546,0.0,0.0,0.0,0.0,0.0,0.0,2.5485,9.1551647,-94.828995,43.316994,11.751565467690341,-115.09615475406508,48.96315251430474,4.66572643974548e-18,-0.6647445532404518,0.7436027372712569,-0.07190026467160217
62.68717384338379,0,0,0,0,0,0,0,0,0,1,0.0,0.0,0.0,0.0,0.0,0.0,2.5485,0,0,0,0,0,0,0,0,0,1
62.73032188415527,8.661185412435968,-77.06960601643296,39.134083468079716,1.806373242505515,-75.89828007149595,45.34408191901005,-2.4422738947113814e-18,0.7102903076240801,-0.7034995945693169,-0.02399998616867605,0.0,0.0,0.0,0.0,0.0,0.0,2.5485,9.1551647,-94.828995,43.316994,11.735425869720672,-115.0579105651184,49.066964341131865,-4.666353644236655e-18,-0.6648455180648424,0.7435027896436175,-0.07200027014706184
62.79341745376587,0,0,0,0,0,0,0,0,0,1,0.0,0.0,0.0,0.0,0.0,0.0,2.5485,0,0,0,0,0,0,0,0,0,1
62.91250252723694,8.661232330022795,-77.06805776555247,39.13384322724999,1.8192114496610543,-75.894308970688,45.36195398647308,0.0,0.7102869061234423,-0.7034996102579809,-0.024099986648496583,0.0,0.0,0.0,0.0,0.0,0.0,2.5485,9.1551647,-94.828995,43.316994,11.75335096853027,-115.05619644385736,49.05370716869696,2.333154952800185e-17,-0.6648592808869032,0.7435097587045569,-0.07180094240078974
62.99167466163635,8.661178517948676,-77.06983353018083,39.13411877120291,1.8320198292713314,-75.91293088358574,45.25617511442489,0.0,0.710280506583419,-0.7034991921273211,-0.024299972094802988,0.0,0.0,0.0,0.0,0.0,0.0,2.5485,9.1551647,-94.828995,43.316994,11.795166980811075,-115.08649843118816,48.98563947679591,-1.399527491778054e-17,-0.6646637204283408,0.7437039227173298,-0.07160037766110099
63.0558865070343,0,0,0,0,0,0,0,0,0,1,0.0,0.0,0.0,0.0,0.0,0.0,2.5485,0,0,0,0,0,0,0,0,0,1
63.09758949279785,8.660807438823802,-77.0820789081014,39.136018876534,1.8327164513284515,-75.91844520583075,45.301662551898204,-4.8852760411797756e-18,0.7101844241161357,-0.7035996335650235,-0.024199987396636678,0.0,0.0,0.0,0.0,0.0,0.0,2.5485,9.1551647,-94.828995,43.316994,11.787627793805314,-115.09609242589828,49.00437756433959,1.8662745996778468e-17,-0.664748174804814,0.7436091028731794,-0.07180087894875509
63.187844038009644,8.661221771178457,-77.06840620078006,39.13389729366083,1.802739831535348,-75.90246831561824,45.30845528661385,0.0,0.7102869061234423,-0.7034996102579809,-0.024099986648496583,0.0,0.0,0.0,0.0,0.0,0.0,2.5485,9.1551647,-94.828995,43.316994,11.743147357676946,-115.07427549846923,48.99231470898165,4.666317661134598e-18,-0.6648390462465376,0.7435085229731296,-0.07200082535852771
63.320862770080566,8.661559131271927,-77.05727352970551,39.132169846145906,1.809794524979793,-75.89072591301839,45.31196915650153,2.442297335064027e-18,0.7102834904953658,-0.7034996259788908,-0.02419998713388651,0.0,0.0,0.0,0.0,0.0,0.0,2.5485,9.1551647,-94.828995,43.316994,11.76812714993099,-115.06081897460837,48.98257140643443,4.665722547959939e-18,-0.6647546616007093,0.7436033575272518,-0.07180032419372871
63.42616677284241,0,0,0,0,0,0,0,0,0,1,0.0,0.0,0.0,0.0,0.0,0.0,2.5485,0,0,0,0,0,0,0,0,0,1
63.48532772064209,8.661188052147054,-77.06951890762605,39.134069951477,1.8104911470369416,-75.89624023526338,45.35745659397486,-4.8852760411797756e-18,0.7101844241161357,-0.7035996335650235,-0.024199987396636678,0.0,0.0,0.0,0.0,0.0,0.0,2.5485,9.1551647,-94.828995,43.316994,11.782630966266254,-115.06665901182488,49.001426996508016,2.799407250971451e-17,-0.6647683530130639,0.743610337670515,-0.07160099539699957
63.53449320793152,0,0,0,0,0,0,0,0,0,1,0.0,0.0,0.0,0.0,0.0,0.0,2.5485,0,0,0,0,0,0,0,0,0,1
63.60647940635681,8.660764776013183,-77.0834867540409,39.13623733084324,1.790113752875584,-75.90980533078144,45.35832261405548,-4.8852760411797756e-18,0.7101844241161357,-0.7035996335650235,-0.024199987396636678,0.0,0.0,0.0,0.0,0.0,0.0,2.5485,9.1551647,-94.828995,43.316994,11.753533269480812,-115.08215537191833,48.997795624090415,-4.66568262183385e-18,-0.6647582708472557,0.7436097208407946,-0.07170093731076514
63.727299451828,8.66114905369348,-77.07080583208585,39.1342696424986,1.8100066534756252,-75.89409182737364,45.37970855140625,0.0,0.7101878397552036,-0.7035996183156904,-0.024099986926390194,0.0,0.0,0.0,0.0,0.0,0.0,2.5485,9.1551647,-94.828995,43.316994,11.729340163398803,-115.07394978349771,49.01894655638138,0.0,-0.6647380648865608,0.7436084837665328,-0.07190082031040036
63.80856513977051,8.661263409343114,-77.06703216751337,39.133684086036524,1.8073422296280626,-75.90257688727542,45.299578004147264,0.0,0.7101912412668017,-0.7035996030966525,-0.023999986461511743,0.0,0.0,0.0,0.0,0.0,0.0,2.5485,9.1551647,-94.828995,43.316994,11.716804148853981,-115.05411036413443,49.034734076093486,4.665730338700766e-18,-0.6647344310073423,0.7436021158736165,-0.07200020487210919
63.86065483093262,0,0,0,0,0,0,0,0,0,1,0.0,0.0,0.0,0.0,0.0,0.0,2.5485,0,0,0,0,0,0,0,0,0,1
63.940828800201416,8.66087487688661,-77.0798534944094,39.135673560901644,1.8172138203253212,-75.93090136654045,45.20365993717617,4.885273066074456e-18,0.7101848566146735,-0.7035991975344031,-0.02419997239956304,0.0,0.0,0.0,0.0,0.0,0.0,2.5485,9.1551647,-94.828995,43.316994,11.7677348932053,-115.11180592930607,48.98299162698882,9.330126585983701e-18,-0.664637041357854,0.7437084416765867,-0.0718008149958033
64.03622317314148,0,0,0,0,0,0,0,0,0,1,0.0,0.0,0.0,0.0,0.0,0.0,2.5485,0,0,0,0,0,0,0,0,0,1
64.19009232521057,8.66053751679314,-77.09098616548395,39.13740100841657,1.8101591268808193,-75.9426437691403,45.20014606728846,2.4429906983638286e-18,0.7100818996726521,-0.7036996563407015,-0.024299988132839356,0.0,0.0,0.0,0.0,0.0,0.0,2.5485,9.1551647,-94.828995,43.316994,11.791141313115247,-115.14167363000817,48.95043306495408,-1.865774555609049e-17,-0.6645359756639755,0.743808396684041,-0.0717008094141513
64.24407863616943,8.66053751679314,-77.09098616548395,39.13740100841657,1.8101591268808193,-75.9426437691403,45.20014606728846,0.0,0.7101814263674685,-0.7035992133047911,-0.02429997283016832,0.0,0.0,0.0,0.0,0.0,0.0,2.5485,9.1551647,-94.828995,43.316994,11.7428451650662,-115.09808601864046,48.9586551218065,-1.3995286581041076e-17,-0.6646536402802748,0.7437033029363367,-0.07170031843557262
64.30874824523926,0,0,0,0,0,0,0,0,0,1,0.0,0.0,0.0,0.0,0.0,0.0,2.5485,0,0,0,0,0,0,0,0,0,1
64.35489058494568,8.661092601908276,-77.07266870552112,39.134558703054225,1.8186971285545042,-75.91475357650395,45.26055500439324,-4.8852760411797756e-18,0.7101844241161357,-0.7035996335650235,-0.024199987396636678,0.0,0.0,0.0,0.0,0.0,0.0,2.5485,9.1551647,-94.828995,43.316994,11.75020205112142,-115.0625330958694,48.995828578869364,0.0,-0.6647380648865608,0.7436084837665328,-0.07190082031040036
64.45027732849121,8.661475854942612,-77.0600215962389,39.13259626139452,1.800589728794364,-75.89050876970403,45.3297237214347,0.0,0.7101878397552036,-0.7035996183156904,-0.024099986926390194,0.0,0.0,0.0,0.0,0.0,0.0,2.5485,9.1551647,-94.828995,43.316994,11.742965056726405,-115.04831657040829,49.04822625358818,1.8662745996778468e-17,-0.664748174804814,0.7436091028731794,-0.07180087894875509
64.55537724494934,0,0,0,0,0,0,0,0,0,1,0.0,0.0,0.0,0.0,0.0,0.0,2.5485,0,0,0,0,0,0,0,0,0,1
64.66771793365479,8.660884411084986,-77.07953887185462,39.13562474117575,1.795685138090903,-75.91421071821809,45.30494141672612,-4.8852760411797756e-18,0.7101844241161357,-0.7035996335650235,-0.024199987396636678,0.0,0.0,0.0,0.0,0.0,0.0,2.5485,9.1551647,-94.828995,43.316994,11.753048775919495,-115.0800069640286,49.020047581521794,-1.399527491778054e-17,-0.6646637204283408,0.7437039227173298,-0.07160037766110099
64.74197888374329,8.660497493693605,-77.09230690261657,39.137605946123095,1.7716743329594067,-75.93196405785844,45.27018080441056,0.0,0.7101878397552036,-0.7035996183156904,-0.024099986926390194,0.0,0.0,0.0,0.0,0.0,0.0,2.5485,9.1551647,-94.828995,43.316994,11.739423882591865,-115.10564017711803,48.990767884315005,1.866023762129903e-17,-0.6646471369356398,0.7437090614523674,-0.07170087361319717
64.7912323474884,0,0,0,0,0,0,0,0,0,1,0.0,0.0,0.0,0.0,0.0,0.0,2.5485,0,0,0,0,0,0,0,0,0,1
64.85161542892456,8.660959768281048,-77.07705213174192,39.13523887573526,1.7925362206820523,-75.92054737023011,45.24706282689854,0.0,0.7101912412668017,-0.7035996030966525,-0.023999986461511743,0.0,0.0,0.0,0.0,0.0,0.0,2.5485,9.1551647,-94.828995,43.316994,11.701513646346655,-115.0699324391994,49.00447085627616,4.66569427538286e-18,-0.6647279410933213,0.7436078635197151,-0.07200076139513112
64.98101043701172,8.661219131467373,-77.06849330958696,39.13391081026354,1.7986219270039498,-75.90450815185079,45.29508061164903,0.0,0.7101912412668017,-0.7035996030966525,-0.023999986461511743,0.0,0.0,0.0,0.0,0.0,0.0,2.5485,9.1551647,-94.828995,43.316994,11.71435185350225,-115.06596133839146,49.02234292373922,0.0,-0.6647380648865608,0.7436084837665328,-0.07190082031040036
65.03961515426636,0,0,0,0,0,0,0,0,0,1,0.0,0.0,0.0,0.0,0.0,0.0,2.5485,0,0,0,0,0,0,0,0,0,1
65.0988941192627,8.66084277292033,-77.08091290512131,39.13583794880005,1.7910827399981883,-75.91410214656091,45.31381869919271,-4.8852760411797756e-18,0.7101844241161357,-0.7035996335650235,-0.024199987396636678,0.0,0.0,0.0,0.0,0.0,0.0,2.5485,9.1551647,-94.828995,43.316994,11.744328473295383,-115.08193822860397,49.01555018902357,1.866023762129903e-17,-0.6646471369356398,0.7437090614523674,-0.07170087361319717
65.1618766784668,0,0,0,0,0,0,0,0,0,1,0.0,0.0,0.0,0.0,0.0,0.0,2.5485,0,0,0,0,0,0,0,0,0,1
65.23267865180969,8.660588689156173,-77.08929750966249,39.13713898106636,1.793232842739144,-75.92606169247512,45.29255026437184,-4.8852760411797756e-18,0.7101844241161357,-0.7035996335650235,-0.024199987396636678,0.0,0.0,0.0,0.0,0.0,0.0,2.5485,9.1551647,-94.828995,43.316994,11.758135667573526,-115.0822639435755,48.98891834162383,1.866023762129903e-17,-0.6646471369356398,0.7437090614523674,-0.07170087361319717
65.35794639587402,8.660931328671813,-77.07799062097412,39.13538450034602,1.8085233452464422,-75.91023961741014,45.32281348418917,0.0,0.7101912412668017,-0.7035996030966525,-0.023999986461511743,0.0,0.0,0.0,0.0,0.0,0.0,2.5485,9.1551647,-94.828995,43.316994,11.736879350404536,-115.0643557887876,49.0002084688377,0.0,-0.6647380648865608,0.7436084837665328,-0.07190082031040036
65.44245386123657,8.661306662572896,-77.06560483811259,39.13346260849445,1.7780622318920791,-75.8921143193079,45.35185817633621,0.0,0.7101912412668017,-0.7035996030966525,-0.023999986461511743,0.0,0.0,0.0,0.0,0.0,0.0,2.5485,9.1551647,-94.828995,43.316994,11.70690273061146,-115.0483788985751,49.007001203553344,4.66569427538286e-18,-0.6647279410933213,0.7436078635197151,-0.07200076139513112
65.4805862903595,0,0,0,0,0,0,0,0,0,1,0.0,0.0,0.0,0.0,0.0,0.0,2.5485,0,0,0,0,0,0,0,0,0,1
65.5374321937561,0,0,0,0,0,0,0,0,0,1,0.0,0.0,0.0,0.0,0.0,0.0,2.5485,0,0,0,0,0,0,0,0,0,1
65.60435485839844,8.661142749625348,-77.07101386237247,39.13430192238896,1.763770544052619,-75.88964019644663,45.40074198116733,0.0,0.7101912412668017,-0.7035996030966525,-0.023999986461511743,0.0,0.0,0.0,0.0,0.0,0.0,2.5485,9.1551647,-94.828995,43.316994,11.726008945039439,-115.05432750744879,49.01697951116033,1.8662745996778468e-17,-0.664748174804814,0.7436091028731794,-0.07180087894875509
65.72451686859131,8.661010940644083,-77.07536347592044,39.13497684838506,1.775609936540377,-75.90396529356491,45.33946702398191,0.0,0.7101878397552036,-0.7035996183156904,-0.024099986926390194,0.0,0.0,0.0,0.0,0.0,0.0,2.5485,9.1551647,-94.828995,43.316994,11.742360671504912,-115.09593761075074,48.980907079237895,1.39934177725404e-17,-0.6645424971224699,0.7438026238511486,-0.07170025293106665
65.81778621673584,8.660625047898662,-77.08809769400956,39.13695280664747,1.7895994317690054,-75.93024993659739,45.25692363197564,-2.4426247835690497e-18,0.7101882727326259,-0.7035991817959116,-0.024099971974533077,0.0,0.0,0.0,0.0,0.0,0.0,2.5485,9.1551647,-94.828995,43.316994,11.751080974129053,-115.09400634617535,48.98540447173612,9.330126585983701e-18,-0.664637041357854,0.7437084416765867,-0.0718008149958033
65.85845804214478,0,0,0,0,0,0,0,0,0,1,0.0,0.0,0.0,0.0,0.0,0.0,2.5485,0,0,0,0,0,0,0,0,0,1
65.93977332115173,0,0,0,0,0,0,0,0,0,1,0.0,0.0,0.0,0.0,0.0,0.0,2.5485,0,0,0,0,0,0,0,0,0,1
65.98664665222168,8.66104729938657,-77.07416366026756,39.13479067396617,1.77197652557021,-75.90815353768721,45.30384039158572,0.0,0.7101878397552036,-0.7035996183156904,-0.024099986926390194,0.0,0.0,0.0,0.0,0.0,0.0,2.5485,9.1551647,-94.828995,43.316994,11.703965941698414,-115.05808146494238,49.016862008630454,0.0,-0.6647380648865608,0.7436084837665328,-0.07190082031040036
66.09890842437744,8.66084438798545,-77.08085960898723,39.13582967888228,1.7572003441694903,-75.90353100693622,45.37497615384822,0.0,0.7101878397552036,-0.7035996183156904,-0.024099986926390194,0.0,0.0,0.0,0.0,0.0,0.0,2.5485,9.1551647,-94.828995,43.316994,11.708478275676185,-115.08536647112604,49.04206453389341,1.866023762129903e-17,-0.6646471369356398,0.7437090614523674,-0.07170087361319717
66.15555167198181,0,0,0,0,0,0,0,0,0,1,0.0,0.0,0.0,0.0,0.0,0.0,2.5485,0,0,0,0,0,0,0,0,0,1
66.22817397117615,8.660048417661583,-77.1071261294567,39.13990543349738,1.7714019678940076,-75.93318156432396,45.36017215674664,4.885273066074456e-18,0.7101848566146735,-0.7035991975344031,-0.02419997239956304,0.0,0.0,0.0,0.0,0.0,0.0,2.5485,9.1551647,-94.828995,43.316994,11.727584490104192,-115.09131507999975,49.052042841500395,-9.33011104963446e-18,-0.6646572186375564,0.743709680087793,-0.07160093195412932
66.28382396697998,0,0,0,0,0,0,0,0,0,1,0.0,0.0,0.0,0.0,0.0,0.0,2.5485,0,0,0,0,0,0,0,0,0,1
66.35068726539612,8.660036243752122,-77.1075278608184,39.139967769825994,1.7888127455969425,-75.9519120488789,45.24551600223188,0.0,0.7100853294496796,-0.7036996415353567,-0.02419998767252469,0.0,0.0,0.0,0.0,0.0,0.0,2.5485,9.1551647,-94.828995,43.316994,11.726887868047072,-115.08580075775474,49.0065554040271,0.0,-0.6646435462584749,0.7437026820135139,-0.07180025893313202
66.47901010513306,8.661001406445706,-77.07567809847522,39.135025668110956,1.7971386187747669,-75.92065594188728,45.23818554443196,0.0,0.7101878397552036,-0.7035996183156904,-0.024099986926390194,0.0,0.0,0.0,0.0,0.0,0.0,2.5485,9.1551647,-94.828995,43.316994,11.718954251594965,-115.06606991004864,49.01346564127263,0.0,-0.6647380648865608,0.7436084837665328,-0.07190082031040036
66.5546510219574,0,0,0,0,0,0,0,0,0,1,0.0,0.0,0.0,0.0,0.0,0.0,2.5485,0,0,0,0,0,0,0,0,0,1
66.62584114074707,8.661677741697769,-77.05335946019203,39.13156250316335,1.777365609834959,-75.88659999706289,45.306370738862896,0.0,0.7101878397552036,-0.7035996183156904,-0.024099986926390194,0.0,0.0,0.0,0.0,0.0,0.0,2.5485,9.1551647,-94.828995,43.316994,11.730126849570865,-115.05228767121622,49.03035418612515,-1.3995286581041076e-17,-0.6646536402802748,0.7437033029363367,-0.07170031843557262
66.67346501350403,0,0,0,0,0,0,0,0,0,1,0.0,0.0,0.0,0.0,0.0,0.0,2.5485,0,0,0,0,0,0,0,0,0,1
66.73963236808777,8.661220746532495,-77.06844001345289,39.133902540345765,1.7647395311752518,-75.8939370122261,45.35623806630454,0.0,0.7101878397552036,-0.7035996183156904,-0.024099986926390194,0.0,0.0,0.0,0.0,0.0,0.0,2.5485,9.1551647,-94.828995,43.316994,11.727674554219107,-115.06413864547325,49.017963033770855,-1.399527491778054e-17,-0.6646637204283408,0.7437039227173298,-0.07160037766110099
66.86560153961182,8.660295606938446,-77.09896903866343,39.13863970435426,1.79489845191884,-75.93587283049958,45.293533786982366,0.0,0.7100853294496796,-0.7036996415353567,-0.02419998767252469,0.0,0.0,0.0,0.0,0.0,0.0,2.5485,9.1551647,-94.828995,43.316994,11.762738065666241,-115.08237251523268,48.98004105915726,1.3993429488205237e-17,-0.6645324035668174,0.7438020011201549,-0.07180019317078133
66.94225835800171,0,0,0,0,0,0,0,0,0,1,0.0,0.0,0.0,0.0,0.0,0.0,2.5485,0,0,0,0,0,0,0,0,0,1
66.99586200714111,8.660708324227977,-77.08534962747618,39.13652639139887,1.798804227954463,-75.93046707991175,45.23916906704248,0.0,0.7100853294496796,-0.7036996415353567,-0.02419998767252469,0.0,0.0,0.0,0.0,0.0,0.0,2.5485,9.1551647,-94.828995,43.316994,11.748930871388097,-115.08204680026115,49.006672906556986,-1.8660268751302722e-17,-0.6646269319050228,0.7437078207593132,-0.07190075610137772
67.04845643043518,0,0,0,0,0,0,0,0,0,1,0.0,0.0,0.0,0.0,0.0,0.0,2.5485,0,0,0,0,0,0,0,0,0,1
67.11252927780151,8.660998766734622,-77.07576520728213,39.13503918471367,1.7930207142433119,-75.92269577811985,45.22481086946715,0.0,0.7101878397552036,-0.7035996183156904,-0.024099986926390194,0.0,0.0,0.0,0.0,0.0,0.0,2.5485,9.1551647,-94.828995,43.316994,11.739726075202668,-115.08182965694681,49.02442747149014,-1.8660268751302722e-17,-0.6646269319050228,0.7437078207593132,-0.07190075610137772
67.23578834533691,8.660756856879928,-77.0837480804616,39.13627788065137,1.7777600392813042,-75.91592483947912,45.31819858916104,0.0,0.7101878397552036,-0.7035996183156904,-0.024099986926390194,0.0,0.0,0.0,0.0,0.0,0.0,2.5485,9.1551647,-94.828995,43.316994,11.770187188557003,-115.09995495504904,48.99538277934312,-1.865774555609049e-17,-0.6645359756639755,0.743808396684041,-0.0717008094141513
67.31206965446472,0,0,0,0,0,0,0,0,0,1,0.0,0.0,0.0,0.0,0.0,0.0,2.5485,0,0,0,0,0,0,0,0,0,1
67.3586483001709,8.66080641417784,-77.0821127207742,39.13602412321894,1.7947161509682985,-75.90991390243862,45.349445331588896,4.885273066074456e-18,0.7101848566146735,-0.7035991975344031,-0.02419997239956304,0.0,0.0,0.0,0.0,0.0,0.0,2.5485,9.1551647,-94.828995,43.316994,11.754412192488417,-115.11362862222428,48.98737151695717,-4.664432498222679e-18,-0.6645460569006368,0.7438090171260066,-0.07160086801051634
67.4500687122345,8.660850692053582,-77.08065157870061,39.13579739899192,1.803436453592468,-75.90798263786323,45.35394272408715,0.0,0.7101912412668017,-0.7035996030966525,-0.023999986461511743,0.0,0.0,0.0,0.0,0.0,0.0,2.5485,9.1551647,-94.828995,43.316994,11.739726075202668,-115.08182965694681,49.02442747149014,-1.8660268751302722e-17,-0.6646269319050228,0.7437078207593132,-0.07190075610137772
67.54086565971375,0,0,0,0,0,0,0,0,0,1,0.0,0.0,0.0,0.0,0.0,0.0,2.5485,0,0,0,0,0,0,0,0,0,1
67.690927028656,8.661055218519826,-77.07390233384685,39.134750124158046,1.7843302391644897,-75.90203402898953,45.34396441648016,0.0,0.7101912412668017,-0.7035996030966525,-0.023999986461511743,0.0,0.0,0.0,0.0,0.0,0.0,2.5485,9.1551647,-94.828995,43.316994,11.731792458750562,-115.0620988092407,49.03133770873568,0.0,-0.6647380648865608,0.7436084837665328,-0.07190082031040036
67.73900532722473,8.66080113475567,-77.082286938388,39.13605115642435,1.7864803419054738,-75.91399357490373,45.32269598165928,4.885273066074456e-18,0.7101848566146735,-0.7035991975344031,-0.02419997239956304,0.0,0.0,0.0,0.0,0.0,0.0,2.5485,9.1551647,-94.828995,43.316994,11.742662864115687,-115.07212709057951,49.01456666641303,1.866023762129903e-17,-0.6646471369356398,0.7437090614523674,-0.07170087361319717
67.81044745445251,0,0,0,0,0,0,0,0,0,1,0.0,0.0,0.0,0.0,0.0,0.0,2.5485,0,0,0,0,0,0,0,0,0,1
67.85652327537537,8.660638246454086,-77.08766214997507,39.136885223633925,1.8101889544261383,-75.9200507554346,45.323797006799694,4.885273066074456e-18,0.7101848566146735,-0.7035991975344031,-0.02419997239956304,0.0,0.0,0.0,0.0,0.0,0.0,2.5485,9.1551647,-94.828995,43.316994,11.772639483908733,-115.08810398079203,49.0077739316974,9.328937385615385e-18,-0.6645525768051556,0.7438032454378514,-0.07160031241375392
67.93468379974365,0,0,0,0,0,0,0,0,0,1,0.0,0.0,0.0,0.0,0.0,0.0,2.5485,0,0,0,0,0,0,0,0,0,1
68.0599582195282,8.660796879979463,-77.082427343329,39.136072942944836,1.8162448332027452,-75.926604550761,45.24816385203894,4.885273066074456e-18,0.7101848566146735,-0.7035991975344031,-0.02419997239956304,0.0,0.0,0.0,0.0,0.0,0.0,2.5485,9.1551647,-94.828995,43.316994,11.792714685459288,-115.09834940544519,48.97324832444161,1.39934177725404e-17,-0.6645424971224699,0.7438026238511486,-0.07170025293106665
68.10656213760376,8.660871212529562,-77.07997441588911,39.13569232418929,1.7750956154337416,-75.92440989938088,45.23806804190207,0.0,0.7101912412668017,-0.7035996030966525,-0.023999986461511743,0.0,0.0,0.0,0.0,0.0,0.0,2.5485,9.1551647,-94.828995,43.316994,11.734427055052805,-115.07620676304462,48.98781731648343,-1.8660268751302722e-17,-0.6646269319050228,0.7437078207593132,-0.07190075610137772
68.16868352890015,0,0,0,0,0,0,0,0,0,1,0.0,0.0,0.0,0.0,0.0,0.0,2.5485,0,0,0,0,0,0,0,0,0,1
68.23880672454834,8.661044659675486,-77.07425076907445,39.134804190568886,1.7678586210387834,-75.91019337391977,45.2904657166209,0.0,0.7101878397552036,-0.7035996183156904,-0.024099986926390194,0.0,0.0,0.0,0.0,0.0,0.0,2.5485,9.1551647,-94.828995,43.316994,11.725706752428664,-115.07813802762001,48.98331992398519,9.330126585983701e-18,-0.664637041357854,0.7437084416765867,-0.0718008149958033
68.28540277481079,0,0,0,0,0,0,0,0,0,1,0.0,0.0,0.0,0.0,0.0,0.0,2.5485,0,0,0,0,0,0,0,0,0,1
68.43718433380127,8.660428440565674,-77.09458561244264,39.137959531673225,1.8210593597912634,-75.93007903677342,45.30702596447706,0.0,0.7100853294496796,-0.7036996415353567,-0.02419998767252469,0.0,0.0,0.0,0.0,0.0,0.0,2.5485,9.1551647,-94.828995,43.316994,11.786446678186906,-115.08842969576355,48.98114208429766,-4.664432498222679e-18,-0.6645460569006368,0.7438090171260066,-0.07160086801051634
68.4970965385437,8.66047007873033,-77.09321157917594,39.13774632404892,1.825661757883978,-75.9301876084306,45.29814868201048,0.0,0.7100853294496796,-0.7036996415353567,-0.02419998767252469,0.0,0.0,0.0,0.0,0.0,0.0,2.5485,9.1551647,-94.828995,43.316994,11.776060766383068,-115.08054982231447,48.97566116918891,1.39933208609871e-17,-0.6645258805522123,0.7438077750992578,-0.07180075054063821
68.53759455680847,0,0,0,0,0,0,0,0,0,1,0.0,0.0,0.0,0.0,0.0,0.0,2.5485,0,0,0,0,0,0,0,0,0,1
68.61269235610962,8.660544411280432,-77.09075865173607,39.13736570529338,1.7845125401150028,-75.92799295705049,45.28805287187362,2.442613082810343e-18,0.7101916747211249,-0.7035991660897272,-0.023999971555078804,0.0,0.0,0.0,0.0,0.0,0.0,2.5485,9.1551647,-94.828995,43.316994,11.746084146589965,-115.06457293210195,48.98245390390454,-1.8660268751302722e-17,-0.6646269319050228,0.7437078207593132,-0.07190075610137772
68.67714858055115,0,0,0,0,0,0,0,0,0,1,0.0,0.0,0.0,0.0,0.0,0.0,2.5485,0,0,0,0,0,0,0,0,0,1
68.80984902381897,8.6604637746622,-77.09341960946257,39.137778603939275,1.7794256484610003,-75.92573597750359,45.31918211177157,0.0,0.7101912412668017,-0.7035996030966525,-0.023999986461511743,0.0,0.0,0.0,0.0,0.0,0.0,2.5485,9.1551647,-94.828995,43.316994,11.750898673178511,-115.06804741811439,49.04131601634266,9.330126585983701e-18,-0.664637041357854,0.7437084416765867,-0.0718008149958033
68.85369944572449,8.660342524525273,-77.09742078778294,39.13839946352454,1.8077366590744077,-75.93190172969163,45.31140585444541,-4.885934294688636e-18,0.710088745099408,-0.7036996267579446,-0.024099987217374545,0.0,0.0,0.0,0.0,0.0,0.0,2.5485,9.1551647,-94.828995,43.316994,11.786356614071991,-115.11560613029003,49.01522189202723,-4.664432498222679e-18,-0.6645460569006368,0.7438090171260066,-0.07160086801051634
68.9406623840332,0,0,0,0,0,0,0,0,0,1,0.0,0.0,0.0,0.0,0.0,0.0,2.5485,0,0,0,0,0,0,0,0,0,1
69.0389997959137,8.660376243556676,-77.09630808093694,39.13822680570836,1.7999853435728426,-75.93812981004648,45.2624045470844,0.0,0.7100853294496796,-0.7036996415353567,-0.02419998767252469,0.0,0.0,0.0,0.0,0.0,0.0,2.5485,9.1551647,-94.828995,43.316994,11.770187188557003,-115.09995495504904,48.99538277934312,-4.664432498222679e-18,-0.6645460569006368,0.7438090171260066,-0.07160086801051634
69.10058999061584,8.660619768476492,-77.0882719116234,39.13697983985289,1.7813636227061238,-75.93432960906253,45.23017428204601,-4.885934294688636e-18,0.710088745099408,-0.7036996267579446,-0.024099987217374545,0.0,0.0,0.0,0.0,0.0,0.0,2.5485,9.1551647,-94.828995,43.316994,11.72737236160836,-115.08794916564447,48.98430344659572,-1.8660268751302722e-17,-0.6646269319050228,0.7437078207593132,-0.07190075610137772
69.23450207710266,8.661091577262313,-77.07270251819396,39.13456394973916,1.7806968281943512,-75.90622227311184,45.308337784083946,0.0,0.7101946286507306,-0.703599587908318,-0.023899986002002275,0.0,0.0,0.0,0.0,0.0,0.0,2.5485,9.1551647,-94.828995,43.316994,11.729340163398803,-115.07394978349771,49.01894655638138,-1.8660268751302722e-17,-0.6646269319050228,0.7437078207593132,-0.07190075610137772
69.30166983604431,0,0,0,0,0,0,0,0,0,1,0.0,0.0,0.0,0.0,0.0,0.0,2.5485,0,0,0,0,0,0,0,0,0,1
69.349689245224,8.661099496395568,-77.07244119177327,39.134523399931034,1.7930505417886025,-75.90010276441416,45.348461808978385,0.0,0.7101878397552036,-0.7035996183156904,-0.024099986926390194,0.0,0.0,0.0,0.0,0.0,0.0,2.5485,9.1551647,-94.828995,43.316994,11.755501071271226,-115.06815598977157,49.03243873387608,1.39934177725404e-17,-0.6645424971224699,0.7438026238511486,-0.07170025293106665
69.41849994659424,0,0,0,0,0,0,0,0,0,1,0.0,0.0,0.0,0.0,0.0,0.0,2.5485,0,0,0,0,0,0,0,0,0,1
69.48868298530579,8.660417881721335,-77.09493404767024,39.13801359808406,1.8045877416655571,-75.93823838170366,45.253527264617816,0.0,0.7100853294496796,-0.7036996415353567,-0.02419998767252469,0.0,0.0,0.0,0.0,0.0,0.0,2.5485,9.1551647,-94.828995,43.316994,11.765584790464288,-115.09984638339188,49.0042600618097,-1.865774555609049e-17,-0.6645359756639755,0.743808396684041,-0.0717008094141513
69.60679030418396,8.660080521627865,-77.10606671874478,39.139741045598974,1.797533048221112,-75.9499807843035,45.250013394730104,-4.885934294688636e-18,0.710088745099408,-0.7036996267579446,-0.024099987217374545,0.0,0.0,0.0,0.0,0.0,0.0,2.5485,9.1551647,-94.828995,43.316994,11.752262089747461,-115.10166907631009,49.00863995177804,1.39933208609871e-17,-0.6645258805522123,0.7438077750992578,-0.07180075054063821
69.69775247573853,8.660292967227361,-77.09905614747034,39.138653220956975,1.7907805473874134,-75.93791266673213,45.28015911201756,-2.4426247835690497e-18,0.7101882727326259,-0.7035991817959116,-0.024099971974533077,0.0,0.0,0.0,0.0,0.0,0.0,2.5485,9.1551647,-94.828995,43.316994,11.731005772578499,-115.08376092152218,49.019930078991905,9.330126585983701e-18,-0.664637041357854,0.7437084416765867,-0.0718008149958033
69.73592591285706,0,0,0,0,0,0,0,0,0,1,0.0,0.0,0.0,0.0,0.0,0.0,2.5485,0,0,0,0,0,0,0,0,0,1
69.78166270256042,0,0,0,0,0,0,0,0,0,1,0.0,0.0,0.0,0.0,0.0,0.0,2.5485,0,0,0,0,0,0,0,0,0,1
69.8496675491333,8.660756856879928,-77.0837480804616,39.13627788065137,1.7777600392813042,-75.91592483947912,45.31819858916104,-2.4426247835690497e-18,0.7101882727326259,-0.7035991817959116,-0.024099971974533077,0.0,0.0,0.0,0.0,0.0,0.0,2.5485,9.1551647,-94.828995,43.316994,11.750111987006449,-115.08970953039588,49.029908386598905,1.39934177725404e-17,-0.6645424971224699,0.7438026238511486,-0.07170025293106665
69.98599863052368,8.66017435680152,-77.1029702169838,39.13926056393953,1.8232094625322475,-75.94203858268763,45.285757529656195,-4.885934294688636e-18,0.710088745099408,-0.7036996267579446,-0.024099987217374545,0.0,0.0,0.0,0.0,0.0,0.0,2.5485,9.1551647,-94.828995,43.316994,11.815152118246658,-115.12392029036782,48.98519367726965,-9.327619343678127e-18,-0.6644348678085098,0.7439083487696271,-0.07160080356486798
70.06278491020203,0,0,0,0,0,0,0,0,0,1,0.0,0.0,0.0,0.0,0.0,0.0,2.5485,0,0,0,0,0,0,0,0,0,1
70.11036467552185,8.659666189273208,-77.11973942606613,39.14186262847215,1.8275096680142155,-75.96595767451603,45.24322066001446,-9.77190983250979e-18,0.7100857481126658,-0.7036992195720169,-0.024199973161351165,0.0,0.0,0.0,0.0,0.0,0.0,2.5485,9.1551647,-94.828995,43.316994,11.808097424802213,-115.13566269296767,48.981679807381965,-1.3991440718793238e-17,-0.6644247870384692,0.7439077265202868,-0.07170074471233306
70.16268849372864,0,0,0,0,0,0,0,0,0,1,0.0,0.0,0.0,0.0,0.0,0.0,2.5485,0,0,0,0,0,0,0,0,0,1
70.23887825012207,8.660453215817862,-77.09376804469017,39.13783267035011,1.7629540303352655,-75.93389532243383,45.26568341191232,2.44295544490951e-18,0.7100921466216358,-0.7036996120088759,-0.023999986767390957,0.0,0.0,0.0,0.0,0.0,0.0,2.5485,9.1551647,-94.828995,43.316994,11.734336990937862,-115.10338319757112,49.021897124212956,9.328960816959397e-18,-0.6645222961390221,0.7438013772437341,-0.07190013313232653
70.352121591568,8.660787936200247,-77.08272248242251,39.136118739437904,1.7658908192483125,-75.92419275606653,45.25582260683521,-2.4426247835690497e-18,0.7101882727326259,-0.7035991817959116,-0.024099971974533077,0.0,0.0,0.0,0.0,0.0,0.0,2.5485,9.1551647,-94.828995,43.316994,11.726887868047072,-115.08580075775474,49.0065554040271,9.330126585983701e-18,-0.664637041357854,0.7437084416765867,-0.0718008149958033
70.43333530426025,0,0,0,0,0,0,0,0,0,1,0.0,0.0,0.0,0.0,0.0,0.0,2.5485,0,0,0,0,0,0,0,0,0,1
70.48896265029907,8.660876491951733,-77.07980019827531,39.13566529098387,1.7833314244966232,-75.92033022691575,45.264817391831684,2.4429906983638286e-18,0.7100818996726521,-0.7036996563407015,-0.024299988132839356,0.0,0.0,0.0,0.0,0.0,0.0,2.5485,9.1551647,-94.828995,43.316994,11.757348981401435,-115.10392605585699,48.97751071188006,-1.865774555609049e-17,-0.6645359756639755,0.743808396684041,-0.0717008094141513
70.54152917861938,0,0,0,0,0,0,0,0,0,1,0.0,0.0,0.0,0.0,0.0,0.0,2.5485,0,0,0,0,0,0,0,0,0,1
70.60190510749817,8.660746298035589,-77.08409651568921,39.1363319470622,1.761288421155598,-75.92408418440935,45.264699889301795,4.885273066074456e-18,0.7101848566146735,-0.7035991975344031,-0.02419997239956304,0.0,0.0,0.0,0.0,0.0,0.0,2.5485,9.1551647,-94.828995,43.316994,11.74402628068458,-115.1057487487752,48.98189060184842,-1.865774555609049e-17,-0.6645359756639755,0.743808396684041,-0.0717008094141513
70.7230167388916,8.66082693465382,-77.08143555796272,39.135919048416305,1.7663753128096005,-75.92634116395627,45.233570649403845,0.0,0.7101878397552036,-0.7035996183156904,-0.024099986926390194,0.0,0.0,0.0,0.0,0.0,0.0,2.5485,9.1551647,-94.828995,43.316994,11.746478576036338,-115.09389777451818,48.9942817542027,9.328960816959397e-18,-0.6645222961390221,0.7438013772437341,-0.07190013313232653
70.80142331123352,0,0,0,0,0,0,0,0,0,1,0.0,0.0,0.0,0.0,0.0,0.0,2.5485,0,0,0,0,0,0,0,0,0,1
70.84992337226868,8.661049939097655,-77.07407655146065,39.134777157363466,1.7760944301016366,-75.90611370145466,45.31721506655052,0.0,0.7101912412668017,-0.7035996030966525,-0.023999986461511743,0.0,0.0,0.0,0.0,0.0,0.0,2.5485,9.1551647,-94.828995,43.316994,11.748446377826781,-115.07989839237142,49.02892486398838,-1.8660268751302722e-17,-0.6646269319050228,0.7437078207593132,-0.07190075610137772
70.93858599662781,0,0,0,0,0,0,0,0,0,1,0.0,0.0,0.0,0.0,0.0,0.0,2.5485,0,0,0,0,0,0,0,0,0,1
70.97751665115356,8.661052578808741,-77.07398944265374,39.13476364076075,1.7802123346330632,-75.90407386522209,45.33058974151534,2.442613082810343e-18,0.7101916747211249,-0.7035991660897272,-0.023999971555078804,0.0,0.0,0.0,0.0,0.0,0.0,2.5485,9.1551647,-94.828995,43.316994,11.750111987006449,-115.08970953039588,49.029908386598905,-1.865774555609049e-17,-0.6645359756639755,0.743808396684041,-0.0717008094141513
71.0950026512146,8.66024340992945,-77.10069150715772,39.13890697838941,1.7738244357003907,-75.94392360377263,45.24891236958969,-4.885934294688636e-18,0.710088745099408,-0.7036996267579446,-0.024099987217374545,0.0,0.0,0.0,0.0,0.0,0.0,2.5485,9.1551647,-94.828995,43.316994,11.776849625275759,-115.13919950714691,48.99931686978522,-9.327619343678127e-18,-0.6644348678085098,0.7439083487696271,-0.07160080356486798
71.16531586647034,0,0,0,0,0,0,0,0,0,1,0.0,0.0,0.0,0.0,0.0,0.0,2.5485,0,0,0,0,0,0,0,0,0,1
71.22417140007019,8.660712579004185,-77.0852092225352,39.13650460487838,1.769039736657163,-75.9178561040545,45.31370119666282,0.0,0.7101878397552036,-0.7035996183156904,-0.024099986926390194,0.0,0.0,0.0,0.0,0.0,0.0,2.5485,9.1551647,-94.828995,43.316994,11.746478576036338,-115.09389777451818,48.9942817542027,1.39934177725404e-17,-0.6645424971224699,0.7438026238511486,-0.07170025293106665
71.28355383872986,0,0,0,0,0,0,0,0,0,1,0.0,0.0,0.0,0.0,0.0,0.0,2.5485,0,0,0,0,0,0,0,0,0,1
71.35557889938354,8.661130575715887,-77.07141559373416,39.13436425871756,1.7811813217556391,-75.90837068100156,45.28608582665257,0.0,0.7101878397552036,-0.7035996183156904,-0.024099986926390194,0.0,0.0,0.0,0.0,0.0,0.0,2.5485,9.1551647,-94.828995,43.316994,11.7223755340693,-115.05851575157108,48.98135287876414,0.0,-0.6646435462584749,0.7437026820135139,-0.07180025893313202
71.48228287696838,8.660920769827475,-77.07833905620173,39.13543856675686,1.7920517271207643,-75.91839896234038,45.269314784329936,0.0,0.7101878397552036,-0.7035996183156904,-0.024099986926390194,0.0,0.0,0.0,0.0,0.0,0.0,2.5485,9.1551647,-94.828995,43.316994,11.749717557560103,-115.06038468797966,49.018080536300744,1.866023762129903e-17,-0.6646471369356398,0.7437090614523674,-0.07170087361319717
71.54037404060364,0,0,0,0,0,0,0,0,0,1,0.0,0.0,0.0,0.0,0.0,0.0,2.5485,0,0,0,0,0,0,0,0,0,1
71.59849691390991,8.660586049445088,-77.08938461846938,39.13715249766907,1.7891149382077174,-75.92810152870767,45.27917558940703,4.885273066074456e-18,0.7101848566146735,-0.7035991975344031,-0.02419997239956304,0.0,0.0,0.0,0.0,0.0,0.0,2.5485,9.1551647,-94.828995,43.316994,11.783509889273859,-115.09813226213085,48.991002889374755,9.327691893031075e-18,-0.6644414058360185,0.7439025627649032,-0.07160024666483003
71.66767120361328,0,0,0,0,0,0,0,0,0,1,0.0,0.0,0.0,0.0,0.0,0.0,2.5485,0,0,0,0,0,0,0,0,0,1
71.73278665542603,8.661128960650764,-77.07146888986824,39.13437252863534,1.8150637175843372,-75.91894182062626,45.22492837199704,-4.8852760411797756e-18,0.7101844241161357,-0.7035996335650235,-0.024199987396636678,0.0,0.0,0.0,0.0,0.0,0.0,2.5485,9.1551647,-94.828995,43.316994,11.762738065666241,-115.08237251523268,48.98004105915726,1.39934177725404e-17,-0.6645424971224699,0.7438026238511486,-0.07170025293106665
71.85356593132019,8.661001406445706,-77.07567809847522,39.135025668110956,1.7971386187747669,-75.92065594188728,45.23818554443196,0.0,0.7101912412668017,-0.7035996030966525,-0.023999986461511743,0.0,0.0,0.0,0.0,0.0,0.0,2.5485,9.1551647,-94.828995,43.316994,11.718954251594965,-115.06606991004864,49.01346564127263,-1.8660268751302722e-17,-0.6646269319050228,0.7437078207593132,-0.07190075610137772
71.93782305717468,8.660879131662817,-77.07971308946841,39.13565177438117,1.7874493290280498,-75.9182903906832,45.27819206679651,-2.4426247835690497e-18,0.7101882727326259,-0.7035991817959116,-0.024099971974533077,0.0,0.0,0.0,0.0,0.0,0.0,2.5485,9.1551647,-94.828995,43.316994,11.738939389030577,-115.1034917692283,49.01301984174637,1.39933208609871e-17,-0.6645258805522123,0.7438077750992578,-0.07180075054063821
71.97882676124573,0,0,0,0,0,0,0,0,0,1,0.0,0.0,0.0,0.0,0.0,0.0,2.5485,0,0,0,0,0,0,0,0,0,1
72.04222559928894,0,0,0,0,0,0,0,0,0,1,0.0,0.0,0.0,0.0,0.0,0.0,2.5485,0,0,0,0,0,0,0,0,0,1
72.10705351829529,8.660760521236975,-77.08362715898188,39.13625911736372,1.8198782441728554,-75.9224163066387,45.283790484435144,-4.8852760411797756e-18,0.7101844241161357,-0.7035996335650235,-0.024199987396636678,0.0,0.0,0.0,0.0,0.0,0.0,2.5485,9.1551647,-94.828995,43.316994,11.756864487840176,-115.10177764796725,48.999762669311465,-4.664432498222679e-18,-0.6645460569006368,0.7438090171260066,-0.07160086801051634
72.22470211982727,8.660342524525273,-77.09742078778294,39.13839946352454,1.8077366590744077,-75.93190172969163,45.31140585444541,4.885273066074456e-18,0.7101848566146735,-0.7035991975344031,-0.02419997239956304,0.0,0.0,0.0,0.0,0.0,0.0,2.5485,9.1551647,-94.828995,43.316994,11.739726075202668,-115.08182965694681,49.02442747149014,1.39934177725404e-17,-0.6645424971224699,0.7438026238511486,-0.07170025293106665
72.287442445755,0,0,0,0,0,0,0,0,0,1,0.0,0.0,0.0,0.0,0.0,0.0,2.5485,0,0,0,0,0,0,0,0,0,1
72.34672975540161,8.66067196548549,-77.08654944312909,39.13671256581775,1.802437638924573,-75.92627883578947,45.27479569943867,0.0,0.7101912412668017,-0.7035996030966525,-0.023999986461511743,0.0,0.0,0.0,0.0,0.0,0.0,2.5485,9.1551647,-94.828995,43.316994,11.727674554219107,-115.06413864547325,49.017963033770855,-1.8660268751302722e-17,-0.6646269319050228,0.7437078207593132,-0.07190075610137772
72.40612125396729,0,0,0,0,0,0,0,0,0,1,0.0,0.0,0.0,0.0,0.0,0.0,2.5485,0,0,0,0,0,0,0,0,0,1
72.47688627243042,8.660508052537942,-77.09195846738896,39.13755187971226,1.7881459510851698,-75.9238047129282,45.323679504269805,0.0,0.7101946286507306,-0.703599587908318,-0.023899986002002275,0.0,0.0,0.0,0.0,0.0,0.0,2.5485,9.1551647,-94.828995,43.316994,11.74099725493599,-115.06231595255505,49.01358314380252,-1.8660268751302722e-17,-0.6646269319050228,0.7437078207593132,-0.07190075610137772
72.61513137817383,8.66001469863018,-77.1082388363027,39.14007809131356,1.7791532833955443,-75.92695348396911,45.40917346410768,2.44295544490951e-18,0.7100921466216358,-0.7036996120088759,-0.023999986767390957,0.0,0.0,0.0,0.0,0.0,0.0,2.5485,9.1551647,-94.828995,43.316994,11.770489381167806,-115.07614443487782,49.02904236651827,-1.865774555609049e-17,-0.6645359756639755,0.743808396684041,-0.0717008094141513
72.68690752983093,8.6604637746622,-77.09341960946257,39.137778603939275,1.7794256484610003,-75.92573597750359,45.31918211177157,-4.885934294688636e-18,0.710088745099408,-0.7036996267579446,-0.024099987217374545,0.0,0.0,0.0,0.0,0.0,0.0,2.5485,9.1551647,-94.828995,43.316994,11.756864487840176,-115.10177764796725,48.999762669311465,-1.865774555609049e-17,-0.6645359756639755,0.743808396684041,-0.0717008094141513
72.7358078956604,0,0,0,0,0,0,0,0,0,1,0.0,0.0,0.0,0.0,0.0,0.0,2.5485,0,0,0,0,0,0,0,0,0,1
72.78963994979858,0,0,0,0,0,0,0,0,0,1,0.0,0.0,0.0,0.0,0.0,0.0,2.5485,0,0,0,0,0,0,0,0,0,1
72.85990118980408,8.661133215426972,-77.07132848492725,39.134350742114854,1.7852992262870657,-75.906330844769,45.299460501617375,0.0,0.7101912412668017,-0.7035996030966525,-0.023999986461511743,0.0,0.0,0.0,0.0,0.0,0.0,2.5485,9.1551647,-94.828995,43.316994,11.729340163398803,-115.07394978349771,49.01894655638138,9.330126585983701e-18,-0.664637041357854,0.7437084416765867,-0.0718008149958033
72.9738621711731,8.661052578808741,-77.07398944265374,39.13476364076075,1.7802123346330632,-75.90407386522209,45.33058974151534,0.0,0.7101946286507306,-0.703599587908318,-0.023899986002002275,0.0,0.0,0.0,0.0,0.0,0.0,2.5485,9.1551647,-94.828995,43.316994,11.722587662565132,-115.06188166592634,49.04909227366883,-9.33014217966686e-18,-0.6646168085779709,0.7437071986994079,-0.0720006969293497
73.05662846565247,0,0,0,0,0,0,0,0,0,1,0.0,0.0,0.0,0.0,0.0,0.0,2.5485,0,0,0,0,0,0,0,0,0,1
73.11128830909729,8.66020705118696,-77.10189132281063,39.13909315280829,1.7774578466705577,-75.93973535965034,45.284539001985905,-4.885934294688636e-18,0.710088745099408,-0.7036996267579446,-0.024099987217374545,0.0,0.0,0.0,0.0,0.0,0.0,2.5485,9.1551647,-94.828995,43.316994,11.75637999427886,-115.09962924007752,49.022014626742845,-1.865774555609049e-17,-0.6645359756639755,0.743808396684041,-0.0717008094141513
73.1881890296936,8.660500133404689,-77.09221979380966,39.13759242952039,1.7757922374908617,-75.92992422162587,45.28355547937538,4.885273066074456e-18,0.7101848566146735,-0.7035991975344031,-0.02419997239956304,0.0,0.0,0.0,0.0,0.0,0.0,2.5485,9.1551647,-94.828995,43.316994,11.747659691654746,-115.10156050465291,49.01751723424462,-4.664432498222679e-18,-0.6645460569006368,0.7438090171260066,-0.07160086801051634
73.22877168655396,0,0,0,0,0,0,0,0,0,1,0.0,0.0,0.0,0.0,0.0,0.0,2.5485,0,0,0,0,0,0,0,0,0,1
73.32672023773193,8.660505412826858,-77.09204557619586,39.13756539631497,1.7840280465537148,-75.92584454916076,45.310304829305,0.0,0.7101878397552036,-0.7035996183156904,-0.024099986926390194,0.0,0.0,0.0,0.0,0.0,0.0,2.5485,9.1551647,-94.828995,43.316994,11.737758273412169,-115.09582903909356,48.98978436170448,1.39933208609871e-17,-0.6645258805522123,0.7438077750992578,-0.07180075054063821
73.4137647151947,0,0,0,0,0,0,0,0,0,1,0.0,0.0,0.0,0.0,0.0,0.0,2.5485,0,0,0,0,0,0,0,0,0,1
73.47662448883057,8.660678859972782,-77.0863219293812,39.13667726269456,1.7767910521587282,-75.91162802369965,45.36270250402383,0.0,0.7101946286507306,-0.703599587908318,-0.023899986002002275,0.0,0.0,0.0,0.0,0.0,0.0,2.5485,9.1551647,-94.828995,43.316994,11.70317925552635,-115.07974357722387,49.00545437888668,-9.33014217966686e-18,-0.6646168085779709,0.7437071986994079,-0.0720006969293497
73.53971123695374,0,0,0,0,0,0,0,0,0,1,0.0,0.0,0.0,0.0,0.0,0.0,2.5485,0,0,0,0,0,0,0,0,0,1
73.59686779975891,8.660961383346171,-77.07699883560784,39.13523060581749,1.7586538248533543,-75.90997623060541,45.30822028155407,0.0,0.7101912412668017,-0.7035996030966525,-0.023999986461511743,0.0,0.0,0.0,0.0,0.0,0.0,2.5485,9.1551647,-94.828995,43.316994,11.684769663155492,-115.07930929059518,49.04096350875301,-1.8660268751302722e-17,-0.6646269319050228,0.7437078207593132,-0.07190075610137772
73.72468304634094,8.660282408383022,-77.09940458269793,39.13870728736781,1.7743089292616787,-75.94607201166237,45.22666041215831,0.0,0.7100853294496796,-0.7036996415353567,-0.02419998767252469,0.0,0.0,0.0,0.0,0.0,0.0,2.5485,9.1551647,-94.828995,43.316994,11.74402628068458,-115.1057487487752,48.98189060184842,9.327691893031075e-18,-0.6644414058360185,0.7439025627649032,-0.07160024666483003
73.7815146446228,0,0,0,0,0,0,0,0,0,1,0.0,0.0,0.0,0.0,0.0,0.0,2.5485,0,0,0,0,0,0,0,0,0,1
73.85360789299011,8.66012743921469,-77.10451846786431,39.139500804769256,1.8103712553766798,-75.94600968349557,45.26788546219315,0.0,0.7100853294496796,-0.7036996415353567,-0.02419998767252469,0.0,0.0,0.0,0.0,0.0,0.0,2.5485,9.1551647,-94.828995,43.316994,11.775274080211034,-115.10221193459596,48.96425353944515,-1.865774555609049e-17,-0.6645359756639755,0.743808396684041,-0.0717008094141513
73.93604373931885,8.660339884814189,-77.09750789658983,39.13841298012725,1.8036187545430096,-75.93394156592419,45.2980311794806,0.0,0.7101912412668017,-0.7035996030966525,-0.023999986461511743,0.0,0.0,0.0,0.0,0.0,0.0,2.5485,9.1551647,-94.828995,43.316994,11.744328473295383,-115.08193822860397,49.01555018902357,-1.8660268751302722e-17,-0.6646269319050228,0.7437078207593132,-0.07190075610137772
73.97278118133545,0,0,0,0,0,0,0,0,0,1,0.0,0.0,0.0,0.0,0.0,0.0,2.5485,0,0,0,0,0,0,0,0,0,1
74.04445004463196,0,0,0,0,0,0,0,0,0,1,0.0,0.0,0.0,0.0,0.0,0.0,2.5485,0,0,0,0,0,0,0,0,0,1
74.10302758216858,8.6605496907026,-77.09058443412228,39.13733867208796,1.7927483491778844,-75.92391328458538,45.314802221803234,2.442613082810343e-18,0.7101916747211249,-0.7035991660897272,-0.023999971555078804,0.0,0.0,0.0,0.0,0.0,0.0,2.5485,9.1551647,-94.828995,43.316994,11.74217837055437,-115.06997868268978,49.03681862384444,-1.8660268751302722e-17,-0.6646269319050228,0.7437078207593132,-0.07190075610137772
74.16643357276917,0,0,0,0,0,0,0,0,0,1,0.0,0.0,0.0,0.0,0.0,0.0,2.5485,0,0,0,0,0,0,0,0,0,1
74.2286205291748,8.660088440761118,-77.10580539232409,39.13970049579085,1.8098867618154202,-75.94386127560583,45.29013741962454,0.0,0.7100853294496796,-0.7036996415353567,-0.02419998767252469,0.0,0.0,0.0,0.0,0.0,0.0,2.5485,9.1551647,-94.828995,43.316994,11.792714685459288,-115.09834940544519,48.97324832444161,-4.664432498222679e-18,-0.6645460569006368,0.7438090171260066,-0.07160086801051634
74.28570747375488,0,0,0,0,0,0,0,0,0,1,0.0,0.0,0.0,0.0,0.0,0.0,2.5485,0,0,0,0,0,0,0,0,0,1
74.42874050140381,8.659999885009633,-77.10872767647129,39.14015394424488,1.7924461565671095,-75.9477238047566,45.28114263462808,0.0,0.7100853294496796,-0.7036996415353567,-0.02419998767252469,0.0,0.0,0.0,0.0,0.0,0.0,2.5485,9.1551647,-94.828995,43.316994,11.792714685459288,-115.09834940544519,48.97324832444161,-4.664432498222679e-18,-0.6645460569006368,0.7438090171260066,-0.07160086801051634
74.47789978981018,8.660384162689931,-77.09604675451624,39.13818625590024,1.8123390571671223,-75.93201030134881,45.30252857197884,-4.885934294688636e-18,0.710088745099408,-0.7036996267579446,-0.024099987217374545,0.0,0.0,0.0,0.0,0.0,0.0,2.5485,9.1551647,-94.828995,43.316994,11.759316783191878,-115.08992667371024,49.01215382166575,1.3993429488205237e-17,-0.6645324035668174,0.7438020011201549,-0.07180019317078133
74.5354540348053,0,0,0,0,0,0,0,0,0,1,0.0,0.0,0.0,0.0,0.0,0.0,2.5485,0,0,0,0,0,0,0,0,0,1
74.60466241836548,8.660676220261697,-77.0864090381881,39.13669077929727,1.77267314762733,-75.9136678599322,45.34932782905902,0.0,0.7101912412668017,-0.7035996030966525,-0.023999986461511743,0.0,0.0,0.0,0.0,0.0,0.0,2.5485,9.1551647,-94.828995,43.316994,11.724253271744828,-115.07169280395081,49.050075796279344,-1.8660268751302722e-17,-0.6646269319050228,0.7437078207593132,-0.07190075610137772
74.6567325592041,0,0,0,0,0,0,0,0,0,1,0.0,0.0,0.0,0.0,0.0,0.0,2.5485,0,0,0,0,0,0,0,0,0,1
74.80722117424011,8.660173332155557,-77.10300402965663,39.139265810624465,1.7852091621721513,-75.9335072792955,45.333540309346915,0.0,0.7100853294496796,-0.7036996415353567,-0.02419998767252469,0.0,0.0,0.0,0.0,0.0,0.0,2.5485,9.1551647,-94.828995,43.316994,11.751777596186145,-115.09952066842035,49.03089190920943,-4.664432498222679e-18,-0.6645460569006368,0.7438090171260066,-0.07160086801051634
74.84778356552124,0,0,0,0,0,0,0,0,0,1,0.0,0.0,0.0,0.0,0.0,0.0,2.5485,0,0,0,0,0,0,0,0,0,1
74.90564823150635,0,0,0,0,0,0,0,0,0,1,0.0,0.0,0.0,0.0,0.0,0.0,2.5485,0,0,0,0,0,0,0,0,0,1
74.97703838348389,8.660253968773787,-77.10034307193013,39.13885291197857,1.7902960538261254,-75.9357642588424,45.30241106944894,-4.885934294688636e-18,0.710088745099408,-0.7036996267579446,-0.024099987217374545,0.0,0.0,0.0,0.0,0.0,0.0,2.5485,9.1551647,-94.828995,43.316994,11.735608170671213,-115.08386949317936,49.01105279652532,1.39934177725404e-17,-0.6645424971224699,0.7438026238511486,-0.07170025293106665
75.06769275665283,8.660876491951733,-77.07980019827531,39.13566529098387,1.7833314244966232,-75.92033022691575,45.264817391831684,0.0,0.7101878397552036,-0.7035996183156904,-0.024099986926390194,0.0,0.0,0.0,0.0,0.0,0.0,2.5485,9.1551647,-94.828995,43.316994,11.722285469954357,-115.08569218609756,49.01543268649368,9.330126585983701e-18,-0.664637041357854,0.7437084416765867,-0.0718008149958033
75.20412087440491,8.661343021315384,-77.0644050224597,39.13327643407556,1.7744288209219405,-75.89630256343018,45.316231543940006,0.0,0.7101912412668017,-0.7035996030966525,-0.023999986461511743,0.0,0.0,0.0,0.0,0.0,0.0,2.5485,9.1551647,-94.828995,43.316994,11.729340163398803,-115.07394978349771,49.01894655638138,9.330126585983701e-18,-0.664637041357854,0.7437084416765867,-0.0718008149958033
75.2498209476471,0,0,0,0,0,0,0,0,0,1,0.0,0.0,0.0,0.0,0.0,0.0,2.5485,0,0,0,0,0,0,0,0,0,1
75.2944118976593,0,0,0,0,0,0,0,0,0,1,0.0,0.0,0.0,0.0,0.0,0.0,2.5485,0,0,0,0,0,0,0,0,0,1
75.35132312774658,8.66075788152589,-77.08371426778879,39.136272633966435,1.8157603396414572,-75.92445614287125,45.270415809470336,-4.885934294688636e-18,0.710088745099408,-0.7036996267579446,-0.024099987217374545,0.0,0.0,0.0,0.0,0.0,0.0,2.5485,9.1551647,-94.828995,43.316994,11.764888168407197,-115.09433206114687,48.95877262433639,-1.865774555609049e-17,-0.6645359756639755,0.743808396684041,-0.0717008094141513
75.41768074035645,0,0,0,0,0,0,0,0,0,1,0.0,0.0,0.0,0.0,0.0,0.0,2.5485,0,0,0,0,0,0,0,0,0,1
75.54119992256165,8.660210715544007,-77.10177040133091,39.139074389520644,1.8195760515621089,-75.94622682680992,45.25013089725999,0.0,0.7100853294496796,-0.7036996415353567,-0.02419998767252469,0.0,0.0,0.0,0.0,0.0,0.0,2.5485,9.1551647,-94.828995,43.316994,11.745781953979218,-115.08838345227318,48.948794316729405,-1.865774555609049e-17,-0.6645359756639755,0.743808396684041,-0.0717008094141513
75.602548122406,8.660718883072317,-77.08500119224858,39.13647232498803,1.8152758460801408,-75.92230773498152,45.29266776690173,0.0,0.7101878397552036,-0.7035996183156904,-0.024099986926390194,0.0,0.0,0.0,0.0,0.0,0.0,2.5485,9.1551647,-94.828995,43.316994,11.738544959584232,-115.07416692681207,49.00119199144822,9.330126585983701e-18,-0.664637041357854,0.7437084416765867,-0.0718008149958033
75.66149544715881,0,0,0,0,0,0,0,0,0,1,0.0,0.0,0.0,0.0,0.0,0.0,2.5485,0,0,0,0,0,0,0,0,0,1
75.73799324035645,8.661475854942612,-77.0600215962389,39.13259626139452,1.800589728794364,-75.89050876970403,45.3297237214347,0.0,0.7101946286507306,-0.703599587908318,-0.023899986002002275,0.0,0.0,0.0,0.0,0.0,0.0,2.5485,9.1551647,-94.828995,43.316994,11.727674554219107,-115.06413864547325,49.017963033770855,-1.8660268751302722e-17,-0.6646269319050228,0.7437078207593132,-0.07190075610137772
75.80970335006714,8.660884411084986,-77.07953887185462,39.13562474117575,1.795685138090903,-75.91421071821809,45.30494141672612,0.0,0.7101878397552036,-0.7035996183156904,-0.024099986926390194,0.0,0.0,0.0,0.0,0.0,0.0,2.5485,9.1551647,-94.828995,43.316994,11.744510774245867,-115.10789715666493,48.959638644417026,9.327699709679784e-18,-0.6644313266200776,0.7439019393716566,-0.07170018692424758
75.93269038200378,0,0,0,0,0,0,0,0,0,1,0.0,0.0,0.0,0.0,0.0,0.0,2.5485,0,0,0,0,0,0,0,0,0,1
75.98588299751282,8.6603035260717,-77.09870771224273,39.138599154546135,1.8072521655131197,-75.9297533218019,45.33365781187679,-4.885934294688636e-18,0.710088745099408,-0.7036996267579446,-0.024099987217374545,0.0,0.0,0.0,0.0,0.0,0.0,2.5485,9.1551647,-94.828995,43.316994,11.763616988673846,-115.11384576553863,48.96961695202401,9.327699709679784e-18,-0.6644313266200776,0.7439019393716566,-0.07170018692424758
76.03728413581848,0,0,0,0,0,0,0,0,0,1,0.0,0.0,0.0,0.0,0.0,0.0,2.5485,0,0,0,0,0,0,0,0,0,1
76.10465621948242,8.660678859972782,-77.0863219293812,39.13667726269456,1.7767910521587282,-75.91162802369965,45.36270250402383,0.0,0.7101946286507306,-0.703599587908318,-0.023899986002002275,0.0,0.0,0.0,0.0,0.0,0.0,2.5485,9.1551647,-94.828995,43.316994,11.713565167330216,-115.08762345067295,49.010935293995445,-1.8660268751302722e-17,-0.6646269319050228,0.7437078207593132,-0.07190075610137772
76.1878433227539,0,0,0,0,0,0,0,0,0,1,0.0,0.0,0.0,0.0,0.0,0.0,2.5485,0,0,0,0,0,0,0,0,0,1
76.31286358833313,8.661171189234583,-77.07007537314027,39.1341562977782,1.7477834194882291,-75.89994794926659,45.3249913238767,0.0,0.7101946286507306,-0.703599587908318,-0.023899986002002275,0.0,0.0,0.0,0.0,0.0,0.0,2.5485,9.1551647,-94.828995,43.316994,11.711112871978429,-115.09947442492998,48.99854414164116,1.3993429488205237e-17,-0.6645324035668174,0.7438020011201549,-0.07180019317078133
76.35857009887695,8.660961383346171,-77.07699883560784,39.13523060581749,1.7586538248533543,-75.90997623060541,45.30822028155407,0.0,0.7101912412668017,-0.7035996030966525,-0.023999986461511743,0.0,0.0,0.0,0.0,0.0,0.0,2.5485,9.1551647,-94.828995,43.316994,11.74599408247505,-115.09174936662845,49.01653371163408,-4.664432498222679e-18,-0.6645460569006368,0.7438090171260066,-0.07160086801051634
76.40990281105042,0,0,0,0,0,0,0,0,0,1,0.0,0.0,0.0,0.0,0.0,0.0,2.5485,0,0,0,0,0,0,0,0,0,1
76.47359251976013,8.660505412826858,-77.09204557619586,39.13756539631497,1.7840280465537148,-75.92584454916076,45.310304829305,-4.8852760411797756e-18,0.7101844241161357,-0.7035996335650235,-0.024199987396636678,0.0,0.0,0.0,0.0,0.0,0.0,2.5485,9.1551647,-94.828995,43.316994,11.771368304175411,-115.10761768518378,49.01861825938502,-1.3991526136140282e-17,-0.6644514711789387,0.7439031850125318,-0.0715003061277
76.53847289085388,0,0,0,0,0,0,0,0,0,1,0.0,0.0,0.0,0.0,0.0,0.0,2.5485,0,0,0,0,0,0,0,0,0,1
76.6868007183075,8.660368324423423,-77.09656940735765,39.13826735551649,1.7876316299785344,-75.94424931874417,45.22228052218995,4.885273066074456e-18,0.7101848566146735,-0.7035991975344031,-0.02419997239956304,0.0,0.0,0.0,0.0,0.0,0.0,2.5485,9.1551647,-94.828995,43.316994,11.770369489507544,-115.12591388311,48.93947123473657,9.327691893031075e-18,-0.6644414058360185,0.7439025627649032,-0.07160024666483003
76.73679184913635,8.660650847796811,-77.08724631358429,39.136820698639426,1.7694944026731605,-75.94259752564993,45.167798299720204,0.0,0.7101878397552036,-0.7035996183156904,-0.024099986926390194,0.0,0.0,0.0,0.0,0.0,0.0,2.5485,9.1551647,-94.828995,43.316994,11.744995267807155,-115.11004556455467,48.93738668698563,-1.865774555609049e-17,-0.6645359756639755,0.743808396684041,-0.0717008094141513
76.78568625450134,0,0,0,0,0,0,0,0,0,1,0.0,0.0,0.0,0.0,0.0,0.0,2.5485,0,0,0,0,0,0,0,0,0,1
76.84647417068481,8.661252850498776,-77.06738060274095,39.13373815244736,1.7908706115023563,-75.91073623220564,45.246079304288,0.0,0.7101878397552036,-0.7035996183156904,-0.024099986926390194,0.0,0.0,0.0,0.0,0.0,0.0,2.5485,9.1551647,-94.828995,43.316994,11.77194286185167,-115.08258965854702,48.9622864942241,-4.664432498222679e-18,-0.6645460569006368,0.7438090171260066,-0.07160086801051634
76.91173148155212,0,0,0,0,0,0,0,0,0,1,0.0,0.0,0.0,0.0,0.0,0.0,2.5485,0,0,0,0,0,0,0,0,0,1
77.06126475334167,8.661048324032533,-77.07412984759473,39.13478542728124,1.8099768259303346,-75.91668484107934,45.25605761189499,2.442649817128692e-18,0.7101809943497984,-0.7035996488442418,-0.02429998787224997,0.0,0.0,0.0,0.0,0.0,0.0,2.5485,9.1551647,-94.828995,43.316994,11.779876478303777,-115.10232050625314,48.95537625697857,-1.3991526136140282e-17,-0.6644514711789387,0.7439031850125318,-0.0715003061277
77.11395740509033,8.660627687609747,-77.08801058520268,39.136939290044765,1.793717336300432,-75.92821010036485,45.27029830694045,4.885273066074456e-18,0.7101848566146735,-0.7035991975344031,-0.02419997239956304,0.0,0.0,0.0,0.0,0.0,0.0,2.5485,9.1551647,-94.828995,43.316994,11.76146688593289,-115.10188621962443,48.99088538684488,-1.865774555609049e-17,-0.6645359756639755,0.743808396684041,-0.0717008094141513
77.18604254722595,0,0,0,0,0,0,0,0,0,1,0.0,0.0,0.0,0.0,0.0,0.0,2.5485,0,0,0,0,0,0,0,0,0,1
77.23101162910461,8.66097194219051,-77.07665040038023,39.13517653940665,1.7751254429790322,-75.90181688567517,45.361718981413304,0.0,0.7101912412668017,-0.7035996030966525,-0.023999986461511743,0.0,0.0,0.0,0.0,0.0,0.0,2.5485,9.1551647,-94.828995,43.316994,11.722587662565132,-115.06188166592634,49.04909227366883,9.330126585983701e-18,-0.664637041357854,0.7437084416765867,-0.0718008149958033
77.28091955184937,0,0,0,0,0,0,0,0,0,1,0.0,0.0,0.0,0.0,0.0,0.0,2.5485,0,0,0,0,0,0,0,0,0,1
77.44089865684509,8.660670940839527,-77.0865832558019,39.13671781250269,1.7644373385644485,-75.91774753239733,45.322578479129405,-4.8852760411797756e-18,0.7101844241161357,-0.7035996335650235,-0.024199987396636678,0.0,0.0,0.0,0.0,0.0,0.0,2.5485,9.1551647,-94.828995,43.316994,11.750596480567765,-115.09185793828561,49.00765642916751,1.8657714458354836e-17,-0.6645561242613734,0.7438096364262905,-0.07150092633030358
77.54050636291504,0,0,0,0,0,0,0,0,0,1,0.0,0.0,0.0,0.0,0.0,0.0,2.5485,0,0,0,0,0,0,0,0,0,1
77.61851024627686,8.660451600752738,-77.09382134082425,39.137840940267886,1.7968364261639636,-75.94446646205851,45.204525957256806,0.0,0.7101814263674685,-0.7035992133047911,-0.02429997283016832,0.0,0.0,0.0,0.0,0.0,0.0,2.5485,9.1551647,-94.828995,43.316994,11.762435873055438,-115.1061830354039,48.94638147198211,-4.664432498222679e-18,-0.6645460569006368,0.7438090171260066,-0.07160086801051634
77.6637818813324,0,0,0,0,0,0,0,0,0,1,0.0,0.0,0.0,0.0,0.0,0.0,2.5485,0,0,0,0,0,0,0,0,0,1
77.72839117050171,8.660030964329952,-77.10770207843221,39.13999480303141,1.7805769365340893,-75.95599172134402,45.218766652302264,2.44295544490951e-18,0.7100921466216358,-0.7036996120088759,-0.023999986767390957,0.0,0.0,0.0,0.0,0.0,0.0,2.5485,9.1551647,-94.828995,43.316994,11.72610118187501,-115.10746287003623,48.99514777428334,1.39933208609871e-17,-0.6645258805522123,0.7438077750992578,-0.07180075054063821
77.85831594467163,8.660419496786457,-77.09488075153617,39.13800532816629,1.7707053458368591,-75.92766724207897,45.314684719273345,0.0,0.7101946286507306,-0.703599587908318,-0.023899986002002275,0.0,0.0,0.0,0.0,0.0,0.0,2.5485,9.1551647,-94.828995,43.316994,11.699757973052044,-115.08729773570143,49.037567141395186,9.330126585983701e-18,-0.664637041357854,0.7437084416765867,-0.0718008149958033
77.92997884750366,8.660879131662817,-77.07971308946841,39.13565177438117,1.7874493290280498,-75.9182903906832,45.27819206679651,-4.8852760411797756e-18,0.7101844241161357,-0.7035996335650235,-0.024199987396636678,0.0,0.0,0.0,0.0,0.0,0.0,2.5485,9.1551647,-94.828995,43.316994,11.748144185216006,-115.10370891254264,48.99526527681323,-4.664432498222679e-18,-0.6645460569006368,0.7438090171260066,-0.07160086801051634
78.00097632408142,0,0,0,0,0,0,0,0,0,1,0.0,0.0,0.0,0.0,0.0,0.0,2.5485,0,0,0,0,0,0,0,0,0,1
78.05905938148499,0,0,0,0,0,0,0,0,0,1,0.0,0.0,0.0,0.0,0.0,0.0,2.5485,0,0,0,0,0,0,0,0,0,1
78.10824990272522,8.660280793317899,-77.09945787883203,39.138715557285586,1.8081913250903767,-75.95664315128707,45.16550295750278,4.885320356209736e-18,0.7101779819912111,-0.7035992291066646,-0.024399973266348234,0.0,0.0,0.0,0.0,0.0,0.0,2.5485,9.1551647,-94.828995,43.316994,11.785357799404096,-115.13390232821627,48.93607486737875,1.8655223111706364e-17,-0.664444934703394,0.743908969874822,-0.07150086214013951
78.22814774513245,8.660417881721335,-77.09493404767024,39.13801359808406,1.8045877416655571,-75.93823838170366,45.253527264617816,-2.4426247835690497e-18,0.7101882727326259,-0.7035991817959116,-0.024099971974533077,0.0,0.0,0.0,0.0,0.0,0.0,2.5485,9.1551647,-94.828995,43.316994,11.740695062325216,-115.08612647272626,48.97992355662737,1.3993429488205237e-17,-0.6645324035668174,0.7438020011201549,-0.07180019317078133
78.28304028511047,0,0,0,0,0,0,0,0,0,1,0.0,0.0,0.0,0.0,0.0,0.0,2.5485,0,0,0,0,0,0,0,0,0,1
78.34994220733643,8.660932943736936,-77.07793732484004,39.13537623042825,1.7746409494177442,-75.89966847778545,45.3839709388447,0.0,0.7101912412668017,-0.7035996030966525,-0.023999986461511743,0.0,0.0,0.0,0.0,0.0,0.0,2.5485,9.1551647,-94.828995,43.316994,11.69015874742027,-115.05775574997085,49.04349385603018,1.3995309972104226e-17,-0.6646334383637648,0.7437020599477243,-0.07190019915320879
78.41087031364441,0,0,0,0,0,0,0,0,0,1,0.0,0.0,0.0,0.0,0.0,0.0,2.5485,0,0,0,0,0,0,0,0,0,1
78.47589111328125,8.661016220066251,-77.07518925830664,39.13494981517964,1.7838457456031733,-75.8998856210998,45.36621637391153,0.0,0.7101878397552036,-0.7035996183156904,-0.024099986926390194,0.0,0.0,0.0,0.0,0.0,0.0,2.5485,9.1551647,-94.828995,43.316994,11.735123677109925,-115.08172108528963,49.03330475395673,1.39934177725404e-17,-0.6645424971224699,0.7438026238511486,-0.07170025293106665
78.5985279083252,8.660630327320831,-77.08792347639579,39.13692577344206,1.7978352408318585,-75.9261702641323,45.283672981905255,4.885273066074456e-18,0.7101848566146735,-0.7035991975344031,-0.02419997239956304,0.0,0.0,0.0,0.0,0.0,0.0,2.5485,9.1551647,-94.828995,43.316994,11.785659992014843,-115.11009180804504,48.969734454553915,-1.3991526136140282e-17,-0.6644514711789387,0.7439031850125318,-0.0715003061277
78.68270182609558,8.660541771569347,-77.09084576054296,39.13737922189608,1.7803946355835762,-75.93003279328305,45.274678196908795,-4.8852760411797756e-18,0.7101844241161357,-0.7035996335650235,-0.024199987396636678,0.0,0.0,0.0,0.0,0.0,0.0,2.5485,9.1551647,-94.828995,43.316994,11.761649186883403,-115.12784514768539,48.934973842238335,9.327691893031075e-18,-0.6644414058360185,0.7439025627649032,-0.07160024666483003
78.725754737854,0,0,0,0,0,0,0,0,0,1,0.0,0.0,0.0,0.0,0.0,0.0,2.5485,0,0,0,0,0,0,0,0,0,1
78.79019260406494,0,0,0,0,0,0,0,0,0,1,0.0,0.0,0.0,0.0,0.0,0.0,2.5485,0,0,0,0,0,0,0,0,0,1
78.85059428215027,8.66121810682141,-77.06852712225978,39.13391605694847,1.7606216266437968,-75.89597684845866,45.34286339133973,0.0,0.7101912412668017,-0.7035996030966525,-0.023999986461511743,0.0,0.0,0.0,0.0,0.0,0.0,2.5485,9.1551647,-94.828995,43.316994,11.699061350994924,-115.08178341345644,48.99207970392186,9.330126585983701e-18,-0.664637041357854,0.7437084416765867,-0.0718008149958033
78.97414541244507,8.661516468461308,-77.05868137564502,39.13238830045515,1.767191826526954,-75.88208603796907,45.36862921865884,0.0,0.7101912412668017,-0.7035996030966525,-0.023999986461511743,0.0,0.0,0.0,0.0,0.0,0.0,2.5485,9.1551647,-94.828995,43.316994,11.709749455409536,-115.06585276673428,49.03122020620579,1.866023762129903e-17,-0.6646471369356398,0.7437090614523674,-0.07170087361319717
79.0560474395752,0,0,0,0,0,0,0,0,0,1,0.0,0.0,0.0,0.0,0.0,0.0,2.5485,0,0,0,0,0,0,0,0,0,1
79.10229182243347,8.660756856879928,-77.0837480804616,39.13627788065137,1.7777600392813042,-75.91592483947912,45.31819858916104,0.0,0.7101878397552036,-0.7035996183156904,-0.024099986926390194,0.0,0.0,0.0,0.0,0.0,0.0,2.5485,9.1551647,-94.828995,43.316994,11.746478576036338,-115.09389777451818,48.9942817542027,1.8657714458354836e-17,-0.6645561242613734,0.7438096364262905,-0.07150092633030358
79.16067051887512,0,0,0,0,0,0,0,0,0,1,0.0,0.0,0.0,0.0,0.0,0.0,2.5485,0,0,0,0,0,0,0,0,0,1
79.22488856315613,8.660290327516277,-77.09914325627723,39.13866673755968,1.7866626428559869,-75.93995250296469,45.266784437052735,4.885273066074456e-18,0.7101848566146735,-0.7035991975344031,-0.02419997239956304,0.0,0.0,0.0,0.0,0.0,0.0,2.5485,9.1551647,-94.828995,43.316994,11.743541787123291,-115.10360034088546,49.0041425592798,-4.664432498222679e-18,-0.6645460569006368,0.7438090171260066,-0.07160086801051634
79.32469916343689,8.660204411475876,-77.10197843161754,39.139106669411,1.7733399421391027,-75.94177519588291,45.27116432702108,0.0,0.7101878397552036,-0.7035996183156904,-0.024099986926390194,0.0,0.0,0.0,0.0,0.0,0.0,2.5107500000000003,9.1551647,-94.828995,43.316994,11.725132194752433,-115.10316605425677,49.03965168914611,1.3993429488205237e-17,-0.6645324035668174,0.7438020011201549,-0.07180019317078133
79.36800813674927,0,0,0,0,0,0,0,0,0,1,0.0,0.0,0.0,0.0,0.0,0.0,2.48775,0,0,0,0,0,0,0,0,0,1
79.46103501319885,8.676069842893218,-76.5784291652885,39.05786795562879,1.5507147693982688,-75.42776565881276,45.081870301064015,0.0,0.7092846799013574,-0.7044997397423982,-0.024399990986110037,0.0,0.0,0.0,0.0,0.0,0.0,2.44125,9.1551647,-94.828995,43.316994,11.606876115715238,-114.4868870516336,48.9820696546514,-9.316312835620297e-18,-0.6634764146842492,0.7448111743711348,-0.07110106672635294
79.54677033424377,0,0,0,0,0,0,0,0,0,1,0.0,0.0,0.0,0.0,0.0,0.0,2.39825,0,0,0,0,0,0,0,0,0,1
79.61633062362671,8.69398727726792,-75.98716509092365,38.96612199016534,1.2931465583495196,-74.8863554103416,44.615036755239004,7.341468769464739e-18,0.7088731957256358,-0.7048998174919672,-0.02479999357894848,0.0,0.0,0.0,0.0,0.0,0.0,2.36475,9.1551647,-94.828995,43.316994,11.526565027388813,-114.08494897404185,48.653899103148575,-1.3959534998091555e-17,-0.6626236680548928,0.7456079917621748,-0.07070075780255601
79.73711395263672,8.72886493207639,-75.25808712186324,38.87363840023863,1.1769781727630573,-74.2063075773395,44.68166896231165,2.447867600305906e-18,0.7086671990593044,-0.7050998519641583,-0.024999994751246566,0.0,0.0,0.0,0.0,0.0,0.0,2.30425,9.1551647,-94.828995,43.316994,11.274200845454743,-113.37511185318087,48.63829200461798,2.3262962907114033e-17,-0.6625287524629248,0.7457018621846798,-0.07060017630446347
79.7909095287323,0,0,0,0,0,0,0,0,0,1,0.0,0.0,0.0,0.0,0.0,0.0,2.27575,0,0,0,0,0,0,0,0,0,1
79.86739110946655,8.768759813708465,-74.71252295073302,38.826715161088025,0.9350943121890225,-73.637797489629,44.66195911286536,4.897654276953991e-18,0.7083895178716809,-0.7053998378531373,-0.024399994391290827,0.0,0.0,0.0,0.0,0.0,0.0,2.23825,9.1551647,-94.828995,43.316994,11.11019315055583,-112.75652962752044,48.57949144245295,1.395214234143167e-17,-0.6621468083051036,0.7460030582509678,-0.07100029106678113
79.91049337387085,0,0,0,0,0,0,0,0,0,1,0.0,0.0,0.0,0.0,0.0,0.0,2.21625,0,0,0,0,0,0,0,0,0,1
79.97886896133423,8.807719807684125,-74.17974340731712,38.78089151053842,0.6815533600777997,-73.08092123286116,44.64761267599795,-4.900387724658723e-18,0.7079943765460387,-0.7057998816783464,-0.024299995926301814,0.0,0.0,0.0,0.0,0.0,0.0,2.18325,9.1551647,-94.828995,43.316994,10.975407389543903,-112.23330518776226,48.6383895261923,0.0,-0.661695398594541,0.7464128989607657,-0.0709012252630202
80.07978749275208,0,0,0,0,0,0,0,0,0,1,0.0,0.0,0.0,0.0,0.0,0.0,2.13125,0,0,0,0,0,0,0,0,0,1
80.16255211830139,8.852683923491227,-73.56485724730447,38.72800598054312,0.43067465909348357,-72.43524811907764,44.701148715536974,0.0,0.7075987684303673,-0.7061999313435955,-0.024199997647288325,0.0,0.0,0.0,0.0,0.0,0.0,2.09125,9.1551647,-94.828995,43.316994,10.744391761614338,-111.59451158427663,48.589660563570845,-1.3935230997868022e-17,-0.6611253691684198,0.7469083833237664,-0.07100079691523285
80.23376321792603,8.888681102586329,-73.07259432101831,38.6856671096322,0.1474918615448928,-71.93690584192493,44.45812098466088,0.0,-0.7061882380664286,0.7076001146284225,0.02450000396890383,0.0,0.0,0.0,0.0,0.0,0.0,2.05575,9.1551647,-94.828995,43.316994,10.62976909354731,-110.97404433753117,48.56770516147233,0.0,-0.659866296180457,0.7480114348084018,-0.07110108691828526
80.29121971130371,0,0,0,0,0,0,0,0,0,1,0.0,0.0,0.0,0.0,0.0,0.0,2.02575,0,0,0,0,0,0,0,0,0,1
80.35622906684875,8.939269818156504,-72.38079152453138,38.62616608338745,-0.19101629539315468,-71.22350174807076,44.318956238555614,4.9010399568387575e-18,-0.7058909323048267,0.7079001563969004,0.024400005390711067,0.0,0.0,0.0,0.0,0.0,0.0,1.9937500000000001,9.1551647,-94.828995,43.316994,10.447866708863131,-110.37518582601666,48.24078008499019,4.634541034265562e-18,-0.6591913250015277,0.7486063725193491,-0.07110060524462425
80.49008178710938,8.97468647406795,-71.8964672770069,38.58451000753858,-0.4287198421455116,-70.72868020042085,44.167138387685924,2.449481671609962e-18,-0.7056069926291256,0.7082002270450268,0.023900007662208622,0.0,0.0,0.0,0.0,0.0,0.0,1.9272500000000001,9.1551647,-94.828995,43.316994,10.179731876301702,-109.8396459665588,48.24165786577875,4.632064735100176e-18,-0.6586932576998422,0.7490065770591139,-0.07150062785010232
80.53616738319397,0,0,0,0,0,0,0,0,0,1,0.0,0.0,0.0,0.0,0.0,0.0,1.90375,0,0,0,0,0,0,0,0,0,1
80.6053113937378,9.01799140457016,-71.30427054527641,38.5335759646933,-0.6409314482578452,-70.11964572598015,44.094728145496305,-2.4484443700009785e-18,-0.7053023318283367,0.7085002613214829,0.02400000885210387,0.0,0.0,0.0,0.0,0.0,0.0,1.86975,9.1551647,-94.828995,43.316994,10.024719021813041,-109.2982267669714,48.10961141462843,1.3888816754926467e-17,-0.658262291569275,0.7494044337627915,-0.07130042184052178
80.69811630249023,9.057037368346322,-70.77031536125111,38.487651198879185,-0.8903544958376415,-69.56072963297977,44.093756383593714,4.892054850012334e-18,-0.7045949690229109,0.7092003377568156,0.02410001147763572,0.0,0.0,0.0,0.0,0.0,0.0,1.82425,9.1551647,-94.828995,43.316994,9.875547163405514,-108.63908104465055,48.22697696922336,1.8508469635950897e-17,-0.6578031978058384,0.7498074168627216,-0.07130070528449194
80.7436192035675,0,0,0,0,0,0,0,0,0,1,0.0,0.0,0.0,0.0,0.0,0.0,1.79975,0,0,0,0,0,0,0,0,0,1
80.86766242980957,9.135662892299743,-69.9800477680071,38.460992118343874,-1.010794850602423,-68.79446050392023,43.90929570270352,0.0,-0.7045983706122989,0.7092003493815904,0.02400001182340408,0.0,0.0,0.0,0.0,0.0,0.0,1.73875,9.1551647,-94.828995,43.316994,9.78417685060154,-107.9602203663172,47.93474479209206,4.625279419387655e-18,-0.6574742688529266,0.7501053746960302,-0.07120051016978718
80.93783402442932,0,0,0,0,0,0,0,0,0,1,0.0,0.0,0.0,0.0,0.0,0.0,1.71225,0,0,0,0,0,0,0,0,0,1
81.06674551963806,9.253735966840088,-68.91864128147883,38.44991223813634,-1.4065408590710433,-67.67418435387215,44.06215656890083,0.0,-0.7039732508310955,0.7098003251336923,0.02460001126836973,0.0,0.0,0.0,0.0,0.0,0.0,1.64875,9.1551647,-94.828995,43.316994,9.410653973703802,-106.78183738972254,48.0195635453602,-4.619740046341885e-18,-0.6565650895185681,0.7510048005192147,-0.0701004480910745
81.11108112335205,0,0,0,0,0,0,0,0,0,1,0.0,0.0,0.0,0.0,0.0,0.0,1.61625,0,0,0,0,0,0,0,0,0,1
81.18434429168701,0,0,0,0,0,0,0,0,0,1,0.0,0.0,0.0,0.0,0.0,0.0,1.58875,0,0,0,0,0,0,0,0,0,1
81.33359479904175,9.377626359292888,-67.80494057808092,38.43828646560027,-1.5555146350692155,-66.5374271792902,43.35145976990613,-4.8851658843676065e-18,-0.703485413232211,0.7102004382401318,0.026900016599070035,0.0,0.0,0.0,0.0,0.0,0.0,1.50575,9.1551647,-94.828995,43.316994,9.33268556212846,-105.6724185983748,47.62763131626829,4.612973131615272e-18,-0.6555860089354767,0.7521064729763031,-0.06740058008057814
81.42219567298889,0,0,0,0,0,0,0,0,0,1,0.0,0.0,0.0,0.0,0.0,0.0,1.46125,0,0,0,0,0,0,0,0,0,1
81.48430514335632,9.415076114904386,-67.46828962120793,38.434772211333645,-1.4558749307594496,-66.20328059237978,43.770766325759,4.890675037393775e-18,-0.7043073090771161,0.7094004253863637,0.026500015890525294,0.0,0.0,0.0,0.0,0.0,0.0,1.42975,9.1551647,-94.828995,43.316994,9.365469806812769,-105.36661257540587,47.87744698754693,-1.3857289779543108e-17,-0.6567280783324287,0.7511094176024381,-0.06740084508907512
81.5673246383667,0,0,0,0,0,0,0,0,0,1,0.0,0.0,0.0,0.0,0.0,0.0,1.39725,0,0,0,0,0,0,0,0,0,1
81.66124749183655,9.58905842357454,-65.90429248060185,38.418445854577044,-0.4567983675978553,-64.72756109103642,44.090450504748475,0.0,0.7093894351046046,-0.7042993899081167,-0.02699997661155638,0.0,0.0,0.0,0.0,0.0,0.0,1.34175,9.1551647,-94.828995,43.316994,9.85871075392484,-104.0878016373695,48.10626121973219,-1.3938962399511687e-17,-0.6619284329238156,0.7467084390890868,-0.06540073914078784
81.78739738464355,9.705846876731618,-64.98322080737671,38.45561068272169,0.057411913116851565,-64.05265140775674,44.360051518512506,-2.437713288291592e-18,0.7116191573097355,-0.7019992426389713,-0.028199969576095413,0.0,0.0,0.0,0.0,0.0,0.0,1.27825,9.1551647,-94.828995,43.316994,10.113371994541211,-103.50996587179202,48.25375183145792,0.0,-0.6643490432807875,0.7447030451843806,-0.06370026047837389
81.86033535003662,9.782245933562784,-64.40646213200033,38.48955417752843,-0.14335472995415444,-63.42861718801811,44.21453846883932,2.4414014523013563e-18,0.7105441320769231,-0.7030993016050102,-0.027899972286701446,0.0,0.0,0.0,0.0,0.0,0.0,1.24225,9.1551647,-94.828995,43.316994,10.042318839328942,-102.82212351876142,48.11838438148678,1.861033872199625e-17,-0.6631489721073779,0.745703128520266,-0.06450027060420702
81.93781352043152,9.892852952722462,-63.57145761095181,38.5386959985948,0.3244035488794452,-62.625868971818875,44.007904749491445,0.0,0.713529269032948,-0.6998988324239915,-0.031899946784291096,0.0,0.0,0.0,0.0,0.0,0.0,1.20325,9.1551647,-94.828995,43.316994,10.1214786305176,-102.0874502858025,48.094115713771274,9.335166554388147e-18,-0.666316941443205,0.7433069205011119,-0.059300552113165525
81.98328185081482,0,0,0,0,0,0,0,0,0,1,0.0,0.0,0.0,0.0,0.0,0.0,1.17975,0,0,0,0,0,0,0,0,0,1
82.05885291099548,0,0,0,0,0,0,0,0,0,1,0.0,0.0,0.0,0.0,0.0,0.0,1.15125,0,0,0,0,0,0,0,0,0,1
82.20317482948303,10.082984655309371,-62.13609815130013,38.623170005566095,0.7341925996598206,-61.23210119006792,44.304694750019706,-4.848794176809247e-18,0.7155277839070262,-0.6977996714593507,-0.03309998441574162,0.0,0.0,0.0,0.0,0.0,0.0,1.07075,9.1551647,-94.828995,43.316994,10.364720971675666,-101.38200026418,48.008831304523454,-2.805089447104722e-17,-0.6677706032221227,0.742104025709685,-0.05800031463571179
82.24475336074829,0,0,0,0,0,0,0,0,0,1,0.0,0.0,0.0,0.0,0.0,0.0,1.04925,0,0,0,0,0,0,0,0,0,1
82.29105305671692,0,0,0,0,0,0,0,0,0,1,0.0,0.0,0.0,0.0,0.0,0.0,1.02625,0,0,0,0,0,0,0,0,0,1
82.35510659217834,10.191159663720008,-61.31945358594083,38.67123130355202,0.7781348147545373,-60.390932955059604,44.08062984391981,-2.4222293417483294e-18,0.716168137375757,-0.6970991334678842,-0.03399995773620436,0.0,0.0,0.0,0.0,0.0,0.0,0.99475,9.1551647,-94.828995,43.316994,10.295255807308337,-100.06605809308314,47.934193557583285,2.341992577015041e-17,-0.6693748259218137,0.7407040880495779,-0.05740031680038581
82.44374895095825,0,0,0,0,0,0,0,0,0,1,0.0,0.0,0.0,0.0,0.0,0.0,0.95925,0,0,0,0,0,0,0,0,0,1
82.54210996627808,10.308056908027167,-60.4082641469487,38.75146958459249,0.6112201584879244,-59.759460282060765,44.15534102634312,-2.4228232838797606e-18,0.7159925725985788,-0.6972988453471977,-0.033599944362062005,0.0,0.0,0.0,0.0,0.0,0.0,0.90125,9.1551647,-94.828995,43.316994,10.173970702522524,-99.40634629423982,47.90830406504266,-4.6833646966714435e-18,-0.669240438735379,0.740802217350149,-0.05770017270667333
82.61675024032593,10.380176267342838,-59.83488535188439,38.81204083966603,0.6107486921858651,-59.13282709014442,43.79822673020213,9.689228011094901e-18,0.7161451764745003,-0.6970981584403806,-0.034499908859838085,0.0,0.0,0.0,0.0,0.0,0.0,0.86475,9.1551647,-94.828995,43.316994,10.174045557593018,-98.81698727991576,47.788487761345294,-4.683971290327794e-18,-0.6694150739818114,0.7407062803988311,-0.056900482455371285
82.65906715393066,0,0,0,0,0,0,0,0,0,1,0.0,0.0,0.0,0.0,0.0,0.0,0.84175,0,0,0,0,0,0,0,0,0,1
82.74086451530457,10.439482530280333,-59.36337598317207,38.86185069396773,0.5218968479861701,-58.637864801484476,43.80243179700523,2.422356725071709e-18,0.7161304765818312,-0.6970983476181017,-0.034799917511275195,0.0,0.0,0.0,0.0,0.0,0.0,0.80175,9.1551647,-94.828995,43.316994,10.071658884180636,-98.32048176981877,47.72933332321206,0.0,-0.6694230816976772,0.7407067160384815,-0.05680051501415654
82.78908824920654,0,0,0,0,0,0,0,0,0,1,0.0,0.0,0.0,0.0,0.0,0.0,0.77675,0,0,0,0,0,0,0,0,0,1
82.95020532608032,10.585459113137391,-58.20280165222402,38.98445279302822,0.21383459535803695,-57.38040342593501,43.54848586278516,4.847324959874105e-18,0.71574465930663,-0.6974994584541053,-0.03469997305857701,0.0,0.0,0.0,0.0,0.0,0.0,0.69675,9.1551647,-94.828995,43.316994,9.841172777337505,-97.11707057360451,47.414885159950614,0.0,-0.6688804296814963,0.7412044536793432,-0.05670034069565402
83.03384065628052,0,0,0,0,0,0,0,0,0,1,0.0,0.0,0.0,0.0,0.0,0.0,0.65475,0,0,0,0,0,0,0,0,0,1
83.11046886444092,10.665599943208273,-57.5656488403089,39.05176108176081,0.03844159250840562,-56.73163491816111,43.810089987126176,-2.424582966019803e-18,0.7154729288660021,-0.6977979685481648,-0.03429990014503018,0.0,0.0,0.0,0.0,0.0,0.0,0.61725,9.1551647,-94.828995,43.316994,9.676223750140707,-96.39128672134498,47.51199138130707,0.0,-0.6687781957573361,0.7413043419216214,-0.05660033151593656
83.19113945960999,0,0,0,0,0,0,0,0,0,1,0.0,0.0,0.0,0.0,0.0,0.0,0.58475,0,0,0,0,0,0,0,0,0,1
83.24073195457458,10.741122836107598,-56.965210542724385,39.11519087998841,-0.12735536719270613,-56.032990015071114,43.23120600260057,2.4251143259933244e-18,0.7153161636065412,-0.697898660923887,-0.03549993188536752,0.0,0.0,0.0,0.0,0.0,0.0,0.55175,9.1551647,-94.828995,43.316994,9.53089583995748,-95.69160947873377,47.315442266087075,1.871317203324899e-17,-0.6684949621406164,0.7416053132604579,-0.0560004012170788
83.36766791343689,10.854315699106246,-55.92971474195828,39.23120711808456,-0.15898297766466385,-55.422426393330866,43.27492965824911,0.0,0.7154275436721882,-0.6977996782013979,-0.03519998376710979,0.0,0.0,0.0,0.0,0.0,0.0,0.48875,9.1551647,-94.828995,43.316994,9.495122670129405,-95.18599050404572,47.23438837811213,-1.4034870703719134e-17,-0.6685028412072439,0.7416057529552237,-0.055900433643739214
83.41126751899719,0,0,0,0,0,0,0,0,0,1,0.0,0.0,0.0,0.0,0.0,0.0,0.46625,0,0,0,0,0,0,0,0,0,1
83.47536754608154,10.900812172450122,-55.41285932568117,39.29300285586535,-0.21683115109968298,-54.86284259272817,43.057859257380485,-7.272574130924286e-18,0.7155885019860241,-0.6975989461855725,-0.03589994576843758,0.0,0.0,0.0,0.0,0.0,0.0,0.43475,9.1551647,-94.828995,43.316994,9.470247560491146,-94.58749499987685,47.247966316473224,-4.678942491027787e-18,-0.6686425455250257,0.7415023712316473,-0.055600177802399994
83.56884050369263,0,0,0,0,0,0,0,0,0,1,0.0,0.0,0.0,0.0,0.0,0.0,0.39575,0,0,0,0,0,0,0,0,0,1
83.61497378349304,10.967861490971826,-54.667538208973376,39.38211417566598,-0.6287677217459873,-54.07075546960055,43.116222354792654,2.428132672988426e-18,0.7144269731529105,-0.6987986940423162,-0.03569993328178405,0.0,0.0,0.0,0.0,0.0,0.0,0.36475,9.1551647,-94.828995,43.316994,9.106695029288176,-93.7315072564765,47.251779478450885,-4.672638462008419e-18,-0.6675481026835444,0.7425027594500337,-0.055400205890278616
83.73099851608276,10.994197449277776,-54.37478734607226,39.41711575442324,-1.377307476049225,-53.62338808354694,42.441055221318805,-4.869138817244512e-18,0.7125381062594153,-0.7006989446799068,-0.03619994547939578,0.0,0.0,0.0,0.0,0.0,0.0,0.30725,9.120990018863086,-94.35602465811837,43.17780597424473,8.594514369110527,-93.32118776060173,46.823516845659896,0.0,-0.6650238816663419,0.7448014601193934,-0.05490010762695314
83.79506254196167,0,0,0,0,0,0,0,0,0,1,0.0,0.0,0.0,0.0,0.0,0.0,0.27425,0,0,0,0,0,0,0,0,0,1
83.8781681060791,11.040803262797391,-53.85671650294695,39.47905680982369,-1.4694004744933409,-53.08162708431158,42.40921343517131,-7.309819469991324e-18,0.7119424014908807,-0.7012990308003441,-0.03629994983324181,0.0,0.0,0.0,0.0,0.0,0.0,0.23325,9.078566884091265,-93.76889746660686,43.005023312379265,8.693601815364815,-92.74943421134782,46.56374857024821,0.0,-0.6643737040424649,0.7454107896907118,-0.05450078888937994
83.98202538490295,11.088465854530348,-53.32689849914284,39.54240236721467,-1.7524335528363792,-52.51092234522096,42.37940777558815,2.4378519909291183e-18,0.7115786694317182,-0.7016988750854047,-0.035699942768346794,0.0,0.0,0.0,0.0,0.0,0.0,0.18125,9.040060626157924,-93.23597902015962,42.84819346517476,8.375232860509215,-92.16171310896333,46.66185623761474,0.0,-0.6640007822341445,0.745706316151432,-0.05500046585534231
84.05432415008545,0,0,0,0,0,0,0,0,0,1,0.0,0.0,0.0,0.0,0.0,0.0,0.15325,0,0,0,0,0,0,0,0,0,1
84.19712448120117,11.176383983379232,-52.349599409200586,39.65924919979791,-2.8143497798973556,-51.344643676628394,41.780802735607324,0.0,0.7086169714067221,-0.7046997507632662,-0.035499987444438705,0.0,0.0,0.0,0.0,0.0,0.0,0.07425,8.954211972860985,-92.04785185849691,42.498545592286696,7.635879939147372,-91.03146588272197,46.27598259865064,9.266645078716209e-18,-0.6604477145077904,0.7488032448598465,-0.055700241371118404
84.2400450706482,0,0,0,0,0,0,0,0,0,1,0.0,0.0,0.0,0.0,0.0,0.0,0.051750000000000004,0,0,0,0,0,0,0,0,0,1
84.29694366455078,0,0,0,0,0,0,0,0,0,1,0.0,0.0,0.0,0.0,0.0,0.0,0.02275,0,0,0,0,0,0,0,0,0,1
84.60254216194153,11.27342028546321,-50.47605334301842,39.86238794467704,-5.419106976202386,-49.98523017796461,41.04457254881248,0.0,-0.7011981854095365,0.7123008230979179,0.030800035590924976,0.0,0.0,0.0,0.0,0.0,0.0,-0.12925,8.833041375402047,-90.37087647790587,42.00503707431903,5.999591236708227,-89.47784001696523,45.73532933497631,0.0,-0.6519245318555138,0.7558100720013924,-0.06120081556825248
84.66713738441467,0,0,0,0,0,0,0,0,0,1,0.0,0.0,0.0,0.0,0.0,0.0,-0.16225,0,0,0,0,0,0,0,0,0,1
84.82527899742126,11.289398637770343,-50.041530156955204,39.90759665051157,-5.650209914047252,-49.49452741271001,40.637138838509856,-2.432646355522411e-18,-0.7003438629036901,0.7131013811517521,0.031700061397434504,0.0,0.0,0.0,0.0,0.0,0.0,-0.23025,8.793942876422188,-89.82976154093029,41.845795123788506,5.802128157171921,-88.97633288409516,45.48038046186548,1.375484562179121e-17,-0.6509433960425973,0.7567035750202356,-0.060600286303986096
84.950350522995,11.31958366466524,-49.22066366173337,39.993001326492454,-6.028628690765885,-48.66109357308516,40.746167570479585,4.861881560133039e-18,-0.6998654210469623,0.7136017011197362,0.031000073899540122,0.0,0.0,0.0,0.0,0.0,0.0,-0.29275,8.734527824387548,-89.0074698167982,41.60380709295022,5.5120913495925095,-88.05093733173726,45.64537052800691,-9.168603188458386e-18,-0.6507252961834885,0.7568103626343041,-0.06160084347023407
85.0388867855072,11.341984575209032,-48.61148226223066,40.05638184006068,-6.213620337768305,-48.023385686171295,40.60866578319235,-7.291801392336988e-18,-0.6997546432435653,0.7137016147202699,0.03120007058886427,0.0,0.0,0.0,0.0,0.0,0.0,-0.34725,8.692699108131277,-88.42856925152479,41.433445402894854,5.402073833817809,-87.55149306035352,45.221753288031096,-1.3742126862708344e-17,-0.650146978007086,0.7574039273429858,-0.06040031319186208
85.09789562225342,11.362575954477936,-48.05151014787401,40.114642516143014,-6.332118372846622,-47.42633378289856,40.35969341428168,7.290786583376507e-18,-0.6995894749079188,0.7138009552763875,0.0326000436284817,0.0,0.0,0.0,0.0,0.0,0.0,-0.37675000000000003,8.647652729251467,-87.80513691768806,41.24997868615841,5.229283427004503,-86.85911372297532,45.30393800975608,0.0,-0.6502564292631362,0.7574047086112315,-0.05920036803510021
85.1673493385315,0,0,0,0,0,0,0,0,0,1,0.0,0.0,0.0,0.0,0.0,0.0,-0.41225,0,0,0,0,0,0,0,0,0,1
85.31621241569519,11.387340360964012,-46.497511228989154,40.25743182579056,-6.408014290951115,-46.79731914808455,40.459093609476994,9.719697764261135e-18,-0.6995159356211632,0.7139001718161657,0.03200000770152306,0.0,0.0,0.0,0.0,0.0,0.0,-0.47625,8.605943355301113,-87.22788802462789,41.08010305828115,5.072058060484608,-86.23000660118055,45.338642669814845,9.162595557635474e-18,-0.6502788949411124,0.7573065798069449,-0.0602005230481686
85.3620674610138,11.379133904476697,-45.98516949078381,40.29495656960401,-6.601057273345219,-46.26996165881069,40.251178998506134,7.285681066498213e-18,-0.6991018819136507,0.7143011587291114,0.032100052072244825,0.0,0.0,0.0,0.0,0.0,0.0,-0.50925,8.569916645829634,-86.72928600322706,40.93337201649896,5.030169356789344,-85.76301985857752,45.085920057578164,4.577640363443868e-18,-0.6496380337990255,0.7579116480315781,-0.05950091444501768
85.45148181915283,11.368705011422815,-45.33407760928254,40.34264360001839,-6.719285116078765,-45.591380451958486,39.89996720640684,4.859846342410809e-18,-0.6994501056512313,0.7139005448951165,0.03340002549306189,0.0,0.0,0.0,0.0,0.0,0.0,-0.55325,8.521493887458446,-86.05912529302415,40.736153844592444,4.848718883921492,-85.06798836495392,45.00587663956411,-4.579443100576671e-18,-0.65005868391803,0.7576132895977505,-0.05870102969824176
85.55002236366272,0,0,0,0,0,0,0,0,0,1,0.0,0.0,0.0,0.0,0.0,0.0,-0.6032500000000001,0,0,0,0,0,0,0,0,0,1
85.60674357414246,11.35719521391147,-44.61550319504304,40.395273161099425,-6.758696623797221,-44.88872352057426,40.163823170593844,-2.429577822308297e-18,-0.6993842631885665,0.7140020212765515,0.03260009228797701,0.0,0.0,0.0,0.0,0.0,0.0,-0.63075,8.497245909467708,-85.36629742088128,40.56488485251207,4.779393165700185,-84.42508291965031,45.13104266207853,-9.156532557566777e-18,-0.6497954330714192,0.7578080305271303,-0.059100626292100014
85.67891144752502,0,0,0,0,0,0,0,0,0,1,0.0,0.0,0.0,0.0,0.0,0.0,-0.6677500000000001,0,0,0,0,0,0,0,0,0,1
85.78881025314331,11.346906311178216,-43.97315112521483,40.44232007346456,-6.9738770190885475,-44.231672829092616,39.965374723117534,7.288748169045637e-18,-0.699352756793653,0.7140005810643665,0.03330002710006078,0.0,0.0,0.0,0.0,0.0,0.0,-0.7222500000000001,8.492123995550633,-84.63628228962841,40.41023768988362,4.597336134890185,-83.69736066925522,44.97143199886162,-4.57943895231213e-18,-0.6500669018309757,0.7576139758784014,-0.05860108102755324
85.84749507904053,11.33656289002786,-43.32739538650401,40.489616276085236,-7.0672753702526165,-43.571394953726816,39.79623018344135,2.4292393218559396e-18,-0.6992353422672005,0.7141015133294802,0.03360007120553219,0.0,0.0,0.0,0.0,0.0,0.0,-0.75125,8.488065284224103,-84.05780308639966,40.2876920554317,4.413133346780455,-83.11830246717379,44.85758591217069,4.5770864726082285e-18,-0.6496398827028704,0.7580033658347225,-0.05830025887620624
85.9466483592987,11.325698619942786,-42.64912224531044,40.539294106253806,-7.193497066007836,-42.87766631998931,39.609659375828386,1.2156417999660041e-17,-0.6998042256740803,0.7135010806741428,0.034500052254040535,0.0,0.0,0.0,0.0,0.0,0.0,-0.80025,8.483556777674577,-83.41521555880902,40.15156564704921,4.331331850583979,-82.45097418168612,44.84080870715641,0.0,-0.650182282828487,0.7576068764767391,-0.05740052100021756
85.98915815353394,0,0,0,0,0,0,0,0,0,1,0.0,0.0,0.0,0.0,0.0,0.0,-0.82275,0,0,0,0,0,0,0,0,0,1
86.10750699043274,11.268786906035103,-41.29046814143458,40.60993559254256,-7.418092794738811,-42.25674176136138,39.778506795496355,0.0,-0.6989524312890183,0.7144017660799928,0.03310008182705453,0.0,0.0,0.0,0.0,0.0,0.0,-0.88175,8.494753527345042,-82.7181727852282,40.0264620425298,4.1308369910994145,-81.78511984889136,45.01033693141042,4.5770820416712495e-18,-0.6495485023447247,0.7580040996352343,-0.05930032072344246
86.16872906684875,0,0,0,0,0,0,0,0,0,1,0.0,0.0,0.0,0.0,0.0,0.0,-0.9127500000000001,0,0,0,0,0,0,0,0,0,1
86.24142575263977,11.23265000119483,-40.61619973612251,40.63851076433088,-7.528357193474903,-41.57529838850961,39.544035705662765,7.28363887794231e-18,-0.6988218694984493,0.7145014346730825,0.033700067667575766,0.0,0.0,0.0,0.0,0.0,0.0,-0.94875,8.511418590141826,-82.12467396653956,39.929942590677854,4.0618466287128285,-81.25732788000596,44.49499629893724,1.372200677552487e-17,-0.6490698365713322,0.7585144816008678,-0.05800110736038277
86.31878018379211,0,0,0,0,0,0,0,0,0,1,0.0,0.0,0.0,0.0,0.0,0.0,-0.97875,0,0,0,0,0,0,0,0,0,1
86.3655252456665,11.200357337686517,-40.01365995516258,40.66404611140421,-7.769726732942388,-40.98634369498314,39.62572483829632,-4.854398652971588e-18,-0.6986409950947265,0.7147016963326273,0.03320007879983661,0.0,0.0,0.0,0.0,0.0,0.0,-1.01025,8.530296540509232,-81.45236679440698,39.82060670375268,3.8714631432459896,-80.52025913001187,44.747748719783516,4.57523517112261e-18,-0.649218552505396,0.7583100807258236,-0.059000784337100855
86.48529529571533,11.163618256174495,-39.32815570367133,40.6930974529674,-7.8685461686371525,-40.28990057683341,39.318150940979194,-7.283640579086757e-18,-0.6988075086996661,0.7145012677963489,0.034000060329007514,0.0,0.0,0.0,0.0,0.0,0.0,-1.07025,8.547970288723233,-80.82294530258793,39.71824522389592,3.7636830401275745,-79.8846835663113,44.66156779266802,-4.575260737690461e-18,-0.6492687773903671,0.7583058432872942,-0.05850045078769184
86.55860543251038,0,0,0,0,0,0,0,0,0,1,0.0,0.0,0.0,0.0,0.0,0.0,-1.0987500000000001,0,0,0,0,0,0,0,0,0,1
86.60732531547546,11.139724601183742,-38.88233067469053,40.711991303977314,-8.033668805901897,-39.85940498496867,39.52016099035235,-4.853719578368971e-18,-0.6985386892434559,0.7148016888770231,0.03320007844252542,0.0,0.0,0.0,0.0,0.0,0.0,-1.13175,8.561045386417922,-80.37416394321016,39.64684903352985,3.6148503015170377,-79.46067230804596,44.567955460243695,1.372209485786325e-17,-0.6490126270943557,0.7585096126847203,-0.05870074392167842
86.68403601646423,0,0,0,0,0,0,0,0,0,1,0.0,0.0,0.0,0.0,0.0,0.0,-1.1612500000000001,0,0,0,0,0,0,0,0,0,1
86.73686933517456,11.104086768225411,-38.217374312107665,40.740171835858746,-8.339716047429135,-39.20784559047825,39.52249367224954,7.273451855512031e-18,-0.6978634390490722,0.7155021482663076,0.03230009697973689,0.0,0.0,0.0,0.0,0.0,0.0,-1.19625,8.579658231234978,-79.7599517612701,39.55154222888079,3.4276184876587195,-78.83818130974437,44.48580191550687,-4.569844015516507e-18,-0.6481539743773957,0.7592046774842666,-0.05920036473533794
86.84605050086975,11.069610981684743,-37.57410024878091,40.76743348229171,-8.368832717221409,-38.54113838313684,39.00359703589578,7.276511522417114e-18,-0.6981007596205103,0.715201290054674,0.03380006096734898,0.0,0.0,0.0,0.0,0.0,0.0,-1.25075,8.59840757403631,-79.14123523162955,39.45553648826304,3.3086657865644042,-78.21638798487622,44.38273244353884,0.0,-0.648310787028015,0.7591095747647012,-0.0587007404013805
86.91096520423889,0,0,0,0,0,0,0,0,0,1,0.0,0.0,0.0,0.0,0.0,0.0,-1.28375,0,0,0,0,0,0,0,0,0,1
86.97826218605042,11.00909946912435,-36.59402950800306,40.79657321219147,-8.660134186372233,-37.87619192651253,39.21617564228245,7.274486377810163e-18,-0.6979302713444173,0.7154003949756563,0.03310001827466345,0.0,0.0,0.0,0.0,0.0,0.0,-1.31675,8.618065193519218,-78.49254614229267,39.354879929937994,3.09684643717776,-77.55636655573781,44.30990198079485,9.140816026192533e-18,-0.6483271979679751,0.7591109900936841,-0.05850084695096895
87.06224489212036,10.96798503549806,-35.979723853363154,40.80989250485082,-8.718438617064834,-37.25215751379105,38.72772744124066,4.848976664492315e-18,-0.6977644035682036,0.7155008555432723,0.03440004113303783,0.0,0.0,0.0,0.0,0.0,0.0,-1.35825,8.637191919513555,-77.86137620444494,39.256941804098794,3.023433223449331,-76.93351053955166,44.140311641592405,9.136110044878208e-18,-0.6479230475476546,0.7595020057576081,-0.05790015290765701
87.10999941825867,0,0,0,0,0,0,0,0,0,1,0.0,0.0,0.0,0.0,0.0,0.0,-1.38325,0,0,0,0,0,0,0,0,0,1
87.24439358711243,10.923537188479067,-35.31561246103504,40.82429167882231,-8.790611060084274,-36.59177820032825,38.82867446110262,2.424487469285618e-18,-0.6977837470830801,0.7155011102152443,0.03400005275655947,0.0,0.0,0.0,0.0,0.0,0.0,-1.44975,8.655696712749108,-77.25072965679074,39.16218827602146,2.8851019428615814,-76.30698611227533,44.11725521435348,9.13722747404856e-18,-0.6480049863391577,0.7594091231300731,-0.058200699191691144
87.33042931556702,10.881731595488706,-34.69097994382747,40.83783487712823,-9.129146871846984,-35.98127891729373,38.578106846338684,9.695223182594395e-18,-0.6975724658340184,0.7157023384840132,0.03410011141861794,0.0,0.0,0.0,0.0,0.0,0.0,-1.49275,8.675910441993118,-76.58368929481821,39.05868416564913,2.7198208955086898,-75.62760579389271,44.057050909023516,1.3702268322244843e-17,-0.6477818451805389,0.7596071402983332,-0.05810054614446176
87.44819211959839,10.839238176032087,-34.056070362086444,40.85160090136643,-9.129284726751365,-35.34795138202381,38.795583773999894,0.0,-0.6973973125432757,0.715901343932177,0.033500062888291555,0.0,0.0,0.0,0.0,0.0,0.0,-1.5522500000000001,8.695861740906452,-75.92530896883666,38.956523826017126,2.5676200113525454,-74.92502727535171,44.20610900557256,4.568656681735999e-18,-0.6479228095775792,0.7594019847942027,-0.05920015472717514
87.4888870716095,0,0,0,0,0,0,0,0,0,1,0.0,0.0,0.0,0.0,0.0,0.0,-1.57275,0,0,0,0,0,0,0,0,0,1
87.54012966156006,0,0,0,0,0,0,0,0,0,1,0.0,0.0,0.0,0.0,0.0,0.0,-1.59825,0,0,0,0,0,0,0,0,0,1
87.69158935546875,10.7885268897649,-33.29837465378226,40.868029157901944,-9.252329268794057,-34.58558389204524,38.37326179860993,1.6959579719728097e-17,-0.697222027361967,0.7160003097076942,0.03500001513934258,0.27325,0.08324999999999999,1.0455,-0.34450000000000003,0.42775,0.61775,-1.6632500000000001,8.738596727197558,-75.1250044174739,38.862192136177825,2.4593538234312007,-74.24759411323808,43.72489933877263,-9.1312035472571e-18,-0.6475153480616863,0.7599101113008904,-0.05710075977797192
87.74505138397217,10.739918745379011,-32.572102750605424,40.883776087717116,-9.616938097034932,-33.87339017109645,38.06287412776922,-1.453677980881906e-17,-0.6972318960874795,0.7160004480185077,0.034800021775201216,-0.631,0.5840000000000001,2.1725000000000003,-1.10975,1.69375,0.47875,-1.69975,8.778000357865444,-74.58615812377886,38.81584669261233,2.2399676322141318,-73.70007148962942,43.55940409491362,2.7383050487214313e-17,-0.647135895172332,0.7602031673367218,-0.0575002395709833
87.81051826477051,0,0,0,0,0,0,0,0,0,1,-0.3105,0.7795000000000001,3.3260000000000005,-1.4285,2.208,1.118,-1.72475,0,0,0,0,0,0,0,0,0,1
87.85884284973145,10.708784599999998,-32.1069162,40.8938622,-9.720660532191545,-33.24035819198412,38.1477986228593,2.4224534493699353e-18,-0.6971326969703714,0.716101882753618,0.03470009123244036,-0.3342500000000004,0.7254999999999998,5.54575,-2.5772500000000003,3.30275,2.243,-1.75725,8.832765655915592,-73.83724038758967,38.751433287372514,2.036441574260323,-72.91047256350055,43.74837679026916,-9.131192836311968e-18,-0.6474253317976614,0.7599110026801061,-0.05810084123662873
87.93864631652832,0,0,0,0,0,0,0,0,0,1,-0.49700000000000033,0.7475,7.5205,-3.6350000000000002,4.3825,3.138,-1.7982500000000001,0,0,0,0,0,0,0,0,0,1
88.06996893882751,10.68932330979745,-31.725183512787943,40.89991837236281,-9.92087868116937,-32.73390994695169,38.25183163648228,-2.4204291939252603e-18,-0.6965515045416738,0.7167007737018618,0.034000036704148605,-0.9172500000000001,1.4444999999999997,13.80275,-6.6377500000000005,8.08225,5.7205,-1.85325,8.865838953672538,-73.38496166061623,38.71253340356134,1.9063504481767382,-72.440492057987,43.77656585466494,4.563797384611055e-18,-0.6470194149087286,0.7602105570357818,-0.05870081517758537
88.19310975074768,10.65150154382503,-30.983310584041018,40.9116881538835,-10.157499285821814,-31.993282982097853,37.70330416371061,7.260269512801233e-18,-0.6963834007433689,0.7168012728390432,0.03530006268306113,-2.3999999999999995,2.141250000000001,18.11025,-9.1845,11.325750000000001,6.7845,-1.91425,8.9124814560557,-72.74712349413701,38.65767380242022,1.7402832961307695,-71.82337645847645,43.29992129332797,-4.559654206799886e-18,-0.6463148643571571,0.7609013303639499,-0.057500100533482874
88.28886580467224,10.620176679814456,-30.36887421364337,40.921436159987685,-10.247928847806861,-31.381021323773005,37.660197829321106,-4.83815390014186e-18,-0.6960894858844029,0.7171014034613258,0.035000068499716076,-2.398249999999999,2.2277500000000003,22.186500000000002,-11.1785,13.40625,8.78025,-1.9717500000000001,8.967981242146678,-71.98816160333931,38.59239651297814,1.5341226418747453,-71.01966957854366,43.53241438093576,0.0,-0.6465626158424906,0.7606144906553659,-0.058501114519246535
88.36300492286682,10.585180813733041,-29.6824312357352,40.93232654776614,-10.52578714310161,-30.705085332588872,37.55293505125789,0.0,-0.6958000881401701,0.7174016113490778,0.0346000777149123,-3.3055000000000003,1.4474999999999998,24.675,-13.2665,14.714,9.961,-2.00875,9.008004046405153,-71.44084808495488,38.54532281482764,1.3230026687448628,-70.48607687535478,43.11228680025437,-1.3673275991237229e-17,-0.6458973041318301,0.7612177844235147,-0.058001355092700824
88.40622591972351,0,0,0,0,0,0,0,0,0,1,-3.6967500000000015,2.6014999999999997,27.12025,-14.107750000000001,16.70925,10.411,-2.03125,0,0,0,0,0,0,0,0,0,1
88.57475209236145,10.564210560060356,-29.27110027038407,40.938852295515225,-10.811268171355124,-30.30685516198318,37.535234381025504,2.415370587089915e-18,-0.6950037301889466,0.7182017886815603,0.03400008467721114,-6.402249999999999,2.9147500000000015,32.0255,-17.7565,20.67125,11.35425,-2.10575,9.045710725996376,-70.92520766804688,38.50097327745211,1.0674635058188358,-69.92519040784882,43.344678940353276,1.822395461861715e-17,-0.6454488567585434,0.761513518785722,-0.05910104919269359
88.61700010299683,10.524422224691483,-28.490653135483065,40.95123405512702,-11.11347363737869,-29.534452450088445,37.21140432225526,7.21495041854628e-18,-0.6918700185636528,0.721303699406294,0.03220016514748741,-6.394500000000001,3.8299999999999983,35.086,-18.82525,22.65525,12.43075,-2.1357500000000003,9.125830088909714,-70.06843880330082,38.461914820527156,1.1785357183251506,-69.13477589954744,43.21236163734403,-4.545277184755908e-18,-0.6431860432452965,0.763308113219047,-0.06060064412560494
88.70361423492432,0,0,0,0,0,0,0,0,0,1,-7.1217500000000005,4.848500000000001,35.91125,-19.09225,23.94075,11.9705,-2.17075,0,0,0,0,0,0,0,0,0,1
88.79389643669128,10.501402900474417,-28.039129706166158,40.9583974545565,-11.751857020304783,-29.112607887911025,37.111836145787436,-1.1818480818695798e-18,-0.6789715503453794,0.7339029028302128,0.019600077524829233,-10.727749999999999,3.833500000000001,36.48025,-21.68725,25.52075,10.9595,-2.2247500000000002,9.186430481431005,-69.52367743447343,38.456228129532796,1.3226185032934268,-68.6049972784972,42.661022573106905,4.528674922638871e-18,-0.6397645138329395,0.7661064243339325,-0.06150051572449661
88.85044050216675,10.460957513432204,-27.245794520252584,40.97098368253311,-12.030172154336157,-28.33161867801752,37.138228193814314,-2.3426310860501944e-18,-0.6719431888439187,0.7405022012670578,0.012200036266655102,-11.53325,5.956250000000001,38.8145,-22.19575,28.152,10.6625,-2.25325,9.270379883575009,-68.76902240137042,38.44835038667846,1.2217384474936352,-67.82881557331618,42.74566992914433,2.7175414518972537e-17,-0.6399163733344857,0.766011561560119,-0.06110092220799381
88.9525694847107,10.453334799999999,-27.0962752,40.9733558,-12.516438789602773,-27.73350628694857,36.91260388866024,1.4354493313674407e-19,-0.6553669396375881,0.7553050802933389,-0.0029000195059588015,-11.650249999999998,7.121250000000003,41.0345,-22.78175,29.903000000000002,11.1315,-2.30425,9.33868456070707,-68.15500411099873,38.44194073195249,1.3879537184388369,-67.22750395365526,42.565401185970785,-9.052602676187832e-18,-0.6394816583181137,0.7665081692096629,-0.05940063307378208
89.049147605896,0,0,0,0,0,0,0,0,0,1,-12.763250000000001,10.354999999999997,44.20275,-23.305500000000002,33.6605,10.542250000000001,-2.35325,0,0,0,0,0,0,0,0,0,1
89.11125159263611,10.453206694009697,-27.051077142417817,40.97451239435363,-12.752543481906969,-27.012143906802102,36.882756095084204,-3.3797115254028734e-18,-0.6377301292083549,0.7699134066346188,-0.02310040225127899,-13.160250000000001,10.818749999999998,45.8985,-24.12,34.93875,10.95975,-2.38375,9.417212906211336,-67.44908114237069,38.43457169659477,1.5801155960400308,-66.53672082879899,42.3186371545347,4.526878295815805e-18,-0.6399053802756327,0.7664104765441617,-0.05600076550948988
89.16087532043457,0,0,0,0,0,0,0,0,0,1,-13.726,11.25875,46.36325,-24.41525,35.674,10.68925,-2.40925,0,0,0,0,0,0,0,0,0,1
89.23241591453552,10.451603742672733,-26.48552757943775,40.988984508117646,-13.007870516337164,-26.454623353651392,37.18288763008783,-2.227106648738483e-18,-0.6259112297573819,0.7789135185597955,-0.03910067861816409,-14.09625,12.658250000000002,47.392500000000005,-24.41525,37.0735,10.319,-2.4442500000000003,9.49369549797708,-66.76154827916133,38.42739463308537,1.8129736166358725,-65.86310012425075,42.64515252729392,-9.05500048352945e-18,-0.6401524419585563,0.766305194188415,-0.054600370093550135
89.3688473701477,10.450196978672839,-25.989196376481885,41.001685360711285,-13.255475481332041,-25.954070340442136,37.00333690667799,-4.410049927733564e-18,-0.615199286020731,0.7867137580768049,-0.05110089365415624,-14.09625,14.096249999999998,48.8305,-24.41525,38.5115,10.319,-2.51225,9.552961148880307,-66.22878544104695,38.42183319314671,1.9576927870916165,-65.34341924626631,42.29703164777085,-1.8105080538127896e-17,-0.6401357602312138,0.7665134534247947,-0.051800909181219004
89.44331097602844,0,0,0,0,0,0,0,0,0,1,-14.32225,14.171500000000002,48.67975,-24.41525,38.58675,10.093,-2.55025,0,0,0,0,0,0,0,0,0,1
89.49010396003723,10.448258350435447,-25.30521407012351,41.019188105648496,-13.494334661598742,-25.268369454723917,36.927438373572514,1.3178131024911228e-17,-0.6107317183945332,0.7898191963781109,-0.05650137325318217,-14.737,14.737000000000002,48.8305,-24.41525,39.15225,9.67825,-2.57275,9.645841469549758,-65.436219058888,38.42895075638837,1.7015128932368953,-64.61181144146667,42.30170946145063,4.524490368892502e-18,-0.6397501730647355,0.7668149712080966,-0.05210101721432164
89.54129457473755,0,0,0,0,0,0,0,0,0,1,-15.3775,15.344999999999999,48.798,-24.41525,39.76025,9.03775,-2.59875,0,0,0,0,0,0,0,0,0,1
89.61722254753113,10.446057869119091,-24.528845369395228,41.03905496948366,-13.395131669125504,-24.48622286300995,36.73274508823744,1.3135096775811438e-17,-0.6069452086043619,0.7924068648681774,-0.06090052760029279,-15.37825,15.377749999999999,48.83,-24.41525,39.793,9.037,-2.63525,9.739859210476416,-64.72645181871681,38.47072209275366,1.6717890840234872,-63.871810870763184,42.10827820615728,-1.8088640507953888e-17,-0.6393006663713314,0.7672101063489073,-0.05180068236297369
89.7343213558197,10.444570968199246,-24.004240444703868,41.05247933164087,-13.8245321544035,-23.961526674080602,36.69520667369953,4.361775277989608e-18,-0.602430924630436,0.7954208391847097,-0.06620173441542344,-16.641,16.5715,48.761,-24.41525,40.98675,7.77425,-2.69475,9.809432645887258,-64.20122174241341,38.50163301811723,1.503967849924578,-63.311769758278004,42.082010627055126,-4.51863245181344e-18,-0.6385892957297321,0.7678090636828048,-0.051700610305289135
89.78514504432678,0,0,0,0,0,0,0,0,0,1,-16.57225,16.776,49.77675,-24.7865,41.5625,8.21425,-2.72125,0,0,0,0,0,0,0,0,0,1
89.85389852523804,10.443569743558992,-23.650990695517763,41.061518805617986,-14.328989735383232,-23.60728130208001,36.609575105874114,4.350841288621424e-18,-0.5994206181848641,0.7974197912084533,-0.06940172248541089,-17.50475,17.40125,50.9465,-25.525000000000002,42.92625,8.02025,-2.75425,9.859459790665635,-63.82355229265825,38.523859681631336,1.4125139911676001,-62.901020905812956,41.860602470211006,1.3543610291978183e-17,-0.637854911797473,0.7685056370844969,-0.05040036969298455
89.95657467842102,10.441168005943334,-22.803615215299185,41.08320269533039,-14.487068542806725,-22.763484322045727,36.753858670872276,0.0,-0.5925846814518384,0.8016148411946394,-0.0791014644941317,-19.204,18.73,50.576,-25.525000000000002,44.255,6.321,-2.80525,9.972650067181814,-62.96904601134084,38.57414922344586,1.196449745948314,-62.01127076320688,42.05311461442612,-4.519236565928443e-18,-0.6389636564076117,0.7677064259283453,-0.04850040596264783
90.0401041507721,0,0,0,0,0,0,0,0,0,1,-19.71,19.9015,51.269,-25.53875,45.44025,5.82875,-2.84875,0,0,0,0,0,0,0,0,0,1
90.16553521156311,10.440088627431807,-22.422791399001007,41.09294777507985,-14.506094975243968,-22.369402899666454,36.24352757500975,-8.611933883532678e-18,-0.5866622836324343,0.8057300482967531,-0.08140303578423194,-21.15575,21.140249999999998,53.254,-26.63475,47.775,5.479,-2.91025,10.017489837090098,-62.63053756150964,38.59407117746135,1.2308964173290633,-61.63585749721573,41.46935241408369,0.0,-0.6383447606589285,0.7685147581712605,-0.04360083728857117
90.25522184371948,10.4396812,-22.2790438,41.0966262,-14.726636218496424,-21.671603544580087,35.748919022651705,8.554734070532694e-18,-0.5780873350470452,0.8111174288641743,-0.08890191027743198,-22.423000000000002,22.379,53.225500000000004,-26.63475,49.01375,4.21175,-2.95525,10.07984550436873,-62.1597965137332,38.621775305708915,1.187220040073214,-61.12851726770647,41.113827076602234,-1.1286252778829095e-17,-0.6386152674888318,0.768511706219634,-0.03950060168597987
90.332204580307,10.4396812,-22.2790438,41.0966262,-14.598717503839168,-21.28590392644948,36.02455031081462,4.254350476622439e-18,-0.5700266192009563,0.8155056737845525,-0.10010069643879056,-23.09175,23.062500000000004,53.24025,-26.63475,49.697250000000004,3.543,-2.99325,10.17104015224689,-61.471341623146564,38.662292364230936,1.2599316957596045,-60.43827719411891,41.16561178420187,-9.030203725839921e-18,-0.6387933281930184,0.7684094528290196,-0.03860047485580447
90.41781115531921,0,0,0,0,0,0,0,0,0,1,-24.49925,24.061,54.85025,-27.64425,51.70525,3.145,-3.03675,0,0,0,0,0,0,0,0,0,1
90.47984147071838,10.4396812,-22.2790438,41.0966262,-14.832883640419254,-20.613737784452546,35.500662061249756,1.2691014210623161e-17,-0.561652437982317,0.8201346782157426,-0.10920461756024766,-25.627750000000002,24.920249999999996,54.7815,-27.744500000000002,52.66475,2.11675,-3.06725,10.25248331146983,-60.85009727100578,38.70479470388959,1.340944323998798,-59.940600228063914,40.7058786099322,-1.3541745017618375e-17,-0.6387133116617294,0.7686114930032397,-0.035800535323335915
90.60400867462158,10.451543690567581,-22.12667370257276,41.104000879893825,-14.75532763059897,-19.904379183171713,35.734959820798764,-1.682901866054214e-17,-0.5520409999075654,0.824634406066277,-0.12340514880982124,-26.63775,26.033250000000002,57.1045,-28.8545,54.887750000000004,2.21675,-3.13025,10.34309117544244,-60.12972720170764,38.7808939939059,1.4801474188886061,-59.21070434100356,40.63394466505588,-4.520367197992616e-18,-0.6401452191009619,0.7675144075672238,-0.03370063261891262
90.69674921035767,10.498444793934041,-21.52424323919911,41.13315838455309,-14.791921659585654,-19.282391740242986,35.49435122186371,1.6725516176165133e-17,-0.5423435403425495,0.8297374898115936,-0.1319059598724228,-26.976750000000003,26.195999999999998,58.34525,-29.563000000000002,55.759,2.58625,-3.1662500000000002,10.415706960881058,-59.55240161323147,38.84188218492568,1.4343485937164644,-58.58849975476047,40.41109063105398,-4.523365804772694e-18,-0.6409572686110117,0.7670056107982538,-0.029600216531458036
90.74433326721191,0,0,0,0,0,0,0,0,0,1,-27.18725,24.536500000000004,59.146750000000004,-30.89875,55.43525,3.7115,-3.20025,0,0,0,0,0,0,0,0,0,1
90.79488515853882,0,0,0,0,0,0,0,0,0,1,-26.83025,24.115000000000002,61.65375,-32.1845,56.2995,5.35425,-3.22575,0,0,0,0,0,0,0,0,0,1
90.86771512031555,10.522504135930745,-21.215208280377563,41.14811560999162,-15.224710264114037,-18.904173706380625,34.81475932767157,8.325718247161778e-18,-0.5365061620226074,0.8334288643832843,-0.13250458906981663,-27.2715,23.71725,64.66025,-34.10725,57.8245,6.83575,-3.26125,10.46406656609956,-59.16792271002043,38.88249821383582,1.199249815721089,-58.13037917462019,40.09210144842078,-4.515673083107998e-18,-0.6395222452447237,0.7683122511529779,-0.026600424158101283
90.99988985061646,10.584348707327088,-20.42083349750016,41.18656317836864,-15.169411558851266,-18.114891351124193,34.96895211893343,-1.6567774936688844e-17,-0.5261287232770404,0.8376373931228694,-0.14680655361800055,-25.5865,23.160249999999998,71.08375,-36.755,59.91525,11.1685,-3.3272500000000003,10.536652663866592,-58.59083315083687,38.943461470919054,1.3556239049933652,-57.51875266857912,39.7263690854663,-6.7752869493363935e-18,-0.6399074322931021,0.7681107039223107,-0.02290031912488076
91.04774785041809,0,0,0,0,0,0,0,0,0,1,-25.823500000000003,23.174749999999996,75.37975,-39.014250000000004,62.189,13.19075,-3.35175,0,0,0,0,0,0,0,0,0,1
91.11219763755798,10.621856551471382,-19.93905660301133,41.20988107628356,-15.350403020261837,-17.605224873323905,34.76750194568186,-8.237702611182685e-18,-0.5144077753717045,0.8423336252133791,-0.1608064192500431,-26.785000000000004,22.53425,77.87225000000001,-41.0615,63.59575,14.2765,-3.38375,10.600505398238333,-58.083177450023186,38.99708979343153,1.4792988867760073,-56.98452955016204,39.457277728061825,-1.1301078323096102e-18,-0.6407357762033167,0.7675035188595849,-0.019900091238183377
91.16301345825195,0,0,0,0,0,0,0,0,0,1,-25.194000000000003,22.856750000000005,82.66975000000001,-42.5035,65.36025000000001,17.3095,-3.41025,0,0,0,0,0,0,0,0,0,1
91.22993779182434,2.8960337493184833,1.678280596901462,40.25472584795504,-14.814878940008185,-16.822725520306776,35.26086664040196,2.4589799081033916e-17,-0.49676733429988457,0.8465576169663608,-0.19121301401531976,-24.51375,22.42575,84.475,-43.2815,65.70725,18.76775,-3.44275,10.703869718704272,-57.26138826493091,39.08390291378998,1.9757924332147354,-56.194678914861385,39.378346541197146,2.2708669896140876e-18,-0.6451393590092517,0.7639036032980546,-0.015700074056525008
91.35700392723083,2.6568485952937397,1.9189490703986052,40.21138831842536,-14.953413076730186,-16.554684973721542,34.81403047540523,8.164913289831923e-18,-0.4866180018481564,0.8498429386321221,-0.20241022685236695,-22.18325,22.527749999999997,88.3805,-44.018,66.54575,21.83475,-3.50625,10.756537293566423,-56.842659217696315,39.12813709919249,2.2152261620930176,-55.74899620723261,38.94505863045404,1.1372087621812596e-18,-0.6466242682298052,0.7627110930140326,-0.012200177441682438
91.42857718467712,0,0,0,0,0,0,0,0,0,1,-22.150499999999997,22.522999999999996,90.131,-44.87925,67.40225,22.72875,-3.5332500000000002,0,0,0,0,0,0,0,0,0,1
91.47537732124329,2.3541522419423657,2.2235226113077986,40.15654330847738,-14.917882453486925,-15.932572874459183,34.6558719765399,4.0733767091695744e-17,-0.4812996708420033,0.8517373176273006,-0.20710907418177055,-22.425749999999997,22.4255,91.00225,-45.50125,67.92675,23.0755,-3.5652500000000003,10.851349739473175,-55.96268438869846,39.22726523495725,2.1643404452669017,-55.12453464144263,38.75333383635012,0.0,-0.6461792939912453,0.7631161284708939,-0.010300217695256467
91.57122302055359,1.817948078877288,2.763052073049958,40.05938943684382,-15.381014452430065,-15.40614829714847,34.08264783542393,-2.433153053320923e-17,-0.4711099898749131,0.8555434555713518,-0.21471090579914578,-22.425749999999997,22.4255,91.00225,-45.50125,67.92675,23.0755,-3.61275,10.89940663717182,-55.428483274533946,39.2911348412988,2.0214974121803664,-54.51132781457322,38.30004225758496,0.0,-0.6457722193360431,0.7635065422881747,-0.006000051412873672
91.6675226688385,0,0,0,0,0,0,0,0,0,1,-23.066499999999998,23.066249999999997,91.00225,-45.50125,68.5675,22.43475,-3.66175,0,0,0,0,0,0,0,0,0,1
91.82386088371277,1.5050094847721678,3.077931372514464,40.00268865364385,-15.496511116584486,-14.955434000915524,33.69058005590047,-2.4257741220022572e-17,-0.4649125279594377,0.8581459222814775,-0.21781165583603987,-22.92025,23.102250000000005,88.988,-44.403,67.50525,21.48275,-3.7382500000000003,10.993967016841088,-54.37734883610415,39.41680950017621,1.7341175005239506,-53.337405227039014,37.686105335048666,-1.4166755990561916e-19,-0.6436529326335366,0.7653143551055828,-0.002200041266473647
91.86661076545715,0,0,0,0,0,0,0,0,0,1,-23.066499999999998,23.066249999999997,91.00225,-45.50125,68.5675,22.43475,-3.76125,0,0,0,0,0,0,0,0,0,1
91.92333722114563,0,0,0,0,0,0,0,0,0,1,-23.066499999999998,23.066249999999997,91.00225,-45.50125,68.5675,22.43475,-3.7887500000000003,0,0,0,0,0,0,0,0,0,1
91.99595379829407,1.0872066041294348,3.498325279974931,39.92698769824271,-15.776484760154602,-14.44617165092999,33.34770016761118,0.0,-0.46069573057954377,0.8602399432240786,-0.21851014600611618,-23.066499999999998,23.066249999999997,91.00225,-45.50125,68.5675,22.43475,-3.82575,11.046678536379456,-53.791406883644406,39.48686529161934,1.4348211685887406,-52.65820475959663,37.241011602542585,-1.0600301123334691e-19,-0.6415245653915641,0.7671023869068384,0.00040000124463920655
92.08724355697632,0.6061825985474765,3.9823323815482796,39.83983182048184,-16.09715512819838,-13.87914427404582,32.836573501389836,-8.043618513352431e-18,-0.4581375813563423,0.8626582541661622,-0.214314472371677,-23.066499999999998,23.066249999999997,91.00225,-45.50125,68.5675,22.43475,-3.8712500000000003,11.093570197483059,-53.27015855497262,39.54918625029148,1.1474580572184436,-52.08617394238332,37.13009187308994,-1.4105984472043445e-19,-0.6397149125808844,0.7686114887155006,0.0011000164423458894
92.16758728027344,0,0,0,0,0,0,0,0,0,1,-23.066499999999998,23.066249999999997,91.00225,-45.50125,68.5675,22.43475,-3.91175,0,0,0,0,0,0,0,0,0,1
92.23254871368408,0.09263904799768996,4.499060699779663,39.7467837846308,-16.474417689923683,-13.277192379079878,32.46465028933207,2.4089725356248784e-17,-0.4558726423520286,0.8641311349081825,-0.21320768193776704,-23.066499999999998,23.066249999999997,91.00225,-45.50125,68.5675,22.43475,-3.94375,11.14739850137036,-52.671802412832506,39.62072629436328,0.8607893951846108,-51.43934565030107,37.052411510258025,-1.7600593191160328e-20,-0.6380389880634879,0.7700039998012901,0.000300001558364139
92.28625154495239,0,0,0,0,0,0,0,0,0,1,-23.066499999999998,23.066249999999997,91.00225,-45.50125,68.5675,22.43475,-3.97125,0,0,0,0,0,0,0,0,0,1
92.35149765014648,-0.17882469193218656,4.772571388039798,39.69966819532299,-16.860488445667386,-12.784659980329728,32.13455756335816,0.0,-0.4532910951953837,0.8653395650195432,-0.21380977580166227,-23.066499999999998,23.066249999999997,91.00225,-45.50125,68.5675,22.43475,-4.00325,11.235772877670735,-51.49985550149923,39.75586941563176,0.7687544605895198,-50.812689433130956,36.85059090601723,0.0,-0.6367012239617204,0.7711105960921865,0.0
92.44299602508545,0,0,0,0,0,0,0,0,0,1,-23.066499999999998,23.066249999999997,91.00225,-45.50125,68.5675,22.43475,-4.03975,0,0,0,0,0,0,0,0,0,1
92.54834151268005,-0.629446081027346,5.228857056755842,39.634368613251446,-17.16765439352281,-12.201166231997732,31.9681720888252,3.204929665048425e-17,-0.4500625771537289,0.8660276048588271,-0.21780694265387138,-23.066499999999998,23.066249999999997,91.00225,-45.50125,68.5675,22.43475,-4.10125,11.260335781858412,-50.831879781510146,39.825367013914594,0.6778984688921241,-50.113384148981645,36.65975771096578,7.024605460483343e-20,-0.635965221214,0.7717174854763328,0.0006000135950314883
92.61490511894226,-1.0676577157095564,5.6725769813062925,39.57086732969921,-17.370965568781116,-11.53584762392866,31.832099623674736,-8.010237751850264e-18,-0.4467187014901593,0.8662531773547459,-0.22371373328822064,-23.066499999999998,23.066249999999997,91.00225,-45.50125,68.5675,22.43475,-4.13475,11.279986802474557,-50.29748024372363,39.8809670653659,0.47840517827509643,-49.5501480219652,36.51564840445752,8.76718399670475e-21,-0.6345129645368422,0.7729122122429894,0.00010000158005472759
92.66348052024841,0,0,0,0,0,0,0,0,0,1,-23.066499999999998,23.066249999999997,91.00225,-45.50125,68.5675,22.43475,-4.1602500000000004,0,0,0,0,0,0,0,0,0,1
92.7347412109375,-1.4720434445541537,6.082045810727785,39.51226776090761,-17.6871518391508,-11.058407457457214,31.639805240320925,-1.600979495888784e-17,-0.4435683442743217,0.8668310770657436,-0.22770816364544272,-23.46175,22.87525,89.4395,-45.013,67.88825,21.55125,-4.19525,11.300969333435708,-49.72687095750581,39.94033445517263,0.2892657991959595,-48.937072984989584,36.24112100269423,0.0,-0.6329361500696201,0.7742039976227502,0.0
92.78427147865295,0,0,0,0,0,0,0,0,0,1,-22.804000000000002,23.159,89.58850000000001,-44.61675,67.77575,21.81275,-4.22075,0,0,0,0,0,0,0,0,0,1
92.93451452255249,-1.93592101867948,6.551754293800819,39.44504722398732,-18.104228438379835,-10.550184773535868,31.518739911166193,0.0,-0.44134440923732066,0.8671204030510191,-0.23090543312706752,-22.894000000000002,23.122999999999998,89.161,-44.466,67.589,21.572,-4.2852500000000004,11.327442493275242,-49.006946804030925,40.0152368776935,-0.02556415424569991,-48.2117164787814,36.38443896848142,-5.592172409424503e-19,-0.6313248628969511,0.7755141244631841,-0.002600047354744395
92.97874546051025,-2.5102875351631964,7.133340557577868,39.361815725461284,-18.59058731048202,-9.898937019879462,31.314947342889155,-1.600220967517319e-17,-0.4398907427404553,0.8672419677980666,-0.23321128562097454,-23.1535,23.047250000000005,90.89475000000002,-45.5005,68.54775000000001,22.347,-4.3172500000000005,11.347169857783953,-48.470471132811056,40.07105293443215,-0.4949647419402652,-47.63476958519842,36.22414121348476,8.372010037465628e-19,-0.6294659487229034,0.7770192589117206,-0.0037000917091034313
93.07592964172363,-2.9931666419011465,7.622289421211155,39.291841674907715,-19.02795123975747,-9.37710299694971,31.160668226085505,-3.199339743312348e-17,-0.43828742496838696,0.8675407378552719,-0.23511104031097926,-23.0665,23.066250000000004,88.78275000000001,-44.3915,67.45775,21.325,-4.36425,11.36544725076355,-47.97342670183562,40.12276648203418,-0.6620589449577778,-47.098252387843154,35.96197938510389,8.355937322986935e-19,-0.6276165042279113,0.7785138618760791,-0.0037000658817488673
93.1634783744812,0,0,0,0,0,0,0,0,0,1,-23.03825,23.090999999999994,90.99125,-45.46925,68.56025,22.431,-4.40975,0,0,0,0,0,0,0,0,0,1
93.24318933486938,-3.669492354762327,8.288757224546037,39.21064823904322,-19.40636074411455,-8.905518952371203,30.91365661520217,3.995147663743967e-17,-0.43623228693170385,0.8684151986268,-0.23570412519154393,-22.920749999999998,23.104999999999997,89.02625,-44.421,67.526,21.50025,-4.44975,11.390648362724264,-46.70403488197547,40.24230569689683,-1.0377757891636463,-46.555881079133854,35.501468563874965,9.729923388375143e-19,-0.6257631906009018,0.7800077045278703,-0.0029000286450395173
93.36098599433899,-4.217534944082965,8.816776768967982,39.155876606829395,-19.853355899287692,-8.296424160302607,30.62940520266976,7.98168132052815e-18,-0.4344103257769606,0.8693524115102207,-0.23561420470701486,-23.066499999999998,23.066249999999997,91.00225,-45.50125,68.5675,22.43475,-4.50775,11.378226403957113,-45.928512833389036,40.29910619551876,-1.3245388607536484,-45.775605627350224,35.43337186706751,2.7760557673270164e-19,-0.6243788923941449,0.7811097927110099,-0.00430005390943201
93.46041178703308,-4.725785721957077,9.306458318202795,39.105081786827135,-20.326085532620993,-7.780166787784658,30.479388473304596,0.0,-0.4325037098332836,0.8699497200514279,-0.23691354026920705,-23.066499999999998,23.066249999999997,91.00225,-45.50125,68.5675,22.43475,-4.55675,11.370318022387407,-45.43478037211572,40.33526796556421,-1.6937739779496326,-45.28622913320116,35.449987378003,0.0,-0.6223652763815316,0.7827083122946739,-0.005400057348142631
93.59173512458801,-5.276816148647568,9.837356537672227,39.050011548751776,-20.850290058957512,-7.249251469616723,30.156064271453005,-3.18614868712821e-17,-0.42956675692485663,0.8711324655926844,-0.23790886644989048,-23.066499999999998,23.066249999999997,91.00225,-45.50125,68.5675,22.43475,-4.6217500000000005,11.35837394333637,-44.68909309140817,40.389883317168234,-2.064198320167577,-44.50854532705222,34.98934249922317,-8.291023693621586e-19,-0.6199697367862017,0.7846091478326843,-0.005100059462078371
93.66877269744873,0,0,0,0,0,0,0,0,0,1,-23.066499999999998,23.066249999999997,91.00225,-45.50125,68.5675,22.43475,-4.66275,0,0,0,0,0,0,0,0,0,1
93.73337745666504,-5.779290447255711,10.321472654566898,38.99979403278393,-21.274241223401106,-6.698418319242251,29.96332545695151,-5.571909373098096e-17,-0.4271701861578337,0.871734518186239,-0.24000950368784837,-23.456999999999997,22.91225,89.65975,-45.10225,68.0145,21.64525,-4.69475,11.34841552501729,-44.067373673379116,40.43541906049282,-2.3739690367799255,-43.888350611210576,34.99012835645368,-5.514697990294795e-19,-0.6176674788641671,0.786409101200878,-0.006900079855399361
93.87146019935608,-6.29469682358512,10.818048368434273,38.94828407893167,-21.7750995663973,-6.201954122597215,29.765173440305972,-1.590861439469783e-17,-0.42478891810459696,0.872344219521706,-0.2420122677109398,-23.066499999999998,23.066249999999997,91.00225,-45.50125,68.5675,22.43475,-4.7627500000000005,11.339321864673487,-43.49964242976681,40.4770006219445,-2.6902795442511263,-43.30005629874343,34.6837666996131,0.0,-0.6157408001675213,0.7879194278152347,-0.006800167672475692
93.91227555274963,0,0,0,0,0,0,0,0,0,1,-23.397250000000003,22.939749999999997,89.4395,-44.9485,67.88825,21.55125,-4.78425,0,0,0,0,0,0,0,0,0,1
93.98245453834534,-7.097438798309906,11.568973352384454,38.88799687238779,-22.317773921674302,-5.675187938621349,29.63508911556147,3.975825725198649e-17,-0.4228709073272081,0.8726355710121743,-0.2443099587420056,-22.721249999999998,23.219,90.42025000000001,-44.96125,68.18025,22.240000000000002,-4.81775,11.329359012292478,-42.87764618641145,40.522556640407096,-3.137457000374809,-42.665002578613894,34.45542683168722,-1.0986035582135617e-18,-0.6136916631372231,0.7895129516955323,-0.007200118115526073
94.03880882263184,0,0,0,0,0,0,0,0,0,1,-23.39625,22.93675000000001,89.599,-45.02925,67.96600000000001,21.633,-4.8477500000000004,0,0,0,0,0,0,0,0,0,1
94.11274075508118,-7.4271225495111635,11.869505739979637,38.87021524188034,-22.618453215599516,-5.345915205668064,29.56529348863478,7.946178636096815e-18,-0.4208722492131416,0.8732365859969683,-0.24561029033538181,-23.1415,23.075250000000004,88.71675,-44.3915,67.46675,21.25,-4.88425,11.286018961669717,-41.61199625028495,40.596309385422686,-3.151914197943256,-42.132105731302346,34.61038469552088,5.485316543016052e-19,-0.6122490466176614,0.7906214082510291,-0.008300224751433775
94.23658037185669,-7.860358282924001,12.264433815384326,38.84684849205994,-23.098959646538447,-5.019102521438526,29.267120654102456,0.0,-0.4165236450387515,0.876264024185408,-0.24221769762349443,-23.6605,23.582249999999995,88.70474999999999,-44.3915,67.97375,20.731,-4.94625,11.257883935243497,-41.08703265736879,40.61855709083496,-3.57840772185358,-41.620299989711405,34.439334536394625,-1.6408439758307417e-18,-0.6092714940787152,0.7929106156018895,-0.009000120494913616
94.28870677947998,0,0,0,0,0,0,0,0,0,1,-23.707250000000002,23.707,88.78275,-44.3915,68.0985,20.68425,-4.97225,0,0,0,0,0,0,0,0,0,1
94.36583828926086,-8.444566862179997,12.79698538499509,38.81533895888531,-23.704643921974878,-4.519854571637097,29.07091147208466,0.0,-0.4123106280695774,0.8788585074461155,-0.24001597836489275,-23.707250000000002,23.707,88.78275,-44.3915,68.0985,20.68425,-5.01025,11.226436628568011,-40.500266153232346,40.64342397399786,-3.8892673172487093,-41.04557790632247,34.395053176706256,-5.455755936238309e-19,-0.6066339447406172,0.7949051864904728,-0.011000071771789157
94.45154857635498,0,0,0,0,0,0,0,0,0,1,-23.707250000000002,23.707,88.78275,-44.3915,68.0985,20.68425,-5.0447500000000005,0,0,0,0,0,0,0,0,0,1
94.54277467727661,-9.027211902514226,13.328111667240178,38.783913755833986,-24.21537602838893,-3.9147540986130736,28.956429451557653,0.0,-0.4087370434333764,0.8804199298000654,-0.24040544198538819,-23.707250000000002,23.707,88.78275,-44.3915,68.0985,20.68425,-5.09875,11.182154741048768,-39.674022793050234,40.67843977152027,-4.13721357476129,-40.2295786319438,34.414232269463085,2.1778571644093143e-18,-0.6044769496779901,0.796527662293824,-0.012300427176665456
94.69780349731445,-9.486059919346953,13.746387331538456,38.75916559683414,-24.601991514263574,-3.4246567127939898,28.80631943025591,7.871953854577996e-18,-0.40532871045429425,0.8814703480346066,-0.24231933892532917,-23.707250000000002,23.707,88.78275,-44.3915,68.0985,20.68425,-5.16575,11.153952965856986,-39.14781375357712,40.7007402583606,-4.4244844492959885,-39.710683177317925,34.281480803133405,3.259483061982777e-18,-0.602076346007741,0.7983122367822139,-0.01420021766542332
94.74521732330322,-9.848710864286991,14.076971880972154,38.73960586699424,-25.038742367434935,-3.1764488379775315,28.768351771212778,1.573846988643712e-17,-0.4011345729169814,0.8817749061980839,-0.24812107772229164,-23.707250000000002,23.707,88.78275,-44.3915,68.0985,20.68425,-5.19975,11.121128877338778,-38.53535826191785,40.726695828500006,-4.5372293796874885,-39.1033929829522,34.32824831855011,1.0836521709057337e-18,-0.5992365845885486,0.8004060355117906,-0.016300122912096687
94.7928352355957,0,0,0,0,0,0,0,0,0,1,-23.707250000000002,23.707,88.78275,-44.3915,68.0985,20.68425,-5.22475,0,0,0,0,0,0,0,0,0,1
94.86802577972412,-10.509735835181782,14.65965298986475,38.72152873250321,-25.43746743814208,-2.753555658619632,28.781756130285075,-3.93152308113573e-17,-0.39722168973928257,0.8824689262542413,-0.251919676477157,-23.707250000000002,23.707,88.78275,-44.3915,68.0985,20.68425,-5.26125,11.076956672449489,-37.7111614392662,40.76162489474293,-4.564775431335278,-38.272447147343286,34.224951497094565,-1.0826965299859352e-18,-0.5982751227826745,0.8011125130323185,-0.01690026397484232
94.93944764137268,0,0,0,0,0,0,0,0,0,1,-23.707250000000002,23.707,88.78275,-44.3915,68.0985,20.68425,-5.28825,0,0,0,0,0,0,0,0,0,1
95.0688304901123,-11.58321926575629,15.587271846801547,38.70863626751471,-26.24822073485211,-1.5260426001372593,28.47032269738328,1.570343390442677e-17,-0.3938734113039214,0.8837422370340499,-0.25271207796594364,-24.348,24.347749999999998,88.78275,-44.3915,68.73925,20.0435,-5.36125,10.98197584301536,-36.18876557941432,40.80536009023562,-5.418915939949613,-37.13826812320703,33.971018567458856,-1.0794616237472068e-18,-0.5949771209616533,0.803513268936299,-0.01920031706730174
95.11759495735168,0,0,0,0,0,0,0,0,0,1,-24.656250000000004,24.222999999999992,87.49374999999999,-43.9635,68.1865,19.30725,-5.38725,0,0,0,0,0,0,0,0,0,1
95.1656711101532,0,0,0,0,0,0,0,0,0,1,-24.34775,24.348000000000006,86.56325000000001,-43.2815,67.62950000000001,18.93375,-5.41075,0,0,0,0,0,0,0,0,0,1
95.24187779426575,-12.205892848898582,16.12533674933113,38.70115799897206,-26.75220251315318,-0.8526984475706456,28.3134468887163,7.8491531120532e-18,-0.3924533699904092,0.8840309017863119,-0.25390887552437175,-24.34775,24.348000000000006,86.56325000000001,-43.2815,67.62950000000001,18.93375,-5.44825,10.937210543006795,-35.51991100690895,40.81986210520237,-5.666585486955398,-36.481674936590686,33.924702449584686,-5.3885135144756244e-18,-0.5931409612802375,0.8048246846355083,-0.021000644107039848
95.31550145149231,-12.735785613614063,16.58322786036709,38.69479402192111,-27.202799079030484,-0.305510683032594,28.12946785415147,7.843750081865336e-18,-0.3899680596132622,0.8846398510260893,-0.25561151472108123,-24.34775,24.348000000000006,86.56325000000001,-43.2815,67.62950000000001,18.93375,-5.47475,10.898295679496336,-34.93846992659864,40.832468832577135,-5.760526395529723,-35.904143871269895,33.94778868543324,0.0,-0.5892901892889528,0.8076163772603031,-0.02220045019214801
95.43614172935486,0,0,0,0,0,0,0,0,0,1,-24.34775,24.348000000000006,86.56325000000001,-43.2815,67.62950000000001,18.93375,-5.5367500000000005,0,0,0,0,0,0,0,0,0,1
95.49018430709839,-13.158784168729929,16.948749511663095,38.68971383725622,-27.51728991267518,0.1847113591200582,28.061807932919436,-7.834902404867343e-18,-0.38716548401674794,0.8856388433883385,-0.25641124598551274,-24.34775,24.348000000000006,86.56325000000001,-43.2815,67.62950000000001,18.93375,-5.57175,10.850452069863541,-34.22362121427158,40.84796808630324,-5.966654468040815,-35.19875838133593,33.911148157141554,-3.2219150513060274e-18,-0.5893138884640867,0.8076206766874368,-0.021400547896373388
95.56882071495056,-13.716911467765536,17.423074624125988,38.69086774165337,-27.798869510334328,0.7489708745414703,27.965246401042094,2.347999970677548e-17,-0.3856184289259473,0.8865707824397776,-0.2555204003534836,-24.34775,24.348000000000006,86.56325000000001,-43.2815,67.62950000000001,18.93375,-5.61125,10.806113825896611,-33.56114744086972,40.86233175364122,-6.482111036928501,-34.56300698777297,33.703724216446886,1.07249965155586e-18,-0.5877583061213034,0.808729155977006,-0.022300803979581098
95.62610363960266,0,0,0,0,0,0,0,0,0,1,-24.34775,24.348000000000006,86.56325000000001,-43.2815,67.62950000000001,18.93375,-5.64025,0,0,0,0,0,0,0,0,0,1
95.67328882217407,0,0,0,0,0,0,0,0,0,1,-24.34775,24.348000000000006,86.56325000000001,-43.2815,67.62950000000001,18.93375,-5.66475,0,0,0,0,0,0,0,0,0,1
95.8186047077179,-14.137036961020431,17.772483766416475,38.69926867957227,-28.20567791669916,1.1192324396675986,27.772338926066965,0.0,-0.38343357107518977,0.8873202679296709,-0.25620585218480973,-24.34775,24.348000000000006,86.56325000000001,-43.2815,67.62950000000001,18.93375,-5.72725,10.767044582781248,-32.97739971892802,40.87498849330989,-6.688356828379199,-33.98770274318514,33.589760627226084,3.2135817085315128e-18,-0.5863802601752213,0.8097149691439669,-0.022800421509796772
95.91287422180176,-14.57234003618497,18.134515770119165,38.70797311234075,-28.673406377052117,1.4454328038843016,27.649768906238478,0.0,-0.3809838074132171,0.8878511518858199,-0.25801486504453874,-24.34775,24.348000000000006,86.56325000000001,-43.2815,67.62950000000001,18.93375,-5.78425,10.719378406969033,-32.265202109624724,40.89043026617647,-7.006425763344652,-33.29585932351546,33.709279810915206,0.0,-0.5853304561745613,0.8104245619973464,-0.02450074255791583
95.97850251197815,-15.097772382676794,18.571506308581913,38.7184797933071,-29.099295515740863,2.004859585817684,27.546037921462556,0.0,-0.37941956891440015,0.8883735034814698,-0.258521389902015,-24.34775,24.348000000000006,86.56325000000001,-43.2815,67.62950000000001,18.93375,-5.81675,10.700238615695977,-31.939286946271526,40.89652163076828,-7.200559797242249,-32.73366266958039,33.444049912172886,4.272574366877186e-18,-0.5831420883657753,0.8120272823921434,-0.023600792936520423
96.04620957374573,0,0,0,0,0,0,0,0,0,1,-24.34775,24.348000000000006,86.56325000000001,-43.2815,67.62950000000001,18.93375,-5.85125,0,0,0,0,0,0,0,0,0,1
96.11475038528442,-15.631678951966263,19.01554467196089,38.729155927022155,-29.501356150248682,2.6079986354523896,27.532979093608702,0.0,-0.37796610818182225,0.8884408920444925,-0.26041198591668835,-24.34775,24.348000000000006,86.56325000000001,-43.2815,67.62950000000001,18.93375,-5.88475,10.664635400294554,-31.240930827683066,40.907601020001835,-7.566620514925347,-32.05473291548575,33.61769881074213,4.268455394046702e-18,-0.5819560362779855,0.8128108722402297,-0.025800345108019103
96.24586582183838,-16.069200838447056,19.379422012286483,38.73790472771503,-29.834256576264238,3.0986549642337877,27.50082830224298,1.5623656309552185e-17,-0.3763880355979028,0.8882548062280198,-0.26331624688115024,-24.34775,24.348000000000006,86.56325000000001,-43.2815,67.62950000000001,18.93375,-5.95075,10.632285889323416,-30.60639603453807,40.917667886702596,-7.934163959358585,-31.432553558018185,33.32942001583106,7.459511671014936e-18,-0.5803605422945114,0.8139315860997556,-0.02640102453991099
96.32386946678162,-16.470623579365387,19.713276486371136,38.745931680565626,-30.1716969910822,3.5136914883792087,27.332072116955572,7.810090265370491e-18,-0.37458361051492534,0.8884524593363411,-0.26521565985591805,-24.34775,24.348000000000006,86.56325000000001,-43.2815,67.62950000000001,18.93375,-5.98825,10.600401203468008,-29.980978773615462,40.927590104153985,-7.941023906072331,-30.805167498061785,33.29566097402768,-1.4899388872981016e-17,-0.578821004980454,0.8150041881152745,-0.02710013926125637
96.36522197723389,0,0,0,0,0,0,0,0,0,1,-24.34775,24.348000000000006,86.56325000000001,-43.2815,67.62950000000001,18.93375,-6.01075,0,0,0,0,0,0,0,0,0,1
96.42052173614502,0,0,0,0,0,0,0,0,0,1,-24.34775,24.348000000000006,86.56325000000001,-43.2815,67.62950000000001,18.93375,-6.03775,0,0,0,0,0,0,0,0,0,1
96.48861455917358,-16.91235711240584,20.079897490456926,38.75772322560012,-30.568488432985504,4.088614630406056,27.231972504597223,-2.343245989611184e-17,-0.3732100783550232,0.888369458606256,-0.2674209087372654,-24.34775,24.348000000000006,86.56325000000001,-43.2815,67.62950000000001,18.93375,-6.07175,10.568986581382747,-29.364781800981618,40.93736604213553,-8.43222554106677,-30.21274746262199,33.326636050917074,-8.501239559921867e-18,-0.5770058266462821,0.8162214292395499,-0.02910076401723953
96.60581994056702,-17.530413825359055,20.591228636022343,38.78057836607131,-30.983603748585978,4.851772087815945,27.108806072670546,3.124057804876486e-17,-0.3726731858683506,0.8884462884234714,-0.26791395842936516,-24.34775,24.348000000000006,86.56325000000001,-43.2815,67.62950000000001,18.93375,-6.13075,10.52967948681298,-28.59377419149378,40.94959804409009,-8.76395296086747,-29.44910928211015,32.86369582991982,2.123250984369104e-18,-0.5759632130994814,0.8170129149815308,-0.027500434714800605
96.68205547332764,0,0,0,0,0,0,0,0,0,1,-24.34775,24.348000000000006,86.56325000000001,-43.2815,67.62950000000001,18.93375,-6.15975,0,0,0,0,0,0,0,0,0,1
96.73061513900757,-18.038546501537652,21.011617344637976,38.79936862180136,-31.404920316727356,5.388497284386489,26.872546865916803,-7.805071701516863e-18,-0.3709372114048616,0.8890237231976615,-0.2684071623242434,-24.34775,24.348000000000006,86.56325000000001,-43.2815,67.62950000000001,18.93375,-6.19175,10.506022256130406,-28.129738243904203,40.956959954073916,-8.730143837932218,-28.982393059872045,32.88678069738981,-4.239253611270437e-18,-0.5739474479553016,0.8184098593983096,-0.0281003385252841
96.82899141311646,-18.341514162334505,21.262268778103202,38.810572073362714,-31.737087193499548,5.614694306696151,26.641246037829973,3.899668839013372e-17,-0.36781963152064867,0.8896773277885294,-0.2705235130022451,-24.34775,24.348000000000006,86.56325000000001,-43.2815,67.62950000000001,18.93375,-6.24175,10.472697536053428,-27.47607475021102,40.96733029677104,-9.164270958404472,-28.34673415328981,32.74405229183169,-6.349538237248921e-18,-0.5721663857042931,0.8196139992355169,-0.02930050046071333
96.94854784011841,-18.72217179007827,21.577194733574814,38.824648424887066,-32.03504399972826,6.0373473174859384,26.481602140068958,7.794432756707197e-18,-0.36565697677679065,0.8902371885800453,-0.27161134623493627,-24.34775,24.348000000000006,86.56325000000001,-43.2815,67.62950000000001,18.93375,-6.3012500000000005,10.453334799999999,-27.0962752,40.9733558,-9.406154818978507,-27.778224065579316,32.72434244238542,4.227878333869576e-18,-0.5706553834697699,0.8206118241766418,-0.030800443802876644
97.04539012908936,0,0,0,0,0,0,0,0,0,1,-24.34775,24.348000000000006,86.56325000000001,-43.2815,67.62950000000001,18.93375,-6.350750000000001,0,0,0,0,0,0,0,0,0,1
97.11865329742432,-19.182815851756338,21.95829512585157,38.84168259750622,-32.30702654447626,6.652376644290712,26.366865822704057,-3.8962458656420035e-17,-0.36458987268557,0.8904589370368021,-0.272318023983739,-24.34775,24.348000000000006,86.56325000000001,-43.2815,67.62950000000001,18.93375,-6.38575,10.453334799999999,-27.0962752,40.9733558,-9.577828110705354,-26.97806989151936,32.55796462342474,-8.4544632653675e-18,-0.5704747594036597,0.8207373651183056,-0.030801402273234822
97.18897294998169,0,0,0,0,0,0,0,0,0,1,-24.34775,24.348000000000006,86.56325000000001,-43.2815,67.62950000000001,18.93375,-6.413250000000001,0,0,0,0,0,0,0,0,0,1
97.25157284736633,-19.568591009016014,22.277454919699164,38.855948190330764,-32.644072529847904,7.038088326019917,26.209937487714825,2.3377502743519466e-17,-0.36278760756167094,0.8904578876583525,-0.27471785909675367,-24.34775,24.348000000000006,86.56325000000001,-43.2815,67.62950000000001,18.93375,-6.45325,10.45187389037695,-26.580840464200563,40.986545501880606,-9.831096697751121,-26.419976128285988,32.45362683422124,6.330812171466417e-18,-0.5685766534478938,0.8220383557399036,-0.03120145583830291
97.32905459403992,-19.8529524,22.512712999999998,38.866463599999996,-33.07668376034604,7.591573632639793,25.8549705334743,-7.785741450709053e-18,-0.3613465464635333,0.8912309698230856,-0.274109525166638,-24.34775,24.348000000000006,86.56325000000001,-43.2815,67.62950000000001,18.93375,-6.491750000000001,10.450133898082868,-25.966940429424902,41.00225487860825,-10.107561167452616,-25.79567138818247,32.03230630484137,2.1072589904469726e-18,-0.5669601334452794,0.8232132281038949,-0.029600475646107006
97.45259046554565,-20.37443531667856,22.963341860483236,38.88558166903615,-33.493766877737016,8.340731707902918,25.697160991761933,1.5567447235425084e-17,-0.36069292095847416,0.8914620103053468,-0.27421907474279333,-24.34775,24.348000000000006,86.56325000000001,-43.2815,67.62950000000001,18.93375,-6.54425,10.448129477169273,-25.25974530405215,41.02035162728898,-10.341636230155075,-25.095435395591778,32.296651570926045,2.1048910436376117e-18,-0.5654766757894952,0.8241393212348456,-0.032101531624364216
97.55225896835327,0,0,0,0,0,0,0,0,0,1,-24.34775,24.348000000000006,86.56325000000001,-43.2815,67.62950000000001,18.93375,-6.60525,0,0,0,0,0,0,0,0,0,1
97.61993265151978,-20.80084348791626,23.33181381260286,38.90121420577815,-33.927280922105155,8.702764466371846,25.670744043964334,2.3359210615817313e-17,-0.3583819267254853,0.8911551873086845,-0.2782172293898283,-24.374000000000002,24.348000000000006,86.537,-43.2815,67.62950000000001,18.9075,-6.6377500000000005,10.446754283810984,-24.774552781448755,41.032767446952185,-10.555631164386739,-24.606671028472753,32.14593474519677,-2.1011439202123624e-18,-0.5633400684227322,0.8256090690834154,-0.03190035041637714
97.66787648200989,0,0,0,0,0,0,0,0,0,1,-24.988500000000002,24.98475,86.55924999999999,-43.2815,68.26625,18.293,-6.6617500000000005,0,0,0,0,0,0,0,0,0,1
97.7445456981659,-21.171446459884855,23.652062836316997,38.91480086984038,-34.30344591416505,9.028941805334767,25.39288033223565,-1.5558925619155114e-17,-0.3557737390493541,0.8919502636306101,-0.2790157232346005,-24.98975,24.987499999999997,84.34375,-42.173,67.1605,17.18325,-6.69925,10.445098296964428,-24.190291353310748,41.04771838743454,-10.922235449242748,-24.01138150049035,31.689501095911652,-4.196641827730541e-18,-0.5617864845903793,0.8267198141686113,-0.030500731017470237
97.84877490997314,-21.667572086182894,24.08077970984216,38.93298931604027,-34.689094585637775,9.595054172488318,25.186018325218583,-3.110082709922251e-17,-0.35415607408398914,0.8924385041940821,-0.27951205952739355,-24.988500000000002,24.988749999999996,84.34375,-42.17175,67.1605,17.18325,-6.75175,10.443503675315634,-23.62768065154062,41.06211529729681,-11.131478266176117,-23.450363243090614,31.74312905900871,2.0945064448219228e-18,-0.5595090221841739,0.8282254181004894,-0.031500966759436644
97.9363181591034,0,0,0,0,0,0,0,0,0,1,-24.988500000000002,24.988749999999996,84.34375,-42.17175,67.1605,17.18325,-6.78625,0,0,0,0,0,0,0,0,0,1
97.98992252349854,-22.213336408942318,24.552390853739094,38.952997564951744,-35.13832990766687,10.188932075944606,24.95711515523658,-7.770483812953314e-18,-0.3526170386035762,0.8929809354135924,-0.27972535293446277,-24.988500000000002,24.988749999999996,84.34375,-42.17175,67.1605,17.18325,-6.82275,10.441679275063155,-22.983999997177417,41.0785867443059,-11.39047230308401,-22.799602960130606,31.45445425413655,-6.276655220410225e-18,-0.5582323525370274,0.8291311606550679,-0.03030113878645345
98.04156804084778,0,0,0,0,0,0,0,0,0,1,-24.988500000000002,24.988749999999996,84.34375,-42.17175,67.1605,17.18325,-6.84875,0,0,0,0,0,0,0,0,0,1
98.11884784698486,-22.684149621623714,24.959234519649332,38.97025803354102,-35.5962811868788,10.620255120597648,24.748210734461452,7.766436046880954e-18,-0.3505664085757315,0.8934463455337315,-0.28081456662846627,-24.988500000000002,24.988749999999996,84.34375,-42.17175,67.1605,17.18325,-6.88675,10.439955898302662,-22.375962216322684,41.094146109060745,-11.62542353459449,-22.188808120938496,31.336439071943744,4.1794824410882374e-18,-0.5567588704541884,0.830114015516776,-0.03050051496598202
98.24326682090759,-22.800468600000002,25.059749200000002,38.9745224,-35.965211357264366,11.012527731213382,24.4057012771614,1.5517327538998985e-17,-0.34835865777321023,0.8943413595502223,-0.28071298180224463,-24.988500000000002,24.988749999999996,84.34375,-42.17175,67.1605,17.18325,-6.94875,10.4396812,-22.2790438,41.0966262,-11.948639016304583,-21.539893749133334,31.239785616508385,2.0872041820853193e-18,-0.5551956362350647,0.8311230357174018,-0.03150087308999897
98.32268738746643,-22.8349498477145,25.093744211768996,38.97511089475962,-36.33629814855283,11.657695279085146,24.04771604212459,-3.1013356878803385e-17,-0.3471783284966061,0.8949555420296648,-0.28021739063215123,-24.988500000000002,24.988749999999996,84.34375,-42.17175,67.1605,17.18325,-6.98675,10.4396812,-22.2790438,41.0966262,-12.430547382240292,-20.88080523195803,30.80164562361925,-8.342662562137164e-18,-0.5543490639528595,0.8317361336654221,-0.030201312055663995
98.414883852005,0,0,0,0,0,0,0,0,0,1,-24.988500000000002,24.988749999999996,84.34375,-42.17175,67.1605,17.18325,-7.0352500000000004,0,0,0,0,0,0,0,0,0,1
98.47974991798401,-23.369899774005443,25.6211505629155,38.98424093642426,-36.7813255019355,12.280789453300486,23.798107739377855,3.8761591450440925e-17,-0.3463031220607018,0.89507340182085,-0.28092303751003006,-24.988500000000002,24.988749999999996,84.34375,-42.17175,67.1605,17.18325,-7.0672500000000005,10.4396812,-22.2790438,41.0966262,-12.52460818247485,-20.353043614869435,30.735160727686093,-4.165878394209787e-18,-0.5527011786071095,0.8328248267582287,-0.030400906260146684
98.54245829582214,0,0,0,0,0,0,0,0,0,1,-24.988500000000002,24.988749999999996,84.34375,-42.17175,67.1605,17.18325,-7.0992500000000005,0,0,0,0,0,0,0,0,0,1
98.70561218261719,-24.22584145072922,26.465022212071673,38.99884937505921,-37.629009184165,13.138154448352338,23.517113717837162,-1.550376344736229e-17,-0.3417328105146519,0.8951238100949953,-0.2863076157191344,-24.988500000000002,24.988749999999996,84.34375,-42.17175,67.1605,17.18325,-7.18075,10.498845414778529,-21.51909738582557,41.13340744274792,-13.166464402626985,-19.158228253735864,30.42157366569009,0.0,-0.5472749745678371,0.8363446559488126,-0.03190170336573851
98.79036259651184,0,0,0,0,0,0,0,0,0,1,-24.988500000000002,24.988749999999996,84.34375,-42.17175,67.1605,17.18325,-7.22325,0,0,0,0,0,0,0,0,0,1
98.86127662658691,-24.55373829843103,26.788295235395353,39.00444562198643,-38.18015044094281,13.240054874942942,23.230130063009824,7.747094923754494e-18,-0.3372038900568334,0.8956768920735536,-0.28992488947311656,-24.988500000000002,24.988749999999996,84.34375,-42.17175,67.1605,17.18325,-7.25725,10.540690331979675,-20.981612101900556,41.15942161471155,-13.476355010899624,-18.587802986126405,30.33278839113892,0.0,-0.5454044549160052,0.8375270149236151,-0.032901061242969466
98.94764161109924,0,0,0,0,0,0,0,0,0,1,-24.988500000000002,24.988749999999996,84.34375,-42.17175,67.1605,17.18325,-7.29275,0,0,0,0,0,0,0,0,0,1
99.0000638961792,-24.971982232069156,27.200641318810412,39.011583831288696,-38.63389157878771,13.62028239324107,23.0127685803225,-7.747401380948695e-18,-0.33505551562845826,0.8956414625645142,-0.2925135415365347,-24.988500000000002,24.988749999999996,84.34375,-42.17175,67.1605,17.18325,-7.32725,10.589497244630735,-20.354702095658766,41.18976392397256,-13.572205657415395,-17.939376085017635,30.151252699108454,2.0688213992358033e-18,-0.5439309479691424,0.8385080880435557,-0.03230031156089069
99.13158631324768,-25.391972107084783,27.614708723279964,39.0187518387398,-38.933426102801775,14.160234773695748,22.80581328136887,-7.743333666634788e-18,-0.333715913714088,0.8961119593497816,-0.2926039050393328,-24.988500000000002,24.988749999999996,84.34375,-42.17175,67.1605,17.18325,-7.39325,10.636714271967314,-19.748213684602693,41.219117832425546,-14.10116722797045,-17.279488456311924,30.004120192988665,2.066356467437534e-18,-0.5423315358834336,0.8395083342652968,-0.033200329598103456
99.20074129104614,0,0,0,0,0,0,0,0,0,1,-24.988500000000002,24.988749999999996,84.34375,-42.17175,67.1605,17.18325,-7.4197500000000005,0,0,0,0,0,0,0,0,0,1
99.295490026474,-25.754574,27.972197400000006,39.024940400000006,-39.428410867971934,14.676104103075374,22.587939654569112,-1.5482740995159825e-17,-0.33115159643862757,0.8963392084226491,-0.2948128959533603,-24.988500000000002,24.988749999999996,84.34375,-42.17175,67.1605,17.18325,-7.47525,10.648768052874912,-19.593386520712112,41.22661143380692,-14.018116279246982,-17.12418506626848,29.887572361789864,-4.130179201204828e-18,-0.5415878786241486,0.8400233459462317,-0.03230089770721821
99.3636646270752,-25.816747105174343,28.040130381200946,39.024893231198625,-39.82135618893025,15.211246968278687,22.186173443248407,7.734271041382493e-18,-0.32998108216011807,0.8971619777455985,-0.29362028387705685,-24.988500000000002,24.988749999999996,84.34375,-42.17175,67.1605,17.18325,-7.50875,2.5878198674522923,1.9884058835724372,40.198881126900766,-14.24661502981391,-16.6295806619329,29.717999945987003,2.0626152260822804e-18,-0.5400156605722471,0.8410310629150792,-0.032401196716347884
99.44362568855286,0,0,0,0,0,0,0,0,0,1,-24.988500000000002,24.988749999999996,84.34375,-42.17175,67.1605,17.18325,-7.53975,0,0,0,0,0,0,0,0,0,1
99.54145288467407,-26.24485491633066,28.507899198693757,39.02456843911597,-40.12755314966304,15.790443900831193,21.975284053852675,1.546497145096604e-17,-0.3287899482067171,0.8973691190970524,-0.2943226699545999,-24.988500000000002,24.988749999999996,84.34375,-42.17175,67.1605,17.18325,-7.59825,2.1260771524635165,2.4530121206020103,40.115218791637794,-14.541337199960083,-16.01279097037672,29.55765868861893,-4.119879216617029e-18,-0.5382863304574929,0.842123462736486,-0.03280091387929788
99.60515093803406,-26.458854969122427,28.741724765593432,39.024406083931076,-40.472918490050574,15.90396408422697,21.862430389220975,-7.737669882885717e-18,-0.3260873995988343,0.8967678912297316,-0.2991226455523729,-24.988500000000002,24.988749999999996,84.34375,-42.17175,67.1605,17.18325,-7.63025,1.7275435707644295,2.854017229535092,40.04300920598906,-14.766991398449534,-15.455348637086438,29.400057204615976,-4.115490045613208e-18,-0.5368786713591113,0.8430215875875524,-0.032800839944094565
99.70647668838501,-26.884964151986217,29.207309796739345,39.02408280814555,-40.864560631009624,16.400901870413747,21.585718860576407,-7.733298412770031e-18,-0.3245956494937431,0.8972748151615356,-0.2992249495054966,-25.568749999999998,24.967999999999996,83.73174999999999,-42.16625,67.13425,16.5975,-7.68075,1.2748842223547232,3.3094837690039487,39.96099266964264,-15.073672852743641,-14.874003296644162,29.21141977265161,0.0,-0.535335825553506,0.8440099341008213,-0.032600383710529354
99.78893303871155,0,0,0,0,0,0,0,0,0,1,-25.62925,25.621750000000006,82.1165,-41.062,66.68375,15.43275,-7.72225,0,0,0,0,0,0,0,0,0,1
99.85864734649658,-27.3244455119907,29.687505837835094,39.02374938730509,-41.3029532024982,16.881846681711593,21.2286417796131,-7.723195263606919e-18,-0.3223614526464254,0.8984485911685465,-0.2981161231381832,-25.94075,25.49275,78.5265,-39.48725,64.98,13.5465,-7.75725,0.8080746620342034,3.779188273676466,39.876412281751854,-15.37614633839138,-14.263441685442835,29.002077207922525,-4.105327342785973e-18,-0.5336302331954597,0.8451084803384195,-0.03210032211438085
99.97820329666138,-27.70070639452401,30.098624494175475,39.0234639298748,-41.656290677765696,17.313751887563527,20.950055129305525,-7.714820035830358e-18,-0.3210300835694784,0.8994239491887752,-0.2966078978534476,-24.098750000000003,24.911499999999997,74.37325,-36.78025,61.69175,12.6815,-7.81675,0.36216175740444134,4.227866530934942,39.79561812146689,-15.664902693875888,-13.680382223739535,28.800182603523254,-2.050167058106149e-18,-0.5320326955155067,0.846137620404098,-0.03150140059417218
100.03767704963684,0,0,0,0,0,0,0,0,0,1,-23.957500000000003,24.190999999999995,73.1815,-36.474000000000004,60.665,12.5165,-7.84725,0,0,0,0,0,0,0,0,0,1
100.18871903419495,-28.303144010102322,30.75687347657809,39.02300687919099,-41.91063077089382,18.29023420814289,20.445780011315833,-1.5372696830154948e-17,-0.32747149252745916,0.9027555777065682,-0.2789171713995368,-23.86,23.755000000000003,65.56700000000001,-32.836,56.591,8.976,-7.9117500000000005,-0.12175340599999984,4.7147827200000005,39.7079384,-15.965045948552813,-13.027427289399427,28.501411988514207,1.0243850736600844e-18,-0.5312510198430389,0.8467145415242698,-0.029100499773658032
100.23361349105835,-28.365199,30.824677400000002,39.022959799999995,-42.07629104771323,19.54311235585442,20.006629672967904,-7.665923574467884e-18,-0.3452841740515334,0.9051608506792189,-0.24791666653781716,-22.411500000000004,24.35375,64.08425,-31.071,55.42475,8.6595,-7.94425,-0.29302357567643833,4.888205743835696,39.68311962580988,-16.17701501714501,-12.439768322198901,28.215359454477266,-3.0727809537059712e-18,-0.5312620000716051,0.8468176720592233,-0.025700536339067125
100.33156418800354,-28.72332626559463,31.279989769530776,39.0165903635513,-41.67461457865684,20.821052903077316,19.56842427367428,2.3015611957257926e-17,-0.37329216476481786,0.904459188414375,-0.20641350783804402,-22.05325,23.570999999999998,60.11925,-29.30075,52.87175,7.2475000000000005,-7.99325,-0.6737268903873141,5.273694472819628,39.62795187757274,-16.254183706224495,-11.790558201253297,27.90832328024439,-2.050917656559009e-18,-0.5330992447623063,0.8458279494688702,-0.019500644377681446
100.41350555419922,0,0,0,0,0,0,0,0,0,1,-20.88875,22.991749999999996,57.6485,-27.772750000000002,50.7645,6.884,-8.03475,0,0,0,0,0,0,0,0,0,1
100.47888970375061,-29.083292728952152,31.737640440475346,39.01018821623586,-41.07757676960131,22.01469485366755,18.3651517574298,-1.93403807000395e-17,-0.41858339663003585,0.8969438104045511,-0.14240695573821843,-20.25625,22.983249999999998,56.0695,-26.67125,49.6545,6.415,-8.06725,-1.0396903020356592,5.644258019181399,39.57492008988486,-16.26758561651772,-11.114760747557455,27.55516865351737,0.0,-0.5342621086502161,0.8452173579688269,-0.013100269036194552
100.54555034637451,0,0,0,0,0,0,0,0,0,1,-19.3565,22.6195,54.318,-25.5275,48.147,6.171,-8.10125,0,0,0,0,0,0,0,0,0,1
100.60191941261292,-30.160373291254256,33.10700867939746,38.9910319082672,-41.864843864410716,23.600473024953402,17.52080697423773,2.726787931711612e-17,-0.4379037235025215,0.8906497047766686,-0.1224068311976917,-19.302000000000003,22.117499999999996,51.806,-24.495250000000002,46.61275,5.19325,-8.12875,-1.561996295722989,6.173129362999688,39.4992326859431,-16.66683152649341,-10.471376782673694,27.430429817952188,2.0485468381396672e-18,-0.5317240652406836,0.846806840673533,-0.01370011067220997
100.69136071205139,-29.776185222356357,32.618563378521216,38.99786484651089,-42.21057104343498,22.53864109405633,17.579846522096062,-3.902102520761406e-18,-0.44454834582487396,0.889122449626626,-0.10880274718184337,-19.3465,21.9315,48.909,-23.162,45.0935,3.8155,-8.16325,-2.0555697055080544,6.672906956327994,39.42770892306689,-17.178408382928524,-9.972833639865904,27.47451898577475,1.0207630010977644e-18,-0.52696485890993,0.8497190210221299,-0.016900378316198648
100.7934181690216,0,0,0,0,0,0,0,0,0,1,-18.27625,21.176250000000003,46.43600000000001,-21.768,42.944250000000004,3.49175,-8.22525,0,0,0,0,0,0,0,0,0,1
100.8535475730896,-30.58901385515468,33.65196956223462,38.9834083646463,-42.5854014457733,23.915852743895357,17.515114450982935,0.0,-0.45950129757195,0.8835436527852868,-0.09060447644861007,-17.94075,19.75525,43.9865,-21.086000000000002,40.84125,3.14525,-8.25475,-2.5253762309969128,7.148618917272167,39.359629221323246,-17.647896862017376,-9.50337497792335,27.360549109360164,1.017408188084483e-18,-0.5223691691057928,0.8525208939210741,-0.018400450965569224
100.91040325164795,0,0,0,0,0,0,0,0,0,1,-17.94075,19.053749999999997,43.285,-21.086000000000002,40.13975,3.14525,-8.28325,0,0,0,0,0,0,0,0,0,1
100.98607230186462,-30.7672592,33.878585400000006,38.980238199999995,-43.527996605876666,24.28839924386058,17.337284561725426,7.898325047259325e-18,-0.4717674162463642,0.8785272652604978,-0.07500232771148249,-18.016000000000002,17.93525,42.09125,-21.086000000000002,39.02125,3.0700000000000003,-8.32025,-3.100727623802715,7.731202437198391,39.27625500428943,-18.212918585966776,-8.923861474498374,27.184439624058115,-2.029103411299608e-18,-0.518368355190235,0.854921176671693,-0.020100497895778488
101.05498814582825,0,0,0,0,0,0,0,0,0,1,-18.023500000000002,17.90475,40.006750000000004,-20.06275,37.9675,2.03925,-8.34675,0,0,0,0,0,0,0,0,0,1
101.1944375038147,-30.78561553369788,33.9061404160098,38.97995290180985,-44.075152886107134,24.824440841135186,16.900616024965927,1.9822821269843094e-18,-0.4798369597446838,0.8751143201880557,-0.06270102602650109,-19.32125,21.706750000000003,35.86,-16.73725,38.444,-2.584,-8.42525,-4.331850772895328,8.926916004541892,39.144451829533,-19.270593252873795,-7.825794509078342,27.11830915879213,-2.0205793951685604e-18,-0.512186205367758,0.8585277471030004,-0.024400788618885505
101.28749561309814,0,0,0,0,0,0,0,0,0,1,-19.431,30.603,26.854000000000003,-7.841,38.444,-11.59,-8.47175,0,0,0,0,0,0,0,0,0,1
101.35811305046082,-31.144475425033217,34.44483132312496,38.97437542216719,-44.4684003996762,25.335773186167245,16.46519022647007,-3.970740321830685e-18,-0.4833398355183101,0.8737531721424805,-0.05420329853510639,-19.435499999999998,36.945,20.507500000000004,-1.499,38.444,-17.9365,-8.50675,-4.85767821753821,9.433532047118192,39.09190038924873,-19.737147115770284,-7.266321483654565,26.98223040644791,1.0089839202026375e-18,-0.5103192138212115,0.8596388115027725,-0.02440110167597447
101.4287679195404,0,0,0,0,0,0,0,0,0,1,-18.555500000000002,39.895250000000004,18.437250000000002,1.45125,38.444,-20.00675,-8.54275,0,0,0,0,0,0,0,0,0,1
101.5736894607544,-31.396905986408736,34.82375928742035,38.970452090663024,-44.68841863093948,25.7327699586138,16.12097293960207,-3.968962751174893e-18,-0.4829167272037052,0.8741444980622673,-0.05160262681616863,-20.2185,44.56725,15.977750000000004,4.1855,40.381750000000004,-24.404,-8.60425,-5.259228416224213,9.82041138296608,39.05176927494047,-19.986115497334083,-6.73214681224961,26.835355747602677,-1.008054405750546e-18,-0.5089959002180866,0.8604314737780551,-0.024100881587693076
101.67242407798767,-31.656053870899207,35.2127707438238,38.96642435704028,-44.91621858672866,26.14154824359042,16.009136032125042,3.966674401557736e-18,-0.48192728188398415,0.8746487865480318,-0.05230291737532821,-19.822000000000003,65.901,16.671999999999997,14.7035,51.1975,-34.5255,-8.66375,-5.712896026579537,10.257503991472575,39.00642952218054,-20.285530129687913,-6.142424983562734,26.717971580430714,-1.007465058950314e-18,-0.5081054956469396,0.8609348088876797,-0.024901006785112353
101.73781180381775,-31.77517014889491,35.39157828792387,38.96457302555501,-45.2542242868613,26.16970694605277,15.540671269145491,7.903672316225371e-18,-0.47568293345152607,0.8779328932529809,-0.05440203826513515,-18.768250000000002,70.697,18.098750000000003,16.915,53.782000000000004,-35.68325,-8.696250000000001,-6.1414102778967115,10.670362233090778,38.96360360786497,-20.53822415905745,-5.5593031936926565,26.55730202606631,-2.012569455941585e-18,-0.5064339641830984,0.8619446503351671,-0.024001243309019617
101.78769063949585,0,0,0,0,0,0,0,0,0,1,-19.75425,73.17750000000001,16.849250000000005,18.287,54.8905,-38.04125,-8.72225,0,0,0,0,0,0,0,0,0,1
101.85726714134216,-32.30855494535565,36.19225160579647,38.956283041313824,-48.857724854149154,24.91224369735866,14.284856856208705,1.1458678050830237e-17,-0.39946401154066236,0.9083369660697211,-0.12390504249261085,-19.205750000000002,77.631,18.388749999999995,20.018250000000002,57.61275,-39.224000000000004,-8.75625,-6.926964530467176,11.413572794875506,38.897191473064225,-21.463588088208724,-5.300442653925927,25.927942971489813,3.961837489760031e-18,-0.48224338550721374,0.8757166241474886,-0.02370044991697554
101.93671107292175,0,0,0,0,0,0,0,0,0,1,-20.233500000000003,81.924,16.118000000000002,22.78625,59.137750000000004,-43.01975,-8.78725,0,0,0,0,0,0,0,0,0,1
102.05953431129456,-31.877187857920163,35.54471886881221,38.96298744380287,-48.89479134107131,23.947259782716046,13.770529995128896,-1.904283463703556e-17,-0.3921981789786036,0.9109586408963617,-0.1278082273647547,-20.703250000000004,99.75925000000001,18.490499999999997,30.28275,69.4765,-50.986000000000004,-8.84725,-7.557731823236493,11.988566253977442,38.86317077627423,-22.16852632939117,-4.843418944995406,25.275262800507136,0.0,-0.4733876882722002,0.8805352699310215,-0.023700949343969577
102.10611605644226,-31.9342475084233,35.63037211575166,38.962100610119904,-49.7983949050066,23.463257585779644,13.217861493580045,7.561488331247551e-18,-0.35939041171582226,0.9176624494985365,-0.16951153573452693,-20.89775,103.546,19.072750000000006,31.78775,71.75825,-52.6855,-8.88025,-7.440233247549293,11.881457161213113,38.86950811091814,-21.804910388199914,-4.667886081911405,25.49542560683267,5.925250126454917e-18,-0.4775099733413408,0.878303922512058,-0.023800106291457335
102.17647004127502,0,0,0,0,0,0,0,0,0,1,-20.941500000000005,108.16975000000001,19.826750000000004,33.70075,74.46900000000001,-54.642250000000004,-8.91675,0,0,0,0,0,0,0,0,0,1
102.24570775032043,-32.11328450069388,35.899127700039806,38.95931797766701,-48.97891771303475,24.41246456690429,14.689990305478716,-7.681124868768434e-18,-0.3029804103587861,0.9033694963247991,-0.30352335008809533,-20.7395,110.23500000000001,20.442000000000007,34.52675,75.70825,-55.26625,-8.95025,-7.558991791339961,11.989714812925373,38.86310281936951,-21.29067346242317,-3.8909650038793586,25.054116165876366,-3.967234075767652e-18,-0.48456713482995484,0.8745253962062431,-0.02000058081660933
102.32731294631958,-31.632882004050977,35.17798704613729,38.96678449930959,-48.12585522866465,23.937609491455873,14.507241693770624,3.124725607898774e-17,-0.28716191840329636,0.8882564134741157,-0.3585227699059565,-20.929499999999997,112.00275,20.843750000000007,35.11475,76.888,-56.04425,-8.99075,-7.5227727960905035,11.956698381029785,38.865056305971535,-20.557517466290165,-3.1955569517675144,24.44568381434317,2.987681044268932e-18,-0.49120451140488447,0.870938087235455,-0.013600594771388435
102.41338539123535,0,0,0,0,0,0,0,0,0,1,-20.623999999999995,114.44325,20.291249999999998,36.764,77.67925,-57.388,-9.03275,0,0,0,0,0,0,0,0,0,1
102.4738028049469,-31.992654225997093,35.7180474688104,38.961192840023195,-48.4688105560906,24.481655811495983,13.804607190603463,-1.5535053914687812e-17,-0.2887229300112,0.8933208654456952,-0.34440804439661643,-20.652249999999995,115.03475,20.652,36.86525,78.1695,-57.5175,-9.03425,-7.792341847532435,12.202431543056798,38.85051698684671,-19.984095023157153,-2.0480997671665904,24.041791859460318,6.2057485266592435e-19,-0.48672480034078347,0.8735466542254217,-0.0039002083016361107
102.55178737640381,0,0,0,0,0,0,0,0,0,1,-20.652249999999995,115.03475,20.652,36.86525,78.1695,-57.5175,-9.03425,0,0,0,0,0,0,0,0,0,1
102.66459894180298,-32.11446644631361,35.90090193943915,38.9592996076073,-48.73005995983425,24.573026218931062,13.93839881100152,1.559936093498806e-17,-0.2832411647490978,0.8896382272101764,-0.358215392296184,-20.097250000000003,116.1445,20.097249999999995,37.975,78.1695,-58.072250000000004,-9.03425,-7.6356080276094005,12.059556472790966,38.85897049073866,-19.57578651734167,-1.8977497458669177,24.341756916048467,0.0,-0.4829361637887045,0.875651991925328,-0.0025001484465661484
102.73495721817017,-32.33468915387651,36.23148212677349,38.95587685767636,-48.847250469472016,24.971249448959412,13.838977266472114,-7.787894372174394e-18,-0.2833910194684562,0.8909845938203034,-0.3547336799057825,-20.097250000000003,116.1445,20.097249999999995,37.975,78.1695,-58.072250000000004,-9.03425,-7.67752302740789,12.097765255964516,38.85670978775764,-19.594228109978474,-1.8395966758299664,24.241367035551008,1.8581324157125486e-19,-0.4836930877220219,0.8752353949460642,-0.002000080884246033
102.86046290397644,-32.41795600607604,36.3564754660321,38.95458270587989,-48.80749942273755,25.181309642887754,14.13863468622057,7.792744529817217e-18,-0.2840324454094545,0.8904300503317005,-0.35561200123310044,-20.417750000000005,117.95224999999999,20.302999999999997,38.61575,79.3365,-59.033500000000004,-9.03425,-7.689975134301866,12.109116320133744,38.85603817818325,-19.606551996027463,-1.823123170821944,24.32489395016779,3.7163622253180337e-19,-0.48373277072361665,0.8752124578432786,-0.0024000341622759007
102.91036081314087,0,0,0,0,0,0,0,0,0,1,-20.73225,119.25025,20.3035,39.10725,80.143,-59.8395,-9.03425,0,0,0,0,0,0,0,0,0,1
102.97755146026611,-32.388989310660065,36.31299304905958,38.9550329126539,-48.89212591652574,25.06299382539524,14.220119187079291,-2.3393205336580856e-17,-0.2831647575071889,0.8898601714562749,-0.35772418895247193,-21.008500000000005,121.28625,20.48324999999999,39.89725,81.389,-60.905750000000005,-9.03425,-7.719499868790944,12.136030412553481,38.854445749324974,-19.669047595080343,-1.8301967991804133,24.360168074974325,1.2391665281984674e-19,-0.48421787545037837,0.874944688880312,-0.0022001123734560362
103.06132864952087,-32.43024975619775,36.37492983099407,38.95439163370189,-48.99780036294936,25.07924123597266,13.951104442088223,-7.793396347037801e-18,-0.28185943076895126,0.8903555773272894,-0.35752231707795795,-21.59525,123.18924999999999,20.013999999999996,40.79,82.39925,-62.38525,-9.03425,-7.818208191022983,12.226010727469882,38.84912187483148,-19.864709964732242,-1.850913935900195,24.281510352223535,-7.74940480529278e-21,-0.48516296506899426,0.8744237458606203,0.00010000271567481932
103.11532378196716,0,0,0,0,0,0,0,0,0,1,-21.423750000000005,127.12075,20.625999999999998,42.5355,84.58525,-63.959250000000004,-9.03425,0,0,0,0,0,0,0,0,0,1
103.2292902469635,-32.3478719305415,36.25127102514699,38.95567196805158,-48.861300201270325,24.992950671171087,14.079251405719162,-3.120468909147541e-17,-0.2796721841265373,0.8894681031515632,-0.36142767312679885,-21.958000000000006,131.60525,20.96275,44.34225,87.263,-66.30025,-9.03425,-7.841818911443967,12.247533735974566,38.84784842078648,-19.973863757479137,-1.9271159017350783,24.214587187834326,-1.7388632449588613e-18,-0.487845382192042,0.8729168586892619,0.004800092704443186
103.32984852790833,-32.14821456757939,35.95156183901847,38.95877508685732,-48.6844928176437,24.67699372106864,13.983280812425818,7.79835861038745e-18,-0.2758927274283205,0.8897890249192425,-0.36353637243806286,-21.659750000000003,136.216,21.24525,46.6555,89.5605,-68.31525,-9.03425,-7.743796512780274,12.158178693753442,38.85313529970647,-19.969316669035777,-2.133034095031519,23.98290416805034,0.0,-0.4916501050551368,0.870718214327634,0.011400238478620681
103.40739464759827,0,0,0,0,0,0,0,0,0,1,-22.615750000000006,140.76225,19.629499999999993,49.2585,91.50375,-71.87425,-9.03425,0,0,0,0,0,0,0,0,0,1
103.47971987724304,-32.13399074620944,35.93021021009191,38.9589961566287,-48.55695926007124,24.730168386569147,13.891043907437506,-3.120957114867405e-17,-0.27382990297039694,0.8893289652526392,-0.3662119274435134,-21.430249999999994,147.1715,22.03425,51.853500000000004,95.318,-73.28375,-9.03425,-7.669900685683408,12.090816898488061,38.85712090193494,-20.03725666200276,-2.367470885653603,23.79284220826233,-1.9975148895195656e-18,-0.49551483312708905,0.8684408236846917,0.016600780369836338
103.57028126716614,-32.244027306858946,36.095388030470616,38.957285944114595,-48.54200787736093,24.9811249256896,14.132285014274089,-7.827137523984353e-18,-0.272817976301377,0.886517437906857,-0.3737073508694781,-23.071999999999996,149.55775,20.415750000000003,53.035000000000004,96.52275,-76.107,-9.03425,-7.834273353064123,12.240655372490256,38.84825539362209,-20.354701075781946,-2.3914152062575056,23.684880577711397,-1.0020154314051031e-18,-0.500349610158952,0.8656171460075441,0.018900374375626833
103.663498878479,0,0,0,0,0,0,0,0,0,1,-23.313500000000005,154.76825,22.014749999999992,54.72,100.04825,-78.0335,-9.03425,0,0,0,0,0,0,0,0,0,1
103.73170161247253,-32.26782937349538,36.1311177321653,38.956916007141075,-48.71986503986349,24.912352461998665,13.950798987306655,-7.855961123506548e-18,-0.2688658412253416,0.8832647966070912,-0.38412817977443814,-22.793999999999997,156.38299999999998,20.9195,56.33475,100.04825,-79.12875,-9.03425,-7.855797475887954,12.2602762849543,38.847094481088014,-20.567557167720707,-2.5979939735960897,23.40808191982191,4.021874017800133e-18,-0.5053322198571897,0.8626443634480916,0.022001131458217037
103.78528666496277,0,0,0,0,0,0,0,0,0,1,-23.2155,157.04125,19.839749999999995,56.993,100.04825,-80.2085,-9.03425,0,0,0,0,0,0,0,0,0,1
103.866690158844,-32.229674931435916,36.073843426789445,38.957509011901436,-48.88055019822096,24.726204033355685,14.29782786564013,-2.393919584773328e-17,-0.2588638302848179,0.869564785890364,-0.4205313311867718,-22.981249999999996,158.77975,18.335499999999996,58.731500000000004,100.04825,-81.71275,-9.03425,-7.742604559744755,12.157092135831311,38.85319958819016,-20.50532958829197,-2.7527614459310144,23.48729528905656,2.0172311154238318e-18,-0.5099617043076078,0.8599527653093593,0.020501257923993328
103.9387857913971,0,0,0,0,0,0,0,0,0,1,-23.2935,159.424,17.37899999999999,59.375750000000004,100.04825,-82.66925,-9.03425,0,0,0,0,0,0,0,0,0,1
104.07707452774048,-32.09555399486541,35.87251212527382,38.95959354910227,-48.79209829186692,24.50239539452106,15.067364059360301,4.072227626931547e-17,-0.2501749375755216,0.85197765689927,-0.45994192323978667,-21.650250000000007,163.44225,15.00399999999999,63.394,100.04825,-85.04425,-9.03425,-7.7242997568922185,12.140405883974228,38.85418686536001,-20.41973251613956,-2.6784516347413216,23.77858757045084,-1.0107717727553603e-18,-0.5131571296785687,0.8581182828483416,0.01740037072784191
104.16333413124084,-31.874810070122063,35.54114952964444,38.96302439990567,-48.57741108101939,24.168740299384865,15.239072180857818,-6.583608251514478e-17,-0.2481696757637308,0.8431721498387783,-0.47694081159780977,-23.344250000000002,170.0675,6.684749999999994,70.01925,100.04825,-93.3635,-9.03425,-7.517958499382093,11.952309775042687,38.86531596707073,-20.1890022895993,-2.8365919620088533,23.843819460293105,4.0443888846023775e-18,-0.5135317870302278,0.8578420747723697,0.019800971182668364
104.22473931312561,-31.918908561178302,35.60734655172206,38.96233901142377,-48.93497172491308,24.027256247565106,15.348308846034826,3.50351146418187e-17,-0.2601235293401495,0.7922216296246747,-0.5520150713870493,-27.50775,170.13975,2.448999999999998,70.0915,100.04825,-97.59925,-9.03425,-7.409331990134089,11.853288261056989,38.87117478311406,-20.093469044738782,-2.9466468034912907,23.905959069180625,-4.045853606622009e-18,-0.5138989291264631,0.8575315098586446,0.023400859860865642
104.29188513755798,0,0,0,0,0,0,0,0,0,1,-28.19175,170.0645,1.8402499999999975,70.01625,100.04825,-98.208,-9.03425,0,0,0,0,0,0,0,0,0,1
104.36071014404297,-31.721713443850675,35.31133348590793,38.96540386146437,-48.815118382669425,23.677227267961854,15.110580240707407,5.331818726964543e-17,-0.25915198472501655,0.780847315999163,-0.5684344446899643,-28.79525000000001,169.01,2.291249999999991,68.96175,100.04825,-97.757,-9.03425,-7.322868097526779,11.77446969632225,38.875838249193215,-19.992456651498514,-3.0079716698228935,23.93654921761575,2.0236645102092755e-18,-0.5142594939189744,0.8572189052213068,0.02670058885838648
104.47805714607239,-31.37242979331856,34.78701764262575,38.97083250505869,-48.66485605423739,23.02384498757037,15.455562600147175,3.578714299655635e-17,-0.2583814972458059,0.7755739433656307,-0.5759549116496023,-27.548500000000004,161.79825,10.749749999999992,61.75,100.04825,-89.2985,-9.0855,-7.230821034266653,11.690561637184073,38.88080284590817,-19.85041710487016,-3.040948838652895,23.875415973553544,1.0123000000596878e-18,-0.5147720405602243,0.8568228172846604,0.029400782946042255
104.5688054561615,0,0,0,0,0,0,0,0,0,1,-25.509,158.95075,15.636749999999992,58.9025,100.04825,-84.4115,-9.1225,0,0,0,0,0,0,0,0,0,1
104.6225996017456,-31.38238341103463,34.80195919359316,38.97067780373507,-48.57480847591847,23.105995562278963,15.512507456929399,5.373865528929932e-17,-0.2589417303608971,0.7747377227679456,-0.5768280863463935,-24.7395,158.76425,16.592749999999995,58.716,100.04825,-83.4555,-9.1565,-7.534090099614133,11.967014983642752,38.86444590248982,-19.750031405536816,-2.3061741675969785,24.1212388653762,1.0083013142200687e-18,-0.5091633734523079,0.8602207750361971,0.027800671408981965
104.69169974327087,0,0,0,0,0,0,0,0,0,1,-24.143000000000008,156.7205,19.23299999999999,56.67225,100.04825,-80.81525,-9.183,0,0,0,0,0,0,0,0,0,1
104.75042247772217,-31.681729744167512,35.25131324967591,38.966025296950484,-48.49655584404107,23.809839841314755,15.792292653951733,7.102419287234612e-17,-0.26038929592779014,0.7815808809123627,-0.5668586606540335,-23.730250000000005,156.38675,19.979499999999987,56.3385,100.04825,-80.06875000000001,-9.221,-7.389399199078024,11.835117971299947,38.87224986650609,-19.062286895705853,-1.8427039404360812,24.122923422532523,0.0,-0.5002101682361667,0.8653380907707348,0.0313013778355761
104.86974859237671,-31.688707194761992,35.261787223727744,38.9659168518732,-48.67998280051728,23.705763574537144,16.081468521429457,-1.7679488982961276e-17,-0.2584712895646658,0.7849654376995435,-0.5630469377307211,-23.730250000000005,156.38675,19.979499999999987,56.3385,100.04825,-80.06875000000001,-9.281,-7.181261968390073,11.645384693095666,38.88347583477857,-18.305232458177073,-1.4193539721906205,24.31873808746988,-3.9837108220937165e-18,-0.4903227652255279,0.870908333183225,0.03320031767330701
104.94801878929138,-31.569611521542626,35.08301060982057,38.967767863114496,-48.61984291453928,23.4872272718233,16.03646764909672,-1.7576074282790648e-17,-0.2562900938464883,0.789584043884173,-0.5575593470113065,-23.730250000000005,156.38675,19.979499999999987,56.3385,100.04825,-80.06875000000001,-9.3195,-7.286290884500044,11.741126721054439,38.877811056420335,-17.95174150880638,-0.7925621370317231,24.78722089835111,-3.961272097183603e-18,-0.48170830743097226,0.8758416152276771,0.029301392242716297
104.99249649047852,0,0,0,0,0,0,0,0,0,1,-23.487750000000005,156.2015,20.40724999999999,56.15325,100.04825,-79.641,-9.3435,0,0,0,0,0,0,0,0,0,1
105.05782747268677,0,0,0,0,0,0,0,0,0,1,-23.476,156.26999999999998,20.350499999999997,56.22175,100.04825,-79.69775,-9.376,0,0,0,0,0,0,0,0,0,1
105.1649181842804,-31.665946520244482,35.227620774095364,38.96627060330054,-48.6359868579502,23.68609505499785,16.115783334218804,-3.487447960906594e-17,-0.2560750870050655,0.7958706746813675,-0.5486487209477234,-23.798750000000005,154.80225,21.495499999999993,54.754,100.04825,-78.55275,-9.4285,-7.138750679453821,11.606632345983597,38.88576869886273,-17.238775250680277,-0.2964082866595277,24.970552487376153,-3.934345058049212e-18,-0.4706881266978662,0.8818359601823762,0.02860116632027213
105.2969274520874,-31.584468410943916,35.105312548325614,38.967536954060044,-48.64000876168379,23.51089886854055,16.51010569034534,-6.956705207032119e-17,-0.2547544995967837,0.7979517541600717,-0.5462354281516871,-23.964750000000002,154.63625,21.495499999999993,54.588,100.04825,-78.55275,-9.4945,-7.246274346621889,11.704648533615734,38.87996936506656,-16.837111808883094,0.3570474765367635,24.911713341654917,4.893982359835496e-18,-0.46262036405043466,0.886151271311038,0.026801550695334412
105.35865950584412,-31.59921067018255,35.12744241347337,38.96730782661288,-48.70201986717535,23.50167683229236,16.523127857720482,3.4622459122725614e-17,-0.2539667288039289,0.8016639002228064,-0.5411431342447114,-23.964750000000002,154.63625,21.495499999999993,54.588,100.04825,-78.55275,-9.526,-7.300933641706814,11.75447473340959,38.877021293208436,-16.708584363563034,0.6297445407819566,25.279159945873204,9.749708056702835e-19,-0.45606446589403526,0.8896284206090668,0.02380076035352494
105.4165608882904,0,0,0,0,0,0,0,0,0,1,-23.964750000000002,154.63625,21.495499999999993,54.588,100.04825,-78.55275,-9.5545,0,0,0,0,0,0,0,0,0,1
105.47756481170654,-31.63296774419091,35.17811575217235,38.96678316671741,-48.871339028004314,23.460794561237748,16.402050767857844,1.719930818471435e-17,-0.2530832556598776,0.8068805825659982,-0.5337533055471905,-23.964750000000002,154.63625,21.495499999999993,54.588,100.04825,-78.55275,-9.585,-7.402636060409593,11.847184400190507,38.87153593087408,-16.467243069463905,1.0848432097366754,25.038245892156567,-3.881940969398042e-18,-0.44788757721425154,0.8937402653218625,0.025001126365722902
105.58215808868408,-31.61770392035791,35.15520295722041,38.967020400436624,-48.691453827141686,23.54814982789624,16.460449157370135,3.417493100172626e-17,-0.2529634623376815,0.8121618625719218,-0.5257400457505962,-23.964750000000002,154.63625,21.495499999999993,54.588,100.04825,-78.55275,-9.637500000000001,-7.460297179743831,11.899746996320246,38.868425954374146,-15.886936360471083,1.8693361554959722,25.577333029409772,-1.9333848813891978e-18,-0.4410984219029212,0.897246840334426,0.019501018041151702
105.70331764221191,-31.626492990484344,35.16839638527805,38.9668837987687,-48.62980732355109,23.609289720266418,16.559250079208084,3.407875286388493e-17,-0.2528551827892462,0.8144539715548972,-0.5222346070063449,-23.964750000000002,154.63625,21.495499999999993,54.588,100.04825,-78.55275,-9.6965,-7.303548421286729,11.75685830841844,38.87688026398216,-15.626294096148627,1.851259111423019,25.769006790072098,3.3665319345847844e-18,-0.43189790942069217,0.9017487853813666,0.017700957636963728
105.78449273109436,0,0,0,0,0,0,0,0,0,1,-23.964750000000002,154.63625,21.495499999999993,54.588,100.04825,-78.55275,-9.739,0,0,0,0,0,0,0,0,0,1
105.85164952278137,-31.58717670012642,35.10937800894598,38.96749486123176,-48.66698676475261,23.501452555417842,16.7665875698589,-1.7011328019756094e-17,-0.2527988354909213,0.8157968497049435,-0.5201617525211979,-23.964750000000002,154.63625,21.495499999999993,54.588,100.04825,-78.55275,-9.7715,-7.16333941329659,11.629046889808654,38.88444249525626,-14.95311363922255,2.315985954979652,25.909566504395627,-1.9141968861941558e-18,-0.42237830570081475,0.9062408827891361,0.01800081206158072
105.90904569625854,0,0,0,0,0,0,0,0,0,1,-23.964750000000002,154.63625,21.495499999999993,54.588,100.04825,-78.55275,-9.801,0,0,0,0,0,0,0,0,0,1
105.97752475738525,-31.529111815888566,35.022215787932,38.96839731847931,-48.509444587121095,23.48093154729753,16.803456940518714,-3.386256267138038e-17,-0.2526545295900394,0.8196537245270892,-0.51413369909636,-23.964750000000002,154.63625,21.495499999999993,54.588,100.04825,-78.55275,-9.8345,-7.3989884330488636,11.843859304077085,38.871732667175834,-14.843610453619107,2.9024526444901824,25.778930083603967,1.909394243032195e-18,-0.4175380220979769,0.9085203238185091,0.015900355694787333
106.11280870437622,-31.432388750461477,34.877023089857005,38.96990060971197,-48.509560133340045,23.270538504837475,16.73838195044209,-6.751966099675994e-17,-0.251248201515092,0.8221479553032949,-0.5108297963373349,-23.964750000000002,154.63625,21.495499999999993,54.588,100.04825,-78.55275,-9.9015,-7.252889121027404,11.710678415095332,38.879612594452475,-14.378167778190857,3.141227564343666,26.152493536767082,-2.374737634660461e-19,-0.40762359186709873,0.9131132270454149,0.008200118784111707
106.19235444068909,0,0,0,0,0,0,0,0,0,1,-23.964750000000002,154.63625,21.495499999999993,54.588,100.04825,-78.55275,-9.9335,0,0,0,0,0,0,0,0,0,1
106.24295997619629,-31.687920104105714,35.26060570807262,38.96592908500992,-48.69027705696453,23.701110691989356,16.459188495706968,6.713563705760128e-17,-0.25155078461640307,0.8268507407419129,-0.5030308691257644,-23.964750000000002,154.63625,21.495499999999993,54.588,100.04825,-78.55275,-9.9675,-7.559338857775339,11.990031190981913,38.86308410019669,-14.391627752333108,3.7321298001047722,25.969317728133376,-2.3655670018680574e-19,-0.39959117935106114,0.9166531082225312,0.008600498287926868
106.31583046913147,-31.78012630752353,35.39901806498428,38.96449599584363,-48.77672757002057,23.841490739039216,16.277475119252074,-6.695847033731428e-17,-0.2515384503153009,0.829038521214886,-0.499423205663105,-23.964750000000002,154.63625,21.495499999999993,54.588,100.04825,-78.55275,-9.995000000000001,-7.534117692156151,11.967040136391416,38.86444441427457,-13.954380541299287,4.187463514606378,26.415732428699243,-4.711159451455015e-19,-0.39036505120885934,0.920539568789721,0.014900640494260554
106.36796116828918,0,0,0,0,0,0,0,0,0,1,-23.964750000000002,154.63625,21.495499999999993,54.588,100.04825,-78.55275,-10.0305,0,0,0,0,0,0,0,0,0,1
106.49208998680115,-31.81787215810198,35.455679026487324,38.96390934150226,-48.66936203231319,23.99864879837091,16.64662818465979,-3.348767397343928e-17,-0.25282974118589696,0.8288296057123357,-0.49911782843994534,-23.964750000000002,154.63625,21.495499999999993,54.588,100.04825,-78.55275,-10.0915,-7.518253526555739,11.952578715263668,38.86530005465717,-13.749457484333618,4.37317052306048,26.294408697571043,0.0,-0.37847141620084235,0.9251459027305268,0.029401458804753533
106.56711101531982,-31.7276032416052,35.32017476511387,38.9653123209276,-48.63314346883075,23.830138197133834,16.93781951854521,6.703158290635336e-17,-0.2523343783524479,0.8281342737916517,-0.5005207149290203,-23.964750000000002,154.63625,21.495499999999993,54.588,100.04825,-78.55275,-10.1285,-7.633994777635978,12.058085869934338,38.85905750204826,-13.600162560847167,4.790731434635376,26.648320990301755,1.870004325572007e-18,-0.3706862969299168,0.9276574670201264,0.04520280024720755
106.61082482337952,0,0,0,0,0,0,0,0,0,1,-23.964750000000002,154.63625,21.495499999999993,54.588,100.04825,-78.55275,-10.152000000000001,0,0,0,0,0,0,0,0,0,1
106.68898582458496,-31.624551614616315,35.165482151749444,38.96691397206096,-48.64997258921662,23.592358710393057,16.627855494193426,0.0,-0.25117554675644677,0.8293758471089158,-0.4990456381374039,-23.964750000000002,154.63625,21.495499999999993,54.588,100.04825,-78.55275,-10.181000000000001,-7.642673061615925,12.065996800925687,38.858589435185365,-13.479383676829002,4.936286014821178,26.57398173174832,5.603457083817279e-18,-0.36526275320078355,0.9287428011111224,0.06340292192359766
106.74563598632812,0,0,0,0,0,0,0,0,0,1,-23.964750000000002,154.63625,21.495499999999993,54.588,100.04825,-78.55275,-10.2195,0,0,0,0,0,0,0,0,0,1
106.86647343635559,-31.821883971346185,35.461701230048874,38.96384698901528,-48.81318490706087,23.91135585987925,16.629454845182323,0.0,-0.2533583316315109,0.8286579073314866,-0.49913487997724487,-23.497499999999995,153.9145,22.562000000000012,53.9275,99.98700000000001,-77.425,-10.277750000000001,-7.599964957587242,12.027065041545262,38.860892914573554,-13.480138362735147,4.85690511913144,26.69847311236836,5.601024414887925e-18,-0.36336713880279475,0.9291461779915408,0.0682033896663686
106.9403145313263,0,0,0,0,0,0,0,0,0,1,-23.314750000000004,153.261,23.333249999999992,53.3065,99.9545,-76.62125,-10.279,0,0,0,0,0,0,0,0,0,1
106.9943106174469,-31.944991725203145,35.64650044890653,38.96193362113113,-48.722599116772955,24.236876838860667,16.46967278473474,3.353398443568419e-17,-0.2564869961617627,0.8276849912918086,-0.49915125562317736,-22.99824999999999,151.34025,23.010000000000005,52.666000000000004,98.67425,-75.66425,-10.279,-7.6998740075834,12.118139913231559,38.85550427832773,-13.477630757734033,5.074565715027717,26.93367000204003,-1.864949823011374e-18,-0.3575015457628708,0.9301716617639142,0.0835064334558508
107.0750105381012,-32.025052722521266,35.76668142290549,38.96068929543886,-48.70470978219163,24.41633073116725,15.8909878339677,6.703725886937641e-17,-0.25896641035979034,0.8280641566717779,-0.49723852499662785,-22.414750000000005,149.4895,23.05024999999999,52.01225,97.47725,-74.427,-10.279,-7.788694019867664,12.199106264350661,38.85071373395194,-13.478089769191286,5.259930730851039,27.05507675727756,0.0,-0.3531829623135101,0.9308596628745086,0.09360599961866568
107.15771198272705,0,0,0,0,0,0,0,0,0,1,-21.889249999999997,146.56625,23.292,50.6925,95.87375,-72.58175,-10.279,0,0,0,0,0,0,0,0,0,1
107.29205965995789,-32.11234990825749,35.89772476686311,38.95933250330895,-48.96438305939151,24.43011095946072,15.654810158442586,0.0,-0.26053914240369414,0.8267374765642334,-0.4986226028969721,-21.507499999999993,141.23075,22.088750000000005,48.81725,92.4135,-70.32475,-10.279,-7.814553155828685,12.222678878539856,38.84931901067782,-13.520692467644153,5.268570605900322,27.11173681943484,7.450238089330797e-18,-0.3510900813418661,0.9313653900328572,0.09640676860213403
107.36158847808838,-32.10316520831914,35.88393745192256,38.95947525394274,-48.90891232623778,24.448035198925055,15.739673103259605,1.6787177579551538e-17,-0.26139413312429105,0.8266897602083503,-0.49825409936583626,-21.39575,138.73025,22.251000000000005,47.54175,91.1885,-68.9375,-10.279,-7.801146126761618,12.210457328519867,38.85004212437755,-13.490413655240246,5.276404235859047,27.138603671894373,3.72513933248386e-18,-0.3508830216291455,0.9313603176395138,0.09720629536622005
107.41077256202698,0,0,0,0,0,0,0,0,0,1,-21.506500000000003,136.80225000000002,22.41825,46.43875,90.3635,-67.94525,-10.279,0,0,0,0,0,0,0,0,0,1
107.49003720283508,-32.078463852761544,35.84685781178004,38.95985916786317,-48.92583643765883,24.38430547847632,15.84432537119551,0.0,-0.2620396501116132,0.8255376427142543,-0.4998227908280852,-19.970499999999994,134.3685,22.224500000000006,46.08675,88.28175,-66.05725,-10.279,-7.796533337065064,12.2062524118507,38.85029091711208,-13.466887343670095,5.296305983389132,27.195616241641318,-3.724902388715077e-18,-0.3507269056865643,0.9314195621513764,0.097202041487131
107.55726051330566,0,0,0,0,0,0,0,0,0,1,-19.62375,131.648,21.49525,45.2645,86.3835,-64.88825,-10.279,0,0,0,0,0,0,0,0,0,1
107.68841409683228,-32.176227615479625,35.99361271889888,38.95833970188351,-49.018827323052705,24.53338772874227,15.760497106932746,-1.6826038461774044e-17,-0.2639856062135885,0.8247804638829558,-0.5000487837292081,-19.75775,126.0135,20.830750000000002,42.7125,83.301,-62.47025,-10.279,-7.825903984615831,12.23302604203868,38.84870679899705,-13.506553253209916,5.314648424805739,27.2424154987215,0.0,-0.350394278572462,0.9316686594730352,0.09600707525698947
107.7290267944336,-32.13277496675093,35.928385182120905,38.9590150525414,-48.99293660752508,24.457652218888953,15.876228707616093,-3.37229459846237e-17,-0.2669509965263641,0.8230471806432431,-0.5013287383432052,-18.133250000000004,122.89725,22.0715,41.34625,81.551,-59.4795,-10.279,-7.789648938814781,12.199976747260695,38.850662230000594,-13.466947580239747,5.291722562568339,27.353346988882095,7.442954882038383e-18,-0.34950494788287667,0.9322767655964741,0.09330768314755529
107.79476690292358,0,0,0,0,0,0,0,0,0,1,-19.31575,119.14725,22.088500000000003,38.8715,80.27575,-58.18725,-10.279,0,0,0,0,0,0,0,0,0,1
107.85565543174744,-32.01819893485256,35.75639308145087,38.96079581851966,-49.00924981556267,24.200608147440832,16.084944362459936,-1.691064428120298e-17,-0.27256006092661134,0.8206539962076022,-0.502233045205286,-17.7295,114.178,21.9015,37.2735,76.9045,-55.003,-10.279,-7.740556828898487,12.155225469857818,38.85331003340668,-13.431549875915891,5.239580429571902,27.484983611807422,-7.435416046563182e-18,-0.34822989772428814,0.9332220094280459,0.08850208726358988
107.94249820709229,0,0,0,0,0,0,0,0,0,1,-19.951249999999995,107.13825,21.5875,32.79975,74.3385,-52.751,-10.279,0,0,0,0,0,0,0,0,0,1
108.07054042816162,-32.320440579570935,36.21009334077902,38.95609831216332,-48.37761784218176,25.39156587717025,27.200701679719117,-9.356107500985746e-17,-0.3320690429598599,0.7416432424676777,-0.5828339828885685,-16.896749999999997,96.34825000000001,22.81450000000001,28.3185,68.02975,-45.21525,-10.279,-7.741226766982668,12.155836170540656,38.85327390001694,-13.417712854092429,5.26184772830608,27.582002703918903,-3.71396430280368e-18,-0.3474848327126972,0.9341627083853552,0.08120545115179406
108.11212348937988,-32.944640591637594,37.147090979245306,38.94639685779545,-49.74382991124716,25.70545344346648,14.75072821878095,1.639138938900957e-17,-0.32596963808781176,0.8466510970155775,-0.4206253855477817,-16.632499999999997,92.18425,24.275750000000002,25.638,66.54625,-42.2705,-10.279,-8.397760947133262,12.754318152074699,38.817863455418404,-14.169704881373235,5.760273155357623,27.625362645968863,2.782743984353383e-18,-0.35290910704957007,0.9350789108146609,0.032902776647916944
108.1607460975647,0,0,0,0,0,0,0,0,0,1,-16.22875,89.7715,23.11875,25.212,64.5595,-41.44075,-10.279,0,0,0,0,0,0,0,0,0,1
108.23052906990051,-32.508855531374685,36.492926345391325,38.953169925393354,-49.833034903201025,24.703816429377866,14.975818781484236,3.290047503023625e-17,-0.3195297223546215,0.8436223364593047,-0.4315114250618657,-15.503000000000004,80.01925,21.85975,21.32825,58.691,-36.831250000000004,-10.279,-8.860922877989621,13.176526284614674,38.792882623667985,-15.048339516657677,5.691286467851853,27.001710487610097,6.971166357219237e-19,-0.3593853058911251,0.9331599192402465,-0.007400475192774437
108.31881046295166,0,0,0,0,0,0,0,0,0,1,-16.726,70.61725,19.44175,17.22475,53.3925,-33.95075,-10.279,0,0,0,0,0,0,0,0,0,1
108.42811632156372,-35.07130323972576,40.793963139005335,38.98422874168977,-53.751895580883826,30.285828101015284,11.816946089112008,-1.538856479081871e-17,-0.4083447427369191,0.9018246988240494,-0.14130386997542493,-13.048,62.576,21.895999999999997,13.816,48.76,-26.864,-10.279,-13.471428459999998,17.218911799999997,38.685959000000004,-23.28126174425924,5.643912481796434,22.37348757814368,-1.9252221783555704e-18,-0.429301378801343,0.9010510555506495,-0.06170349625690906
108.49062848091125,-36.60983651710224,43.7792274063939,39.142476851667205,-55.216911118895666,35.817974338626755,12.03737176607666,3.9436932054483815e-18,-0.4656094785383585,0.8797456524154628,-0.09620499234098842,-13.45825,53.378750000000004,20.081000000000003,9.91975,43.459,-23.378,-10.279,-15.821592892340746,19.17349192362884,38.73295349524554,-26.64007375160611,6.555446224946763,22.513445194588456,-7.834071511768677e-18,-0.4597759651462134,0.8857327755412144,-0.06390236463484658
108.54253482818604,0,0,0,0,0,0,0,0,0,1,-12.921499999999998,51.8755,19.732,9.611,42.2645,-22.5325,-10.279,0,0,0,0,0,0,0,0,0,1
108.63247585296631,-35.95027540757181,42.48622735338143,39.0694794541453,-53.070025419811856,35.27801669812156,12.06434474384082,-2.0105113144658905e-18,-0.5030795458542368,0.8628270149465193,-0.04940154675284892,-8.10625,46.29774999999999,21.5325,8.3295,37.96825,-16.43575,-10.279,-15.839219446072018,19.188151541099483,38.733305960368455,-26.935224515120552,6.233235772731092,22.645983684393542,0.0,-0.4658606442105619,0.8823253329475763,-0.06690192085933679
108.7188012599945,-36.91248500389729,44.3725378727262,39.17597268940043,-53.248582558179436,37.58898670039123,11.729479103698793,4.077256313450354e-18,-0.5242900976123065,0.8509268697453106,-0.032301019970353194,-5.743,38.86125,16.459250000000004,8.3295,30.531750000000002,-14.0725,-10.279,-16.494335574717574,19.7329972319365,38.7464058317516,-27.620542802247456,6.745358085194468,22.50971342936097,-1.5788968840897485e-17,-0.47163501379942785,0.8789546643392835,-0.07070439727931206
108.78889846801758,0,0,0,0,0,0,0,0,0,1,-4.1647500000000015,37.36125,16.537499999999998,8.3295,29.03175,-12.494250000000001,-10.279,0,0,0,0,0,0,0,0,0,1
108.85556149482727,-37.047943,44.638089,39.190964599999994,-54.43658377998466,37.79051611392235,11.989746259657949,-6.160179752676227e-18,-0.5341293657821852,0.8448082096418572,-0.0317003080559267,-4.1647500000000015,33.5025,12.67875,8.3295,25.173000000000002,-12.494250000000001,-10.279,-16.799840137948443,19.986809862349226,38.75356245652711,-28.457330006464133,6.628953233540244,22.358925215728163,0.0,-0.4740119958808054,0.8775447592479372,-0.07230368785598387
108.94179701805115,0,0,0,0,0,0,0,0,0,1,-4.1647500000000015,28.41475,7.591000000000001,8.3295,20.085250000000002,-12.494250000000001,-10.279,0,0,0,0,0,0,0,0,0,1
108.98768782615662,-37.047943,44.638089,39.190964599999994,-54.239738121993724,37.7232587233935,12.103887533303208,-6.157742264443849e-18,-0.533551868208659,0.8451426195572428,-0.03250163901977327,-4.1647500000000015,27.147,6.323249999999998,8.3295,18.8175,-12.494250000000001,-10.279,-16.7381496,19.935771999999996,38.751281199999994,-28.370699365178268,6.542926055543404,22.472478976723977,3.9522264393161675e-18,-0.47331516908211374,0.8778461976368728,-0.07320385243451706
109.0807626247406,-37.047943,44.638089,39.190964599999994,-54.05146739286266,37.88705612445494,12.402257344038048,-2.056484719538762e-18,-0.5361386085675405,0.8435382278774621,-0.03160143212913789,-4.1647500000000015,24.9905,4.16675,8.3295,16.661,-12.494250000000001,-10.31725,-16.798637304255873,19.98581473307216,38.75351797689858,-28.38890117449455,6.700618022044722,22.55123135978991,0.0,-0.47479563446869866,0.8770380545910355,-0.07330318061747194
109.16811108589172,0,0,0,0,0,0,0,0,0,1,-4.8055,28.812,4.7844999999999995,9.611,19.201,-14.416500000000001,-10.36175,0,0,0,0,0,0,0,0,0,1
109.23134064674377,-37.047943,44.638089,39.190964599999994,-53.823679891918346,37.91954601557137,12.035573200136525,-4.114504171238932e-18,-0.5369859806370969,0.8432235835864805,-0.024900696431811392,-5.3732500000000005,31.3735,4.709250000000001,10.6455,20.728,-16.01875,-10.39325,-16.965509731072917,20.123871754991605,38.75968875811613,-28.531399151101198,6.8783576001073925,22.328738732826395,1.582360295116481e-17,-0.4749775751108942,0.8770308412467391,-0.07220253903992538
109.30281662940979,0,0,0,0,0,0,0,0,0,1,-5.711249999999998,33.7905,5.0127500000000005,11.53325,22.25725,-17.2445,-10.42975,0,0,0,0,0,0,0,0,0,1
109.37206315994263,-37.214882626881945,44.97982922565653,39.226687915363506,-55.28324591964187,38.97030831853854,12.279838615982555,0.0,-0.5383105448222476,0.8422300429484643,-0.02950105232365198,-6.14725,35.414,5.067250000000001,12.09975,23.31425,-18.247,-10.46325,-17.36483422487816,20.454241196161675,38.77445539232336,-28.84600987640613,7.318810194027904,22.171507679812663,-1.1862030036183498e-17,-0.4741257404097545,0.8774502192383279,-0.07270416108801736
109.42082071304321,0,0,0,0,0,0,0,0,0,1,-6.281499999999999,37.18425,5.28125,12.81075,24.3735,-19.09225,-10.48825,0,0,0,0,0,0,0,0,0,1
109.57021260261536,-37.12048813082452,44.78659531836973,39.20648849109126,-55.58948181802157,38.70030783647306,11.121814732710732,1.0280076865195043e-18,-0.5362116650209874,0.8437307905011925,-0.024400890468447435,-6.741250000000001,40.338750000000005,6.619499999999999,13.489,26.84975,-20.23025,-10.55275,-17.841647245457782,20.848718503702774,38.79208747743052,-29.258089648096075,7.797599463875841,22.05339291848952,-3.95354511461844e-18,-0.4737334335642756,0.877553398625743,-0.0740045031319715
109.61633014678955,-37.34936935114465,45.255135480712696,39.25546665263982,-55.32104596487204,39.37613927707781,11.511807112936197,4.118321366271483e-18,-0.538154413435067,0.8424420154211213,-0.02610130175984243,-7.1545000000000005,42.21775,6.8657499999999985,14.09875,28.119,-21.25325,-10.58525,-18.314028683907832,21.239529471376525,38.809555686909505,-29.540942598209256,8.422657072019419,21.95542764344728,-7.90440583500381e-18,-0.47292795529629833,0.877851422200399,-0.07560442870625446
109.66473937034607,0,0,0,0,0,0,0,0,0,1,-7.596250000000001,44.278000000000006,6.171250000000001,15.25525,29.022750000000002,-22.8515,-10.59925,0,0,0,0,0,0,0,0,0,1
109.73068404197693,-37.488128526378425,45.53918782192127,39.28515964925806,-55.730181848008044,39.58309311536067,11.015543132830317,-4.111048817999613e-18,-0.5359169632760841,0.8439323164354454,-0.023900915230249016,-7.485500000000002,47.45425,6.622250000000001,16.67325,30.781000000000002,-24.15875,-10.59925,-18.53671233185728,21.423760274825945,38.81779031319518,-29.642628304123207,8.753024665643537,21.96625678449243,-7.899918786827328e-18,-0.4718237641978778,0.8783500300632772,-0.0767043690149759
109.82007837295532,0,0,0,0,0,0,0,0,0,1,-8.0945,51.333749999999995,7.39875,17.92025,33.4135,-26.01475,-10.59925,0,0,0,0,0,0,0,0,0,1
109.94769382476807,-37.83496409053833,46.24919098998593,39.3593787934432,-55.69635216988905,40.43425214635087,11.518319282664635,-3.0899296044565814e-18,-0.5386662354382817,0.842117959649386,-0.026000554507640466,-7.19275,58.833749999999995,7.787999999999997,21.9265,36.90725,-29.11925,-10.59925,-19.105074297962883,21.893977924976426,38.83880778991145,-30.032065032691918,9.443812527555394,21.89108255834438,-7.90090833855464e-18,-0.4717990036511641,0.8782400208400092,-0.0781035591295886
110.04098892211914,-38.03154340084943,46.6516062769964,39.40144468772695,-55.77742069832121,40.87772373195739,11.707424667192527,-1.0308408415859151e-18,-0.5397441672928829,0.841411887264765,-0.026500374390915474,-7.884749999999997,67.468,7.805750000000003,25.88875,41.57925,-33.7735,-10.59925,-19.2925458155965,22.04907700223496,38.84574030561764,-30.101139522510522,9.744095277163083,21.851598572421636,0.0,-0.47245582484589416,0.877922487621729,-0.07770199030437219
110.10432052612305,-38.011960855471095,46.61151906941413,39.397254230031336,-56.175251055497284,40.666358474621205,11.391108788836135,4.120384192788522e-18,-0.5387747618700284,0.8420202557872698,-0.026900647126695435,-8.157,73.36925000000001,7.9367500000000035,28.63775,44.731500000000004,-36.79475,-10.59925,-19.340034430096996,22.088365318573803,38.84749638872853,-30.250473545903844,9.665791146928854,21.730075683032766,-3.951761498633835e-18,-0.47232275151651604,0.8779494797833922,-0.07820440747130798
110.16911602020264,0,0,0,0,0,0,0,0,0,1,-10.847249999999995,76.653,4.9537500000000065,30.426000000000002,46.227000000000004,-41.27325,-10.59925,0,0,0,0,0,0,0,0,0,1
110.2282464504242,-37.821642693278214,46.22192090803617,39.356528155255646,-56.34061781245913,40.0515831975392,11.8423351116285,-8.173632379081057e-18,-0.5270242170674265,0.848936382515328,-0.03940168862186822,-10.901,82.27125000000001,8.745750000000001,31.312250000000002,50.959,-42.21325,-10.59925,-19.381512323422506,22.122680840540117,38.84903020117411,-30.32629184567361,9.65689482565216,21.769729697807634,0.0,-0.4723241512501342,0.877850037984311,-0.07930452040573695
110.3531744480133,-38.1967924420165,46.98988572372053,39.43680623561937,-57.52883709944314,40.456811310176846,11.593086033862022,3.99877552939461e-18,-0.4923757381345719,0.8676273340301417,-0.0692021801693013,-12.838749999999997,89.01025000000001,9.614000000000004,33.27875,55.731500000000004,-46.1175,-10.59925,-19.147314959979987,21.92892450131154,38.84036980880674,-30.02934254499536,9.537192805391896,21.801234287510027,-7.900194396456342e-18,-0.4712478300660735,0.8783193875608546,-0.08050177695394374
110.43854475021362,0,0,0,0,0,0,0,0,0,1,-12.60125,95.34100000000001,10.867750000000001,35.936,59.405,-48.53725,-10.59925,0,0,0,0,0,0,0,0,0,1
110.48594880104065,-38.27104794640467,47.141893328504494,39.45269612857217,-57.9763564204988,40.341558331356154,12.421363287053765,-1.968690697541701e-17,-0.46023057383400623,0.8811559266993803,-0.10840688055182482,-13.95225,96.762,10.442749999999997,36.1835,60.5785,-50.13575,-10.59925,-19.092803166200603,21.88382576299859,38.83835401530745,-29.791778444388996,9.715407983535243,21.75324836892517,-1.1844715060532243e-17,-0.46928037983253273,0.878732903465315,-0.08720326525796683
110.53455233573914,0,0,0,0,0,0,0,0,0,1,-18.9955,96.973,10.110999999999997,33.93325,63.03975,-52.92875,-10.59925,0,0,0,0,0,0,0,0,0,1
110.60178732872009,-37.46192056440776,45.48553779882529,39.27955142245176,-57.60999074694067,38.45916912701796,12.341444098936591,1.9383531624440017e-17,-0.42429205208867105,0.894947066193838,-0.13800725794474203,-20.32425,96.7655,11.55075,32.44525,64.32025,-52.7695,-10.59925,-19.055248676469876,21.852756154251228,38.8369652865385,-29.513612028865225,9.969305294481359,21.883092894296766,-1.1840542924733333e-17,-0.4673029007699347,0.8790425339465803,-0.09440456792327324
110.73336100578308,-37.444472330484565,45.44981971612922,39.27581768484484,-57.554001928718066,38.37751698466096,12.957234793801803,7.71202476278883e-18,-0.4040890613670463,0.8997499511915441,-0.16480914966807433,-19.073500000000003,104.27975,17.539749999999998,33.83325,70.4465,-52.90675,-10.59925,-18.98138406924269,21.79164643173119,38.834233844684306,-29.349531651616502,10.020393880258894,21.809829081911914,-3.945928460355105e-18,-0.46671409118220986,0.8792473018229503,-0.09540513261363677
110.824538230896,-37.19967940536203,44.94870688250792,39.22343458667791,-58.31927537502358,37.34819557362948,13.23768797201842,-7.67272385199237e-18,-0.37899349340360716,0.9043586134154183,-0.19621271696572495,-21.064999999999998,103.297,14.290500000000002,33.97075,69.32625,-55.03575,-10.59925,-18.896782480227024,21.721653781345868,38.831105359610824,-29.411748367442044,9.77360236702414,21.79185606694,1.1843310797962388e-17,-0.4678900128524198,0.8788370949153486,-0.09340394249555481
110.9047691822052,0,0,0,0,0,0,0,0,0,1,-22.87175,105.822,18.09825,32.426,73.396,-55.29775,-10.59925,0,0,0,0,0,0,0,0,0,1
110.98038721084595,-37.46061237140006,45.48285981168704,39.27927148297758,-58.52509850072428,37.956477180030134,12.841922475491174,0.0,-0.3815127171301532,0.9043699205528021,-0.19121478360023858,-22.537250000000007,107.017,20.317249999999994,32.08125,74.93575,-54.618500000000004,-10.59925,-18.964511747411986,21.77768760971821,38.83360992251433,-29.64558899296327,9.626751867529563,21.841388810191518,1.1865951875904082e-17,-0.4716490288960108,0.8771602113941508,-0.09020619207359754
111.06217527389526,0,0,0,0,0,0,0,0,0,1,-23.970999999999997,107.0975,22.694500000000005,30.216,76.8815,-54.187,-10.59925,0,0,0,0,0,0,0,0,0,1
111.18620824813843,-37.76590310416423,46.10781702438915,39.34460047243197,-58.20507220835256,38.82804371744501,13.470297318279648,1.533894441037677e-17,-0.37506592574229947,0.9047420367744572,-0.2019093812587188,-24.9495,103.439,25.8375,26.326,77.113,-51.2755,-10.59925,-19.03750202873749,21.83807398427432,38.8363090326409,-29.77197343518327,9.623633255302593,21.82096218485799,-3.960434011021227e-18,-0.4743676814744489,0.8760269562120522,-0.08690267408085312
111.2308349609375,-37.62670852363091,45.82287336990704,39.314814303682475,-58.3178523124287,38.46611550955541,12.999459107788596,-7.648886349101205e-18,-0.3717187809899811,0.907177017308225,-0.1971167347717464,-24.906000000000002,101.01425,26.180749999999996,24.96375,76.0505,-49.86975,-10.59925,-19.03362306735563,21.83486483902046,38.83616559239439,-29.868893405996175,9.50378134993322,21.70459191358151,3.9653292684002145e-18,-0.4775161070067875,0.874945488033416,-0.08030417497894997
111.29979634284973,0,0,0,0,0,0,0,0,0,1,-24.693499999999997,98.34400000000001,27.973000000000006,22.83875,75.50525,-47.53225,-10.59925,0,0,0,0,0,0,0,0,0,1
111.36182141304016,-37.56683791509094,45.700312923026985,39.302002626372385,-58.150104351223234,38.38336175893309,13.109969009016282,0.0,-0.36653102025575757,0.9087205916871616,-0.19970452532180716,-25.887750000000004,94.95925,27.803499999999993,20.634,74.32525,-46.521750000000004,-10.59925,-18.970146163234176,21.782349078862662,38.83381827777104,-29.843244646509675,9.408818740729458,21.6289331798489,-3.967720804646161e-18,-0.4792466599548725,0.8744181162875492,-0.07560156632129311
111.42072987556458,0,0,0,0,0,0,0,0,0,1,-26.2165,93.17525,29.13225,18.91325,74.262,-45.12975,-10.59925,0,0,0,0,0,0,0,0,0,1
111.56608510017395,-37.57842152316623,45.72402559635387,39.30448139604529,-58.12370307855127,38.44809184253303,12.897570823811094,0.0,-0.3654640146390793,0.9095427227504541,-0.1979092961322868,-26.057499999999997,88.25025000000001,30.864750000000008,15.664,72.58625,-41.7215,-10.59925,-18.912782378048487,21.734890828870014,38.831697020383324,-29.800549711221237,9.347043503092706,21.55044138081462,7.935229388851093e-18,-0.4794069731230066,0.8744415017990904,-0.07430352651380649
111.60419511795044,-37.54063436283802,45.6466719270144,39.296395343199066,-58.137599755465374,38.380638516387464,12.553249852677112,-1.5244358006457293e-17,-0.36478310861490226,0.9103556740097565,-0.1954119506772563,-27.47975,84.25725,31.787499999999994,12.495000000000001,71.76225,-39.97475,-10.59925,-18.936840681217937,21.75479476237996,38.83258667320468,-29.822714778943123,9.373831894480873,21.44850467565047,-3.968023233741035e-18,-0.4796328302705998,0.8743514711436391,-0.07390435058620033
111.67177057266235,0,0,0,0,0,0,0,0,0,1,-27.01025,82.4385,33.704750000000004,10.86175,71.57675,-37.872,-10.59925,0,0,0,0,0,0,0,0,0,1
111.73145794868469,-37.51249407274188,45.58906625682624,39.29037361860137,-58.03907006660114,38.325472268683725,12.852830535510009,-1.525189297949297e-17,-0.3645088404834843,0.909905926200369,-0.19800128957871535,-27.1625,78.14375,33.65924999999999,8.661,69.48275,-35.8235,-10.59925,-18.90188359273677,21.72587403759194,38.83129399382598,-29.759794922898607,9.374173694128828,21.548709340653346,-7.936269150325465e-18,-0.47956949743123845,0.8743269378184668,-0.07460229848022144
111.78852367401123,0,0,0,0,0,0,0,0,0,1,-26.588250000000002,77.40475,35.3975,7.7095,69.69525,-34.29775,-10.59925,0,0,0,0,0,0,0,0,0,1
111.91062641143799,-37.75455601135529,46.08458851879405,39.34217231452576,-58.04586818550365,38.917732558937544,13.078621443581653,-3.054811116869795e-17,-0.36712938261649425,0.9085856556679521,-0.19921878107766217,-21.09075,72.36225,46.429,2.42125,69.941,-23.512,-10.59925,-18.94682840764988,21.763057815738986,38.83295600968434,-29.79525286379203,9.421732406304486,21.574803464968824,3.968648680119539e-18,-0.47963529905310975,0.8742136761395345,-0.07550118113536361
111.97263288497925,-37.61886918000449,45.80682553806549,39.31313676701943,-57.945758024654424,38.62435253786438,13.032728972196423,-7.633853105937738e-18,-0.36619551388588906,0.9089635086782113,-0.19921391894454807,-16.740750000000002,72.3935,54.51025,0.57125,71.82225,-17.312,-10.59925,-18.89583278323461,21.720868077314357,38.83107024073304,-29.705203112752486,9.423571183899114,21.64399639260361,7.937810927046128e-18,-0.47954736833415945,0.8741571155675508,-0.07670501174239916
112.04289746284485,0,0,0,0,0,0,0,0,0,1,-15.8705,67.0685,62.915000000000006,-5.8585,72.927,-10.012,-10.59925,0,0,0,0,0,0,0,0,0,1
112.10688495635986,-37.50995443739491,45.583867397976675,39.28983016348467,-57.99728287210303,38.273470683714464,13.483425227476772,1.5284837772879375e-17,-0.36546713161991623,0.9079447236553919,-0.20511010333926735,-15.9705,60.56850000000001,69.31500000000001,-12.3585,72.927,-3.612,-10.59925,-18.957380817949975,21.771788043781395,38.8333462276282,-29.7714845961807,9.460861253184987,21.823206369131697,-3.9699426851790385e-18,-0.47957414553050376,0.8739287256982521,-0.07910260007178366
112.15506410598755,0,0,0,0,0,0,0,0,0,1,-16.40925,55.66850000000001,73.77625,-17.2585,72.927,0.8492500000000001,-10.59925,0,0,0,0,0,0,0,0,0,1
112.30892705917358,-37.58006128584894,45.72738233603085,39.30483228792477,-57.978151175571014,38.45073868277433,13.592558332889922,1.528645459757219e-17,-0.36587322035486447,0.9078486917442938,-0.20481098487467647,-24.95825,42.56850000000001,78.32725,-30.3585,72.927,5.40025,-10.59925,-18.942176519590426,21.759209212203697,38.8327839873556,-29.800974549691915,9.39437793839383,21.819995217268485,3.968577734259571e-18,-0.4790754294251648,0.8742293043683868,-0.07880264148276012
112.35719180107117,-37.654074353552296,45.87889365141411,39.32067030198992,-58.04071453911811,38.67912360886962,12.926505669000534,-2.289884444509119e-17,-0.36630723166896123,0.9090712748251427,-0.19851556441451138,-25.3425,37.43025000000001,83.08125000000001,-35.49675,72.927,10.15425,-10.59925,-18.9349161656976,21.75320257074924,38.832515506478984,-29.77684327142117,9.421298119675797,21.539294335102483,-1.984023736065607e-17,-0.4792188073367437,0.8743461302619435,-0.07660404160821786
112.45034718513489,-37.60893919277758,45.78649797331005,39.31101185472696,-58.08037610321665,38.53684245605835,12.997801067785787,7.637533031121907e-18,-0.36613843586952544,0.9085255508070712,-0.2013056613951166,-24.561000000000003,36.46849999999999,86.067,-37.079750000000004,73.54825,12.51875,-10.59925,-18.958915514782507,21.77305773032153,38.83340297923522,-29.82120164316865,9.412572698223073,21.62905068237879,0.0,-0.47923514023032665,0.87421364121972,-0.07800121713010544
112.54388928413391,0,0,0,0,0,0,0,0,0,1,-23.836000000000002,36.761250000000004,97.26525000000001,-42.17,78.93125,18.334,-10.59925,0,0,0,0,0,0,0,0,0,1
112.6010308265686,-37.41572055040408,45.39096227169705,39.26966510785481,-58.06007573684644,38.041360334366274,13.104503280549977,2.2909514095556197e-17,-0.36377132399603557,0.9086478929624935,-0.2050108056981193,-24.34575,36.773250000000004,99.418,-43.49525,80.2685,19.1495,-10.59925,-18.851448298303943,21.684147871790678,38.8294289453364,-29.75994305086249,9.262102041667617,21.752767966476227,0.0,-0.4787470061017403,0.87441829519005,-0.07870164665079701
112.68873262405396,0,0,0,0,0,0,0,0,0,1,-23.238999999999997,39.51050000000001,113.631,-48.67975,88.19025,25.44075,-10.59925,0,0,0,0,0,0,0,0,0,1
112.78900337219238,-37.35155797412063,45.25961578610009,39.255934994819825,-57.93810921904799,37.93831679307553,13.09014371459611,0.0,-0.3611452047367553,0.9098307307646625,-0.20440690411991316,-23.87625,43.23275,124.1515,-52.3975,95.63025,28.521250000000002,-10.59925,-18.827798679579704,21.664582051403958,38.82855440527122,-29.730663053126506,9.251639473700095,21.700487794287284,1.1905637682944773e-17,-0.47959371971650144,0.8742363183763895,-0.07550313662481972
112.85299777984619,-37.28027061833437,45.11368424481252,39.240680254290275,-58.347434065427166,37.387908013299324,14.698280321132358,-1.5266462247728937e-17,-0.334949545633223,0.9090375741687591,-0.24791024712479134,-28.958499999999997,38.181250000000006,126.35025,-58.56375,96.745,29.60525,-10.59925,-18.805153809724626,21.64584748060891,38.82771701984907,-29.852046322366192,9.058463853171844,21.707507878490418,7.940777165630025e-18,-0.48117955921586414,0.8738305784402014,-0.069902446135237
112.93044829368591,0,0,0,0,0,0,0,0,0,1,-32.338750000000005,35.750750000000004,127.625,-62.106500000000004,97.85725000000001,29.76775,-10.59925,0,0,0,0,0,0,0,0,0,1
112.98772406578064,-37.047943,44.638089,39.190964599999994,-57.2251255700921,36.68562069982602,13.824314549129156,1.51749866310435e-17,-0.32222148208367085,0.9145173004254671,-0.2446046273199226,-34.03025000000001,35.73649999999999,128.02075,-63.157250000000005,98.89375,29.127,-10.59925,-18.68103893123094,21.54316466579303,38.82312737148333,-29.865392332466428,8.793112755206138,21.62498104150515,3.971728270247521e-18,-0.48249385916380577,0.8735358302186658,-0.06430263753069287
113.11462306976318,-37.1804884176003,44.909421228102424,39.21932791817293,-57.77046985761595,37.445730631309175,14.399668787947093,7.618267563848954e-18,-0.32562919216582076,0.910823076999085,-0.25370642801346943,-36.636750000000006,35.15125,125.504,-63.49475,98.646,26.858,-10.59925,-18.618185665062235,21.491164854256304,38.820803118389314,-29.821243916494154,8.724892293900183,21.47973337017669,1.9858821809418192e-18,-0.48287320254118526,0.8735278923516506,-0.061501963800373816
113.16903948783875,0,0,0,0,0,0,0,0,0,1,-36.11875,35.643499999999996,124.29575,-62.3855,98.029,26.266750000000002,-10.59925,0,0,0,0,0,0,0,0,0,1
113.2368278503418,-37.362282924372096,45.28157071068899,39.25823002079566,-57.7420215826418,37.95319551715204,14.126593550535347,3.046961824885232e-17,-0.32353292866610306,0.9109262672391496,-0.256007382164038,-35.88125,35.88099999999999,124.29575,-62.148,98.029,26.266750000000002,-10.59925,-18.626846937471054,21.498330504673227,38.82112340387997,-29.831569591728368,8.737355588170047,21.31652170782715,-3.972186347255687e-18,-0.4831922557038448,0.8734350930818222,-0.060302422845012436
113.28760886192322,0,0,0,0,0,0,0,0,0,1,-35.886750000000006,35.88099999999999,124.29025,-62.148,98.029,26.26125,-10.59925,0,0,0,0,0,0,0,0,0,1
113.35894274711609,-37.418125136078416,45.3958846718863,39.270179663769234,-57.83037647843531,38.00474122182925,14.587067711285584,3.055903808026166e-17,-0.3213757122705291,0.9082607751831193,-0.2679179274075728,-36.673500000000004,36.49249999999999,124.047,-62.114000000000004,98.6065,25.4405,-10.59925,-18.736551666852506,21.58909150406522,38.82518017884547,-29.923257297122944,8.848232759419489,21.357748126240523,5.96103446126242e-18,-0.48378289999160407,0.8730314279760577,-0.061402210398316094
113.47524976730347,-37.135013779716004,44.81633061023961,39.209596826397274,-57.87746819241792,37.19783894139948,15.158286653821193,7.665117480619135e-18,-0.316968737266625,0.9052560409480838,-0.2829175143440267,-37.022999999999996,36.96,120.0565,-60.05975,97.01975,23.03675,-10.59925,-18.651567968383745,21.518782726599184,38.82203756373337,-29.853370639028242,8.752828730026891,21.50779453971319,7.947852943136406e-18,-0.48353865316118116,0.8730526286221121,-0.06300379794180191
113.54053974151611,0,0,0,0,0,0,0,0,0,1,-37.0775,37.06225,117.82275,-58.919000000000004,95.98125,21.8415,-10.59925,0,0,0,0,0,0,0,0,0,1
113.60259294509888,-37.29147135316409,45.13661314264058,39.243077093136144,-57.518829533344615,37.78635461124165,15.032876851300358,-1.532622427548824e-17,-0.31911501491397354,0.9054929354002523,-0.2797287099971842,-37.938,37.74925,117.44825,-58.8185,96.56775,20.8805,-10.59925,-18.66377633903452,21.52888296500695,38.82248901749206,-29.78548812843124,8.861767696123621,21.46280269133129,3.9754154112773515e-18,-0.48416778023931256,0.8727256382091746,-0.06270184200265297
113.66726589202881,0,0,0,0,0,0,0,0,0,1,-39.361,38.590250000000005,117.55575,-59.16325,97.7535,19.80225,-10.59925,0,0,0,0,0,0,0,0,0,1
113.72834062576294,-37.40033365561012,45.359463933062564,39.266372475030266,-57.60295039690877,38.00973058802086,15.166768050828779,0.0,-0.3197407833503717,0.9045328319453332,-0.28211023979190547,-39.459500000000006,38.593,119.53,-60.19825,98.79125,20.73875,-10.59925,-18.704262996825864,21.562378417244084,38.82398617500469,-29.830937551682126,8.88788143933212,21.495243750836153,-5.964343918984221e-18,-0.4844244547100642,0.8725470057764101,-0.06320340488833137
113.85890316963196,-37.39739836286713,45.35345512842406,39.26574435341348,-58.04547172746737,37.78383898194562,15.187930619325556,0.0,-0.3183517734425395,0.9028418493432292,-0.28901339661075903,-40.00775,37.25749999999999,123.74575,-63.248000000000005,100.5055,23.24025,-10.59925,-18.743072471696834,21.594486301243503,38.82542131191236,-29.936155740848164,8.839678237790764,21.49760680601827,-5.9632509215325386e-18,-0.48401831803608797,0.8727069339206952,-0.06410050929794497
113.91176176071167,0,0,0,0,0,0,0,0,0,1,-38.450500000000005,37.247749999999996,125.31275,-63.25775,100.5055,24.80725,-10.59925,0,0,0,0,0,0,0,0,0,1
113.99025225639343,-37.46445226300759,45.49072041044937,39.28009317918847,-57.96857048559772,38.03854072042623,14.751566982648711,0.0,-0.318360516360978,0.9045490069133545,-0.2836153657939495,-38.35925,38.357499999999995,124.29425,-62.148,100.5055,23.78875,-10.59925,-18.715723110656725,21.571859607255664,38.82440995894867,-29.924830669467042,8.804908534856509,21.334932866753007,5.961829904752245e-18,-0.48383943956227293,0.8729149457588712,-0.06260107183469509
114.03694105148315,0,0,0,0,0,0,0,0,0,1,-40.10475,38.357499999999995,122.54875,-62.148,100.5055,22.04325,-10.59925,0,0,0,0,0,0,0,0,0,1
114.10334539413452,-37.418028877544536,45.39568762212822,39.270159065460575,-58.061402379424436,37.89813563758372,14.524920446825803,4.597073763283145e-17,-0.3165602587822199,0.9056492361721338,-0.28211533737208366,-40.36625000000001,38.357499999999995,122.28725,-62.148,100.5055,21.78175,-10.59925,-18.649752653261046,21.51728087872374,38.82197043513293,-29.93612098638252,8.66104505067797,21.240721260971355,7.945426697528197e-18,-0.4832505672137561,0.8733192272815129,-0.061501354033909376
114.23305058479309,-37.466366700720215,45.49463943427935,39.28050284862064,-58.21291908730373,37.9301124432625,14.693799608157263,-1.5352290818743653e-17,-0.3162679738020219,0.9039555055113355,-0.28781767284673354,-40.36625000000001,38.357499999999995,122.28725,-62.148,100.5055,21.78175,-10.59925,-18.698998627336344,21.558023095110464,38.82379150370406,-29.987838416905902,8.69707850356815,21.281056080332263,1.9867816118382872e-18,-0.4834854333385699,0.8731324397409432,-0.06230231473583868
114.31883096694946,-37.38353917121426,45.32508413364391,39.26277863291113,-57.98019123142768,37.80856451184745,14.917325547296429,7.683223541294233e-18,-0.3157278100400423,0.9031227409450563,-0.2910073276658304,-40.38575,38.357499999999995,122.26775,-62.148,100.5055,21.76225,-10.59925,-18.64010014531813,21.509295158577693,38.821613494709325,-29.89542643462954,8.683591820893298,21.39671996805086,5.961043188238469e-18,-0.4835794487881357,0.8730301498567554,-0.06300217576285863
114.36090588569641,0,0,0,0,0,0,0,0,0,1,-40.829750000000004,39.120749999999994,121.06049999999999,-61.384750000000004,100.5055,20.555,-10.59925,0,0,0,0,0,0,0,0,0,1
114.45407962799072,-37.09571178833498,44.73587594735242,39.201186615719664,-57.773308473010445,37.182559917603214,14.829474694968098,-1.5357185355787688e-17,-0.31238120207472625,0.903667402997406,-0.292921848536897,-41.007,39.46725,120.53675,-61.03825,100.5055,20.03125,-10.59925,-18.4917786734668,21.38658572670161,38.81612870989426,-29.739849886067844,8.568759633512343,21.41119429977752,-3.973025591133722e-18,-0.483233058031315,0.8732505926204194,-0.06260362700187615
114.54385828971863,0,0,0,0,0,0,0,0,0,1,-41.18275,40.35075,119.47749999999999,-60.15475,100.5055,18.972,-10.59925,0,0,0,0,0,0,0,0,0,1
114.662024974823,-37.112353503566624,44.76994301473956,39.20474776685264,-57.820511978314386,37.151599173786394,15.312292736707747,-3.0803131634044913e-17,-0.31287680690007347,0.9010634355421282,-0.30032114283385253,-40.590999999999994,40.2775,117.0905,-58.702,98.9795,18.111,-10.59925,-18.48095571092369,21.377631665173602,38.81572848718969,-29.747751502253976,8.53077169781021,21.554003547386856,3.973469863009262e-18,-0.4832392907136967,0.8731529548650125,-0.06390387563380404
114.744802236557,-37.355010048234476,45.26668248804907,39.25667370218685,-58.04689103516466,37.65225362509264,15.402833572836045,3.8546679150790107e-17,-0.3149780045658566,0.9000637742051769,-0.30112133601464314,-40.331,40.0345,114.11250000000001,-57.2045,97.239,16.8735,-10.59925,-18.582053768095165,21.461272186026324,38.81946699572716,-29.89342445985247,8.559560622517893,21.57951015905286,3.973924106841458e-18,-0.4833398845052738,0.8730531481415705,-0.06450392675272773
114.79067087173462,0,0,0,0,0,0,0,0,0,1,-40.12650000000001,39.81224999999999,112.70824999999999,-56.511250000000004,96.3235,16.38475,-10.59925,0,0,0,0,0,0,0,0,0,1
114.85535287857056,-37.40388510195991,45.36673405879396,39.26713244700528,-57.96305340026913,37.82921912741759,15.29769337138103,3.081062937397955e-17,-0.31475391765419936,0.9008441625366238,-0.2990146587460597,-41.068,39.366,109.0455,-55.37375,94.73975,14.30575,-10.6015,-18.611933415387583,21.4859922383434,38.8205719162333,-29.898331223276585,8.61617047111777,21.54247978349173,-3.973599320017869e-18,-0.4832644747541509,0.8731245081695889,-0.06410179930554419
114.94802021980286,-37.437314477075006,45.435166955217454,39.274285979883885,-57.95209510350972,37.9266790777192,15.234594450476294,1.5399490599240906e-17,-0.3149036362159366,0.9011848618225422,-0.2978280455562679,-38.2755,40.4125,107.2975,-52.58025,92.99275,14.30475,-10.64625,-18.63287888121582,21.503320856918187,38.82134645933542,-29.889430792422587,8.67245460474615,21.47881756053087,-9.934085184372604e-18,-0.48334440302285614,0.8731168717506648,-0.06360122900394262
115.07714462280273,0,0,0,0,0,0,0,0,0,1,-36.4995,39.95125,103.14425,-49.84625,89.7975,13.34675,-10.712250000000001,0,0,0,0,0,0,0,0,0,1
115.15819263458252,-37.4683444735756,45.498688110765094,39.28092607110383,-57.94477021772042,38.01995078389851,15.135868897175385,-3.077901989033697e-17,-0.31408429440542307,0.901769312815017,-0.296922822418519,-32.722500000000004,41.233000000000004,96.88050000000001,-44.185,85.418,11.4625,-10.75225,-18.631677046059895,21.50232655375121,38.821302016631805,-29.783942410911777,8.802187109866964,21.374215082160134,-1.984508259558296e-18,-0.48138502125159627,0.8741326560983502,-0.06450240969951217
115.22628355026245,-37.59465892989599,45.75726500837095,39.30795602943298,-58.175380552600444,38.22786055939821,15.160208139114815,-7.705414470073351e-18,-0.31242639009005485,0.9005218253809484,-0.3024073292561897,-30.364250000000002,42.009750000000004,95.986,-42.17025,84.18,11.806000000000001,-10.78575,-18.722373886790628,21.577361932379194,38.82465589822835,-29.670889360291227,9.12473021763148,21.350029314051824,-1.1867421985466864e-17,-0.47553001008203066,0.8770515507586358,-0.0682040088503295
115.29097986221313,0,0,0,0,0,0,0,0,0,1,-27.74325,39.057,90.41225,-39.54925,78.60625,11.806000000000001,-10.81925,0,0,0,0,0,0,0,0,0,1
115.35727334022522,-37.47357647521417,45.50939848225686,39.28204566414478,-59.14189427193509,37.423162790425394,15.37864057935235,3.1349678099634624e-17,-0.3143674733927532,0.8853544054716275,-0.3425210480899497,-25.895500000000002,35.15725,84.66475,-37.7015,72.85875,11.806000000000001,-10.851750000000001,-18.921569267861166,21.74216040517217,38.832021951084286,-29.630539865018108,9.582744236653511,21.27522906932967,7.881074387515844e-18,-0.468422015595055,0.8804502486233232,-0.07340418928776912
115.47561836242676,-38.028028750715364,46.64441147638282,39.400692589753106,-59.38537800578456,38.870594196282354,13.961792670545691,-1.5716086750735633e-17,-0.3500444776952227,0.8830307460071042,-0.31261088471327386,-24.683749999999996,34.40875,79.72999999999999,-35.0025,69.41125,10.31875,-10.91075,-19.553252593585174,22.264765130284964,38.855380990538364,-29.29987702298348,11.2507663782242,21.696612766365405,-1.956123648703951e-17,-0.45123757422756766,0.8868168825248677,-0.09970189804660498
115.53811430931091,0,0,0,0,0,0,0,0,0,1,-21.1235,33.95,75.025,-31.09925,65.04925,9.97575,-10.94275,0,0,0,0,0,0,0,0,0,1
115.6033239364624,-37.047943,44.638089,39.190964599999994,-60.284805849233805,35.0308657014763,11.751359536383376,2.337784741782964e-17,-0.34506287897456533,0.8904447590775777,-0.29671491466567534,-17.299,36.789500000000004,73.499,-27.00425,63.79375,9.70525,-10.97425,-19.375933869316924,22.118065669685226,38.84882391532765,-29.102874699341413,11.056432080949236,23.288066273503517,1.173109143822131e-17,-0.44289431880240493,0.8872440310156662,-0.12900640216526257
115.69197535514832,0,0,0,0,0,0,0,0,0,1,-17.41975,34.74775,68.3665,-25.51925,60.267,8.0995,-11.01975,0,0,0,0,0,0,0,0,0,1
115.73378562927246,-38.976728,48.586483,39.603704199999996,-62.300649015395095,41.35291686039952,10.921814195007642,0.0,-0.3917769139776467,0.8896449450614884,-0.23461185264323878,-14.362250000000001,36.49075,67.3495,-22.610500000000002,59.10125,8.24825,-11.039250000000001,-21.248341143124435,23.718509813537594,38.917619903437966,-31.662975951817742,12.485410463558509,19.611518659354573,-1.1798853604182603e-17,-0.4600129621125617,0.8821484870505697,-0.10100555174255477
115.85578727722168,-38.976728,48.586483,39.603704199999996,-61.47935691425701,41.21682357606946,11.8336573298551,3.890253622211856e-17,-0.4086560017632819,0.8918305305711696,-0.19400664154609426,-13.4555,28.07925,59.015249999999995,-22.19575,50.275,8.74025,-11.10125,-21.39933645987382,23.848989346708997,38.92315553806266,-31.713092936651293,12.70827555842186,20.191104233124946,0.0,-0.4593497007747381,0.8816644190086047,-0.10800789162083634
115.9125030040741,0,0,0,0,0,0,0,0,0,1,-13.4555,22.879250000000003,53.815250000000006,-22.19575,45.075,8.74025,-11.13025,0,0,0,0,0,0,0,0,0,1
115.98549556732178,-38.976728,48.586483,39.603704199999996,-63.219915518053995,41.309249678291565,12.856405178729005,3.9100277455557155e-18,-0.43884267702888874,0.8873202897082041,-0.14170324022501135,-13.4985,21.099999999999998,51.992999999999995,-22.19575,43.29575,8.69725,-11.164250000000001,-21.63207266666864,24.05010360818688,38.93168787292236,-32.00737781348198,12.836462638583896,20.239730190681513,-3.9333577179719734e-18,-0.4577321404179935,0.8820573160944155,-0.11160725224051792
116.07008934020996,0,0,0,0,0,0,0,0,0,1,-14.09625,16.60675,46.902,-22.19575,38.8025,8.0995,-11.20875,0,0,0,0,0,0,0,0,0,1
116.16823172569275,-39.608338911757365,49.88964433868616,39.82473327717072,-61.54083967974944,44.06613547915154,11.485316191741475,7.9708717350767e-18,-0.4854836908471585,0.8705313715401868,-0.08050290110164854,-14.598750000000003,13.66525,43.722,-22.32775,35.993,7.729,-11.25625,-22.513662104707443,24.81191119798825,38.9640077959705,-32.75299121419167,13.736587599232337,20.720807847510144,-1.9706987618737686e-17,-0.45953526330785205,0.8802580635547803,-0.11820779721901273
116.31877112388611,-40.15552868449515,51.0186250821827,40.016219599294224,-62.03445075529109,45.29378233806659,11.248184802215434,8.041929458624265e-18,-0.5008147594019221,0.8628394391679068,-0.06850313118104036,-19.182750000000002,11.505750000000003,46.0215,-26.84925,38.355000000000004,7.6665,-11.322750000000001,-22.800468600000002,25.059749200000002,38.9745224,-33.42523151084248,14.352219908968024,20.781551923504026,-3.947229859310507e-18,-0.4617353287083603,0.8789574145954725,-0.11930779333398552
116.36611580848694,-40.043130679204985,50.78672165506797,39.976886479928076,-61.42475703096588,45.410998750815494,10.571550576728185,2.012844983281178e-18,-0.5041790584100384,0.8618266634467803,-0.055301710940597514,-20.31575,15.701249999999998,51.4375,-28.026,43.72725,7.71025,-11.35575,-23.178701999832256,25.432648956562964,38.98097774568697,-33.90689357529578,14.869911931265861,20.559298406735905,0.0,-0.4608277885594544,0.8793118445947703,-0.12020161915192921
116.4501142501831,-40.10538679845014,50.91517061974971,39.99867269724769,-62.07592982049556,45.169261658455866,11.093026536244707,0.0,-0.5031308433583792,0.8618443734039922,-0.06390329016072765,-21.139000000000003,16.991749999999996,53.561749999999996,-28.8545,45.84625,7.7155000000000005,-11.39725,-23.579848647134344,25.828138850346377,38.98782415396464,-34.21650964578228,15.361242908226913,20.392769850701228,0.0,-0.4602194001381444,0.8794510446529569,-0.12150705245091455
116.49402475357056,0,0,0,0,0,0,0,0,0,1,-22.07425,17.3645,56.39175,-30.55075,47.91525,8.4765,-11.4205,0,0,0,0,0,0,0,0,0,1
116.54484295845032,0,0,0,0,0,0,0,0,0,1,-23.6115,16.765750000000004,57.47825,-32.162,48.92775,8.5505,-11.42425,0,0,0,0,0,0,0,0,0,1
116.6696846485138,-40.01568144137648,50.73008744427674,39.96728075654151,-62.45201343025843,44.73750705369079,11.184945412063968,-8.028947561705636e-18,-0.4984991780202824,0.8642345526084313,-0.06780271079246893,-26.91075,16.8975,61.01275,-35.513,52.4105,8.60225,-11.42425,-23.89425174014176,26.13810840062169,38.993190101687176,-34.547557816226316,15.655505576694992,20.330187179044543,1.9720219429134652e-17,-0.458756624057586,0.879667430786255,-0.12540961325670344
116.7345838546753,-40.03218524959479,50.764138668552384,39.97305618162109,-62.64037697770405,44.667447621807355,11.313439964469353,4.001652204773846e-18,-0.4926100525501827,0.8670036211079694,-0.07510031366229354,-26.91075,20.141250000000007,64.2565,-35.513,55.654250000000005,8.60225,-11.42425,-24.0569353480243,26.298497932067324,38.995966638415425,-34.780435972786904,15.745293652762783,20.298471794875724,-3.9446338026823976e-18,-0.4579830465043043,0.8795358772199204,-0.12910526634348127
116.7849760055542,0,0,0,0,0,0,0,0,0,1,-26.91075,20.981250000000003,65.0965,-35.513,56.49425,8.60225,-11.42425,0,0,0,0,0,0,0,0,0,1
116.85522651672363,-40.77216012418756,52.2908802593292,40.23200668519249,-62.41339587967755,46.589535770626384,12.004639450369126,1.9926714263015257e-17,-0.48293616378870446,0.8705516890943331,-0.09440560534233777,-26.91075,25.180500000000002,69.29575,-35.513,60.6935,8.60225,-11.42425,-24.40016391832694,26.63688647831435,39.001824553321754,-34.98068394931005,16.229148884089525,20.278853868987454,7.908118529269798e-18,-0.46229300860689115,0.8774392895383091,-0.1280057317767307
116.93866014480591,0,0,0,0,0,0,0,0,0,1,-26.985749999999996,26.905500000000004,70.94575,-35.513,62.4185,8.52725,-11.42425,0,0,0,0,0,0,0,0,0,1
117.06049680709839,-39.843706076375554,50.37526196120824,39.907098838346826,-65.57703444200948,43.053443104618424,9.540326218588092,-1.534600158862112e-17,-0.3899433864621405,0.9043259723174195,-0.17360498594968932,-28.16825,28.855249999999998,65.021,-32.167,61.02225,3.9987500000000002,-11.42425,-23.991836397074206,26.23431697138918,38.994855588380105,-34.578296649850074,15.832143546492347,19.602413758443532,-7.817115249065083e-18,-0.44091467545690555,0.8876540364090335,-0.13290809085033867
117.10461807250977,-39.71064657658265,50.10072902859537,39.86053533239631,-64.67525663271437,42.81159341915867,11.497749400300705,0.0,-0.3874527850854942,0.9024318658458701,-0.18840665284282127,-27.53025,35.03175,66.546,-29.52225,64.554,1.992,-11.42425,-24.02539415731456,26.26740151820598,38.99542832189049,-34.43844254190728,16.03036171727996,20.224467120512372,7.82904229271456e-18,-0.44250375122085117,0.8863017524332866,-0.1366002700918277
117.15474939346313,0,0,0,0,0,0,0,0,0,1,-27.120250000000002,40.7675,62.822250000000004,-24.587500000000002,65.355,-2.53275,-11.42425,0,0,0,0,0,0,0,0,0,1
117.23059177398682,-40.070803949649026,50.84381809765055,39.98657060240709,-65.86247869627209,43.27482692024587,10.91036665006689,7.685706497099834e-18,-0.375948864058291,0.9028309767651929,-0.2087071608893395,-27.32025,47.667500000000004,55.72225,-17.6875,65.355,-9.63275,-11.42425,-24.109995404998116,26.35080976475457,38.996872219493376,-34.5395465905041,16.10421933960842,19.810676082690975,2.3485840829901906e-17,-0.4431079278154971,0.8863502849435189,-0.13430761961854287
117.32381105422974,-39.32155802521717,49.29794815824258,39.72437574134884,-64.52738997383136,42.188865943719804,9.610702516271516,1.528951672260619e-17,-0.36660088642948974,0.9076668713338444,-0.2043150526812521,-27.22025,57.0675,46.422250000000005,-8.2875,65.355,-18.93275,-11.42425,-24.060241534936843,26.301757496916398,38.996023065424346,-34.33504561780947,16.216346379659086,19.56612163260587,1.5666236599578688e-17,-0.44448764801582014,0.8858405603415738,-0.13310609458282166
117.40868258476257,0,0,0,0,0,0,0,0,0,1,-27.22025,65.9675,37.52225,0.6125,65.355,-27.83275,-11.42425,0,0,0,0,0,0,0,0,0,1
117.49482488632202,-39.591189864675464,49.85426183541328,39.81873205398044,-64.82198472439273,42.6153831082336,10.398989926621795,-2.3005259805844762e-17,-0.3696014317213848,0.9048661865767305,-0.21121544938661088,-27.293999999999997,73.75125,29.664750000000005,8.39625,65.355,-35.69025,-11.42425,-24.06677534076375,26.308199166539872,38.99613457851463,-34.178386708626874,16.387922216072667,19.588918968693832,1.1761251044533522e-17,-0.44594992256483795,0.8849688537766998,-0.1340104264957371
117.5574460029602,0,0,0,0,0,0,0,0,0,1,-27.413000000000004,75.65100000000001,27.646,10.296,65.355,-37.709,-11.42425,0,0,0,0,0,0,0,0,0,1
117.60546255111694,-39.54579010057762,49.76059148194652,39.8028446337736,-64.99359994320594,42.39407693351805,10.515487968255428,-1.533850969083353e-17,-0.36840320940764637,0.9047676787079243,-0.21371598644841758,-27.81225,77.3405,27.177250000000008,11.1755,66.165,-38.98775,-11.42425,-24.009261838757364,26.25149668889835,38.99515299006347,-34.17729348440275,16.27277125429751,19.65848232731784,1.176017205599207e-17,-0.4456087985441039,0.8850500491238614,-0.13460761199104151
117.69460010528564,0,0,0,0,0,0,0,0,0,1,-30.37425,87.28675,24.899,16.00675,71.28,-46.381,-11.42425,0,0,0,0,0,0,0,0,0,1
117.82036566734314,-39.462925596270274,49.58962258898949,39.773846615252516,-65.01403105577495,42.13499302583739,10.710828948134491,0.0,-0.3669542078859776,0.904235742621766,-0.21840863325436152,-27.964500000000005,100.671,27.732,22.48725,78.18375,-50.451750000000004,-11.42425,-24.055608758374348,26.297190049268647,38.99594399738272,-34.22558963245177,16.316358865665208,19.666704384170288,-7.841239589379713e-18,-0.445650192393553,0.8849230819710401,-0.1353035292018101
117.86445307731628,-39.39377224144891,49.446943010840805,39.7496467448657,-64.41792762350715,42.130041667632554,11.380408056299046,1.5344550227922778e-17,-0.3301149425144001,0.904411507778232,-0.27030343935477247,-28.363000000000003,106.04450000000001,27.036500000000004,25.3225,80.72200000000001,-53.685500000000005,-11.42425,-24.06007235885613,26.30159070646547,38.99602017807996,-34.32008771693722,16.22636752743773,19.84410695200009,-3.925436909883148e-18,-0.44948228991704997,0.8838371451642796,-0.12960544694873347
117.93841862678528,0,0,0,0,0,0,0,0,0,1,-28.494500000000002,116.41749999999999,26.455999999999996,30.7335,85.684,-59.228,-11.42425,0,0,0,0,0,0,0,0,0,1
117.98798680305481,-39.7783338978526,50.240383835939966,39.88422217167974,-65.35596208642895,42.880552151737334,10.186496267421973,-2.2964592149507115e-17,-0.32188581711197756,0.9064686007135758,-0.2733206846591133,-28.022749999999995,125.619,23.129250000000013,37.2335,88.38550000000001,-65.25625,-11.42425,-23.98661616687958,26.229170354063363,38.994766494211035,-34.469173266127484,15.926355105212139,19.950718609584754,7.862353958510804e-18,-0.4553062227693031,0.8825466190562492,-0.11750620706981223
118.04007172584534,0,0,0,0,0,0,0,0,0,1,-24.643499999999996,131.1595,21.039500000000004,42.73825,88.42125,-67.38175,-11.42425,0,0,0,0,0,0,0,0,0,1
118.17534589767456,-39.50668212345358,49.67990255958373,39.789158992926,-64.99737612693608,42.118086858773935,11.530729426766271,1.5364605659919373e-17,-0.3183383060845058,0.9032309787173075,-0.2878098712077514,-25.575999999999993,137.58575000000002,16.624250000000004,47.692750000000004,89.893,-73.26875,-11.42425,-24.1270394411551,26.36761345511245,38.99716311169206,-34.703412666536394,15.969453042361664,19.963927360833054,-1.180446685403673e-17,-0.45996759966472395,0.8817290085660702,-0.10480344799560411
118.24188375473022,-39.53024368197612,49.728515576829324,39.797404242398414,-64.49111842661554,42.388575390484306,11.744830092527337,-2.3071238608244074e-17,-0.30759273428935385,0.9022784630333297,-0.30212627320147306,-22.569249999999997,145.84750000000003,19.586250000000007,51.846000000000004,94.00150000000001,-74.41525,-11.42425,-24.071707793380558,26.313062064371955,38.99621876115619,-34.68360765733064,15.877678314129042,20.031641176765902,-3.936996346426354e-18,-0.4638999957087524,0.8812421060798956,-0.09060432910898608
118.29087114334106,0,0,0,0,0,0,0,0,0,1,-24.456999999999994,147.90625,17.47475,52.98725,94.919,-77.44425,-11.42425,0,0,0,0,0,0,0,0,0,1
118.35875153541565,-39.34984721233992,49.35631538128286,39.73427540078672,-64.19080156187073,42.03090871653902,11.938696879519654,0.0,-0.30457055744475375,0.8983602247367337,-0.31652121911296466,-27.506499999999996,153.38025,14.769750000000002,55.552,97.82825,-83.0585,-11.42425,-24.014883582714155,26.257039158055957,38.9952489369064,-34.59001455943587,15.856528901319479,20.170540544526432,3.9361647977870764e-18,-0.46496747431032137,0.8814282760478293,-0.08300266270929182
118.40878939628601,0,0,0,0,0,0,0,0,0,1,-24.555500000000002,162.4665,16.993499999999997,60.45875,102.00775,-85.01425,-11.42425,0,0,0,0,0,0,0,0,0,1
118.56874918937683,-39.42326796088248,49.50779959280773,39.75996862424671,-65.19306180597133,41.83384131700666,11.36516497706188,-7.806571459369821e-18,-0.2955602521697119,0.888852928589904,-0.35012084867160825,-18.736000000000004,170.12575,18.73625,66.32675,103.799,-85.06275000000001,-11.42425,-23.861824676894617,26.106138606319355,38.99263666589074,-34.53023710263827,15.609598657613589,20.24961083225932,1.5730273894735468e-17,-0.46478179848816903,0.882234340017373,-0.07510292330005065
118.62080383300781,-39.701331185012144,50.081509192580135,39.857275457742496,-63.53565263987164,43.110132797286894,12.850922330566362,-7.912645475594844e-18,-0.3014441530762093,0.8769372930088957,-0.3743159183182001,-18.736000000000004,170.12575,18.73625,66.32675,103.799,-85.06275000000001,-11.42425,-23.826712893823835,26.071521950663367,38.99203740972376,-34.53943972610304,15.529504003813997,20.279613468045028,3.930360127832278e-18,-0.4657718489204541,0.8827300397704595,-0.0620021099646182
118.69205522537231,0,0,0,0,0,0,0,0,0,1,-18.736000000000004,170.12575,18.73625,66.32675,103.799,-85.06275000000001,-11.42425,0,0,0,0,0,0,0,0,0,1
118.7344102859497,-39.26005675618605,49.171056626463155,39.70285368008338,-64.02281265438671,41.966488649199846,11.418283791784177,-2.368603157785838e-17,-0.29476767588067565,0.8788589867110134,-0.37512517741841284,-18.952249999999992,170.39625,18.249500000000012,66.59725,103.799,-85.5495,-11.42425,-23.751157834236373,25.997032327748627,38.990747904280155,-34.466707934451875,15.456335296785511,20.036598187054324,1.9642982936467688e-18,-0.4664630711264282,0.8831262958317039,-0.05000148883658158
118.80195593833923,0,0,0,0,0,0,0,0,0,1,-17.8185,170.75625,18.435249999999996,67.25125,103.505,-85.06975,-11.42425,0,0,0,0,0,0,0,0,0,1
118.91209149360657,-39.266314910113806,49.183968664710726,39.70504368972649,-64.0817649065844,41.9364268304372,11.523264356716453,-7.927768028043416e-18,-0.2934738807758242,0.8752644980733317,-0.3844283284499414,-18.082499999999996,169.42950000000002,17.522999999999996,66.912,102.5175,-84.9945,-11.42425,-23.693921224452875,25.940602837745306,38.989771041575096,-34.438667116183325,15.368640241018,20.131061352916788,5.8923830320326055e-18,-0.4663072127149588,0.8832030096548593,-0.05010017072430756
118.97525930404663,-39.156876098823226,48.95817074834977,39.66674612548886,-63.99894186781563,41.591525754513825,12.11112793959606,7.969800473734657e-18,-0.2920553682799279,0.8706483840812712,-0.39582199680607294,-17.168499999999995,170.394,17.403999999999996,67.91075000000001,102.48325,-85.07925,-11.42425,-23.65309455535516,25.90035188430078,38.98907424890055,-34.42316231245954,15.300784604613767,20.241312038491373,3.927752087190399e-18,-0.466038711195356,0.8833161754960408,-0.050600926616211545
119.04322671890259,0,0,0,0,0,0,0,0,0,1,-16.06925000000001,169.055,17.24374999999999,67.871,101.184,-83.94025,-11.42425,0,0,0,0,0,0,0,0,0,1
119.10866737365723,-38.976728,48.586483,39.603704199999996,-63.78643400577542,41.20663458499557,11.775420930139916,-1.5930261160318185e-17,-0.28956655500517525,0.8711588383989347,-0.3965267815694842,-15.244250000000008,168.13425,16.53049999999999,68.17975,99.9545,-83.424,-11.42425,-23.606716297876897,25.85462762797881,38.98828270673501,-34.34764620530055,15.285870405719237,20.167998436541325,1.963606141103807e-18,-0.46598992693014346,0.883437589475893,-0.048902080739609645
119.15687441825867,0,0,0,0,0,0,0,0,0,1,-14.359750000000005,167.501,15.797250000000005,68.672,98.82900000000001,-83.03175,-11.42425,0,0,0,0,0,0,0,0,0,1
119.28307223320007,-39.08479897390539,48.80945874726159,39.64152309639111,-63.73560636186292,41.603633367981104,11.684269863649519,-7.967185536430925e-18,-0.2909388655631501,0.8709341425749771,-0.39601552469823287,-14.384500000000003,166.18475,13.415750000000003,69.19225,96.9925,-83.57675,-11.42425,-23.683695366199373,25.93052117902593,38.98959651587218,-34.38946439030198,15.396484190163989,20.223818057589853,-5.8922670835464224e-18,-0.4663488727185668,0.883220389391811,-0.04940114043926116
119.36216330528259,-39.04935307711196,48.73632555488569,39.62911898222541,-63.8714918561962,41.37658859414603,12.089715054894896,-3.2028616751763936e-17,-0.2907992120513623,0.8665867724087807,-0.4055406072842015,-12.936499999999995,166.35425,12.929750000000013,70.244,96.11025000000001,-83.1805,-11.42425,-23.657238168884195,25.904437066828162,38.9891449683498,-34.41686447764178,15.313457908637844,20.357069218146563,7.855459302366944e-18,-0.466050789244157,0.8833212211813583,-0.05040121085422897
119.43764233589172,-39.02704976047138,48.690308585530914,39.62131404820171,-63.840273884215065,41.35753239461957,11.948427052980406,-8.006536984442135e-18,-0.29076124005684106,0.8666535753710384,-0.40542506283800933,-12.47075000000001,167.3225,12.42725,71.21225,96.11025000000001,-83.683,-11.42425,-23.674009589833208,25.920971986250603,38.9894312077986,-34.409931848578225,15.355742660119418,20.258763885400015,0.0,-0.4662516828768922,0.8833215741213462,-0.04850118458608092
119.48400974273682,0,0,0,0,0,0,0,0,0,1,-11.499750000000006,166.8425,11.683750000000003,71.8295,95.013,-83.32925,-11.42425,0,0,0,0,0,0,0,0,0,1
119.57320523262024,0,0,0,0,0,0,0,0,0,1,-11.250249999999994,167.49675000000002,10.910499999999999,72.668,94.82875,-83.91825,-11.42425,0,0,0,0,0,0,0,0,0,1
119.70131826400757,-40.178086220295036,51.06516656524329,40.02411349604028,-64.96971788287726,43.87176220934067,11.591209062597073,2.4170392634730072e-17,-0.3018569399698501,0.8612471475457337,-0.40882238030271234,-10.441000000000003,168.9675,9.450999999999993,74.53775,94.42975,-84.97875,-11.42425,-23.688605034984707,25.935361614311834,38.98968030965991,-34.471972781615165,15.323927610165498,20.14813511326392,5.8889815405565484e-18,-0.46583142585435344,0.8837131500735851,-0.045300674095658466
119.78251695632935,-39.19595973680989,49.03880945336789,39.680423248977164,-63.92037660800793,41.87612554549335,11.258467128413912,-3.214932328827362e-17,-0.29473867812244164,0.8633331210972235,-0.4096157145852226,-10.108249999999998,168.64675,9.028999999999996,74.75475,93.892,-84.863,-11.42425,-23.56900438302286,25.817447506194668,38.98763907386967,-34.39085111625428,15.166577443312178,20.169587395200864,-1.9620420895805075e-18,-0.4652996583144911,0.8841418261051157,-0.04230200118114059
119.85260033607483,-39.65566234310249,49.98728366852508,39.841293875102224,-64.47284494471205,42.89966081935373,10.711700011532457,3.2377910049255405e-17,-0.3027463146528388,0.8572380234982836,-0.41651847501987294,-8.933250000000001,172.5895,8.134749999999997,77.76075,94.82875,-86.694,-11.42425,-23.582107265282495,25.830365618680393,38.987862702017054,-34.37910396060218,15.20538770878133,20.13014417489245,-5.8849264081484285e-18,-0.4653526382937894,0.8843220912201357,-0.03770094180594722
119.91960597038269,0,0,0,0,0,0,0,0,0,1,-8.573999999999998,173.95675,7.126750000000001,79.128,94.82875,-87.702,-11.42425,0,0,0,0,0,0,0,0,0,1
119.98075199127197,-39.452886589296185,49.56890976480627,39.770333515010115,-64.90903194155038,42.386001510417984,9.376636335847707,6.520915488516556e-17,-0.30489718720859227,0.8512784950060144,-0.4270393766066354,-8.825500000000005,175.471,6.534500000000008,80.0555,95.41550000000001,-88.881,-11.42425,-23.651441026142074,25.89872167226423,38.989046027958985,-34.41102072736106,15.310270027666718,20.213696668481106,1.9614079049653006e-18,-0.46546602274225307,0.8844276968525302,-0.03360105225491295
120.05600810050964,0,0,0,0,0,0,0,0,0,1,-7.53725,177.85725000000002,6.826000000000008,81.747,96.11025000000001,-89.28425,-11.42425,0,0,0,0,0,0,0,0,0,1
120.15829157829285,-39.107149056195176,48.85557220511092,39.649344395819675,-64.04000362247396,41.65971261487651,10.827358301234767,-3.304455698523728e-17,-0.3082559544665048,0.8399439468360484,-0.44662336784971923,-6.33250000000001,179.61700000000002,6.271000000000001,83.50675,96.11025000000001,-89.83925,-11.42425,-23.54074639273171,25.789587994831574,38.98715679204097,-34.34419074983961,15.155393983674628,20.28403275524917,-3.9200471327374415e-18,-0.46462422561672934,0.8850523563809385,-0.028401680136970222
120.2288749217987,-39.068622188536175,48.77608224776646,39.63586211132073,-64.08176040794777,41.693704606960836,9.91538192251599,3.3225948675106595e-17,-0.3120760203798667,0.8353584087855955,-0.4525316412971171,-6.154250000000005,180.88725,5.179000000000002,84.777,96.11025000000001,-90.93125,-11.42425,-23.49658132734656,25.7460457213623,38.98640302263701,-34.27718281680896,15.135182605849451,20.273961155705592,1.95916325780487e-18,-0.4641970445256727,0.8854410009303997,-0.02270105118716973
120.29324245452881,0,0,0,0,0,0,0,0,0,1,-5.1612499999999955,181.89800000000002,5.16125000000001,85.78775,96.11025000000001,-90.949,-11.42425,0,0,0,0,0,0,0,0,0,1
120.36227941513062,-40.049906351637624,50.800701455279544,39.97925759258164,-64.3963284407082,43.969689194572325,10.681959452659015,-3.372631038889505e-17,-0.32729175825324447,0.822965076688848,-0.46433671783525604,-6.033249999999995,182.3135,5.636250000000004,85.322,96.9915,-91.35525,-11.42425,-23.592821900933988,25.84092916232269,38.98804556973067,-34.29362895283063,15.310239868852776,20.319617253652495,-9.795882951054058e-19,-0.4643828554081351,0.8854349754098215,-0.018800742644798557
120.49380016326904,-39.201334474845765,49.049898797588426,39.682304111650666,-64.45601348934557,41.86867431302187,9.854388209518845,8.432964979587495e-17,-0.3188403775716641,0.8228296833561201,-0.4704169701637322,-6.349999999999994,183.82150000000001,5.924999999999997,85.77325,98.04825,-92.12325,-11.42425,-23.537606179061072,25.786492062759326,38.987103197713274,-34.308522853170984,15.184781154257635,20.313429954985878,-4.893936046998759e-19,-0.4631403912345787,0.8861596572357328,-0.014901003151802754
120.56868386268616,-38.976728,48.586483,39.603704199999996,-63.44649277920655,41.12659939618197,9.282905266993481,-1.0154988469251252e-16,-0.3202808325809973,0.8199588517408347,-0.4744340520378728,-6.356749999999991,184.6325,6.356750000000005,85.9595,98.673,-92.31625,-11.42425,-23.34824173181961,25.599797930751578,38.983871296542446,-34.11025136932088,15.008173729239928,20.249412487678256,-9.780481127756095e-19,-0.46196855739617937,0.8868293151007796,-0.010900360323182782
120.6172866821289,0,0,0,0,0,0,0,0,0,1,-6.399749999999997,184.635,6.316249999999997,85.9595,98.6755,-92.35925,-11.42425,0,0,0,0,0,0,0,0,0,1
120.66828417778015,0,0,0,0,0,0,0,0,0,1,-6.677250000000001,186.42425,6.546499999999995,86.60025,99.824,-93.2775,-11.42425,0,0,0,0,0,0,0,0,0,1
120.75140857696533,-39.231348658322155,49.111825092385686,39.6928074249284,-63.47134907809803,42.23134552887467,10.991272366508639,5.126107799951476e-17,-0.32491704237250313,0.812182752454747,-0.48454937023066735,-6.97475,187.1535,5.961250000000007,87.10875,100.04475000000001,-94.0835,-11.42425,-23.422699377964864,25.673205615356196,38.98514207232565,-34.14328901512857,15.125302199080835,20.151998753984202,0.0,-0.46222389072497577,0.886710202195673,-0.009700111606290772
120.8610532283783,-39.10698443355349,48.855232550019274,39.6492867869502,-64.19442989272522,41.74339564234978,9.890155186659712,0.0,-0.3231250909521415,0.8150894398373884,-0.48085276401695237,-6.73575000000001,191.82125000000002,1.5324999999999989,91.7765,100.04475000000001,-98.51225000000001,-11.42425,-23.37142908700415,25.62265831036768,38.984267037355785,-34.1360498480129,15.030773876505776,20.111849150117934,9.778358151593388e-19,-0.4616510223882811,0.8870218543253772,-0.008400206963171553
120.94620394706726,-38.976728,48.586483,39.603704199999996,-64.32390241617617,39.48521005892053,10.15479595536982,7.020144330140387e-17,-0.3253595017973313,0.7907408825332191,-0.5185268086423095,-5.1085000000000065,199.57375000000002,-4.592749999999995,99.529,100.04475000000001,-104.6375,-11.42425,-23.212784923617647,25.46625126135192,38.981559442213914,-33.96269850132623,14.88589595503855,20.30487686437999,-2.4434459935007067e-19,-0.4608859996976181,0.8874369847906285,-0.006300262569507504
120.9926815032959,0,0,0,0,0,0,0,0,0,1,-3.781499999999994,201.11425000000003,-4.8062499999999915,101.0695,100.04475000000001,-104.851,-11.42425,0,0,0,0,0,0,0,0,0,1
121.04279446601868,0,0,0,0,0,0,0,0,0,1,-3.5065000000000026,200.58575000000002,-4.002749999999992,100.541,100.04475000000001,-104.0475,-11.42425,0,0,0,0,0,0,0,0,0,1
121.11341738700867,-38.976728,48.586483,39.603704199999996,-63.86396481764456,41.663253506452264,8.327698764161568,1.8276454904091282e-17,-0.35854536846143353,0.7593260225049357,-0.5430186095353352,-3.5690000000000026,200.52325000000002,-4.002749999999992,100.4785,100.04475000000001,-104.0475,-11.42425,-22.98757630723554,25.244218415331407,38.97771578517285,-33.738386001263905,14.665312875514815,20.1647804427854,-4.880155151157153e-19,-0.45844246336371947,0.8886620518435159,0.010500733225699886
121.23839449882507,-38.93302561607587,48.497020343212576,39.59435235183657,-63.53841894270363,39.86827826182714,7.15540027209903,-3.680222744155798e-17,-0.3510393875283872,0.7541819488971103,-0.5549603016085487,-3.5690000000000026,200.52325000000002,-4.002749999999992,100.4785,100.04475000000001,-104.0475,-11.42425,-22.800468600000002,25.059749200000002,38.9745224,-33.562307239960404,14.412589031065608,19.887423401654956,2.924563689477945e-18,-0.45587818091243776,0.8897345006802371,0.023400907402402544
121.31417679786682,-38.976728,48.586483,39.603704199999996,-62.90818682218935,40.81771483583043,7.526853723041455,-3.68771360388445e-17,-0.3566872236231836,0.7526499776553313,-0.5534367494478609,-3.5690000000000026,200.52325000000002,-4.002749999999992,100.4785,100.04475000000001,-104.0475,-11.42425,-22.88200201200172,25.14013287182981,38.975913938557255,-33.64875775301638,14.552969078115439,19.705710025200062,4.873740752753448e-18,-0.45547153915489846,0.8898316324051316,0.027300970515464262
121.35704112052917,0,0,0,0,0,0,0,0,0,1,-3.5690000000000026,200.52325000000002,-4.002749999999992,100.4785,100.04475000000001,-104.0475,-11.42425,0,0,0,0,0,0,0,0,0,1
121.44459581375122,-38.976728,48.586483,39.603704199999996,-63.589707351575015,40.884807881147,8.130201293929105,3.7128005176274914e-17,-0.3583139684335764,0.7475644189299172,-0.5592481913921199,-3.5690000000000026,200.52325000000002,-4.002749999999992,100.4785,100.04475000000001,-104.0475,-11.42425,-22.973712032369942,25.23054964698732,38.977479162264885,-33.71401218547305,14.670857549556573,19.670437268772076,0.0,-0.4556227107001507,0.889754215870672,0.027301663586904962
121.53974747657776,0,0,0,0,0,0,0,0,0,1,-3.5690000000000026,200.52325000000002,-4.002749999999992,100.4785,100.04475000000001,-104.0475,-11.42425,0,0,0,0,0,0,0,0,0,1
121.68869090080261,-38.976728,48.586483,39.603704199999996,-63.799691236611665,40.843971853582815,7.976776436498199,-1.8616977234914216e-17,-0.35886619405243597,0.7454372228477618,-0.5617280494681887,-3.5690000000000026,200.52325000000002,-4.002749999999992,100.4785,100.04475000000001,-104.0475,-11.42425,-22.916449963159454,25.17409505657211,38.97650186504135,-33.70901318521334,14.561112338369242,19.685635907456202,-3.898119402601044e-18,-0.45506987222096723,0.8900309594515253,0.02750095661226623
121.73832774162292,-39.41542031520996,49.49160806056886,39.75722237992339,-62.30010907711838,43.68719057832101,8.5842800416128,0.0,-0.3687072566031802,0.7548586044623359,-0.542442113222537,-3.5690000000000026,200.52325000000002,-4.002749999999992,100.4785,100.04475000000001,-104.0475,-11.42425,-22.8481254805926,25.106734048983228,38.975335764548774,-33.68539246408696,14.447566926197936,19.733064811178707,-7.793389498244429e-18,-0.45442677757062305,0.8903563597675072,0.027601747197105692
121.78681492805481,0,0,0,0,0,0,0,0,0,1,-3.5690000000000026,200.52325000000002,-4.002749999999992,100.4785,100.04475000000001,-104.0475,-11.42425,0,0,0,0,0,0,0,0,0,1
121.84656286239624,-38.994187357758186,48.62250574692413,39.609814014858244,-63.812803990617994,42.025450610133475,7.583792971831031,-1.8538887013091816e-17,-0.3605376440751364,0.748577182546839,-0.5564573739065615,-3.893500000000003,200.19875000000002,-4.002749999999992,100.154,100.04475000000001,-104.0475,-11.42425,-22.898411952687532,25.15631140838863,38.97619400858776,-33.661293767561205,14.572808497478718,19.721497544912182,-9.74318165379461e-19,-0.45465479810879195,0.8902243320595365,0.02810076806433719
121.94207763671875,-39.33170546126776,49.31888469702264,39.72792678580383,-64.66151138814038,42.640700192734926,6.7194645015724745,5.552917138123097e-17,-0.36530283600088553,0.7497566123869012,-0.5517416607360988,-4.037999999999997,200.05425000000002,-4.002749999999992,100.0095,100.04475000000001,-104.0475,-11.449,-22.908244992816545,25.1660057882927,38.9763618300261,-33.702745177940955,14.551192628687573,19.677742147600128,9.742108645082184e-19,-0.45445035468427875,0.8903223825431752,0.028300711474752164
122.07890820503235,0,0,0,0,0,0,0,0,0,1,-4.515249999999995,199.577,-4.002749999999992,99.53225,100.04475000000001,-104.0475,-11.528500000000001,0,0,0,0,0,0,0,0,0,1
122.16152262687683,-38.976728,48.586483,39.603704199999996,-64.01466862257337,41.77740779650709,6.569729150874082,7.427773925026413e-17,-0.3615820440683043,0.7473457295761792,-0.5574341090134646,-6.015749999999997,198.0765,-4.002749999999992,98.03175,100.04475000000001,-104.0475,-11.5685,-22.800468600000002,25.059749200000002,38.9745224,-33.62162351258007,14.393842461834225,19.699194429537073,1.945333351316785e-18,-0.4514794214888428,0.8917358430125012,0.03120125412357299
122.22752618789673,-38.64042332601858,47.89803749833951,39.53173855498657,-64.10536024030577,38.70842886925659,8.44145118540959,-3.837178968689728e-17,-0.3583600570661211,0.7233328401439286,-0.5902267969762847,-6.7265000000000015,197.36575,-4.002749999999992,97.321,100.04475000000001,-104.0475,-11.6015,-22.800468600000002,25.059749200000002,38.9745224,-33.31298946553997,14.388679083336285,19.836738475319322,-5.811928580443438e-18,-0.44376217135017254,0.8954291774062638,0.0358011665748763
122.2889564037323,0,0,0,0,0,0,0,0,0,1,-6.233750000000001,197.8585,-4.002749999999992,97.81375,100.04475000000001,-104.0475,-11.6335,0,0,0,0,0,0,0,0,0,1
122.35267496109009,-38.976728,48.586483,39.603704199999996,-62.81800575253661,42.63987260291739,6.436116153082111,-1.8604163351043426e-17,-0.3689939244214074,0.7459506534077013,-0.554437648812481,-7.195499999999996,196.89675,-4.002749999999992,96.852,100.04475000000001,-104.0475,-11.664,-22.802033885150955,25.06129241234455,38.97454911487169,-33.18501268703375,14.85927391940163,19.942390945388894,0.0,-0.43543656396589103,0.8994668184735659,0.03680273395577854
122.49373316764832,-37.92800200212467,46.43964784851606,39.379287922979664,-63.24805894091676,37.17992092762994,9.636816382514667,3.9039606352549125e-17,-0.35941103383301626,0.7109594129864116,-0.6044505123209836,-7.229749999999996,196.8625,-4.002749999999992,96.81775,100.04475000000001,-104.0475,-11.735,-23.01883541582879,25.27503672484603,38.97824928737526,-33.112871243582305,15.363862372124558,20.075003559854565,-1.9211448695344793e-18,-0.4280248942676584,0.9029633857842047,0.03810267471301162
122.53310704231262,0,0,0,0,0,0,0,0,0,1,-8.18249999999999,195.90975000000003,-4.002749999999992,95.86500000000001,100.04475000000001,-104.0475,-11.75075,0,0,0,0,0,0,0,0,0,1
122.60424494743347,-38.77895167390538,48.181617315491856,39.561382156992735,-64.54931550612713,38.87253187953533,8.186747585185799,7.796189340674985e-17,-0.36565609729081805,0.7120292851488357,-0.5994246538177137,-7.400750000000002,196.69150000000002,-4.002749999999992,96.64675,100.04475000000001,-104.0475,-11.751,-23.156790132470753,25.411046078529008,38.98060377374655,-33.06815754229535,15.682519732501731,20.229464466218218,0.0,-0.4211453934507431,0.9061238241507834,0.03970104383488146
122.67492079734802,0,0,0,0,0,0,0,0,0,1,-8.100250000000003,195.99200000000002,-4.002749999999992,95.94725,100.04475000000001,-104.0475,-11.751,0,0,0,0,0,0,0,0,0,1
122.7444977760315,-39.33213129482811,49.31976329145829,39.72807580412686,-65.20387775825441,41.96668717466903,9.150049857417258,-5.900226354933575e-17,-0.37644683402806406,0.7056231561121535,-0.600319700416845,-8.305499999999995,195.78675,-4.002749999999992,95.742,100.04475000000001,-104.0475,-11.751,-23.583360455152295,25.831601136743004,38.98788409032868,-33.36269582024937,16.233641305473597,20.430492361359427,0.0,-0.41800367867818405,0.9077552599816168,0.035402155121019324
122.87628841400146,-39.02647022667708,48.689112871490615,39.621111243251136,-65.85055803431567,41.19052103153459,7.179625857663609,3.896899793291079e-17,-0.36879237904295814,0.7122476093281395,-0.5972399217786645,-8.305499999999995,195.78675,-4.002749999999992,95.742,100.04475000000001,-104.0475,-11.751,-23.88081940402085,26.124865480055238,38.992960850719165,-33.66179956910986,16.525926465875926,20.395760064772816,2.865293161483509e-18,-0.41737342895119467,0.9081392609117797,0.03290142240281637
122.92533564567566,0,0,0,0,0,0,0,0,0,1,-8.393500000000003,195.69875000000002,-4.002749999999992,95.654,100.04475000000001,-104.0475,-11.751,0,0,0,0,0,0,0,0,0,1
122.99063038825989,-38.976728,48.586483,39.603704199999996,-65.11953258643786,41.175082455535204,6.702694578624175,-1.9306201565165117e-17,-0.3676485743742718,0.7188253868049659,-0.5900208378059681,-9.414500000000004,194.67775,-4.002749999999992,94.633,100.04475000000001,-104.0475,-11.751,-23.899334820657618,26.14311980227949,38.99327685510953,-33.72474925269972,16.50299165252227,20.171904460258702,9.552763642133579e-19,-0.41763002798763205,0.9079694321785619,0.03430262311237434
123.04046273231506,0,0,0,0,0,0,0,0,0,1,-8.837249999999997,195.255,-4.002749999999992,95.21025,100.04475000000001,-104.0475,-11.751,0,0,0,0,0,0,0,0,0,1
123.11012172698975,-39.15039085116899,48.944790162521564,39.66447664553283,-65.28774883146212,41.80505101702721,7.0696317754871245,-9.668783310057214e-17,-0.36971496742925697,0.7176594698000494,-0.590148903468519,-9.789749999999998,194.3025,-4.002749999999992,94.25775,100.04475000000001,-104.0475,-11.751,-23.932688905482287,26.176003545801386,38.99384611247208,-33.76922968882809,16.524808579951298,20.159841604900777,9.552896626792577e-19,-0.41770639323993697,0.9079567924515726,0.03370210805773543
123.23695182800293,-38.976728,48.586483,39.603704199999996,-65.29605138619189,40.93096774837288,7.616723638928278,-1.1695563474370195e-16,-0.3678993854297697,0.7119513910497642,-0.5981431759894142,-9.41525,194.67700000000002,-4.002749999999992,94.63225,100.04475000000001,-104.0475,-11.751,-23.799425708380777,26.044619554382347,38.991571696714445,-33.70348859008948,16.32445990350648,20.185110474749905,0.0,-0.41709672538741216,0.9082517851403933,0.03330189875046807
123.30758762359619,0,0,0,0,0,0,0,0,0,1,-9.41525,194.67700000000002,-4.002749999999992,94.63225,100.04475000000001,-104.0475,-11.751,0,0,0,0,0,0,0,0,0,1
123.35764861106873,-38.976728,48.586483,39.603704199999996,-65.09135015836728,41.44039444357071,6.556354906106151,5.783616256093042e-17,-0.3676956120340181,0.7198500311908249,-0.588740918813613,-9.024249999999995,195.068,-4.002749999999992,95.02325,100.04475000000001,-104.0475,-11.751,-23.960825091437506,26.203742970447557,38.99432631545451,-33.73092936857785,16.620399593844326,20.13347034153267,9.557065978730713e-19,-0.4186141900514283,0.9075606885195945,0.03310221354269815
123.44542050361633,-39.28191557026998,49.21615648286754,39.71050306266224,-64.92151234005507,42.447453292923626,6.350472441066074,-3.828137798301265e-17,-0.3703790257216973,0.7250411839392364,-0.5806329812346491,-9.483000000000004,194.60925,-4.002749999999992,94.5645,100.04475000000001,-104.0475,-11.751,-24.156678304086274,26.396834366794863,38.99766896100646,-33.868887356382004,16.873758976542987,20.047583108490812,-3.825048489777093e-18,-0.4197633010727374,0.9070334562362106,0.03300121726107492
123.49124813079834,0,0,0,0,0,0,0,0,0,1,-9.884249999999994,194.20800000000003,-4.002749999999992,94.16325,100.04475000000001,-104.0475,-11.751,0,0,0,0,0,0,0,0,0,1
123.60485863685608,-39.05372375450417,48.74534328668128,39.63064847890229,-64.69013327318251,41.83794704649728,7.0974435670009655,-7.706235426123266e-17,-0.3697784342594531,0.7203407132240118,-0.5868331674577956,-10.745750000000001,193.3465,-4.002749999999992,93.30175,100.04475000000001,-104.0475,-11.751,-24.003613519832413,26.245928019518445,38.99505658966301,-33.75884812246551,16.6775523007301,20.14082637830444,3.823793755412728e-18,-0.4191586485675966,0.9073310889329421,0.032501113623190366
123.66331386566162,0,0,0,0,0,0,0,0,0,1,-10.994,193.09825,-4.002749999999992,93.0535,100.04475000000001,-104.0475,-11.751,0,0,0,0,0,0,0,0,0,1
123.73436522483826,-39.03453026021128,48.70574260966449,39.62393181164359,-64.83525556396717,41.668838199384794,7.384744312815684,-1.3547820167540336e-16,-0.3697949194134516,0.7170490414941653,-0.5908404096440066,-10.768249999999995,193.324,-4.002749999999992,93.27925,100.04475000000001,-104.0475,-11.751,-23.922573094696098,26.16603038271933,38.99367346495983,-33.70446409537399,16.569692110627756,20.192870177055056,9.557183616541297e-19,-0.4186932035707559,0.9075495175034609,0.03240176789764423
123.78396534919739,0,0,0,0,0,0,0,0,0,1,-9.884249999999994,194.20800000000003,-4.002749999999992,94.16325,100.04475000000001,-104.0475,-11.751,0,0,0,0,0,0,0,0,0,1
123.84806537628174,-39.1381048426738,48.919441247580934,39.66017721835503,-65.01442083338932,41.839497015528835,7.458740087730291,0.0,-0.37121610377716496,0.7160595472574798,-0.5911491597540454,-10.982,193.11025,-4.002749999999992,93.0655,100.04475000000001,-104.0475,-11.751,-23.97399064941967,26.216722874836595,38.99455101329445,-33.77362213114563,16.601863034367142,20.22421021141949,1.9116550511894815e-18,-0.41898645268888923,0.9074458673375287,0.031501592264858005
123.98198795318604,-39.0671977752285,48.773143349279565,39.63536364501332,-64.82290402309349,41.75526950519642,7.412620266857573,0.0,-0.37069888864051687,0.7162508420251675,-0.5912419684519394,-12.103749999999991,191.98850000000002,-4.002749999999992,91.94375000000001,100.04475000000001,-104.0475,-11.751,-24.04780404464456,26.28949539339962,38.99581079358545,-33.802814237487325,16.71981383397511,20.230162505026357,2.868042947786777e-18,-0.4194295122260902,0.9072685665231053,0.030702320317746175
124.0724310874939,-38.97699603168962,48.587036012193046,39.6037979963482,-64.72455547222182,41.64485697237242,6.958047241770487,7.718980012895567e-17,-0.36889878136558446,0.719151379308136,-0.5888420694432355,-12.57275,191.5195,-4.002749999999992,91.47475,100.04475000000001,-104.0475,-11.751,-23.93458798905697,26.177875849524444,38.993878524313466,-33.72720372077211,16.571452475379175,20.14726523705187,9.558153608728038e-19,-0.4189081833739468,0.9074574164578932,0.03220203748065259
124.1805329322815,-39.04310491762985,48.723434137521835,39.626932470088526,-64.81433720363722,41.8048592954712,6.774366820094542,3.8537132250019857e-17,-0.36905647516645157,0.7202293994155369,-0.5874239783625193,-12.57275,191.5195,-4.002749999999992,91.47475,100.04475000000001,-104.0475,-11.751,-24.018768627863913,26.2608694183958,38.99531524334433,-33.81725564453228,16.64992549489847,20.065824238564574,1.9120311168240233e-18,-0.4193272286493046,0.9072673873939182,0.03210238440844883
124.2339379787445,0,0,0,0,0,0,0,0,0,1,-12.57275,191.5195,-4.002749999999992,91.47475,100.04475000000001,-104.0475,-11.751,0,0,0,0,0,0,0,0,0,1
124.31464219093323,-38.976728,48.586483,39.603704199999996,-64.88675159363314,41.33965594287335,7.136778184228206,1.936822519757822e-17,-0.36844519012868804,0.7165234638819522,-0.5923193965907614,-12.529749999999993,191.5625,-4.002749999999992,91.51775,100.04475000000001,-104.0475,-11.751,-24.058840998573952,26.300376710161416,38.995999162336005,-33.84447777636288,16.701563879539236,20.11866771280964,4.780268894561829e-18,-0.41945878494177435,0.9072311172444076,0.03140107702984392
124.45210695266724,-38.976728,48.586483,39.603704199999996,-64.85305149875492,41.35504373130962,7.13153227417925,1.354385680978429e-16,-0.3684132558778073,0.7172588725577971,-0.5914485460550489,-12.167000000000002,191.92525,-4.002749999999992,91.8805,100.04475000000001,-104.0475,-11.751,-24.049966317883715,26.291627175428548,38.99584769731006,-33.85740604763339,16.67041634420481,20.13487545307615,2.8680717129920175e-18,-0.41941231707594334,0.907259467110979,0.031202045165192413
124.54032588005066,0,0,0,0,0,0,0,0,0,1,-12.489000000000004,191.60325,-4.002749999999992,91.5585,100.04475000000001,-104.0475,-11.791500000000001,0,0,0,0,0,0,0,0,0,1
124.60825514793396,-39.01081473369955,48.65681192037243,39.615632681844005,-64.65485546051892,41.73603546526866,7.139509058144597,0.0,-0.3703806162184665,0.7186416417005694,-0.5885341026172906,-13.092749999999995,190.9995,-4.002749999999992,90.95475,100.04475000000001,-104.0475,-11.824,-24.01854265449499,26.260646631581366,38.99531138663519,-33.79811960255901,16.66656989973046,20.199453485682767,-3.8242500621957885e-18,-0.4195431392040495,0.9072228268361576,0.030500767436621258
124.66202521324158,0,0,0,0,0,0,0,0,0,1,-13.814750000000004,190.2775,-4.002749999999992,90.23275,100.04475000000001,-104.0475,-11.852500000000001,0,0,0,0,0,0,0,0,0,1
124.73340177536011,-38.64849352630457,47.91455791424281,39.533465492534276,-64.96273522274262,38.46001701666779,7.008691718162964,-7.83788639213899e-17,-0.366579912891524,0.7082413351504144,-0.6033352125052881,-14.89425,189.198,-4.002749999999992,89.15325,100.04475000000001,-104.0475,-11.887500000000001,-23.81893276800735,26.06385153598216,38.99190462557076,-33.62394898795529,16.44503270054591,20.134755213789134,5.724890565094545e-18,-0.4151791744806351,0.9090427788543195,0.03560167538747391
124.86993169784546,-38.976728,48.586483,39.603704199999996,-65.65812001862207,40.65614510850888,7.725253920547431,3.954053195794544e-17,-0.3783075968067898,0.701952509014022,-0.6034451402465604,-15.261499999999998,188.83075000000002,-4.002749999999992,88.786,100.04475000000001,-104.0475,-11.955,-24.020204007832117,26.262284557410375,38.99533974111183,-33.63643403829204,16.83130533577632,20.348852329113555,-1.9024638002505383e-18,-0.4086537352182207,0.9118299521643243,0.03960130083977545
124.93840551376343,0,0,0,0,0,0,0,0,0,1,-15.261499999999998,188.83075000000002,-4.002749999999992,88.786,100.04475000000001,-104.0475,-11.98,0,0,0,0,0,0,0,0,0,1
124.9977011680603,-40.21962818035806,51.150877364850516,40.03865089703458,-67.03367509459974,44.268277655709966,3.9940414239985103,7.712675540895577e-17,-0.3895822066570681,0.7197392258615875,-0.5746313174657054,-16.371250000000003,187.721,-4.002749999999992,87.67625,100.04475000000001,-104.0475,-12.019,-24.33988374268697,26.577456341177633,39.00079574578651,-33.830352179731506,17.27011508771885,20.580890593244277,1.8965806537741664e-18,-0.4019015225128684,0.9146584262181175,0.04330276607833423
125.04632544517517,0,0,0,0,0,0,0,0,0,1,-16.371250000000003,187.721,-4.002749999999992,87.67625,100.04475000000001,-104.0475,-12.044,0,0,0,0,0,0,0,0,0,1
125.11554789543152,-39.274218616548744,49.200275863441156,39.707809552233016,-66.94018623290785,41.46396110410805,6.262161462962723,-1.9577900217597138e-17,-0.38250255246110054,0.7088496546397111,-0.5926415143051534,-16.371250000000003,187.721,-4.002749999999992,87.67625,100.04475000000001,-104.0475,-12.078,-24.537280437081503,26.772069453924157,39.00416473408936,-33.99601462020689,17.496949465834064,20.58234686273144,3.781279014146948e-18,-0.3945548152029591,0.9175326493954367,0.04960176502453805
125.25017881393433,-39.27180871697136,49.19530367581598,39.70696621993817,-66.31242044476713,41.77616850376043,6.178276691744202,-9.794525569784767e-17,-0.3873973514009029,0.7084461472348489,-0.5899384278004479,-16.371250000000003,187.721,-4.002749999999992,87.67625,100.04475000000001,-104.0475,-12.145,-24.79811740468453,27.029228239385535,39.00861646361553,-34.07974757248661,17.931935991538893,20.691321700000373,7.54140241855479e-18,-0.38801069725029663,0.9201065688836395,0.05340038123941568
125.3311095237732,-39.38552462032282,49.429926235500844,39.7467605311344,-66.02211678958616,42.20017483198734,6.256009705400459,-5.843651613670354e-17,-0.3912163514473987,0.7124545776488164,-0.5825446258849464,-17.160749999999993,186.93150000000003,-4.002749999999992,86.88675,100.04475000000001,-104.0475,-12.185,-24.847779206851747,27.078189737621404,39.00946404635299,-33.97849974136716,18.1307736158995,20.876557970293817,-1.8795778130633643e-18,-0.380351109207748,0.9229325138444407,0.05940209266698426
125.4151840209961,0,0,0,0,0,0,0,0,0,1,-17.480999999999995,186.61125,-4.002749999999992,86.5665,100.04475000000001,-104.0475,-12.2285,0,0,0,0,0,0,0,0,0,1
125.47866010665894,-39.553413119699435,49.77631955696658,39.80551227115983,-65.96474935481476,42.629074018347325,6.4720061529812085,-3.885000662196565e-17,-0.39416266059435956,0.7144291090013871,-0.578123555310333,-17.480999999999995,186.61125,-4.002749999999992,86.5665,100.04475000000001,-104.0475,-12.26,-24.997638770387223,27.22593606247213,39.01202171388724,-33.97208853305105,18.434151759497553,21.045142069173068,-1.875244620810103e-18,-0.374099549251969,0.9250651657528336,0.06560462148474148
125.53707599639893,0,0,0,0,0,0,0,0,0,1,-17.54424999999999,186.548,-4.002749999999992,86.50325000000001,100.04475000000001,-104.0475,-12.290000000000001,0,0,0,0,0,0,0,0,0,1
125.66883111000061,-39.73559174901064,50.1521967655991,39.86926477062955,-66.42039429391824,42.87986458768222,6.491799581235767,-9.718129772038477e-17,-0.3965334121753727,0.7140153575508101,-0.577012410793862,-18.59075,185.50150000000002,-4.002749999999992,85.45675,100.04475000000001,-104.0475,-12.355,-25.20559501254635,27.43095981793973,39.01557092300388,-34.164184246464345,18.65397483742109,21.12309751350162,0.0,-0.3680811649386763,0.9271546142339762,0.07000412360735447
125.73890042304993,-39.628848603744395,49.931960640017145,39.83191054122453,-66.76895357923979,42.42028211844763,6.564534569985085,7.769986852579192e-17,-0.39736642163577757,0.7144304396452265,-0.5759245383422256,-18.59075,185.50150000000002,-4.002749999999992,85.45675,100.04475000000001,-104.0475,-12.39,-25.335625583812824,27.559156768268586,39.01779016722655,-34.360605647463615,18.714500399239455,21.144435029665743,-1.8663706393360346e-18,-0.36129156123363426,0.9294635478159571,0.07460510078230084
125.80837821960449,0,0,0,0,0,0,0,0,0,1,-18.59075,185.50150000000002,-4.002749999999992,85.45675,100.04475000000001,-104.0475,-12.416,0,0,0,0,0,0,0,0,0,1
125.85340642929077,-39.598198060107165,49.86872138506726,39.82118453689368,-66.78863217862335,42.320890903570614,6.623136098391569,5.81040372271018e-17,-0.39906867221467857,0.7165313360363893,-0.5721250207207516,-18.593249999999998,185.49900000000002,-4.002749999999992,85.45425,100.04475000000001,-104.0475,-12.447000000000001,-25.534559881518827,27.755285801874535,39.021185397952486,-34.503710763491426,18.965533340664194,21.247407783762668,1.862128417662432e-18,-0.3554136218335922,0.9315810120949879,0.07640664447027062
125.94639921188354,0,0,0,0,0,0,0,0,0,1,-19.70049999999999,184.39175,-4.002749999999992,84.34700000000001,100.04475000000001,-104.0475,-12.484,0,0,0,0,0,0,0,0,0,1
126.07685446739197,-39.62879760841298,49.93185542469689,39.83189269566355,-67.2206797059838,42.194607655686724,6.603451703415033,0.0,-0.4004489645366111,0.7171222307420017,-0.5704176829106645,-19.70049999999999,184.39175,-4.002749999999992,84.34700000000001,100.04475000000001,-104.0475,-12.5485,-25.707488928647546,27.92577629691163,39.02413679457433,-34.71248805080563,19.10025119089883,21.216373204179803,-1.857615650843718e-18,-0.3491601451978585,0.9338441324979716,0.0776036674682401
126.16556644439697,-39.716281542078264,50.112355283053645,39.86250726036684,-67.42158361341555,42.30501123739444,6.723237633827438,1.9350946171627848e-17,-0.40274071551331064,0.717163268644813,-0.5687501755380074,-19.70049999999999,184.39175,-4.002749999999992,84.34700000000001,100.04475000000001,-104.0475,-12.603,-25.754574,27.972197400000006,39.024940400000006,-34.90522232242705,19.410483809002116,21.078862392941716,3.70835422001462e-18,-0.3456017563547291,0.9355759310230987,0.07250588455283233
126.23470139503479,-39.61583150394014,49.90510331236344,39.82735527230245,-67.46614383153465,41.93869535131792,7.211527566725039,-5.824218114009292e-17,-0.4043714607556596,0.714831804174718,-0.5705253837180704,-19.70049999999999,184.39175,-4.002749999999992,84.34700000000001,100.04475000000001,-104.0475,-12.638,-25.929112039484014,28.162905091402394,39.02480798341738,-35.11557950024729,19.74281282601561,20.988268341313727,3.702891979238251e-18,-0.3442745518213069,0.9369560255623064,0.059903581952377154
126.28840184211731,0,0,0,0,0,0,0,0,0,1,-19.70049999999999,184.39175,-4.002749999999992,84.34700000000001,100.04475000000001,-104.0475,-12.665000000000001,0,0,0,0,0,0,0,0,0,1
126.3689239025116,-39.64049225722169,49.95598422601005,39.83598517947899,-67.8194080339087,41.893313195307,6.84869859429196,-3.8744870137212026e-17,-0.40555268257003035,0.7163677544236087,-0.5677536984312199,-19.70049999999999,184.39175,-4.002749999999992,84.34700000000001,100.04475000000001,-104.0475,-12.705,-26.09561133466515,28.34482930859877,39.02468166558007,-35.372378397824406,19.842023996969516,20.88771253709976,3.69893246029911e-18,-0.343078017540607,0.9379589893006756,0.05030316362279984
126.47482872009277,-39.576993762424216,49.82497194939408,39.813764199053296,-68.18155761128762,41.31156295511863,8.267646916693081,0.0,-0.41193537170335176,0.7076577400126521,-0.5740468382804728,-19.70049999999999,184.39175,-4.002749999999992,84.34700000000001,100.04475000000001,-104.0475,-12.711500000000001,-26.267055283165877,28.532156264488393,39.02455159638806,-35.59126923187699,19.98583922711873,20.761205690072046,-6.469033457349648e-18,-0.34247015935320135,0.9385532175630948,0.042802426970378754
126.56321740150452,-40.603114912199956,51.9421003686536,40.172850159378534,-69.048547628009,43.908189408069006,6.254400937001634,3.863338697348654e-17,-0.41888317973807615,0.7184349545815673,-0.5553270187627287,-19.70049999999999,184.39175,-4.002749999999992,84.34700000000001,100.04475000000001,-104.0475,-12.711500000000001,-26.471727844537693,28.75579021722457,39.02439631768083,-35.86726658071768,20.144134369533802,20.672503315128097,-2.770408014814402e-18,-0.3415558982607117,0.9392425953328511,0.034101546529866085
126.6052610874176,0,0,0,0,0,0,0,0,0,1,-18.59075,185.50150000000002,-4.002749999999992,85.45675,100.04475000000001,-104.0475,-12.711500000000001,0,0,0,0,0,0,0,0,0,1
126.70025420188904,-39.58957871055902,49.8509376468723,39.81816823866169,-68.35512904267836,41.65835274355784,5.920476321947319,1.1628738239055017e-16,-0.41209891880938476,0.7160426620253275,-0.5634335695322199,-18.59075,185.50150000000002,-4.002749999999992,85.45675,100.04475000000001,-104.0475,-12.711500000000001,-26.581867208031664,28.876133174018165,39.024312758370954,-36.079977298892146,20.170541658360975,20.584430586826443,-1.8459667227477905e-18,-0.3406485184753107,0.9397371331778974,0.02920115386697308
126.74331164360046,0,0,0,0,0,0,0,0,0,1,-19.515249999999995,184.577,-4.002749999999992,84.53225,100.04475000000001,-104.0475,-12.711500000000001,0,0,0,0,0,0,0,0,0,1
126.86859703063965,-39.56100849796377,49.79199060241961,39.80817023576632,-68.98244175604472,41.36111311283338,5.441177499107425,1.9394711397864164e-17,-0.4098032736609993,0.71554495053444,-0.5657355395071038,-18.296499999999995,185.79575,-4.002749999999992,85.751,100.04475000000001,-104.0475,-12.711500000000001,-26.60331799456621,28.89957121646933,39.02429648432631,-36.17620282036853,20.12548722786056,20.501299682170725,3.690813844309524e-18,-0.3399289106121231,0.9400222006056435,0.028400670741702425
126.91870355606079,0,0,0,0,0,0,0,0,0,1,-17.478499999999997,186.61375,-4.002749999999992,86.569,100.04475000000001,-104.0475,-12.711500000000001,0,0,0,0,0,0,0,0,0,1
126.98977971076965,-39.91778557100126,50.528105320289896,39.93302258670139,-68.14601438906877,42.51666381574972,6.50277621461305,7.761278131575721e-17,-0.4183765193903035,0.715232082785671,-0.5598251117777104,-16.3185,187.721,-3.9499999999999886,87.67625,100.04475000000001,-103.99475,-12.711500000000001,-26.6580116016688,28.9593317797015,39.02425498998751,-36.204031510141334,20.209816369272772,20.474575911212952,-9.227836731505254e-19,-0.34025280504962696,0.939940490090269,0.02720117175279851
127.06482315063477,-40.245482856878304,51.20422162195285,40.047698611672566,-69.87282110823699,42.402954581361,7.276086478769855,-5.905008076757365e-17,-0.4165242364895105,0.705051760848829,-0.5739421355335362,-15.702749999999995,186.19475,-1.8079999999999927,86.15,100.04475000000001,-101.85275,-12.711500000000001,-26.74247100750951,29.051615721658887,39.02419091326289,-36.27249509657645,20.316784767881103,20.539155312198147,-9.229023763006185e-19,-0.3407256095370881,0.9398195955081998,0.02540052960832972
127.1154055595398,0,0,0,0,0,0,0,0,0,1,-15.271,179.89600000000002,4.922499999999999,79.85125000000001,100.04475000000001,-95.12225000000001,-12.711500000000001,0,0,0,0,0,0,0,0,0,1
127.24246501922607,-40.71864652709348,52.18046916678966,40.213279869740745,-69.49346811699064,43.95656824648995,6.473730019608979,5.847017818948235e-17,-0.4199070996881105,0.7120444081515114,-0.5627350961613139,-14.83775,174.14000000000001,11.11175,74.09525000000001,100.04475000000001,-88.933,-12.707,-26.764407764733672,29.075584756371565,39.02417427052739,-36.32627039300519,20.311642404098023,20.578926829502933,9.22777279018814e-19,-0.34046135271746564,0.9399470031497377,0.024201210209834716
127.31558895111084,0,0,0,0,0,0,0,0,0,1,-14.216250000000002,171.19299999999998,11.51625,72.73025,98.46275,-86.9465,-12.669500000000001,0,0,0,0,0,0,0,0,0,1
127.36969566345215,-40.595862327028065,51.92713658568912,40.17031215349896,-70.3548873027818,43.27032521846357,6.170699504914381,5.836600654763424e-17,-0.4172363254843166,0.7133152649301975,-0.563112050584879,-13.751500000000007,159.29000000000002,11.798000000000002,66.87025,92.41975000000001,-80.62175,-12.643,-26.702815902132237,29.008286865547205,39.02422099835811,-36.30767632696319,20.204937392294426,20.499754225882583,1.8453710874638417e-18,-0.3401527308959113,0.9400404546062865,0.024901071616698446
127.41478371620178,0,0,0,0,0,0,0,0,0,1,-13.951500000000003,149.59,11.697999999999993,61.97025,87.61975,-75.92175,-12.620000000000001,0,0,0,0,0,0,0,0,0,1
127.48338437080383,-40.454131312320435,51.6347122855043,40.12071409430752,-68.93923426221596,43.6543014342048,5.773473203567477,7.71377195422073e-17,-0.41278543899209413,0.7196369242013161,-0.5583286475564132,-13.033749999999998,137.20775,11.798000000000002,56.188,81.01975,-69.22175,-12.586500000000001,-26.787470555418615,29.100784143174717,39.024156773505325,-36.35206887169727,20.334242551363857,20.44136349194258,-2.7691549202084e-18,-0.3411885621360571,0.9396676202461739,0.024801784782998205
127.61272358894348,-40.900906400000004,52.55651400000001,40.2770608,-69.05884247499986,45.050494698822064,6.5842988588547655,-8.81858577806101e-17,-0.42230768702045873,0.7868488302478039,-0.4500279278234773,-9.201999999999998,127.22025,9.664250000000003,54.177,73.04325,-63.379,-12.5225,-26.879252975715087,29.201069522441095,39.02408714103738,-36.34374734396073,20.526122252583335,20.409536892437586,9.239242495268224e-19,-0.34390627151955744,0.9387801418055792,0.020501750193900468
127.6572916507721,0,0,0,0,0,0,0,0,0,1,-8.831000000000003,124.99799999999999,10.072499999999998,53.04725,71.95075,-61.87825,-12.499,0,0,0,0,0,0,0,0,0,1
127.72543025016785,-40.533255357088656,51.797963733797886,40.148403157735004,-69.91365409637339,43.05433795300621,7.74259732561481,1.7146956831448424e-17,-0.42629614450152564,0.8093440687015591,-0.4040219989564189,-8.881999999999998,121.724,10.124500000000005,51.35875,70.36525,-60.24075,-12.465,-26.850438019360702,29.169585074578322,39.02410900204865,-36.405301610715725,20.411846997625787,20.288904233722633,-6.934684166190754e-19,-0.3463926829641234,0.9380691144707695,0.006200456833388883
127.78031539916992,0,0,0,0,0,0,0,0,0,1,-9.392000000000003,114.07124999999999,12.134249999999994,46.2725,67.79875,-55.664500000000004,-12.437,0,0,0,0,0,0,0,0,0,1
127.84839129447937,-40.900906400000004,52.55651400000001,40.2770608,-67.85219798551083,47.44321244254675,6.752557216302108,-6.746254866347316e-17,-0.44340178716160283,0.8228439679646097,-0.35541899151023604,-9.292000000000002,101.529,12.491999999999997,39.8725,61.6565,-49.164500000000004,-12.404,-26.938839318725446,29.266176097192425,39.024041934732004,-36.5093728572499,20.494011646471847,20.166355687730373,-2.7805284910397588e-18,-0.352032995059996,0.9358239710006278,-0.017500448271544115
127.98729538917542,-40.68972850854368,52.120804517139035,40.20316015389245,-69.58069720681513,43.79464159939312,6.734633923083777,6.696632336828028e-17,-0.4345912497727712,0.8289413012265148,-0.35211754392792366,-9.291999999999998,73.929,12.492000000000004,26.0725,47.856500000000004,-35.3645,-12.335,-26.84138402293837,29.159692292690927,39.02411587103417,-36.4715201033747,20.332806084027908,19.917598907599256,-3.714887065728761e-18,-0.35584297851474084,0.9339306661461056,-0.03390111316238675
128.06272053718567,-40.374776212158174,51.47098411578143,40.092944174201406,-69.72718406806209,42.63400405694732,8.317530664677264,-3.326709533299104e-17,-0.4458581516781426,0.8343251894343675,-0.32420978834306846,-7.192,63.429,14.492,20.8725,42.5565,-28.0645,-12.298,-26.549537945232412,28.84080884534223,39.02433728557724,-36.29843402211253,19.90517265816277,19.832329560491786,-7.437421381283204e-18,-0.35399798812474476,0.9329703869367205,-0.0652049193142611
128.12645435333252,0,0,0,0,0,0,0,0,0,1,-6.577250000000001,49.54375,12.592000000000002,15.18725,34.356500000000004,-21.7645,-12.265,0,0,0,0,0,0,0,0,0,1
128.1990249156952,0,0,0,0,0,0,0,0,0,1,-2.2684999999999977,42.42675,11.81775,14.170250000000001,28.2565,-16.43875,-12.227500000000001,0,0,0,0,0,0,0,0,0,1
128.28582906723022,-40.900906400000004,52.55651400000001,40.2770608,-70.09584521812545,44.29536675103395,8.22999235802746,-1.648346911177503e-17,-0.45555152105103286,0.8419215465936601,-0.2892074014430294,-0.9482499999999998,30.627000000000002,4.462250000000001,12.60825,18.01875,-13.5565,-12.185,-26.36361971324794,28.63766667119961,39.024478335958,-36.13374056875972,19.68263509582698,19.87537720586741,1.4929815505889377e-17,-0.35184862705840436,0.9295351173187691,-0.11030416722997337
128.4088785648346,-40.79522329830786,52.33846499274893,40.240077527537906,-69.48059212608152,43.7845864083869,8.701656512162288,0.0,-0.4576802093859881,0.8446333231578779,-0.2777109564775546,-2.29875,19.88175,4.494999999999999,6.5440000000000005,13.33775,-8.84275,-12.123000000000001,-26.397878458681593,28.67509923473309,39.02445234491324,-36.159509219906425,19.72782825679853,19.861464807818322,7.495494213613618e-18,-0.3549591826032664,0.9257420132890677,-0.1304059182595813
128.49049377441406,-40.59402801422532,51.92335196847765,40.16967024491492,-69.1740706731172,43.491834984985786,8.210798892307736,0.0,-0.4589417491178668,0.8490173333168025,-0.26180534494975144,-2.6422499999999998,15.27675,5.1865,3.724,11.55275,-6.36625,-12.0825,-26.37500015339462,28.650101424528646,39.02446970197198,-36.204349912494564,19.640939446121635,19.98572118337856,1.8808137085107568e-17,-0.3587374181831011,0.9223260486283753,-0.14360405571184504
128.54254722595215,0,0,0,0,0,0,0,0,0,1,-3.6325000000000003,8.70575,3.813249999999999,0.63,8.07575,-4.2625,-12.0565,0,0,0,0,0,0,0,0,0,1
128.61066508293152,-40.39935045158282,51.521686531065406,40.10154380628675,-69.43046993017481,42.377734197901106,11.05411365806927,2.4579137289631493e-17,-0.45875990713325754,0.8469248316743415,-0.26880788139575285,-0.3685,6.34225,5.97375,0.0,6.34225,-0.3685,-12.0225,-26.238597918032646,28.501062536015233,39.02457318610599,-36.179665794689356,19.38965005846947,19.979062506213836,-2.642281833514207e-17,-0.36165060428245244,0.9191346795650106,-0.15620589375264357
128.69229698181152,0,0,0,0,0,0,0,0,0,1,0.0,3.561,3.561,0.0,3.561,0.0,-11.9905,0,0,0,0,0,0,0,0,0,1
128.78882145881653,-40.17543126956604,51.05968877966084,40.02318440932148,-69.46395122519988,42.035946474519335,9.53146459967499,-8.16035364288494e-18,-0.4566423391007905,0.8503177935134332,-0.26160547428332837,0.0,0.0,0.0,0.0,0.0,0.0,-11.9335,-25.931227367911777,28.16521638928456,39.02480637858349,-35.98602001831537,18.94962280006142,19.8370155944192,-7.577273496428242e-18,-0.3649753757429167,0.9157507521904903,-0.16790930576912017
128.85238313674927,-39.87615248985484,50.44220651653198,39.91845329834004,-68.73219381932034,41.79575778257157,8.438102586798692,-2.4449003481839255e-17,-0.46308013455941416,0.8514327271941505,-0.2462094637481794,0.0,0.0,0.0,0.0,0.0,0.0,-11.902000000000001,-25.90383303901129,28.135284179448956,39.02482716180889,-35.96809433802679,18.910734314731855,19.41872579572103,-2.2838351617185505e-17,-0.3720216751078577,0.9114791671767353,-0.1755152445024326
128.94898176193237,-40.900906400000004,52.55651400000001,40.2770608,-71.9844931483845,43.03853683670249,8.651759547327316,4.934420633173082e-17,-0.4725867712492378,0.8437335711420897,-0.2545101266512526,0.0,0.0,0.0,0.0,0.0,0.0,-11.8545,-25.931640747293958,28.165668065193618,39.02480606496541,-36.304033481371505,18.65882164541165,18.999816618207774,0.0,-0.3787445830446378,0.9077280841335594,-0.1805055846492316
128.99729585647583,0,0,0,0,0,0,0,0,0,1,0.0,0.0,0.0,0.0,0.0,0.0,-11.829,0,0,0,0,0,0,0,0,0,1
129.04864287376404,0,0,0,0,0,0,0,0,0,1,0.0,0.0,0.0,0.0,0.0,0.0,-11.803,0,0,0,0,0,0,0,0,0,1
129.1983118057251,-40.900906400000004,52.55651400000001,40.2770608,-70.80931827849827,44.64508188628142,8.351464644171614,-8.255464787412709e-18,-0.4862590478340946,0.8405212889390692,-0.23890605107381754,0.0,0.0,0.0,0.0,0.0,0.0,-11.739,-25.859795413302137,28.087166795074392,39.024860571786,-36.7447600387286,18.111038554497753,18.75549349824371,-1.5333816960771593e-17,-0.38407257747387824,0.9050445719626047,-0.18270899811885963
129.2915163040161,-40.554399782201386,51.84158963832665,40.15580254346912,-69.85121555140682,42.97740977949721,8.699615342280623,0.0,-0.48143215161428177,0.844249011557004,-0.23551367237819762,0.0,0.0,0.0,0.0,0.0,0.0,-11.682500000000001,-25.784134905100803,28.004496903215497,39.02491797306062,-37.16462470836311,17.574672151212198,18.48805240076763,-3.072963452994949e-17,-0.38933092752835197,0.90321853937371,-0.18060370705368922
129.34992218017578,-40.136443479934435,50.979247832262736,40.009540827485274,-69.48757078336826,42.06828667350942,8.673970443425986,1.641512228513867e-17,-0.4844738336211226,0.8454270133813515,-0.2248071831182018,0.0,0.0,0.0,0.0,0.0,0.0,-11.653,-25.754574,27.972197400000006,39.024940400000006,-37.523046312020284,16.781564366196292,18.30066511363495,-2.3080050252527e-17,-0.3941579478263736,0.9019339855831766,-0.17650665090966922
129.4130494594574,0,0,0,0,0,0,0,0,0,1,0.0,0.0,0.0,0.0,0.0,0.0,-11.621,0,0,0,0,0,0,0,0,0,1
129.4771227836609,-39.27213866158712,49.1959844288859,39.70708168240498,-67.31307619506279,40.663150843760036,9.886103515899748,1.6405219103315567e-17,-0.49300652579237114,0.8459373642263452,-0.2033089799588793,0.0,0.0,0.0,0.0,0.0,0.0,-11.589500000000001,-25.754574,27.972197400000006,39.024940400000006,-37.85731173678175,16.23919597698648,18.33676436840571,7.710196824542102e-18,-0.4005110649821741,0.8999632644681959,-0.1722121059466867
129.5723729133606,0,0,0,0,0,0,0,0,0,1,0.0,0.0,0.0,0.0,0.0,0.0,-11.5505,0,0,0,0,0,0,0,0,0,1
129.6255350112915,-39.9860548093938,50.66896075903963,39.9569130649692,-67.91542448747958,42.130004512652704,10.490848791762772,8.276101855991395e-18,-0.5060781574145504,0.8384253872955768,-0.20230612577516127,0.0,0.0,0.0,0.0,0.0,0.0,-11.517,-25.71937119853515,27.93749100944222,39.02433959041337,-37.94072076924431,15.894875051723119,18.60187950137521,2.317172990679031e-17,-0.40621795563711677,0.8983654563322654,-0.16711217605824502
129.67138481140137,0,0,0,0,0,0,0,0,0,1,0.0,0.0,0.0,0.0,0.0,0.0,-11.492,0,0,0,0,0,0,0,0,0,1
129.7421269416809,-40.237022312380084,51.1867655357943,40.04473788647293,-68.90664882555072,42.4988416740415,9.341617109292201,4.132121014656393e-17,-0.5055876707047415,0.8396285925914773,-0.1985067599206863,0.0,0.0,0.0,0.0,0.0,0.0,-11.457,-25.380557255550148,27.603454837821,39.018557020374594,-37.65696558674014,15.501872598321114,18.776327396237832,-3.0920132381691584e-17,-0.4108990705508425,0.8976538416136772,-0.15930955544681236
129.78884506225586,0,0,0,0,0,0,0,0,0,1,0.0,0.0,0.0,0.0,0.0,0.0,-11.433,0,0,0,0,0,0,0,0,0,1
129.91043305397034,-39.54951836891905,49.768283773311914,39.804149322618606,-65.94395828311207,42.05470535592062,9.857957772682767,-2.490217576292626e-17,-0.5194270830088622,0.8359382694066854,-0.1772081126197687,0.0,0.0,0.0,0.0,0.0,0.0,-11.3735,-24.68559668433165,26.918294225502873,39.00669606169665,-36.85201318550631,14.924625218542133,18.975418064743934,0.0,-0.41624777719106854,0.8967253476540352,-0.15040425146332878
129.97986221313477,-40.29906365232887,51.3147713604508,40.066448942852816,-64.19460686566572,44.92869109238083,9.434312160287476,8.369106254831473e-18,-0.5348296978224308,0.8291081141312331,-0.16290159424915915,0.0,0.0,0.0,0.0,0.0,0.0,-11.338000000000001,-24.201976521885104,26.441493813574052,38.998442070031274,-35.9726487649408,14.849173587213471,18.9703914184133,2.3262534376245218e-17,-0.4243148659239019,0.8948587189613726,-0.13850908870825895
130.0376889705658,0,0,0,0,0,0,0,0,0,1,0.0,0.0,0.0,0.0,0.0,0.0,-11.3085,0,0,0,0,0,0,0,0,0,1
130.11096930503845,-39.3569257484181,49.37092006017595,39.736752499057125,-59.93988237331553,44.499514886632824,9.640290990789737,-1.6762409277106202e-17,-0.5438437104417079,0.8279112852093696,-0.13710186882740016,0.0,0.0,0.0,0.0,0.0,0.0,-11.273,-23.741966269189447,25.987970377191242,38.99059103095853,-34.906046021419684,15.016651132951637,18.63140785068947,-3.886358396799474e-18,-0.4345500390037982,0.8927243958793922,-0.11920325752080606
130.1903886795044,0,0,0,0,0,0,0,0,0,1,0.0,0.0,0.0,0.0,0.0,0.0,-11.232000000000001,0,0,0,0,0,0,0,0,0,1
130.3126094341278,-40.08351700766623,50.870048115840696,39.99101947342761,-61.683199666385576,45.74116002611632,8.50725870383593,-2.5243713193610917e-17,-0.5504149826261215,0.824628356060958,-0.1305044875890796,0.0,0.0,0.0,0.0,0.0,0.0,-11.1815,-23.05349286195884,25.309205450375615,38.97884078933013,-33.79277204788073,14.771386233482588,18.468109997276656,-1.1681485294986487e-17,-0.44262506916384586,0.8910117671703905,-0.1009013325561082
130.35688734054565,-39.32826903540933,49.31179454509744,39.726724225775,-60.96596995863911,44.177530006217935,8.16602167888334,-2.5140687537819702e-17,-0.5463301110387968,0.8280076541425799,-0.12620116660965408,0.0,0.0,0.0,0.0,0.0,0.0,-11.15,-22.800468600000002,25.059749200000002,38.9745224,-33.27755960775488,14.196719537683151,18.47189553270286,1.948363518429555e-17,-0.4459059880703753,0.8903489823988551,-0.09190505614113757
130.43429732322693,0,0,0,0,0,0,0,0,0,1,0.0,0.0,0.0,0.0,0.0,0.0,-11.120000000000001,0,0,0,0,0,0,0,0,0,1
130.48969292640686,-39.011514200674426,48.65825508467245,39.61587745681082,-60.473859573091744,43.57622973417784,8.248273434371953,-8.381090900944134e-18,-0.5475893175932657,0.8279225205785038,-0.12120329688865157,0.0,0.0,0.0,0.0,0.0,0.0,-11.0835,-22.49555204378471,24.796261757026937,38.96334386358864,-32.932967917215564,13.579666459322254,18.646829992706017,3.8980362575207896e-18,-0.4472087437156107,0.8900499438043287,-0.08840496071045244
130.53905653953552,0,0,0,0,0,0,0,0,0,1,0.0,0.0,0.0,0.0,0.0,0.0,-11.058,0,0,0,0,0,0,0,0,0,1
130.68748354911804,-38.976728,48.586483,39.603704199999996,-60.21624140759761,43.400359285506596,8.091103252430202,1.6778270172811243e-17,-0.5500154881254918,0.8271286410861981,-0.1155039995713407,0.0,0.0,0.0,0.0,0.0,0.0,-10.9945,-22.036133023493328,24.39926415082186,38.94650111713322,-32.59222393886287,13.04210284830826,18.706150354555774,-1.5601480657634543e-17,-0.4490381245300794,0.8895173549456282,-0.08440164671996743
130.73722577095032,-38.976728,48.586483,39.603704199999996,-59.710094326575785,43.259228573938444,7.859592443556522,-2.5188761390492553e-17,-0.5523121012546313,0.8264273653240806,-0.10940362266027887,0.0,0.0,0.0,0.0,0.0,0.0,-10.96,-21.595020366840334,24.01808561657891,38.93032949970742,-32.20760825504462,12.595724863750675,18.685718255708053,-3.902879856102168e-18,-0.4509005667725576,0.8889453633908615,-0.08040410306741505
130.80458641052246,0,0,0,0,0,0,0,0,0,1,0.0,0.0,0.0,0.0,0.0,0.0,-10.9255,0,0,0,0,0,0,0,0,0,1
130.87145924568176,-38.976728,48.586483,39.603704199999996,-59.06581405644019,43.1203175495431,8.026345736823743,-1.2612590524701311e-17,-0.5545423161516176,0.8252341844822819,-0.10710443669177455,0.0,0.0,0.0,0.0,0.0,0.0,-10.892,-21.206017730613837,23.681936897069136,38.91606828612445,-31.898508678385383,12.164261078087605,18.73859975881038,3.905637816371119e-18,-0.45253941866099345,0.8883176359597044,-0.07810155056675998
130.91556429862976,0,0,0,0,0,0,0,0,0,1,0.0,0.0,0.0,0.0,0.0,0.0,-10.8695,0,0,0,0,0,0,0,0,0,1
131.07133889198303,-38.976728,48.586483,39.603704199999996,-58.33964874415511,42.58219006552841,8.139052214818008,1.6829479100710538e-17,-0.5558497801756093,0.8246118447735286,-0.10510150968432917,0.0,0.0,0.0,0.0,0.0,0.0,-10.8025,-20.7338702917711,23.27394028674695,38.89875890351124,-31.49327147164405,11.670363491284547,18.920940045150502,0.0,-0.4543049411625385,0.8875465312599999,-0.07660401610649688
131.12644171714783,-38.83125713039766,48.288691225015924,39.57257497173903,-57.96520742512388,42.18092864665522,8.585911222029495,0.0,-0.557160223068761,0.823714188633641,-0.10520181212123227,0.0,0.0,0.0,0.0,0.0,0.0,-10.7655,-20.316886211494882,22.913611971235998,38.88347186307572,-31.20606083367892,11.146884615837905,19.211422258720944,3.911758862118971e-18,-0.4555626806356762,0.8869276134455385,-0.07630237558450173
131.17151474952698,0,0,0,0,0,0,0,0,0,1,0.0,0.0,0.0,0.0,0.0,0.0,-10.7415,0,0,0,0,0,0,0,0,0,1
131.24251294136047,-38.52031350459447,47.652162038787516,39.506036322933404,-57.620221305138216,41.534550725878105,8.772673532330856,1.6851615516250058e-17,-0.5576219182685658,0.8235286281266071,-0.10420362240533386,0.0,0.0,0.0,0.0,0.0,0.0,-10.7065,-19.8529524,22.512712999999998,38.866463599999996,-30.929171525506774,10.475245440433255,19.363188951646947,-3.9126363263193736e-18,-0.45616535964241234,0.8867287073463666,-0.07500242816169789
131.32262682914734,-38.39891459619933,47.403647703849245,39.480058239895925,-57.23428130465794,41.39380786446547,8.951954772260336,2.5326662924149536e-17,-0.5602196017232853,0.8219275383442846,-0.1029034477377137,0.0,0.0,0.0,0.0,0.0,0.0,-10.6675,-19.71877162840586,22.40170246291798,38.86150172462668,-30.672393764592414,10.032194067317874,19.38908609975985,7.832250482120834e-18,-0.4579889631271284,0.8859387119637037,-0.07320319868579196
131.41178393363953,0,0,0,0,0,0,0,0,0,1,0.0,0.0,0.0,0.0,0.0,0.0,-10.621500000000001,0,0,0,0,0,0,0,0,0,1
131.476256608963,-38.16423762257777,46.92324312034952,39.42983984841021,-56.90531706370231,40.91575537798116,9.319851970317984,-4.226261468745423e-18,-0.5616131404955922,0.8209257703555025,-0.1033032428769928,0.0,0.0,0.0,0.0,0.0,0.0,-10.5905,-19.27076149050781,22.031054377984596,38.84493474231003,-30.396263487767584,9.441797590451358,19.640848031600797,-7.836853986822869e-18,-0.45904227612258247,0.8854182961140405,-0.07290150642276207
131.56525945663452,0,0,0,0,0,0,0,0,0,1,0.0,0.0,0.0,0.0,0.0,0.0,-10.5545,0,0,0,0,0,0,0,0,0,1
131.62313389778137,-37.80616867191575,46.19024421358685,39.35321687826649,-56.66963286442751,40.08110383890795,9.643749742052961,-2.1131272846467777e-17,-0.561518946713006,0.8209271105345537,-0.10380342803445816,0.0,0.0,0.0,0.0,0.0,0.0,-10.517,-18.842369365878255,21.676636682573825,38.829093215181594,-30.186079920015345,8.814180313043124,19.836345911245502,0.0,-0.4597247712318717,0.8851538102859645,-0.07180436513222493
131.6658272743225,0,0,0,0,0,0,0,0,0,1,0.0,0.0,0.0,0.0,0.0,0.0,-10.4945,0,0,0,0,0,0,0,0,0,1
131.81507873535156,-37.31274883998303,45.18017004571218,39.24763025038211,-54.6909807830684,39.70725357009603,10.392530028547412,-2.5419471518286788e-17,-0.5655203730119147,0.8189266128820241,-0.0977031750867917,0.0,0.0,0.0,0.0,0.0,0.0,-10.431000000000001,-18.298732784571037,21.226874856409292,38.80899005932121,-29.731940007282788,8.244004358100867,20.090031385936072,1.1761239997712782e-17,-0.46046217025656144,0.8849696849894197,-0.06930545730564674
131.87226796150208,-37.047943,44.638089,39.190964599999994,-55.02190571710892,38.78341310979093,10.074555985686118,0.0,-0.562947145703791,0.8207331988016432,-0.09740394000643358,0.0,0.0,0.0,0.0,0.0,0.0,-10.392,-17.72001884980115,20.748092807741607,38.78758977679924,-29.27165197893808,7.6141392452448,20.2462519689889,-1.1762912682858443e-17,-0.4611023476679897,0.8848438423782949,-0.06660330007051812
131.93884944915771,0,0,0,0,0,0,0,0,0,1,0.0,0.0,0.0,0.0,0.0,0.0,-10.368,0,0,0,0,0,0,0,0,0,1
131.98441362380981,-37.047943,44.638089,39.190964599999994,-54.8203431155043,37.81919120728742,9.875436322249982,-1.6894994348810856e-17,-0.562262466557537,0.8214141728192551,-0.09560164952705233,0.0,0.0,0.0,0.0,0.0,0.0,-10.336,-17.22841937475649,20.34138235954853,38.769410902883244,-29.088745852665767,6.832350730838058,20.271787585561327,1.960433206223095e-18,-0.4611574294272897,0.8848674213792099,-0.06590502155163872
132.07453036308289,0,0,0,0,0,0,0,0,0,1,0.0,0.0,0.0,0.0,0.0,0.0,-10.290000000000001,0,0,0,0,0,0,0,0,0,1
132.17630171775818,-37.047943,44.638089,39.190964599999994,-55.37532832050647,37.88056011358768,9.902367337237564,-8.473121970770388e-18,-0.5656358727434228,0.8189300151519401,-0.09700355534221296,0.0,0.0,0.0,0.0,0.0,0.0,-10.24,-16.7381496,19.935771999999996,38.751281199999994,-28.835623220863283,6.081873518029539,20.592432071440243,-7.84197182570485e-18,-0.4610944324525166,0.8848404531577809,-0.06670304953167269
132.28409337997437,-36.84028555257431,44.23099845653086,39.1679819634875,-54.459389997854345,36.840174253236114,10.885603957119969,1.2689734766175011e-17,-0.5635773691000789,0.8202173684200782,-0.09810207734943875,0.0,0.0,0.0,0.0,0.0,0.0,-10.1865,-16.557198854043893,19.785279240202183,38.74766286212819,-28.59338185802912,5.742983572129518,20.868607245379053,-1.962001911335023e-18,-0.46254096022990027,0.8841599317283196,-0.06570445369816834
132.3556809425354,-36.91213678121819,44.37185521885829,39.17593414960637,-54.29107616985522,37.10369571770629,10.890789809776493,1.695278506983497e-17,-0.566263846616329,0.8186140360210179,-0.09600164605181741,0.0,0.0,0.0,0.0,0.0,0.0,-10.150500000000001,-16.279320144378485,19.554173622562196,38.74210632764894,-28.381753500475554,5.430168259507823,20.948356969319434,-1.9633764768681683e-18,-0.46409703659283097,0.8835409288105096,-0.06300291852299049
132.44738507270813,0,0,0,0,0,0,0,0,0,1,0.0,0.0,0.0,0.0,0.0,0.0,-10.1035,0,0,0,0,0,0,0,0,0,1
132.5390224456787,-36.54252369042939,43.64726770288989,39.135026956432384,-53.913174468442804,36.370731675970006,11.073146651137648,-8.474070637409889e-18,-0.5660741029497898,0.8188383364748667,-0.09520445729409781,0.0,0.0,0.0,0.0,0.0,0.0,-10.0585,-15.744950932766647,19.10975048972828,38.73142094281847,-28.070163110036702,4.711901273351742,21.18627284769744,1.963148666104536e-18,-0.46410302412004983,0.8836434580469185,-0.06150302475088895
132.66689944267273,-36.001395535700645,42.58644297771934,39.07513721088758,-53.30223779162327,35.33880402217139,11.13215253425497,-8.467142661957803e-18,-0.5654376076046995,0.819508325409837,-0.09320094683123469,0.0,0.0,0.0,0.0,0.0,0.0,-9.995000000000001,-15.113742858570273,18.584788602500048,38.71879914306966,-27.647871036610837,3.9299438696599367,21.41477235214606,9.814809565387106e-18,-0.46416526819079784,0.8837275264588327,-0.05980186271612334
132.73337388038635,-35.77476099263984,42.14214983799691,39.05005427074306,-52.94351282333267,34.96816154746712,10.995988834723931,8.47432209814652e-18,-0.5668641179893698,0.8188140388745531,-0.09060155339769724,0.0,0.0,0.0,0.0,0.0,0.0,-9.962,-14.68781720335541,18.23055559294105,38.71028222361351,-27.386094275436733,3.3771472853572106,21.45586813894309,3.927778593070949e-18,-0.4652243520916093,0.8833102146017386,-0.05770066725067397
132.82625436782837,-35.62708118806397,41.852639143102515,39.033709702749576,-52.93069416159821,34.588583255590265,11.356482943201712,-4.240742124846908e-18,-0.5676038318739286,0.8181225950113298,-0.09220254646136733,0.0,0.0,0.0,0.0,0.0,0.0,-9.9155,-14.402645437130236,17.993384500393837,38.70457985529085,-27.28170997268859,2.9172341711126535,21.673316626373236,-7.860766985521589e-18,-0.46625943452865354,0.8827247922101852,-0.05830163745990008
132.91649341583252,0,0,0,0,0,0,0,0,0,1,0.0,0.0,0.0,0.0,0.0,0.0,-9.869,0,0,0,0,0,0,0,0,0,1
132.97556924819946,-35.31930096224036,41.24926844316928,38.99964590612909,-52.483851479830264,34.02804040528835,11.820296839851892,-2.544707414044948e-17,-0.5676761926547653,0.8180383173652351,-0.09250433295389275,0.0,0.0,0.0,0.0,0.0,0.0,-9.84,-13.950358294841784,17.61722722121597,38.69553580472766,-26.922284618378598,2.4210563865261037,22.012169132283844,-9.830235390750255e-18,-0.4669981024651449,0.8823407614476313,-0.05820268878641294
133.10610461235046,-35.203491400000004,41.022236,38.986828599999996,-51.863093175823565,33.70860403913507,11.954533705077239,0.0,-0.5681989241386939,0.8179214297911165,-0.09030236594955104,0.0,0.0,0.0,0.0,0.0,0.0,-9.775500000000001,-13.453622429294668,17.203525246859982,38.68617284925087,-26.461878871094285,1.9212725190161564,22.245712776265833,-9.83240692679354e-18,-0.4676107958638753,0.8821458920956805,-0.05620292385872036
133.1931278705597,-35.203491400000004,41.022236,38.986828599999996,-51.51741043378081,33.05671179611292,12.18678345285187,0.0,-0.5674219144736814,0.8185265777195694,-0.08970291267128326,0.0,0.0,0.0,0.0,0.0,0.0,-9.7415,-12.965425865798203,16.78166467100675,38.69203605768346,-26.141268158141116,1.3090591147206112,22.509537563464676,5.9000380724615065e-18,-0.4678379996065455,0.882057092516224,-0.05570360550244179
