Time(s),S1_Proj_X,S1_Proj_Y,S1_Proj_Z,S1_Raw_X,S1_Raw_Y,S1_Raw_Z,S1_QX,S1_QY,S1_QZ,S1_QW,Axis_0,Axis_1,Axis_2,Axis_3,Axis_4,Axis_5,Axis_6,S2_Proj_X,S2_Proj_Y,S2_Proj_Z,S2_Raw_X,S2_Raw_Y,S2_Raw_Z,S2_QX,S2_QY,S2_QZ,S2_QW
0.05918431282043457,-43.569974706722576,57.73698744481256,41.745924811248685,-74.51896370348189,50.056655681257496,15.644145898856124,7.954456916350231e-18,-0.45736469653608436,0.872327800235421,-0.17280550714281867,0.0,0.0,0.0,0.0,0.0,0.0,-12.07925,-30.359047479289213,33.35959714168223,38.98749840848583,-43.67589047317139,22.637006797717177,21.245983884113514,-1.6310930118336528e-17,-0.4507636438153229,0.8508274946389008,-0.27000872537905873
0.14447903633117676,-43.47935495420733,57.57113873743992,41.687276830456156,-74.49809529759736,49.827136977544015,15.657772133901716,7.951590569548702e-18,-0.45649790172027327,0.8726422522910469,-0.17350840106864163,0.0,0.0,0.0,0.0,0.0,0.0,-12.07925,-30.346319617820292,33.34341531661272,38.987724778585346,-43.68009844181776,22.60779052695814,21.266689016878246,-1.6312895596708847e-17,-0.4506578059073932,0.8507249816895978,-0.2705079435136196
0.20636367797851562,0,0,0,0,0,0,0,0,0,1,0.0,0.0,0.0,0.0,0.0,0.0,-12.07925,0,0,0,0,0,0,0,0,0,1
0.2729616165161133,-43.47955284243308,57.57150090468859,41.68740490126346,-74.46427313833829,49.811982417098505,15.754345426486992,2.385719937324136e-17,-0.4563237702567833,0.8725534538253484,-0.1744106846385568,0.0,0.0,0.0,0.0,0.0,0.0,-12.07925,-30.362280739040212,33.36370781210575,38.98744090366984,-43.67734395385526,22.64345202138641,21.312739756407694,1.631613264471609e-17,-0.45073011727512713,0.8505562016443107,-0.2709179012644842
0.408616304397583,-43.434280598273524,57.48864542378824,41.658105265894704,-74.31151348702934,49.737217111582424,15.868251695072473,7.95256173341781e-18,-0.4562826138400233,0.8725356855450737,-0.17460714119904855,0.0,0.0,0.0,0.0,0.0,0.0,-12.07925,-30.34705849773849,33.34435470659688,38.98771163731091,-43.620904233578955,22.65707944507126,21.353098786361926,-8.158284674312468e-18,-0.45077743081678173,0.8505334369803661,-0.27091065029744993
0.4824192523956299,-43.5177863170575,57.64147430638994,41.71214913221937,-74.3429479329476,49.92026281969203,15.9173041603772,-2.3868465015050495e-17,-0.45699671121341556,0.872141618599919,-0.17470833708222205,0.0,0.0,0.0,0.0,0.0,0.0,-12.07925,-30.406326918346867,33.41970681635803,38.98665752477956,-43.71543649105098,22.705118687365996,21.38235427297539,-8.161371180794525e-18,-0.451027316156801,0.8502117781673684,-0.2715037612002359
0.5183100700378418,0,0,0,0,0,0,0,0,0,1,0.0,0.0,0.0,0.0,0.0,0.0,-12.07925,0,0,0,0,0,0,0,0,0,1
0.5845518112182617,0,0,0,0,0,0,0,0,0,1,0.0,0.0,0.0,0.0,0.0,0.0,-12.07925,0,0,0,0,0,0,0,0,0,1
0.6560115814208984,-43.70474191878856,57.983633096527385,41.833144480750406,-74.38223244936492,50.39115120137605,15.902442842640255,1.592348976668959e-17,-0.45846858684330244,0.871529294843738,-0.17390584552303615,0.0,0.0,0.0,0.0,0.0,0.0,-12.07925,-30.48453694747041,33.51914072464252,38.98526652817581,-43.71544083649226,22.865742281593867,21.35785813127032,1.6324012448431366e-17,-0.4515060618213956,0.8501456275934179,-0.27091454007182336
0.7717800140380859,-43.626397126400015,57.84024953845783,41.782440702030364,-74.19707371045646,50.289666966198766,15.898296589353151,-7.959738797275417e-18,-0.45831448476234277,0.8717489456164542,-0.17320972511273364,0.0,0.0,0.0,0.0,0.0,0.0,-12.07925,-30.407691090646363,33.42144118450535,38.98663326243039,-43.6076759424183,22.792349297690848,21.358302562418004,3.2640316702406186e-17,-0.45130772092842464,0.8503463942671494,-0.27061476454038647
0.8289978504180908,0,0,0,0,0,0,0,0,0,1,0.0,0.0,0.0,0.0,0.0,0.0,-12.07925,0,0,0,0,0,0,0,0,0,1
0.8938727378845215,-43.52200245397509,57.649190514374176,41.71487776378256,-74.27887896155062,49.97066067261349,15.90484529505818,1.5910747679995986e-17,-0.45706335162931705,0.8722272571302543,-0.17410544080070772,0.0,0.0,0.0,0.0,0.0,0.0,-12.07925,-30.3634018576085,33.36513316895761,38.987420964128354,-43.645793961718056,22.67079935573689,21.328762281179564,-2.447446059586701e-17,-0.4508091068410587,0.8505471093094075,-0.27081499964842753
0.989774227142334,-43.57530622348644,57.74674497712843,41.74937530282567,-74.47042559939172,50.03229516924024,15.827314176419662,-1.591198652511044e-17,-0.45703793659829883,0.8721593489231626,-0.17451187522886355,0.0,0.0,0.0,0.0,0.0,0.0,-12.07925,-30.401342388284043,33.41336963287066,38.98674617663747,-43.7093806122744,22.698564892039627,21.306721118214654,-8.158284674312468e-18,-0.45077743081678173,0.8505334369803661,-0.27091065029744993
1.0243918895721436,0,0,0,0,0,0,0,0,0,1,0.0,0.0,0.0,0.0,0.0,0.0,-12.07925,0,0,0,0,0,0,0,0,0,1
1.1549656391143799,-43.54620568215857,57.6934863107879,41.73054179311638,-74.33259619413036,50.05041352676514,15.774637994269625,0.0,-0.45736042997822834,0.8722689325419021,-0.17311368060422283,0.0,0.0,0.0,0.0,0.0,0.0,-12.07925,-30.413596421104724,33.42894904626894,38.9865282337697,-43.65687866829964,22.7645053485449,21.265545857744968,8.157344759451367e-18,-0.4510728917220312,0.8506314381119662,-0.2701099828756667
1.2367334365844727,0,0,0,0,0,0,0,0,0,1,0.0,0.0,0.0,0.0,0.0,0.0,-12.07925,0,0,0,0,0,0,0,0,0,1
1.285567283630371,-43.55385759960555,57.707490549182715,41.73549401925914,-74.22601676111611,50.14530686722475,15.727350803670333,-1.591050799821098e-17,-0.45779420783154245,0.8722403966846888,-0.17210797095784788,0.0,0.0,0.0,0.0,0.0,0.0,-12.07925,-30.36818183989579,33.37121029647798,38.987335950234325,-43.61130718066781,22.707849256454622,21.334924000874338,1.6314339329638635e-17,-0.4509151420002463,0.8506496970185216,-0.2703157925042398
1.3397526741027832,0,0,0,0,0,0,0,0,0,1,0.0,0.0,0.0,0.0,0.0,0.0,-12.07925,0,0,0,0,0,0,0,0,0,1
1.3986117839813232,-43.506705248456996,57.62119417040753,41.70497760194695,-74.35966367983511,49.97318817252534,15.660167055249445,2.3857303756935757e-17,-0.45701529827828724,0.8725496361117461,-0.1726098191322491,0.0,0.0,0.0,0.0,0.0,0.0,-12.07925,-30.3365508758674,33.33099562821363,38.98789851956246,-43.59328984502264,22.656428015128213,21.299835091562443,1.6311016686832403e-17,-0.45065316449631154,0.8508229789880452,-0.27020729774632085
1.4935266971588135,0,0,0,0,0,0,0,0,0,1,0.0,0.0,0.0,0.0,0.0,0.0,-12.07925,0,0,0,0,0,0,0,0,0,1
1.5353994369506836,-43.38950774345755,57.40670390562571,41.62912882912026,-74.31547891815558,49.68662533358322,15.675314535989884,0.0,-0.4559980176159536,0.8730424193923887,-0.17280839641581303,0.0,0.0,0.0,0.0,0.0,0.0,-12.07925,-30.269069524807467,33.24520184259046,38.989098702341984,-43.57596695871399,22.530209298932846,21.231506815629757,4.076149548184366e-17,-0.45013362628720643,0.8511579153171664,-0.2700183728535247
1.5864951610565186,0,0,0,0,0,0,0,0,0,1,0.0,0.0,0.0,0.0,0.0,0.0,-12.07925,0,0,0,0,0,0,0,0,0,1
1.6551458835601807,-43.35558627122421,57.344622161128235,41.60717527267394,-74.269182572163,49.68675712347701,15.496550358988003,7.94417370485111e-18,-0.45573141927043603,0.8734569713235238,-0.17141118031240207,0.0,0.0,0.0,0.0,0.0,0.0,-12.07925,-30.21671945481058,33.17864551833012,38.99002976924463,-43.5639132650098,22.43220649034538,21.250219324201595,5.706136419803306e-17,-0.44976555492290543,0.8512284627261842,-0.27040904173068625
1.7105839252471924,0,0,0,0,0,0,0,0,0,1,0.0,0.0,0.0,0.0,0.0,0.0,-12.07925,0,0,0,0,0,0,0,0,0,1
1.8362617492675781,-43.42406124033198,57.46994235676654,41.651491424081726,-74.38303534527944,49.82442268611463,15.435840072237255,-1.589232325912223e-17,-0.45618891510225257,0.8732384549155565,-0.17130754389261882,0.0,0.0,0.0,0.0,0.0,0.0,-12.07925,-30.294999076393555,33.27816790440072,38.9886375349112,-43.615844996749644,22.55191765470471,21.210566677805247,4.891588992155917e-17,-0.45014950834803846,0.8511214554249356,-0.27010680896519224
1.896650791168213,-43.50054713351421,57.60992383061113,41.70099214627246,-74.3545767881811,49.9709311929784,15.629037815351495,-7.95163569667095e-18,-0.45688658211461064,0.8726372998718089,-0.172507373628108,0.0,0.0,0.0,0.0,0.0,0.0,-12.07925,-30.333409206114567,33.32700140259366,38.98795439541374,-43.61248612356556,22.635200189475427,21.323936591684998,-8.157256830957106e-18,-0.45069398779055825,0.8506406072166146,-0.27071292308198625
1.9559805393218994,0,0,0,0,0,0,0,0,0,1,0.0,0.0,0.0,0.0,0.0,0.0,-12.07925,0,0,0,0,0,0,0,0,0,1
2.0245683193206787,-43.46501704936979,57.544898067853694,41.67799751613255,-74.30930749316005,49.89046458071691,15.664756371305742,-1.5903064664633412e-17,-0.45671282209443115,0.8726486435458607,-0.17290963840142023,0.0,0.0,0.0,0.0,0.0,0.0,-12.07925,-30.356127495488398,33.35588476099786,38.98755034156392,-43.619633053845604,22.676593149463045,21.34225445867429,-2.447446059586701e-17,-0.4508091068410587,0.8505471093094075,-0.27081499964842753
2.095428466796875,0,0,0,0,0,0,0,0,0,1,0.0,0.0,0.0,0.0,0.0,0.0,-12.07925,0,0,0,0,0,0,0,0,0,1
2.209840774536133,-43.563995536072184,57.726044601823,41.7420551661026,-74.26586279888582,50.10929643958838,15.842309676209595,2.3868412789877582e-17,-0.4576014285859273,0.8721435268854527,-0.1731086394953238,0.0,0.0,0.0,0.0,0.0,0.0,-12.07925,-30.42589867860563,33.44458977109343,38.98630943320672,-43.65706096925018,22.79046427660589,21.321457402351513,-3.263620362969416e-17,-0.4512242999655936,0.8504535616506391,-0.2704170308917365
2.284390926361084,-43.60656942898775,57.803961666391004,41.769608461986465,-74.29820382263634,50.22091058718428,15.790383379988867,7.957042080986782e-18,-0.45790359528233565,0.8720443895210254,-0.1728087964555427,0.0,0.0,0.0,0.0,0.0,0.0,-12.07925,-30.454969899944523,33.481550058523624,38.98579238992465,-43.677742728742885,22.833400458030496,21.276415764404447,1.6318015643500575e-17,-0.45133478979333874,0.8504580526825236,-0.2702184452432007
2.328141212463379,0,0,0,0,0,0,0,0,0,1,0.0,0.0,0.0,0.0,0.0,0.0,-12.07925,0,0,0,0,0,0,0,0,0,1
2.3918399810791016,-43.63090979240355,57.84850844231398,41.78536124354314,-74.42283259156173,50.23515727145933,15.73686046953631,-1.591414037612787e-17,-0.45779635878723507,0.8720413091637637,-0.17310820024799026,0.0,0.0,0.0,0.0,0.0,0.0,-12.07925,-30.43658399135124,33.458174760377354,38.98611939065201,-43.67177691408125,22.799670228177618,21.23486241737325,0.0,-0.45113607706670206,0.8506586741077276,-0.26991861761306807
2.4686946868896484,0,0,0,0,0,0,0,0,0,1,0.0,0.0,0.0,0.0,0.0,0.0,-12.07925,0,0,0,0,0,0,0,0,0,1
2.58266019821167,-43.53917134535411,57.68061234419824,41.725989257511884,-74.45262039224241,49.98423984226906,15.724485872203019,3.181380672628857e-17,-0.45688835246224185,0.8724380535289343,-0.17350756795881486,0.0,0.0,0.0,0.0,0.0,0.0,-12.07925,-30.34919200670043,33.34706718652846,38.98767369200193,-43.653150847773276,22.6352464329658,21.2915888241167,8.156404500488768e-18,-0.45046819649478426,0.8507294977206464,-0.2708093898939121
2.650533676147461,-43.50090779748565,57.61058390362831,41.70122556352513,-74.28575135404458,49.93295934195267,15.845419880563924,-3.1817531480782e-17,-0.4570834851544634,0.8723359206038174,-0.1735071445887451,0.0,0.0,0.0,0.0,0.0,0.0,-12.07925,-30.31933431052261,33.309106998345406,38.98820472305312,-43.608458283149105,22.610063591181486,21.371391074379318,2.4474986476446925e-17,-0.4506667382746381,0.8505288340712368,-0.2711091909661521
2.714644432067871,0,0,0,0,0,0,0,0,0,1,0.0,0.0,0.0,0.0,0.0,0.0,-12.07925,0,0,0,0,0,0,0,0,0,1
2.773451089859009,-43.56325029216403,57.724680685729496,41.74157285348093,-74.28860242428391,50.11105680433977,15.796704736206408,3.183201279929914e-17,-0.4579912269718,0.871939069345939,-0.17310775651311167,0.0,0.0,0.0,0.0,0.0,0.0,-12.07925,-30.399408567735378,33.41091103085722,38.986780570408264,-43.632957927283115,22.755082253658756,21.334386277790088,-1.632042010705451e-17,-0.4512760444243643,0.8503327559451597,-0.2707104281246086
2.830526828765869,0,0,0,0,0,0,0,0,0,1,0.0,0.0,0.0,0.0,0.0,0.0,-12.07925,0,0,0,0,0,0,0,0,0,1
2.9806160926818848,-43.5500243852807,57.70047515106903,41.73301321045248,-74.36926507818754,50.08304195536982,15.653845699031933,-1.5910298584659784e-17,-0.45762088330553885,0.8722518772334665,-0.17251026005821254,0.0,0.0,0.0,0.0,0.0,0.0,-12.07925,-30.387779827296004,33.396126595622114,38.9869873922013,-43.63689353086403,22.727083489365214,21.265100058218735,0.0,-0.4509940307422488,0.8506405702099636,-0.2702128874567743
3.0217831134796143,-43.61100239806446,57.81207471206581,41.77247742463587,-74.41450454566328,50.186101581336985,15.741778082588922,7.957150207870525e-18,-0.45777589601111063,0.8720325396200108,-0.17320646314470853,0.0,0.0,0.0,0.0,0.0,0.0,-12.07925,-30.378037312484604,33.38374025163179,38.987160666718225,-43.63404680606595,22.70960962120604,21.28931906087115,8.15730050603815e-18,-0.45088351874979715,0.850636052793563,-0.270411460939783
3.081955909729004,0,0,0,0,0,0,0,0,0,1,0.0,0.0,0.0,0.0,0.0,0.0,-12.07925,0,0,0,0,0,0,0,0,0,1
3.1571249961853027,-43.62868691453788,57.844440218660345,41.78392262453623,-74.34422780356351,50.221996303756015,15.879156204654635,7.95891366832395e-18,-0.45799182987951637,0.8718393229372061,-0.1736078303072941,0.0,0.0,0.0,0.0,0.0,0.0,-12.07925,-30.394671950766018,33.40488903671417,38.98686481303279,-43.635410222634846,22.743231279401726,21.32199512543579,8.158328109576523e-18,-0.45096700271929513,0.850528908706444,-0.27060919776127423
3.2303717136383057,0,0,0,0,0,0,0,0,0,1,0.0,0.0,0.0,0.0,0.0,0.0,-12.07925,0,0,0,0,0,0,0,0,0,1
3.364790201187134,-43.57965949563634,57.75471216462191,41.752192686611714,-74.47726816434033,50.01718685228511,15.891539701436642,-5.570052565386789e-17,-0.4572584405867376,0.8720251156907652,-0.17460502889863264,0.0,0.0,0.0,0.0,0.0,0.0,-12.07925,-30.36488384704763,33.367017326317225,38.98739460635429,-43.642645044309205,22.6771360077489,21.386640871007188,-8.159181788386602e-18,-0.4508925016908423,0.8504399195742551,-0.27101272131305637
3.410022735595703,-43.5973551414204,57.787098039643105,41.763645089263996,-74.48099381214607,50.06613397075023,15.877744805917445,-2.3873725014340352e-17,-0.4575152417878075,0.8719494632369948,-0.17430988810896683,0.0,0.0,0.0,0.0,0.0,0.0,-12.07925,-30.38679366404384,33.394872816951164,38.9870049315086,-43.657058796529526,22.710152479491924,21.33370547320405,8.158328109576523e-18,-0.45096700271929513,0.850528908706444,-0.27060919776127423
3.46053147315979,0,0,0,0,0,0,0,0,0,1,0.0,0.0,0.0,0.0,0.0,0.0,-12.07925,0,0,0,0,0,0,0,0,0,1
3.5249075889587402,-43.57370092626329,57.74380702527997,41.748336374357024,-74.40526557649127,50.047853857500485,15.872170598872088,-3.978578699103638e-17,-0.45747395475028063,0.872031751624084,-0.17400633575985167,0.0,0.0,0.0,0.0,0.0,0.0,-12.07925,-30.374065802574904,33.37869099188164,38.98723130160812,-43.661266765175895,22.68093620873286,21.35441060596878,-8.159181788386602e-18,-0.4508925016908423,0.8504399195742551,-0.27101272131305637
3.578918695449829,0,0,0,0,0,0,0,0,0,1,0.0,0.0,0.0,0.0,0.0,0.0,-12.07925,0,0,0,0,0,0,0,0,0,1
3.711996555328369,-43.5696938068821,57.736473352971096,41.745743016353074,-74.50951477853471,49.99535384017963,15.830029739191446,0.0,-0.4570840046013491,0.8721361357346467,-0.1745072304617542,0.0,0.0,0.0,0.0,0.0,0.0,-12.07925,-30.369329185605544,33.372668997738586,38.98731554423265,-43.663719060527626,22.66908523447583,21.342019453614512,-6.526558031656127e-17,-0.45069843129099557,0.8505425212188261,-0.27101354879518164
3.770585298538208,-43.660986921001395,57.9035544202711,41.80482678843088,-74.53837486472028,50.1597081736645,15.993292559484672,1.5923108357992838e-17,-0.45781710713135915,0.8715501707208001,-0.17551010322604751,0.0,0.0,0.0,0.0,0.0,0.0,-12.07925,-30.41137618150688,33.42612629958267,38.98656772161767,-43.6887010255023,22.735940507728913,21.339514685309155,1.0606765821233465e-16,-0.4509241964500594,0.8504535903886291,-0.2709170715384286
3.8345649242401123,0,0,0,0,0,0,0,0,0,1,0.0,0.0,0.0,0.0,0.0,0.0,-12.07925,0,0,0,0,0,0,0,0,0,1
3.8927841186523438,-43.606026573240165,57.80296815314993,41.76925713247415,-74.49349782642491,50.02825460670529,16.029431335993337,2.3877140259394577e-17,-0.45725759043069714,0.8718247447380664,-0.17560498414315717,0.0,0.0,0.0,0.0,0.0,0.0,-12.07925,-30.39431593925741,33.40443641425523,38.986871144839654,-43.69172787853029,22.699061506835108,21.38345529811582,-4.079612978754129e-17,-0.45078179279142805,0.8504353158061447,-0.2712112625195512
3.9598305225372314,0,0,0,0,0,0,0,0,0,1,0.0,0.0,0.0,0.0,0.0,0.0,-12.07925,0,0,0,0,0,0,0,0,0,1
4.085084438323975,-43.52798500651755,57.66013954676962,41.718749597647275,-74.27806027511258,49.93460400148673,16.05215193516571,-2.3869250264614827e-17,-0.4571300580521102,0.8721129269226172,-0.1745025865703437,0.0,0.0,0.0,0.0,0.0,0.0,-12.07925,-30.3374943035611,33.33219507416474,38.987881740324134,-43.57463829661063,22.675220827849927,21.455716296112058,1.0606765821233465e-16,-0.4509241964500594,0.8504535903886291,-0.2709170715384286
4.144626617431641,-43.540371461363215,57.68280874932275,41.72676595772014,-74.2905962896574,49.95444342085001,16.06793945487783,1.5913850811804456e-17,-0.4572330230747329,0.8720571766024287,-0.17451144187743559,0.0,0.0,0.0,0.0,0.0,0.0,-12.07925,-30.319512631156645,33.30933370990361,38.98820155154943,-43.565039070978855,22.645678842119366,21.449789581477063,-8.159181788386602e-18,-0.4508925016908423,0.8504399195742551,-0.27101272131305637
4.203874111175537,0,0,0,0,0,0,0,0,0,1,0.0,0.0,0.0,0.0,0.0,0.0,-12.07925,0,0,0,0,0,0,0,0,0,1
4.272030830383301,-43.51311868993101,57.63293179878051,41.709128301788226,-74.29238179049736,49.91448511064229,15.977384800485623,1.5910324214078704e-17,-0.45701728162082556,0.8722504721515545,-0.1741100747553149,0.0,0.0,0.0,0.0,0.0,0.0,-12.07925,-30.267162561159754,33.24277738564327,38.98913261845207,-43.552985377274695,22.54767603353187,21.468502090048872,5.710708405298719e-17,-0.450508636099864,0.8505469703597983,-0.27131498302012136
4.32911491394043,0,0,0,0,0,0,0,0,0,1,0.0,0.0,0.0,0.0,0.0,0.0,-12.07925,0,0,0,0,0,0,0,0,0,1
4.483408451080322,-43.28293027767891,57.21165001898586,41.560153214064925,-74.2205798860619,49.50635643805268,15.546484031015808,7.94269083116304e-18,-0.455346142645985,0.8736200428049613,-0.17160393697954593,0.0,0.0,0.0,0.0,0.0,0.0,-12.07925,-30.263950669188027,33.23869388157972,38.98918974323357,-43.550775037964115,22.540299908438485,21.289502907987213,8.154219783410763e-18,-0.45033265607303147,0.8509574291858016,-0.27031824316479286
4.527430534362793,0,0,0,0,0,0,0,0,0,1,0.0,0.0,0.0,0.0,0.0,0.0,-12.07925,0,0,0,0,0,0,0,0,0,1
4.618562698364258,-43.398717058993014,57.423558432756394,41.63508898400532,-74.23196953945393,49.69716631439398,15.842392575816774,7.950044721578936e-18,-0.4563276230796357,0.8728119333810633,-0.17310236671432405,0.0,0.0,0.0,0.0,0.0,0.0,-12.07925,-30.334374001587513,33.32822801490471,38.98793723614093,-43.59307771652681,22.653062100772956,21.367574486467134,-4.079054897746211e-17,-0.4509197276689071,0.8505516691796862,-0.27061643936510643
4.704482793807983,0,0,0,0,0,0,0,0,0,1,0.0,0.0,0.0,0.0,0.0,0.0,-12.07925,0,0,0,0,0,0,0,0,0,1
4.78192925453186,-43.566588549875966,57.73079023371472,41.74373333250163,-74.38273807958893,50.04945940710434,15.850036143970584,0.0,-0.4576225612299504,0.8720525848745814,-0.1735104627015366,0.0,0.0,0.0,0.0,0.0,0.0,-12.07925,-30.403024066136457,33.41550766814842,38.98671626732523,-43.662055624068586,22.73958589356532,21.33075490537246,1.631818852718023e-17,-0.4511137553147593,0.8504490424717829,-0.2706156054713834
4.907205581665039,-43.67676788661761,57.93243612294514,41.81504003380684,-74.3339363013159,50.34756359000832,15.894220785787837,-1.5922792271334083e-17,-0.458658104181607,0.8715674720443812,-0.17321340924622702,0.0,0.0,0.0,0.0,0.0,0.0,-12.07925,-30.4289969830405,33.44852886333604,38.98625432862494,-43.66989917640575,22.786493175797915,21.30358533488848,4.894813881021997e-17,-0.45114080501066095,0.8505607043581943,-0.2702192854998049
4.965785503387451,0,0,0,0,0,0,0,0,0,1,0.0,0.0,0.0,0.0,0.0,0.0,-12.07925,0,0,0,0,0,0,0,0,0,1
5.0206334590911865,-43.67720990485981,57.93324508734936,41.81532610253533,-74.34147548832163,50.337969595298176,15.912958873331519,2.3882019141390188e-17,-0.4585092001850355,0.8716466387736899,-0.17320926782423487,0.0,0.0,0.0,0.0,0.0,0.0,-12.07925,-30.40239391439289,33.4147065119364,38.98672747482566,-43.62590323383867,22.766824656258606,21.33790014767777,0.0,-0.4510412884423425,0.8506178100484986,-0.2702056575065886
5.083025217056274,0,0,0,0,0,0,0,0,0,1,0.0,0.0,0.0,0.0,0.0,0.0,-12.07925,0,0,0,0,0,0,0,0,0,1
5.154993772506714,-43.56611307649765,57.72992004103603,41.74342561202364,-74.34092424002878,50.09946921688746,15.769720381217013,-7.954297145502068e-18,-0.45740549145026976,0.8723453219032655,-0.17260896774103363,0.0,0.0,0.0,0.0,0.0,0.0,-12.07925,-30.338706382368063,33.33373607516263,38.98786018301847,-43.59425883214524,22.660724830907668,21.3443390064252,-2.4468295521950945e-17,-0.4506420952897608,0.8507614146251692,-0.2704195209999363
5.2689690589904785,-43.81249545020277,58.18083937224391,41.902881230910296,-74.5756611703228,50.62658634461039,15.731692664781434,2.388706788042665e-17,-0.4590465204876277,0.8714624086943348,-0.17271236858103234,0.0,0.0,0.0,0.0,0.0,0.0,-12.07925,-30.48507550921583,33.51982543605101,38.985256949640075,-43.73094346749539,22.853286120884164,21.2598555165483,0.0,-0.45113607706670206,0.8506586741077276,-0.26991861761306807
5.366754770278931,-43.84005760457967,58.231282543284856,41.92071911564989,-74.71687985779249,50.54319504519967,15.952380619803733,-1.5932498741747397e-17,-0.4589856903513749,0.8710364916867028,-0.17500733185438927,0.0,0.0,0.0,0.0,0.0,0.0,-12.07925,-30.508423950333214,33.54950995066722,38.984841688289826,-43.77424278800535,22.867440318178467,21.27102814123228,1.6318015643500575e-17,-0.45133478979333874,0.8504580526825236,-0.2702184452432007
5.464736223220825,0,0,0,0,0,0,0,0,0,1,0.0,0.0,0.0,0.0,0.0,0.0,-12.07925,0,0,0,0,0,0,0,0,0,1
5.518908262252808,-43.54480443043995,57.69092179499761,41.72963492036957,-74.40689701268437,49.919634415002776,16.019334157477886,1.5916326690081106e-17,-0.4571500616493198,0.8719215229769665,-0.1754043297742401,0.0,0.0,0.0,0.0,0.0,0.0,-12.07925,-30.417864068788063,33.43437480678957,38.98645233195122,-43.69085112824328,22.747900053643065,21.360783120130037,3.2640141541342576e-17,-0.45111821362953064,0.8503509575923014,-0.27091623475450366
5.582730531692505,0,0,0,0,0,0,0,0,0,1,0.0,0.0,0.0,0.0,0.0,0.0,-12.07925,0,0,0,0,0,0,0,0,0,1
5.732640504837036,-43.500542161482336,57.60991473099392,41.70098892843505,-74.45385739898913,49.82669555735514,15.883477281106991,-2.386360621119898e-17,-0.45654449715071505,0.8723191929789974,-0.1750038504772722,0.0,0.0,0.0,0.0,0.0,0.0,-12.07925,-30.402980700818503,33.41545253477108,38.986717038594726,-43.694090109767075,22.714386967104588,21.336984338031982,-8.159181788386602e-18,-0.4508925016908423,0.8504399195742551,-0.27101272131305637
5.781422138214111,-43.48611620579405,57.58351291420331,41.69165262869203,-74.50881163831565,49.748904126592834,15.91226138922238,-7.954225057821154e-18,-0.4563232749187987,0.8723532278087127,-0.1754107029206101,0.0,0.0,0.0,0.0,0.0,0.0,-12.07925,-30.406079005253382,33.41939162701369,38.98666193401294,-43.70692831692267,22.710415866296614,21.319112270568922,-8.159181788386602e-18,-0.4508925016908423,0.8504399195742551,-0.27101272131305637
5.829920291900635,0,0,0,0,0,0,0,0,0,1,0.0,0.0,0.0,0.0,0.0,0.0,-12.07925,0,0,0,0,0,0,0,0,0,1
5.899688005447388,-43.53164874851673,57.66684478329748,41.72112072606501,-74.48992189782479,49.90694502630225,15.830004160219602,-7.955354198175856e-18,-0.4568682952572333,0.8722294106651217,-0.17460588752823922,0.0,0.0,0.0,0.0,0.0,0.0,-12.07925,-30.430456974940906,33.450385053678225,38.986228362085896,-43.698027886068644,22.76669999992498,21.255450047608093,-2.4474853884214438e-17,-0.4510775480842671,0.8505334418011719,-0.2704106321728829
5.958839654922485,0,0,0,0,0,0,0,0,0,1,0.0,0.0,0.0,0.0,0.0,0.0,-12.07925,0,0,0,0,0,0,0,0,0,1
6.107065916061401,-43.46842553204186,57.551136138799315,41.680203443877154,-74.40580537970192,49.844192643750944,15.67161681898611,2.3854289338711677e-17,-0.4565388136578657,0.8726598984418099,-0.17331189594311905,0.0,0.0,0.0,0.0,0.0,0.0,-12.07925,-30.375073333606338,33.379971936912554,38.98721338226633,-43.640344640883654,22.696936317182008,21.17356188121599,-8.154177834543911e-18,-0.45074303507995267,0.8509618069048827,-0.2696195829610487
6.152863264083862,-43.45379221616111,57.524354819539035,41.67073294318735,-74.38748585144597,49.81658192259573,15.670187496849309,-1.5901262370397525e-17,-0.4564101239452842,0.8727475520214011,-0.17320943738983233,0.0,0.0,0.0,0.0,0.0,0.0,-12.07925,-30.341222129980096,33.336934521961915,38.987815439442436,-43.65414966244117,22.616950235039567,21.21244179946825,1.630861431348147e-17,-0.450411635245752,0.8509483111843793,-0.2702153410295208
6.208741664886475,0,0,0,0,0,0,0,0,0,1,0.0,0.0,0.0,0.0,0.0,0.0,-12.07925,0,0,0,0,0,0,0,0,0,1
6.272870302200317,-43.56114838098401,57.72083385054684,41.740212522613845,-74.49391991069592,49.95467463830188,15.90620061703649,-7.95677570918774e-18,-0.4569709845321245,0.8720735832599684,-0.17511477572112435,0.0,0.0,0.0,0.0,0.0,0.0,-12.07925,-30.393620424657197,33.40355215764846,38.9868835148446,-43.718887601070634,22.67497151518276,21.290816095972644,6.525840656516076e-17,-0.4505833285989755,0.8506360199866316,-0.2709114716839625
6.330936670303345,0,0,0,0,0,0,0,0,0,1,0.0,0.0,0.0,0.0,0.0,0.0,-12.07925,0,0,0,0,0,0,0,0,0,1
6.485658407211304,-43.61419239123342,57.81791291211509,41.77454194868178,-74.36372627471721,50.17695795793199,15.869598117602038,-3.183139596695497e-17,-0.45773052126617275,0.8719559658785536,-0.1737111495275889,0.0,0.0,0.0,0.0,0.0,0.0,-12.07925,-30.386276470077647,33.39421527190258,38.98701413000985,-43.64079930689965,22.7216777387774,21.31946477815862,3.2629376388007525e-17,-0.4507729519909909,0.8506315071908668,-0.2706100233315878
6.522888660430908,-43.61072647025588,57.81156971984158,41.77229884757769,-74.30577500990807,50.269035375882424,15.673222457168748,-7.956027651964922e-18,-0.45802976908931986,0.8721555790713608,-0.17191095521427238,0.0,0.0,0.0,0.0,0.0,0.0,-12.07925,-30.36566546252428,33.368011049021206,38.98738070501088,-43.58193711881688,22.724563123013596,21.248564020955882,3.262133755940883e-17,-0.45079521255662236,0.8508411270715505,-0.2699130467755189
6.584951400756836,0,0,0,0,0,0,0,0,0,1,0.0,0.0,0.0,0.0,0.0,0.0,-12.07925,0,0,0,0,0,0,0,0,0,1
6.644169330596924,-43.61399450300768,57.81755074486642,41.77441387787447,-74.39754843397628,50.1921125183775,15.77302482501679,-7.95723028225923e-18,-0.45775542331611335,0.8720237642710429,-0.1733047228763438,0.0,0.0,0.0,0.0,0.0,0.0,-12.07925,-30.36117675864841,33.36230424422249,38.987460538402026,-43.59289758829695,22.707414969825933,21.299414871008054,4.893921072494825e-17,-0.4507367447461218,0.8507158739734129,-0.27040504563584206
6.710733652114868,0,0,0,0,0,0,0,0,0,1,0.0,0.0,0.0,0.0,0.0,0.0,-12.07925,0,0,0,0,0,0,0,0,0,1
6.855841636657715,-43.64250641889432,57.86973213207249,41.79286643649293,-74.34983118904475,50.28412047460091,15.796638391620235,-7.959738797275417e-18,-0.45831448476234277,0.8717489456164542,-0.17320972511273364,0.0,0.0,0.0,0.0,0.0,0.0,-12.07925,-30.387241265550593,33.39544188421363,38.98699697073704,-43.6213908998609,22.73953965007493,21.363102672940727,8.159268972340212e-18,-0.45097147108748964,0.8504308323980941,-0.27090982184459517
6.899446249008179,-43.57178458875145,57.740299819727014,41.7470961444682,-74.23019490221714,50.138683610171356,15.871706875946273,7.95966478965746e-18,-0.4580332689521251,0.8717570509908168,-0.1739113814010589,0.0,0.0,0.0,0.0,0.0,0.0,-12.07925,-30.39372915283178,33.40369039142053,38.986881581070584,-43.623541002601826,22.75149919598914,21.38437110776161,2.4482670266775193e-17,-0.45104356263886164,0.8502618989224991,-0.27131975203207953
6.988882064819336,0,0,0,0,0,0,0,0,0,1,0.0,0.0,0.0,0.0,0.0,0.0,-12.07925,0,0,0,0,0,0,0,0,0,1
7.114442825317383,-43.606290186491215,57.80345060775525,41.76942773970332,-74.2556613607531,50.20768729131417,15.891454065072338,2.3882913375942264e-17,-0.45823274357527416,0.871614002196681,-0.17410279690505062,0.0,0.0,0.0,0.0,0.0,0.0,-12.07925,-30.40481870176626,33.41778931458965,38.98668434901381,-43.63462353646281,22.76489339168323,21.33340275517955,3.2640141541342576e-17,-0.45111821362953064,0.8503509575923014,-0.27091623475450366
7.1528260707855225,-43.60136557548952,57.79443777836347,41.76624059249289,-74.31055753623065,50.2147910784866,15.750259355094414,3.183137360918384e-17,-0.4580321338554088,0.8719565783243801,-0.17291121962643113,0.0,0.0,0.0,0.0,0.0,0.0,-12.07925,-30.428479789074295,33.44787131828744,38.986263527126184,-43.65363968677585,22.798018435083392,21.289344639842994,-2.4474724251479395e-17,-0.45118803865560575,0.8505379467334919,-0.270212055505455
7.273764610290527,-43.4922458376326,57.59473112534246,41.69561965045445,-74.38034326660721,49.93581255683604,15.627373488154944,-3.180718234589128e-17,-0.45684584445060006,0.872619753419129,-0.17270390948370795,0.0,0.0,0.0,0.0,0.0,0.0,-12.07925,-30.39330291910426,33.40314849051799,38.98688916180766,-43.65845204064374,22.721181123981907,21.242730598257452,-4.078136699233949e-17,-0.4507999608392694,0.8507431721465655,-0.27021371237099095
7.327422380447388,0,0,0,0,0,0,0,0,0,1,0.0,0.0,0.0,0.0,0.0,0.0,-12.07925,0,0,0,0,0,0,0,0,0,1
7.4063451290130615,-43.44236168010395,57.50343510196049,41.66333524190787,-74.35929690521343,49.840958519289444,15.56059203688892,2.3847245778751818e-17,-0.45654088798158754,0.8729176486397269,-0.17200347756447823,0.0,0.0,0.0,0.0,0.0,0.0,-12.07925,-30.34301676560989,33.33921616840313,38.987783521131014,-43.62671757483537,22.64225773315748,21.215089649275342,1.6308527557311916e-17,-0.45052215662728456,0.8509528379582229,-0.2700167660697146
7.459608793258667,0,0,0,0,0,0,0,0,0,1,0.0,0.0,0.0,0.0,0.0,0.0,-12.07925,0,0,0,0,0,0,0,0,0,1
7.531693458557129,-43.49326085207057,57.59658876485073,41.6962765552198,-74.2930501762508,49.982301637116365,15.638267605407748,-2.3854980698156623e-17,-0.45708040391518145,0.8726346072176986,-0.17200682150062366,-0.3202499999999999,1.82275,0.22099999999999997,0.64075,1.182,-0.961,-12.07925,-30.33439536936675,33.32825518126463,38.987936856106444,-43.59232085790009,22.65213119934873,21.255331176699656,2.4463183748946505e-17,-0.4504905866715336,0.8509391878568604,-0.2701124393467363
7.659458637237549,-43.555938370206995,57.711298693709814,41.73684066820575,-74.3329906235767,50.079738369181314,15.762810143971478,0.0,-0.45743197866403734,0.8722137353136679,-0.1732027275353443,0.052000000000000005,1.72775,1.81225,-0.01625,1.744,0.06825,-12.07925,-30.358148046672948,33.358453629765975,38.987514405254124,-43.63198676743991,22.670473640765337,21.302130433779837,-8.157256830957106e-18,-0.45069398779055825,0.8506406072166146,-0.27071292308198625
7.74187445640564,-43.520545421294905,57.64652391046166,41.71393479028871,-74.35863286490127,49.93376558704327,15.875213090261724,-3.1821616978549177e-17,-0.4569555761658509,0.872223923578077,-0.17440478361845527,-0.7412500000000002,0.66825,2.1445000000000003,-1.1087500000000001,1.7770000000000001,0.3675,-12.07925,-30.356757647231955,33.35668591720987,38.98753913406349,-43.65578544407555,22.649354386769716,21.335109216368977,-8.157979165655526e-18,-0.4506510999597816,0.8505652886586724,-0.27102080332333944
7.77974271774292,0,0,0,0,0,0,0,0,0,1,-1.07925,2.354,1.6212499999999999,-0.17325000000000002,2.52725,-0.906,-12.07925,0,0,0,0,0,0,0,0,0,1
7.858510494232178,0,0,0,0,0,0,0,0,0,1,-1.0,2.8085,1.6149999999999998,0.09675,2.71175,-1.0967500000000001,-12.07925,0,0,0,0,0,0,0,0,0,1
7.897289752960205,-43.52220981416753,57.64957001684382,41.715011964729335,-74.35215272913305,49.920479963006386,15.935058725310341,1.5912571727272094e-17,-0.4570633988473918,0.8721272743129082,-0.17460546049195483,-1.0295,2.6955,5.9190000000000005,-2.1265,4.822,1.097,-12.07925,-30.3832477581022,33.390364657446085,38.987067996861946,-43.679888486042586,22.684736409716862,21.3221803409304,-2.447446059586701e-17,-0.4508091068410587,0.8505471093094075,-0.27081499964842753
8.116623401641846,-43.52309716533988,57.651194012063776,41.71558624741128,-74.30104402927253,49.99744906400167,15.802908589894031,-1.590838718610999e-17,-0.4572318184581323,0.872356678616139,-0.17301124085818184,-3.8872500000000003,3.0797499999999998,12.1,-6.45375,9.5335,2.5665,-12.07925,-30.330310901679674,33.323062310351034,38.98800949999553,-43.59964791640999,22.639171290283358,21.34180865914803,6.525735694224486e-17,-0.4506149958431268,0.8506497019238338,-0.27081582327883175
8.157285213470459,0,0,0,0,0,0,0,0,0,1,-4.89,3.117000000000001,13.2455,-7.50925,10.62625,2.61925,-12.07925,0,0,0,0,0,0,0,0,0,1
8.205898761749268,0,0,0,0,0,0,0,0,0,1,-5.24525,3.0252499999999998,14.454500000000001,-8.337250000000001,11.3625,3.092,-12.07925,0,0,0,0,0,0,0,0,0,1
8.290021657943726,-43.621672060968024,57.83160190952048,41.77938269823972,-74.1850541897389,50.32969473813348,15.768862016708653,0.0,-0.4584651800624744,0.8719278529270731,-0.17190549136158254,-6.950749999999999,4.14175,15.074,-8.9415,13.08325,1.99075,-12.07925,-30.415951616018653,33.43194337113607,38.986486345687524,-43.61367158462525,22.803486513838024,21.276204969937993,8.157344759451367e-18,-0.4510728917220312,0.8506314381119662,-0.2701099828756667
8.332054376602173,0,0,0,0,0,0,0,0,0,1,-8.13225,4.141500000000001,16.528750000000002,-10.25975,14.401250000000001,2.1275,-12.07925,0,0,0,0,0,0,0,0,0,1
8.462064743041992,-43.62079583910632,57.82999828272719,41.7788156183097,-74.31016527950493,50.265778033184304,15.749839134540025,-7.958107014843537e-18,-0.4581647197277683,0.8719276947350337,-0.1727054855840582,-12.64525,2.5915,18.25125,-14.1525,16.744,1.50725,-12.07925,-30.41729865014171,33.433655950314844,38.986462388147665,-43.62190739368813,22.799406841372928,21.249455620008376,8.156405595924696e-18,-0.45106811847010153,0.8507293834644774,-0.2698093189828565
8.519781589508057,-43.516575071737755,57.63925753283875,41.711365229259194,-74.4309696456271,49.93700684506497,15.725023595287297,7.953561888133782e-18,-0.45676024979811874,0.8724259648069911,-0.17390517569914685,-13.728250000000001,4.4765000000000015,21.086250000000003,-15.169,19.645500000000002,1.44075,-12.07925,-30.327551470576935,33.31955405159877,38.98805857757976,-43.64648841105452,22.59600188086793,21.295522914558802,2.4469346231005968e-17,-0.45035749900017213,0.8507248830924682,-0.27100792678742086
8.609687805175781,0,0,0,0,0,0,0,0,0,1,-14.615250000000001,6.235250000000001,21.306500000000003,-14.843250000000001,21.078500000000002,0.228,-12.07925,0,0,0,0,0,0,0,0,0,1
8.64895224571228,-43.449193156650786,57.515937801684245,41.667756488867646,-74.3723754771685,49.77805112860773,15.768610332125746,7.952530706668789e-18,-0.4563905395666735,0.8725390897376166,-0.17430780898712497,-15.07975,13.728250000000001,20.8395,-11.0955,24.82375,-3.9842500000000003,-12.07925,-30.310334905232132,33.297665421730535,38.98836478107042,-43.66165684918096,22.549637456921204,21.367078897375706,4.079527514190397e-17,-0.4503227972393825,0.8504531321054575,-0.271916988028544
8.714733600616455,0,0,0,0,0,0,0,0,0,1,-15.19625,22.243250000000003,15.871000000000002,-4.412,26.655250000000002,-10.78425,-12.07925,0,0,0,0,0,0,0,0,0,1
8.854681253433228,-43.43546951776784,57.49082133749172,41.65887471985735,-74.26321951170098,49.77394129732866,15.84778156736752,2.3860422425116166e-17,-0.4562824015919674,0.8724355898162744,-0.17510714325633842,-16.7495,30.74125,12.23575,0.878,29.86325,-17.6275,-12.07925,-30.277535227714747,33.25596488584565,38.98894813643472,-43.591984492302714,22.537911138997785,21.437137845091115,4.0796367378813646e-17,-0.45037019034341175,0.8504303630120179,-0.27190970802324516
8.895828247070312,-43.273243898625324,57.19392238896515,41.55388430958311,-74.10763644497737,49.418173718605885,15.899000111651816,0.0,-0.45300440180738216,0.8731458135116148,-0.18000944500296723,-16.712249999999997,35.850500000000004,13.220750000000002,2.95875,32.89175,-19.671,-12.07925,-30.254903668976837,33.227191794196166,38.989350647745546,-43.52076859062569,22.54691603193166,21.406361112782832,-8.159137890495848e-18,-0.45100315587757456,0.8504444951212285,-0.27081416895440824
8.990126371383667,0,0,0,0,0,0,0,0,0,1,-21.0395,38.13125,10.56775,3.262,34.86925,-24.3015,-12.07925,0,0,0,0,0,0,0,0,0,1
9.081098079681396,-43.30648585197583,57.25476050472579,41.575398089829626,-73.97265810995538,49.614389538517855,15.797608785144263,-7.944331156602523e-18,-0.4490887481126187,0.8734396599442263,-0.1882085459142471,-22.616,45.689750000000004,16.20625,3.43375,42.256,-26.04975,-12.07925,-30.22252959542749,33.18603235855632,38.98992643357329,-43.44670596415057,22.538447056706303,21.399803383126965,-8.162102689746899e-18,-0.4524830768688132,0.8501355799681074,-0.2693112712450434
9.16424560546875,-43.241303370886335,57.1354660911793,41.533212795864024,-73.5721003381625,49.71790887287209,15.643539908108124,7.933584407255307e-18,-0.4357480131971971,0.8746228120496925,-0.21250554260297236,-23.9125,49.55225,18.772250000000003,3.43375,46.118500000000004,-27.34625,-12.07925,-30.259770381900037,33.23337918847124,38.98926409131252,-43.42221283817844,22.634363785570883,21.400063967158587,-2.4497710433608123e-17,-0.45499425836506296,0.8497398876575634,-0.26631250098059217
9.269886493682861,-43.28255790565528,57.21096851835198,41.559912219505975,-73.26171713598973,49.97104618221799,15.711243456213708,2.3808211544998844e-17,-0.4256983376576726,0.8743488217238407,-0.23301301093635465,-24.23275,52.78925,20.407500000000002,4.0745000000000005,48.71475,-28.30725,-12.07925,-30.03227061236842,32.94414273795649,38.99331026557327,-43.25978720650622,22.29370452380323,21.387056986425904,0.0,-0.4568827759154446,0.8511347820887999,-0.25851056417571944
9.367065906524658,0,0,0,0,0,0,0,0,0,1,-24.23275,55.19325,22.8115,4.0745000000000005,51.11875,-28.30725,-12.07925,0,0,0,0,0,0,0,0,0,1
9.41413426399231,-43.166108959251915,56.99784823607516,41.48454790452592,-73.12860567504006,49.778880068940026,15.60236956645366,7.9336272095688e-18,-0.42393615298054727,0.8746180934161089,-0.23520486573458588,-24.23275,56.440000000000005,24.058250000000005,4.0745000000000005,52.365500000000004,-28.30725,-12.07925,-29.885966218617845,32.75813567680538,38.995912347647675,-43.090311226830806,22.12541125886328,21.35306773387586,1.6274146600967785e-17,-0.45892126282222573,0.8527505710799717,-0.24941479116611345
9.468063354492188,0,0,0,0,0,0,0,0,0,1,-24.42525,56.909,23.74625,4.36875,52.54025,-28.794,-12.07925,0,0,0,0,0,0,0,0,0,1
9.540355920791626,-43.20863045309801,57.07566940192686,41.51206728838139,-72.9124801925532,50.000962329932236,15.621585319689189,4.764916020844365e-17,-0.418393925228126,0.8737481047161405,-0.24801365453771634,-23.677999999999997,57.7245,23.678,5.1842500000000005,52.54025,-28.86225,-12.07925,-29.81931047811199,32.67339154792104,38.99709784661377,-42.94972516088632,22.098879313702497,21.358690362107836,8.125955318137496e-18,-0.46024170406197185,0.8539173096877987,-0.2429049239058043
9.676575183868408,-43.21052784667644,57.07914193703787,41.513295257991274,-72.8733590131443,49.98018487558457,15.754768767281178,2.3857382416024217e-17,-0.4140897385122105,0.8725467592680999,-0.25921389112010484,-23.123,58.83425,23.12325,6.2940000000000005,52.54025,-29.417,-12.07925,-29.710903249718996,32.53556581730563,38.999025912466784,-42.87587031746574,21.93315265860454,21.30888937925235,3.246102143967358e-17,-0.4606041186561503,0.8550431990321257,-0.2382120350987746
9.718770265579224,0,0,0,0,0,0,0,0,0,1,-23.123,58.83425,23.12325,6.2940000000000005,52.54025,-29.417,-12.07925,0,0,0,0,0,0,0,0,0,1
9.78398060798645,-43.340847578462984,57.31764798524532,41.597636573373016,-72.80024423712896,50.31985291830017,15.867373608589162,7.9616861464466e-18,-0.4142686932400187,0.8715357245027983,-0.2623107521940149,-23.123,58.83425,23.12325,6.2940000000000005,52.54025,-29.417,-12.07925,-29.70001338919784,32.52172077205471,38.99921959298538,-42.820611712807846,21.954442812424162,21.326012929164648,3.245302074650421e-17,-0.4608302427853876,0.8552539941484094,-0.23701496329884592
9.8291494846344,0,0,0,0,0,0,0,0,0,1,-23.439,60.21025,23.076249999999998,6.8475,53.36275,-30.2865,-12.07925,0,0,0,0,0,0,0,0,0,1
9.907252788543701,-43.346086544441256,57.32723613475301,41.60102716722853,-72.7890716391531,50.333635157132534,15.884262153441654,1.592495300638376e-17,-0.4141946146843626,0.8714492157214744,-0.262714837009446,-23.12375,61.77975,22.740000000000002,7.958,53.82175,-31.08175,-12.07925,-29.722640088573506,32.55048768565535,38.99881716810026,-42.807108883861105,22.010618374395335,21.253473423737233,-8.111708804202697e-18,-0.46084108770540616,0.8554170362121688,-0.23640470816057604
10.032814502716064,-43.16835470224425,57.00195830658443,41.48600132155944,-72.67409306006758,49.98249724272095,15.745402182916933,-7.955837649892496e-18,-0.4121454796518864,0.8721764079739599,-0.2635230862299489,-23.8605,66.486,22.091,10.26725,56.21875,-34.12775,-12.07925,-29.63926297915032,32.444484504933925,39.00030006329079,-42.72922837274467,21.900066918117403,21.23887885272356,8.106671994983543e-18,-0.46061682908025975,0.8559485209468272,-0.2349133164743658
10.123050212860107,-43.07368490324502,56.8286973634075,41.424732200874026,-72.61610327683053,49.775920485921276,15.721669745405052,-2.3879369364138795e-17,-0.40878141368136306,0.8717433611535594,-0.27011343564021617,-24.5445,70.4695,21.6325,12.14625,58.32325,-36.69075,-12.07925,-29.64144048318969,32.44725291890035,39.00026133551179,-42.698919732795474,21.930493561781816,21.38939664469433,-1.6205660980812643e-17,-0.46133116909800165,0.856354321137881,-0.23201471739342333
10.17080044746399,0,0,0,0,0,0,0,0,0,1,-24.566249999999997,74.81325,22.969,13.639000000000001,61.17425,-38.20525,-12.07925,0,0,0,0,0,0,0,0,0,1
10.237020254135132,0,0,0,0,0,0,0,0,0,1,-24.782750000000004,77.0555,23.705749999999995,14.2835,62.772,-39.066250000000004,-12.07925,0,0,0,0,0,0,0,0,0,1
10.284156084060669,-42.94669727189164,56.596289594375804,41.342547379598464,-72.61007070743736,49.505838285547384,15.559129863690686,0.0,-0.4017311318749931,0.86991705266178,-0.28610560842227295,-24.98625,79.0625,23.912750000000003,15.08175,63.98075,-40.068,-12.07925,-29.597981720068127,32.39200073814024,39.00103426697061,-42.69849330308318,21.843449935957324,21.53712350535625,-8.091606647689147e-18,-0.4622020945964545,0.8575421675853313,-0.225811103721012
10.404654502868652,-42.78070257330977,56.29249262488084,41.235117667820646,-72.23908267114635,49.15474149160488,15.902202623046918,3.226511827938932e-17,-0.3846596608052295,0.8602347394262907,-0.33471351695649776,-24.63025,84.273,23.46575,18.0885,66.1845,-42.71875,-12.07925,-29.46566549127362,32.223777814482716,39.00338756394463,-42.59711413522126,21.649895416389853,21.468138635430847,-2.4215632234048583e-17,-0.4629925250041255,0.859638167218786,-0.21600959064594902
10.454920530319214,0,0,0,0,0,0,0,0,0,1,-24.535,86.6795,24.497,18.82375,67.85575,-43.35875,-12.07925,0,0,0,0,0,0,0,0,0,1
10.521236896514893,-42.991212024789654,56.677758744558126,41.371356776010224,-72.25127146555528,49.76515743175776,15.708182486725576,0.0,-0.3866874195269939,0.8597504405595261,-0.33361957307276724,-24.455000000000005,89.089,24.640500000000003,19.99675,69.09225,-44.451750000000004,-12.07925,-29.429045767579623,32.17722058533963,39.00403886035584,-42.45780142173075,21.68416156395122,21.472357520497894,-3.2231482182386813e-17,-0.4638788853837487,0.8611324623102875,-0.20800784131986974
10.58721375465393,0,0,0,0,0,0,0,0,0,1,-24.754999999999995,91.1405,24.771500000000003,20.807000000000002,70.3335,-45.562,-12.07925,0,0,0,0,0,0,0,0,0,1
10.651375770568848,-43.02571146525063,56.740898263776856,41.393684386330804,-72.10345492337771,49.96534435247767,15.624663227681054,0.0,-0.38182450868634915,0.8547729033962324,-0.35152998191619933,-24.59225,89.691,24.753750000000004,20.1725,69.5185,-44.76475,-12.07925,-29.4520071106847,32.20641295503933,39.00363048369834,-42.38873779551534,21.785437799913268,21.4506011521579,8.047502697106548e-18,-0.4649021449377052,0.8622418860949351,-0.20100976467766404
10.781862258911133,-42.882481906105454,56.47876515722499,41.30098799067187,-72.0801298767002,49.58705302879332,15.675176756786044,4.9057711451095906e-17,-0.37480177180013363,0.8486609381472342,-0.3732267995717037,-24.278999999999996,92.40375,24.278750000000002,21.923000000000002,70.48075,-46.202,-12.07925,-29.343825797846467,32.06887444675083,39.00555453155299,-42.35466875329482,21.58828413799975,21.358028294600928,3.215688060281914e-17,-0.46547383180768154,0.8631302257967035,-0.1958068569238727
10.856096982955933,0,0,0,0,0,0,0,0,0,1,-24.278999999999996,92.40375,24.278750000000002,21.923000000000002,70.48075,-46.202,-12.07925,0,0,0,0,0,0,0,0,0,1
10.919384479522705,-42.772825,56.2780754,41.2300194,-72.08254148090342,49.1962360826723,15.84767689820572,0.0,-0.3710015969942711,0.843861462620046,-0.3876282328887529,-23.958499999999997,90.596,24.073,21.28225,69.31375,-45.24075,-12.07925,-29.259483892950335,31.961644653718363,39.007054586016324,-42.29619664921714,21.45987077042429,21.299795828805145,-3.21492261272797e-17,-0.4658874270251098,0.8633357302519132,-0.19390802513129382
10.985321283340454,0,0,0,0,0,0,0,0,0,1,-23.958499999999997,90.48150000000001,23.958500000000008,21.28225,69.19925,-45.24075,-12.07925,0,0,0,0,0,0,0,0,0,1
11.039000272750854,-42.77486550992357,56.28180986101774,41.231339992734846,-71.95761269208788,49.28611171568244,15.922611324980892,-3.2950994684484466e-17,-0.371247932738894,0.8423289154514686,-0.39071341240281227,-23.958499999999997,90.48150000000001,23.958500000000008,21.28225,69.19925,-45.24075,-12.07925,-29.25595512518516,31.95715828318185,39.00711734656036,-42.20302998103466,21.525764983439203,21.290968335903727,3.214895459386303e-17,-0.4662054265306095,0.86334302207535,-0.19310962303110163
11.156108140945435,-42.868408799765874,56.45300911143636,41.291880050654534,-71.92606921811262,49.55439444137471,15.901889637195126,3.2970280672801817e-17,-0.3723603156214131,0.8418361945740221,-0.3907167987883944,-23.944750000000003,90.48150000000001,23.972250000000003,21.28225,69.19925,-45.227000000000004,-12.07925,-29.264281013414106,31.96774357020733,39.00696926731298,-42.14571351047138,21.588230953932012,21.308655187872148,-3.2149597730686226e-17,-0.46636315192506156,0.863325751324618,-0.19280575101979183
11.24080228805542,-42.87656183110451,56.46793046876907,41.29715659149775,-71.75538881343539,49.64196685134752,15.978042591640587,0.0,-0.3728939950393095,0.8414562529568997,-0.3910261408440073,-23.6355,88.56649999999999,23.647999999999996,20.6415,67.925,-44.277,-12.07925,-29.287268583660637,31.99696928431576,39.00656042419529,-42.16061175625299,21.623395833564757,21.27797174750043,-8.037523716719149e-18,-0.4664304236656578,0.8633124017380353,-0.19270276823227078
11.339606523513794,0,0,0,0,0,0,0,0,0,1,-23.34425,86.637,23.291250000000005,20.00075,66.63625,-43.345,-12.07925,0,0,0,0,0,0,0,0,0,1
11.402169466018677,-42.86502595760717,56.44681796674998,41.289690717132416,-71.72365652034767,49.643355257637026,15.938153571805941,1.649538376498203e-17,-0.372922437947802,0.8413134247458703,-0.3913062440307369,-22.532249999999998,87.696,23.044250000000005,21.05975,66.63625,-43.592,-12.07925,-29.246299341009646,31.9448822059462,39.00728907853828,-42.13611428483961,21.55868896820145,21.302728473237153,-8.037362812068223e-18,-0.46627276727081485,0.8633296848922104,-0.19300663637692178
11.497164011001587,-42.82377977676218,56.37133082860038,41.262996700046514,-71.68083952067832,49.55103767111851,15.961480975405863,1.6498791390314854e-17,-0.37256620531548545,0.8411396616579454,-0.39201848456772614,-23.31775,86.637,23.317750000000004,20.00075,66.63625,-43.3185,-12.07925,-29.22851735701845,31.92227471960319,39.00760533822539,-42.08233898841084,21.563831331984545,21.262956955932367,-3.214639248642373e-17,-0.46632900774949165,0.8634118315873492,-0.19250263792050584
11.622726917266846,0,0,0,0,0,0,0,0,0,1,-23.004749999999998,85.671,23.49125,19.587500000000002,66.0835,-42.59225,-12.113,0,0,0,0,0,0,0,0,0,1
11.717245101928711,-42.88173222946666,56.477393128522195,41.300502809241856,-71.70876044728669,49.68850217511826,15.956588941325123,1.6504338561009026e-17,-0.3731953506115328,0.84085695143217,-0.3920265520473486,-22.65075,82.79275,22.7035,18.71925,64.0735,-41.37,-12.169500000000001,-29.280824061697395,31.988775910486194,39.00667504259224,-42.12642716781352,21.63663521411131,21.250473880020053,1.607662360165036e-17,-0.46666818809436084,0.8632277617291373,-0.19250619107143063
11.768534183502197,-42.886703082259075,56.486490587820846,41.30371988356617,-71.72904777733308,49.70211351412668,15.923375153676204,-4.9555929684619145e-17,-0.37284817846856444,0.8401287936358757,-0.39391350055132884,-21.58625,81.20975,22.5285,18.5475,62.66225,-40.13375,-12.195,-29.368172681030245,32.099828350957736,39.00512151251182,-42.17708771981998,21.77586008286238,21.199976905936097,1.608582373021748e-17,-0.4670838387471791,0.862734047106634,-0.19370764451669753
11.8461172580719,0,0,0,0,0,0,0,0,0,1,-21.154750000000003,79.01375,22.053999999999995,17.9025,61.11125,-39.05725,-12.234,0,0,0,0,0,0,0,0,0,1
11.903600931167603,-42.836375249144275,56.39438256682894,41.27114833367863,-71.73355576586957,49.56877492608248,15.92266877011835,3.3122001588124815e-17,-0.37223389576606175,0.8379800218831004,-0.39903810565861914,-20.8405,77.32925,21.956250000000004,17.26625,60.063,-38.10675,-12.262,-29.360089216773066,32.089551274570255,39.00526528015204,-42.18871440233286,21.746216659034815,20.92395863176293,2.4182094986629844e-17,-0.46537434104220515,0.8608303673950136,-0.20590726376235285
12.028388023376465,-42.97609542090786,56.65009293060395,41.36157349731545,-72.05094863396167,49.87066121475506,15.60798410891644,1.662498349312366e-17,-0.3754936269615929,0.8347549826773973,-0.40272652632585104,-20.52025,74.30325,20.532000000000004,16.6255,57.67775,-37.14575,-12.324,-29.67432333255153,32.48905919699817,38.99967650090302,-42.310693374976154,22.29052837641862,20.459797146338303,3.2295906652263786e-17,-0.46373567018491163,0.8594146594018406,-0.21530367252643265
12.085256814956665,0,0,0,0,0,0,0,0,0,1,-20.200000000000003,72.51650000000001,20.347,15.98475,56.53175,-36.18475,-12.3535,0,0,0,0,0,0,0,0,0,1
12.143827676773071,-43.784833941815826,58.13021436740095,41.88497904548669,-73.5325717111127,51.39864692684506,14.956330273738274,-5.0229293672008844e-17,-0.3925219669192683,0.8288661930088874,-0.3986318346203456,-20.200000000000003,72.36925000000001,20.19975,15.98475,56.3845,-36.18475,-12.3825,-30.30247149846578,33.28766811990146,38.98850463490028,-42.86436830940272,23.138509772480205,19.79063975160878,4.0505591978201455e-17,-0.4631859705981347,0.8565353035256803,-0.22760938129882644
12.239544153213501,0,0,0,0,0,0,0,0,0,1,-19.907000000000004,71.82475,20.399749999999997,15.759,56.06575,-35.666000000000004,-12.4215,0,0,0,0,0,0,0,0,0,1
12.28087306022644,-43.76963875904998,58.10240474146336,41.875144911511974,-73.68308685012443,51.32800552674556,14.81157190430747,0.0,-0.3972371473267475,0.8280197414851129,-0.3957094344271245,-20.15175,70.7415,19.530750000000005,15.5295,55.212,-35.68125,-12.451500000000001,-30.685839226165868,33.77507046334194,38.98168628675242,-43.27305662616365,23.6022601871,19.516761288265883,3.243898191202909e-17,-0.46055810135624164,0.8556241281214972,-0.236206660895626
12.395392894744873,-43.58661613054671,57.767443924260675,41.7566949345133,-74.28450015708063,50.633783197712035,14.496996965561067,0.0,-0.3984727898353408,0.8270384347585643,-0.3965184273056479,-19.8795,70.53999999999999,19.972499999999997,15.344000000000001,55.196,-35.2235,-12.5085,-30.7672592,33.878585400000006,38.980238199999995,-43.57739698588372,23.824439865111344,19.299936160284318,-3.246780031565042e-17,-0.45735358432768325,0.8548646765654128,-0.24501853738713875
12.489219188690186,0,0,0,0,0,0,0,0,0,1,-19.8795,70.44725,19.87975,15.344000000000001,55.10325,-35.2235,-12.5465,0,0,0,0,0,0,0,0,0,1
12.533072710037231,-44.21841490146184,58.923737188891636,42.16558726927372,-75.0224663524902,51.99393717080517,14.16535398898597,1.177477627542462e-16,-0.4023427868553878,0.8250221692742779,-0.39681066274913146,-19.8795,70.44725,19.87975,15.344000000000001,55.10325,-35.2235,-12.577,-30.7672592,33.878585400000006,38.980238199999995,-43.93310103782929,24.43229412546063,18.950382408187835,1.623419418691273e-17,-0.45711669090041646,0.8548491935005988,-0.24551412845624357
12.594160079956055,0,0,0,0,0,0,0,0,0,1,-19.8795,70.44725,19.87975,15.344000000000001,55.10325,-35.2235,-12.608,0,0,0,0,0,0,0,0,0,1
12.665952682495117,-44.08014181831467,58.67067522979468,42.07609864345592,-74.82388080266344,51.44047469645628,15.0185497864953,8.440624130297382e-17,-0.4009598908436779,0.8220830351869675,-0.4042408306843943,-19.8795,70.44725,19.87975,15.344000000000001,55.10325,-35.2235,-12.6435,-30.91085808544615,34.09414421760391,38.97800635442566,-44.260492487919805,24.99427344309852,19.01033309588098,-8.123739452254255e-18,-0.4570191882437451,0.8541502278217152,-0.2481145902383416
12.879448890686035,-44.62972189149912,59.676495067142746,42.43178005596753,-76.29915825420733,52.32062974277386,14.299256011040626,-1.693500197155009e-17,-0.4017427371466404,0.8194736458329562,-0.4087367330387225,-19.8795,70.44725,19.87975,15.344000000000001,55.10325,-35.2235,-12.75,-31.530038051968862,35.0236061772353,38.96838292271371,-45.3014415540988,25.636962654048347,18.440266766626365,-1.624969482772939e-17,-0.4543791288728469,0.8540337498604973,-0.2533100103508945
12.963142156600952,0,0,0,0,0,0,0,0,0,1,-19.8795,70.44725,19.87975,15.344000000000001,55.10325,-35.2235,-12.7925,0,0,0,0,0,0,0,0,0,1
13.026965141296387,-44.6909532,59.7885582,42.4714082,-77.17186182929572,52.396546012528006,13.890936050697547,-3.389524940141503e-17,-0.3998217666027151,0.8188632951752288,-0.4118318331132868,-19.8795,70.44725,19.87975,15.344000000000001,55.10325,-35.2235,-12.823500000000001,-31.898079596537393,35.5760798258282,38.96266273978982,-45.88168919854459,26.044613909001257,18.100659455971282,2.4366377474967445e-17,-0.45294638743520005,0.854319922323599,-0.2549059442822023
13.090177059173584,0,0,0,0,0,0,0,0,0,1,-19.8795,70.44725,19.87975,15.344000000000001,55.10325,-35.2235,-12.856,0,0,0,0,0,0,0,0,0,1
13.159554719924927,-44.6909532,59.7885582,42.4714082,-77.25838344252455,52.93390162432675,13.805713067220722,6.784401676692434e-17,-0.4000334226775997,0.8182173443822522,-0.4129087527443558,-19.8795,70.44725,19.87975,15.344000000000001,55.10325,-35.2235,-12.8905,-32.255248591913734,36.11223249922045,38.95711154042539,-46.215106118387354,26.595137429080623,17.954861611673152,2.4379738148539864e-17,-0.4529205135454294,0.8538517347844619,-0.2565155422490214
13.362920999526978,-44.99839467058616,60.30077714415689,42.70460819039612,-77.98386458759737,53.907782962189486,13.259972975321205,6.785821887387931e-17,-0.40108925291205433,0.8180460989468405,-0.41222322981159853,-19.8795,70.44725,19.87975,15.344000000000001,55.10325,-35.2235,-12.9915,-33.058103,37.3174114,38.9446334,-47.167503950800466,27.785700207386157,17.31135664686846,-8.128366481697175e-18,-0.4522486775431544,0.8536640073416587,-0.25831936866957644
13.413228750228882,0,0,0,0,0,0,0,0,0,1,-19.8795,70.44725,19.87975,15.344000000000001,55.10325,-35.2235,-13.0175,0,0,0,0,0,0,0,0,0,1
13.498183488845825,-45.2536210764121,60.726002146704126,42.89820209714517,-78.88894553214357,54.31365575717564,12.639331566688526,0.0,-0.398963586606796,0.8157330473116251,-0.418816967284674,-19.8795,70.44725,19.87975,15.344000000000001,55.10325,-35.2235,-13.0235,-33.058103,37.3174114,38.9446334,-47.52265081777023,27.954721304573468,17.26034124147833,8.133442060624407e-18,-0.45037210112151793,0.8531312883508174,-0.2633096568078423
13.581844329833984,0,0,0,0,0,0,0,0,0,1,-19.8795,70.44725,19.87975,15.344000000000001,55.10325,-35.2235,-13.0235,0,0,0,0,0,0,0,0,0,1
13.663989305496216,-45.21340124904657,60.65899310765657,42.86769462091728,-78.98113510379989,53.96282014651612,13.057680054400606,5.1105697375605354e-17,-0.39799995961029067,0.8146520948037491,-0.4218269746970554,-19.8795,70.44725,19.87975,15.344000000000001,55.10325,-35.2235,-13.0235,-33.058103,37.3174114,38.9446334,-47.5430238664903,27.780532614827564,17.28570340326408,8.130514442381256e-18,-0.4497884113347797,0.85343848203964,-0.26331187288614627
13.77368950843811,-45.2386405121629,60.701043481277594,42.88683906459013,-78.88866723039516,54.114540478889964,12.991117053173355,1.7016718436372905e-17,-0.3976735535470987,0.8155384282642273,-0.42041981022965186,-19.8795,70.44725,19.87975,15.344000000000001,55.10325,-35.2235,-13.0235,-33.058103,37.3174114,38.9446334,-47.57419029278435,28.125419423630547,17.220268374527592,8.130495041072771e-18,-0.45019326179274616,0.8534405185482632,-0.26261246797606513
13.840811491012573,0,0,0,0,0,0,0,0,0,1,-19.8795,70.44725,19.87975,15.344000000000001,55.10325,-35.2235,-13.0235,0,0,0,0,0,0,0,0,0,1
13.9017972946167,-45.31610606338194,60.83010649538007,42.945598105021034,-78.949954059005,54.20270893121638,13.161029526680494,0.0,-0.39786734517596134,0.8151351383921622,-0.421018149016195,-19.8795,70.44725,19.87975,15.344000000000001,55.10325,-35.2235,-13.0235,-33.058103,37.3174114,38.9446334,-47.668814787091975,28.22659402851272,17.27135559801809,2.4402221688004017e-17,-0.4505499661050229,0.8530650191558189,-0.2632200621826629
13.965272903442383,0,0,0,0,0,0,0,0,0,1,-19.8795,70.44725,19.87975,15.344000000000001,55.10325,-35.2235,-13.0235,0,0,0,0,0,0,0,0,0,1
14.021506786346436,-45.252985678279316,60.72494352907498,42.89772013601553,-79.12874386292287,53.91989090566881,13.18444256664472,-3.4079678040274736e-17,-0.3967608302974034,0.8144318612056102,-0.4234165643841544,-19.75525,71.12650000000001,19.32475,16.02325,55.10325,-35.7785,-13.0235,-33.058103,37.3174114,38.9446334,-47.73866509947945,28.1036556802692,17.281704336614297,3.2533854196062395e-17,-0.4499667837904485,0.8531290344009776,-0.26400898497463154
14.161153554916382,-45.356870899189886,60.89802355652496,42.97651898014171,-79.32568393047,54.120595455899064,13.079884959023929,-8.525141959917353e-17,-0.3974631265199064,0.8139329452262278,-0.42371715062336024,-19.32475,71.557,19.32475,16.45375,55.10325,-35.7785,-13.033,-33.058103,37.3174114,38.9446334,-47.74190625372387,28.15045439084463,17.245657483663734,-8.1341846685508e-18,-0.4502229888368801,0.8530534019881639,-0.2638165151752375
14.241093873977661,0,0,0,0,0,0,0,0,0,1,-19.32475,71.557,19.32475,16.45375,55.10325,-35.7785,-13.0645,0,0,0,0,0,0,0,0,0,1
14.300009489059448,-45.32064868959683,60.83767482765175,42.94904377026478,-79.33631179831502,54.109248229997746,12.883013709499238,-3.407949417070441e-17,-0.39706931015694025,0.8144362553211926,-0.42311883549410184,-19.32475,71.557,19.32475,16.45375,55.10325,-35.7785,-13.102,-33.058103,37.3174114,38.9446334,-47.78826008208645,28.024824776425532,17.18936785249568,-5.692767889087399e-17,-0.4496630058264047,0.8532274330112756,-0.26420849484479486
14.343593120574951,0,0,0,0,0,0,0,0,0,1,-19.674500000000002,72.7565,19.2275,16.92725,55.82925,-36.60175,-13.1245,0,0,0,0,0,0,0,0,0,1
14.412813425064087,-45.307899459179,60.81643372009725,42.939373245317945,-79.33249608639434,54.08747754605905,12.862728797288895,-5.1116924867603864e-17,-0.3964394878659932,0.8144731618984606,-0.4236380542487573,-19.334000000000003,72.14699999999999,19.869499999999995,16.47175,55.67525,-35.80575,-13.159,-33.058103,37.3174114,38.9446334,-47.915523447314115,28.053179414504527,17.17936533429534,-8.13228344827507e-18,-0.4490209900112689,0.8532528345871945,-0.2652164225650774
14.54580545425415,-46.626561800000005,63.013417200000006,43.9396028,-81.73120718302891,56.646395671817686,11.745534498813413,0.0,-0.40099222811948537,0.8135473932198927,-0.42112453261818894,-19.645,73.479,19.645000000000003,17.0945,56.3845,-36.7395,-13.224,-33.76660053818251,38.540900400172646,38.95856803082168,-49.53364668614415,29.667455691396057,16.399564535486235,3.2575382172277065e-17,-0.4501955460955684,0.8520414424868976,-0.26711299212235956
14.624722480773926,-44.89451806472668,60.127711469983204,42.625815880944096,-80.83196270873327,52.5610074304911,11.86744550356326,1.708171814830785e-17,-0.3851640069285669,0.8124351243431104,-0.43771892408293883,-19.238249999999997,74.44075000000001,19.090000000000003,18.056250000000002,56.3845,-37.2945,-13.264000000000001,-33.25241714072599,37.65296826638815,38.948455143433854,-49.072927301166885,28.749320751897045,16.322975494642833,-8.126576399188848e-18,-0.4445167022302868,0.8538520482745762,-0.2708165081667315
14.708274126052856,0,0,0,0,0,0,0,0,0,1,-19.090249999999997,74.58875,19.090000000000003,18.204250000000002,56.3845,-37.2945,-13.307,0,0,0,0,0,0,0,0,0,1
14.776074409484863,-45.91547449592532,61.828696129670504,43.40023004665978,-81.49513013648476,54.715772914141354,12.11683410241838,-1.7136102485297816e-17,-0.3921067830434278,0.8098567232380361,-0.43633056106292295,-19.090249999999997,74.58875,19.090000000000003,18.204250000000002,56.3845,-37.2945,-13.3405,-33.789711488273646,38.58081019759068,38.95902257376658,-49.706599257943196,29.622385176219154,16.242860813227395,8.137856494146118e-18,-0.4444537646901002,0.8526685016992681,-0.27462206259279737
14.845186710357666,0,0,0,0,0,0,0,0,0,1,-19.090249999999997,74.58875,19.090000000000003,18.204250000000002,56.3845,-37.2945,-13.375,0,0,0,0,0,0,0,0,0,1
14.996937274932861,-46.50060857708176,62.80357034123584,43.844064971876506,-83.08669267372744,55.04043239747202,12.66201747517394,-1.2130091999975553e-16,-0.38780383813352653,0.8008555471376225,-0.4563316510475739,-19.090249999999997,74.58875,19.090000000000003,18.204250000000002,56.3845,-37.2945,-13.450000000000001,-34.42340945058587,39.675129435890014,38.97148605695655,-50.887016265217596,30.40027458507879,16.240922638434284,3.270187988445428e-17,-0.4440025487388072,0.8487455679519905,-0.2872154201906583
15.089800119400024,0,0,0,0,0,0,0,0,0,1,-19.090249999999997,74.58875,19.090000000000003,18.204250000000002,56.3845,-37.2945,-13.498000000000001,0,0,0,0,0,0,0,0,0,1
15.162271738052368,-46.626561800000005,63.013417200000006,43.9396028,-83.48067532778151,55.85593323949908,12.008461016283348,0.0,-0.38829275797219426,0.8004494926063834,-0.45662823378819917,-19.090249999999997,74.58875,19.090000000000003,18.204250000000002,56.3845,-37.2945,-13.533,-34.75658590041865,40.25048460583553,38.978038924929535,-51.331647016433294,30.91373211976395,16.01539025683823,-3.274008919325816e-17,-0.4430234648685626,0.8477550397554916,-0.2916189331045197
15.219911098480225,0,0,0,0,0,0,0,0,0,1,-19.090249999999997,74.58875,19.090000000000003,18.204250000000002,56.3845,-37.2945,-13.563,0,0,0,0,0,0,0,0,0,1
15.279295206069946,-46.626561800000005,63.013417200000006,43.9396028,-83.71135241739304,56.30019498551981,12.153786792905919,0.0,-0.38987342384582946,0.8005389203086853,-0.4551221269612526,-19.090249999999997,74.58875,19.090000000000003,18.204250000000002,56.3845,-37.2945,-13.592,-35.02787943284695,40.71897551068113,38.983374688309034,-51.81212361982688,31.263137817699203,15.840868361817144,4.913448106753373e-17,-0.44217815716162023,0.847334957424699,-0.2941121338116417
15.381356000900269,-46.626561800000005,63.013417200000006,43.9396028,-84.16676132807368,55.664189872246126,12.37604839544315,0.0,-0.38629683337649623,0.7964518439855296,-0.46523028355357654,-19.090249999999997,74.58875,19.090000000000003,18.204250000000002,56.3845,-37.2945,-13.642,-35.15299610669864,40.93503677546466,38.985835465610016,-51.98904872239308,31.449013522455516,15.859515894181357,-8.195789049434194e-17,-0.44089199327702583,0.8466413498510267,-0.29801455499126617
15.463183641433716,0,0,0,0,0,0,0,0,0,1,-19.090249999999997,74.58875,19.090000000000003,18.204250000000002,56.3845,-37.2945,-13.684000000000001,0,0,0,0,0,0,0,0,0,1
15.541181802749634,-69.5618290621043,84.2583492332735,51.51173568522987,-85.56886000307037,56.768575394462886,12.041157482024033,-3.496796625215625e-17,-0.3855801944762096,0.7937429193188326,-0.470425436874863,-19.090249999999997,74.58875,19.090000000000003,18.204250000000002,56.3845,-37.2945,-13.723,-35.203491400000004,41.022236,38.986828599999996,-52.98867713345575,32.46510813953401,15.182393476194363,1.641843765138312e-17,-0.44252637542511025,0.8452562967613041,-0.29951994898250184
15.600316762924194,0,0,0,0,0,0,0,0,0,1,-19.090249999999997,74.58875,19.090000000000003,18.204250000000002,56.3845,-37.2945,-13.753,0,0,0,0,0,0,0,0,0,1
15.668659925460815,-69.69954484317445,84.27720441614609,51.554453479915125,-85.75005924753546,57.12098419239055,11.79646405557284,-7.00075119111079e-17,-0.38615878828115713,0.7929313543058516,-0.47131863700888876,-19.090249999999997,74.58875,19.090000000000003,18.204250000000002,56.3845,-37.2945,-13.787,-35.203491400000004,41.022236,38.986828599999996,-53.403687175896835,32.69325945167279,15.110883732505982,0.0,-0.4414177982193533,0.8445526936835946,-0.30311891232148913
15.785236835479736,-69.70451858290366,84.27788538946248,51.55599627472716,-85.74467233599137,57.2228495301288,11.786746331997477,-1.0508861825991831e-16,-0.38648966099480647,0.7923477178179376,-0.4720284271236484,-19.090249999999997,74.58875,19.090000000000003,18.204250000000002,56.3845,-37.2945,-13.845,-35.203491400000004,41.022236,38.986828599999996,-53.519416095447184,32.8043928761668,15.398731225355817,0.0,-0.4404099981017388,0.843049339182239,-0.3087180676222505
15.836838960647583,0,0,0,0,0,0,0,0,0,1,-19.090249999999997,74.58875,19.090000000000003,18.204250000000002,56.3845,-37.2945,-13.871500000000001,0,0,0,0,0,0,0,0,0,1
15.908972263336182,-70.19613316242574,84.34519418100173,51.70848926070965,-86.17234103883712,57.5419852171033,12.034237531650177,-1.7581789965715965e-17,-0.3860515045616315,0.7893273571619149,-0.4774165466984646,-19.090249999999997,74.58875,19.090000000000003,18.204250000000002,56.3845,-37.2945,-13.9065,-35.496265091322755,41.596187970379944,39.019231537681776,-54.09630921215026,33.45595026011834,15.147997686875385,-6.597165036380197e-17,-0.441588654401978,0.8414394808245736,-0.31141461175276
15.997239112854004,-70.598445,84.4002762,51.8332816,-86.66100031436486,58.173432661326586,12.043523953164339,1.7590802138874786e-17,-0.38564318614993887,0.7889229665738349,-0.4784139272517715,-19.090249999999997,74.58875,19.090000000000003,18.204250000000002,56.3845,-37.2945,-13.9505,-35.70170952935274,41.998940142127935,39.04196924779664,-54.54859469659067,33.74942075763333,14.876128402746417,-3.302514633625158e-17,-0.44158459056456956,0.840437626923146,-0.3141140630849122
16.046358823776245,0,0,0,0,0,0,0,0,0,1,-19.090249999999997,74.58875,19.090000000000003,18.204250000000002,56.3845,-37.2945,-13.976,0,0,0,0,0,0,0,0,0,1
16.21046209335327,-70.598445,84.4002762,51.8332816,-87.05094484587826,58.602840526080655,11.903694957494082,5.2776816519599585e-17,-0.3850069865856121,0.7888570430916785,-0.47903463950420133,-18.71625,74.96275,19.090000000000003,18.57825,56.3845,-37.2945,-14.057500000000001,-35.975311804321954,42.535308570962954,39.0722503752619,-55.01057381621911,34.20588040058027,14.619769499276941,1.6541813933027547e-17,-0.4421173810165591,0.8389519954704563,-0.31731966642362125
16.27657651901245,-70.598445,84.4002762,51.8332816,-88.33871435453608,58.741701092924956,11.6060921424085,0.0,-0.38376806219483955,0.7839362522117725,-0.4880225680308011,-19.090249999999997,74.58875,19.090000000000003,18.204250000000002,56.3845,-37.2945,-14.091000000000001,-36.260300545744315,43.09399896741375,39.103791708045584,-55.57286653431001,34.637838790499956,14.390555955698147,-4.963972914928062e-17,-0.44172373069868615,0.8387105275743977,-0.31850399789250705
16.34445333480835,0,0,0,0,0,0,0,0,0,1,-19.2305,74.61500000000001,18.923500000000004,18.2305,56.3845,-37.461,-14.1255,0,0,0,0,0,0,0,0,0,1
16.40126872062683,-70.598445,84.4002762,51.8332816,-88.4416821037866,59.45411396772701,11.566525256878577,-5.314934348501751e-17,-0.3861529445552119,0.7833278963300755,-0.4871173475071873,-18.134249999999998,75.69475,18.940000000000005,19.31025,56.3845,-37.4445,-14.153500000000001,-36.48623213692634,43.5369140440524,39.12879684848816,-55.9750123060125,35.01257520478967,14.031040451015684,-3.3080954807414685e-17,-0.4408444084545793,0.8390197857713543,-0.31890752047971976
16.493550062179565,0,0,0,0,0,0,0,0,0,1,-19.090249999999997,74.58875,19.090000000000003,18.204250000000002,56.3845,-37.2945,-14.1905,0,0,0,0,0,0,0,0,0,1
16.58049988746643,-70.598445,84.4002762,51.8332816,-88.74359565025895,59.50492801206181,11.262936483445117,-8.847495107259887e-17,-0.38354584923608015,0.784277789338754,-0.4876483678673508,-19.08975,75.14150000000001,18.537750000000003,18.757,56.3845,-37.84675,-14.2425,-36.76288858975028,44.07926986673315,39.15941599927188,-56.65433060549114,35.35293670687798,14.001363930168253,-1.657414706702845e-17,-0.44073451312321066,0.83731535334461,-0.3235059319323794
16.644726753234863,-70.73821539442903,84.38753628685657,51.90451140371976,-89.15181684615911,59.502668828993166,11.32167617453814,8.824161706455146e-17,-0.38019518541031294,0.7863516257676028,-0.48693196818802703,-18.7735,75.08125000000001,18.914250000000003,18.69675,56.3845,-37.47025,-14.275,-37.047943,44.638089,39.190964599999994,-56.92107653937961,36.03807151607376,14.068720444198306,0.0,-0.44273466866736194,0.8360592828350589,-0.32402297564420957
16.706950664520264,0,0,0,0,0,0,0,0,0,1,-19.108749999999997,75.125,18.535250000000005,18.7405,56.3845,-37.84925,-14.3065,0,0,0,0,0,0,0,0,0,1
16.78542709350586,-71.2038540132177,84.3450938541524,52.1418102076342,-89.67716889660642,59.943818903364246,11.528296200124231,-1.75885062007541e-17,-0.37644693631127435,0.7890259496408768,-0.4855159677447982,-18.535249999999998,75.6985,18.535250000000005,19.314,56.3845,-37.84925,-14.345,-37.047943,44.638089,39.190964599999994,-57.39031002610349,36.04488649468307,14.219629327314948,1.664093541444849e-17,-0.441824268764687,0.8339547905320918,-0.33062172172911564
16.86726665496826,-71.57956305227111,84.31084840078373,52.333279089272814,-90.31165302165886,60.612004607471334,11.33761909115887,3.506609508104601e-17,-0.37273854255714184,0.79152171211192,-0.484313285124198,-18.535249999999998,75.6985,18.535250000000005,19.314,56.3845,-37.84925,-14.3855,-37.31587863344711,45.18657701058117,39.24829999309705,-58.382656415246004,37.613530586918785,13.246641991400537,0.0,-0.4451080354181192,0.8337469232062633,-0.32671838768320266
16.99425458908081,0,0,0,0,0,0,0,0,0,1,-18.535249999999998,75.6985,18.535250000000005,19.314,56.3845,-37.84925,-14.441,0,0,0,0,0,0,0,0,0,1
17.084020376205444,-72.02407829954304,84.27033133946824,52.559812998280975,-91.0453162483222,60.72096951832134,11.023509368218953,3.509633237668918e-17,-0.3658686606075515,0.7908397754422921,-0.49062467606473015,-18.535249999999998,75.6985,18.535250000000005,19.314,56.3845,-37.84925,-14.4945,-37.06189391068015,44.66664775176552,39.19394994740458,-58.17304957789062,37.04119707998771,13.48622356535364,4.992975263109438e-17,-0.4433885603089064,0.8338387680598218,-0.3288152877645351
17.145583629608154,-71.91216516096802,84.28053209529266,52.50277981234109,-91.08172363091708,61.15637443896122,10.751485366382468,3.508703214296129e-17,-0.3633843630126728,0.7910493968979614,-0.49213073099050175,-18.535249999999998,75.6985,18.535250000000005,19.314,56.3845,-37.84925,-14.525,-37.184800946818754,44.91824935798262,39.22025075383611,-58.32775154888594,37.2851796112906,13.436828984788662,1.6648858427002103e-17,-0.44413280109061587,0.8335579204221378,-0.32852282766487373
17.221142768859863,0,0,0,0,0,0,0,0,0,1,-18.535249999999998,75.6985,18.535250000000005,19.314,56.3845,-37.84925,-14.5635,0,0,0,0,0,0,0,0,0,1
17.281070947647095,-71.82755256337909,84.28824443772774,52.45965953108912,-90.9373886077835,61.34442378038281,10.857809617087213,3.51411377631537e-17,-0.3626536212493982,0.7898314449206958,-0.494619691893867,-18.535249999999998,75.6985,18.535250000000005,19.314,56.3845,-37.84925,-14.592500000000001,-37.22725507892103,45.00515673255668,39.229335489305456,-58.36917530444103,37.366468553319095,13.504476456135308,1.6653435649823642e-17,-0.44486630536908855,0.8333288157246652,-0.3281113457809464
17.398585319519043,-72.0281898476175,84.26995657651814,52.56190832586107,-91.06822138344936,61.25315260752302,11.083978487218275,-1.76333566209139e-17,-0.3612324293175948,0.7870190631405264,-0.5001121136932366,-18.24275,75.15375,18.735,19.088,56.06575,-37.33075,-14.6525,-37.24123791509517,45.03378083864054,39.23232766842826,-58.48741400171312,37.34025317903078,13.544878988460937,-1.6661193662033236e-17,-0.44529408351370914,0.8329407897969829,-0.3285160877035765
17.492841958999634,-72.25736121989294,84.24906786550265,52.678698665704154,-91.27138442167913,60.924187301343096,11.196702074932574,-7.090708995769118e-17,-0.3573205582438097,0.7828716601454127,-0.5093466230353328,-18.41325,74.8365,17.81075,19.306250000000002,55.53025,-37.719500000000004,-14.698500000000001,-37.24560255413328,45.0427156419443,39.23326165504198,-58.6854966664508,37.24996628464575,13.58972912371965,0.0,-0.44558211426627614,0.832035515725682,-0.33041410384106407
17.535096883773804,0,0,0,0,0,0,0,0,0,1,-18.22725,74.94375,19.167499999999997,18.7745,56.16925,-37.00175,-14.721,0,0,0,0,0,0,0,0,0,1
17.58422303199768,0,0,0,0,0,0,0,0,0,1,-18.48375,74.07275,17.6545,18.96725,55.1055,-37.451,-14.745000000000001,0,0,0,0,0,0,0,0,0,1
17.645007371902466,-72.30681533428198,84.24456017898953,52.70390147689644,-91.24313147491469,60.833126331220285,11.358904635699759,1.7807262114939856e-17,-0.35445517736522925,0.7793330450373577,-0.5167219098816922,-18.263749999999998,75.3185,19.064750000000004,18.995,56.3235,-37.25875,-14.775,-37.25369616183028,45.059283974894406,39.234993601528195,-58.69615494332007,37.25662865162931,13.674239560946972,0.0,-0.4463757990930254,0.8311326315306597,-0.331613019631292
17.788472414016724,-72.22805011066791,84.25173953990974,52.66376113501007,-91.10733010801343,60.83266188577764,11.429316091004836,-3.569177686418784e-17,-0.35287684506707,0.7776462270635257,-0.5203309309942802,-18.215,73.7765,18.215000000000003,18.67325,55.10325,-36.88825,-14.780750000000001,-37.25553792824827,45.06305423413751,39.23538772007155,-58.696639436881384,37.25877705951902,13.696491518378338,0.0,-0.4469446439498021,0.8308620881280935,-0.33152477397022506
17.831973552703857,0,0,0,0,0,0,0,0,0,1,-17.901999999999997,72.8105,18.3885,18.26,54.5505,-36.162,-14.780750000000001,0,0,0,0,0,0,0,0,0,1
17.90878939628601,-72.35515011625733,84.24015451835812,52.72853385378144,-91.34023591939874,60.81954515102581,11.286197838177259,5.362177840238126e-17,-0.3508435513842164,0.7764263824117125,-0.5235177887590565,-17.520249999999997,70.78425,18.0255,17.61925,53.165,-35.1395,-14.780750000000001,-37.29729712529541,45.14853901500513,39.24432374678555,-58.807280883298745,37.32705089787552,13.548177145066973,3.339408626970287e-17,-0.44722223080778867,0.8311524199663596,-0.3304208393176334
17.977258920669556,0,0,0,0,0,0,0,0,0,1,-17.49225,69.27600000000001,18.016250000000007,16.88375,52.392250000000004,-34.376,-14.780750000000001,0,0,0,0,0,0,0,0,0,1
18.026989936828613,-72.35834179999999,84.23986359999999,52.7301604,-91.55743348944696,61.056454053970185,11.272077382418786,-7.16140171132011e-17,-0.35067213830123545,0.7751436585872667,-0.5255295995195572,-16.490750000000002,68.272,17.56525,17.108,51.164,-33.59875,-14.780750000000001,-37.35725977138677,45.27128787091766,39.25715511915867,-58.950049052250165,37.42326117235871,13.427923941292107,-1.670107331352985e-17,-0.44752110052770616,0.8309518524520102,-0.3305206249071963
18.152141094207764,-72.35834179999999,84.23986359999999,52.7301604,-91.59455921224074,61.19413570128427,11.28493991327116,3.583007378305377e-17,-0.3508739166680406,0.7746446681546111,-0.5261303381308299,-14.808500000000002,67.2895,15.415500000000002,18.53275,48.756750000000004,-33.34125,-14.780750000000001,-37.39087860849276,45.340108612843935,39.26434919490044,-59.03489201997547,37.46893486344936,13.417172905541037,-1.670782549433622e-17,-0.4476374896704596,0.8306160375279764,-0.33120639493049103
18.214215993881226,0,0,0,0,0,0,0,0,0,1,-14.368749999999999,66.79875000000001,13.890500000000003,19.269750000000002,47.529,-33.6385,-14.780750000000001,0,0,0,0,0,0,0,0,0,1
18.27400779724121,-72.35834179999999,84.23986359999999,52.7301604,-91.41178876815212,60.9653629250335,11.54020052835736,0.0,-0.35042897866534717,0.7738780097263266,-0.5275531792848764,-13.3335,67.4885,12.179000000000002,20.988,46.5005,-34.3215,-14.780750000000001,-37.42829776913102,45.41670895417235,39.27235649970329,-58.97264113116336,37.577695796161976,13.583293001729288,3.344312725161444e-17,-0.4483789176932817,0.8299336185520462,-0.33191344499026887
18.376489639282227,-72.35834179999999,84.23986359999999,52.7301604,-91.51821848196082,60.94283204651177,11.800709790249556,5.387159346561634e-17,-0.3505429220844606,0.7728259133455176,-0.5290177383019913,-9.986,67.69075,10.102249999999998,23.80125,43.8895,-33.78725,-14.780750000000001,-37.44710965308274,45.45521854944796,39.2763820440006,-58.95801742316786,37.621625207177644,13.691719723584555,0.0,-0.44873458159160806,0.829457205096412,-0.3326229399747607
18.457380056381226,0,0,0,0,0,0,0,0,0,1,-7.7257500000000014,67.883,9.140249999999995,25.5085,42.3745,-33.23425,-14.780750000000001,0,0,0,0,0,0,0,0,0,1
18.61018991470337,-72.35834179999999,84.23986359999999,52.7301604,-91.49313994377391,61.76857338315361,11.353024284695351,5.32784610150369e-17,-0.35274884546954594,0.7814295426381235,-0.5147194594264681,-7.376249999999999,67.5795,14.378250000000001,22.9125,44.667,-30.28875,-14.780750000000001,-37.52081907162885,45.606108268069235,39.2921550803561,-58.9598094421697,37.82260228831174,13.564420856634712,1.6759933751843953e-17,-0.4501796382705644,0.8280335718085761,-0.334213550360418
18.653183221817017,0,0,0,0,0,0,0,0,0,1,-8.196750000000002,65.173,16.33325,20.3215,44.8515,-28.518250000000002,-14.780750000000001,0,0,0,0,0,0,0,0,0,1
18.703203439712524,0,0,0,0,0,0,0,0,0,1,-9.299000000000003,65.143,17.131499999999996,19.35625,45.78675,-28.655250000000002,-14.780750000000001,0,0,0,0,0,0,0,0,0,1
18.7902512550354,-72.35834179999999,84.23986359999999,52.7301604,-91.59147980376304,61.55773872752184,11.856589593192638,-3.548635319748131e-17,-0.3531792210294178,0.7821478713568938,-0.5133314184471213,-16.0465,64.49075,16.854250000000004,15.795,48.695750000000004,-31.8415,-14.780750000000001,-37.542495908840145,45.650482676820886,39.29679369436433,-58.962414210926624,37.859303255821345,13.731592188398196,3.357256335459554e-17,-0.450480609868173,0.8267338815470465,-0.3370138116382664
18.83275270462036,0,0,0,0,0,0,0,0,0,1,-17.58425,64.59475,16.753,15.12875,49.466,-32.713,-14.780750000000001,0,0,0,0,0,0,0,0,0,1
18.995441198349,-72.35834179999999,84.23986359999999,52.7301604,-91.98538541189671,60.669575653338626,12.00117425883252,0.0,-0.3507092191679862,0.7809056202018785,-0.5169037201720462,-26.58575,67.29050000000001,25.298250000000003,7.703250000000001,59.587250000000004,-34.289,-14.780750000000001,-37.4000406883386,45.35886420306826,39.26630978313124,-59.022174285959125,37.46373912261572,13.750506467485678,-3.3589018072531486e-17,-0.44896826748927615,0.8263288779592799,-0.3400118824956496
19.039558172225952,-72.35834179999999,84.23986359999999,52.7301604,-92.00210115878423,60.72250100617188,11.744037153704795,3.5514629871907954e-17,-0.35034112117540817,0.7815251268487398,-0.5162165969025201,-26.535000000000004,66.25975,28.734249999999996,5.49525,60.7645,-32.03025,-14.780750000000001,-37.39514989355822,45.348852312284116,39.265263204750894,-59.054420900153474,37.441906110510274,13.688996505240453,0.0,-0.44859603468431286,0.8262406880017265,-0.3407167785066426
19.081087350845337,0,0,0,0,0,0,0,0,0,1,-24.439500000000002,66.956,35.2625,3.6270000000000002,63.329,-28.0665,-14.780750000000001,0,0,0,0,0,0,0,0,0,1
19.150176525115967,-72.35834179999999,84.23986359999999,52.7301604,-91.4804303100965,60.93766665747492,11.685187615654172,0.0,-0.3428674062727948,0.7686418030704348,-0.5400293698387127,-19.3485,69.64375000000001,45.85925,2.218,67.42575000000001,-21.5665,-14.780750000000001,-37.47974098078382,45.522017772019154,39.2833648031691,-59.046281673367474,37.65974473979074,13.713081450342003,0.0,-0.4490668433872698,0.8260282526073497,-0.34061164992501614
19.21823525428772,0,0,0,0,0,0,0,0,0,1,-13.83625,69.33975,54.443,0.53025,68.8095,-14.3665,-14.780750000000001,0,0,0,0,0,0,0,0,0,1
19.33303689956665,-73.1881732872562,84.00199763042191,53.28126662583766,-93.12006599422457,59.79463328553808,12.82042747311715,3.893233130229234e-17,-0.32722995184307685,0.712918407071982,-0.6202160135587643,-10.34775,66.2685,70.68075,-7.38,73.6485,-2.96775,-14.780750000000001,-38.004655489675294,46.59656433756174,39.39569095897914,-59.87001695975573,38.610591450776056,13.612330717505102,0.0,-0.4518748134966422,0.8228310983069628,-0.34461302440031516
19.395355939865112,-72.98735216127263,84.05956174142209,53.1478976533307,-94.26057440124362,60.450706116492455,10.925669173490945,-6.149283084731101e-17,-0.30766961384248537,0.6770441830336377,-0.6685436282983557,-12.43825,62.48225,77.404,-13.68,76.16225,1.2417500000000001,-14.780750000000001,-38.80809405879038,48.24127436260992,39.56761831928168,-60.88795187181515,40.27878157303627,12.557271368082553,1.686759002419381e-17,-0.4497160288531823,0.822748702565632,-0.34762057738156515
19.465259552001953,0,0,0,0,0,0,0,0,0,1,-18.977,57.91624999999999,79.89925,-20.48,78.39625,1.5030000000000001,-14.780750000000001,0,0,0,0,0,0,0,0,0,1
19.519914388656616,-73.93133357923313,83.7889754131191,53.774812930109626,-94.52050498765979,59.98318488777127,12.497597922175316,-7.713945951140196e-17,0.2985294757360333,-0.6269180263920143,0.7196206919631416,-25.48425,52.216249999999995,79.092,-26.18,78.39625,0.69575,-14.780750000000001,-38.89494543380362,48.41906683195929,39.58620359539198,-61.18256558631859,40.281146738274714,13.28314819318436,3.3809026340707514e-17,-0.45012352504863884,0.8209516398350112,-0.351322099006017
19.61046862602234,0,0,0,0,0,0,0,0,0,1,-32.379000000000005,45.32149999999999,79.092,-33.07475,78.39625,0.69575,-14.780750000000001,0,0,0,0,0,0,0,0,0,1
19.734795331954956,-73.84114738041401,83.8148267190217,53.71491863058361,-94.84262883638746,60.556657488324646,12.053227128248125,0.0,0.28756666282069465,-0.6072414463862571,0.7406505520317225,-38.071749999999994,40.80175,79.092,-38.181,78.98275,0.10925,-14.780750000000001,-38.75305219699671,48.12859878868388,39.555839942728575,-60.88388826717042,40.07590520369686,13.170153629109024,3.374366065680225e-17,-0.44939976471607096,0.822541925664896,-0.3485177642482873
19.781344652175903,-73.65018755034711,83.86956415165336,53.58809872455336,-94.246498168514,59.50675935157133,12.059717834116725,3.7323049025111976e-17,0.2854751765501531,-0.6045469679048879,0.7436577755733247,-44.18925,41.42400000000001,77.15425,-39.95975,81.38375,-4.2295,-14.780750000000001,-38.76068576745235,48.14422538459043,39.55747344610839,-60.87117212439574,40.110418653386546,13.086206493937823,-8.425480128167744e-17,-0.44984443880544894,0.8235606515419084,-0.34552544639675703
19.869157552719116,0,0,0,0,0,0,0,0,0,1,-52.14675,42.286500000000004,72.17475,-41.0175,83.304,-11.12925,-14.780750000000001,0,0,0,0,0,0,0,0,0,1
19.909287214279175,-74.18637079999999,83.7158706,53.944187799999995,-94.80698641275819,59.29647248426389,12.436324208866324,1.775049581354737e-17,0.2761300959366928,-0.5590181339580064,0.7818253615892116,-55.70925,45.997,67.44775,-38.58,84.577,-17.12925,-14.780750000000001,-38.82331836740869,48.27243987291962,39.570876160383406,-60.937880037536246,40.2347523484969,13.117689609804017,5.052406130041658e-17,-0.45037257443614787,0.8240304194053394,-0.34371268828836793
19.97096872329712,0,0,0,0,0,0,0,0,0,1,-56.34575,51.5605,61.247749999999996,-33.0165,84.577,-23.329250000000002,-14.780750000000001,0,0,0,0,0,0,0,0,0,1
20.133848905563354,-74.18637079999999,83.7158706,53.944187799999995,-94.5351215869498,58.55136191211298,12.473737465302037,5.244539415476583e-17,0.2715482213189235,-0.5441288777140817,0.7938421303610329,-56.445750000000004,65.2605,47.44775,-19.3165,84.577,-37.12925,-14.838750000000001,-38.71061305965307,48.04172210971094,39.54675841597906,-60.92794010086584,39.93036670818748,13.318065705265582,-1.6784181840141747e-17,-0.45058880587489425,0.8268373126549287,-0.3366151904204753
20.227171421051025,0,0,0,0,0,0,0,0,0,1,-50.89275,77.1605,41.10075,-7.4165,84.577,-43.47625,-14.88725,0,0,0,0,0,0,0,0,0,1
20.301702737808228,-74.17346711985925,83.71956935864551,53.93561823067058,-94.65846238492034,59.089586097169104,12.459532741557837,3.3662058553685555e-17,0.2709394461217051,-0.49672162476037746,0.8245358961444156,-44.372749999999996,84.21575,40.5655,-0.36125,84.577,-44.0115,-14.92325,-38.920921243099045,48.47224161793451,39.59176214397996,-61.192136575646686,40.372990928234316,12.995445150214778,1.6755838373422364e-17,-0.4523861357324253,0.8282359556431986,-0.3307143570770416
20.389074563980103,0,0,0,0,0,0,0,0,0,1,-41.686499999999995,86.902,40.5655,2.325,84.577,-44.0115,-14.95825,0,0,0,0,0,0,0,0,0,1
20.429842472076416,-73.87492024971709,83.80514593873609,53.73734780906521,-95.04667456158714,60.379186420087905,11.74684605512735,0.0,0.27068226628631165,-0.48584416288301296,0.8310755441658784,-38.91575,86.61225,40.896,3.40025,83.212,-42.316,-14.98725,-38.99750808425068,48.62935718394148,39.61097608647307,-61.8365541282723,42.210982448019195,12.18828147965786,1.6757724514755356e-17,-0.4585053136163227,0.8281427347486775,-0.32241663770435175
20.561538696289062,-74.18637079999999,83.7158706,53.944187799999995,-95.53513515509727,59.23493157656131,11.428746854163848,2.4532530647661852e-17,0.26323484178258505,-0.4590182899475478,0.8485338105021665,-33.157,81.7015,34.1475,7.1985,74.503,-40.3555,-15.0505,-38.976728,48.586483,39.603704199999996,-61.88128462078075,41.38786129125273,11.983658058898214,3.3470309636438585e-17,-0.454844223212956,0.8292596010349382,-0.32472333870724124
20.609095096588135,0,0,0,0,0,0,0,0,0,1,-32.244,81.52175,33.84475,7.7165,73.80525,-39.9605,-15.0515,0,0,0,0,0,0,0,0,0,1
20.67957353591919,-74.65057094809384,83.64027458307429,54.22892265142304,-96.76023778961488,60.94492002523148,12.158241912620412,-9.041494952825015e-17,0.2656993572285326,-0.46555229634768647,0.8441948299615086,-31.4205,80.09225,33.53625,7.56775,72.5245,-38.98825,-15.0515,-39.372417506126546,49.402883187060134,39.742173762126384,-63.08978154623054,42.59270253722053,12.119646121584452,-1.6837320423666126e-17,-0.4577686343385562,0.8242278140830636,-0.33331124779651194
20.725276708602905,0,0,0,0,0,0,0,0,0,1,-31.4925,79.19525,32.71125,7.49575,71.6995,-38.98825,-15.0515,0,0,0,0,0,0,0,0,0,1
20.80405044555664,-74.18637079999999,83.7158706,53.944187799999995,-96.2229606280062,60.67724488249647,11.83177098041429,-1.6496076470750455e-17,0.26438160764774826,-0.4715437735979992,0.8412780961837476,-31.215,77.92725,31.615750000000006,7.54825,70.379,-38.76325,-15.0515,-39.2019095909177,49.051085396832114,39.682505370641415,-62.68037271655004,42.34636359881266,12.120886123090969,1.6822859689225798e-17,-0.457289325910396,0.8249363107214458,-0.33221462288964015
20.921172857284546,-74.18637079999999,83.7158706,53.944187799999995,-96.33927656007762,61.20461845644675,11.697429187046538,-1.7204130117547954e-17,0.2682603937631758,-0.526635536678358,0.8066544319877773,-29.74175,76.3835,29.77375,8.434000000000001,67.9495,-38.17575,-15.0515,-39.287453759707844,49.227583065637724,39.71244112433575,-62.77675505687293,42.51048470430672,12.192821560847932,-5.053569352609138e-17,-0.4570002349028415,0.8238407453921301,-0.335316584037365
20.984443426132202,0,0,0,0,0,0,0,0,0,1,-29.435000000000002,77.2135,29.186999999999998,9.29575,67.91775,-38.73075,-15.0515,0,0,0,0,0,0,0,0,0,1
21.045158624649048,-73.8008804601605,83.826368978113,53.68817663442196,-96.49557305820912,63.2741476944457,10.644851333517664,-3.674563390780546e-17,0.2786540407782588,-0.5931341560629385,0.7553434970061331,-29.186999999999998,77.4615,29.186999999999998,9.543750000000001,67.91775,-38.73075,-15.0515,-39.35191243188147,49.36057641321305,39.73499811402826,-62.721773162721746,42.69118094588865,12.275440321391244,6.74482925976813e-17,-0.4569440337665385,0.8230178866405609,-0.337407332870626
21.095335721969604,0,0,0,0,0,0,0,0,0,1,-29.50175,78.696,29.089749999999995,10.05225,68.64375,-39.554,-15.0515,0,0,0,0,0,0,0,0,0,1
21.178891897201538,-74.18637079999999,83.7158706,53.944187799999995,-96.39315061150384,61.49354684659292,11.722288228670664,-3.582586446401049e-17,0.27484248395704663,-0.5694262276396596,0.7747356841454943,-29.50725,79.38375,29.507500000000007,10.1845,69.19925,-39.69175,-15.0515,-39.32131794780214,49.297452822269534,39.724291727459104,-62.71305068737698,42.6128004133501,12.292185784742031,3.373548207534795e-17,-0.45610140384144815,0.822741336662599,-0.3392170431456831
21.304535388946533,-74.2641255741558,83.70320806370553,53.99188165394985,-96.56012433231746,60.93287531887955,11.59751958449587,0.0,0.2754149031466123,-0.574071326794877,0.7710958065485194,-29.50725,79.38375,29.507500000000007,10.1845,69.19925,-39.69175,-15.0515,-39.19580772203577,49.03849581126187,39.68037005216783,-62.70677398922197,42.28163351521272,12.333284308296157,1.6863667419391614e-17,-0.45469766300300846,0.8229400795615979,-0.3406165890128573
21.34832239151001,0,0,0,0,0,0,0,0,0,1,-29.50725,79.38375,29.507500000000007,10.1845,69.19925,-39.69175,-15.0515,0,0,0,0,0,0,0,0,0,1
21.413909673690796,-74.35122899197206,83.68902308019236,54.04530985476407,-96.64348181909295,60.91438500289274,11.655911686814449,0.0,0.27560263086820097,-0.5742636760349462,0.7708854780350689,-29.621000000000002,79.4205,29.424999999999997,10.18725,69.23325,-39.80825,-15.075750000000001,-39.20882628944503,49.065356166928666,39.68492583467094,-62.767029421418954,42.28977677546651,12.313210190552269,-3.3719249425452e-17,-0.4544910478309384,0.8231374093006478,-0.34041547093420066
21.495032787322998,0,0,0,0,0,0,0,0,0,1,-29.827749999999998,81.306,29.82775,10.82525,70.48075,-40.653,-15.107750000000001,0,0,0,0,0,0,0,0,0,1
21.534169912338257,-74.48632590849505,83.66702224966694,54.12817669703424,-96.7493413206667,61.07750574523564,11.835593041840667,0.0,0.2766469588809419,-0.5746290163958345,0.770238893888047,-30.04025,81.64325000000001,29.688500000000005,10.95725,70.686,-40.9975,-15.13575,-39.24550660027528,49.141036244766426,39.697761925850216,-62.83812543143574,42.33054133076483,12.433558054642276,-3.3739473660237055e-17,-0.45470726288114316,0.8226440013597384,-0.3413182563385348
21.678210735321045,-75.02588010130039,83.57915466052648,54.45913282351108,-97.20782270244408,60.984813803750654,12.297440447968768,-1.7912347627700114e-17,0.2759729593525652,-0.568844764751955,0.774760969151441,-30.923750000000005,82.17625,30.529999999999994,10.36125,71.815,-41.285000000000004,-15.20775,-39.30628200458181,49.26643014750147,39.71902997438848,-63.1231713390944,42.320480687090324,12.612576528482009,5.0652921050256726e-17,-0.4538828998153071,0.8219341068629716,-0.3441142793181027
21.75946807861328,-75.20240161479019,83.55040774311097,54.56740902101528,-97.700959557484,61.464913067044876,12.024638799173005,7.150841886785157e-17,0.2741046048746602,-0.5676645934510245,0.7762883323408831,-31.023500000000006,84.04050000000001,31.0235,10.99675,73.04375,-42.020250000000004,-15.24775,-39.60656566724216,49.88598571966417,39.82411273912823,-63.66527113669517,42.87227489770294,12.426160438576602,-5.065372787983035e-17,-0.45315090774195266,0.8219210148207322,-0.34510882371898605
21.84802532196045,0,0,0,0,0,0,0,0,0,1,-31.023500000000006,84.04050000000001,31.0235,10.99675,73.04375,-42.020250000000004,-15.29325,0,0,0,0,0,0,0,0,0,1
21.91935110092163,-75.80565477541083,83.45216663670884,54.93743733695859,-98.60544697134719,61.21361032123295,11.86293088931555,1.7439515533697615e-17,0.2696756434398758,-0.5422455315683661,0.7957668193820531,-31.023500000000006,84.04050000000001,31.0235,10.99675,73.04375,-42.020250000000004,-15.32825,-39.84442047904949,50.37673594135581,39.907348839986774,-64.03732256966492,43.3611156671263,12.137175260107625,3.3756852798829643e-17,-0.45214936035687214,0.8222204771586764,-0.34570860977104656
21.978514432907104,0,0,0,0,0,0,0,0,0,1,-31.023500000000006,84.04050000000001,31.0235,10.99675,73.04375,-42.020250000000004,-15.35825,0,0,0,0,0,0,0,0,0,1
22.10254955291748,-75.3032242068382,83.53398856184562,54.62925240017997,-98.29764623831059,61.76608358706872,11.362399172759183,7.031372338808688e-17,0.26968922933199574,-0.5513546077920782,0.7894781922566055,-31.023500000000006,84.04050000000001,31.0235,10.99675,73.04375,-42.020250000000004,-15.420250000000001,-40.06994698846765,50.84204998589133,39.98627071313101,-64.27363287230304,43.844908570286236,12.07633228418456,1.6892463524541374e-17,-0.45238993404113315,0.8215372368661801,-0.3470157287797499
22.17364001274109,-75.39198512467138,83.51953365080259,54.68369729179663,-98.3908818339452,62.016853141688756,11.479965129491205,-6.985598039129026e-17,0.26915810825775816,-0.5441351824213205,0.7946513801727279,-31.34875,85.69075,31.116999999999997,11.6125,74.07825,-42.96125,-15.45525,-40.23045878306759,51.173223436558594,40.04244101224242,-64.45301461566225,44.17955689501338,12.058092522489375,-1.6915166133655016e-17,-0.4530839794854441,0.820434614603206,-0.3487147124721331
22.26254653930664,-75.5278292172506,83.4974111410101,54.767022442975644,-98.75441205646283,62.02912030735911,11.20122637373106,-1.7290035578743048e-17,0.26705164343630244,-0.5333309462851901,0.8026465732017508,-31.216250000000002,84.4005,31.18725,10.9985,73.402,-42.21475,-15.49975,-40.34330658497513,51.4060548995117,40.08193153568346,-64.6993397100413,44.37837642415863,11.916689754802036,-1.6938016268078224e-17,-0.45346768526485237,0.8193278119568735,-0.3508119082564032
22.303255558013916,0,0,0,0,0,0,0,0,0,1,-31.344,85.45625000000001,30.837250000000004,11.637500000000001,73.81875000000001,-42.981500000000004,-15.52075,0,0,0,0,0,0,0,0,0,1
22.3662371635437,0,0,0,0,0,0,0,0,0,1,-31.344,85.96275,31.343749999999993,11.637500000000001,74.32525,-42.981500000000004,-15.55225,0,0,0,0,0,0,0,0,0,1
22.4798903465271,-76.84356408074852,83.36337166427515,55.52821690860238,-99.55336010647787,60.06127214911473,12.038934938490428,3.309988864502614e-17,0.26234138109470223,-0.4775226925978688,0.8385398486770951,-31.159750000000003,85.79775,31.489999999999995,11.574,74.22375,-42.73375,-15.60875,-40.465868337666095,51.65892851954478,40.124821407579965,-65.03795472231573,44.560140287097,11.761442302030417,-5.0876025289435576e-17,-0.453172314029652,0.8183297179091652,-0.35351283793338617
22.544371604919434,-76.42897904967943,83.3853069793478,55.29997031689178,-99.68743940065676,61.2828854317012,10.929392811899106,-1.0031405509541109e-16,0.2628635409160161,-0.49183580151151257,0.8300604214204059,-31.124499999999998,84.061,30.941500000000005,10.9975,73.0635,-42.122,-15.641250000000001,-40.5732930059255,51.88057078678703,40.16241413254522,-65.33139267640473,44.714572900361276,11.663745142089937,3.395841776993104e-17,-0.4529975488625629,0.817340071721642,-0.3560174544633605
22.612502336502075,0,0,0,0,0,0,0,0,0,1,-31.3565,85.61125,31.61625,11.31925,74.292,-42.67575,-15.67575,0,0,0,0,0,0,0,0,0,1
22.671931743621826,-76.57462440356075,83.37760101679046,55.38015424330169,-99.92700113059888,61.06807785770539,10.819084681187093,-1.654339436144223e-17,0.2619744553997472,-0.4771408665964389,0.8388718484617333,-31.023500000000006,84.05225,31.03524999999999,10.99675,73.0555,-42.020250000000004,-15.70475,-40.56594802156933,51.86541636265022,40.15984379203359,-65.46495170372944,44.649942437302286,11.550233515087001,5.0942382864818393e-17,-0.452654990344448,0.8172637611774539,-0.3566278233429761
22.763516426086426,0,0,0,0,0,0,0,0,0,1,-31.023500000000006,84.04050000000001,31.0235,10.99675,73.04375,-42.020250000000004,-15.726750000000001,0,0,0,0,0,0,0,0,0,1
22.847106456756592,-76.69062772296677,83.37146338718506,55.44401897622093,-99.97917322713818,61.12885273219098,11.005322397490602,0.0,0.26327193296521234,-0.4682385119763764,0.8434693742009306,-30.25625,84.813,30.608250000000005,11.97425,72.83875,-42.2305,-15.726750000000001,-40.654131837415406,52.04736024197409,40.19070327700294,-65.61777376432863,44.80043611911147,11.58180992288976,5.0980364905386205e-17,-0.45383420713368494,0.8166548729243149,-0.35652395566681155
22.923352479934692,-76.97710549584126,83.35630611005638,55.60173710485386,-100.17032601701194,61.201764992992054,11.34465175541348,8.209404738561074e-18,0.2645386710770547,-0.4643204105281635,0.8452371548102601,-29.664250000000003,83.151,30.257249999999992,11.61475,71.53625,-41.279,-15.726750000000001,-40.713677932501106,52.17021779167904,40.211541134932425,-65.71581954111053,44.894056565516124,11.665009908888777,-3.3999831122396625e-17,-0.45470935114581207,0.8163445140568818,-0.3561194186642847
22.98414182662964,0,0,0,0,0,0,0,0,0,1,-29.125500000000002,82.33274999999999,29.37624999999999,11.9155,70.41725,-41.041000000000004,-15.726750000000001,0,0,0,0,0,0,0,0,0,1
23.04530954360962,-76.98063228585379,83.35611951082022,55.60367875189781,-100.28430302722992,61.45028470162541,11.169874195175993,-5.751343423813204e-17,0.2648392143977939,-0.46542071742913455,0.8445375931863003,-28.9525,80.49475000000001,28.953750000000007,11.29425,69.2005,-40.24675,-15.726750000000001,-40.82653215937895,52.403062510851676,40.25103390675966,-65.8459659768435,45.15822744939041,11.470393235967151,-1.6991648145265426e-17,-0.455402746746815,0.816741712703213,-0.3543180957643546
23.108222246170044,0,0,0,0,0,0,0,0,0,1,-28.9525,80.49350000000001,28.952500000000008,11.29425,69.19925,-40.24675,-15.726750000000001,0,0,0,0,0,0,0,0,0,1
23.229491472244263,-76.82200077410027,83.36451255912154,55.51634539641637,-100.242922135544,61.82827352857481,10.90508735920281,-4.120069299587048e-17,0.26518866183612505,-0.4696471890221642,0.8420846106402521,-29.00025,81.655,29.69325,11.48075,70.17425,-40.481,-15.726750000000001,-40.885465195949415,52.52465517716001,40.27165722793028,-65.92230294316113,45.28951011652563,11.384152126957105,0.0,-0.45572149174816645,0.8166492446186153,-0.35412135380780274
23.294270515441895,-76.86949280301393,83.36199979927834,55.542491766691754,-100.15380719864041,61.696378541426725,11.166931282916693,-8.229546474311388e-18,0.26547172351108345,-0.4675379528449421,0.8431684450129853,-29.17775,81.366,28.32625,11.931000000000001,69.435,-41.10875,-15.726750000000001,-40.84475604717512,52.44066266242355,40.257411265078,-65.85653418959785,45.19206625090044,11.520823865464934,-3.399189799968064e-17,-0.4553863127397702,0.8165350347865153,-0.3548152239341772
23.373708724975586,0,0,0,0,0,0,0,0,0,1,-29.360749999999996,82.42975,29.198999999999998,11.935,70.49475,-41.29575,-15.726750000000001,0,0,0,0,0,0,0,0,0,1
23.42738628387451,-77.02498471391444,83.35377286438863,55.628096639135144,-100.11285982724306,61.33659342542282,11.575560678674861,5.742498397327637e-17,0.26594021283408026,-0.46242100059923463,0.8458384132933233,-29.68125,84.352,29.519250000000007,12.575750000000001,71.77625,-42.257,-15.726750000000001,-40.788326199407436,52.32423466127615,40.23766392229972,-65.81865001693566,45.01374451163885,11.812998721960867,0.0,-0.45508186012524715,0.8158332454675545,-0.35681454030745696
23.478352546691895,0,0,0,0,0,0,0,0,0,1,-30.729750000000003,85.224,30.033249999999995,12.230500000000001,72.9935,-42.96025,-15.726750000000001,0,0,0,0,0,0,0,0,0,1
23.62142515182495,-77.31396679433138,83.33848308663676,55.787193494973174,-100.40956717188016,61.47552254503347,11.735446423388396,5.741178951626007e-17,0.26723453986207363,-0.4613178876705854,0.8460328050494584,-31.018,89.16575,30.200250000000004,13.97375,75.19200000000001,-44.99175,-15.726750000000001,-40.85404909341281,52.45983639478022,40.260663320094444,-65.99106061280347,45.09202341309761,11.86909685044057,-8.511438162694637e-17,-0.45550718498816706,0.8152434137770251,-0.35761904412004936
23.667397260665894,-77.2627388585981,83.34119350989525,55.75899035000835,-100.33441783934285,61.59283799937481,11.761707839798902,-2.4612321862228837e-17,0.26728736500331873,-0.4617452749492036,0.8457829305274889,-31.3545,91.09475,30.31375,14.71325,76.3815,-46.067750000000004,-15.72875,-40.851454932441236,52.45448403271433,40.25975550644698,-65.94061653473412,45.116788052929564,11.827358287914734,-1.7020790455569715e-17,-0.4554068922447864,0.8153433205138382,-0.3575189955644512
23.73176860809326,0,0,0,0,0,0,0,0,0,1,-31.301000000000002,93.46275,30.28875,15.9365,77.52625,-47.237500000000004,-15.7605,0,0,0,0,0,0,0,0,0,1
23.794203519821167,-76.95470053540998,83.35749153603518,55.58940222666817,-100.12152206601823,61.419557378782116,11.401084468083297,0.0,0.2657633258088832,-0.46193306288916136,0.8461605639976607,-32.8845,93.8785,30.401000000000003,15.2965,78.58200000000001,-48.181000000000004,-15.791500000000001,-40.87014201867716,52.493039871225086,40.266294958740865,-65.7713613744371,45.27310789080069,11.676637357049827,-1.7004410702436762e-17,-0.45557083131961373,0.8161287121714688,-0.355512507262538
23.846431016921997,0,0,0,0,0,0,0,0,0,1,-32.58875,95.36800000000001,33.09675000000001,14.84125,80.52675,-47.43,-15.8175,0,0,0,0,0,0,0,0,0,1
24.009509325027466,-76.98447741160527,83.35591606873106,55.60579565622793,-100.20884063847868,61.18985169056825,11.291035553024358,6.54390824978666e-17,0.26519094919066694,-0.45834724120785075,0.848287431796856,-32.94575,95.459,32.83075,14.84125,80.61775,-47.787,-15.8895,-40.80911480422181,52.36712642513746,40.244938790501415,-65.78489185820851,45.11402751800986,11.63777399381857,-1.6995344234848872e-17,-0.45555801668961066,0.8165640904970975,-0.3545278261864313
24.103941679000854,-77.25826598284675,83.34143016566316,55.7565278427568,-100.45567411728132,61.16789382914632,11.49001064207809,3.2607369767781e-17,0.2657058147768201,-0.4526029754794647,0.8512055959525414,-32.92175,94.52799999999999,32.222249999999995,14.692,79.836,-47.61375,-15.946,-40.82010997528077,52.389812039919526,40.248786495579424,-65.95399889054161,45.069779332600035,11.584436298860624,-1.698960153996618e-17,-0.4566993525981559,0.8168400992317845,-0.3524173004031353
24.183412075042725,-76.95378192225978,83.35754013901736,55.58889649128237,-100.31606949330424,61.58692687585804,11.061616133794303,2.444247990172656e-17,0.26556224232945375,-0.45183181618812557,0.8516599704865155,-32.62525,94.29450000000001,33.26825000000001,14.2005,80.09400000000001,-46.82575,-15.9855,-40.900906400000004,52.55651400000001,40.2770608,-66.011448289089,45.4394146965586,11.403689889995235,5.0943512539371244e-17,-0.45941445058829117,0.8172456383188615,-0.34791942923535474
24.227325677871704,0,0,0,0,0,0,0,0,0,1,-32.62525,93.65150000000001,32.62525000000001,14.2005,79.45100000000001,-46.82575,-16.008,0,0,0,0,0,0,0,0,0,1
24.300634622573853,-76.89443543687582,83.3606801073177,55.55622374141497,-100.37206106572648,61.78949342191956,10.838609994339834,8.112444886414105e-17,0.265740770673154,-0.4447204958177176,0.8553394199975127,-32.454,93.574,32.747,14.1865,79.3875,-46.6405,-16.0275,-40.900906400000004,52.55651400000001,40.2770608,-66.07028224086807,45.498831516551434,11.180960889593422,-5.0930687112096665e-17,-0.46123005717128696,0.817451438104689,-0.34502171047971353
24.41442346572876,-77.27933814001287,83.34031525708696,55.76812895638301,-100.88337365743507,61.46354308634784,10.791537578840519,-4.026781528170204e-17,0.26579555924257103,-0.43244669990150286,0.8615930433976522,-31.313499999999998,90.483,32.151500000000006,13.509,76.974,-44.8225,-16.0275,-40.900906400000004,52.55651400000001,40.2770608,-66.26881899014273,45.39268343717123,10.966681295531487,-1.6979114272650958e-17,-0.46261357958346405,0.8173446261662806,-0.3434187503064979
24.50915002822876,-77.34417601217353,83.33688474453126,55.80382494689254,-100.80159229720334,61.55962358147619,11.103114772445139,-1.6088554631541188e-17,0.26679028417096495,-0.42984365523075374,0.8625876050175081,-31.29,87.51475,32.45725,11.883750000000001,75.631,-43.17375,-16.0275,-40.900906400000004,52.55651400000001,40.2770608,-66.26645893162654,45.45766977401571,11.00090418476276,0.0,-0.4639574753119213,0.8169224293497728,-0.3426094066534853
24.549632787704468,0,0,0,0,0,0,0,0,0,1,-28.545,84.664,34.613,10.753,73.911,-39.298,-16.0275,0,0,0,0,0,0,0,0,0,1
24.598353147506714,0,0,0,0,0,0,0,0,0,1,-29.656000000000002,78.85849999999999,31.656499999999994,8.773,70.0855,-38.429,-16.0275,0,0,0,0,0,0,0,0,0,1
24.674472093582153,-77.21735031166776,83.34359497642924,55.73400203551751,-100.46861759759634,61.698928873609475,11.420481886376791,0.0,0.2678311011315676,-0.43051499004796984,0.8619300114340193,-27.58375,72.68525000000001,30.79650000000001,7.1525,65.53275000000001,-34.73625,-16.0275,-40.900906400000004,52.55651400000001,40.2770608,-66.29780548615051,45.74820371376576,11.003628771485381,1.6998293543449657e-17,-0.46505776280892397,0.8164224115992104,-0.34230939673004623
24.79031205177307,-76.75895551944026,83.36784822592368,55.481636317647734,-100.209828598608,61.87635207378253,10.820274203950987,0.0,0.2675443525735265,-0.44092192254642293,0.8567425970640066,-23.448999999999998,67.336,30.328,6.7795000000000005,60.5565,-30.2285,-16.0275,-40.900906400000004,52.55651400000001,40.2770608,-66.22153252036478,45.73235861344699,10.818071859767883,-6.801774527329544e-17,-0.46417056393567535,0.8161274827357758,-0.3442115911746772
24.85352325439453,0,0,0,0,0,0,0,0,0,1,-22.6105,58.72825,28.10825,4.0047500000000005,54.7235,-26.61525,-16.0275,0,0,0,0,0,0,0,0,0,1
24.909669399261475,-77.6233580662259,83.32211347721734,55.95752647379017,-101.29621404264941,60.95692867854703,10.808992038004163,-3.4865533554251485e-17,0.2814894130882238,-0.5357503968710047,0.7960748850276639,-19.945999999999998,55.20575,30.04175,2.609,52.59675,-22.555,-16.0275,-40.900906400000004,52.55651400000001,40.2770608,-66.0915184311369,45.859686457433554,10.444596349529292,1.701055020507108e-17,-0.46078634328984636,0.8158341523648833,-0.349414627158973
24.9973464012146,0,0,0,0,0,0,0,0,0,1,-18.504250000000003,53.16825,29.596,2.5340000000000003,50.63425,-21.03825,-16.0275,0,0,0,0,0,0,0,0,0,1
25.038427114486694,-79.45953473161651,83.3872266083685,56.87558811321252,-102.60705219476748,64.37289302459826,11.416849690303223,2.0543094859328558e-17,0.3128728924356909,-0.6676446079983441,0.6755451358641125,-17.15525,46.37325,27.603,0.8075,45.56575,-17.96275,-16.0275,-40.975879938512165,52.705568893171254,40.315228420268106,-67.47713854156231,46.77279195589651,11.427294298169329,3.474941665600728e-17,-0.44658469962693464,0.7987350087164898,-0.4032176731119176
25.174163103103638,-81.30591128774257,83.6905521879361,57.68468200720605,-104.87365657273853,65.81532605719369,10.122712317286016,-3.920473634259896e-17,-0.3299074937471742,0.7079648584569191,-0.6244572081091966,-7.785000000000001,36.610749999999996,27.544249999999998,0.64075,35.97,-8.42575,-16.0275,-41.3553328313867,53.459959195847986,40.50840076096693,-68.76852191576916,47.29101367130332,10.751442809672824,1.7532718020189884e-17,-0.44238765296988036,0.7915365884418732,-0.4216194891814198
25.247293710708618,0,0,0,0,0,0,0,0,0,1,-6.54825,35.29925,27.469500000000004,0.64075,34.658500000000004,-7.189,-16.0275,0,0,0,0,0,0,0,0,0,1
25.295249462127686,-79.82185521574782,83.41331155704427,57.04917040105871,-103.12818917692749,64.56172137179598,11.234476169418969,3.939547032857664e-17,-0.32566089693520905,0.7045372319237324,-0.6305333211184008,-2.097,30.276500000000002,26.898000000000003,0.64075,29.63575,-2.73775,-16.0275,-41.008363368837884,52.77014920154566,40.331765124527784,-67.99660122366006,46.63056197661405,11.294896583305785,3.5055841783619875e-17,-0.4412268007643871,0.791753220103758,-0.42242839481094785
25.390045881271362,-80.46701907980969,83.4973474756752,57.341609168479614,-103.71002756641786,64.46218721238719,11.226923711143655,-1.9481889208339606e-17,-0.3295707605416231,0.7123430207104243,-0.6196374219179828,-0.3202499999999999,23.276500000000002,21.674750000000003,0.64075,22.63575,-0.961,-16.0275,-41.095747824056694,52.943878238429186,40.376250909383536,-68.16885992760166,46.70089154289673,11.576464853930958,3.523522075933513e-17,-0.4393533933801082,0.7877224838523377,-0.43181232515861295
25.474483251571655,0,0,0,0,0,0,0,0,0,1,-0.3202499999999999,14.957500000000001,13.35575,0.64075,14.31675,-0.961,-16.0275,0,0,0,0,0,0,0,0,0,1
25.604440927505493,-80.57586846222718,83.5224165052965,57.386124144618925,-103.92890753686726,64.20444345696677,11.161657218378679,-3.8745334573089903e-17,-0.3288964971888166,0.7163591674055695,-0.6153508246609619,-0.3202499999999999,9.04175,7.4399999999999995,0.64075,8.401,-0.961,-16.0275,-41.068958979209626,52.89061933554022,40.36261321163264,-68.24049791354972,46.61830668155943,11.484010867282393,-1.7633308932172797e-17,-0.43744994372890683,0.7870211916093516,-0.43501171327835825
25.665319204330444,-80.89864042987597,83.59675390472131,57.5181247689607,-104.32160438362251,64.51787803017865,10.988025554031509,1.9262754136697093e-17,-0.3296759955724369,0.7204467081566575,-0.6101395566995789,-0.3202499999999999,3.6077500000000002,2.0060000000000002,0.64075,2.967,-0.961,-16.0385,-41.229328081825365,53.2094491511355,40.44425410964602,-68.56785243645402,46.92134101497062,11.299324080781162,0.0,-0.4367120446466101,0.7861476444247069,-0.4373265041431424
25.755406379699707,0,0,0,0,0,0,0,0,0,1,-0.3202499999999999,1.92225,0.3205000000000001,0.64075,1.2815,-0.961,-16.0745,0,0,0,0,0,0,0,0,0,1
25.800498962402344,-81.63077892139098,83.76537223881795,57.817539673819425,-105.19545113738045,64.34340546190802,11.13414596283124,1.9362237213760575e-17,-0.329573655001518,0.7167450566069726,-0.6145386316240891,-0.3202499999999999,1.92225,0.3205000000000001,0.64075,1.2815,-0.961,-16.1055,-41.32503000461425,53.399714145434345,40.49297416101909,-69.0133490743535,46.98440101727809,11.157704231433655,-7.075861192399982e-17,-0.4350337236496964,0.78451441770623,-0.44190812133127216
25.881078004837036,0,0,0,0,0,0,0,0,0,1,-0.3202499999999999,1.92225,0.3205000000000001,0.64075,1.2815,-0.961,-16.137,0,0,0,0,0,0,0,0,0,1
26.00908899307251,-81.73683361797515,83.7897976261844,57.8609117369681,-105.41481342867047,64.00749831726338,11.103379498350193,-7.758767495435785e-17,-0.3284035130617168,0.7154635225751144,-0.6166547498180255,-0.3202499999999999,1.92225,0.3205000000000001,0.64075,1.2815,-0.961,-16.2,-41.26819219825084,53.286714901651656,40.464039101354025,-69.18665972989172,46.750312966881324,11.149567810945513,-7.090915963209547e-17,-0.4333135450716427,0.7828488099319106,-0.44652784061650247
26.10027241706848,-82.22634713241821,83.90253716150424,58.06110288120194,-105.82902216643868,64.84208733518699,11.08119182794897,1.9327172809337104e-17,-0.33157473704842005,0.7180454143355093,-0.6119387033870448,-0.3202499999999999,1.92225,0.3205000000000001,0.64075,1.2815,-0.961,-16.255,-41.51156224713371,53.770558899910235,40.587934222148995,-69.56325173314292,47.20413653825929,11.129009864818158,1.7766303220607634e-17,-0.43466975145468584,0.7811297395688498,-0.4482170647481224
26.16733956336975,-82.22441230284858,83.90209155217953,58.060311614497316,-105.84241973129068,65.35726119465494,10.752533342927023,0.0,-0.3327745945842643,0.722145355404569,-0.6064380882389293,-0.31775,1.92225,0.32300000000000006,0.64075,1.2815,-0.9585,-16.289,-41.70806968524873,54.161235340916676,40.68797246799776,-69.77588325080563,47.65927924718267,10.945616974524256,1.7777618348727113e-17,-0.4361769394300036,0.7806325648119292,-0.44761867282836215
26.23720359802246,0,0,0,0,0,0,0,0,0,1,-0.028499999999999998,0.07600000000000001,-0.0565,0.052000000000000005,0.024,-0.0805,-16.3215,0,0,0,0,0,0,0,0,0,1
26.301610708236694,-82.0671106532223,83.86586351278804,57.99598162911502,-105.75640593007114,65.66488115240864,10.320246878194013,0.0,-0.3332690813693683,0.7258421300018539,-0.6017349264564833,-0.3202499999999999,1.87175,0.27000000000000013,0.64075,1.231,-0.961,-16.32225,-41.88539776968844,54.51378130856013,40.778246865126114,-69.94884885892859,48.09607951468942,10.715424827150144,7.11539194246799e-17,-0.43783317164259483,0.7801559166395498,-0.4468320260922328
26.434722423553467,-82.247841,83.90748740000001,58.06989299999999,-106.10249178337818,65.56098985959252,10.480031675398664,0.0,-0.33336325398929856,0.724138470293461,-0.6037320736309381,-0.01475,0.07400000000000001,-0.02525,0.04225,0.03175,-0.057,-16.32225,-41.937729490827216,54.61782200423227,40.80488796143874,-70.20873267338266,48.073516466814866,10.828788453836154,0.0,-0.43754166574821407,0.7783174765577504,-0.4503101113888668
26.47713541984558,0,0,0,0,0,0,0,0,0,1,-0.30325,1.4315000000000002,-0.15325,0.64075,0.7907500000000001,-0.9440000000000001,-16.32225,0,0,0,0,0,0,0,0,0,1
26.540904998779297,-82.33815908223448,83.94464586439516,58.10196821968668,-106.58959505926225,65.77190033858008,10.867003468267654,0.0,-0.3337393518810878,0.7232238652410609,-0.6046199514999248,-0.03750000000000009,1.601,0.5145,0.5245,1.0765,-0.562,-16.32225,-42.06496388494999,54.87077670531794,40.86966060171011,-70.56187973829606,48.19881816274065,10.948315168595485,3.571469485410761e-17,-0.43671231920072356,0.77714721430517,-0.4531275290202967
26.59357452392578,0,0,0,0,0,0,0,0,0,1,0.03700000000000003,0.35175,-0.24775,0.31825000000000003,0.0335,-0.28125,-16.32225,0,0,0,0,0,0,0,0,0,1
26.68108868598938,-82.65258675497479,84.074006997773,58.213632865671244,-106.78114662402368,66.03476103602532,11.170008834187257,-3.834980813195412e-17,-0.3343783875206834,0.7237474440583237,-0.6036395705867129,0.03425,1.0922500000000002,0.9185000000000001,0.10400000000000001,0.9882500000000001,-0.06975,-16.32225,-42.25740257053436,55.25336405935007,40.967627522066756,-70.74928733494295,48.6063326977614,10.958817381022811,-7.142953489759922e-17,-0.4365084631252995,0.7771456346571227,-0.4533266197272855
26.807201385498047,-82.68485581415052,84.08728306228612,58.22509277642818,-106.81868414896422,65.73790633595684,11.525913626608798,-3.8435608170346323e-17,-0.333552503849425,0.7221318183028721,-0.6060267025225599,-0.029750000000000002,1.2297500000000001,1.2000000000000002,0.0,1.2297500000000001,-0.029750000000000002,-16.32225,-42.21881853956077,55.17665514672549,40.94798511660161,-70.68869553714865,48.483969377156626,11.160698167158131,-1.7871757645376063e-17,-0.4354487487350895,0.7765205909338773,-0.45541207612529
26.87136483192444,-82.57301991857327,84.04127178701218,58.18537580247622,-106.9988644427967,65.34520255119475,11.065567236215713,-5.753987301736337e-17,-0.3316927247013158,0.723556748393935,-0.6053474772672411,0.0,0.13075,0.13075,0.0,0.13075,0.0,-16.32225,-42.117221207854335,54.97466948985897,40.89626382327897,-70.74918640722481,48.23195014671816,10.985977927555979,-1.7864731872107026e-17,-0.434061101451542,0.7768259779752109,-0.45621525637524607
26.93246579170227,0,0,0,0,0,0,0,0,0,1,0.0,0.0,0.0,0.0,0.0,0.0,-16.32225,0,0,0,0,0,0,0,0,0,1
26.994147300720215,0,0,0,0,0,0,0,0,0,1,0.0,0.0,0.0,0.0,0.0,0.0,-16.32225,0,0,0,0,0,0,0,0,0,1
27.039897918701172,-82.34294941753507,83.9466166934839,58.10366944111807,-106.90965234213726,64.95894600064074,10.925042938494414,-3.832347553864059e-17,-0.3305726891576725,0.7242447409980777,-0.6051373830128928,0.0,0.0,0.0,0.0,0.0,0.0,-16.32225,-42.04518736796447,54.83145901156794,40.859592748364676,-70.69198548288048,48.084023074751,10.938589789447803,5.3600717354557664e-17,-0.4331737135517562,0.7767314595446043,-0.4572185184804854
27.16743493080139,-82.63780893186346,84.06792713867574,58.20838472586291,-106.94021713740946,65.47236825349074,11.319711639519,-9.582089446847586e-17,-0.3325860160432378,0.7241524870329881,-0.6041437887261816,0.0,0.0,0.0,0.0,0.0,0.0,-16.32225,-42.21178063847533,55.162663095459706,40.9444022533482,-70.88129688078595,48.362100660808466,11.18624691281704,7.160442533263383e-17,-0.4338118111369073,0.7752474930618365,-0.4591281270184329
27.24521493911743,0,0,0,0,0,0,0,0,0,1,0.0,0.0,0.0,0.0,0.0,0.0,-16.32225,0,0,0,0,0,0,0,0,0,1
27.289782524108887,-82.71298879542206,84.0988574708325,58.235083816233285,-106.91658556174451,66.06361942245994,10.975526218816555,-3.811342974017042e-17,-0.3334590544632419,0.7282361048283033,-0.5987296840987435,0.0,0.0,0.0,0.0,0.0,0.0,-16.32225,-42.373149910128504,55.483481347135054,41.02655231863289,-70.96548391760265,48.78122600151809,11.036092020765324,0.0,-0.4344392340039381,0.7756166270180342,-0.45790981628617555
27.369948625564575,0,0,0,0,0,0,0,0,0,1,0.0,0.0,0.0,0.0,0.0,0.0,-16.32225,0,0,0,0,0,0,0,0,0,1
27.408584594726562,-82.63616187783947,84.06724951137463,58.20779979737076,-106.96093089716817,65.57302321832364,11.138770991208133,-1.9130295066212203e-17,-0.3323573893533227,0.725435115338357,-0.6027291756471296,0.0,0.0,0.0,0.0,0.0,0.0,-16.32225,-42.288017680805716,55.31422996059312,40.98321309967843,-70.91412457081844,48.55617501340804,11.144324503175142,0.0,-0.43336987001421173,0.774729716580803,-0.46041766040248056
27.483599424362183,0,0,0,0,0,0,0,0,0,1,0.0,0.0,0.0,0.0,0.0,0.0,-16.32225,0,0,0,0,0,0,0,0,0,1
27.54881191253662,-82.65448191763566,84.07478670137736,58.214305906519606,-107.15389408850689,65.38215795439282,10.88335827066939,-5.738899151474049e-17,-0.3309959531725225,0.7254590527653677,-0.603449121089913,0.0,0.0,0.0,0.0,0.0,0.0,-16.32225,-42.29838431146122,55.33483985917288,40.98849055663419,-71.0246737804002,48.5713134891771,10.974178392986772,5.3725287182414705e-17,-0.43237136748333094,0.774930495617169,-0.4610181423145114
27.59856343269348,0,0,0,0,0,0,0,0,0,1,0.0,0.0,0.0,0.0,0.0,0.0,-16.32225,0,0,0,0,0,0,0,0,0,1
27.665579080581665,-82.81650669846937,84.141446576131,58.27184677000291,-107.38295436042617,65.36986354940802,10.843606045142735,7.652941414029745e-17,-0.3304925385526918,0.7253570650559545,-0.6038475056952785,0.0,0.0,0.0,0.0,0.0,0.0,-16.32225,-42.32044387638041,55.37869648055805,40.99972066680137,-71.16849882786852,48.564332347799365,10.944756982656742,1.7917679773617158e-17,-0.431270851962044,0.7745304070144599,-0.4627181656883028
27.72825527191162,0,0,0,0,0,0,0,0,0,1,0.0,0.0,0.0,0.0,0.0,0.0,-16.32225,0,0,0,0,0,0,0,0,0,1
27.84933638572693,-83.2016071000405,84.29988372632629,58.408609859699126,-107.7401895023257,65.515718422807,11.073409024448466,7.675049315351465e-17,-0.331210407672893,0.723267681423566,-0.6059567037811652,0.0,0.0,0.0,0.0,0.0,0.0,-16.32225,-42.34829274942281,55.43406282551989,41.01389800499656,-71.32083204946511,48.55205402749097,10.978577574733237,5.384203432730058e-17,-0.43021660706417086,0.7732501927835442,-0.46583023771155563
27.919519186019897,-83.3071768892228,84.34331701405208,58.44610151249472,-107.85482896161423,65.63172187316309,11.001291107953989,0.0,-0.3310155135171055,0.7232708701193978,-0.6060593850834555,0.0,0.0,0.0,0.0,0.0,0.0,-16.32225,-42.45806206464208,55.6522952029451,41.06977950163552,-71.43968382284129,48.799464801315935,10.902668649298363,-8.985316643288885e-17,-0.4294115455496467,0.7722481220614381,-0.4682291773493465
27.995702743530273,0,0,0,0,0,0,0,0,0,1,0.0,0.0,0.0,0.0,0.0,0.0,-16.32225,0,0,0,0,0,0,0,0,0,1
28.039315700531006,-83.30592646140934,84.34280256582382,58.445657440324155,-107.96294324854472,65.19485013339045,11.198406261987174,1.9246585327313554e-17,-0.3290842354110216,0.7210519461922403,-0.6097439273140208,0.0,0.0,0.0,0.0,0.0,0.0,-16.32225,-42.49620351410791,55.728124219266704,41.08919659716785,-71.55459347447461,48.83393894809261,10.932790155992478,1.7996009285529202e-17,-0.42763631081088255,0.7711591824401727,-0.47163619561507636
28.103094577789307,0,0,0,0,0,0,0,0,0,1,0.0,0.0,0.0,0.0,0.0,0.0,-16.32225,0,0,0,0,0,0,0,0,0,1
28.2221200466156,-83.32381144297078,84.35016076513581,58.452009044548724,-107.91486791987413,65.47587562483378,11.073452526819892,-1.916184217988451e-17,-0.32856571571428306,0.7242407946759374,-0.606234147656108,0.0,0.0,0.0,0.0,0.0,0.0,-16.32225,-42.60981328982564,55.95399181627318,41.14703320011323,-71.5907545555871,49.12794737385504,10.876652630276993,5.3981655687275054e-17,-0.4268152214993161,0.7712502125654047,-0.4722307447787657
28.283989667892456,-83.79981105378995,84.54599546570888,58.621053733165596,-108.262008488042,66.29483668575298,10.883462509634342,1.1469110615326393e-16,-0.3304138923365736,0.7260085776452083,-0.6031071255892909,0.0,0.0,0.0,0.0,0.0,0.0,-16.32225,-42.772825,56.2780754,41.2300194,-71.84295974595412,49.54829716160752,10.718227260186296,-1.8005910416854864e-17,-0.42698073672007947,0.77073513565989,-0.47292155917161277
28.368365049362183,0,0,0,0,0,0,0,0,0,1,0.0,0.0,0.0,0.0,0.0,0.0,-16.32225,0,0,0,0,0,0,0,0,0,1
28.407158613204956,-84.84763420454715,84.98197522567538,58.97883192578015,-108.54603820833228,66.7669334298034,10.786757896255239,-1.9104132480347065e-17,-0.33164650236724086,0.7264285788475822,-0.6019236806282484,0.0,0.0,0.0,0.0,0.0,0.0,-16.32225,-42.772825,56.2780754,41.2300194,-71.98034100336139,49.74637277382901,10.588256332836039,1.8008606905754667e-17,-0.42664527866707586,0.7706197309121003,-0.4734121212221494
28.477323055267334,0,0,0,0,0,0,0,0,0,1,0.0,0.0,0.0,0.0,0.0,0.0,-16.32225,0,0,0,0,0,0,0,0,0,1
28.617008447647095,-84.56460411710998,84.86344064675106,58.88445439296918,-108.38957187315978,66.21906900654676,10.852048475111417,-3.824538298181869e-17,-0.32973806894610486,0.7257235632552961,-0.6038196051998729,0.0,0.0,0.0,0.0,0.0,0.0,-16.32225,-42.772825,56.2780754,41.2300194,-71.9808211514814,49.5878975874909,10.635004431972533,0.0,-0.4253543311947135,0.7702237975463803,-0.47521468267208505
28.674181699752808,-84.860567280878,84.9873916701635,58.98314451263907,-108.74086885522235,66.22828883927326,10.928895238727279,0.0,-0.32935878622840264,0.724636390277756,-0.6053303988892158,0.0,0.0,0.0,0.0,0.0,0.0,-16.32225,-42.772825,56.2780754,41.2300194,-72.07662024324549,49.45579953116595,10.699600387978734,3.607749900238284e-17,-0.42427287078986103,0.7693320319625181,-0.47761988621512896
28.72738814353943,0,0,0,0,0,0,0,0,0,1,0.0,0.0,0.0,0.0,0.0,0.0,-16.32225,0,0,0,0,0,0,0,0,0,1
28.78578805923462,-84.85397082235058,84.98462903654735,58.98094489673694,-108.80393249378952,65.95525179293617,11.057245341252354,1.919252655875438e-17,-0.3288339156594323,0.7230829023646347,-0.6074696471594456,0.0,0.0,0.0,0.0,0.0,0.0,-16.32225,-42.74680280473478,56.226340673157544,41.21677198915165,-72.02947103782827,49.28184406941082,10.816289932300748,0.0,-0.4233843865999253,0.768637204347451,-0.47952321036248075
28.872803449630737,0,0,0,0,0,0,0,0,0,1,0.0,0.0,0.0,0.0,0.0,0.0,-16.32225,0,0,0,0,0,0,0,0,0,1
29.004489183425903,-83.81948135987946,84.55408817926508,58.62803937074244,-108.74251215571664,65.39437939956773,10.645359798378905,0.0,-0.3266984144966835,0.7235615216992651,-0.6080517003360791,0.0,0.0,0.0,0.0,0.0,0.0,-16.32225,-42.71974243566112,56.172541952949146,41.20299606351689,-71.99825306584711,49.26278786988436,10.675001930386259,-3.6091460352616264e-17,-0.4227778457695781,0.7690344293208107,-0.47942146348035974
29.125847578048706,-84.63364532674065,84.89235549034984,58.907476464884674,-108.65386274843223,65.68878481958478,10.99186626477271,0.0,-0.3278242119070928,0.7233772573335414,-0.6076648991509193,0.0,0.0,0.0,0.0,0.0,0.0,-16.32225,-42.772825,56.2780754,41.2300194,-72.05984425978835,49.40745759915349,10.799006745865682,3.6122728704970116e-17,-0.4230557538140979,0.7683687420826002,-0.4802429649200373
29.174015760421753,-84.68641354048823,84.91445511252711,58.925072240194055,-108.44755137427256,66.06468938436737,11.342053893149284,0.0,-0.32904602988976467,0.723528488106737,-0.6068238929967767,0.0,0.0,0.0,0.0,0.0,0.0,-16.32225,-42.772825,56.2780754,41.2300194,-72.01745427131033,49.44278624505003,11.079639915066963,3.617208663294169e-17,-0.4229459877753839,0.7673202792329951,-0.48201273894213964
29.226633310317993,0,0,0,0,0,0,0,0,0,1,0.0,0.0,0.0,0.0,0.0,0.0,-16.32225,0,0,0,0,0,0,0,0,0,1
29.295230388641357,-84.55672933274496,84.86014264314558,58.88182851412175,-108.46765582188945,66.01173918872425,10.847895934630571,-9.556607195408843e-17,-0.32793366057161594,0.7260834061737719,-0.6043694247256338,0.0,0.0,0.0,0.0,0.0,0.0,-16.32225,-42.772825,56.2780754,41.2300194,-72.04776291125953,49.41235960138566,10.92912212309622,-5.42346346124194e-17,-0.4223191223380715,0.7676526950162136,-0.482033088845512
29.414609670639038,-84.7815880803381,84.95431474055313,58.95680857726968,-108.79787226957171,65.78807440338193,11.006108328196689,0.0,-0.3275835410503742,0.7232520056947119,-0.6079437144106961,0.0,0.0,0.0,0.0,0.0,0.0,-16.32225,-42.772825,56.2780754,41.2300194,-72.17387498841407,49.410458495624226,10.81870414542658,5.4255802893863536e-17,-0.42171997480508777,0.7673531899414986,-0.48303348200409724
29.47351384162903,0,0,0,0,0,0,0,0,0,1,0.0,0.0,0.0,0.0,0.0,0.0,-16.32225,0,0,0,0,0,0,0,0,0,1
29.546424388885498,-84.65312146304382,84.90051220484149,58.91397086168053,-108.58462333942822,66.00503751882763,10.877454139268565,3.822891977904265e-17,-0.32755775254809244,0.7260360945601373,-0.6046300589133045,0.0,0.0,0.0,0.0,0.0,0.0,-16.32225,-42.772825,56.2780754,41.2300194,-72.15135618239432,49.73331123368379,10.747577407114903,7.23033462605691e-17,-0.4220208966485304,0.7677535564011791,-0.4821336323316511
29.599372625350952,0,0,0,0,0,0,0,0,0,1,0.0,0.0,0.0,0.0,0.0,0.0,-16.32225,0,0,0,0,0,0,0,0,0,1
29.66856622695923,-83.78141960788523,84.53842889796388,58.61452226512337,-108.37851482140286,66.02245820291913,10.803862029887313,-1.9047936852763186e-17,-0.3272141644962568,0.7285717038589028,-0.6017592233519583,0.0,0.0,0.0,0.0,0.0,0.0,-16.32225,-42.772825,56.2780754,41.2300194,-72.05591951981063,49.83701534901667,10.807052611174328,0.0,-0.4218722408727876,0.7680320348893059,-0.4818200968875879
29.788162231445312,-83.7941566314756,84.54366913586391,58.61904564316361,-108.48484143477276,65.54523297624027,11.103779909165297,3.8238681220796767e-17,-0.3262807903718899,0.7258507545112087,-0.60554234204538,0.0,0.0,0.0,0.0,0.0,0.0,-16.32225,-42.772825,56.2780754,41.2300194,-71.9775138239844,49.34534951298505,10.955097376503232,0.0,-0.42007036340762666,0.7671314108494574,-0.48481985136203487
29.87632179260254,-83.74571307465784,84.52373859552634,58.6018415829257,-108.43643350446703,65.83205939496992,10.731104074421154,1.1419561834509672e-16,-0.32629299460610833,0.7291586844887207,-0.6015484140995273,0.0,0.0,0.0,0.0,0.0,0.0,-16.32225,-42.772825,56.2780754,41.2300194,-71.97922229703323,49.814438419987425,10.756974489266184,5.4214132031022924e-17,-0.4209966205323333,0.7679430042266385,-0.4827270323482201
29.912359476089478,0,0,0,0,0,0,0,0,0,1,0.0,0.0,0.0,0.0,0.0,0.0,-16.32225,0,0,0,0,0,0,0,0,0,1
29.975559949874878,0,0,0,0,0,0,0,0,0,1,0.0,0.0,0.0,0.0,0.0,0.0,-16.32225,0,0,0,0,0,0,0,0,0,1
30.032773733139038,-84.78624718758664,84.95626600065015,58.95836217551501,-108.59369304397356,66.59919709728686,10.617661653263582,0.0,-0.32866732518123937,0.73204222574187,-0.5967344209018769,0.0,0.0,0.0,0.0,0.0,0.0,-16.32225,-42.772825,56.2780754,41.2300194,-72.16898995219634,50.156966618163665,10.733253812462266,0.0,-0.4216565069537749,0.7675250648193248,-0.48281576715930935
30.172425508499146,-85.07691338768056,85.07799862613759,59.0552860011224,-108.9701477737994,66.46029573998547,10.784659405738267,1.900716316522152e-17,-0.32855531223173673,0.7301346175218523,-0.5991284061872918,0.0,0.0,0.0,0.0,0.0,0.0,-16.32225,-42.772825,56.2780754,41.2300194,-72.41754652254869,50.01932207024092,10.69619157073555,1.8102462984966907e-17,-0.4206545830227934,0.7666242886031138,-0.48511536968610824
30.23331880569458,0,0,0,0,0,0,0,0,0,1,0.0,0.0,0.0,0.0,0.0,0.0,-16.32225,0,0,0,0,0,0,0,0,0,1
30.28572988510132,-84.95052235495497,85.02506535681772,59.013140397642275,-109.09355198175825,65.9669993185573,10.546478713690874,1.9014870738170258e-17,-0.32646125121751607,0.7298386614827905,-0.60063181705476,0.0,0.0,0.0,0.0,0.0,0.0,-16.32225,-42.772825,56.2780754,41.2300194,-72.33645468473316,49.83937888968187,10.593992913161259,-3.619033610376514e-17,-0.41927446340598407,0.7669333475115558,-0.4858211242940588
30.35164451599121,0,0,0,0,0,0,0,0,0,1,0.0,0.0,0.0,0.0,0.0,0.0,-16.32225,0,0,0,0,0,0,0,0,0,1
30.501140356063843,-84.96181030894213,85.02979281489435,59.01690441177038,-109.1362745718713,65.9258697453744,10.513567644066484,1.9012459042400953e-17,-0.32644948475517005,0.7299312401864839,-0.6005257017837835,0.0,0.0,0.0,0.0,0.0,0.0,-16.32225,-42.772825,56.2780754,41.2300194,-72.33684259601756,49.627768340756276,10.61890927542072,7.245514698145542e-17,-0.418500331133059,0.7661450365350257,-0.48772867030169964
30.632099628448486,-85.15114025,85.10908525,59.080037250000004,-109.32271376287468,66.36969007120629,10.884598567894301,7.611908225371203e-17,-0.3286075524120175,0.7292672164153787,-0.6001553161970226,0.0,0.0,0.0,0.0,0.0,0.0,-16.32225,-42.772825,56.2780754,41.2300194,-72.48161549394567,49.968924217319426,10.708650436054569,-7.253129122881733e-17,-0.4193911794096602,0.7653407279919311,-0.4882259811912463
