Time(s),S1_Proj_X,S1_Proj_Y,S1_Proj_Z,S1_Raw_X,S1_Raw_Y,S1_Raw_Z,S1_QX,S1_QY,S1_QZ,S1_QW,Axis_0,Axis_1,Axis_2,Axis_3,Axis_4,Axis_5,Axis_6,S2_Proj_X,S2_Proj_Y,S2_Proj_Z,S2_Raw_X,S2_Raw_Y,S2_Raw_Z,S2_QX,S2_QY,S2_QZ,S2_QW
0.06431174278259277,0,0,0,0,0,0,0,0,0,1,1.23025,-0.04249999999999998,0.07125000000000004,0.55825,-0.60075,0.672,2.77225,0,0,0,0,0,0,0,0,0,1
0.10939621925354004,40.44973735422403,-105.71073835123075,-1.7869020784437595,40.44973735422403,-105.71073835123075,-1.7869020784437595,0.0,0.7807625289420118,-0.6245938433610886,0.017099831446485133,2.5549999999999997,-0.41200000000000003,2.806,-0.3315,-0.0805,2.8865,2.77225,42.06464941752208,-145.58120742470842,-9.756623208362385,42.06464941752208,-145.58120742470842,-9.756623208362385,0.0,-0.6619571108668156,0.7433037332281961,-0.09650048467176231
0.16279840469360352,0,0,0,0,0,0,0,0,0,1,1.5999999999999996,-1.0917500000000002,4.74625,-2.119,1.02725,3.719,2.77225,0,0,0,0,0,0,0,0,0,1
0.23119854927062988,40.4401121345571,-105.68964340410164,-1.8059377909858085,40.4401121345571,-105.68964340410164,-1.8059377909858085,0.0,0.7805552689176773,-0.6248945721787085,0.01549986536849093,3.48325,0.0,11.67275,-4.09475,4.09475,7.578,2.77225,42.06239854164784,-145.5724338322952,-9.74576237810107,42.06239854164784,-145.5724338322952,-9.74576237810107,0.0,-0.6620821032257646,0.7432053516715605,-0.09640069416191932
0.287459135055542,0,0,0,0,0,0,0,0,0,1,4.491249999999999,0.7294999999999998,23.30875,-9.044,9.7735,13.53525,2.77225,0,0,0,0,0,0,0,0,0,1
0.3587169647216797,40.43511212704536,-105.67508249970676,-1.8555662101434507,40.43511212704536,-105.67508249970676,-1.8555662101434507,-2.2230513172173914e-18,0.7803344270739428,-0.625196628397573,0.014399922343130285,4.69125,-1.1377500000000005,34.6415,-15.544,14.40625,20.23525,2.77225,42.095576467510256,-145.56628049661032,-9.771479331564066,42.095576467510256,-145.56628049661032,-9.771479331564066,9.336420206419467e-18,-0.6621091832932225,0.743207112629339,-0.09620092066057913
0.43569087982177734,0,0,0,0,0,0,0,0,0,1,5.243750000000002,-5.359249999999999,41.639,-20.87725,15.518,26.121000000000002,2.77225,0,0,0,0,0,0,0,0,0,1
0.4804728031158447,40.43523558745207,-105.6640693576145,-1.8644372562364069,40.43523558745207,-105.6640693576145,-1.8644372562364069,1.1118415708310465e-18,0.7801127073707935,-0.6254889930319647,0.01369975892012457,6.8260000000000005,-3.9677500000000023,47.41675,-22.27925,18.3115,29.10525,2.77225,42.10876319159863,-145.58401611922088,-9.782041433553417,42.10876319159863,-145.58401611922088,-9.782041433553417,9.336420206419467e-18,-0.6621091832932225,0.743207112629339,-0.09620092066057913
0.5479903221130371,0,0,0,0,0,0,0,0,0,1,5.242000000000001,-5.8672499999999985,50.37425,-25.49975,19.6325,30.74175,2.77225,0,0,0,0,0,0,0,0,0,1
0.6013400554656982,40.43286125117112,-105.66630890729351,-1.844705379882143,40.43286125117112,-105.66630890729351,-1.844705379882143,1.1121736400463257e-18,0.7798797838368792,-0.6257922315138966,0.013099837380684,6.951249999999998,-5.102999999999998,57.12325,-27.6375,22.5345,34.58875,2.77225,42.104137979443436,-145.57748207648666,-9.751448726937838,42.104137979443436,-145.57748207648666,-9.751448726937838,9.336420206419467e-18,-0.6621091832932225,0.743207112629339,-0.09620092066057913
0.6713266372680664,0,0,0,0,0,0,0,0,0,1,7.445500000000003,-5.691499999999998,60.239000000000004,-29.2425,23.551000000000002,36.688,2.77225,0,0,0,0,0,0,0,0,0,1
0.730600118637085,40.424299739237966,-105.65510732741717,-1.8647359845083713,40.424299739237966,-105.65510732741717,-1.8647359845083713,0.0,0.7797332700699685,-0.6259870477986601,0.01249974136978155,5.5589999999999975,-8.07,64.24199999999999,-33.3765,25.3065,38.9355,2.77225,42.095576467510256,-145.56628049661032,-9.771479331564066,42.095576467510256,-145.56628049661032,-9.771479331564066,9.336398155484183e-18,-0.6621362085402064,0.7432088679542159,-0.09600114548386
0.7900464534759521,0,0,0,0,0,0,0,0,0,1,8.913249999999998,-4.977500000000003,72.90975,-34.487,29.5095,43.40025,2.77225,0,0,0,0,0,0,0,0,0,1
0.8479149341583252,40.3982448222184,-105.65454201406496,-1.8982146601081809,40.3982448222184,-105.65454201406496,-1.8982146601081809,1.6689104624178051e-18,0.7795760385477736,-0.626192624927874,0.011999858669968841,8.2635,-5.890249999999998,76.35725,-36.992,31.10175,45.2555,2.77225,42.068087461536805,-145.58886124228215,-9.77734997680082,42.068087461536805,-145.58886124228215,-9.77734997680082,-2.800542047629839e-17,-0.6620382648974563,0.7433090222422942,-0.09590116404283064
0.9117162227630615,0,0,0,0,0,0,0,0,0,1,4.275000000000006,-10.5565,80.0955,-43.1885,32.632,47.4635,2.77225,0,0,0,0,0,0,0,0,0,1
0.9828155040740967,40.41511651113487,-105.65790517006472,-1.947245622721887,40.41511651113487,-105.65790517006472,-1.947245622721887,5.56344987398279e-19,0.7795178869540818,-0.6262885741381415,0.010699804795270816,6.441749999999999,-14.20975,86.9505,-47.35925,33.1495,53.801,2.77225,42.09020607877844,-145.58475901849226,-9.794494612442818,42.09020607877844,-145.58475901849226,-9.794494612442818,9.33389298268973e-18,-0.662027789515055,0.7434083417043486,-0.09520106824085822
1.064162254333496,0,0,0,0,0,0,0,0,0,1,11.623249999999999,-15.484249999999996,93.4065,-48.63375,33.1495,60.257,2.77225,0,0,0,0,0,0,0,0,0,1
1.1046593189239502,40.974749510378246,-105.2816978296523,-3.7832954431727686,40.974749510378246,-105.2816978296523,-3.7832954431727686,4.432266799360097e-18,0.7827703315275405,-0.6218929007061058,-0.02279973972680369,12.876750000000001,-17.731499999999997,96.90725,-50.881,33.1495,63.75775,2.77225,42.19979823932351,-145.5291541724685,-10.12975221406542,42.19979823932351,-145.5291541724685,-10.12975221406542,-2.325962284570342e-17,-0.6621369045785779,0.7458089443171044,-0.07310087668219407
1.1690049171447754,0,0,0,0,0,0,0,0,0,1,13.605999999999995,-17.795500000000004,98.499,-51.34425,33.54875,64.95025,2.77225,0,0,0,0,0,0,0,0,0,1
1.2236206531524658,41.684648296493464,-104.88442809770555,-5.467106737098277,41.684648296493464,-104.88442809770555,-5.467106737098277,0.0,0.7916107499780173,-0.6013877988999561,-0.108097806885742,14.163750000000007,-18.535249999999998,103.0155,-53.6935,35.15825,67.85725000000001,2.77225,42.07714050469528,-145.4755563883013,-10.391825405499112,42.07714050469528,-145.4755563883013,-10.391825405499112,-4.639509003162483e-18,-0.6613715873023952,0.7478047676141363,-0.058100370417733777
1.2883257865905762,0,0,0,0,0,0,0,0,0,1,14.7665,-19.128500000000003,104.46549999999999,-54.41375,35.28525,69.18025,2.77225,0,0,0,0,0,0,0,0,0,1
1.354651927947998,41.720902506756886,-104.88125913870739,-6.364478226469885,41.720902506756886,-104.88125913870739,-6.364478226469885,-1.745911710719954e-17,0.7948734018223487,-0.5865917750357413,-0.15519782387580475,15.109750000000005,-18.869749999999996,110.8135,-57.28675,38.417,72.3965,2.77225,42.12088389755175,-145.51140450909057,-10.390630492411269,42.12088389755175,-145.51140450909057,-10.390630492411269,-2.319440090168858e-17,-0.6612919678999918,0.7479061361962218,-0.05770047340355929
1.418360710144043,0,0,0,0,0,0,0,0,0,1,11.801749999999998,-20.50725,115.101,-61.90325,41.396,73.705,2.77225,0,0,0,0,0,0,0,0,0,1
1.4806506633758545,40.66205990009669,-105.06882509510363,-8.043695706822625,40.66205990009669,-105.06882509510363,-8.043695706822625,-2.6517049655750304e-17,0.7850300837373707,-0.5852872394724857,-0.2028955764376684,13.340000000000003,-20.93325,119.08325,-63.33825,42.405,76.67825,2.77225,41.95993359741556,-145.54254487418052,-10.454075575342443,41.95993359741556,-145.54254487418052,-10.454075575342443,-4.615403681909597e-18,-0.6577441823757482,0.7517104008805031,-0.048000664150943395
1.5800108909606934,39.731563947953674,-105.32641624565409,-9.492427594441416,39.731563947953674,-105.32641624565409,-9.492427594441416,-1.7948852165092302e-17,0.773185253305756,-0.58448481643011,-0.2460936070546623,19.904749999999993,-21.785000000000004,126.85475,-64.3675,42.5825,84.27225,2.77225,41.94956761530841,-145.58752877960504,-10.419885011326734,41.94956761530841,-145.58752877960504,-10.419885011326734,-4.603776429488726e-18,-0.655718496007631,0.7536089132675184,-0.04590054288611876
1.661865472793579,0,0,0,0,0,0,0,0,0,1,20.93325,-21.632000000000005,129.35025000000002,-65.0245,43.3925,85.95775,2.77225,0,0,0,0,0,0,0,0,0,1
1.7217893600463867,38.92616684959407,-105.41154867273119,-13.024932086131983,38.92616684959407,-105.41154867273119,-13.024932086131983,1.783203038146521e-17,0.7782505699541188,-0.5401876507343967,-0.32019268005396845,20.467749999999995,-21.74875,131.9145,-66.59775,44.849000000000004,87.0655,2.77225,41.89346963142833,-145.6496759739042,-10.565455415067781,41.89346963142833,-145.6496759739042,-10.565455415067781,-2.292774844273591e-18,-0.6525546346452872,0.7566043740882072,-0.041500239921570974
1.7870969772338867,0,0,0,0,0,0,0,0,0,1,20.04025,-22.638250000000006,134.267,-68.4325,45.79425,88.47275,2.77225,0,0,0,0,0,0,0,0,0,1
1.8518486022949219,37.90123851710007,-105.48581615295149,-14.889927060557575,37.90123851710007,-105.48581615295149,-14.889927060557575,-3.610956085342666e-17,0.7686489383876021,-0.5356896310599225,-0.3495932331875097,22.330249999999992,-22.425750000000008,137.518,-68.80675000000001,46.381,91.137,2.77225,41.941144909926294,-145.64912534389816,-10.620471454790213,41.941144909926294,-145.64912534389816,-10.620471454790213,0.0,-0.6524458354329096,0.7567036772528077,-0.04140020118708371
1.9404046535491943,0,0,0,0,0,0,0,0,0,1,22.306999999999988,-22.783500000000004,137.589,-69.03275000000001,46.24925,91.33975,2.77225,0,0,0,0,0,0,0,0,0,1
2.0641589164733887,37.251527547338696,-105.62269132905602,-16.635790984790546,37.251527547338696,-105.62269132905602,-16.635790984790546,-1.8121804147441557e-17,0.7658060806144255,-0.5144932550004548,-0.3857949422335772,23.761499999999998,-23.68125,139.91325,-69.9165,46.23525,93.678,2.77225,41.90484747120627,-145.6825307938782,-10.62863061246727,41.90484747120627,-145.6825307938782,-10.62863061246727,-2.2891282520131816e-18,-0.6512175096746837,0.7578096484769686,-0.04050051565494488
2.1128647327423096,37.115332467682805,-105.70927492275422,-16.92553946464821,37.115332467682805,-105.70927492275422,-16.92553946464821,-7.236391301709085e-17,0.7671109661820975,-0.5043929193706839,-0.3963944354451606,23.807249999999996,-23.990249999999996,139.65,-69.9165,45.92625,93.72375,2.77225,41.88485626943222,-145.7064197521736,-10.613475760993623,41.88485626943222,-145.7064197521736,-10.613475760993623,0.0,-0.6503496613325914,0.7586124879638549,-0.03940064859712086
2.168781280517578,0,0,0,0,0,0,0,0,0,1,23.744749999999996,-24.916750000000008,140.81650000000002,-70.99425000000001,46.0775,94.739,2.77225,0,0,0,0,0,0,0,0,0,1
2.2351112365722656,36.93388598547142,-105.64577037314562,-17.751035888790753,36.93388598547142,-105.64577037314562,-17.751035888790753,0.0,0.7702985557951381,-0.48689358516388365,-0.41179457459537333,24.950999999999993,-24.948750000000004,142.05475,-71.02625,46.0775,95.97725,2.77225,41.888170853040236,-145.7250867118396,-10.62533148333911,41.888170853040236,-145.7250867118396,-10.62533148333911,4.5704120591742725e-18,-0.6498224639880151,0.7591103180706277,-0.03850052331144666
2.288743257522583,0,0,0,0,0,0,0,0,0,1,25.5265,-25.585,141.994,-71.02625,45.441250000000004,96.55275,2.77225,0,0,0,0,0,0,0,0,0,1
2.3700876235961914,36.81231823672917,-105.72862224081715,-18.46430782184929,36.81231823672917,-105.72862224081715,-18.46430782184929,1.7954989958543288e-17,0.7729209450886477,-0.471592036190872,-0.42449283155857753,24.980000000000004,-25.549,143.556,-72.0625,46.5135,97.0425,2.77225,41.884234553262246,-145.7204191746975,-10.675954794580917,41.884234553262246,-145.7204191746975,-10.675954794580917,6.8529199972936395e-18,-0.649508457655701,0.7594091905327444,-0.03790045867947197
2.4135308265686035,0,0,0,0,0,0,0,0,0,1,25.56275000000001,-25.589249999999993,144.2455,-72.136,46.54675,97.69875,2.77225,0,0,0,0,0,0,0,0,0,1
2.4901885986328125,36.74497680548569,-105.78964647137435,-18.834093131080195,36.74497680548569,-105.78964647137435,-18.834093131080195,7.172282037749199e-17,0.7739677684046891,-0.4629889693480163,-0.43198970790138896,24.845,-25.799249999999994,144.67575,-72.815,47.015750000000004,97.66,2.77225,41.86386855613165,-145.73628127133227,-10.741021068880471,41.86386855613165,-145.73628127133227,-10.741021068880471,2.28340824290391e-18,-0.6491936981578975,0.7597079853625666,-0.03730039206795277
2.562457323074341,0,0,0,0,0,0,0,0,0,1,26.219250000000002,-25.643749999999997,147.067,-73.24575,47.602000000000004,99.465,2.77225,0,0,0,0,0,0,0,0,0,1
2.6136841773986816,36.48256690091662,-105.86705789336132,-19.249482723788034,36.48256690091662,-105.86705789336132,-19.249482723788034,-3.595430004242231e-17,0.7719681813546706,-0.4554894697391874,-0.4433897494673011,25.808750000000003,-26.229999999999997,146.07025000000002,-73.24575,47.015750000000004,99.0545,2.77225,41.87586811207953,-145.75513666878234,-10.741717232692679,41.87586811207953,-145.75513666878234,-10.741717232692679,2.2825134131781135e-18,-0.6488678788666487,0.7600058190069616,-0.036900282528101166
2.6886630058288574,0,0,0,0,0,0,0,0,0,1,25.787000000000006,-25.985499999999995,147.97,-74.08425,48.09875,99.87125,2.77225,0,0,0,0,0,0,0,0,0,1
2.7379307746887207,36.22578523790065,-105.94670950760609,-19.938118184599446,36.22578523790065,-105.94670950760609,-19.938118184599446,-5.393604605399903e-17,0.7719024005163705,-0.440293809100901,-0.4585935517912176,24.757500000000007,-26.665249999999993,148.61175,-75.25975,48.594500000000004,100.01725,2.77225,41.88205528773173,-145.7685777983377,-10.701954751712186,41.88205528773173,-145.7685777983377,-10.701954751712186,4.563784267825835e-18,-0.6486480496402692,0.7602127419590852,-0.03650061178835386
2.7885022163391113,0,0,0,0,0,0,0,0,0,1,23.903500000000008,-26.575749999999992,149.55525,-76.11375,49.538000000000004,100.01725,2.77225,0,0,0,0,0,0,0,0,0,1
2.8539886474609375,35.886692107153294,-105.89026728442916,-20.56039635722226,35.886692107153294,-105.89026728442916,-20.56039635722226,5.416535048038211e-17,0.768634617042169,-0.4374923479672253,-0.46669183724869506,23.17150000000001,-26.770249999999997,150.09275,-76.84575,50.0755,100.01725,2.77225,41.86456188264532,-145.77921406486183,-10.71540282268576,41.86456188264532,-145.77921406486183,-10.71540282268576,-1.1405111396311718e-17,-0.6483305548521076,0.7605026446904309,-0.036100125540203226
2.9170291423797607,0,0,0,0,0,0,0,0,0,1,22.332250000000002,-27.325000000000003,150.37725,-77.685,50.36,100.01725,2.77225,0,0,0,0,0,0,0,0,0,1
2.996924877166748,35.65795838420985,-105.95853909029967,-20.930152823712874,35.65795838420985,-105.95853909029967,-20.930152823712874,3.642663424412656e-17,0.7619582811196517,-0.44109196941538786,-0.4741913668029403,22.332250000000002,-26.930750000000003,150.7715,-77.685,50.75425,100.01725,2.77225,41.855876910305454,-145.77902562707777,-10.726562381219026,41.855876910305454,-145.77902562707777,-10.726562381219026,4.561400467946693e-18,-0.6482156558882317,0.7606100311370774,-0.03590047346544974
3.0511608123779297,0,0,0,0,0,0,0,0,0,1,21.493499999999997,-28.044750000000008,150.49625,-78.52375,50.479,100.01725,2.77225,0,0,0,0,0,0,0,0,0,1
3.1155917644500732,35.44507356050423,-105.90959032844717,-21.041436562637003,35.44507356050423,-105.90959032844717,-21.041436562637003,-1.8256027735260478e-17,0.7601756531630538,-0.4403914069869453,-0.47769067919542174,21.213499999999996,-27.677250000000008,151.14375,-78.80375000000001,51.1265,100.01725,2.77225,41.84481760168467,-145.7810767389727,-10.71799006339802,41.84481760168467,-145.7810767389727,-10.71799006339802,2.280083817111628e-18,-0.6479798125937118,0.7608156607919465,-0.035800736930010096
3.1723053455352783,0,0,0,0,0,0,0,0,0,1,20.114000000000004,-28.860749999999996,151.05975,-79.90325,51.042500000000004,100.01725,2.77225,0,0,0,0,0,0,0,0,0,1
3.232351303100586,35.3794738173639,-105.93962943352497,-21.214913725013062,35.3794738173639,-105.93962943352497,-21.214913725013062,1.8297113995031868e-17,0.7584686749824386,-0.4416967444578427,-0.47919646806474586,19.006749999999997,-29.258250000000004,151.7695,-81.01050000000001,51.752250000000004,100.01725,2.77225,41.82851136473869,-145.79059323065732,-10.741304072548743,41.82851136473869,-145.79059323065732,-10.741304072548743,6.8385415415999774e-18,-0.6477674334126117,0.761005895229647,-0.0356002757820965
3.296995162963867,0,0,0,0,0,0,0,0,0,1,19.003,-28.196250000000006,152.83525,-81.01425,52.818,100.01725,2.77225,0,0,0,0,0,0,0,0,0,1
3.370227098464966,35.23851471900181,-105.9468808403195,-21.293513659417883,35.23851471900181,-105.9468808403195,-21.293513659417883,3.669886519964228e-17,0.7563061000561799,-0.4427951805117764,-0.4815947582079303,19.003,-28.784000000000006,152.2475,-81.01425,52.23025,100.01725,2.77225,41.843008717374204,-145.79619593633612,-10.770603158808186,41.843008717374204,-145.79619593633612,-10.770603158808186,-4.5584343431028225e-18,-0.6476565336847778,0.7611049520112295,-0.03550023097674241
3.4169695377349854,0,0,0,0,0,0,0,0,0,1,17.886499999999998,-28.544500000000006,153.6035,-82.13075,53.58625,100.01725,2.77225,0,0,0,0,0,0,0,0,0,1
3.486708164215088,35.11268562145304,-105.98848052859319,-21.617452703291264,35.11268562145304,-105.98848052859319,-21.617452703291264,-1.8468653652309715e-17,0.7514239028505948,-0.4451949270978744,-0.486994450801134,12.277749999999997,-29.537000000000006,158.21975,-87.7395,58.2025,100.01725,2.77225,41.85288085785456,-145.79526459928067,-10.769309538452049,41.85288085785456,-145.79526459928067,-10.769309538452049,-1.1394490390926748e-17,-0.6475312576903219,0.7612115226136571,-0.03550053737885553
3.5700204372406006,0,0,0,0,0,0,0,0,0,1,7.660750000000007,-32.817499999999995,159.55625,-92.3565,59.539,100.01725,2.77225,0,0,0,0,0,0,0,0,0,1
3.621821403503418,34.0676670078619,-106.3834354143766,-22.325228610937117,34.0676670078619,-106.3834354143766,-22.325228610937117,-3.833291600043041e-17,0.7240663771917919,-0.4625973557726262,-0.5115970756880146,6.795249999999996,-33.90500000000001,159.33425,-93.22200000000001,59.317,100.01725,2.77225,41.83194940875342,-145.79824704823108,-10.76203084098718,41.83194940875342,-145.79824704823108,-10.76203084098718,9.113231037731513e-18,-0.6472993340920076,0.7614087555970132,-0.03550040822654844
3.6697189807891846,0,0,0,0,0,0,0,0,0,1,6.795249999999996,-34.416250000000005,158.823,-93.22200000000001,58.80575,100.01725,2.77225,0,0,0,0,0,0,0,0,0,1
3.739128351211548,33.56814950838739,-106.12125805557564,-22.95359578087111,33.56814950838739,-106.12125805557564,-22.95359578087111,1.939243812463941e-17,0.7156288300944369,-0.4668997691403313,-0.5194997431321529,6.795249999999996,-34.48675000000001,158.7525,-93.22200000000001,58.73525,100.01725,2.77225,41.81445600366703,-145.80888331475518,-10.77547891196076,41.81445600366703,-145.80888331475518,-10.77547891196076,0.0,-0.6469467382587508,0.7617130135659879,-0.03540060480535114
3.8252949714660645,33.5341073596781,-106.20450338590638,-22.865781504757393,33.5341073596781,-106.20450338590638,-22.865781504757393,-5.818212965550029e-17,0.7155696030715427,-0.4660994474936567,-0.5202993832459759,6.795249999999996,-34.051750000000006,159.1875,-93.22200000000001,59.17025,100.01725,2.77225,41.82207726827312,-145.7991783852865,-10.763324461343316,41.82207726827312,-145.7991783852865,-10.763324461343316,2.2765098394375755e-18,-0.6466131567752827,0.7620100936639835,-0.035100464944364605
3.911471366882324,0,0,0,0,0,0,0,0,0,1,6.795249999999996,-34.55975000000001,158.67950000000002,-93.22200000000001,58.66225,100.01725,2.77225,0,0,0,0,0,0,0,0,0,1
3.9856064319610596,33.51161394707992,-106.20057874803562,-22.928857994888602,33.51161394707992,-106.20057874803562,-22.928857994888602,1.939029599546633e-17,0.7157078886809796,-0.4659991296861498,-0.5201990284608051,6.795249999999996,-33.95900000000001,159.28025,-93.22200000000001,59.263,100.01725,2.77225,41.80695819946763,-145.8075751021316,-10.796504408671169,41.80695819946763,-145.8075751021316,-10.796504408671169,2.2756215580209568e-18,-0.6462840690281085,0.7623075418064887,-0.03470034330406028
4.046432018280029,0,0,0,0,0,0,0,0,0,1,6.795249999999996,-34.27750000000001,158.96175,-93.22200000000001,58.9445,100.01725,2.77225,0,0,0,0,0,0,0,0,0,1
4.110228776931763,33.514111743767586,-106.18732605626433,-22.957460917335823,33.514111743767586,-106.18732605626433,-22.957460917335823,-5.815502597101768e-17,0.7159031008634041,-0.46569914985440763,-0.5201990503634588,6.795249999999996,-34.55975000000001,158.67950000000002,-93.22200000000001,58.66225,100.01725,2.77225,41.789341333974534,-145.829224510748,-10.801081433551772,41.789341333974534,-145.829224510748,-10.801081433551772,1.5927103854521455e-17,-0.6461678823350075,0.7624150908258458,-0.034500682887580895
4.193993806838989,0,0,0,0,0,0,0,0,0,1,6.795249999999996,-33.95900000000001,159.28025,-93.22200000000001,59.263,100.01725,2.77225,0,0,0,0,0,0,0,0,0,1
4.245269536972046,33.52504759198169,-106.19628808646166,-22.95716218906388,33.52504759198169,-106.19628808646166,-22.95716218906388,-1.9379939268966847e-17,0.7160903661879375,-0.46529923954413244,-0.5202991496557319,6.795249999999996,-34.53900000000001,158.70025,-93.22200000000001,58.683,100.01725,2.77225,41.77484398133902,-145.82362180506922,-10.771782347292344,41.77484398133902,-145.82362180506922,-10.771782347292344,-6.82501160561622e-18,-0.6460612018813294,0.7625145169933442,-0.034300653026717
4.2865540981292725,0,0,0,0,0,0,0,0,0,1,6.795249999999996,-34.51675000000001,158.7225,-93.22200000000001,58.70525,100.01725,2.77225,0,0,0,0,0,0,0,0,0,1
4.349094867706299,33.50886481544245,-106.194791436054,-22.989347244307552,33.50886481544245,-106.194791436054,-22.989347244307552,-3.875282652387687e-17,0.7162206761493334,-0.4650989700886292,-0.5202988478544693,6.795249999999996,-34.02225000000001,159.217,-93.22200000000001,59.19975,100.01725,2.77225,41.78471612181934,-145.82269046801377,-10.770488726936208,41.78471612181934,-145.82269046801377,-10.770488726936208,-2.2747085755455712e-18,-0.645949659828622,0.762613503385042,-0.03420060558060378
4.416592597961426,0,0,0,0,0,0,0,0,0,1,6.795249999999996,-35.035000000000004,158.20425,-93.22200000000001,58.187000000000005,100.01725,2.77225,0,0,0,0,0,0,0,0,0,1
4.484644889831543,33.4941161278571,-106.17014872662229,-23.049140329914266,33.4941161278571,-106.17014872662229,-23.049140329914266,-3.8745427240763073e-17,0.7163574540850072,-0.4649995023540048,-0.5201994432786093,7.905000000000001,-34.630500000000005,157.499,-92.11225,57.48175,100.01725,2.77225,41.78696699769358,-145.831464060427,-10.781349557197515,41.78696699769358,-145.831464060427,-10.781349557197515,-6.8232401461584065e-18,-0.645838076895548,0.7627124821131281,-0.034100558070090034
4.539684772491455,0,0,0,0,0,0,0,0,0,1,7.905000000000001,-35.34225,156.78725,-92.11225,56.77,100.01725,2.77225,0,0,0,0,0,0,0,0,0,1
4.6050004959106445,33.49780109268522,-106.15577626001149,-23.08760919053863,33.49780109268522,-106.15577626001149,-23.08760919053863,7.7469669114944e-17,0.7165533539183487,-0.4646986442509172,-0.5201984823312399,7.905000000000001,-35.4765,156.65300000000002,-92.11225,56.63575,100.01725,2.77225,41.77828202535372,-145.83127562264295,-10.79250911573078,41.77828202535372,-145.83127562264295,-10.79250911573078,6.822428031022647e-18,-0.6457361362531426,0.7628032724224051,-0.034000145860463765
4.689022541046143,0,0,0,0,0,0,0,0,0,1,7.905000000000001,-35.839,156.2905,-92.11225,56.273250000000004,100.01725,2.77225,0,0,0,0,0,0,0,0,0,1
4.738168478012085,33.51586436387859,-106.1990859291092,-23.039671827277388,33.51586436387859,-106.1990859291092,-23.039671827277388,1.9366067906338952e-17,0.716603281313082,-0.46439819446044533,-0.5203979767381907,7.905000000000001,-35.24975,156.87975,-92.11225,56.862500000000004,100.01725,2.77225,41.77197138929483,-145.82884763517984,-10.823400550618324,41.77197138929483,-145.82884763517984,-10.823400550618324,0.0,-0.6457503411439479,0.7628045577609293,-0.03370020135886643
4.833582162857056,33.5258599647656,-106.18714144996149,-23.047249253014215,33.5258599647656,-106.18714144996149,-23.047249253014215,-1.936103369601183e-17,0.7167896108084939,-0.4639982840734819,-0.5204980751298434,7.905000000000001,-35.84125,156.28825,-92.11225,56.271,100.01725,2.77225,41.77959265390089,-145.81914270571116,-10.811246100000872,41.77959265390089,-145.81914270571116,-10.811246100000872,-2.274404495661508e-18,-0.6458711315716205,0.7627154621290286,-0.033400677114343184
4.916813611984253,0,0,0,0,0,0,0,0,0,1,7.905000000000001,-35.20575,156.92375,-92.11225,56.9065,100.01725,2.77225,0,0,0,0,0,0,0,0,0,1
4.981162786483765,33.53323430855829,-106.19946280467735,-23.017352710210858,33.53323430855829,-106.19946280467735,-23.017352710210858,0.0,0.7167159993112109,-0.46399895827577603,-0.5205988312033815,7.905000000000001,-35.200500000000005,156.929,-92.11225,56.91175,100.01725,2.77225,41.780532901227986,-145.8400492150562,-10.803369945992088,41.780532901227986,-145.8400492150562,-10.803369945992088,-4.548270097267006e-18,-0.6457644205667287,0.7628058311748808,-0.033400255324122975
5.045276641845703,0,0,0,0,0,0,0,0,0,1,7.905000000000001,-35.015,157.11450000000002,-92.11225,57.09725,100.01725,2.77225,0,0,0,0,0,0,0,0,0,1
5.122332572937012,33.56248034877916,-106.22970821978784,-22.986858710863558,33.56248034877916,-106.22970821978784,-22.986858710863558,0.0,0.7166437017341831,-0.46399871927615505,-0.5206985627739094,7.905000000000001,-35.044000000000004,157.0855,-92.11225,57.06825,100.01725,2.77225,41.77946919349421,-145.83015584780344,-10.802375053907909,41.77946919349421,-145.83015584780344,-10.802375053907909,0.0,-0.6457597413673966,0.7628054080276385,-0.033500237505146684
5.165791034698486,0,0,0,0,0,0,0,0,0,1,7.829750000000004,-35.143499999999996,157.06125,-92.1875,57.044000000000004,100.01725,2.77225,0,0,0,0,0,0,0,0,0,1
5.238730430603027,33.552608208298864,-106.23063955684327,-22.988152331219695,33.552608208298864,-106.23063955684327,-22.988152331219695,0.0,0.7166437017341831,-0.46399871927615505,-0.5206985627739094,6.795249999999996,-34.54775000000001,158.69150000000002,-93.22200000000001,58.67425,100.01725,2.77225,41.76865680568682,-145.81018067551383,-10.811544828272837,41.76865680568682,-145.81018067551383,-10.811544828272837,-4.5488576797990245e-18,-0.6458807905133535,0.7627072984413309,-0.033400319611826976
5.324152231216431,0,0,0,0,0,0,0,0,0,1,6.795249999999996,-33.96450000000001,159.27475,-93.22200000000001,59.2575,100.01725,2.77225,0,0,0,0,0,0,0,0,0,1
5.417090177536011,33.52061745057691,-106.23567311768862,-22.972301315933834,33.52061745057691,-106.23567311768862,-22.972301315933834,9.683356718458397e-17,0.7165793955189443,-0.46409841167637994,-0.5206982179700306,6.795249999999996,-33.96125000000001,159.27800000000002,-93.22200000000001,59.26075,100.01725,2.77225,41.74247842826051,-145.8206285042539,-10.83615245777969,41.74247842826051,-145.8206285042539,-10.83615245777969,0.0,-0.6457597413673966,0.7628054080276385,-0.033500237505146684
5.474640846252441,33.47838417115457,-106.2746774418662,-22.93113078272522,33.47838417115457,-106.2746774418662,-22.93113078272522,-7.749583748795125e-17,0.7163113920781679,-0.46439904124003,-0.5207989248014807,6.795249999999996,-33.919000000000004,159.32025000000002,-93.22200000000001,59.303000000000004,100.01725,2.77225,41.75747403665932,-145.82324492950107,-10.794101464358882,41.75747403665932,-145.82324492950107,-10.794101464358882,-2.2741131924974066e-18,-0.6457453680358698,0.7628131623790252,-0.033600579779673886
5.54860782623291,0,0,0,0,0,0,0,0,0,1,6.795249999999996,-33.73350000000001,159.50575,-93.22200000000001,59.4885,100.01725,2.77225,0,0,0,0,0,0,0,0,0,1
5.625982999801636,33.47088636695514,-106.27336922924263,-22.952156279435627,33.47088636695514,-106.27336922924263,-22.952156279435627,0.0,0.7163193533142236,-0.4644989716010291,-0.5206988471747167,6.476250000000007,-33.22275,160.3355,-93.541,60.31825,100.01725,2.77225,41.782465245945076,-145.8139168756005,-10.7596278966749,41.782465245945076,-145.8139168756005,-10.7596278966749,-2.2738220153410772e-18,-0.6456195238011792,0.7629108453840859,-0.03380048050069747
5.665923357009888,0,0,0,0,0,0,0,0,0,1,5.685500000000005,-33.802499999999995,160.5465,-94.33175,60.529250000000005,100.01725,2.77225,0,0,0,0,0,0,0,0,0,1
5.7513158321380615,33.37592595146015,-106.36630863717713,-22.933587866961815,33.37592595146015,-106.36630863717713,-22.933587866961815,5.832756409918636e-17,0.7137853957460937,-0.46659883891299136,-0.5222987003091628,5.685500000000005,-33.338,161.011,-94.33175,60.99375,100.01725,2.77225,41.7749674417457,-145.81260866297694,-10.780653393385307,41.7749674417457,-145.81260866297694,-10.780653393385307,2.2735283988000226e-18,-0.6455030829133934,0.7630093720810356,-0.033800415172134994
5.818652153015137,0,0,0,0,0,0,0,0,0,1,5.685500000000005,-33.919,160.43,-94.33175,60.41275,100.01725,2.77225,0,0,0,0,0,0,0,0,0,1
5.913103103637695,33.204457620256505,-106.24643589970975,-23.10278933919632,33.204457620256505,-106.24643589970975,-23.10278933919632,-5.868296527850622e-17,0.7094625028891034,-0.46969986145060666,-0.5253998450205423,5.685500000000005,-33.66025,160.68875,-94.33175,60.6715,100.01725,2.77225,41.7498527720532,-145.83294985896976,-10.806255914976319,41.7498527720532,-145.83294985896976,-10.806255914976319,0.0,-0.6453818810929363,0.7631074597253682,-0.03390033139128552
5.976402521133423,33.1579176598361,-106.31381211302204,-23.085628978950623,33.1579176598361,-106.31381211302204,-23.085628978950623,-3.9141866646812433e-17,0.709101992147562,-0.4688998088901055,-0.5265997853732771,5.955750000000009,-33.998999999999995,160.07975,-94.0615,60.0625,100.01725,2.77225,41.73879346343239,-145.8350009708647,-10.797683597155327,41.73879346343239,-145.8350009708647,-10.797683597155327,-2.272942752910109e-18,-0.6452653880907154,0.7632059688946387,-0.03390026512778859
6.042277574539185,0,0,0,0,0,0,0,0,0,1,7.139250000000004,-33.668,159.22725,-92.878,59.21,100.01725,2.77225,0,0,0,0,0,0,0,0,0,1
6.100176811218262,33.20002747885175,-106.28582093093672,-23.11792846606629,33.20002747885175,-106.28582093093672,-23.11792846606629,-7.827551179060631e-17,0.709176471177281,-0.46889965697177144,-0.5264996148339468,10.4285,-34.19975,155.40625,-89.58875,55.389,100.01725,2.77225,41.73748283488521,-145.8471338877965,-10.778946612885221,41.73748283488521,-145.8471338877965,-10.778946612885221,-2.272916931003267e-18,-0.6452603585480237,0.763214639441794,-0.03380064834005849
6.160885334014893,0,0,0,0,0,0,0,0,0,1,16.161,-31.8455,152.02800000000002,-83.85625,52.01075,100.01725,2.77225,0,0,0,0,0,0,0,0,0,1
6.226724863052368,33.532461456335824,-106.45836458957588,-23.056966703644903,33.532461456335824,-106.45836458957588,-23.056966703644903,-3.900275059551683e-17,0.7116312360497795,-0.4645994464685632,-0.5269993721242634,19.941500000000005,-28.363499999999995,151.7295,-80.07575,51.712250000000004,100.01725,2.77225,41.760788620267334,-145.84191188916708,-10.805957186704354,41.760788620267334,-145.84191188916708,-10.805957186704354,0.0,-0.6452935851996087,0.763208539055014,-0.033300372576692806
6.2985451221466064,0,0,0,0,0,0,0,0,0,1,20.974249999999998,-28.292250000000003,150.768,-79.043,50.750750000000004,100.01725,2.77225,0,0,0,0,0,0,0,0,0,1
6.360081911087036,33.70659406642392,-106.40389355915904,-23.11091798675517,33.70659406642392,-106.40389355915904,-23.11091798675517,-5.765508128709606e-17,0.7221109136266445,-0.4566984627837759,-0.5195982510673309,21.43625,-28.2635,149.96375,-78.3955,50.132,99.83175,2.77225,41.77852894616714,-145.80924933845841,-10.810251207916707,41.77852894616714,-145.80924933845841,-10.810251207916707,4.547058493432075e-18,-0.6456001069768494,0.7630090875155885,-0.0319003799367592
6.414635181427002,0,0,0,0,0,0,0,0,0,1,23.65925,-27.825999999999993,147.54625,-75.8565,48.0305,99.51575,2.77225,0,0,0,0,0,0,0,0,0,1
6.49141788482666,33.95913834838407,-106.32909218461432,-23.082175335251932,33.95913834838407,-106.32909218461432,-23.082175335251932,3.8018773293990084e-17,0.7300492154494749,-0.44979896611417697,-0.514498817398275,24.0355,-27.806750000000008,145.64875,-74.71000000000001,46.90325,98.7455,2.77225,41.777465238433365,-145.79935597120564,-10.809256315832528,41.777465238433365,-145.79935597120564,-10.809256315832528,-2.2735441455002267e-18,-0.645645058989223,0.7630040874333373,-0.031100166604425675
6.532902240753174,0,0,0,0,0,0,0,0,0,1,21.401750000000007,-27.22175,142.0815,-73.95075,46.729,95.3525,2.77225,0,0,0,0,0,0,0,0,0,1
6.605591058731079,34.218734028843386,-106.19063994497907,-23.075767525418925,34.218734028843386,-106.19063994497907,-23.075767525418925,-1.86714869392525e-17,0.7432609868172632,-0.43659801753169586,-0.5068976983206976,15.58775,-29.981500000000004,131.01225,-72.703,42.7215,88.29075,2.77225,41.74784881699236,-145.80214998237196,-10.81313717690093,41.74784881699236,-145.80214998237196,-10.81313717690093,2.2732402020493217e-18,-0.6455672065293797,0.7631061048511097,-0.030200241602022684
6.686272144317627,0,0,0,0,0,0,0,0,0,1,13.348500000000001,-31.496500000000005,119.13650000000001,-68.64225,37.14575,81.99075,2.77225,0,0,0,0,0,0,0,0,0,1
6.729853630065918,34.87365752674617,-106.15866845594167,-21.989879393158745,34.87365752674617,-106.15866845594167,-21.989879393158745,-3.68482112279481e-17,0.7532407867488902,-0.43199416719072026,-0.49599330307082695,13.76550000000001,-27.351749999999996,111.51425,-62.55025,35.1985,76.31575000000001,2.77225,41.75903158601989,-145.78908572838475,-10.830580540814893,41.75903158601989,-145.78908572838475,-10.830580540814893,-6.8196935775333906e-18,-0.6456005546179168,0.7631091292833004,-0.029400351724451622
6.81957221031189,0,0,0,0,0,0,0,0,0,1,17.408,-23.473750000000003,106.24275,-56.154250000000005,32.6805,73.56225,2.77225,0,0,0,0,0,0,0,0,0,1
6.909160852432251,36.0771976508197,-105.64092920616477,-18.715121808392254,36.0771976508197,-105.64092920616477,-18.715121808392254,3.667228291947197e-17,0.7568543162850512,-0.5105971216840887,-0.4079977000530907,14.502500000000005,-28.166249999999998,92.26125,-52.9625,24.79625,67.465,2.77225,41.761334311957114,-145.72991396265226,-10.813451629776587,41.761334311957114,-145.72991396265226,-10.813451629776587,2.2750073755217235e-18,-0.6463488343934373,0.7625133415574031,-0.02840049691833475
6.981344699859619,36.7923872137161,-105.56548193256282,-16.187887826737608,36.7923872137161,-105.56548193256282,-16.187887826737608,0.0,0.7557254050245005,-0.5543985730252979,-0.348599102735604,13.509750000000004,-23.553749999999997,83.6665,-46.85525,23.3015,60.365,2.77225,41.741817191529094,-145.5848727783794,-10.768930433982582,41.741817191529094,-145.5848727783794,-10.768930433982582,-4.5571842506212506e-18,-0.6477569924455094,0.7613137325928063,-0.028500514092860862
7.066174507141113,0,0,0,0,0,0,0,0,0,1,13.564999999999998,-21.434500000000003,73.5305,-40.7,19.2655,54.265,2.77225,0,0,0,0,0,0,0,0,0,1
7.112160682678223,37.955440573939825,-105.33651105549916,-10.386398430149072,37.955440573939825,-105.33651105549916,-10.386398430149072,1.8343734758871336e-17,0.7565410201487417,-0.6123910964486564,-0.22939666480294213,12.402250000000002,-18.952749999999998,67.371,-36.96075,18.008,49.363,2.77225,41.81004260590018,-145.57163412737552,-10.52609297609461,41.81004260590018,-145.57163412737552,-10.52609297609461,-1.3709353396065688e-17,-0.6493715978041549,0.75921457089638,-0.04370083870939387
7.162437915802002,0,0,0,0,0,0,0,0,0,1,12.4585,-18.193,66.61500000000001,-36.17475,17.98175,48.633250000000004,2.77225,0,0,0,0,0,0,0,0,0,1
7.236396551132202,38.67786567407788,-105.2005869924436,-7.648712066853797,38.67786567407788,-105.2005869924436,-7.648712066853797,0.0,0.7612296547629674,-0.6266907849370297,-0.16669754882559895,13.629500000000004,-16.45225,58.83025000000001,-30.8265,14.37425,44.456,2.77225,41.83083966258678,-145.5369198221931,-10.245981570670125,41.83083966258678,-145.5369198221931,-10.245981570670125,0.0,-0.6526593857164599,0.7554127164624181,-0.058200979743331674
7.2960779666900635,0,0,0,0,0,0,0,0,0,1,12.686249999999998,-17.313000000000002,47.56525,-26.096,8.783,38.78225,2.77225,0,0,0,0,0,0,0,0,0,1
7.352825880050659,38.89179234150157,-105.17393912490033,-6.981385106421058,38.89179234150157,-105.17393912490033,-6.981385106421058,-3.643601687156548e-17,0.7617620694782706,-0.6303955163282473,-0.14939893740393423,8.96725,-21.23025,36.5615,-24.41225,3.182,33.3795,2.77225,41.97931191129254,-145.6147879142839,-10.318040932299198,41.97931191129254,-145.6147879142839,-10.318040932299198,-1.3791222496650615e-17,-0.6530964887140478,0.7547076307694008,-0.06230062991511017
7.415607452392578,0,0,0,0,0,0,0,0,0,1,8.651500000000002,-22.07025,30.95775,-22.18825,0.11800000000000001,30.839750000000002,2.77225,0,0,0,0,0,0,0,0,0,1
7.477630615234375,39.065171153406595,-105.1821895262635,-6.21140347127659,39.065171153406595,-105.1821895262635,-6.21140347127659,1.8183814723351122e-17,0.763194523203814,-0.6337854810251768,-0.12589711590575858,12.543499999999998,-17.241500000000002,28.584,-16.641000000000002,-0.6005,29.1845,2.77225,41.875646763176945,-145.58266131023515,-10.24578154966646,41.875646763176945,-145.58266131023515,-10.24578154966646,2.7600616149865726e-17,-0.6534370042064878,0.7542107610457439,-0.06470092314990672
7.54145622253418,0,0,0,0,0,0,0,0,0,1,13.65725,-10.74175,23.197499999999998,-10.141,-0.60075,23.79825,2.77225,0,0,0,0,0,0,0,0,0,1
7.6167073249816895,39.07160524987219,-105.17360437163433,-6.18938308248201,39.07160524987219,-105.17360437163433,-6.18938308248201,0.0,0.7634332042077356,-0.6344900019638198,-0.1207980965125759,13.16975,-3.82925,15.797500000000001,-3.2285,-0.60075,16.39825,2.77225,41.90014413083591,-145.6173858247037,-10.175823797610633,41.90014413083591,-145.6173858247037,-10.175823797610633,-4.6062281265104635e-18,-0.6541006501108693,0.7532077996714331,-0.0695007196988378
7.663157224655151,0,0,0,0,0,0,0,0,0,1,11.245,-1.054,11.0975,-0.45325,-0.60075,11.69825,2.77225,0,0,0,0,0,0,0,0,0,1
7.728654623031616,39.07509955808635,-105.1543791189998,-6.075285845568743,39.07509955808635,-105.1543791189998,-6.075285845568743,0.0,0.7634838996129255,-0.6344861837597178,-0.12049737611197164,5.29825,-0.60075,4.697500000000001,0.0,-0.60075,5.29825,2.77225,41.91751407551564,-145.61776270027184,-10.153504680544096,41.91751407551564,-145.61776270027184,-10.153504680544096,0.0,-0.6545138789991193,0.7527087517572116,-0.0710008255277827
7.808913230895996,0,0,0,0,0,0,0,0,0,1,0.7505000000000001,-0.60075,0.14975000000000005,0.0,-0.60075,0.7505000000000001,2.77225,0,0,0,0,0,0,0,0,0,1
7.853372573852539,39.121273551423116,-105.16110861990178,-5.958998803483446,39.121273551423116,-105.16110861990178,-5.958998803483446,2.7265535824216634e-17,0.7634796486644791,-0.6348864956962874,-0.11839748163559684,0.34650000000000003,-0.39575,-0.04924999999999996,0.0,-0.39575,0.34650000000000003,2.77225,41.93201142815116,-145.62336540595064,-10.182803766803545,41.93201142815116,-145.62336540595064,-10.182803766803545,-4.6104888468236296e-18,-0.6546531073653928,0.7525117329681579,-0.07180111950447007
7.9164879322052,0,0,0,0,0,0,0,0,0,1,0.0195,-0.4935,-0.474,0.0,-0.4935,0.0195,2.77225,0,0,0,0,0,0,0,0,0,1
7.986152172088623,39.137456327962354,-105.16260527030944,-5.9268137482397805,39.137456327962354,-105.16260527030944,-5.9268137482397805,0.0,0.7633287338812026,-0.6352903442997582,-0.117198218718608,0.46575,-0.04225,0.4235,0.0,-0.04225,0.46575,2.77225,41.948317665097136,-145.61384891426601,-10.159489757652828,41.948317665097136,-145.61384891426601,-10.159489757652828,0.0,-0.6548300121600632,0.7523099276302423,-0.07230095409765587
8.062532186508179,0,0,0,0,0,0,0,0,0,1,0.39025,-0.49925,-0.10900000000000004,0.0,-0.49925,0.39025,2.77225,0,0,0,0,0,0,0,0,0,1
8.112258434295654,39.124022683060616,-105.16689593188342,-5.898509554064503,39.124022683060616,-105.16689593188342,-5.898509554064503,9.091654028600907e-18,0.7632157891268809,-0.6355913295830804,-0.11629841351559507,0.00075,-0.1855,-0.18475,0.0,-0.1855,0.00075,2.77225,41.94144157706768,-145.59854127911854,-10.118036220775934,41.94144157706768,-145.59854127911854,-10.118036220775934,-4.612351407541459e-18,-0.6549030040665361,0.7522078535214964,-0.07270075904149534
8.196233987808228,0,0,0,0,0,0,0,0,0,1,0.43425,-0.5375,-0.10324999999999995,0.0,-0.5375,0.43425,2.77225,0,0,0,0,0,0,0,0,0,1
8.249398946762085,39.12795898283858,-105.17156346902553,-5.847886242822703,39.12795898283858,-105.17156346902553,-5.847886242822703,2.7280201272704474e-17,0.763069212856214,-0.6358948291347435,-0.11559905999052739,0.545,-0.40650000000000003,0.1385,0.0,-0.40650000000000003,0.545,2.77225,41.95549693813936,-145.58025119502068,-10.083861381363917,41.95549693813936,-145.58025119502068,-10.083861381363917,9.227169236236508e-18,-0.6550893707242142,0.7520067884587105,-0.07310065988873901
8.324437379837036,0,0,0,0,0,0,0,0,0,1,0.1945,-0.39575,-0.20124999999999998,0.0,-0.39575,0.1945,2.77225,0,0,0,0,0,0,0,0,0,1
8.421864032745361,39.13308245075697,-105.17511123132813,-5.807128869758031,39.13308245075697,-105.17511123132813,-5.807128869758031,0.0,0.7629464256245156,-0.6360965385160171,-0.11529937256861622,0.3305,-0.46875,-0.13824999999999998,0.0,-0.46875,0.3305,2.77225,41.95787127442031,-145.57801164534166,-10.103593257718188,41.95787127442031,-145.57801164534166,-10.103593257718188,1.8454376715679125e-17,-0.655068827846576,0.7520052300668421,-0.07330050979241956
8.497875452041626,39.13414615849075,-105.18500459858089,-5.808123761842211,39.13414615849075,-105.18500459858089,-5.808123761842211,-2.7288169518172525e-17,0.7628463938505968,-0.6362891022181629,-0.11489803213086112,0.52125,-0.386,0.13524999999999998,0.0,-0.386,0.52125,2.77225,41.943692452941946,-145.6073148715318,-10.12889705103725,41.943692452941946,-145.6073148715318,-10.12889705103725,0.0,-0.6550482296988371,0.7520036662758963,-0.07350035833946596
8.544164896011353,0,0,0,0,0,0,0,0,0,1,0.49925,-0.5745,-0.07524999999999998,0.0,-0.5745,0.49925,2.77225,0,0,0,0,0,0,0,0,0,1
8.608668088912964,39.1157125060773,-105.17473435576,-5.829447986824562,39.1157125060773,-105.17473435576,-5.829447986824562,-9.097334786861284e-18,0.7627392051052846,-0.636489655175199,-0.11449813906922275,0.03425,0.0,0.03425,0.0,0.0,0.03425,2.77225,41.941318116660995,-145.60955442121082,-10.109165174682978,41.941318116660995,-145.60955442121082,-10.109165174682978,-4.6141778828559394e-18,-0.655133090327035,0.7519100997047394,-0.07370098995642946
8.67485499382019,0,0,0,0,0,0,0,0,0,1,0.60075,-0.60075,0.0,0.0,-0.60075,0.60075,2.77225,0,0,0,0,0,0,0,0,0,1
8.743448257446289,39.1047766578632,-105.16577232556267,-5.829746715096519,39.1047766578632,-105.16577232556267,-5.829746715096519,0.0,0.7626317216750916,-0.6366902282157773,-0.11409824884469946,0.0,0.0,0.0,0.0,0.0,0.0,2.77225,41.93906724078673,-145.60078082879755,-10.09830434442167,41.93906724078673,-145.60078082879755,-10.09830434442167,-9.228451011839991e-18,-0.6551308253067724,0.7519023392988392,-0.0738002296053389
8.792109489440918,0,0,0,0,0,0,0,0,0,1,0.508,-0.3645,0.14350000000000002,0.0,-0.3645,0.508,2.77225,0,0,0,0,0,0,0,0,0,1
8.869593381881714,39.09359388883567,-105.1788365795499,-5.812303351182571,39.09359388883567,-105.1788365795499,-5.812303351182571,1.8202316512962725e-17,0.76241877224426,-0.6369986123625655,-0.11379975209868129,0.0,-0.0145,-0.0145,0.0,-0.0145,0.0,2.77225,41.97199824583575,-145.61665377729724,-10.106279205698755,41.97199824583575,-145.61665377729724,-10.106279205698755,4.6141875082852724e-18,-0.6551123772355943,0.7519085311821089,-0.07390083848165695
8.921064853668213,0,0,0,0,0,0,0,0,0,1,0.5645,-0.46175,0.10275000000000001,0.0,-0.46175,0.5645,2.77225,0,0,0,0,0,0,0,0,0,1
8.985540866851807,39.06922439571986,-105.17416521092655,-5.784297885279258,39.06922439571986,-105.17416521092655,-5.784297885279258,-9.102367074984767e-18,0.7623175210080001,-0.6371913270179608,-0.11339845650319647,0.39575,-0.513,-0.11725000000000002,0.0,-0.513,0.39575,2.77225,41.97437258211667,-145.61441422761823,-10.126011082053026,41.97437258211667,-145.61441422761823,-10.126011082053026,9.229523842637896e-18,-0.6551971225651764,0.7518149389084863,-0.07410147243032567
9.07423186302185,0,0,0,0,0,0,0,0,0,1,0.40650000000000003,-0.2705,0.136,0.0,-0.2705,0.40650000000000003,2.77225,0,0,0,0,0,0,0,0,0,1
9.167171478271484,39.080283704340616,-105.1721140990316,-5.79287020310025,39.080283704340616,-105.1721140990316,-5.79287020310025,9.10347202536154e-18,0.7622249933405663,-0.6373907890124094,-0.1128983684962363,0.20525000000000002,-0.088,0.11725000000000002,0.0,-0.088,0.20525000000000002,2.77225,41.94881592086034,-145.6108626338344,-10.088139677972578,41.94881592086034,-145.6108626338344,-10.088139677972578,9.229619046231989e-18,-0.6551947900958911,0.7518071839313939,-0.07420070902861056
9.22783875465393,39.08241111980817,-105.19190083353712,-5.794859987268595,39.08241111980817,-105.19190083353712,-5.794859987268595,9.104958907218236e-18,0.7621005184774866,-0.6375926079545139,-0.11259869456662215,0.60075,-0.60075,0.0,0.0,-0.60075,0.60075,2.77225,41.9465650449861,-145.60208904142115,-10.07727884771127,41.9465650449861,-145.60208904142115,-10.07727884771127,-9.23085380892293e-18,-0.6552874956910225,0.7517066186445075,-0.07440065508467654
9.297096967697144,0,0,0,0,0,0,0,0,0,1,0.00525,-0.0455,-0.04025,0.0,-0.0455,0.00525,2.77225,0,0,0,0,0,0,0,0,0,1
9.366695642471313,39.08003678352722,-105.19414038321614,-5.775128110914338,39.08003678352722,-105.19414038321614,-5.775128110914338,-9.106448634499009e-18,0.7619758461734266,-0.6377944339393353,-0.1122990199614101,0.44425000000000003,-0.3185,0.12575000000000003,0.0,-0.3185,0.44425000000000003,2.77225,41.97630492683379,-145.58828188816256,-10.082269032735823,41.97630492683379,-145.58828188816256,-10.082269032735823,-9.23085380892293e-18,-0.6552874956910225,0.7517066186445075,-0.07440065508467654
9.418719053268433,0,0,0,0,0,0,0,0,0,1,0.60075,-0.60075,0.0,0.0,-0.60075,0.60075,2.77225,0,0,0,0,0,0,0,0,0,1
9.49541425704956,39.06029250256657,-105.196003057327,-5.777715351626604,39.06029250256657,-105.196003057327,-5.777715351626604,9.108128917998249e-18,0.7618352755411189,-0.6379974174521685,-0.1120995462325832,0.088,-0.00925,0.07875,0.0,-0.00925,0.088,2.77225,41.99080227946931,-145.59388459384135,-10.111568118995265,41.99080227946931,-145.59388459384135,-10.111568118995265,-9.23085380892293e-18,-0.6552874956910225,0.7517066186445075,-0.07440065508467654
9.5764901638031,39.03948451387214,-105.18797236418513,-5.779307700254705,39.03948451387214,-105.18797236418513,-5.779307700254705,-2.7322456759510795e-17,0.7618890898043242,-0.6379861423339984,-0.11179757165037779,0.54825,-0.5955,-0.047250000000000014,0.0,-0.5955,0.54825,2.77225,41.9808066785823,-145.60582907298905,-10.103990693258439,41.9808066785823,-145.60582907298905,-10.103990693258439,-4.615431749869289e-18,-0.6552770481538067,0.7517058294821215,-0.0745005777523188
9.624075651168823,0,0,0,0,0,0,0,0,0,1,-0.17900000000000002,0.10149999999999999,-0.13,0.02625,0.07525,-0.20525000000000002,2.77225,0,0,0,0,0,0,0,0,0,1
9.699857234954834,0,0,0,0,0,0,0,0,0,1,-0.4135,4.54275,-0.6632500000000001,2.39625,2.1465,-2.80975,2.77225,0,0,0,0,0,0,0,0,0,1
9.746538162231445,39.03485930171695,-105.18143832145091,-5.748714993639119,39.03485930171695,-105.18143832145091,-5.748714993639119,-9.108180268042546e-18,0.7618309804707538,-0.6380904101651149,-0.11159832279333458,0.7562500000000001,7.1675,-1.2832500000000002,4.6035,2.564,-3.8472500000000003,2.77225,41.95656064587314,-145.59014456227342,-10.084856273448096,41.95656064587314,-145.59014456227342,-10.084856273448096,2.3080198171916302e-17,-0.6553905786993584,0.7516068376256824,-0.07450067775826681
9.818204879760742,0,0,0,0,0,0,0,0,0,1,-0.5090000000000003,8.9295,-2.3295000000000003,5.375,3.5545,-5.884,2.77225,0,0,0,0,0,0,0,0,0,1
9.874423503875732,39.052105785989966,-105.19282833911133,-5.717524830479626,39.052105785989966,-105.19282833911133,-5.717524830479626,-9.109864908378141e-18,0.7616900989964938,-0.6382934191892831,-0.11139885147687,-2.319749999999999,14.954250000000002,-4.069,8.351750000000001,6.6025,-10.6715,2.77225,41.96012215029455,-145.5867852377549,-10.114454087979496,41.96012215029455,-145.5867852377549,-10.114454087979496,2.3080198171916302e-17,-0.6553905786993584,0.7516068376256824,-0.07450067775826681
9.92662787437439,0,0,0,0,0,0,0,0,0,1,-2.8657500000000002,24.666,-4.2517499999999995,13.026,11.64,-15.89175,2.77225,0,0,0,0,0,0,0,0,0,1
9.999946117401123,39.04116993777586,-105.183866308914,-5.71782355875159,39.04116993777586,-105.183866308914,-5.71782355875159,-9.109491827493033e-18,0.7617212941522381,-0.6382911353700588,-0.11119845566841698,0.791249999999998,36.2,-2.8122500000000024,19.90175,16.29825,-19.110500000000002,2.77225,41.951313717547976,-145.59760994206312,-10.116742600419798,41.951313717547976,-145.59760994206312,-10.116742600419798,4.6160018242055024e-18,-0.655372073436775,0.7516129941198125,-0.07460128973035925
10.06007981300354,0,0,0,0,0,0,0,0,0,1,1.0125000000000028,38.94525,-3.3377499999999998,21.647750000000002,17.2975,-20.63525,2.77225,0,0,0,0,0,0,0,0,0,1
10.118953466415405,39.02486370082991,-105.19338280059861,-5.7411375679023,39.02486370082991,-105.19338280059861,-5.7411375679023,0.0,0.7615957778972513,-0.6384930149805869,-0.11089878678362894,-1.221499999999999,44.61450000000001,-3.8369999999999997,23.615000000000002,20.9995,-24.8365,2.77225,41.968683662227704,-145.59798681763124,-10.094423483353268,41.968683662227704,-145.59798681763124,-10.094423483353268,1.3848147986133168e-17,-0.6553696409870098,0.7516052591496876,-0.07470052269622358
10.203833818435669,0,0,0,0,0,0,0,0,0,1,2.0332500000000024,51.902,-3.7007499999999993,28.818,23.084,-26.78475,2.77225,0,0,0,0,0,0,0,0,0,1
10.24524211883545,39.03342521276306,-105.20458438047496,-5.721106963276071,39.03342521276306,-105.20458438047496,-5.721106963276071,-9.111321326815754e-18,0.7615683450308351,-0.6385950175035181,-0.11049913785489936,2.7010000000000005,54.16775,-3.9332499999999975,30.401,23.766750000000002,-27.7,2.77225,41.991865987203084,-145.6037779610941,-10.11256301107943,41.991865987203084,-145.6037779610941,-10.11256301107943,1.3848147986133168e-17,-0.6553696409870098,0.7516052591496876,-0.07470052269622358
10.345453262329102,39.0434208136501,-105.19263990132725,-5.728684389012891,39.0434208136501,-105.19263990132725,-5.728684389012891,1.8223883219742722e-17,0.7615165022995783,-0.638691513964903,-0.11029853450810834,-1.2167500000000047,59.574749999999995,-5.932500000000001,32.14525,27.4295,-33.362,2.77225,41.97736863456757,-145.5981752554153,-10.083263924819995,41.97736863456757,-145.5981752554153,-10.083263924819995,1.3848147986133168e-17,-0.6553696409870098,0.7516052591496876,-0.07470052269622358
10.42312741279602,0,0,0,0,0,0,0,0,0,1,0.9467500000000015,67.85425000000001,-5.790000000000003,37.295500000000004,30.55875,-36.34875,2.77225,0,0,0,0,0,0,0,0,0,1
10.509515285491943,39.04866774197524,-105.18517452153759,-5.696798062041168,39.04866774197524,-105.18517452153759,-5.696798062041168,2.7334716045448395e-17,0.7615473918628085,-0.6386892575498473,-0.11009814820140625,3.5277499999999975,74.22200000000001,-7.822250000000004,42.786,31.436,-39.258250000000004,2.77225,41.97393059055284,-145.59052143784157,-10.062537156381552,41.97393059055284,-145.59052143784157,-10.062537156381552,-1.8466478603138145e-17,-0.6554646255978364,0.7515124082972755,-0.07480123505074679
10.548704385757446,0,0,0,0,0,0,0,0,0,1,3.588000000000001,74.73725,-8.277250000000002,43.30125,31.436,-39.71325,2.77225,0,0,0,0,0,0,0,0,0,1
10.620900392532349,39.028923461014585,-105.18703719564846,-5.699385302753441,39.028923461014585,-105.18703719564846,-5.699385302753441,9.112274246837236e-18,0.7614887036916868,-0.63879354128162,-0.10989888883351603,5.685500000000005,78.41300000000001,-9.8555,46.977000000000004,31.436,-41.2915,2.77225,42.00067441994963,-145.5929532567859,-10.110274498639129,42.00067441994963,-145.5929532567859,-10.110274498639129,-1.8466478603138145e-17,-0.6554646255978364,0.7515124082972755,-0.07480123505074679
10.682169437408447,0,0,0,0,0,0,0,0,0,1,4.321749999999994,79.82900000000001,-12.402250000000002,48.2765,31.552500000000002,-43.954750000000004,2.77225,0,0,0,0,0,0,0,0,0,1
10.739490032196045,39.012617224068634,-105.19655368733308,-5.722699311904165,39.012617224068634,-105.19655368733308,-5.722699311904165,9.111905974229626e-18,0.761519480505162,-0.638791295167992,-0.10969850513451583,4.557250000000003,83.84675,-12.802,50.603,33.24375,-46.04575,2.77225,41.98199384672276,-145.60470929814954,-10.113856631435567,41.98199384672276,-145.60470929814954,-10.113856631435567,0.0,-0.6554541199759165,0.7515116187626094,-0.07490115801107046
10.808964490890503,0,0,0,0,0,0,0,0,0,1,4.059000000000005,85.58125000000001,-14.095749999999995,51.868,33.71325,-47.809,2.77225,0,0,0,0,0,0,0,0,0,1
10.862969875335693,39.306344320126755,-105.1960534851704,-5.4136295093690805,39.306344320126755,-105.1960534851704,-5.4136295093690805,9.08357441581235e-18,0.7638946505274685,-0.6365928103660605,-0.10589880398643704,6.47775,89.0555,-14.579749999999997,55.0565,33.999,-48.57875,2.77225,41.95537347773268,-145.59126433711293,-10.074990335270954,41.95537347773268,-145.59126433711293,-10.074990335270954,-4.619726314019493e-18,-0.6558941363140659,0.7510070329112086,-0.07610071265584953
10.921195268630981,0,0,0,0,0,0,0,0,0,1,6.936,92.44825,-17.514249999999997,58.44925,33.999,-51.51325,2.77225,0,0,0,0,0,0,0,0,0,1
10.987521171569824,40.2092022339788,-105.16655786511576,-4.440090811734379,40.2092022339788,-105.16655786511576,-4.440090811734379,-4.45749430573058e-18,0.7783401871076477,-0.6235961899124111,-0.07289955459367344,6.818000000000005,94.382,-17.8645,59.532250000000005,34.84975,-52.71425,2.77225,41.97418192550268,-145.6095614415945,-9.973444984515382,41.97418192550268,-145.6095614415945,-9.973444984515382,4.627088557698051e-18,-0.6569654992591432,0.7498120921376193,-0.07860126759404759
11.082154512405396,40.91226276222409,-105.28280611004814,-3.5375431735602945,40.91226276222409,-105.28280611004814,-3.5375431735602945,0.0,0.7902213590204114,-0.6117866450630854,-0.03559922289023513,5.992000000000004,99.778,-19.461,62.615500000000004,37.1625,-56.6235,2.77225,42.01092576992298,-145.64111506932858,-9.921925488457688,42.01092576992298,-145.64111506932858,-9.921925488457688,-4.635794902093238e-18,-0.6581546497318285,0.7484038930167137,-0.08200042654645978
11.124681234359741,0,0,0,0,0,0,0,0,0,1,6.1897499999999965,102.854,-19.286750000000005,64.16525,38.68875,-57.975500000000004,2.77225,0,0,0,0,0,0,0,0,0,1
11.182815790176392,0,0,0,0,0,0,0,0,0,1,6.241500000000009,108.60425000000001,-19.38675,67.11625000000001,41.488,-60.87475,2.77225,0,0,0,0,0,0,0,0,0,1
11.238263845443726,40.97085083409323,-105.686014461498,-2.3802227930451423,40.97085083409323,-105.686014461498,-2.3802227930451423,4.3541538294716165e-18,0.7968131324323553,-0.6039866263264293,0.01699962358865778,4.680500000000002,110.334,-20.913000000000004,67.96375,42.37025,-63.28325,2.77225,42.05185283493458,-145.65530995002024,-9.837524773344114,42.05185283493458,-145.65530995002024,-9.837524773344114,9.288935232704382e-18,-0.6591916621802221,0.7470063823329125,-0.08630073734314636
11.302583932876587,0,0,0,0,0,0,0,0,0,1,7.1815,117.13675,-19.457750000000004,71.888,45.24875,-64.7065,2.77225,0,0,0,0,0,0,0,0,0,1
11.383038520812988,40.451477851500016,-106.16004017365849,-0.9355943532160751,40.451477851500016,-106.16004017365849,-0.9355943532160751,-8.759507617481772e-18,0.7921557017724313,-0.6055937765848719,0.07579922104546452,7.812750000000008,120.03175000000002,-21.027499999999996,74.436,45.59575,-66.62325,2.77225,42.064103725832325,-145.69320535122324,-9.749128765290152,42.064103725832325,-145.69320535122324,-9.749128765290152,1.3954015570177537e-17,-0.659642280808151,0.7459029125713105,-0.09220036002021026
11.447939395904541,0,0,0,0,0,0,0,0,0,1,8.033999999999992,123.10175000000001,-21.503750000000004,76.31975,46.782000000000004,-68.28575000000001,2.77225,0,0,0,0,0,0,0,0,0,1
11.490065574645996,40.30996324901457,-106.79728532203883,0.5258406395732464,40.30996324901457,-106.79728532203883,0.5258406395732464,0.0,0.7974193428945671,-0.5862862025755767,0.14279663948114,9.492750000000001,127.294,-24.17375,80.48025,46.81375,-70.9875,2.77225,42.07536251933996,-145.77813960122694,-9.696598652544601,42.07536251933996,-145.77813960122694,-9.696598652544601,0.0,-0.6594330880946372,0.7451091976531201,-0.09980123194978041
11.55863356590271,0,0,0,0,0,0,0,0,0,1,10.755750000000006,129.06050000000002,-24.267249999999997,82.04175000000001,47.018750000000004,-71.286,2.77225,0,0,0,0,0,0,0,0,0,1
11.6181058883667,40.86961404021727,-107.74621233771748,2.117358314882381,40.86961404021727,-107.74621233771748,2.117358314882381,-2.5643675777896142e-17,0.811766686336943,-0.5443788715323007,0.21139179544806824,12.036750000000012,134.57075,-23.124999999999993,84.86625000000001,49.7045,-72.8295,2.77225,42.121803193770916,-145.88772039214356,-9.662904231337436,42.121803193770916,-145.88772039214356,-9.662904231337436,-3.7260361613831096e-17,-0.6586269614729703,0.7449089169689112,-0.10640127368169172
11.681630849838257,0,0,0,0,0,0,0,0,0,1,14.114500000000007,137.63475,-22.18574999999999,86.9675,50.66725,-72.853,2.77225,0,0,0,0,0,0,0,0,0,1
11.743388414382935,40.69360296795722,-108.76051053319601,3.572390710772879,40.69360296795722,-108.76051053319601,3.572390710772879,0.0,0.8105478273519373,-0.5215822850589376,0.2663909523383837,14.703500000000005,140.2365,-23.015499999999996,88.97775,51.25875,-74.27425,2.77225,42.14436821671276,-145.94857724606777,-9.636688528598796,42.14436821671276,-145.94857724606777,-9.636688528598796,2.7949216967330095e-17,-0.6579527367166572,0.7448037537529,-0.11120056044216223
11.805715322494507,0,0,0,0,0,0,0,0,0,1,17.606750000000005,143.229,-23.104750000000003,91.97025000000001,51.25875,-74.3635,2.77225,0,0,0,0,0,0,0,0,0,1
11.873426675796509,40.79105879848558,-109.61489232930451,4.835218532597544,40.79105879848558,-109.61489232930451,4.835218532597544,-1.699641437513903e-17,0.8165126774099926,-0.48518660625259324,0.3128913625235705,18.053749999999994,145.768,-23.00175,93.41175,52.35625,-75.358,2.77225,42.17786908786874,-146.0183961301893,-9.6101740975882,42.17786908786874,-146.0183961301893,-9.6101740975882,-2.7945392819186207e-17,-0.6570783599816876,0.7449056753795127,-0.1156008807542914
11.925964117050171,0,0,0,0,0,0,0,0,0,1,18.939000000000007,147.01600000000002,-22.996499999999997,94.47575,52.54025,-75.53675,2.77225,0,0,0,0,0,0,0,0,0,1
11.987416744232178,40.92839424534387,-110.99828629547011,6.17456916234795,40.92839424534387,-110.99828629547011,6.17456916234795,0.0,0.8213658902227859,-0.4443924566968099,0.3575939300512584,19.744,148.67275,-23.848250000000007,96.13250000000001,52.54025,-76.38850000000001,2.77225,42.21349737449225,-146.10800174881635,-9.585649450745947,42.21349737449225,-146.10800174881635,-9.585649450745947,0.0,-0.6562843564615005,0.7450062053245448,-0.11940099451778614
12.084352731704712,0,0,0,0,0,0,0,0,0,1,21.607,151.2165,-23.167500000000004,97.9955,53.221000000000004,-76.38850000000001,2.77225,0,0,0,0,0,0,0,0,0,1
12.177836179733276,41.06544794288308,-111.27383136709571,6.950385633875641,41.06544794288308,-111.27383136709571,6.950385633875641,5.034915648800868e-17,0.8268929675784918,-0.4154781723428801,0.37898008981456444,22.59275000000001,153.39725,-24.323,100.15650000000001,53.24075,-77.56375,2.77225,42.23818981290168,-146.18864533724607,-9.561423532175667,42.23818981290168,-146.18864533724607,-9.561423532175667,1.8625360090816423e-17,-0.6556230626440377,0.7451017183102491,-0.12240028227241244
12.239285707473755,41.358128503167336,-112.22904782465497,7.414389522695146,41.358128503167336,-112.22904782465497,7.414389522695146,-8.35964661983905e-17,0.8300463188766731,-0.3870841002669483,0.4014835088018077,22.38725000000001,153.73075,-24.195,100.15650000000001,53.57425,-77.76925,2.77225,42.23445299801054,-146.2709631620026,-9.550944412850924,42.23445299801054,-146.2709631620026,-9.550944412850924,-1.8622629059381164e-17,-0.6550458636231201,0.7452109883928291,-0.12480184024614205
12.33971095085144,0,0,0,0,0,0,0,0,0,1,21.522750000000002,153.97825,-24.812000000000005,100.15650000000001,53.82175,-78.63375,2.77225,0,0,0,0,0,0,0,0,0,1
12.434013366699219,41.25450518601471,-112.52713023449272,7.955969696896162,41.25450518601471,-112.52713023449272,7.955969696896162,3.339737179808085e-17,0.8310706538058742,-0.3713925609642647,0.4139917076984534,20.507000000000005,153.3775,-26.4285,100.15650000000001,53.221000000000004,-79.6495,2.77225,42.239524615866,-146.34245628245094,-9.538176781085866,42.239524615866,-146.34245628245094,-9.538176781085866,-3.724024931628985e-17,-0.6545475251666701,0.7453112190494362,-0.1268019087286576
12.496293783187866,41.29149153711194,-112.49559129010478,7.882912836715832,41.29149153711194,-112.49559129010478,7.882912836715832,-5.0102411642741847e-17,0.8309652581259459,-0.3712931378387366,0.41429234313651647,19.827250000000006,153.96375,-26.522,100.15650000000001,53.80725,-80.32925,2.77225,42.21728253821772,-146.3575716483331,-9.512161099350905,42.21728253821772,-146.3575716483331,-9.512161099350905,2.793054270844049e-17,-0.6544226544548754,0.7453017268236242,-0.12750029541126004
12.561546325683594,0,0,0,0,0,0,0,0,0,1,19.116250000000008,154.031,-27.165750000000003,100.15650000000001,53.8745,-81.04025,2.77225,0,0,0,0,0,0,0,0,0,1
12.631854057312012,41.25314270740455,-112.60720850957023,7.946716939866633,41.25314270740455,-112.60720850957023,7.946716939866633,1.6701003830102363e-17,0.8309553095725143,-0.369083767027851,0.4162816911777143,18.049000000000007,154.808,-27.456000000000003,100.15650000000001,54.6515,-82.1075,2.77225,42.200976301271766,-146.36708814001773,-9.535475108501615,42.200976301271766,-146.36708814001773,-9.535475108501615,-9.311398967498866e-18,-0.6544555438465334,0.745204230656125,-0.12790072611502737
12.688490390777588,0,0,0,0,0,0,0,0,0,1,14.902500000000003,157.56625000000003,-27.844250000000002,100.15650000000001,57.40975,-85.254,2.77225,0,0,0,0,0,0,0,0,0,1
12.753451347351074,40.96196315436211,-112.56589823936656,8.129221541084526,40.96196315436211,-112.56589823936656,8.129221541084526,-1.6750744191934735e-17,0.8284878360506772,-0.3684910498066147,0.4216897576755752,8.66825,162.75775000000002,-28.887000000000008,100.15650000000001,62.60125,-91.48825000000001,2.77225,42.188606364103805,-146.38127216884448,-9.508165806410524,42.188606364103805,-146.38127216884448,-9.508165806410524,0.0,-0.6544114272750892,0.7452084941545594,-0.12810146014653662
12.81620979309082,0,0,0,0,0,0,0,0,0,1,4.726250000000007,164.3135,-31.273250000000004,100.15650000000001,64.157,-95.43025,2.77225,0,0,0,0,0,0,0,0,0,1
12.877527236938477,38.68021960880239,-114.44271972028719,9.577595636769566,38.68021960880239,-114.44271972028719,9.577595636769566,-5.2603827335711934e-17,0.7914512219375931,-0.3810894648824369,0.4778867889459896,4.528500000000008,165.174,-30.610500000000002,100.15650000000001,65.0175,-95.628,2.77225,42.20379704325299,-146.42980766805283,-9.511846646475249,42.20379704325299,-146.42980766805283,-9.511846646475249,-1.8602805310126666e-17,-0.6533656784131222,0.7460051092541358,-0.128800882133958
12.965996742248535,0,0,0,0,0,0,0,0,0,1,3.370750000000001,166.43975,-30.502500000000012,100.15650000000001,66.28325,-96.78575000000001,2.77225,0,0,0,0,0,0,0,0,0,1
13.012457847595215,38.0929518658302,-114.52734806573761,9.791265103962928,38.0929518658302,-114.52734806573761,9.791265103962928,-1.7753057550317246e-17,0.7817125454858035,-0.3834931009075126,0.49179115261099,3.57950000000001,166.21175,-30.521749999999997,100.15650000000001,66.05525,-96.577,2.77225,42.175192479482774,-146.5104404046176,-9.544712140927452,42.175192479482774,-146.5104404046176,-9.544712140927452,9.293930071745078e-18,-0.6524621547025506,0.7466049185158483,-0.12990085576641933
13.066027641296387,0,0,0,0,0,0,0,0,0,1,3.120500000000007,166.43975,-30.752750000000006,100.15650000000001,66.28325,-97.036,2.77225,0,0,0,0,0,0,0,0,0,1
13.177558660507202,37.43321711996117,-114.7088404569933,10.086579473761304,37.43321711996117,-114.7088404569933,10.086579473761304,3.587709590927941e-17,0.7736293842125079,-0.38509296278743815,0.5031908046601891,3.6140000000000043,166.19225,-30.506749999999997,100.15650000000001,66.03575000000001,-96.5425,2.77225,42.139958748496554,-146.5537392218504,-9.55386619068868,42.139958748496554,-146.5537392218504,-9.55386619068868,-3.717064788527142e-17,-0.6522856757543296,0.746706802133165,-0.1302011860690211
13.244720458984375,37.331926308126526,-114.67447430326554,10.13910698003977,37.331926308126526,-114.67447430326554,10.13910698003977,-7.182915465913724e-17,0.7728220037488132,-0.38409346755346546,0.5051914079875314,3.0132499999999993,166.79275,-30.507000000000005,100.15650000000001,66.63625,-97.14325000000001,2.77225,42.15089459671066,-146.56270125204773,-9.553567462416723,42.15089459671066,-146.56270125204773,-9.553567462416723,-3.717035839984922e-17,-0.652258846639931,0.7467126175393969,-0.13030220177498786
13.30671238899231,0,0,0,0,0,0,0,0,0,1,3.6140000000000043,166.19225,-30.506749999999997,100.15650000000001,66.03575000000001,-96.5425,2.77225,0,0,0,0,0,0,0,0,0,1
13.378576517105103,37.38786432768123,-114.77509689546608,10.093873895829866,37.38786432768123,-114.77509689546608,10.093873895829866,1.796123757671408e-17,0.7726520930721592,-0.3842972170487536,0.5052963408137787,3.039500000000004,166.79275,-30.48075,100.15650000000001,66.63625,-97.117,2.77225,42.15945610864381,-146.5739028319241,-9.533536857790494,42.15945610864381,-146.5739028319241,-9.533536857790494,-2.788157245791411e-17,-0.6523355334748047,0.7466107495602504,-0.13050187894135104
13.425376176834106,0,0,0,0,0,0,0,0,0,1,3.6140000000000043,166.19225,-30.506749999999997,100.15650000000001,66.03575000000001,-96.5425,2.77225,0,0,0,0,0,0,0,0,0,1
13.509387969970703,37.34681821639933,-114.81298144480417,10.125178490861337,37.34681821639933,-114.81298144480417,10.125178490861337,-1.7972559482536157e-17,0.772165356932018,-0.3836965416368904,0.5064954348164841,3.1295000000000073,166.779,-30.4045,100.15650000000001,66.6225,-97.027,2.77225,42.15064767589726,-146.58472753623226,-9.535825370230796,42.15064767589726,-146.58472753623226,-9.535825370230796,9.293965835075457e-18,-0.6523257867736545,0.7466020455680844,-0.1306003578237233
13.56032919883728,0,0,0,0,0,0,0,0,0,1,3.6140000000000043,166.19225,-30.506749999999997,100.15650000000001,66.03575000000001,-96.5425,2.77225,0,0,0,0,0,0,0,0,0,1
13.62585163116455,37.32338897061055,-114.82921658552584,10.161060110773434,37.32338897061055,-114.82921658552584,10.161060110773434,7.190837896874562e-17,0.7719705551335719,-0.3832962824231185,0.5070950817030092,3.0330000000000013,166.79275,-30.487250000000003,100.15650000000001,66.63625,-97.1235,2.77225,42.13971182768316,-146.57576550603497,-9.536124098502754,42.13971182768316,-146.57576550603497,-9.536124098502754,9.295107709849947e-18,-0.6524304548802068,0.7465103278528062,-0.13060180685542733
13.675785779953003,0,0,0,0,0,0,0,0,0,1,3.9722500000000025,165.67675000000003,-30.664,100.15650000000001,65.52025,-96.18425,2.77225,0,0,0,0,0,0,0,0,0,1
13.752113103866577,37.32408229712422,-114.87214937905541,10.186678356968144,37.32408229712422,-114.87214937905541,10.186678356968144,3.595918837772948e-17,0.7718632390718448,-0.3829914208729009,0.5074886320965984,5.789500000000004,164.03975000000003,-30.48375,100.15650000000001,63.883250000000004,-94.367,2.77225,42.15601806462908,-146.56624901435035,-9.512810089352044,42.15601806462908,-146.56624901435035,-9.512810089352044,-1.8590251463793377e-17,-0.6524121358098646,0.7465088804658196,-0.13070155482502696
13.802103281021118,0,0,0,0,0,0,0,0,0,1,10.099500000000006,160.166,-30.0475,100.15650000000001,60.0095,-90.057,2.77225,0,0,0,0,0,0,0,0,0,1
13.87662386894226,37.317648200658596,-114.88073453368459,10.164657968173564,37.317648200658596,-114.88073453368459,10.164657968173564,0.0,0.7718109695706942,-0.38269417751212437,0.5077922742112799,16.563750000000013,156.57775,-27.171499999999995,100.15650000000001,56.42125,-83.59275,2.77225,42.16932824912416,-146.57297149486865,-9.532243237434358,42.16932824912416,-146.57297149486865,-9.532243237434358,-2.788907488001166e-17,-0.6525253339425443,0.7464099042826686,-0.1307017343110193
13.925646781921387,0,0,0,0,0,0,0,0,0,1,17.910250000000005,156.541,-25.86175,100.15650000000001,56.3845,-82.24625,2.77225,0,0,0,0,0,0,0,0,0,1
13.998440265655518,38.75275170417157,-114.40110918014858,9.844443267620463,38.75275170417157,-114.40110918014858,9.844443267620463,-5.2428966761320586e-17,0.7940908622704032,-0.36739368610227646,0.4841916788533541,19.44225,155.47125,-25.399500000000003,100.15650000000001,55.314750000000004,-80.71425,2.77225,42.1681410809837,-146.57409126970816,-9.522377299257215,42.1681410809837,-146.57409126970816,-9.522377299257215,-1.8627701725018265e-17,-0.6542052757202881,0.7450080537405023,-0.13030140859380868
14.085597515106201,39.587536045946365,-114.46100777604093,9.623882026832973,39.587536045946365,-114.46100777604093,9.623882026832973,1.3817363185174512e-16,0.8034984748872943,-0.3601848367960552,0.47398004620024997,22.994249999999994,151.14775,-23.994,99.068,52.079750000000004,-76.07375,2.77225,42.19743897126753,-146.5363913266729,-9.463893558610309,42.19743897126753,-146.5363913266729,-9.463893558610309,-9.337689057475296e-18,-0.6564837578146804,0.7431061219962439,-0.1297010685276717
14.176852703094482,0,0,0,0,0,0,0,0,0,1,21.530500000000004,147.43825,-23.538249999999998,96.2535,51.18475,-74.723,2.77225,0,0,0,0,0,0,0,0,0,1
14.246529579162598,40.31291797088224,-114.14046463362423,9.42320029665818,40.31291797088224,-114.14046463362423,9.42320029665818,0.0,0.8155285913834917,-0.34799758762232763,0.46239679458782834,22.253,144.94650000000001,-22.839500000000008,95.01950000000001,49.927,-72.76650000000001,2.77225,42.21092446623226,-146.46415530695322,-9.464208011485965,42.21092446623226,-146.46415530695322,-9.464208011485965,0.0,-0.6577285018057252,0.7421091541832636,-0.12910159251456588
14.345835447311401,40.97216328926092,-114.04409109867508,9.270204375283754,40.97216328926092,-114.04409109867508,9.270204375283754,5.050222750523776e-17,0.8243866752040873,-0.3393921874647421,0.4529895725442784,21.789500000000004,140.33675,-22.05225,92.08925,48.2475,-70.29975,2.77225,42.19810812336402,-146.41338025806584,-9.480259047775498,42.19810812336402,-146.41338025806584,-9.480259047775498,-2.806960955810969e-17,-0.6583313121362,0.741609236445808,-0.12890160541783266
14.425132274627686,0,0,0,0,0,0,0,0,0,1,21.035250000000005,131.36575,-21.836999999999996,87.119,44.24675,-66.08375,2.77225,0,0,0,0,0,0,0,0,0,1
14.49871277809143,41.54066819457395,-112.95035526194692,8.550521047637787,41.54066819457395,-112.95035526194692,8.550521047637787,1.6596168418857433e-17,0.8362043248516198,-0.3393894646257371,0.4307866274624854,20.052499999999995,125.34375,-21.823750000000004,83.61,41.73375,-63.557500000000005,2.77225,42.203725432909266,-146.37287545199936,-9.474985859082665,42.203725432909266,-146.37287545199936,-9.474985859082665,0.0,-0.6586024557970854,0.7415071665341856,-0.12810123807556192
14.554279565811157,0,0,0,0,0,0,0,0,0,1,20.78575,120.084,-24.126250000000006,82.498,37.586,-61.712250000000004,2.77225,0,0,0,0,0,0,0,0,0,1
14.617405652999878,41.709967557266424,-111.79904593275864,7.434579940627231,41.709967557266424,-111.79904593275864,7.434579940627231,0.0,0.835404821272705,-0.38548806582580164,0.39178787079260435,21.075000000000003,114.13175000000001,-20.33025,77.7685,36.36325,-56.6935,2.77225,42.18202904695073,-146.27599289136674,-9.456464620419943,42.18202904695073,-146.27599289136674,-9.456464620419943,1.871561130037526e-17,-0.6590248332660867,0.7415086574028279,-0.12590146994877421
14.679430484771729,0,0,0,0,0,0,0,0,0,1,18.974250000000005,106.07625,-20.859,72.95475,33.1215,-53.9805,2.77225,0,0,0,0,0,0,0,0,0,1
14.745637893676758,41.836676779645074,-109.92179289957352,5.889113725415314,41.836676779645074,-109.92179289957352,5.889113725415314,1.6703355048742993e-17,0.8308383415976557,-0.45298227357959864,0.32328734889245975,19.35975,99.508,-24.27175,71.56975,27.93825,-52.21,2.77225,42.15058398091861,-146.16902852569726,-9.448108048206308,42.15058398091861,-146.16902852569726,-9.448108048206308,0.0,-0.6592417984667914,0.7417028867648832,-0.12360048106261237
14.809579133987427,0,0,0,0,0,0,0,0,0,1,21.628749999999997,95.27275,-20.119000000000003,68.51025,26.7625,-46.8815,2.77225,0,0,0,0,0,0,0,0,0,1
14.866920471191406,41.773366797952036,-108.84827505684282,4.59445111007615,41.773366797952036,-108.84827505684282,4.59445111007615,1.6735721094957933e-17,0.8292315418661882,-0.49128200040039793,0.2664902363254754,20.430500000000002,86.1265,-17.996499999999997,62.27675,23.84975,-41.84625,2.77225,42.12700710030592,-146.03033294637456,-9.445339117561147,42.12700710030592,-146.03033294637456,-9.445339117561147,-1.8708004485482406e-17,-0.6595480216675591,0.7418101603826189,-0.12130166143759993
14.930795192718506,0,0,0,0,0,0,0,0,0,1,16.145500000000006,74.15325,-22.235249999999997,56.267,17.88625,-40.1215,2.77225,0,0,0,0,0,0,0,0,0,1
14.996419668197632,42.0054461459643,-107.00407870359572,1.8821496911891842,42.0054461459643,-107.00407870359572,1.8821496911891842,0.0,0.8190923296216897,-0.5550871012360591,0.14479663530711825,15.945500000000003,65.87025,-25.102249999999998,53.459,12.41125,-37.5135,2.77225,42.14749214370681,-145.96239141971006,-9.495978153406647,42.14749214370681,-145.96239141971006,-9.495978153406647,-1.8700615102232045e-17,-0.660048264316576,0.7421032801299702,-0.11670051582154362
15.052319765090942,0,0,0,0,0,0,0,0,0,1,20.300000000000004,63.304,-21.1655,52.384750000000004,10.91925,-32.08475,2.77225,0,0,0,0,0,0,0,0,0,1
15.113556861877441,42.16545276879759,-106.31083715027737,0.08467534383336783,42.16545276879759,-106.31083715027737,0.08467534383336783,4.275593912936572e-18,0.811453805623631,-0.5785927760268732,0.0822989724628615,21.298750000000002,55.8875,-17.38075,47.283500000000004,8.604000000000001,-25.984750000000002,2.77225,42.166662144424066,-145.86551652203988,-9.634714469034137,42.166662144424066,-145.86551652203988,-9.634714469034137,0.0,-0.6613971716824858,0.7423064203911064,-0.10740092893709394
15.178841829299927,0,0,0,0,0,0,0,0,0,1,20.981,43.688250000000004,-16.69775,40.6835,3.00475,-19.7025,2.77225,0,0,0,0,0,0,0,0,0,1
15.239598512649536,42.10366705585571,-105.8762699866824,-0.68430703958078,42.10366705585571,-105.8762699866824,-0.68430703958078,-2.155843529578221e-18,0.8046611232106423,-0.592079490227916,0.04429846549078987,17.90925,35.73325,-16.3245,34.9835,0.74975,-17.07425,2.77225,42.170271084772025,-145.75314555143814,-9.74315680631802,42.170271084772025,-145.75314555143814,-9.74315680631802,0.0,-0.6626503297168806,0.7423032361353235,-0.09940043334480823
15.335933685302734,0,0,0,0,0,0,0,0,0,1,14.079749999999999,28.30625,-12.865,27.6255,0.68075,-13.54575,2.77225,0,0,0,0,0,0,0,0,0,1
15.427650451660156,41.82142801757294,-105.7754130029144,-1.3859258777646062,41.82142801757294,-105.7754130029144,-1.3859258777646062,3.2549152516738606e-18,0.7994325543889573,-0.6002960505032952,0.023499845388684718,18.234750000000002,23.45775,-4.7175,23.205000000000002,0.25275000000000003,-4.97025,2.77225,42.1535184421258,-145.69770296540867,-9.809831153849359,42.1535184421258,-145.69770296540867,-9.809831153849359,1.8685534780639385e-17,-0.6628343511590202,0.7427022009663663,-0.09510028182563807
15.496756315231323,41.71132435885525,-105.71080526555737,-1.4425211479785531,41.71132435885525,-105.71080526555737,-1.4425211479785531,3.260839409459727e-18,0.7979801784830421,-0.6023904099514079,0.018799700708974878,16.407,18.38675,-3.1812500000000004,18.9875,-0.60075,-2.5805000000000002,2.77225,42.135578631339115,-145.64338015421868,-9.86663956320357,42.135578631339115,-145.64338015421868,-9.86663956320357,-3.268173244454671e-17,-0.6627588094338235,0.7431101978722578,-0.09240126804386573
15.548998355865479,0,0,0,0,0,0,0,0,0,1,12.528500000000001,13.498750000000001,-0.9702500000000001,13.498750000000001,0.0,-0.9702500000000001,2.77225,0,0,0,0,0,0,0,0,0,1
15.621047973632812,41.732821259926936,-105.72070246429136,-1.5221448172078453,41.732821259926936,-105.72070246429136,-1.5221448172078453,3.26022325501566e-18,0.798130989944341,-0.6021843087486145,0.01899950492564542,7.6587499999999995,7.1975,0.46125,7.1975,0.0,0.46125,2.77225,42.115957810785176,-145.6342296862373,-9.8780978500088,42.115957810785176,-145.6342296862373,-9.8780978500088,9.336499071790202e-18,-0.6627129847798643,0.7432008347617979,-0.09200010333434526
15.67193865776062,0,0,0,0,0,0,0,0,0,1,5.3955,5.12575,0.26975,5.12575,0.0,0.26975,2.77225,0,0,0,0,0,0,0,0,0,1
15.743213653564453,41.694890247366146,-105.6902686113968,-1.5637983750884032,41.694890247366146,-105.6902686113968,-1.5637983750884032,-1.087720972885558e-18,0.7974119830450868,-0.6031985748041326,0.016899960069943373,4.305,2.6345,0.469,3.23525,-0.60075,1.06975,2.77225,42.10751975925871,-145.61201496426867,-9.906999500727991,42.10751975925871,-145.61201496426867,-9.906999500727991,-2.3344126357216785e-17,-0.6628433357454365,0.7431091870527514,-0.09180113493667415
15.822784423828125,0,0,0,0,0,0,0,0,0,1,1.32325,-0.34725,0.469,0.2535,-0.60075,1.06975,2.77225,0,0,0,0,0,0,0,0,0,1
15.865129709243774,41.68632873543302,-105.67906703152046,-1.5838289797146246,41.68632873543302,-105.67906703152046,-1.5838289797146246,-1.0881813447347002e-18,0.7970746256451099,-0.6036793004907085,0.015599465111239115,1.16725,-0.37550000000000006,2.20825,-0.70825,0.33275,1.8755,2.77225,42.130702084234116,-145.61780610773152,-9.925139028454169,42.130702084234116,-145.61780610773152,-9.925139028454169,5.1350572988392834e-17,-0.6627517301538792,0.74320332277726,-0.09170040998207044
15.950237274169922,0,0,0,0,0,0,0,0,0,1,1.084,-0.3952499999999999,4.69225,-2.00175,1.6065,3.08575,2.77225,0,0,0,0,0,0,0,0,0,1
15.996061563491821,41.687639363980196,-105.66693411458867,-1.6025659639847234,41.687639363980196,-105.66693411458867,-1.6025659639847234,-1.088678430707457e-18,0.7967106847379765,-0.6041869279634258,0.014499686288430446,0.7397499999999999,0.6987499999999995,10.2585,-4.41,5.10875,5.14975,2.77225,42.13938705657392,-145.6179945455156,-9.913979469920896,42.13938705657392,-145.6179945455156,-9.913979469920896,0.0,-0.6627774917062114,0.7432049746914269,-0.09150061246537344
16.05952024459839,0,0,0,0,0,0,0,0,0,1,0.47750000000000004,0.24899999999999967,13.3015,-6.2875000000000005,6.5365,6.765000000000001,2.77225,0,0,0,0,0,0,0,0,0,1
16.118595361709595,41.68014155978082,-105.66562590196509,-1.623591460695124,41.68014155978082,-105.66562590196509,-1.623591460695124,0.0,0.7964279703057412,-0.604584929572422,0.013399665987877037,-0.07599999999999962,1.3470000000000004,16.8345,-7.78175,9.12875,7.70575,2.77225,42.15056982560142,-145.60493029152838,-9.931422833834858,42.15056982560142,-145.60493029152838,-9.931422833834858,3.735069562329875e-17,-0.6629145080549006,0.7431073277873691,-0.09130090031891644
16.17956781387329,0,0,0,0,0,0,0,0,0,1,-1.4637499999999992,0.4504999999999999,19.04475,-10.029,10.4795,8.56525,2.77225,0,0,0,0,0,0,0,0,0,1
16.236078023910522,41.67501809186237,-105.66207813966248,-1.664348833759803,41.67501809186237,-105.66207813966248,-1.664348833759803,-1.0895709120058051e-18,0.7960580889514259,-0.6050931849545841,0.012399860342814149,-1.3249999999999993,0.6315000000000008,23.65,-12.17175,12.80325,10.84675,2.77225,42.1516335333352,-145.61482365878112,-9.932417725919038,42.1516335333352,-145.61482365878112,-9.932417725919038,-9.336416063139999e-18,-0.6628160309678282,0.7432074424469849,-0.09120091328197662
16.306652545928955,0,0,0,0,0,0,0,0,0,1,-0.4002499999999998,2.79575,30.804000000000002,-14.20425,17.0,13.804,2.77225,0,0,0,0,0,0,0,0,0,1
16.364434719085693,41.67395438412859,-105.65218477240973,-1.6633539416756236,41.67395438412859,-105.65218477240973,-1.6633539416756236,0.0,0.7958533991757936,-0.6053820403108778,0.011399661809620095,-2.513250000000001,2.392249999999999,31.0825,-15.601750000000001,17.994,13.0885,2.77225,42.15794416939414,-145.61725164624423,-9.901526291031502,42.15794416939414,-145.61725164624423,-9.901526291031502,-4.6682028816908026e-18,-0.6628288498996032,0.7432082623403451,-0.09110101278149278
16.4277286529541,0,0,0,0,0,0,0,0,0,1,-6.264750000000001,3.171499999999998,33.82675,-18.46,21.6315,12.19525,2.77225,0,0,0,0,0,0,0,0,0,1
16.50127649307251,41.66183136777403,-105.64434251705192,-1.6537867317704524,41.66183136777403,-105.64434251705192,-1.6537867317704524,-2.180531161459742e-18,0.7955508761523535,-0.6057940620836978,0.010599896101167374,-12.481499999999999,-1.3879999999999981,34.855000000000004,-24.36225,22.97425,11.88075,2.77225,42.16793977028118,-145.60530716709653,-9.909103716768314,42.16793977028118,-145.60530716709653,-9.909103716768314,-4.6682028816908026e-18,-0.6628288498996032,0.7432082623403451,-0.09110101278149278
16.553136825561523,0,0,0,0,0,0,0,0,0,1,-14.710999999999999,-0.6199999999999974,37.795,-26.563,25.943,11.852,2.77225,0,0,0,0,0,0,0,0,0,1
16.631824016571045,41.64221054722009,-105.63519204907053,-1.665245018575682,41.64221054722009,-105.63519204907053,-1.665245018575682,-5.452272284957669e-19,0.7954130797735259,-0.6059868206390422,0.009899784693608117,-16.193,5.026249999999997,44.923249999999996,-28.045,33.07125,11.852,2.77225,42.15819109020754,-145.5952253620597,-9.919268383217414,42.15819109020754,-145.5952253620597,-9.919268383217414,3.267738418183371e-17,-0.6628416550852247,0.7432090808901602,-0.09100111189586192
16.67464303970337,0,0,0,0,0,0,0,0,0,1,-17.2435,8.32725,49.27475,-29.0955,37.42275,11.852,2.77225,0,0,0,0,0,0,0,0,0,1
16.73792791366577,41.6522061481071,-105.62324756992281,-1.6728224443125157,41.6522061481071,-105.62324756992281,-1.6728224443125157,-5.45382258903084e-19,0.7951869755837955,-0.6062898868302496,0.009499841538656392,-19.148249999999997,8.442250000000001,51.300000000000004,-31.003,39.44525,11.854750000000001,2.77225,42.1668760625474,-145.59541379984375,-9.908108824684142,42.1668760625474,-145.59541379984375,-9.908108824684142,3.267738418183371e-17,-0.6628416550852247,0.7432090808901602,-0.09100111189586192
16.831787586212158,40.908608903017495,-105.70448403525995,-1.6600250307180033,40.908608903017495,-105.70448403525995,-1.6600250307180033,1.1038622259359694e-18,0.7857518063479019,-0.6183945763166478,0.013499881598115698,-16.75225,9.1025,58.588750000000005,-33.11925,42.22175,16.367,2.77225,42.14938265746096,-145.60605006636789,-9.92155689565773,42.14938265746096,-145.60605006636789,-9.92155689565773,4.66447483876272e-18,-0.6621347666569254,0.7438022653958414,-0.09130027807292328
16.870856285095215,0,0,0,0,0,0,0,0,0,1,-19.432249999999996,6.745250000000006,64.452,-38.5695,45.314750000000004,19.13725,2.77225,0,0,0,0,0,0,0,0,0,1
16.927244663238525,0,0,0,0,0,0,0,0,0,1,-22.910500000000003,3.183499999999995,66.45,-43.0885,46.272,20.178,2.77225,0,0,0,0,0,0,0,0,0,1
16.992189407348633,38.70310133628087,-106.16827295197145,-2.1199556926692864,38.70310133628087,-106.16827295197145,-2.1199556926692864,-2.313945955144984e-18,0.7496819327693048,-0.6612952209868136,0.02579981355127747,-21.351,5.141500000000001,72.78999999999999,-44.49975,49.64125,23.14875,2.77225,42.091090061906044,-145.63254459804554,-9.921442463785745,42.091090061906044,-145.63254459804554,-9.921442463785745,1.861775457181234e-17,-0.6601896077157003,0.7454060990161355,-0.09230075521758695
17.048001527786255,0,0,0,0,0,0,0,0,0,1,-21.671250000000004,3.6652500000000003,75.78150000000001,-46.893750000000004,50.559000000000005,25.2225,2.77225,0,0,0,0,0,0,0,0,0,1
17.124510049819946,36.59299848700451,-106.64346911601321,-2.062906843813167,36.59299848700451,-106.64346911601321,-2.062906843813167,2.4179627704172912e-18,0.7174318385710419,-0.6951995394418377,0.04459997045325942,-25.0645,3.3912499999999994,81.73075,-51.702,55.09325,26.6375,2.77225,42.01968235260654,-145.6982357231661,-9.947626717317007,42.01968235260654,-145.6982357231661,-9.947626717317007,-4.641351124780101e-18,-0.6576107962362767,0.7475079688391365,-0.09370099890331382
17.17378807067871,0,0,0,0,0,0,0,0,0,1,-25.814999999999998,7.920000000000002,87.0475,-52.47125,60.39125,26.65625,2.77225,0,0,0,0,0,0,0,0,0,1
17.24450969696045,33.83641481215477,-107.33375922203722,-1.8648007785926808,33.83641481215477,-107.33375922203722,-1.8648007785926808,4.706847139199343e-18,-0.6716242108698862,0.7371063578971002,-0.07480064519156573,-28.62925,11.445999999999998,93.38775,-55.2855,66.7315,26.65625,2.77225,42.02925572221051,-145.78727602844094,-9.956580746074565,42.02925572221051,-145.78727602844094,-9.956580746074565,0.0,-0.6519078981901549,0.751608680741895,-0.10050116074316186
17.332656621932983,28.385324237574906,-109.53754319287027,0.35099428359745843,28.385324237574906,-109.53754319287027,0.35099428359745843,-8.56003734292758e-18,-0.5641674851968249,0.8106149104174456,-0.1569028860652568,-28.46175,13.254249999999999,95.771,-55.48925,68.7435,27.0275,2.77225,41.99173902556777,-146.01462418560538,-10.047714235566303,41.99173902556777,-146.01462418560538,-10.047714235566303,9.148103747032109e-18,-0.6423659192952694,0.758506253949994,-0.10970090449349285
17.36818528175354,0,0,0,0,0,0,0,0,0,1,-28.602000000000004,13.7055,99.1345,-57.0155,70.721,28.4135,2.77225,0,0,0,0,0,0,0,0,0,1
17.42825937271118,0,0,0,0,0,0,0,0,0,1,-30.1145,16.946749999999994,104.46924999999999,-58.8185,75.76525,28.704,2.77225,0,0,0,0,0,0,0,0,0,1
17.50423002243042,26.312617847843853,-110.31775757768446,1.2698815104632217,26.312617847843853,-110.31775757768446,1.2698815104632217,2.5055369687288283e-17,-0.5201911447256633,0.8308271628609386,-0.19780646703646323,-30.1145,20.204499999999996,107.727,-58.8185,79.023,28.704,2.77225,41.93339899408633,-146.15013036336626,-9.96875528094185,41.93339899408633,-146.15013036336626,-9.96875528094185,-9.12396381315592e-18,-0.6394317732353371,0.7605130890482027,-0.11290194313417759
17.56002640724182,0,0,0,0,0,0,0,0,0,1,-30.79625,20.62225,109.42150000000001,-59.79775,80.42,29.0015,2.77225,0,0,0,0,0,0,0,0,0,1
17.621998071670532,22.76368764465343,-112.39928210209479,2.7959385431986306,22.76368764465343,-112.39928210209479,2.7959385431986306,1.6268533629989018e-17,-0.43919814643347904,0.8530447871609329,-0.2818147960398016,-32.03675,22.841,112.88075,-61.03825,83.87925,29.0015,2.77225,41.71210470740786,-146.28597702961926,-9.960122671173181,41.71210470740786,-146.28597702961926,-9.960122671173181,9.089354330691733e-18,-0.6347835647107286,0.7634088903847535,-0.11940139050555353
17.679588794708252,0,0,0,0,0,0,0,0,0,1,-31.7315,23.499499999999998,114.34,-61.286,84.7855,29.5545,2.77225,0,0,0,0,0,0,0,0,0,1
17.739259719848633,21.02325085394463,-113.47374364411039,3.478149780482738,21.02325085394463,-113.47374364411039,3.478149780482738,-1.6211588271697427e-17,-0.38837226124114144,0.8560412203437602,-0.3411164255365147,-31.934499999999996,24.618000000000002,118.9835,-63.15,87.768,31.215500000000002,2.77225,41.7268489808568,-146.26955345111352,-10.00716384961855,41.7268489808568,-146.26955345111352,-10.00716384961855,-1.8173940145702292e-17,-0.6344860612876669,0.7636091951747855,-0.11970144141228635
17.843433380126953,19.497167169412563,-114.34179737905885,3.8446894114191608,19.497167169412563,-114.34179737905885,3.8446894114191608,0.0,-0.34209552914214764,0.849365678552492,-0.40193107996025734,-30.750499999999995,26.10050000000001,122.23600000000002,-63.443,89.54350000000001,32.6925,2.77225,41.67600233943833,-146.3653015535605,-10.01401366233577,41.67600233943833,-146.3653015535605,-10.01401366233577,1.8138268026180548e-17,-0.632099268277196,0.7651109680253609,-0.12270175895531538
17.927339792251587,0,0,0,0,0,0,0,0,0,1,-31.962999999999994,26.604250000000008,127.82075,-66.58975,93.194,34.62675,2.77225,0,0,0,0,0,0,0,0,0,1
17.989784240722656,18.102771001157862,-115.42509955241353,3.97965506320336,18.102771001157862,-115.42509955241353,3.97965506320336,-5.007697585279693e-17,-0.29190459162147764,0.8313873334888701,-0.4728496707248139,-32.99824999999999,26.727750000000015,130.62300000000002,-68.44675,95.17450000000001,35.4485,2.77225,41.59336001104825,-146.512002290814,-10.050744293252691,41.59336001104825,-146.512002290814,-10.050744293252691,1.809313610852479e-17,-0.6292696031358775,0.7670194776944047,-0.12530318194929452
18.055036067962646,0,0,0,0,0,0,0,0,0,1,-33.160999999999994,27.144000000000005,133.249,-69.633,96.777,36.472,2.77225,0,0,0,0,0,0,0,0,0,1
18.12251615524292,17.39551512948617,-115.76375200410646,3.9777448411426377,17.39551512948617,-115.76375200410646,3.9777448411426377,-3.408643334920844e-17,-0.2636758163785401,0.814270455675981,-0.5171447465365386,-33.349,28.752250000000004,135.23625,-69.9165,98.66875,36.5675,2.77225,41.53788815747461,-146.60121635052676,-10.027001399354333,41.53788815747461,-146.60121635052676,-10.027001399354333,-2.7086986268114678e-17,-0.6271039404058313,0.7685122850387363,-0.12700203018857445
18.180424451828003,0,0,0,0,0,0,0,0,0,1,-33.231,29.603499999999997,138.163,-70.89525,100.49875,37.66425,2.77225,0,0,0,0,0,0,0,0,0,1
18.24864149093628,16.741994750329354,-116.52614117986,4.025429835853103,16.741994750329354,-116.52614117986,4.025429835853103,-1.7709184827028313e-17,-0.2320471848446638,0.7836491596515351,-0.5762361482787324,-33.22325000000001,30.298000000000002,139.15475,-71.04,101.33800000000001,37.81675,2.77225,41.513466814295754,-146.66449034004913,-10.026985674750648,41.513466814295754,-146.66449034004913,-10.026985674750648,-9.017297944657224e-18,-0.6256765685346256,0.7695092195571227,-0.12800153359754604
18.33193588256836,0,0,0,0,0,0,0,0,0,1,-33.179500000000004,29.176500000000004,140.32,-72.1615,101.33800000000001,38.982,2.77225,0,0,0,0,0,0,0,0,0,1
18.427531719207764,16.169236204908344,-117.10001659966997,4.094093153462907,16.169236204908344,-117.10001659966997,4.094093153462907,0.0,-0.20333555186180136,0.7370405196357208,-0.6445354340640733,-34.743249999999996,27.05000000000001,140.88275000000002,-74.288,101.33800000000001,39.54475,2.77225,41.479368401387006,-146.77461474058813,-10.073995403988633,41.479368401387006,-146.77461474058813,-10.073995403988633,2.7002878320917696e-17,-0.6237488543897357,0.7709060295100504,-0.12900100895939354
18.49749517440796,16.0900077461159,-117.08842729236056,3.994652018747658,16.0900077461159,-117.08842729236056,3.994652018747658,0.0,-0.20097552135087457,0.7359870825347009,-0.6464764915755277,-33.261250000000004,26.9825,142.43225,-74.3555,101.33800000000001,41.09425,2.77225,41.461504615080486,-146.81829043338908,-10.060830336683324,41.461504615080486,-146.81829043338908,-10.060830336683324,2.6985068147812057e-17,-0.6231191883722664,0.7714148282930866,-0.1290024797119629
18.557621240615845,0,0,0,0,0,0,0,0,0,1,-33.059000000000005,26.9825,142.6345,-74.3555,101.33800000000001,41.2965,2.77225,0,0,0,0,0,0,0,0,0,1
18.623445749282837,16.156614932790575,-117.09516062474378,4.032310283687828,16.156614932790575,-117.09516062474378,4.032310283687828,-1.8882041751734164e-17,-0.2008632148304487,0.7349728376985446,-0.6476641851865254,-32.75450000000001,26.9735,142.948,-74.3645,101.33800000000001,41.61,2.77225,41.44151341330644,-146.8421793916845,-10.045675485209685,41.44151341330644,-146.8421793916845,-10.045675485209685,3.5966045566690445e-17,-0.6228287455480683,0.771716077714544,-0.12860267927185481
18.681835651397705,0,0,0,0,0,0,0,0,0,1,-32.756,25.876500000000007,144.0435,-75.4615,101.33800000000001,42.7055,2.77225,0,0,0,0,0,0,0,0,0,1
18.745110750198364,16.150304296731633,-117.0927326372807,4.001418848800284,16.150304296731633,-117.0927326372807,4.001418848800284,-7.569731277847961e-17,-0.19922632163281842,0.7333305396679732,-0.6500270704816344,-32.085750000000004,25.846500000000006,144.74375,-75.4915,101.33800000000001,43.40575,2.77225,41.44388774958739,-146.8399398420055,-10.065407361563942,41.44388774958739,-146.8399398420055,-10.065407361563942,3.5956951005439496e-17,-0.6226900565266587,0.7719112672103401,-0.1281018698401925
18.83845567703247,16.135185227926172,-117.1011293541258,3.9682389014724464,16.135185227926172,-117.1011293541258,3.9682389014724464,1.895191225708429e-17,-0.1981542184717179,0.7322631943183936,-0.6515562293067922,-30.233999999999995,22.88900000000001,149.553,-78.449,101.33800000000001,48.215,2.77225,41.43413906951375,-146.82985803696863,-10.075572028013056,41.43413906951375,-146.82985803696863,-10.075572028013056,2.6967326906510024e-17,-0.6227786290147906,0.771922326001709,-0.12760369063067506
18.925121307373047,0,0,0,0,0,0,0,0,0,1,-36.174499999999995,13.55550000000001,152.94600000000003,-87.7825,101.33800000000001,51.608000000000004,2.77225,0,0,0,0,0,0,0,0,0,1
19.00517201423645,16.161725158299674,-116.97550952323401,3.7525648645962093,16.161725158299674,-116.97550952323401,3.7525648645962093,3.763739093898033e-17,-0.19763980221050562,0.7374468559903018,-0.645841035528257,-35.142250000000004,11.597249999999988,155.1935,-89.36925000000001,100.9665,54.227000000000004,2.77225,41.45944880995668,-146.85543591493703,-10.095701339907563,41.45944880995668,-146.85543591493703,-10.095701339907563,-4.4929118267349453e-17,-0.6231365361352369,0.77220454924327,-0.12410073110734235
19.049869537353516,0,0,0,0,0,0,0,0,0,1,-35.90475,7.484750000000005,153.472,-90.946,98.43075,55.04125,2.77225,0,0,0,0,0,0,0,0,0,1
19.121581554412842,16.223566015866652,-116.82245680322542,3.4023498260365415,16.223566015866652,-116.82245680322542,3.4023498260365415,2.7719102776295723e-17,-0.19627188866480705,0.7509868511878127,-0.6304729138218101,-37.0535,2.616500000000002,143.75549999999998,-89.09625,91.71275,52.04275,2.77225,41.50687716764119,-146.8769115691155,-10.132975287444083,41.50687716764119,-146.8769115691155,-10.132975287444083,0.0,-0.623909751981455,0.772413546191996,-0.11880208348991346
19.202378749847412,0,0,0,0,0,0,0,0,0,1,-37.642,1.7849999999999966,130.9985,-83.42775,85.21275,45.78575,2.77225,0,0,0,0,0,0,0,0,0,1
19.25664258003235,16.896020200268737,-115.90812256927174,1.8639421172348563,16.896020200268737,-115.90812256927174,1.8639421172348563,-2.4799601861192544e-17,-0.20917620378151153,0.8393958027324826,-0.5016572556304222,-37.842000000000006,1.7849999999999966,116.79849999999999,-76.42775,78.21275,38.58575,2.77225,41.528178997962414,-146.8408896938883,-10.166867123187842,41.528178997962414,-146.8408896938883,-10.166867123187842,0.0,-0.6255171026226178,0.7722020704827733,-0.11150029896248279
19.306723594665527,0,0,0,0,0,0,0,0,0,1,-37.842000000000006,2.5402500000000003,107.55375000000001,-71.42775,73.968,33.58575,2.77225,0,0,0,0,0,0,0,0,0,1
19.38385272026062,19.1183746465162,-113.91966725780321,1.2522345158951254,19.1183746465162,-113.91966725780321,1.2522345158951254,-7.727401623278177e-18,-0.32717688501447734,0.8979595266543888,-0.2943195107410477,-35.064750000000004,8.094000000000001,100.08475000000001,-63.527750000000005,71.62175,28.463,2.77225,41.543994894510206,-146.47559268815374,-10.164046659085457,41.543994894510206,-146.47559268815374,-10.164046659085457,9.050158157322877e-18,-0.633539991378508,0.7667152090919722,-0.10380205908927445
19.439128875732422,0,0,0,0,0,0,0,0,0,1,-30.283500000000004,12.064249999999994,97.83625,-58.027750000000005,70.092,27.74425,2.77225,0,0,0,0,0,0,0,0,0,1
19.501147508621216,20.8505056743781,-112.89411042760165,0.7459191099030562,20.8505056743781,-112.89411042760165,0.7459191099030562,-2.34621702247982e-17,-0.40938232159490234,0.8872445094494973,-0.21261066581262747,-25.927,17.639500000000005,96.46300000000001,-52.37525,70.01475,26.44825,2.77225,41.6518476773536,-146.53142683309753,-10.09659055861021,41.6518476773536,-146.53142683309753,-10.09659055861021,-1.8098123728878868e-17,-0.6335745492426499,0.7668080965580928,-0.1029010865099475
19.552095890045166,0,0,0,0,0,0,0,0,0,1,-25.375499999999995,19.95575000000001,94.69825,-50.059,70.01475,24.683500000000002,2.77225,0,0,0,0,0,0,0,0,0,1
19.619804620742798,21.230614017452297,-112.62520408587825,0.589052839129721,21.230614017452297,-112.62520408587825,0.589052839129721,1.5714434093700432e-17,-0.42474689255246995,0.88312361266498,-0.19920532628565735,-25.510749999999998,19.585,91.99075,-48.95825,68.54325,23.4475,2.77225,41.65976771283607,-146.43175026129856,-10.074188458879064,41.65976771283607,-146.43175026129856,-10.074188458879064,9.057314742579305e-18,-0.6347879874849082,0.7661093934703209,-0.10060123349838702
19.683041095733643,0,0,0,0,0,0,0,0,0,1,-29.2455,16.2695,81.9855,-47.48075,63.75025,18.23525,2.77225,0,0,0,0,0,0,0,0,0,1
19.755372047424316,21.80899730319777,-112.4534019407451,0.30312138283653667,21.80899730319777,-112.4534019407451,0.30312138283653667,1.5817775196339456e-17,-0.4447178685115562,0.8773539663799278,-0.18021108485314363,-32.43225,18.1815,73.08425,-43.667500000000004,61.849000000000004,11.23525,2.77225,41.667265517035446,-146.43305847392213,-10.053162962168656,41.667265517035446,-146.43305847392213,-10.053162962168656,-1.8114641334084736e-17,-0.6348834010363039,0.7661088923522785,-0.10000116072996719
19.807329416275024,0,0,0,0,0,0,0,0,0,1,-36.7285,17.06425,66.23725,-42.95075,60.015,6.22225,2.77225,0,0,0,0,0,0,0,0,0,1
19.876205444335938,23.826339040709684,-111.22667781693319,-0.5920211969518405,23.826339040709684,-111.22667781693319,-0.5920211969518405,4.074798028082152e-18,-0.5103247506867105,0.851440225513839,-0.12090571207966072,-35.9285,15.052999999999997,56.134,-38.50475,53.55775,2.57625,2.77225,41.6979456462102,-146.4401578300086,-10.05027699318444,41.6979456462102,-146.4401578300086,-10.05027699318444,1.3589480326299852e-17,-0.6355099180951795,0.765911617364608,-0.09750147890462105
19.932366371154785,0,0,0,0,0,0,0,0,0,1,-31.295250000000003,15.150500000000001,49.469750000000005,-32.80725,47.957750000000004,1.512,2.77225,0,0,0,0,0,0,0,0,0,1
19.99679160118103,27.298036824803432,-109.52313065629282,-2.2614946371097915,27.298036824803432,-109.52313065629282,-2.2614946371097915,8.633406234648393e-18,-0.5915472032392212,0.8037260978244499,-0.06400207821421523,-26.062500000000004,15.0505,42.4025,-26.707250000000002,41.75775,0.64475,2.77225,41.727562067651206,-146.43736381884227,-10.04639613211603,41.727562067651206,-146.43736381884227,-10.04639613211603,2.2658071135260437e-17,-0.6365913707513382,0.7656095108984076,-0.09270115159389028
20.060989379882812,0,0,0,0,0,0,0,0,0,1,-19.5065,14.950499999999998,35.6585,-20.10725,35.05775,0.60075,2.77225,0,0,0,0,0,0,0,0,0,1
20.118288278579712,32.594849494919686,-107.35758447889984,-3.65891557987338,32.594849494919686,-107.35758447889984,-3.65891557987338,5.939179501413402e-19,-0.6831970407412237,0.7302033368262312,-0.006700030617277116,-13.7065,15.0505,29.9585,-14.30725,29.35775,0.60075,2.77225,41.993762740909375,-146.17030163640237,-10.10568350233389,41.993762740909375,-146.17030163640237,-10.10568350233389,4.5698247963885865e-18,-0.6456872545800875,0.759207870440772,-0.08180084800059953
20.177157878875732,0,0,0,0,0,0,0,0,0,1,-7.8572500000000005,15.099750000000002,24.158500000000004,-8.458,23.557750000000002,0.60075,2.77225,0,0,0,0,0,0,0,0,0,1
20.23775553703308,33.42254291763393,-107.23137879148433,-3.727440921606231,33.42254291763393,-107.23137879148433,-3.727440921606231,2.2571838307060324e-19,-0.6934524613138519,0.7205010228252252,0.001400001987446655,-4.212750000000001,12.544249999999998,17.9585,-4.8135,17.35775,0.60075,2.77225,42.02956633800255,-146.18094875479142,-10.06204016028498,42.02956633800255,-146.18094875479142,-10.06204016028498,1.832045836303028e-17,-0.6478254893704642,0.7575022159827126,-0.08070023607895034
20.300413846969604,0,0,0,0,0,0,0,0,0,1,-3.21775,7.2445,11.66375,-3.8185000000000002,11.063,0.60075,2.77225,0,0,0,0,0,0,0,0,0,1
20.3703875541687,33.696265569508654,-107.13156868380467,-3.7237190597537904,33.696265569508654,-107.13156868380467,-3.7237190597537904,-9.063946525885029e-19,-0.6963337721203972,0.7177020535519807,0.004800013734219739,-0.531,5.58775,7.32025,-1.13175,6.7195,0.60075,2.77225,42.042753062090895,-146.198684377402,-10.07260226227433,42.042753062090895,-146.198684377402,-10.07260226227433,-9.160157586196105e-18,-0.6477935415026722,0.7575081365809461,-0.0809008689761037
20.449113368988037,0,0,0,0,0,0,0,0,0,1,1.0675,5.73875,7.04625,-0.12,5.85875,1.1875,2.77225,0,0,0,0,0,0,0,0,0,1
20.49068856239319,33.74357046678648,-107.16405748007543,-3.7521219611973464,33.74357046678648,-107.16405748007543,-3.7521219611973464,-1.5106577762015606e-18,-0.6963330863291377,0.717702043153448,0.00490001394935474,6.556500000000001,3.6195000000000004,7.529000000000001,1.3235000000000001,2.2960000000000003,5.2330000000000005,2.77225,42.09785453444445,-146.14250974396606,-10.069732017893784,42.09785453444445,-146.14250974396606,-10.069732017893784,-9.169811829320781e-18,-0.6488242155079488,0.7567106101043297,-0.08010112312588452
20.57356834411621,0,0,0,0,0,0,0,0,0,1,15.98525,7.415000000000001,10.56525,6.4175,0.9975,9.56775,2.77225,0,0,0,0,0,0,0,0,0,1
20.61532950401306,33.860844570273514,-107.1129349223122,-3.833566842798689,33.860844570273514,-107.1129349223122,-3.833566842798689,-1.8160788027784013e-18,-0.6976535451359915,0.7164020663597596,0.0069000199021249905,20.67875,9.51175,9.9985,10.096,-0.58425,10.58275,2.77225,42.11772227581184,-146.1296339277629,-10.076015823274474,42.11772227581184,-146.1296339277629,-10.076015823274474,9.17345047731296e-18,-0.6492233428409777,0.7564104609348405,-0.07970110224286986
20.681990146636963,0,0,0,0,0,0,0,0,0,1,25.966749999999998,8.8015,12.126249999999999,11.321,-2.5195,14.64575,2.77225,0,0,0,0,0,0,0,0,0,1
20.73942542076111,33.90713760988055,-107.06758499318445,-3.832985110858459,33.90713760988055,-107.06758499318445,-3.832985110858459,-1.818366452445199e-18,-0.6985638124199688,0.7155007755631783,0.008200008888355086,35.18175,7.890000000000001,12.70375,15.184000000000001,-7.2940000000000005,19.99775,2.77225,42.11653510767138,-146.13075370260242,-10.066149885097346,42.11653510767138,-146.13075370260242,-10.066149885097346,-4.587911809227058e-18,-0.6494756592530643,0.7562148306721973,-0.07950155916217892
20.801148176193237,0,0,0,0,0,0,0,0,0,1,43.97625,10.7745,12.608250000000002,21.07125,-10.29675,22.905,2.77225,0,0,0,0,0,0,0,0,0,1
20.883917570114136,33.97317493044824,-107.02037238994583,-3.829816138205956,33.97317493044824,-107.02037238994583,-3.829816138205956,-3.640294518268947e-18,-0.6992663387508483,0.7148007395848204,0.009300009622466193,52.15875,13.923499999999999,12.65225,26.715,-12.791500000000001,25.44375,2.77225,42.12522008001122,-146.13094214038648,-10.054990326564074,42.12522008001122,-146.13094214038648,-10.054990326564074,9.177103926607523e-18,-0.6496107796692767,0.7561093302854545,-0.07940097979720286
20.92180609703064,0,0,0,0,0,0,0,0,0,1,55.81675,11.01775,12.424,27.20525,-16.1875,28.6115,2.77225,0,0,0,0,0,0,0,0,0,1
20.999387979507446,34.04015249834296,-106.99406629605224,-3.818771011544662,34.04015249834296,-106.99406629605224,-3.818771011544662,-6.072255005158136e-19,-0.6998666587214549,0.7142006859491367,0.010200009796529253,62.61875,8.212249999999997,8.326999999999998,31.252,-23.03975,31.36675,2.77225,42.115471399937604,-146.12086033534965,-10.065154993013167,42.115471399937604,-146.12086033534965,-10.065154993013167,9.179479553068269e-18,-0.64986282057069,0.7559136510727215,-0.07920143030157367
21.078211545944214,34.080951688811496,-106.9782080308987,-3.8323335143902284,34.080951688811496,-106.9782080308987,-3.8323335143902284,2.430941356429738e-18,-0.7004622852735191,0.7136015319285821,0.011200024043722142,69.35425000000001,11.036749999999998,8.206499999999998,36.09225,-25.055500000000002,33.262,2.77225,42.09597403979032,-146.100696725276,-10.085484325911366,42.09597403979032,-146.100696725276,-10.085484325911366,2.2951901483861096e-17,-0.6499977370356501,0.7558081744105599,-0.07910085551187523
21.120317935943604,0,0,0,0,0,0,0,0,0,1,76.45375000000001,10.554250000000003,11.736000000000004,37.636,-27.08175,38.817750000000004,2.77225,0,0,0,0,0,0,0,0,0,1
21.171014547348022,0,0,0,0,0,0,0,0,0,1,80.9705,8.269499999999997,9.9665,39.63675,-31.367250000000002,41.33375,2.77225,0,0,0,0,0,0,0,0,0,1
21.24602961540222,34.09138928126234,-106.99015634152764,-3.9033848657985075,34.09138928126234,-106.99015634152764,-3.9033848657985075,-1.2159836111705009e-18,-0.7007572781327795,0.7133005165698614,0.011900008617946657,89.09775,11.3885,8.258249999999997,46.114000000000004,-34.725500000000004,42.98375,2.77225,42.107033348411136,-146.09864561338105,-10.094056643732365,42.107033348411136,-146.09864561338105,-10.094056643732365,0.0,-0.6501457491488785,0.755712157550465,-0.07880126771864054
21.304267168045044,0,0,0,0,0,0,0,0,0,1,96.49575000000002,13.04775,11.3215,49.111000000000004,-36.063250000000004,47.384750000000004,2.77225,0,0,0,0,0,0,0,0,0,1
21.377440690994263,34.125754375265245,-106.98288323100327,-3.938967757438647,34.125754375265245,-106.98288323100327,-3.938967757438647,4.867346475793143e-18,-0.701258990343973,0.7128004897962931,0.012300008451872064,101.28075000000001,8.740500000000004,8.576250000000002,50.722500000000004,-41.982,50.55825,2.77225,42.136402849038745,-146.11787788639927,-10.072433690478029,42.136402849038745,-146.11787788639927,-10.072433690478029,3.214094643764388e-17,-0.6502605510985503,0.7556133641177126,-0.07880139371688165
21.42848253250122,0,0,0,0,0,0,0,0,0,1,106.56075,9.65925,6.4879999999999995,54.866,-45.20675,51.69475,2.77225,0,0,0,0,0,0,0,0,0,1
21.491385221481323,35.19279211344195,-106.6409416826201,-4.288691137835201,35.19279211344195,-106.6409416826201,-4.288691137835201,0.0,0.7106997547203752,-0.7030994946954177,-0.023599983039129375,110.85825,11.829749999999997,6.577999999999996,58.055,-46.22525,52.80325,2.77225,42.20763524786858,-146.1311452615167,-10.06536813215343,42.20763524786858,-146.1311452615167,-10.06536813215343,0.0,-0.6511498102409847,0.7551040800512109,-0.0763004122737484
21.55191993713379,0,0,0,0,0,0,0,0,0,1,114.99225,9.182249999999996,5.826499999999996,59.174,-49.99175,55.81825,2.77225,0,0,0,0,0,0,0,0,0,1
21.61337161064148,36.465351470205974,-106.49821398273659,-3.7443369450541297,36.465351470205974,-106.49821398273659,-3.7443369450541297,-1.7725129077987943e-18,0.7340102299160761,-0.6790958865125617,0.007599953964799692,119.88775000000001,8.791250000000005,2.8740000000000023,62.9025,-54.11125,56.98525,2.77225,42.39426125553135,-146.05147706018087,-10.155499763447764,42.39426125553135,-146.05147706018087,-10.155499763447764,-1.3840751775470328e-17,-0.6554915497757744,0.7520069014103211,-0.06940063691206953
21.71389079093933,37.63569511395252,-106.384024906042,-3.327016192747678,37.63569511395252,-106.384024906042,-3.327016192747678,-4.589470328776222e-18,0.7559580307557492,-0.6535961379677769,0.03659978373564968,123.72025,8.819999999999993,3.328249999999997,64.606,-55.786,59.11425,2.77225,42.44550245258711,-146.08863339359374,-10.133279353649513,42.44550245258711,-146.08863339359374,-10.133279353649513,1.8451944980111076e-17,-0.6555575691835372,0.75210433495076,-0.06770039020897016
21.807505130767822,0,0,0,0,0,0,0,0,0,1,135.24325,12.006000000000007,4.867749999999994,71.19075000000001,-59.18475,64.0525,2.77225,0,0,0,0,0,0,0,0,0,1
21.87766718864441,38.95223595611347,-106.17298646688832,-3.012877707168869,38.95223595611347,-106.17298646688832,-3.012877707168869,-4.402804716622656e-18,0.7880083663158671,-0.6139883815029491,0.045399140912433036,138.20350000000002,9.013749999999995,2.7687500000000043,72.22425,-63.2105,65.97925000000001,2.77225,42.4797440861833,-146.09237342516164,-10.159991199196682,42.4797440861833,-146.09237342516164,-10.159991199196682,1.3846249738463775e-17,-0.6564121050921363,0.7517083002588999,-0.06370070337434075
21.931199312210083,0,0,0,0,0,0,0,0,0,1,144.52875,12.012749999999997,3.307000000000002,76.61725,-64.6045,67.9115,2.77225,0,0,0,0,0,0,0,0,0,1
21.991211652755737,41.16691442145171,-106.02410021407337,-2.6281282056880713,41.16691442145171,-106.02410021407337,-2.6281282056880713,-2.117524415726022e-18,0.8192224198661879,-0.5723823408440059,0.03539890787190393,149.01975,12.346000000000004,2.1017499999999956,79.632,-67.286,69.38775,2.77225,42.49431304916254,-146.15490834689388,-10.226151072848722,42.49431304916254,-146.15490834689388,-10.226151072848722,0.0,-0.6553918136591258,0.7527069408326358,-0.062400575405814375
22.058462142944336,0,0,0,0,0,0,0,0,0,1,151.013,9.758750000000006,-1.6542500000000047,81.21300000000001,-71.45425,69.8,2.77225,0,0,0,0,0,0,0,0,0,1
22.124155282974243,42.31515920823742,-106.03889093536789,-2.258513346431812,42.31515920823742,-106.03889093536789,-2.258513346431812,1.0304040207719454e-17,0.8417685883432444,-0.536988468674202,0.055398810362291974,155.55925000000002,12.648250000000004,-2.2324999999999875,85.22,-72.57175,70.33925,2.77225,42.47308282918502,-146.24786243817454,-10.229120024497533,42.47308282918502,-146.24786243817454,-10.229120024497533,-1.3815036142940787e-17,-0.6545872806578582,0.7534067047069799,-0.06240055531419636
22.173831939697266,0,0,0,0,0,0,0,0,0,1,156.65125,10.752250000000004,-4.9375,86.1705,-75.41825,70.48075,2.77225,0,0,0,0,0,0,0,0,0,1
22.2479887008667,43.74188506064047,-106.47242439585611,-1.548159856455186,43.74188506064047,-106.47242439585611,-1.548159856455186,1.2077215653115102e-17,0.8618162625237379,-0.49867843624923736,0.09269599165892178,158.5155,10.70174999999999,-6.518749999999997,87.868,-77.16625,70.64750000000001,2.77225,42.421742346139695,-146.3876631089906,-10.200485652842929,42.421742346139695,-146.3876631089906,-10.200485652842929,9.209959295619197e-18,-0.6544559042278212,0.753412005545755,-0.06370101506937165
22.313880443572998,0,0,0,0,0,0,0,0,0,1,161.8345,10.350250000000003,-6.758250000000004,89.4715,-79.12125,72.363,2.77225,0,0,0,0,0,0,0,0,0,1
22.37991237640381,44.595181389710376,-106.7210456040484,-1.0784015466481094,44.595181389710376,-106.7210456040484,-1.0784015466481094,0.0,0.8753400939215205,-0.4709921729924325,0.10929818366894453,162.01875,10.212500000000006,-8.281750000000002,90.2565,-80.044,71.76225,2.77225,42.386086383870406,-146.53194671064594,-10.211016305624895,42.386086383870406,-146.53194671064594,-10.211016305624895,-2.3052661208247443e-17,-0.6553614948846213,0.7525046502467072,-0.06510040230041281
22.425418615341187,0,0,0,0,0,0,0,0,0,1,161.62725,8.117500000000007,-8.812749999999994,89.27875,-81.16125,72.3485,2.77225,0,0,0,0,0,0,0,0,0,1
22.50713562965393,45.1495511303236,-106.86862074810985,-1.028443889100302,45.1495511303236,-106.86862074810985,-1.028443889100302,3.92233385059175e-18,0.884536371484592,-0.4517926889200594,0.11609812125634991,161.51375000000002,8.584249999999997,-8.203500000000005,89.15075,-80.5665,72.363,2.77225,42.36248182761196,-146.62714035160562,-10.194253380919463,42.36248182761196,-146.62714035160562,-10.194253380919463,4.61481596057444e-18,-0.6561824870703787,0.7518061351945543,-0.06490052962772888
22.582701444625854,0,0,0,0,0,0,0,0,0,1,160.9225,8.109750000000005,-9.26925,89.15075,-81.041,71.77175,2.77225,0,0,0,0,0,0,0,0,0,1
22.623488187789917,45.09442989768928,-106.7999178073466,-0.9664636047886432,45.09442989768928,-106.7999178073466,-0.9664636047886432,-3.9183544793750565e-18,0.8854346818838508,-0.44927289340917026,0.11899282064476142,162.454,9.195750000000004,-7.758749999999992,89.70425,-80.5085,72.74975,2.77225,42.3644857826728,-146.65794022820342,-10.187372118994844,42.3644857826728,-146.65794022820342,-10.187372118994844,-9.234539858507817e-18,-0.6566892238892322,0.7514065681913105,-0.06440056293787648
22.712894678115845,0,0,0,0,0,0,0,0,0,1,163.29225000000002,8.3005,-8.214749999999995,89.90375,-81.60325,73.38850000000001,2.77225,0,0,0,0,0,0,0,0,0,1
22.76089906692505,45.12587496372146,-106.90688217301607,-0.974820177002286,45.12587496372146,-106.90688217301607,-0.974820177002286,-1.5674894598622377e-17,0.88535126794627,-0.4495695542320621,0.11849197548153774,166.16475,7.742000000000004,-7.301249999999996,90.604,-82.862,75.56075,2.77225,42.35923885434764,-146.66540560799308,-10.21925844596656,42.35923885434764,-146.66540560799308,-10.21925844596656,9.236958659595193e-18,-0.6569338496702242,0.7512098039649907,-0.06420083787879712
22.804629802703857,0,0,0,0,0,0,0,0,0,1,166.849,6.884,-7.474999999999994,90.604,-83.72,76.245,2.77225,0,0,0,0,0,0,0,0,0,1
22.87424874305725,45.59698416100329,-106.81532439443589,-1.0800499133788577,45.59698416100329,-106.81532439443589,-1.0800499133788577,1.9425901834804274e-17,0.8929950798314046,-0.4386802249440288,0.10059546530514998,168.16750000000002,6.686749999999989,-6.599249999999998,90.72675,-84.04,77.44075000000001,2.77225,42.36361714568943,-146.69396593491183,-10.232109060396212,42.36361714568943,-146.69396593491183,-10.232109060396212,-9.234507320080768e-18,-0.6567252773417586,0.7514092158244711,-0.06400078495177822
22.939173698425293,0,0,0,0,0,0,0,0,0,1,171.76525,6.992500000000007,-5.871749999999992,92.31475,-85.32225,79.4505,2.77225,0,0,0,0,0,0,0,0,0,1
22.998067140579224,46.27434460063833,-106.69431517043873,-1.1571187301924226,46.27434460063833,-106.69431517043873,-1.1571187301924226,-3.851189456339019e-18,0.9008767268623826,-0.42658355582232665,0.08029690467072866,174.4505,6.260000000000005,-6.143500000000003,93.427,-87.167,81.0235,2.77225,42.35918700428465,-146.7333509661388,-10.247248187266173,42.35918700428465,-146.7333509661388,-10.247248187266173,-9.230884552091342e-18,-0.6564556264186817,0.7517041151094407,-0.06330034652976932
23.084529161453247,0,0,0,0,0,0,0,0,0,1,177.40775000000002,6.8402499999999975,-6.576499999999996,95.41225,-88.572,81.9955,2.77225,0,0,0,0,0,0,0,0,0,1
23.12790608406067,47.177987004962034,-106.76972069112753,-1.350882536301043,47.177987004962034,-106.76972069112753,-1.350882536301043,-1.1361334637115341e-17,0.9161195571036835,-0.39407359088858096,0.07369506127502772,180.93975,7.6980000000000075,-6.3627500000000055,97.50025000000001,-89.80225,83.4395,2.77225,42.35651389712734,-146.8255621581481,-10.237763960025603,42.35651389712734,-146.8255621581481,-10.237763960025603,0.0,-0.6560637394641935,0.7521047534916178,-0.06260039565027958
23.17592978477478,0,0,0,0,0,0,0,0,0,1,181.97225,6.9694999999999965,-7.660250000000005,98.301,-91.3315,83.67125,2.77225,0,0,0,0,0,0,0,0,0,1
23.24340009689331,47.91824640493425,-106.94477277434424,-1.2309959694376857,47.91824640493425,-106.94477277434424,-1.2309959694376857,-3.7323721014195226e-18,0.9295554831293723,-0.36076545004022587,0.07599272229228703,180.73025,8.347250000000003,-8.354,98.71575,-90.3685,82.0145,2.77225,42.33597700366349,-146.96144904295832,-10.215114665479724,42.33597700366349,-146.96144904295832,-10.215114665479724,0.0,-0.6553918136591258,0.7527069408326358,-0.062400575405814375
23.30671238899231,0,0,0,0,0,0,0,0,0,1,182.47,8.591499999999996,-8.240499999999997,99.651,-91.0595,82.819,2.77225,0,0,0,0,0,0,0,0,0,1
23.36947202682495,48.26893872436213,-107.20654517604231,-1.1678286772406068,48.26893872436213,-107.20654517604231,-1.1678286772406068,-1.859564188849816e-18,0.9328656071021534,-0.3504855082416242,0.08319656001627143,186.1445,7.919749999999993,-8.149749999999997,101.107,-93.18725,85.03750000000001,2.77225,42.31343615513879,-147.06653605117077,-10.19934663285845,42.31343615513879,-147.06653605117077,-10.19934663285845,9.214898385610121e-18,-0.6550074414148248,0.7530081845224604,-0.06280068258699936
23.43187165260315,0,0,0,0,0,0,0,0,0,1,187.30825,6.970249999999993,-7.935500000000005,101.107,-94.13675,86.20125,2.77225,0,0,0,0,0,0,0,0,0,1
23.494529247283936,48.724145068608266,-107.3395409008815,-1.0673332975826781,48.724145068608266,-107.3395409008815,-1.0673332975826781,-9.228512170728969e-18,0.9398716953958244,-0.32948437402501524,0.08989573664597535,192.1095,2.438999999999993,-7.665500000000009,101.107,-98.668,91.0025,2.77225,42.288891351553275,-147.14082318278543,-10.190459862161802,42.288891351553275,-147.14082318278543,-10.190459862161802,4.605001957903713e-18,-0.6545086105935067,0.7534083554511614,-0.06320070090856572
23.552049160003662,0,0,0,0,0,0,0,0,0,1,197.49450000000002,-2.3597500000000053,-7.079250000000002,101.107,-103.46675,96.3875,2.77225,0,0,0,0,0,0,0,0,0,1
23.613093614578247,49.02498403483483,-107.1697356083187,-1.6301495011672742,49.02498403483483,-107.1697356083187,-1.6301495011672742,3.664328749591237e-18,0.946816508300637,-0.3181742793914273,0.04799612008418762,199.762,-3.88600000000001,-6.338000000000008,101.107,-104.99300000000001,98.655,2.77225,42.28359257316512,-147.2162339207208,-10.250335930433138,42.28359257316512,-147.2162339207208,-10.250335930433138,9.203840285284156e-18,-0.6539658760228904,0.7539128981846517,-0.06280107442100559
23.697176694869995,0,0,0,0,0,0,0,0,0,1,198.66375,-3.88600000000001,-7.436250000000001,101.107,-104.99300000000001,97.55675000000001,2.77225,0,0,0,0,0,0,0,0,0,1
23.742843866348267,49.38302631697175,-107.1580440595572,-2.6702788353799747,49.38302631697175,-107.1580440595572,-2.6702788353799747,9.0832915756232e-19,0.9548980463383332,-0.29677866222158933,-0.009599309829269737,198.99200000000002,-3.88600000000001,-7.108000000000004,101.107,-104.99300000000001,97.885,2.77225,42.2709954754645,-147.37732180793128,-10.270135064848311,42.2709954754645,-147.37732180793128,-10.270135064848311,9.190536038110789e-18,-0.6527535724871995,0.7550042647276958,-0.06230035191064301
23.834569692611694,49.44426311491458,-107.18325591382235,-2.65563585131855,49.44426311491458,-107.18325591382235,-2.65563585131855,3.856602532642445e-18,0.9558380349672605,-0.2936917560634716,-0.01089969404525652,199.7425,-3.88600000000001,-6.357500000000002,101.107,-104.99300000000001,98.63550000000001,2.77225,42.272772269992686,-147.5550255429128,-10.31036223942997,42.272772269992686,-147.5550255429128,-10.31036223942997,-2.753851946198369e-17,-0.6517408836444695,0.755911433091334,-0.06190093624600287
23.883403778076172,0,0,0,0,0,0,0,0,0,1,200.38075,-3.88600000000001,-5.719250000000002,101.107,-104.99300000000001,99.27375,2.77225,0,0,0,0,0,0,0,0,0,1
23.927085876464844,0,0,0,0,0,0,0,0,0,1,200.38075,-3.88600000000001,-5.719250000000002,101.107,-104.99300000000001,99.27375,2.77225,0,0,0,0,0,0,0,0,0,1
24.000855684280396,49.43983297350982,-107.2226409450493,-2.670774978188504,49.43983297350982,-107.2226409450493,-2.670774978188504,-1.3611195342012829e-18,0.9558621225328815,-0.293586537577244,-0.011599468105912909,199.78525000000002,-3.88600000000001,-6.314750000000004,101.107,-104.99300000000001,98.67825,2.77225,42.2638403768394,-147.57686338931325,-10.303779705777316,42.2638403768394,-147.57686338931325,-10.303779705777316,4.589144688127993e-18,-0.6516435706554278,0.7560116727042819,-0.061700952653246294
24.060185432434082,0,0,0,0,0,0,0,0,0,1,200.37525,-3.88600000000001,-5.72475,101.107,-104.99300000000001,99.26825000000001,2.77225,0,0,0,0,0,0,0,0,0,1
24.127668857574463,49.46526617435944,-107.23720568092541,-2.699775336175989,49.46526617435944,-107.23720568092541,-2.699775336175989,-2.7203982254530725e-18,0.9565089366766673,-0.2913764657917159,-0.0137988854767525,198.666,-3.88600000000001,-7.434000000000012,101.107,-104.99300000000001,97.559,2.77225,42.26371691643271,-147.58787653140553,-10.29490865968436,42.26371691643271,-147.58787653140553,-10.29490865968436,-1.3763945665572984e-17,-0.6514401866236479,0.7562032798410896,-0.06150026674190296
24.183390855789185,0,0,0,0,0,0,0,0,0,1,199.05349999999999,-3.88600000000001,-7.046500000000009,101.107,-104.99300000000001,97.9465,2.77225,0,0,0,0,0,0,0,0,0,1
24.25145125389099,49.48750825200773,-107.22209031504325,-2.7257910179109572,49.48750825200773,-107.22209031504325,-2.7257910179109572,4.531243157944739e-19,0.9570902595103917,-0.2893805574243001,-0.015398965391617902,199.69025,-3.88600000000001,-6.4097500000000025,101.107,-104.99300000000001,98.58325,2.77225,42.267154960447414,-147.59553034897925,-10.315635428122803,42.267154960447414,-147.59553034897925,-10.315635428122803,0.0,-0.6513426939490788,0.7563034909015453,-0.061300282946270934
24.33190894126892,0,0,0,0,0,0,0,0,0,1,198.4985,-3.88600000000001,-7.6015000000000015,101.107,-104.99300000000001,97.39150000000001,2.77225,0,0,0,0,0,0,0,0,0,1
24.38142418861389,49.488571959741506,-107.231983682296,-2.7267859099951295,49.488571959741506,-107.231983682296,-2.7267859099951295,4.529974918710212e-19,0.9573582123003911,-0.28848747667496,-0.015499327169711894,199.09875,-3.88600000000001,-7.001250000000013,101.107,-104.99300000000001,97.99175,2.77225,42.25621911223337,-147.58656831878193,-10.315934156394768,42.25621911223337,-147.58656831878193,-10.315934156394768,0.0,-0.6513426939490788,0.7563034909015453,-0.061300282946270934
24.42445182800293,0,0,0,0,0,0,0,0,0,1,198.91375,-3.88600000000001,-7.186250000000001,101.107,-104.99300000000001,97.80675000000001,2.77225,0,0,0,0,0,0,0,0,0,1
24.504939079284668,49.47988698740167,-107.23179524451193,-2.7379454685283946,49.47988698740167,-107.23179524451193,-2.7379454685283946,1.8116919804017556e-18,0.9575156785714312,-0.2879751303790376,-0.015298678801386375,198.94275,-3.88600000000001,-7.157250000000005,101.107,-104.99300000000001,97.83575,2.77225,42.267154960447414,-147.59553034897925,-10.315635428122803,42.267154960447414,-147.59553034897925,-10.315635428122803,9.174648899469144e-18,-0.6513425544942231,0.7563116561668883,-0.061200943220168655
24.5589120388031,0,0,0,0,0,0,0,0,0,1,198.75725,-3.88600000000001,-7.342750000000009,101.107,-104.99300000000001,97.65025,2.77225,0,0,0,0,0,0,0,0,0,1
24.62084412574768,49.49094629602243,-107.22974413261697,-2.7465177863493935,49.49094629602243,-107.22974413261697,-2.7465177863493935,-2.7172028904572426e-18,0.9576337575319375,-0.287592746667987,-0.015099619174849109,198.68375,-3.88600000000001,-7.416250000000005,101.107,-104.99300000000001,97.57675,2.77225,42.26178457171562,-147.6140088708612,-10.338650709001548,42.26178457171562,-147.6140088708612,-10.338650709001548,9.174648899469144e-18,-0.6513425544942231,0.7563116561668883,-0.061200943220168655
24.706947088241577,0,0,0,0,0,0,0,0,0,1,198.75725,-3.88600000000001,-7.342750000000009,101.107,-104.99300000000001,97.65025,2.77225,0,0,0,0,0,0,0,0,0,1
24.76194930076599,49.510567116576425,-107.23889460059837,-2.735059499544164,49.510567116576425,-107.23889460059837,-2.735059499544164,-5.88670306786993e-18,0.9577264611317737,-0.2872943167404421,-0.014899705253855162,198.70350000000002,-3.88600000000001,-7.396500000000003,101.107,-104.99300000000001,97.5965,2.77225,42.2519124312353,-147.61494020791662,-10.339944329357678,42.2519124312353,-147.61494020791662,-10.339944329357678,-9.173541030968947e-18,-0.6512365473483126,0.7564029942725745,-0.061200242265311414
24.833310842514038,0,0,0,0,0,0,0,0,0,1,199.024,-3.88600000000001,-7.076000000000008,101.107,-104.99300000000001,97.917,2.77225,0,0,0,0,0,0,0,0,0,1
24.877431392669678,49.5150688683249,-107.25644178542487,-2.7567811600667795,49.5150688683249,-107.25644178542487,-2.7567811600667795,-3.169529309622024e-18,0.9577971321304605,-0.28707914279860536,-0.014498946605990165,198.5735,-3.88600000000001,-7.526500000000013,101.107,-104.99300000000001,97.4665,2.77225,42.272596959522986,-147.63398404315078,-10.329480934636628,42.272596959522986,-147.63398404315078,-10.329480934636628,9.173441839804762e-18,-0.6512363755478886,0.7564111731540566,-0.061100902537959904
24.924612760543823,0,0,0,0,0,0,0,0,0,1,200.03225,-3.88600000000001,-6.067750000000004,101.107,-104.99300000000001,98.92525,2.77225,0,0,0,0,0,0,0,0,0,1
25.003554582595825,49.50638389598507,-107.2562533476408,-2.7679407186000518,49.50638389598507,-107.2562533476408,-2.7679407186000518,4.074845495452705e-18,0.9578590955911049,-0.2868873138103098,-0.01419937210214848,199.78125,-3.88600000000001,-6.3187500000000085,101.107,-104.99300000000001,98.67425,2.77225,42.252976138969075,-147.6248335751694,-10.340939221441857,42.252976138969075,-147.6248335751694,-10.340939221441857,9.173441839804762e-18,-0.6512363755478886,0.7564111731540566,-0.061100902537959904
25.080849647521973,0,0,0,0,0,0,0,0,0,1,200.38075,-3.88600000000001,-5.719250000000002,101.107,-104.99300000000001,99.27375,2.77225,0,0,0,0,0,0,0,0,0,1
25.1270534992218,49.486639615024416,-107.25811602175168,-2.770527959312318,49.486639615024416,-107.25811602175168,-2.770527959312318,2.26366063603974e-18,0.9579193587801298,-0.28669584537410503,-0.013999797123255917,199.78,-3.88600000000001,-6.320000000000007,101.107,-104.99300000000001,98.673,2.77225,42.26166111130891,-147.62502201295348,-10.329779662908592,42.26166111130891,-147.62502201295348,-10.329779662908592,9.173441839804762e-18,-0.6512363755478886,0.7564111731540566,-0.061100902537959904
25.186940670013428,0,0,0,0,0,0,0,0,0,1,200.38075,-3.88600000000001,-5.719250000000002,101.107,-104.99300000000001,99.27375,2.77225,0,0,0,0,0,0,0,0,0,1
25.257675409317017,49.52387730107145,-107.24561708111668,-2.7544926476264706,49.52387730107145,-107.24561708111668,-2.7544926476264706,-9.053765874167258e-19,0.9580121134601142,-0.2863759492836129,-0.014198807541296456,199.7825,-3.88600000000001,-6.31750000000001,101.107,-104.99300000000001,98.6755,2.77225,42.2727204199297,-147.62297090105852,-10.338351980729591,42.2727204199297,-147.62297090105852,-10.338351980729591,-1.8346866717704552e-17,-0.6512449327115941,0.7564118724655327,-0.061000957456897785
25.338114023208618,0,0,0,0,0,0,0,0,0,1,200.378,-3.88600000000001,-5.722000000000008,101.107,-104.99300000000001,99.271,2.77225,0,0,0,0,0,0,0,0,0,1
25.429593324661255,49.53362598114512,-107.2556988861535,-2.7443279811773706,49.53362598114512,-107.2556988861535,-2.7443279811773706,9.052955817394097e-19,0.9580978362027118,-0.28607902172633676,-0.01439894412044477,199.024,-3.88600000000001,-7.076000000000008,101.107,-104.99300000000001,97.917,2.77225,42.26166111130891,-147.62502201295348,-10.329779662908592,42.26166111130891,-147.62502201295348,-10.329779662908592,-1.8346866717704552e-17,-0.6512449327115941,0.7564118724655327,-0.061000957456897785
25.49182629585266,49.51838345193292,-107.27510874509088,-2.7686368824122667,49.51838345193292,-107.27510874509088,-2.7686368824122667,-2.7157345375316055e-18,0.9581515343286486,-0.2858889535035056,-0.014599435890700185,198.4985,-3.88600000000001,-7.6015000000000015,101.107,-104.99300000000001,97.39150000000001,2.77225,42.2580996068875,-147.628381337472,-10.300181848377193,42.2580996068875,-147.628381337472,-10.300181848377193,4.586162991953628e-18,-0.6511389144686756,0.7565031940732855,-0.06100025755250551
25.55874466896057,0,0,0,0,0,0,0,0,0,1,199.09924999999998,-3.88600000000001,-7.000750000000011,101.107,-104.99300000000001,97.99225,2.77225,0,0,0,0,0,0,0,0,0,1
25.62856650352478,49.51838345193292,-107.27510874509088,-2.7686368824122667,49.51838345193292,-107.27510874509088,-2.7686368824122667,0.0,0.9582655085382786,-0.2854859668427546,-0.014999262706274327,198.513,-3.88600000000001,-7.587000000000003,101.107,-104.99300000000001,97.406,2.77225,42.252976138969075,-147.6248335751694,-10.340939221441857,42.252976138969075,-147.6248335751694,-10.340939221441857,9.172317490662774e-18,-0.6511474558925177,0.7565038945687254,-0.06090031352179165
25.683369874954224,0,0,0,0,0,0,0,0,0,1,199.01975,-3.88600000000001,-7.080250000000007,101.107,-104.99300000000001,97.91275,2.77225,0,0,0,0,0,0,0,0,0,1
25.750596523284912,49.5150688683249,-107.25644178542487,-2.7567811600667795,49.5150688683249,-107.25644178542487,-2.7567811600667795,2.2624956886671033e-18,0.9584125865223079,-0.2849759000054125,-0.015298706210816878,198.87324999999998,-3.88600000000001,-7.22675000000001,101.107,-104.99300000000001,97.76625,2.77225,42.24085312261445,-147.61699131981158,-10.331372011536686,42.24085312261445,-147.61699131981158,-10.331372011536686,9.172317490662774e-18,-0.6511474558925177,0.7565038945687254,-0.06090031352179165
25.810540676116943,0,0,0,0,0,0,0,0,0,1,198.4985,-3.88600000000001,-7.6015000000000015,101.107,-104.99300000000001,97.39150000000001,2.77225,0,0,0,0,0,0,0,0,0,1
25.87455105781555,49.53587685701936,-107.26447247856674,-2.7551888114386784,49.53587685701936,-107.26447247856674,-2.7551888114386784,1.3574195570365932e-18,0.9584675572399551,-0.28478554351372765,-0.015399218293930492,198.94275,-3.88600000000001,-7.157250000000005,101.107,-104.99300000000001,97.83575,2.77225,42.23610445005258,-147.62147041916964,-10.291908258828144,42.23610445005258,-147.62147041916964,-10.291908258828144,9.172317490662774e-18,-0.6511474558925177,0.7565038945687254,-0.06090031352179165
25.957298517227173,0,0,0,0,0,0,0,0,0,1,198.39,-3.6027500000000003,-7.250750000000011,101.019,-104.62175,97.371,2.77225,0,0,0,0,0,0,0,0,0,1
26.00316286087036,49.5381277328936,-107.27324607098,-2.7660496416999933,49.5381277328936,-107.27324607098,-2.7660496416999933,-1.8098328311645508e-18,0.9584992857382226,-0.2846787568993053,-0.01539885091763014,194.19875000000002,0.10549999999999216,-7.566249999999997,100.93525,-100.82975,93.26350000000001,2.77225,42.28140539226956,-147.62315933884258,-10.327192422196319,42.28140539226956,-147.62315933884258,-10.327192422196319,-4.5861133405527716e-18,-0.6511386977853392,0.7565113843295109,-0.06090091646486081
26.059345722198486,0,0,0,0,0,0,0,0,0,1,188.416,5.432749999999999,-8.021749999999997,100.93525,-95.5025,87.48075,2.77225,0,0,0,0,0,0,0,0,0,1
26.12018394470215,49.5346896888789,-107.26559225340625,-2.745322873261543,49.5346896888789,-107.26559225340625,-2.745322873261543,-1.3573273956360543e-18,0.9585326363894145,-0.2845930179559798,-0.014899634460801474,185.08100000000002,7.869249999999994,-8.920249999999996,100.93525,-93.066,84.14575,2.77225,42.294592116357904,-147.64089496145314,-10.33775452418567,42.294592116357904,-147.64089496145314,-10.33775452418567,-1.3758365492892814e-17,-0.6511215984011597,0.7565099837795046,-0.0611008063568113
26.177570819854736,0,0,0,0,0,0,0,0,0,1,183.90474999999998,8.768999999999991,-8.655750000000012,100.66475,-91.89575,83.24,2.77225,0,0,0,0,0,0,0,0,0,1
26.245008945465088,49.51662872808694,-107.30273644979667,-2.194238387570124,49.51662872808694,-107.30273644979667,-2.194238387570124,-4.244164017409802e-19,0.9579644260077297,-0.2868861595667457,0.0006999662310795473,179.60125,7.15925,-8.831000000000003,97.79575,-90.6365,81.8055,2.77225,42.276533259300976,-147.6386515802929,-10.27885762339482,42.276533259300976,-147.6386515802929,-10.27885762339482,1.3767550019025378e-17,-0.6515651642797162,0.7560053053359208,-0.0626004393042707
26.305208206176758,0,0,0,0,0,0,0,0,0,1,176.75175000000002,7.675750000000008,-8.941000000000003,96.68425,-89.0085,80.0675,2.77225,0,0,0,0,0,0,0,0,0,1
26.371299028396606,49.47195833031279,-107.36918068347474,-1.8828066625104753,49.47195833031279,-107.36918068347474,-1.8828066625104753,-9.072842484820837e-18,0.9559977916948611,-0.29247886769154585,0.022898345538927858,170.25425,5.714749999999995,-8.15100000000001,92.06,-86.34525000000001,78.19425,2.77225,42.27633818855054,-147.5927325063317,-10.23312578990928,42.27633818855054,-147.5927325063317,-10.23312578990928,2.296712560126305e-17,-0.6521891919425806,0.7553071751745059,-0.0645006127350134
26.430960655212402,0,0,0,0,0,0,0,0,0,1,158.9165,5.263000000000005,-7.740499999999997,85.96000000000001,-80.697,72.9565,2.77225,0,0,0,0,0,0,0,0,0,1
26.487175464630127,48.81194807507674,-107.36568920884086,-1.7185681999381615,48.81194807507674,-107.36568920884086,-1.7185681999381615,-1.460705632034199e-17,0.9500742314855086,-0.30598388497521295,0.06109678226139058,147.81650000000002,5.162999999999997,-7.740499999999997,80.36,-75.197,67.4565,2.77225,42.27101964988168,-147.5432656700679,-10.228151329488412,42.27101964988168,-147.5432656700679,-10.228151329488412,-1.3793086452215731e-17,-0.6528710596215594,0.7546056418858187,-0.06580049196406952
26.55763530731201,0,0,0,0,0,0,0,0,0,1,133.79975000000002,5.546250000000001,-7.740499999999997,73.54325,-67.997,60.2565,2.77225,0,0,0,0,0,0,0,0,0,1
26.630635976791382,46.188786658414045,-106.99631967182353,-1.059788777630743,46.188786658414045,-106.99631967182353,-1.059788777630743,0.0,0.89853165355885,-0.4283721465599861,0.09559378433971681,124.71975,8.194250000000004,-8.418500000000002,70.66625,-62.472,54.0535,2.77225,42.254617628174856,-147.32990608356243,-10.256588286606444,42.254617628174856,-147.32990608356243,-10.256588286606444,1.3813226393454925e-17,-0.6540697816963804,0.7535054128116363,-0.06650047770666731
26.70968747138977,0,0,0,0,0,0,0,0,0,1,121.57900000000001,7.637750000000004,-8.91975,69.06825,-61.4305,52.51075,2.77225,0,0,0,0,0,0,0,0,0,1
26.750289916992188,44.22076287943298,-107.44727872611526,-0.7903108811022435,44.22076287943298,-107.44727872611526,-0.7903108811022435,0.0,0.8607602130099266,-0.49598898857084756,0.11439746026714712,113.962,5.352000000000004,-8.118499999999997,63.71625,-58.36425,50.24575,2.77225,42.244896623747024,-147.08593505824322,-10.280746947115823,42.244896623747024,-147.08593505824322,-10.280746947115823,1.3826011063290894e-17,-0.6546128722621485,0.7528086595775828,-0.06900079371792403
26.80962610244751,0,0,0,0,0,0,0,0,0,1,102.78200000000001,5.4609999999999985,-7.9895,58.11625,-52.65525,44.66575,2.77225,0,0,0,0,0,0,0,0,0,1
26.883365869522095,42.77203304192216,-106.92470177144975,-1.7060593096340355,42.77203304192216,-106.92470177144975,-1.7060593096340355,8.327129211254936e-18,0.8332876466632257,-0.5499860431359789,0.05609857639986986,88.5575,5.261000000000003,-7.814,50.816250000000004,-45.55525,37.74125,2.77225,42.23757413001732,-147.00566834538162,-10.282653748619566,42.23757413001732,-147.00566834538162,-10.282653748619566,9.217341204229027e-18,-0.6543117184721914,0.7528086191193161,-0.07180082206796878
26.923386335372925,0,0,0,0,0,0,0,0,0,1,82.3115,5.34975,-7.074750000000002,47.368,-42.01825,34.9435,2.77225,0,0,0,0,0,0,0,0,0,1
26.996986865997314,41.486368590513564,-106.70847169274393,-2.718043238087006,41.486368590513564,-106.70847169274393,-2.718043238087006,1.07488630400516e-18,0.8069334726440424,-0.590582606315723,0.008399752612685525,78.90899999999999,5.463749999999997,-6.445750000000004,45.40925,-39.9455,33.49975,2.77225,42.2235706190086,-146.95601307133376,-10.288838846731963,42.2235706190086,-146.95601307133376,-10.288838846731963,-1.8434700271754298e-17,-0.6542020560950741,0.7528078896448369,-0.07280076297309264
27.059492349624634,0,0,0,0,0,0,0,0,0,1,72.18925,5.383249999999997,-7.609000000000002,42.59075,-37.2075,29.5985,2.77225,0,0,0,0,0,0,0,0,0,1
27.120342016220093,41.108711799027674,-106.59285004087207,-3.1659349453812737,41.108711799027674,-106.59285004087207,-3.1659349453812737,-5.433660415924659e-19,0.7981376011706492,-0.602395493869577,-0.009799926693097366,62.1045,5.523249999999997,-6.708250000000003,37.168,-31.644750000000002,24.9365,2.77225,42.22837114163346,-146.88358861383,-10.300312858140884,42.22837114163346,-146.88358861383,-10.300312858140884,9.219841603452227e-18,-0.65435786384027,0.7526044592034065,-0.07350043549222746
27.181492567062378,0,0,0,0,0,0,0,0,0,1,55.215500000000006,3.93375,-4.201250000000002,31.675250000000002,-27.741500000000002,23.54025,2.77225,0,0,0,0,0,0,0,0,0,1
27.242684602737427,40.93625578457042,-106.56108244014284,-3.2641680488720795,40.93625578457042,-106.56108244014284,-3.2641680488720795,0.0,0.794455110531317,-0.6070821069565505,-0.01709949601211829,51.01875,3.571749999999998,-6.034500000000001,30.3125,-26.740750000000002,20.70625,2.77225,42.2647920407602,-146.8391700217577,-10.301024746556791,42.2647920407602,-146.8391700217577,-10.301024746556791,1.383715479230232e-17,-0.6548312574227532,0.7522023864075766,-0.07340023286667925
27.328328847885132,0,0,0,0,0,0,0,0,0,1,41.78825,4.9289999999999985,-8.11575,27.4165,-22.4875,14.37175,2.77225,0,0,0,0,0,0,0,0,0,1
27.371328592300415,40.95162177418928,-106.5306594391132,-3.248730193730154,40.95162177418928,-106.5306594391132,-3.248730193730154,-2.183368074831815e-18,0.7945171938590486,-0.6069980153154811,-0.017199943761822527,29.447000000000003,5.086750000000002,-7.816749999999999,21.175250000000002,-16.0885,8.27175,2.77225,42.287034118408485,-146.8240546558755,-10.327040428291767,42.287034118408485,-146.8240546558755,-10.327040428291767,0.0,-0.6550607323324804,0.7520122155914017,-0.07330119069527892
27.42790699005127,0,0,0,0,0,0,0,0,0,1,18.36175,5.18675,-7.402000000000001,15.47525,-10.2885,2.8865,2.77225,0,0,0,0,0,0,0,0,0,1
27.484259366989136,40.90238453219433,-106.52430298229812,-3.2640693416037863,40.90238453219433,-106.52430298229812,-3.2640693416037863,0.0,0.7933565403470926,-0.6084821521896985,-0.018299463245803588,10.55025,5.14725,-4.053,9.87525,-4.728,0.675,2.77225,42.28253236666001,-146.80650747104903,-10.305318767769137,42.28253236666001,-146.80650747104903,-10.305318767769137,9.229542212568135e-18,-0.6552776472220356,0.751813442540881,-0.07340131242684313
27.552628993988037,0,0,0,0,0,0,0,0,0,1,4.02075,2.5185,-0.30074999999999996,3.42,-0.9015,0.60075,2.77225,0,0,0,0,0,0,0,0,0,1
27.615187883377075,40.88726546338884,-106.53269969914322,-3.2972492889316385,40.88726546338884,-106.53269969914322,-3.2972492889316385,1.0944923327479544e-18,0.7924785875938563,-0.6095911245780511,-0.019399717547267378,0.76875,-0.43274999999999997,0.0,0.168,-0.60075,0.60075,2.77225,42.29109387859319,-146.81770905092537,-10.285288163142894,42.29109387859319,-146.81770905092537,-10.285288163142894,3.230768568531179e-17,-0.6553809018487242,0.7517136603417134,-0.07350133568593314
27.67635178565979,0,0,0,0,0,0,0,0,0,1,0.0022500000000000003,-0.0455,-0.04325,0.0,-0.0455,0.0022500000000000003,2.77225,0,0,0,0,0,0,0,0,0,1
27.73914861679077,40.86002337822882,-106.53325416063052,-3.3208620263543125,40.86002337822882,-106.53325416063052,-3.3208620263543125,-1.0954837805222946e-18,0.7917613691869274,-0.61049312325926,-0.020299771338514287,0.5915,-0.52125,0.07025000000000003,0.0,-0.52125,0.5915,2.77225,42.29453192260789,-146.8253628684991,-10.306014931581345,42.29453192260789,-146.8253628684991,-10.306014931581345,3.230768568531179e-17,-0.6553809018487242,0.7517136603417134,-0.07350133568593314
27.83429741859436,40.836841053253465,-106.52746301716766,-3.3027224986281425,40.836841053253465,-106.52746301716766,-3.3027224986281425,-3.2904558328441962e-18,0.7907977940296578,-0.6116891578282291,-0.021799613602510044,0.0,0.0,0.0,0.0,0.0,0.0,2.77225,42.30334035535441,-146.8145381641909,-10.303726419141036,42.30334035535441,-146.8145381641909,-10.303726419141036,-2.7696176802005157e-17,-0.6555127697374497,0.751608493133774,-0.0734008294252515
27.873803853988647,0,0,0,0,0,0,0,0,0,1,0.60075,-0.58,0.020750000000000046,0.0,-0.58,0.60075,2.77225,0,0,0,0,0,0,0,0,0,1
27.938764095306396,0,0,0,0,0,0,0,0,0,1,0.0455,-0.1945,-0.14900000000000002,0.0,-0.1945,0.0455,2.77225,0,0,0,0,0,0,0,0,0,1
28.010910987854004,40.799726827613085,-106.5289488157104,-3.327628856406946,40.799726827613085,-106.5289488157104,-3.327628856406946,0.0,0.7901518809026619,-0.6124942894671735,-0.022599789292992858,0.60075,-0.58,0.020750000000000046,0.0,-0.58,0.60075,2.77225,42.304404063088185,-146.82443153144365,-10.304721311225208,42.304404063088185,-146.82443153144365,-10.304721311225208,-4.61603422583417e-18,-0.6555024613818952,0.7516077182739359,-0.073500754780647
28.08597755432129,0,0,0,0,0,0,0,0,0,1,0.60075,-0.60075,0.0,0.0,-0.60075,0.60075,2.77225,0,0,0,0,0,0,0,0,0,1
28.131343603134155,40.76461655703355,-106.56123449085092,-3.345653952261145,40.76461655703355,-106.56123449085092,-3.345653952261145,4.395765669147675e-18,0.7892702234571866,-0.6135923469673932,-0.023599705652592038,0.0022500000000000003,-0.03625,-0.033999999999999996,0.0,-0.03625,0.0022500000000000003,2.77225,42.313335956241446,-146.80259368504318,-10.31130384487787,42.313335956241446,-146.80259368504318,-10.31130384487787,1.3849828080200894e-17,-0.655587285389746,0.7515140834665052,-0.07370138117296264
28.218504428863525,0,0,0,0,0,0,0,0,0,1,0.60075,-0.58625,0.014499999999999957,0.0,-0.58625,0.60075,2.77225,0,0,0,0,0,0,0,0,0,1
28.309393644332886,40.700065175482706,-106.51735567691976,-3.3484412139770825,40.700065175482706,-106.51735567691976,-3.3484412139770825,0.0,0.7889481753585994,-0.6139947689770942,-0.023899796382007413,0.40650000000000003,-0.20525000000000002,0.20125,0.0,-0.20525000000000002,0.40650000000000003,2.77225,42.31002137263343,-146.78392672537717,-10.299448122532382,42.31002137263343,-146.78392672537717,-10.299448122532382,4.616651863048605e-18,-0.6555952927313423,0.7515071646885165,-0.07370070264476868
28.385748147964478,40.720873164177135,-106.52538637006164,-3.3468488653489885,40.720873164177135,-106.52538637006164,-3.3468488653489885,-4.3980010014848784e-18,0.7888690681930811,-0.6140925071225852,-0.023999707166490882,0.05575,-0.1565,-0.10075,0.0,-0.1565,0.05575,2.77225,42.28671558725139,-146.7891487240066,-10.272437548713256,42.28671558725139,-146.7891487240066,-10.272437548713256,0.0,-0.655584942327594,0.751506387733129,-0.07380062729834322
28.43662977218628,0,0,0,0,0,0,0,0,0,1,0.29425,-0.13225,0.162,0.0,-0.13225,0.29425,2.77225,0,0,0,0,0,0,0,0,0,1
28.491106510162354,40.71206473143059,-106.53621107436985,-3.3491373777893045,40.71206473143059,-106.53621107436985,-3.3491373777893045,0.0,0.7886348704362272,-0.6143854075013139,-0.02419942523035774,0.35325,-0.46875,-0.11549999999999999,0.0,-0.46875,0.35325,2.77225,42.28896646312563,-146.79792231641983,-10.28329837897455,42.28896646312563,-146.79792231641983,-10.28329837897455,0.0,-0.655584942327594,0.751506387733129,-0.07380062729834322
28.561845779418945,0,0,0,0,0,0,0,0,0,1,0.426,-0.24775,0.17825,0.0,-0.24775,0.426,2.77225,0,0,0,0,0,0,0,0,0,1
28.63516139984131,40.713128439164365,-106.5461044416226,-3.3501322698734697,40.713128439164365,-106.5461044416226,-3.3501322698734697,3.3004860055580815e-18,0.7883945605535818,-0.6146897969640778,-0.024299596658902054,0.03625,-0.13925,-0.10300000000000001,0.0,-0.13925,0.03625,2.77225,42.292527967547045,-146.7945629919013,-10.312896193505964,42.292527967547045,-146.7945629919013,-10.312896193505964,0.0,-0.6555665675378032,0.7515125304383219,-0.0739012322014531
28.687489986419678,0,0,0,0,0,0,0,0,0,1,0.088,-0.0055,0.08249999999999999,0.0,-0.0055,0.088,2.77225,0,0,0,0,0,0,0,0,0,1
28.755288124084473,40.70219259095026,-106.53714241142528,-3.350430998145434,40.70219259095026,-106.53714241142528,-3.350430998145434,-3.301136349366678e-18,0.7882392420611222,-0.6148850025137708,-0.024399404881014816,0.54825,-0.59175,-0.04349999999999998,0.0,-0.59175,0.54825,2.77225,42.27684344677104,-146.79008006106204,-10.273731169069393,42.27684344677104,-146.79008006106204,-10.273731169069393,2.3083331034009322e-17,-0.6555642000677911,0.7515048297929751,-0.07400047558839674
28.80827045440674,0,0,0,0,0,0,0,0,0,1,0.0,0.0,0.0,0.0,0.0,0.0,2.77225,0,0,0,0,0,0,0,0,0,1
28.878833293914795,40.68244830998961,-106.53900508553616,-3.3530182388577003,40.68244830998961,-106.53900508553616,-3.3530182388577003,0.0,0.7880746321155325,-0.6150919767603414,-0.024499680426968568,0.60075,-0.60075,0.0,0.0,-0.60075,0.60075,2.77225,42.289089923532345,-146.78690917432758,-10.292169425067527,42.289089923532345,-146.78690917432758,-10.292169425067527,0.0,-0.6555745781061141,0.7515056094349994,-0.07390055161310245
28.92537808418274,0,0,0,0,0,0,0,0,0,1,0.23650000000000002,-0.39575,-0.15924999999999997,0.0,-0.39575,0.23650000000000002,2.77225,0,0,0,0,0,0,0,0,0,1
28.999392986297607,40.67151246177548,-106.53004305533884,-3.3533169671296648,40.67151246177548,-106.53004305533884,-3.3533169671296648,5.504129433073495e-18,0.7879190965028511,-0.6152872195207614,-0.024599489030084073,0.545,-0.426,0.11900000000000005,0.0,-0.426,0.545,2.77225,42.290277091672806,-146.78578939948807,-10.302035363244656,42.290277091672806,-146.78578939948807,-10.302035363244656,0.0,-0.6555665675378032,0.7515125304383219,-0.0739012322014531
29.07836651802063,0,0,0,0,0,0,0,0,0,1,0.17500000000000002,-0.3305,-0.1555,0.0,-0.3305,0.17500000000000002,2.77225,0,0,0,0,0,0,0,0,0,1
29.130805730819702,40.660576613561375,-106.52108102514151,-3.353615695401622,40.660576613561375,-106.52108102514151,-3.353615695401622,3.302810994635316e-18,0.787839576104028,-0.615385035562693,-0.02469939937991309,0.3645,-0.1855,0.179,0.0,-0.1855,0.3645,2.77225,42.28671558725139,-146.7891487240066,-10.272437548713256,42.28671558725139,-146.7891487240066,-10.272437548713256,2.3083331034009322e-17,-0.6555642000677911,0.7515048297929751,-0.07400047558839674
29.210756063461304,0,0,0,0,0,0,0,0,0,1,0.5745,-0.6,-0.025499999999999967,0.0,-0.6,0.5745,2.77225,0,0,0,0,0,0,0,0,0,1
29.311285734176636,40.64308320847499,-106.53171729166564,-3.367063766375203,40.64308320847499,-106.53171729166564,-3.367063766375203,-2.202309278170966e-18,0.7876838612865076,-0.6155803229363956,-0.024799207291784628,0.60075,-0.60075,0.0,0.0,-0.60075,0.60075,2.77225,42.27684344677104,-146.79008006106204,-10.273731169069393,42.27684344677104,-146.79008006106204,-10.273731169069393,2.3083331034009322e-17,-0.6555642000677911,0.7515048297929751,-0.07400047558839674
29.370675325393677,40.633211067994665,-106.53264862872108,-3.368357386731333,40.633211067994665,-106.53264862872108,-3.368357386731333,0.0,0.7875188996216109,-0.6157872995710595,-0.024899486455536503,0.0,-0.0145,-0.0145,0.0,-0.0145,0.0,2.77225,42.269345642571665,-146.78877184843844,-10.294756665779794,42.269345642571665,-146.78877184843844,-10.294756665779794,2.3083331034009322e-17,-0.6555642000677911,0.7515048297929751,-0.07400047558839674
29.43764638900757,0,0,0,0,0,0,0,0,0,1,0.60075,-0.58625,0.014499999999999957,0.0,-0.58625,0.60075,2.77225,0,0,0,0,0,0,0,0,0,1
29.501659154891968,40.633211067994665,-106.53264862872108,-3.368357386731333,40.633211067994665,-106.53264862872108,-3.368357386731333,0.0,0.7874426751372886,-0.6158847733373484,-0.024899384406721823,0.13925,-0.28250000000000003,-0.14325000000000002,0.0,-0.28250000000000003,0.13925,2.77225,42.30108947948017,-146.80576457177764,-10.292865588879735,42.30108947948017,-146.80576457177764,-10.292865588879735,0.0,-0.6555665675378032,0.7515125304383219,-0.0739012322014531
29.561564922332764,0,0,0,0,0,0,0,0,0,1,0.44425000000000003,-0.2705,0.17375000000000002,0.0,-0.2705,0.44425000000000003,2.77225,0,0,0,0,0,0,0,0,0,1
29.677915573120117,40.64652125248969,-106.53937110923938,-3.3877905348136466,40.64652125248969,-106.53937110923938,-3.3877905348136466,3.3051541766729768e-18,0.7872810389089058,-0.6160913675331732,-0.02489965111439055,0.0635,-0.00925,0.05425,0.0,-0.00925,0.0635,2.77225,42.310961619960494,-146.8048332347222,-10.291571968523598,42.310961619960494,-146.8048332347222,-10.291571968523598,-1.3849871049113106e-17,-0.6555561878829074,0.7515117519110297,-0.07400115720747333
29.745980739593506,40.64070887219404,-106.53395684134466,-3.347331890020932,40.64070887219404,-106.53395684134466,-3.347331890020932,3.3054890243283993e-18,0.7872012869544759,-0.6161892206810697,-0.02499956266963119,0.58125,-0.60075,-0.019499999999999962,0.0,-0.60075,0.58125,2.77225,42.289089923532345,-146.78690917432758,-10.292169425067527,42.289089923532345,-146.78690917432758,-10.292169425067527,2.3083331034009322e-17,-0.6555642000677911,0.7515048297929751,-0.07400047558839674
29.83273673057556,0,0,0,0,0,0,0,0,0,1,0.00925,0.0,0.00925,0.0,0.0,0.00925,2.77225,0,0,0,0,0,0,0,0,0,1
29.87704873085022,40.627398687698985,-106.52723436082637,-3.3278987419386254,40.627398687698985,-106.52723436082637,-3.3278987419386254,-3.305503604156468e-18,0.7871978147878128,-0.6161895906929169,-0.02509957599219768,0.5955,-0.60075,-0.005249999999999977,0.0,-0.60075,0.5955,2.77225,42.27577973903726,-146.78018669380927,-10.272736276985214,42.27577973903726,-146.78018669380927,-10.272736276985214,2.3083331034009322e-17,-0.6555642000677911,0.7515048297929751,-0.07400047558839674
29.957666635513306,0,0,0,0,0,0,0,0,0,1,0.0055,0.0,0.0055,0.0,0.0,0.0055,2.77225,0,0,0,0,0,0,0,0,0,1
30.011265516281128,40.61990088349961,-106.52592614820279,-3.348924238649019,40.61990088349961,-106.52592614820279,-3.348924238649019,0.0,0.7871214956654182,-0.6162870820257749,-0.02509947389071385,0.5955,-0.60075,-0.005249999999999977,0.0,-0.60075,0.5955,2.77225,42.28671558725139,-146.7891487240066,-10.272437548713256,42.28671558725139,-146.7891487240066,-10.272437548713256,-1.846668401835688e-17,-0.6555538082135147,0.7515040488059028,-0.07410039922357606
30.055402517318726,0,0,0,0,0,0,0,0,0,1,0.0,-0.028,-0.028,0.0,-0.028,0.0,2.77225,0,0,0,0,0,0,0,0,0,1
30.119470834732056,40.62633497996521,-106.51734099357361,-3.326903849854446,40.62633497996521,-106.51734099357361,-3.326903849854446,4.4082125586242084e-18,0.7870416650317832,-0.6163849515608172,-0.02519938478152594,0.0,0.0,0.0,0.0,0.0,0.0,2.77225,42.27565627863055,-146.79119983590155,-10.26386523089225,42.27565627863055,-146.79119983590155,-10.26386523089225,-1.846668401835688e-17,-0.6555538082135147,0.7515040488059028,-0.07410039922357606
30.18016004562378,0,0,0,0,0,0,0,0,0,1,0.60075,-0.60075,0.0,0.0,-0.60075,0.60075,2.77225,0,0,0,0,0,0,0,0,0,1
30.263264179229736,40.61752654721866,-106.5281656978818,-3.329192362294755,40.61752654721866,-106.5281656978818,-3.329192362294755,-6.613036861681021e-18,0.7869562104039944,-0.6164940350038169,-0.0251997561753385,0.0,0.0,0.0,0.0,0.0,0.0,2.77225,42.26459697000976,-146.79325094779648,-10.255292913071251,42.26459697000976,-146.79325094779648,-10.255292913071251,9.234473606931507e-18,-0.6556592735516396,0.7514119590637857,-0.07410117935404115
30.342750072479248,40.6197774230929,-106.53693929029505,-3.34005319255607,40.6197774230929,-106.53693929029505,-3.34005319255607,0.0,0.7868763214690592,-0.6165919084053212,-0.025299667990033456,0.52125,-0.342,0.17924999999999996,0.0,-0.342,0.52125,2.77225,42.278970862238566,-146.80986679556756,-10.275720953237737,42.278970862238566,-146.80986679556756,-10.275720953237737,-1.846668401835688e-17,-0.6555538082135147,0.7515040488059028,-0.07410039922357606
30.389819145202637,0,0,0,0,0,0,0,0,0,1,0.0005,-0.028,-0.0275,0.0,-0.028,0.0005,2.77225,0,0,0,0,0,0,0,0,0,1
30.441362619400024,0,0,0,0,0,0,0,0,0,1,0.545,-0.44425000000000003,0.10075,0.0,-0.44425000000000003,0.545,2.77225,0,0,0,0,0,0,0,0,0,1
30.508459329605103,40.620841130826676,-106.54683265754781,-3.341048084640235,40.620841130826676,-106.54683265754781,-3.341048084640235,0.0,0.7868818856910147,-0.6165807151759282,-0.02539920558785042,0.10725,-0.215,-0.10775,0.0,-0.215,0.10725,2.77225,42.26029028901169,-146.8216228369312,-10.279303086034176,42.26029028901169,-146.8216228369312,-10.279303086034176,-4.616628473880283e-18,-0.6555457944099156,0.7515109720400651,-0.07410108187381083
30.556434154510498,0,0,0,0,0,0,0,0,0,1,0.1855,-0.0635,0.122,0.0,-0.0635,0.1855,2.77225,0,0,0,0,0,0,0,0,0,1
30.62293577194214,40.6120326980801,-106.55765736185602,-3.343336597080551,40.6120326980801,-106.55765736185602,-3.343336597080551,4.409567055408983e-18,0.7867999076457691,-0.6166894172083427,-0.025299565842988595,0.35325,-0.452,-0.09875,0.0,-0.452,0.35325,2.77225,42.26147745715218,-146.8205030620917,-10.289169024211304,42.26147745715218,-146.8205030620917,-10.289169024211304,1.8466533091977084e-17,-0.6555353871197185,0.7515101908242734,-0.07420100619981515
30.687862873077393,0,0,0,0,0,0,0,0,0,1,0.2705,-0.1165,0.15400000000000003,0.0,-0.1165,0.2705,2.77225,0,0,0,0,0,0,0,0,0,1
30.75515604019165,40.620841130826676,-106.54683265754781,-3.341048084640235,40.620841130826676,-106.54683265754781,-3.341048084640235,8.819173504269002e-18,0.7867963931709013,-0.6166897899718318,-0.02539957947994897,0.43425,-0.5375,-0.10324999999999995,0.0,-0.5375,0.43425,2.77225,42.31665053984946,-146.82126064470918,-10.323159567223357,42.31665053984946,-146.82126064470918,-10.323159567223357,-4.616628473880283e-18,-0.6555457944099156,0.7515109720400651,-0.07410108187381083
30.837435483932495,0,0,0,0,0,0,0,0,0,1,0.0,0.0,0.0,0.0,0.0,0.0,2.77225,0,0,0,0,0,0,0,0,0,1
30.932230949401855,40.6197774230929,-106.53693929029505,-3.34005319255607,40.6197774230929,-106.53693929029505,-3.34005319255607,8.819173504269002e-18,0.7867963931709013,-0.6166897899718318,-0.02539957947994897,0.028,-0.10725,-0.07925,0.0,-0.10725,0.028,2.77225,42.3157102925224,-146.80035413536416,-10.33103572123214,42.3157102925224,-146.80035413536416,-10.33103572123214,2.3083331034009322e-17,-0.6555642000677911,0.7515048297929751,-0.07400047558839674
30.9939923286438,40.62727522729227,-106.53824750291864,-3.319027695845662,40.62727522729227,-106.53824750291864,-3.319027695845662,0.0,0.7867073614103078,-0.6167992210963951,-0.025499967798245895,0.24775,-0.10175000000000001,0.146,0.0,-0.10175000000000001,0.24775,2.77225,42.290277091672806,-146.78578939948807,-10.302035363244656,42.290277091672806,-146.78578939948807,-10.302035363244656,-1.846668401835688e-17,-0.6555538082135147,0.7515040488059028,-0.07410039922357606
31.062999486923218,0,0,0,0,0,0,0,0,0,1,0.54825,-0.5955,-0.047250000000000014,0.0,-0.5955,0.54825,2.77225,0,0,0,0,0,0,0,0,0,1
31.12120008468628,40.61515221093771,-106.53040524756084,-3.309460485940491,40.61515221093771,-106.53040524756084,-3.309460485940491,0.0,0.7867199540477602,-0.6167873056887512,-0.025399477244640537,0.0,0.0,0.0,0.0,0.0,0.0,2.77225,42.2855284191109,-146.7902684988461,-10.262571610536114,42.2855284191109,-146.7902684988461,-10.262571610536114,-2.308620795950427e-17,-0.6556488656668269,0.7514111797917186,-0.07420110399327323
31.206364631652832,0,0,0,0,0,0,0,0,0,1,0.60075,-0.6002500000000001,0.0004999999999999449,0.0,-0.6002500000000001,0.60075,2.77225,0,0,0,0,0,0,0,0,0,1
31.260278463363647,40.609905282612544,-106.5378706273505,-3.3413468129122066,40.609905282612544,-106.5378706273505,-3.3413468129122066,0.0,0.7867199540477602,-0.6167873056887512,-0.025399477244640537,0.00925,0.0,0.00925,0.0,0.0,0.00925,2.77225,42.278970862238566,-146.80986679556756,-10.275720953237737,42.278970862238566,-146.80986679556756,-10.275720953237737,-9.233351621313232e-18,-0.6555434025441769,0.7515032664726278,-0.07420032251798933
31.35019588470459,40.60978182220586,-106.54888376944277,-3.3324757668192433,40.60978182220586,-106.54888376944277,-3.3324757668192433,-2.2052473253434827e-18,0.7866344314493665,-0.6168963599114433,-0.025399850124413453,0.558,-0.60075,-0.042749999999999955,0.0,-0.60075,0.558,2.77225,42.28028149078574,-146.79773387863577,-10.29445793750783,42.28028149078574,-146.79773387863577,-10.29445793750783,9.234473606931507e-18,-0.6556592735516396,0.7514119590637857,-0.07410117935404115
31.43352508544922,0,0,0,0,0,0,0,0,0,1,0.44425000000000003,-0.2705,0.17375000000000002,0.0,-0.2705,0.44425000000000003,2.77225,0,0,0,0,0,0,0,0,0,1
31.497730255126953,40.607654406738305,-106.52909703493725,-3.3304859826508917,40.607654406738305,-106.52909703493725,-3.3304859826508917,-2.2052473253434827e-18,0.7866344314493665,-0.6168963599114433,-0.025399850124413453,0.0795,-0.215,-0.1355,0.0,-0.215,0.0795,2.77225,42.274716031303484,-146.77029332655653,-10.271741384901034,42.274716031303484,-146.77029332655653,-10.271741384901034,4.6172840533100584e-18,-0.6556568621974501,0.7514042696737322,-0.07420042162601932
31.56075382232666,0,0,0,0,0,0,0,0,0,1,0.52125,-0.3645,0.15675,0.0,-0.3645,0.52125,2.77225,0,0,0,0,0,0,0,0,0,1
31.627265453338623,40.60015660253896,-106.52778882231367,-3.3515114793612923,40.60015660253896,-106.52778882231367,-3.3515114793612923,2.20522193141182e-18,0.7866434898306166,-0.6168848285050551,-0.025399375334784244,0.17500000000000002,-0.3305,-0.1555,0.0,-0.3305,0.17500000000000002,2.77225,42.27352886316302,-146.77141310139604,-10.261875446723906,42.27352886316302,-146.77141310139604,-10.261875446723906,9.23457771395845e-18,-0.6556464421183437,0.7514034879384683,-0.0743003448946343
31.687443494796753,0,0,0,0,0,0,0,0,0,1,0.0265,0.0,0.0265,0.0,0.0,0.0265,2.77225,0,0,0,0,0,0,0,0,0,1
31.757633209228516,40.60359464655369,-106.5354426398874,-3.372238247799743,40.60359464655369,-106.5354426398874,-3.372238247799743,2.20522193141182e-18,0.7866434898306166,-0.6168848285050551,-0.025399375334784244,0.60075,-0.60075,0.0,0.0,-0.60075,0.60075,2.77225,42.285651879517616,-146.77925535675382,-10.271442656629077,42.285651879517616,-146.77925535675382,-10.271442656629077,0.0,-0.6556384439647777,0.751410399176216,-0.07430102829224491
31.834452152252197,0,0,0,0,0,0,0,0,0,1,0.0,-0.00525,-0.00525,0.0,-0.00525,0.0,2.77225,0,0,0,0,0,0,0,0,0,1
31.905398845672607,40.629649563573224,-106.53600795323962,-3.3387595721999332,40.629649563573224,-106.53600795323962,-3.3387595721999332,-2.2052318237445227e-18,0.7866399610682275,-0.6168852023233335,-0.02549938832751663,0.58,-0.4935,0.08649999999999997,0.0,-0.4935,0.58,2.77225,42.29765143546547,-146.79811075420392,-10.272138820441292,42.29765143546547,-146.79811075420392,-10.272138820441292,-2.308620795950427e-17,-0.6556488656668269,0.7514111797917186,-0.07420110399327323
31.984599113464355,40.61740308681195,-106.53917883997407,-3.320321316201799,40.61740308681195,-106.53917883997407,-3.320321316201799,-2.205471653194465e-18,0.7865544195338837,-0.6169942521829438,-0.025499762448403678,0.0,0.0,0.0,0.0,0.0,0.0,2.77225,42.29871514319922,-146.80800412145666,-10.273133712525464,42.29871514319922,-146.80800412145666,-10.273133712525464,-9.233351621313232e-18,-0.6555434025441769,0.7515032664726278,-0.07420032251798933
32.05591702461243,0,0,0,0,0,0,0,0,0,1,0.5915,-0.52125,0.07025000000000003,0.0,-0.52125,0.5915,2.77225,0,0,0,0,0,0,0,0,0,1
32.124632120132446,40.602284018006515,-106.54757555681918,-3.353501263529637,40.602284018006515,-106.54757555681918,-3.353501263529637,0.0,0.7865579481781774,-0.6169938791900629,-0.025399748025004217,0.1945,-0.3305,-0.136,0.0,-0.3305,0.1945,2.77225,42.2855284191109,-146.7902684988461,-10.262571610536114,42.2855284191109,-146.7902684988461,-10.262571610536114,0.0,-0.6556384439647777,0.751410399176216,-0.07430102829224491
32.20488214492798,0,0,0,0,0,0,0,0,0,1,0.29425,-0.13225,0.162,0.0,-0.13225,0.29425,2.77225,0,0,0,0,0,0,0,0,0,1
32.25740647315979,40.60122031027274,-106.53768218956642,-3.3525063714454717,40.60122031027274,-106.53768218956642,-3.3525063714454717,0.0,0.7865579481781774,-0.6169938791900629,-0.025399748025004217,0.60075,-0.60075,0.0,0.0,-0.60075,0.60075,2.77225,42.27352886316302,-146.77141310139604,-10.261875446723906,42.27352886316302,-146.77141310139604,-10.261875446723906,-9.234587337858469e-18,-0.6556360082250362,0.7514027048572353,-0.07440026782190351
32.305936098098755,0,0,0,0,0,0,0,0,0,1,0.02075,-0.093,-0.07225,0.0,-0.093,0.02075,2.77225,0,0,0,0,0,0,0,0,0,1
32.381869077682495,40.59253533793287,-106.53749375178235,-3.363665929978737,40.59253533793287,-106.53749375178235,-3.363665929978737,0.0,0.7865579481781774,-0.6169938791900629,-0.025399748025004217,0.0,0.0,0.0,0.0,0.0,0.0,2.77225,42.27815407531821,-146.77794714413025,-10.292468153339485,42.27815407531821,-146.77794714413025,-10.292468153339485,0.0,-0.6556384439647777,0.751410399176216,-0.07430102829224491
32.4271514415741,0,0,0,0,0,0,0,0,0,1,0.0,0.0,0.0,0.0,0.0,0.0,2.77225,0,0,0,0,0,0,0,0,0,1
32.493255853652954,40.583726905186296,-106.54831845609056,-3.365954442419053,40.583726905186296,-106.54831845609056,-3.365954442419053,-4.410872754255218e-18,0.7865670005117694,-0.6169823584178769,-0.02539927375010385,0.0,0.0,0.0,0.0,0.0,0.0,2.77225,42.2827792874734,-146.78448118686447,-10.323060859955064,42.2827792874734,-146.78448118686447,-10.323060859955064,0.0,-0.6556384439647777,0.751410399176216,-0.07430102829224491
32.550888776779175,0,0,0,0,0,0,0,0,0,1,0.0,0.0,0.0,0.0,0.0,0.0,2.77225,0,0,0,0,0,0,0,0,0,1
32.615866899490356,40.60871811447208,-106.53899040219001,-3.331480874735064,40.60871811447208,-106.53899040219001,-3.331480874735064,-2.205471653194465e-18,0.7865544195338837,-0.6169942521829438,-0.025499762448403678,0.0,0.0,0.0,0.0,0.0,0.0,2.77225,42.279341243458674,-146.77682736929074,-10.302334091516613,42.279341243458674,-146.77682736929074,-10.302334091516613,-1.385175358072002e-17,-0.6556280084463847,0.7514096172161195,-0.07440095225030514
32.677348375320435,0,0,0,0,0,0,0,0,0,1,0.0,0.0,0.0,0.0,0.0,0.0,2.77225,0,0,0,0,0,0,0,0,0,1
32.7413489818573,40.60871811447208,-106.53899040219001,-3.331480874735064,40.60871811447208,-106.53899040219001,-3.331480874735064,-2.205471653194465e-18,0.7865544195338837,-0.6169942521829438,-0.025499762448403678,0.0,0.0,0.0,0.0,0.0,0.0,2.77225,42.25615891848332,-146.77103622582788,-10.284194563790436,42.25615891848332,-146.77103622582788,-10.284194563790436,9.23457771395845e-18,-0.6556464421183437,0.7514034879384683,-0.0743003448946343
32.82086253166199,0,0,0,0,0,0,0,0,0,1,0.0,0.0,0.0,0.0,0.0,0.0,2.77225,0,0,0,0,0,0,0,0,0,1
32.86134099960327,40.603471186146976,-106.54645578197967,-3.3633672017067795,40.603471186146976,-106.54645578197967,-3.3633672017067795,2.2056763048419154e-18,0.7864814398054377,-0.6170914055566797,-0.02539964625042889,0.0,0.0,0.0,0.0,0.0,0.0,2.77225,42.25709916581039,-146.7919427351729,-10.276318409781652,42.25709916581039,-146.7919427351729,-10.276318409781652,-2.308620795950427e-17,-0.6556488656668269,0.7514111797917186,-0.07420110399327323
32.92656660079956,0,0,0,0,0,0,0,0,0,1,0.0,0.0,0.0,0.0,0.0,0.0,2.77225,0,0,0,0,0,0,0,0,0,1
32.98609232902527,40.60465835428744,-106.54533600714016,-3.373233139883908,40.60465835428744,-106.54533600714016,-3.373233139883908,2.2056763048419154e-18,0.7864814398054377,-0.6170914055566797,-0.02539964625042889,0.0,0.0,0.0,0.0,0.0,0.0,2.77225,42.28777929498517,-146.79904209125937,-10.273432440797421,42.28777929498517,-146.79904209125937,-10.273432440797421,0.0,-0.6556384439647777,0.751410399176216,-0.07430102829224491
33.04618763923645,0,0,0,0,0,0,0,0,0,1,0.0,0.0,0.0,0.0,0.0,0.0,2.77225,0,0,0,0,0,0,0,0,0,1
33.11781597137451,40.5959733819476,-106.54514756935609,-3.38439269841718,40.5959733819476,-106.54514756935609,-3.38439269841718,2.2056763048419154e-18,0.7864814398054377,-0.6170914055566797,-0.02539964625042889,0.0,0.0,0.0,0.0,0.0,0.0,2.77225,42.2855284191109,-146.7902684988461,-10.262571610536114,42.2855284191109,-146.7902684988461,-10.262571610536114,0.0,-0.6556384439647777,0.751410399176216,-0.07430102829224491
33.19262433052063,0,0,0,0,0,0,0,0,0,1,0.0,0.0,0.0,0.0,0.0,0.0,2.77225,0,0,0,0,0,0,0,0,0,1
33.24214458465576,40.5959733819476,-106.54514756935609,-3.38439269841718,40.5959733819476,-106.54514756935609,-3.38439269841718,2.2056763048419154e-18,0.7864814398054377,-0.6170914055566797,-0.02539964625042889,0.0,0.0,0.0,0.0,0.0,0.0,2.77225,42.29658772773169,-146.78821738695115,-10.27114392835712,42.29658772773169,-146.78821738695115,-10.27114392835712,0.0,-0.6556384439647777,0.751410399176216,-0.07430102829224491
33.32152462005615,0,0,0,0,0,0,0,0,0,1,0.0,0.0,0.0,0.0,0.0,0.0,2.77225,0,0,0,0,0,0,0,0,0,1
33.35966753959656,40.60465835428744,-106.54533600714016,-3.373233139883908,40.60465835428744,-106.54533600714016,-3.373233139883908,2.2056763048419154e-18,0.7864814398054377,-0.6170914055566797,-0.02539964625042889,0.0,0.0,0.0,0.0,0.0,0.0,2.77225,42.28683904765808,-146.77813558191434,-10.281308594806205,42.28683904765808,-146.77813558191434,-10.281308594806205,4.6172840533100584e-18,-0.6556568621974501,0.7514042696737322,-0.07420042162601932
33.42552161216736,0,0,0,0,0,0,0,0,0,1,0.0,0.0,0.0,0.0,0.0,0.0,2.77225,0,0,0,0,0,0,0,0,0,1
33.48682236671448,40.603471186146976,-106.54645578197967,-3.3633672017067795,40.603471186146976,-106.54645578197967,-3.3633672017067795,2.2056763048419154e-18,0.7864814398054377,-0.6170914055566797,-0.02539964625042889,0.0,0.0,0.0,0.0,0.0,0.0,2.77225,42.27696690717772,-146.77906691896976,-10.282602215162342,42.27696690717772,-146.77906691896976,-10.282602215162342,4.6172840533100584e-18,-0.6556568621974501,0.7514042696737322,-0.07420042162601932
33.55096244812012,0,0,0,0,0,0,0,0,0,1,-0.29474999999999996,-0.29474999999999996,0.6935,-0.6415,0.34675,0.34675,2.77225,0,0,0,0,0,0,0,0,0,1
33.61874198913574,40.59134816979241,-106.53861352662186,-3.3537999918016013,40.59134816979241,-106.53861352662186,-3.3537999918016013,2.2056763048419154e-18,0.7864814398054377,-0.6170914055566797,-0.02539964625042889,-0.34675,-0.34675,0.6935,-0.6935,0.34675,0.34675,2.77225,42.265907598556936,-146.78111803086472,-10.27402989734135,42.265907598556936,-146.78111803086472,-10.27402989734135,9.23457771395845e-18,-0.6556464421183437,0.7514034879384683,-0.0743003448946343
33.712891578674316,40.601096849866025,-106.54869533165869,-3.3436353253525084,40.601096849866025,-106.54869533165869,-3.3436353253525084,2.2056862015200723e-18,0.786477910947307,-0.6170917783591375,-0.025499660262774282,-0.73275,-0.34575,0.3085,-0.6935,0.34775,-0.03925,2.77225,42.28683904765808,-146.77813558191434,-10.281308594806205,42.28683904765808,-146.77813558191434,-10.281308594806205,9.23457771395845e-18,-0.6556464421183437,0.7514034879384683,-0.0743003448946343
33.80030179023743,0,0,0,0,0,0,0,0,0,1,-1.2065000000000001,-0.005249999999999977,1.38725,-1.2995,1.2942500000000001,0.093,2.77225,0,0,0,0,0,0,0,0,0,1
33.87942433357239,40.61096899034632,-106.54776399460326,-3.3423417049963717,40.61096899034632,-106.54776399460326,-3.3423417049963717,2.2056862015200723e-18,0.786477910947307,-0.6170917783591375,-0.025499660262774282,-1.7245000000000001,-0.38050000000000006,1.9905000000000002,-2.04775,1.6672500000000001,0.32325,2.77225,42.285651879517616,-146.77925535675382,-10.271442656629077,42.285651879517616,-146.77925535675382,-10.271442656629077,4.6172840533100584e-18,-0.6556568621974501,0.7514042696737322,-0.07420042162601932
33.96562933921814,40.60122031027274,-106.53768218956642,-3.3525063714454717,40.60122031027274,-106.53768218956642,-3.3525063714454717,2.2056862015200723e-18,0.786477910947307,-0.6170917783591375,-0.025499660262774282,-2.6765000000000003,-0.1807500000000002,2.69175,-2.7745,2.59375,0.098,2.77225,42.306459868212016,-146.78728604989573,-10.269850308000983,42.306459868212016,-146.78728604989573,-10.269850308000983,-2.308620795950427e-17,-0.6556488656668269,0.7514111797917186,-0.07420110399327323
34.066670417785645,0,0,0,0,0,0,0,0,0,1,-5.203,0.2807500000000003,5.02575,-4.974,5.2547500000000005,-0.229,2.77225,0,0,0,0,0,0,0,0,0,1
34.13102722167969,40.60253093881991,-106.52554927263463,-3.3712433557155634,40.60253093881991,-106.52554927263463,-3.3712433557155634,2.2056763048419154e-18,0.7864814398054377,-0.6170914055566797,-0.02539964625042889,-6.48275,0.34299999999999997,5.368250000000001,-5.7540000000000004,6.097,-0.72875,2.77225,42.29552401999791,-146.7783240196984,-10.270149036272947,42.29552401999791,-146.7783240196984,-10.270149036272947,4.6172840533100584e-18,-0.6556568621974501,0.7514042696737322,-0.07420042162601932
34.187108755111694,0,0,0,0,0,0,0,0,0,1,-8.92625,0.7672500000000007,7.898,-8.0285,8.79575,-0.89775,2.77225,0,0,0,0,0,0,0,0,0,1
34.25770425796509,40.60359464655369,-106.5354426398874,-3.372238247799743,40.60359464655369,-106.5354426398874,-3.372238247799743,2.2056763048419154e-18,0.7864814398054377,-0.6170914055566797,-0.02539964625042889,-10.276,0.9890000000000008,8.8975,-9.09225,10.08125,-1.18375,2.77225,42.2670947666974,-146.7799982560252,-10.283895835518479,42.2670947666974,-146.7799982560252,-10.283895835518479,4.6172840533100584e-18,-0.6556568621974501,0.7514042696737322,-0.07420042162601932
34.307482957839966,0,0,0,0,0,0,0,0,0,1,-12.365,1.1622500000000002,11.08825,-11.1455,12.30775,-1.2195,2.77225,0,0,0,0,0,0,0,0,0,1
34.37765026092529,40.60122031027274,-106.53768218956642,-3.3525063714454717,40.60122031027274,-106.53768218956642,-3.3525063714454717,2.2056862015200723e-18,0.786477910947307,-0.6170917783591375,-0.025499660262774282,-14.417750000000002,1.2195,13.15925,-13.17875,14.39825,-1.239,2.77225,42.28802621579857,-146.7770158070748,-10.291174532983348,42.28802621579857,-146.7770158070748,-10.291174532983348,0.0,-0.6556384439647777,0.751410399176216,-0.07430102829224491
34.4634485244751,40.59241187752619,-106.54850689387462,-3.3547948838857735,40.59241187752619,-106.54850689387462,-3.3547948838857735,0.0,0.7864869568928913,-0.617080268862038,-0.02549918466372058,-16.0305,1.3995000000000015,14.669000000000002,-14.65,16.049500000000002,-1.3805,2.77225,42.31526830095859,-146.7764613455875,-10.267561795560681,42.31526830095859,-146.7764613455875,-10.267561795560681,9.23457771395845e-18,-0.6556464421183437,0.7514034879384683,-0.0743003448946343
34.55694937705994,0,0,0,0,0,0,0,0,0,1,-17.99775,1.2932500000000005,16.589000000000002,-16.64675,17.94,-1.351,2.77225,0,0,0,0,0,0,0,0,0,1
34.632389068603516,40.598722513585074,-106.55093488133772,-3.3239034489982373,40.598722513585074,-106.55093488133772,-3.3239034489982373,2.2056862015200723e-18,0.786477910947307,-0.6170917783591375,-0.025499660262774282,-18.97,1.555250000000001,17.26625,-17.3405,18.89575,-1.6295,2.77225,42.29658772773169,-146.78821738695115,-10.27114392835712,42.29658772773169,-146.78821738695115,-10.27114392835712,0.0,-0.6556384439647777,0.751410399176216,-0.07430102829224491
34.680301904678345,0,0,0,0,0,0,0,0,0,1,-19.430249999999997,2.144750000000002,17.395500000000002,-17.3405,19.48525,-2.08975,2.77225,0,0,0,0,0,0,0,0,0,1
34.74075961112976,40.60634377819113,-106.54122995186903,-3.3117489983808,40.60634377819113,-106.54122995186903,-3.3117489983808,2.2056763048419154e-18,0.7864814398054377,-0.6170914055566797,-0.02539964625042889,-20.1025,2.0234999999999985,18.0285,-18.05375,20.07725,-2.04875,2.77225,42.283277543236665,-146.78149490643287,-10.251710780274806,42.283277543236665,-146.78149490643287,-10.251710780274806,9.23457771395845e-18,-0.6556464421183437,0.7514034879384683,-0.0743003448946343
34.808326721191406,0,0,0,0,0,0,0,0,0,1,-20.54125,2.1479999999999997,19.35975,-18.8765,21.0245,-1.66475,2.77225,0,0,0,0,0,0,0,0,0,1
34.8772337436676,40.62096459123339,-106.53581951545554,-3.3499191307331984,40.62096459123339,-106.53581951545554,-3.3499191307331984,2.2056961371605076e-18,0.7864743682282525,-0.6170921525896758,-0.02559967445518668,-22.483500000000003,1.6282499999999978,20.74225,-20.798750000000002,22.427,-1.68475,2.77225,42.30302182419729,-146.77963223232197,-10.249123539562547,42.30302182419729,-146.77963223232197,-10.249123539562547,4.6172840533100584e-18,-0.6556568621974501,0.7514042696737322,-0.07420042162601932
34.92418694496155,0,0,0,0,0,0,0,0,0,1,-23.79975,1.8142499999999977,22.073,-22.02925,23.8435,-1.7705,2.77225,0,0,0,0,0,0,0,0,0,1
35.00011873245239,40.45607357718282,-106.5212260554659,-3.57082178895827,40.45607357718282,-106.5212260554659,-3.57082178895827,-2.208672947672726e-18,0.7854143719216926,-0.6183985024285128,-0.0265999355831152,-24.683,1.9017499999999998,23.229750000000003,-23.0055,24.90725,-1.6775,2.77225,42.30240010802734,-146.79363165484585,-10.311602573149827,42.30240010802734,-146.79363165484585,-10.311602573149827,-9.230833560772364e-18,-0.6554095454951673,0.7517082675388027,-0.07330080618676897
35.05692481994629,0,0,0,0,0,0,0,0,0,1,-26.06525,1.7029999999999994,24.19275,-24.2775,25.9805,-1.78775,2.77225,0,0,0,0,0,0,0,0,0,1
35.130141496658325,40.15046597144709,-106.4507914301488,-3.9949007378261996,40.15046597144709,-106.4507914301488,-3.9949007378261996,-2.2163086722980635e-18,0.782708427602773,-0.621689068556618,-0.029499481297121162,-28.056,1.878499999999999,26.2575,-26.2175,28.096,-1.8385,2.77225,42.282034110896745,-146.80949375148063,-10.376668847449388,42.282034110896745,-146.80949375148063,-10.376668847449388,0.0,-0.654469458571473,0.7528130356463675,-0.07030121732988794
35.179826736450195,0,0,0,0,0,0,0,0,0,1,-29.11775,1.9772500000000015,26.212500000000002,-26.6765,28.653750000000002,-2.44125,2.77225,0,0,0,0,0,0,0,0,0,1
35.24509263038635,39.53784525957545,-106.54007838861273,-4.666632605787001,39.53784525957545,-106.54007838861273,-4.666632605787001,-2.2346395393143146e-18,0.7762878287337102,-0.6292918578727821,-0.036999521279664604,-31.036,2.517999999999997,28.3535,-28.435750000000002,30.95375,-2.60025,2.77225,42.259293777485226,-146.82759539779443,-10.422003245394677,42.259293777485226,-146.82759539779443,-10.422003245394677,-4.599495329164073e-18,-0.6531310798139747,0.7543103544327686,-0.06660091423203285
35.316611766815186,0,0,0,0,0,0,0,0,0,1,-32.223,2.961000000000002,29.662000000000003,-29.462,32.423,-2.761,2.77225,0,0,0,0,0,0,0,0,0,1
35.379700660705566,38.67653612690495,-106.56976946683511,-5.493291554720848,38.67653612690495,-106.56976946683511,-5.493291554720848,0.0,0.7651323667263332,-0.6418896274336436,-0.05049918396229787,-33.473,2.81025,30.42775,-30.54525,33.3555,-2.92775,2.77225,42.24286408013256,-146.84812503157133,-10.43644620845243,42.24286408013256,-146.84812503157133,-10.43644620845243,1.377304246249047e-17,-0.6518472213396269,0.7557038239159531,-0.06330032030419457
35.42865061759949,0,0,0,0,0,0,0,0,0,1,-34.99325,3.0947500000000012,31.550000000000004,-31.72425,34.819,-3.269,2.77225,0,0,0,0,0,0,0,0,0,1
35.49752140045166,37.466028044602666,-106.68917480693294,-6.605277412291429,37.466028044602666,-106.68917480693294,-6.605277412291429,4.624034021528493e-18,0.7503074016758153,-0.6579936713486143,-0.06389938540908276,-35.87225,3.4282499999999985,32.254999999999995,-32.3495,35.77775,-3.5227500000000003,2.77225,42.23299193965224,-146.84905636862675,-10.43773982880856,42.23299193965224,-146.84905636862675,-10.43773982880856,0.0,-0.6502392173177113,0.7574116201643616,-0.05930090979105707
35.56181263923645,0,0,0,0,0,0,0,0,0,1,-36.81975,3.6822500000000034,32.9485,-33.043,36.72525,-3.7767500000000003,2.77225,0,0,0,0,0,0,0,0,0,1
35.624789237976074,36.21596420417177,-106.79643956713653,-7.578742699841868,36.21596420417177,-106.79643956713653,-7.578742699841868,-4.722578179149473e-18,0.734651036010685,-0.6742980628194856,-0.07489978482156233,-37.07025,3.77675,33.2935,-33.2935,37.07025,-3.7767500000000003,2.77225,42.201566633900825,-146.86696957715645,-10.494233785287122,42.201566633900825,-146.86696957715645,-10.494233785287122,1.3700474069001448e-17,-0.6478759962446393,0.7597066206205701,-0.05570048541340761
35.71974420547485,35.290136692640516,-107.03032826943934,-8.152536647027553,35.290136692640516,-107.03032826943934,-8.152536647027553,-1.443139688732292e-17,0.7212289244850524,-0.6878974685608874,-0.08139970045189156,-37.875750000000004,4.464999999999996,33.176249999999996,-33.2935,37.7585,-4.58225,2.77225,42.19508068737221,-146.94350008993138,-10.544243915381323,42.19508068737221,-146.94350008993138,-10.544243915381323,9.109688852325754e-18,-0.645653227837398,0.761704819603766,-0.054200342946729846
35.80786609649658,0,0,0,0,0,0,0,0,0,1,-39.091499999999996,5.607500000000002,33.131,-33.3075,38.915,-5.784,2.77225,0,0,0,0,0,0,0,0,0,1
35.86577582359314,34.559128629886516,-107.30924364204759,-8.170796633649786,34.559128629886516,-107.30924364204759,-8.170796633649786,-9.754880233787071e-18,0.711325381512489,-0.6985992587289482,-0.07729991797845363,-41.02125,6.807499999999997,33.76075,-33.98725,40.79475,-7.034,2.77225,42.18946337782697,-146.98400489599786,-10.549517104074141,42.18946337782697,-146.98400489599786,-10.549517104074141,4.54703920857114e-18,-0.644132665072364,0.7630123235827238,-0.05390087056501809
35.938546895980835,0,0,0,0,0,0,0,0,0,1,-41.622,7.619999999999997,33.9725,-33.98725,41.60725,-7.63475,2.77225,0,0,0,0,0,0,0,0,0,1
36.00380730628967,33.19187343498666,-107.6871496174309,-8.2869874499346,33.19187343498666,-107.6871496174309,-8.2869874499346,9.657442667359518e-18,-0.6921035575343677,0.7185022104619357,0.06890021197053223,-41.622,7.634499999999996,33.986999999999995,-33.98725,41.62175,-7.63475,2.77225,42.21083681849194,-147.0049152368241,-10.620269727210477,42.21083681849194,-147.0049152368241,-10.620269727210477,0.0,-0.6426626096743153,0.7642154737255475,-0.05440110150571812
36.06096577644348,0,0,0,0,0,0,0,0,0,1,-41.427749999999996,7.848500000000001,33.27375,-33.4265,41.275,-8.00125,2.77225,0,0,0,0,0,0,0,0,0,1
36.12993311882019,32.703409639169365,-107.86214180670467,-8.37576162336886,32.703409639169365,-107.86214180670467,-8.37576162336886,2.3933646134939917e-17,-0.6857754226746124,0.7248053498394227,0.06610048789236457,-42.047000000000004,8.679499999999997,33.1515,-33.2595,41.939,-8.7875,2.77225,42.218653153848436,-147.0411293813166,-10.653847110078573,42.218653153848436,-147.0411293813166,-10.653847110078573,-1.8131093504653768e-17,-0.6411407567395322,0.7654137244536517,-0.05550099517530397
36.17762470245361,0,0,0,0,0,0,0,0,0,1,-42.1815,9.874249999999996,32.89275,-32.6,42.47425,-9.5815,2.77225,0,0,0,0,0,0,0,0,0,1
36.24695372581482,32.432492383131546,-107.94086015615768,-8.184170230450647,32.432492383131546,-107.94086015615768,-8.184170230450647,0.0,-0.6825138185905999,0.7282040129779233,0.06240034387506508,-43.40525,10.789749999999998,32.6705,-32.643,43.43275,-10.76225,2.77225,42.199725659808166,-147.07491170686478,-10.639687150689099,42.199725659808166,-147.07491170686478,-10.639687150689099,0.0,-0.6403786643138532,0.7660077626912416,-0.05610056852085987
36.33462834358215,31.381494200806628,-108.17043392284161,-7.728540220025259,31.381494200806628,-108.17043392284161,-7.728540220025259,4.680169869024975e-18,-0.6693445808979286,0.7413079116883441,0.04940052723243516,-45.226,11.22475,33.97325000000001,-33.98725,45.212,-11.23875,2.77225,42.19435527107632,-147.09339022874673,-10.662702431567844,42.19435527107632,-147.09339022874673,-10.662702431567844,9.05609728008126e-18,-0.6401250171482386,0.7662123858993006,-0.05620090849326639
36.38002324104309,0,0,0,0,0,0,0,0,0,1,-47.3355,12.1385,34.161500000000004,-34.67925,46.817750000000004,-12.65625,2.77225,0,0,0,0,0,0,0,0,0,1
36.42960810661316,0,0,0,0,0,0,0,0,0,1,-47.4935,12.717750000000002,34.59075,-34.68325,47.401,-12.81025,2.77225,0,0,0,0,0,0,0,0,0,1
36.50845694541931,29.3931162696106,-109.12089944244886,-7.639835661120436,29.3931162696106,-109.12089944244886,-7.639835661120436,-9.00433854732748e-18,-0.6364593647677456,0.7706167274182197,0.03270070981907057,-49.26975,13.187750000000001,36.054,-36.068,49.25575,-13.20175,2.77225,42.18673400647023,-147.1030951582154,-10.674856882185281,42.18673400647023,-147.1030951582154,-10.674856882185281,-4.524538105312501e-18,-0.6393686415038502,0.7668068808791669,-0.05670050879740319
36.589070081710815,27.760888487648202,-109.65405746896258,-7.400096247268522,27.760888487648202,-109.65405746896258,-7.400096247268522,0.0,-0.6102213040194403,0.7920031295820935,0.0190000750783583,-50.72925,13.619500000000002,36.23775,-36.67375,50.29325,-14.0555,2.77225,42.1360626755214,-147.11988476042438,-10.662587999695859,42.1360626755214,-147.11988476042438,-10.662587999695859,-9.040737777776251e-18,-0.6384388716221352,0.7675141204697111,-0.05760105972515356
36.63844919204712,0,0,0,0,0,0,0,0,0,1,-51.707,14.71125,36.527249999999995,-36.7615,51.47275,-14.945500000000001,2.77225,0,0,0,0,0,0,0,0,0,1
36.69192051887512,0,0,0,0,0,0,0,0,0,1,-52.3135,15.406500000000001,36.616,-36.7615,52.168,-15.552,2.77225,0,0,0,0,0,0,0,0,0,1
36.76148509979248,26.256143137356077,-110.33433268427639,-6.867773918031936,26.256143137356077,-110.33433268427639,-6.867773918031936,0.0,-0.5848399960688786,0.8111264862196143,0.006000195928144107,-53.17525,16.302750000000003,36.6505,-36.7615,53.06425,-16.41375,2.77225,42.11082454542219,-147.15123909850948,-10.679319475193921,42.11082454542219,-147.15123909850948,-10.679319475193921,-1.3548786079905549e-17,-0.6375169601301636,0.768212059329628,-0.0585009183425973
36.80913209915161,0,0,0,0,0,0,0,0,0,1,-53.66475,16.707,36.56525,-36.7615,53.4685,-16.90325,2.77225,0,0,0,0,0,0,0,0,0,1
36.887974977493286,25.3643303055548,-110.8387067195696,-6.424178713417817,25.3643303055548,-110.8387067195696,-6.424178713417817,0.0,-0.5669393036034023,0.8237306674420084,-0.006900256896139198,-54.422,17.63275,36.73375,-36.7615,54.39425,-17.6605,2.77225,42.10557761709708,-147.15870447829914,-10.711205802165637,42.10557761709708,-147.15870447829914,-10.711205802165637,4.512764600754261e-18,-0.6367712538724553,0.768807429346909,-0.05880056821747954
36.937657594680786,0,0,0,0,0,0,0,0,0,1,-55.02275,18.240500000000004,36.740750000000006,-36.7615,55.002,-18.26125,2.77225,0,0,0,0,0,0,0,0,0,1
37.01163840293884,24.55009911629594,-111.16763189548524,-6.23513956644824,24.55009911629594,-111.16763189548524,-6.23513956644824,-2.081419376163428e-18,-0.5523338344940533,0.8334329428480348,-0.01780070360294579,-55.71125,18.8675,36.679249999999996,-36.7615,55.629,-18.94975,2.77225,42.06940363878377,-147.1810967861869,-10.728236005935656,42.06940363878377,-147.1810967861869,-10.728236005935656,9.019636830924306e-18,-0.6361920178698687,0.7693096777596254,-0.05850073592738608
37.05517053604126,0,0,0,0,0,0,0,0,0,1,-56.777249999999995,19.920750000000005,36.6665,-36.7615,56.68225,-20.01575,2.77225,0,0,0,0,0,0,0,0,0,1
37.12657046318054,23.712310806705176,-111.48273906627739,-6.108182017525692,23.712310806705176,-111.48273906627739,-6.108182017525692,-5.145631278038019e-18,-0.537450221220668,0.8428137298628208,-0.02850046428700806,-57.4265,20.663500000000006,36.760000000000005,-36.7615,57.425000000000004,-20.665,2.77225,42.03666770448518,-147.2111429116484,-10.765992978144126,42.03666770448518,-147.2111429116484,-10.765992978144126,9.013652955168827e-18,-0.6355922316610869,0.769820397836391,-0.058301544808861495
37.21450185775757,22.61014395057603,-112.1729880859584,-5.548821210818858,22.61014395057603,-112.1729880859584,-5.548821210818858,8.113466846047507e-18,-0.5161009536884793,0.8552316827778162,-0.047101744923801606,-61.45125,20.963,36.31225,-38.40025,59.36325,-23.051000000000002,2.77225,41.996932221750484,-147.2368945440547,-10.753425367382732,41.996932221750484,-147.2368945440547,-10.753425367382732,0.0,-0.6347766415907561,0.7705082304389822,-0.05810062062103162
37.31210422515869,0,0,0,0,0,0,0,0,0,1,-68.102,24.034750000000003,43.32825,-43.69775,67.7325,-24.40425,2.77225,0,0,0,0,0,0,0,0,0,1
37.382123947143555,17.775336012842132,-115.67047094247914,-3.78073018556902,17.775336012842132,-115.67047094247914,-3.78073018556902,-1.535764013312531e-17,-0.40747320510065027,0.9036406431923792,-0.13190593275462023,-68.102,24.404250000000005,43.69775,-43.69775,68.102,-24.40425,2.77225,41.9078360366141,-147.2673028617382,-10.747325858402036,41.9078360366141,-147.2673028617382,-10.747325858402036,-1.3490740947990701e-17,-0.6335588449978435,0.7715173611284153,-0.05800130517880503
37.433560371398926,0,0,0,0,0,0,0,0,0,1,-68.102,24.404250000000005,43.69775,-43.69775,68.102,-24.40425,2.77225,0,0,0,0,0,0,0,0,0,1
37.51500678062439,16.184140615166484,-116.84389043106724,-4.166196020913006,16.184140615166484,-116.84389043106724,-4.166196020913006,-3.7750704098853764e-18,-0.36346125065414087,0.919041653598974,-0.15250691204988415,-68.102,24.404250000000005,43.69775,-43.69775,68.102,-24.40425,2.77225,41.80487956115647,-147.36192033748074,-10.821133022318875,41.80487956115647,-147.36192033748074,-10.821133022318875,8.970731828930147e-18,-0.6311323600458569,0.7735036601506308,-0.05800027445214812
37.57604217529297,0,0,0,0,0,0,0,0,0,1,-68.102,24.404250000000005,43.69775,-43.69775,68.102,-24.40425,2.77225,0,0,0,0,0,0,0,0,0,1
37.63010573387146,16.012629262172766,-116.8740956276205,-4.149718706342924,16.012629262172766,-116.8740956276205,-4.149718706342924,7.539407561415424e-18,-0.360472534371786,0.9203500205266185,-0.15170824526120613,-68.102,24.404250000000005,43.69775,-43.69775,68.102,-24.40425,2.77225,41.723476250969924,-147.439555941749,-10.839739850113304,41.723476250969924,-147.439555941749,-10.839739850113304,-8.954418974374811e-18,-0.629410539670692,0.7749128026915555,-0.05790095660838954
37.70332217216492,0,0,0,0,0,0,0,0,0,1,-68.102,24.404250000000005,43.69775,-43.69775,68.102,-24.40425,2.77225,0,0,0,0,0,0,0,0,0,1
37.746535778045654,16.059368707480075,-116.89370477620687,-4.105776636022057,16.059368707480075,-116.89370477620687,-4.105776636022057,-3.76962972444883e-18,-0.3602986798574713,0.9203681012624902,-0.15201124784515757,-68.102,24.404250000000005,43.69775,-43.69775,68.102,-24.40425,2.77225,41.71991474654851,-147.44291526626753,-10.81014203558189,41.71991474654851,-147.44291526626753,-10.81014203558189,-1.3422978066331816e-17,-0.6288044101653683,0.7754121927657441,-0.05780090887523861
37.809592485427856,0,0,0,0,0,0,0,0,0,1,-68.102,24.404250000000005,43.69775,-43.69775,68.102,-24.40425,2.77225,0,0,0,0,0,0,0,0,0,1
37.869112968444824,15.987462742417279,-116.96238218175905,-4.203310969233563,15.987462742417279,-116.96238218175905,-4.203310969233563,1.8830395464947532e-17,-0.3587515150342876,0.9212358174877241,-0.1504058477530978,-68.102,24.404250000000005,43.69775,-43.69775,68.102,-24.40425,2.77225,41.73559926732446,-147.44739819710682,-10.849307060018475,41.73559926732446,-147.44739819710682,-10.849307060018475,1.3419566409379273e-17,-0.6285796161838572,0.7756093258412722,-0.05760069258439569
37.93250894546509,0,0,0,0,0,0,0,0,0,1,-68.102,24.404250000000005,43.69775,-43.69775,68.102,-24.40425,2.77225,0,0,0,0,0,0,0,0,0,1
37.992668867111206,15.923676297723858,-117.01836837741092,-4.217340772147367,15.923676297723858,-117.01836837741092,-4.217340772147367,-1.1292163460619921e-17,-0.35764482920042345,0.9217313309498834,-0.15000509888519314,-67.97,24.37025,43.79575,-43.69775,68.068,-24.27225,2.77225,41.740101019072966,-147.46494538193332,-10.87102872054109,41.740101019072966,-147.46494538193332,-10.87102872054109,-8.943997301982208e-18,-0.6283339479755135,0.7758157420697566,-0.05750116675562131
38.056487798690796,0,0,0,0,0,0,0,0,0,1,-67.1075,23.729750000000003,43.86775,-43.62275,67.3525,-23.484750000000002,2.77225,0,0,0,0,0,0,0,0,0,1
38.12898254394531,15.906182892637418,-117.02900464393505,-4.230788843120948,15.906182892637418,-117.02900464393505,-4.230788843120948,-7.525788201339397e-18,-0.3571222232778049,0.9220155707640407,-0.14950252476054673,-60.64425,23.380250000000004,43.539,-40.4015,63.78175,-20.24275,2.77225,41.728918250045496,-147.47800963592053,-10.853585356627121,41.728918250045496,-147.47800963592053,-10.853585356627121,-8.942872150152434e-18,-0.6282134246055137,0.7759133517064707,-0.0575009894614281
38.213680267333984,16.10197888599393,-116.82333973613927,-4.558913628358042,16.10197888599393,-116.82333973613927,-4.558913628358042,-1.1304295107596343e-17,-0.36566242370021523,0.9207421388766266,-0.13610622906604633,-57.2145,20.968000000000004,38.7495,-37.498,58.466,-19.7165,2.77225,41.736539514651525,-147.46830470645185,-10.841430906009691,41.736539514651525,-147.46830470645185,-10.841430906009691,0.0,-0.6279882470772274,0.7761104195746162,-0.05730076928440347
38.307586908340454,0,0,0,0,0,0,0,0,0,1,-54.226,19.421,37.966,-36.3855,55.8065,-17.8405,2.77225,0,0,0,0,0,0,0,0,0,1
38.372089862823486,17.423125457948657,-115.57277144725698,-5.028328892547741,17.423125457948657,-115.57277144725698,-5.028328892547741,-3.815268263144422e-18,-0.40600420252498143,0.9093585857300127,-0.09070584375421992,-45.4055,18.954250000000002,36.73325,-31.59225,50.5465,-13.81325,2.77225,41.72434488795324,-147.40353023504056,-10.795002908711936,41.72434488795324,-147.40353023504056,-10.795002908711936,-4.472578750874597e-18,-0.6286291241628849,0.77571511765448,-0.05560108359106495
38.433109760284424,0,0,0,0,0,0,0,0,0,1,-42.23475,15.578,31.68125,-29.169,44.747,-13.06575,2.77225,0,0,0,0,0,0,0,0,0,1
38.49681568145752,21.988393964399194,-112.15773995137349,-6.7672605605941385,21.988393964399194,-112.15773995137349,-6.7672605605941385,-6.305396226803746e-20,-0.5107277638351728,0.8597415082946304,-0.001300062766991996,-42.1975,13.105250000000002,29.17125,-29.13175,42.237,-13.06575,2.77225,41.71726931503696,-147.30123723799446,-10.814651802401606,41.71726931503696,-147.30123723799446,-10.814651802401606,1.3417752128141602e-17,-0.6289217283492727,0.775714199849541,-0.052200955565484125
38.55668067932129,0,0,0,0,0,0,0,0,0,1,-40.3765,12.912500000000001,29.485500000000002,-28.47475,41.38725,-11.90175,2.77225,0,0,0,0,0,0,0,0,0,1
38.625654458999634,25.83510660969594,-110.02830333191285,-8.049329789697701,25.83510660969594,-110.02830333191285,-8.049329789697701,-8.595117192166933e-18,-0.5888356258717553,0.807306491438059,0.039100314400133916,-31.356250000000003,12.667000000000002,29.92125,-24.30525,36.97225,-7.051,2.77225,41.75492923236709,-147.18775351293692,-10.797239887695028,41.75492923236709,-147.18775351293692,-10.797239887695028,-4.469715611316224e-18,-0.6287026340009738,0.7762120129454824,-0.04720073049604067
38.70666790008545,0,0,0,0,0,0,0,0,0,1,-21.41125,11.8655,27.467750000000002,-18.50675,30.37225,-2.9045,2.77225,0,0,0,0,0,0,0,0,0,1
38.75686311721802,30.14767381525084,-108.29338255118206,-8.428162182928219,30.14767381525084,-108.29338255118206,-8.428162182928219,0.0,-0.6592990548365132,0.7495069049855099,0.059700550003515596,-15.062750000000001,10.823500000000001,20.85825,-12.54875,23.37225,-2.5140000000000002,2.77225,41.760351471161925,-147.10132963290926,-10.746234865516662,41.760351471161925,-147.10132963290926,-10.746234865516662,4.474305371657436e-18,-0.6299369917152106,0.7754157715588403,-0.043700888853651434
38.806418657302856,0,0,0,0,0,0,0,0,0,1,-14.305500000000002,6.805999999999999,16.0835,-11.791500000000001,18.5975,-2.5140000000000002,2.77225,0,0,0,0,0,0,0,0,0,1
38.86910319328308,0,0,0,0,0,0,0,0,0,1,-14.305500000000002,2.8605,12.138000000000002,-11.791500000000001,14.652000000000001,-2.5140000000000002,2.77225,41.94944458322374,-146.84078616727865,-10.521599833769628,41.94944458322374,-146.84078616727865,-10.521599833769628,-1.815483442383298e-17,-0.6423338062750913,0.7644127995789496,-0.05550092932578716
38.95484709739685,0,0,0,0,0,0,0,0,0,1,-14.11125,2.47025,11.924000000000001,-11.7825,14.25275,-2.32875,2.77225,0,0,0,0,0,0,0,0,0,1
39.012380838394165,35.63350832916532,-107.09107133948501,-5.4726474331473085,35.63350832916532,-107.09107133948501,-5.4726474331473085,0.0,0.728736171198495,-0.6835959058057326,-0.0404997574387539,-8.666250000000002,2.1049999999999986,10.741249999999999,-8.651250000000001,10.75625,-0.015,2.77225,42.116649255219386,-146.8389528598601,-10.56208732130262,42.116649255219386,-146.8389528598601,-10.56208732130262,1.3666251542196956e-17,-0.6452994038622317,0.7616090501278469,-0.05950070704123803
39.05839204788208,0,0,0,0,0,0,0,0,0,1,-3.83975,1.9405000000000006,5.7802500000000006,-3.83975,5.7802500000000006,0.0,2.77225,0,0,0,0,0,0,0,0,0,1
39.133079051971436,35.89167433480719,-107.01683144681128,-5.3317973288991425,35.89167433480719,-107.01683144681128,-5.3317973288991425,4.746009604230826e-18,0.7310240056953905,-0.681195883827958,-0.03969976011152368,-0.1315,0.5002500000000001,0.63175,-0.1315,0.63175,0.0,2.77225,42.09134392891292,-146.85444126982918,-10.435123745356009,42.09134392891292,-146.85444126982918,-10.435123745356009,0.0,-0.6452910745249897,0.7616082928781315,-0.059600648969979804
39.20763063430786,0,0,0,0,0,0,0,0,0,1,0.0,0.0,0.0,0.0,0.0,0.0,2.77225,0,0,0,0,0,0,0,0,0,1
39.25157856941223,36.01575733011637,-106.96515059607952,-5.311000695932705,36.01575733011637,-106.96515059607952,-5.311000695932705,7.106278282914111e-18,0.7323341727895741,-0.6797988046852418,-0.03949993054584736,0.0,0.0,0.0,0.0,0.0,0.0,2.77225,42.11989664262012,-146.8417538914101,-10.430247992203434,42.11989664262012,-146.8417538914101,-10.430247992203434,2.7361019946311785e-17,-0.6461702122214678,0.7608152675802472,-0.060201208081402335
39.303842306137085,0,0,0,0,0,0,0,0,0,1,0.0,0.0,0.0,0.0,0.0,0.0,2.77225,0,0,0,0,0,0,0,0,0,1
39.36752724647522,36.12966941406884,-107.0043727247335,-5.3017453324360915,36.12966941406884,-107.0043727247335,-5.3017453324360915,9.46550291589165e-18,0.733071867978352,-0.6789974140769299,-0.039599849186224494,0.0,0.0,0.0,0.0,0.0,0.0,2.77225,42.13964092358077,-146.83989121729923,-10.42766075149116,42.13964092358077,-146.83989121729923,-10.42766075149116,1.368614833777891e-17,-0.6465205248748916,0.7605018299509372,-0.06040014533732626
39.43360781669617,0,0,0,0,0,0,0,0,0,1,0.32550000000000007,0.34525000000000006,-0.7132499999999999,0.6920000000000001,-0.34675,-0.3665,2.77225,0,0,0,0,0,0,0,0,0,1
39.4934139251709,36.1087379649677,-107.00735517368388,-5.294466634971222,36.1087379649677,-107.00735517368388,-5.294466634971222,2.3660304231110458e-18,0.7331788547739189,-0.6788935383860085,-0.039399624999865566,-0.385,0.9390000000000001,-0.9595,0.75675,0.18225,-1.14175,2.77225,42.134075464098515,-146.81245066521996,-10.404944198884365,42.134075464098515,-146.81245066521996,-10.404944198884365,-4.5643729021352445e-18,-0.6469661868991412,0.7601147027953352,-0.06050117026590948
39.55826759338379,0,0,0,0,0,0,0,0,0,1,-0.25824999999999987,2.32975,-2.09,2.08075,0.249,-2.339,2.77225,0,0,0,0,0,0,0,0,0,1
39.61926293373108,36.15715842004229,-106.98179197906165,-5.295874687199337,36.15715842004229,-106.98179197906165,-5.295874687199337,-4.728526014289538e-18,0.7337269460861578,-0.6782953192530893,-0.03949972742222767,-1.029,4.758,-3.1224999999999996,3.42575,1.33225,-4.45475,2.77225,42.15381974505917,-146.81058799110906,-10.402356958172092,42.15381974505917,-146.81058799110906,-10.402356958172092,4.56500878684347e-18,-0.6470999500097055,0.7600088223165514,-0.060400701141999594
39.68665528297424,0,0,0,0,0,0,0,0,0,1,-1.5564999999999998,6.516,-3.4154999999999998,4.1875,2.3285,-5.744,2.77225,0,0,0,0,0,0,0,0,0,1
39.74827766418457,36.21651472333096,-106.96519081463676,-5.296984011155487,36.21651472333096,-106.96519081463676,-5.296984011155487,2.362797674207367e-18,0.7341819805027294,-0.6777969266131639,-0.03959982043948257,-1.2119999999999997,8.86625,-3.4372499999999997,5.54575,3.3205,-6.75775,2.77225,42.16594276141373,-146.8184302464669,-10.411924168077277,42.16594276141373,-146.8184302464669,-10.411924168077277,-2.7397163601622885e-17,-0.6473315355528109,0.7598115635039165,-0.06040091923616288
39.80940914154053,0,0,0,0,0,0,0,0,0,1,-1.4725000000000001,12.69425,-3.3512500000000003,7.2865,5.40775,-8.759,2.77225,0,0,0,0,0,0,0,0,0,1
39.865931034088135,36.26481171799884,-106.95064076210679,-5.289521017290639,36.26481171799884,-106.95064076210679,-5.289521017290639,0.0,0.7345387677287846,-0.6773985278905371,-0.039799913507592835,0.5232500000000009,17.0375,-3.7467499999999996,10.65375,6.38375,-10.1305,2.77225,42.160695833088596,-146.82589562625657,-10.443810495048993,42.160695833088596,-146.82589562625657,-10.443810495048993,1.3700373786044347e-17,-0.6474388264183589,0.759712181463481,-0.06050097009153692
39.92793583869934,0,0,0,0,0,0,0,0,0,1,-3.1225000000000005,21.5635,-5.031000000000001,11.736,9.8275,-14.858500000000001,2.77225,0,0,0,0,0,0,0,0,0,1
39.988866090774536,36.30073877549876,-106.95027473840358,-5.254748721334693,36.30073877549876,-106.95027473840358,-5.254748721334693,-4.72095017204191e-18,0.734904378466042,-0.676995984770616,-0.03989976335649569,-1.4779999999999998,26.262999999999998,-6.1295,15.45725,10.80575,-16.93525,2.77225,42.15713432866718,-146.8292549507751,-10.414212680517593,42.15713432866718,-146.8292549507751,-10.414212680517593,-2.2836921651781433e-17,-0.6475545526467669,0.7596135339201846,-0.060501077938613944
40.05124020576477,0,0,0,0,0,0,0,0,0,1,-0.6314999999999991,29.185750000000002,-7.40775,17.981,11.20475,-18.6125,2.77225,0,0,0,0,0,0,0,0,0,1
40.11882400512695,36.31810872017846,-106.95065161397171,-5.232429604268155,36.31810872017846,-106.95065161397171,-5.232429604268155,-2.3598854275508594e-18,0.7350880071229308,-0.6767965926435936,-0.03989979912304872,-4.635000000000002,33.2195,-10.741,19.66275,13.556750000000001,-24.29775,2.77225,42.15844495721436,-146.8171220338433,-10.432949664787671,42.15844495721436,-146.8171220338433,-10.432949664787671,-4.567977600166184e-18,-0.6476702524721107,0.7595148784940177,-0.060501185186159406
40.18649435043335,0,0,0,0,0,0,0,0,0,1,-7.767750000000003,34.43175,-14.953000000000001,20.8085,13.62325,-28.57625,2.77225,0,0,0,0,0,0,0,0,0,1
40.25605869293213,36.35772074250647,-106.93591312365768,-5.236126168936579,36.35772074250647,-106.93591312365768,-5.236126168936579,4.717428200599441e-18,0.7354530486574768,-0.6763939987991826,-0.03999964510935439,-9.041500000000003,34.458,-16.2005,20.8085,13.6495,-29.85,2.77225,42.20899282775645,-146.8113455737266,-10.436347501184137,42.20899282775645,-146.8113455737266,-10.436347501184137,0.0,-0.6476711266015828,0.7595062156808536,-0.06060049594504243
40.304807901382446,0,0,0,0,0,0,0,0,0,1,-10.662499999999998,37.79775,-17.64575,22.3905,15.40725,-33.053,2.77225,0,0,0,0,0,0,0,0,0,1
40.36487030982971,36.37271635090525,-106.93852954890485,-5.194075175515778,36.37271635090525,-106.93852954890485,-5.194075175515778,0.0,0.7356606277722182,-0.6761976055824407,-0.039499860130887916,-9.019000000000002,42.089,-17.904500000000002,25.48725,16.60175,-34.50625,2.77225,42.18880655523199,-146.78931545806083,-10.375460816224951,42.18880655523199,-146.78931545806083,-10.375460816224951,-1.827676571912793e-17,-0.6478504943243553,0.7593131093916893,-0.06110105489771131
40.42892909049988,0,0,0,0,0,0,0,0,0,1,-11.045750000000002,43.550250000000005,-19.929000000000002,26.21675,17.3335,-37.2625,2.77225,0,0,0,0,0,0,0,0,0,1
40.487805128097534,36.09394204812227,-107.21156555337416,-4.184205763972216,36.09394204812227,-107.21156555337416,-4.184205763972216,3.545779626488047e-18,0.7338541838660382,-0.6790942804135388,-0.01699985682083664,-12.927499999999998,49.12650000000001,-20.488,28.343500000000002,20.783,-41.271,2.77225,42.17868749393827,-146.8122730793008,-10.359012344395154,42.17868749393827,-146.8122730793008,-10.359012344395154,9.138464065858396e-18,-0.6477729418899603,0.7593063619773003,-0.062000519481881504
40.55567026138306,0,0,0,0,0,0,0,0,0,1,-14.231750000000002,50.86125,-20.247,28.43825,22.423000000000002,-42.67,2.77225,0,0,0,0,0,0,0,0,0,1
40.613808155059814,35.307911054562794,-107.84494937193615,-2.4451312355095425,35.307911054562794,-107.84494937193615,-2.4451312355095425,2.3894317957790267e-18,0.725998322714725,-0.6869974109548659,0.03099988317263587,-16.833750000000002,52.1305,-22.700750000000003,28.99875,23.13175,-45.8325,2.77225,42.173440565613106,-146.81973845909047,-10.39089867136687,42.173440565613106,-146.81973845909047,-10.39089867136687,4.570440620718846e-18,-0.6476638125894966,0.7591055742472229,-0.06550048098167978
40.67024230957031,0,0,0,0,0,0,0,0,0,1,-20.81475,52.40925,-26.669,29.13175,23.2775,-49.9465,2.77225,0,0,0,0,0,0,0,0,0,1
40.74047899246216,34.708393540267224,-108.45242312957885,-1.0658363490446163,34.708393540267224,-108.45242312957885,-1.0658363490446163,4.830326520561107e-18,0.7182634418574649,-0.6924990115941175,0.06739990379991843,-22.05275,52.40925,-27.907,29.13175,23.2775,-51.1845,2.77225,42.16401041669661,-146.84456258592257,-10.455666217394466,42.16401041669661,-146.84456258592257,-10.455666217394466,4.571630311396751e-18,-0.6469909403936097,0.7589080296594692,-0.07390078191044247
40.82769560813904,0,0,0,0,0,0,0,0,0,1,-22.234499999999997,54.756,-28.226,30.37375,24.38225,-52.60825,2.77225,0,0,0,0,0,0,0,0,0,1
40.86758208274841,33.58663907294061,-109.50143956232883,0.8289278681743326,33.58663907294061,-109.50143956232883,0.8289278681743326,0.0,0.7062745492769906,-0.6971002024103956,0.12340003583050184,-23.502499999999998,56.38825,-29.48925,31.1875,25.20075,-54.69,2.77225,42.1677714060049,-146.92818862330267,-10.424161601359316,42.1677714060049,-146.92818862330267,-10.424161601359316,-3.654414115227482e-17,-0.6450902428077335,0.7595082204825919,-0.08370090593073466
40.928258180618286,0,0,0,0,0,0,0,0,0,1,-24.630499999999998,56.506,-30.549999999999997,31.21275,25.29325,-55.84325,2.77225,0,0,0,0,0,0,0,0,0,1
40.994760274887085,33.03619442217817,-110.23697327534887,1.9259241505098572,33.03619442217817,-110.23697327534887,1.9259241505098572,-1.9828979422870035e-17,0.6998740334466391,-0.6974007431638348,0.1543001644252649,-25.693000000000005,57.054,-31.064500000000002,31.21275,25.841250000000002,-56.905750000000005,2.77225,42.14929031766488,-147.02693002656497,-10.366641303589212,42.14929031766488,-147.02693002656497,-10.366641303589212,9.126455214081788e-18,-0.6432584013796484,0.7603054790868603,-0.09030065074515782
41.055108308792114,0,0,0,0,0,0,0,0,0,1,-26.2025,58.626000000000005,-31.389,31.90625,26.71975,-58.10875,2.77225,0,0,0,0,0,0,0,0,0,1
41.12764358520508,32.55683012128523,-110.7897773555045,2.890039037850933,32.55683012128523,-110.7897773555045,2.890039037850933,-1.994214114293407e-17,-0.695056092912165,0.6959025968348267,-0.18060067393069376,-27.180750000000003,59.457,-31.711750000000002,31.994,27.463,-59.17475,2.77225,42.12318796471877,-147.13537635929595,-10.321275456436538,42.12318796471877,-147.13537635929595,-10.321275456436538,-1.3678817385591145e-17,-0.6419983192697821,0.7609094092318737,-0.0941011636334858
41.212836265563965,32.17231812162487,-111.34446645607963,3.67277176606688,32.17231812162487,-111.34446645607963,3.67277176606688,-6.0120219330002e-17,-0.6915872068336011,0.6925018552396889,-0.20530055000824274,-27.365499999999997,65.63725,-31.76175,35.01675,30.6205,-62.38225,2.77225,42.095205117118525,-147.20200967333685,-10.29166191730144,42.095205117118525,-147.20200967333685,-10.29166191730144,1.8226527308929173e-17,-0.6409620093187341,0.7614060304847942,-0.09710076905709679
41.304046392440796,0,0,0,0,0,0,0,0,0,1,-31.758750000000006,68.8385,-36.443250000000006,36.7615,32.077,-68.52025,2.77225,0,0,0,0,0,0,0,0,0,1
41.379690647125244,30.957299316795513,-113.4462475580809,6.186881052311492,30.957299316795513,-113.4462475580809,6.186881052311492,-2.0410595072746663e-17,0.6799305830306162,-0.6749047083696607,0.2867020001327333,-32.07725000000001,68.8385,-36.761750000000006,36.7615,32.077,-68.83875,2.77225,42.04441032576301,-147.2298124176381,-10.27052198871906,42.04441032576301,-147.2298124176381,-10.27052198871906,-9.106087989140522e-18,-0.6396607290035411,0.7620060241216883,-0.10090079768225502
41.43069791793823,0,0,0,0,0,0,0,0,0,1,-32.07725000000001,68.8385,-36.761750000000006,36.7615,32.077,-68.83875,2.77225,0,0,0,0,0,0,0,0,0,1
41.50082206726074,30.36133980569275,-114.45019507362409,7.592555853665189,30.36133980569275,-114.45019507362409,7.592555853665189,2.061064911839925e-17,0.6733309430524277,-0.6619057342932674,0.3294028537183898,-32.07725000000001,68.8385,-36.761750000000006,36.7615,32.077,-68.83875,2.77225,41.998440231449536,-147.35113456657223,-10.218872336185697,41.998440231449536,-147.35113456657223,-10.218872336185697,1.8195194750242235e-17,-0.6377685155279429,0.7627171898025272,-0.10730241833723769
41.560006618499756,0,0,0,0,0,0,0,0,0,1,-32.07725000000001,68.8385,-36.761750000000006,36.7615,32.077,-68.83875,2.77225,0,0,0,0,0,0,0,0,0,1
41.7065749168396,30.307429915616098,-114.54631622015798,7.686653935159612,30.307429915616098,-114.54631622015798,7.686653935159612,-2.063487344267596e-17,0.672540485715466,-0.6608062831050915,0.3332031681758724,-32.07725000000001,68.8385,-36.761750000000006,36.7615,32.077,-68.83875,2.77225,41.98789893887269,-147.47507697223475,-10.203800467376638,41.98789893887269,-147.47507697223475,-10.203800467376638,-1.8185832442327776e-17,-0.6365949116570571,0.7631098467350724,-0.11140143746073522
41.75250720977783,30.28899626320259,-114.53604597733708,7.665329710177247,30.28899626320259,-114.53604597733708,7.665329710177247,2.0633483713799435e-17,0.6725857833950335,-0.6606082958147901,0.33350418809299515,-32.07725000000001,68.8385,-36.761750000000006,36.7615,32.077,-68.83875,2.77225,41.97671616984519,-147.48814122622196,-10.18635710346269,41.97671616984519,-147.48814122622196,-10.18635710346269,-9.094130568062532e-18,-0.6365766010162232,0.7630079480358212,-0.11220116876752179
41.811248540878296,0,0,0,0,0,0,0,0,0,1,-32.07725000000001,68.8385,-36.761750000000006,36.7615,32.077,-68.83875,2.77225,0,0,0,0,0,0,0,0,0,1
41.87278437614441,30.24951211541773,-114.5808376134963,7.766989492804811,30.24951211541773,-114.5808376134963,7.766989492804811,-4.1279700040199e-17,0.6723783261167103,-0.6599080013212337,0.33530406552964026,-32.07725000000001,68.8385,-36.761750000000006,36.7615,32.077,-68.83875,2.77225,41.98290334549739,-147.50158235577732,-10.146594622482183,41.98290334549739,-147.50158235577732,-10.146594622482183,0.0,-0.6366359756667506,0.76291409530173,-0.11250207854429756
41.93625497817993,0,0,0,0,0,0,0,0,0,1,-32.07725000000001,68.8385,-36.761750000000006,36.7615,32.077,-68.83875,2.77225,0,0,0,0,0,0,0,0,0,1
42.005767583847046,30.24451652204243,-114.60734299703888,7.8241953376992655,30.24451652204243,-114.60734299703888,7.8241953376992655,2.0646036088609972e-17,0.6721768647624599,-0.6595034663763011,0.336501768666604,-32.07725000000001,68.8385,-36.761750000000006,36.7615,32.077,-68.83875,2.77225,41.992775485977745,-147.5006510187219,-10.145301002126047,41.992775485977745,-147.5006510187219,-10.145301002126047,1.8190576120930838e-17,-0.6366045795878448,0.7629108454594846,-0.11270160215399648
42.05576300621033,0,0,0,0,0,0,0,0,0,1,-32.07725000000001,68.8385,-36.761750000000006,36.7615,32.077,-68.83875,2.77225,0,0,0,0,0,0,0,0,0,1
42.122735023498535,30.25676299880368,-114.60417211030443,7.805757081701131,30.25676299880368,-114.60417211030443,7.805757081701131,6.194839874594658e-17,0.6720652069504464,-0.6592074703573604,0.3373038224386189,-32.07725000000001,68.8385,-36.761750000000006,36.7615,32.077,-68.83875,2.77225,41.97315466542378,-147.4915005507405,-10.156759288931283,41.97315466542378,-147.4915005507405,-10.156759288931283,1.8188313111652703e-17,-0.636455494001459,0.7630057676389668,-0.11290085342914724
42.210161209106445,0,0,0,0,0,0,0,0,0,1,-32.051,68.8385,-36.7355,36.7615,32.077,-68.8125,2.77225,0,0,0,0,0,0,0,0,0,1
42.30838966369629,30.208219083322405,-114.64074844701892,7.816036180022209,30.208219083322405,-114.64074844701892,7.816036180022209,-2.065252992204332e-17,0.671965510288505,-0.6590029696182478,0.3379015226616176,-29.747,59.85225,-33.966750000000005,32.036,27.81625,-61.783,2.77225,41.97434183356424,-147.490380775901,-10.166625227108419,41.97434183356424,-147.490380775901,-10.166625227108419,9.095236572993504e-18,-0.6365461055907469,0.7629151642422246,-0.11300224611269025
42.39219427108765,30.194661978013954,-114.65605225068516,7.853211420290435,30.194661978013954,-114.65605225068516,7.853211420290435,0.0,0.6719050590528808,-0.6587047682640107,0.3386024510918384,-28.800500000000003,55.45025,-33.35775,30.00375,25.4465,-58.80425,2.77225,41.962342277616415,-147.4715253784509,-10.165929063296204,41.962342277616415,-147.4715253784509,-10.165929063296204,9.095204698122722e-18,-0.6364716892280998,0.7629178379393088,-0.11340265149078199
42.46463990211487,0,0,0,0,0,0,0,0,0,1,-27.802000000000003,53.47625,-32.43475000000001,29.0545,24.42175,-56.856500000000004,2.77225,0,0,0,0,0,0,0,0,0,1
42.55486702919006,30.089919879755286,-114.49083341557126,7.605962902851061,30.089919879755286,-114.49083341557126,7.605962902851061,-6.207952956982996e-17,0.6706456010851728,-0.6609068631780569,0.33680349753119926,-28.140749999999997,46.084,-32.02175,24.9825,21.1015,-53.12325,2.77225,41.94903209312133,-147.46480289793263,-10.14649591521389,41.94903209312133,-147.46480289793263,-10.14649591521389,0.0,-0.6361139874028332,0.7631119045295022,-0.11410177998534428
42.62898254394531,30.44401310429069,-113.5499305906304,6.468105327248395,30.44401310429069,-113.5499305906304,6.468105327248395,4.1149767788833704e-17,0.6745013910664299,-0.6684043310466211,0.31350203139305155,-26.137,39.649,-30.917,22.2145,17.4345,-48.3515,2.77225,41.956529897320735,-147.4661111105562,-10.125470418503483,41.956529897320735,-147.4661111105562,-10.125470418503483,9.098898570679911e-18,-0.6368785970779806,0.7626081167963522,-0.1132012048535891
42.68521761894226,0,0,0,0,0,0,0,0,0,1,-28.49,31.046750000000003,-32.77825,17.6675,13.37925,-46.1575,2.77225,0,0,0,0,0,0,0,0,0,1
42.75082778930664,31.49141705742349,-112.1544533921898,4.968609296045187,31.49141705742349,-112.1544533921898,4.968609296045187,-4.0556398658940326e-17,0.6843698290136625,-0.6769021181227333,0.27100084800008967,-28.54575,28.11125,-32.29,15.92775,12.1835,-44.4735,2.77225,41.97439368362723,-147.42243541775525,-10.138635485808791,41.97439368362723,-147.42243541775525,-10.138635485808791,0.0,-0.6390054059243099,0.7613105454352588,-0.10990152232146978
42.80289173126221,0,0,0,0,0,0,0,0,0,1,-26.179750000000002,23.9845,-30.592750000000002,14.19875,9.78575,-40.3785,2.77225,0,0,0,0,0,0,0,0,0,1
42.8737998008728,32.04179220157718,-111.32259988556564,3.4162862162016694,32.04179220157718,-111.32259988556564,3.4162862162016694,-2.0042160880674202e-17,0.6924297180548137,-0.6820025715965627,0.2354008876155878,-24.349000000000004,14.6135,-27.398500000000002,8.8315,5.782,-33.1805,2.77225,41.99681107174524,-147.32836155163508,-10.145532472337102,41.99681107174524,-147.32836155163508,-10.145532472337102,9.127565576038501e-18,-0.6410339079342718,0.7602129884580696,-0.1056018042372693
42.936503648757935,0,0,0,0,0,0,0,0,0,1,-21.992,12.4785,-23.386000000000003,6.93625,5.54225,-28.928250000000002,2.77225,0,0,0,0,0,0,0,0,0,1
43.00019574165344,35.12098970599942,-108.65578389448565,-0.5122039770507101,35.12098970599942,-108.65578389448565,-0.5122039770507101,9.598279486814724e-18,0.7229310121089173,-0.6812993233198886,0.1148998858791358,-21.054000000000002,12.157,-22.5365,6.81975,5.33725,-27.87375,2.77225,42.04844591153045,-147.0575229505513,-10.270753458930102,42.04844591153045,-147.0575229505513,-10.270753458930102,-1.8305900644075492e-17,-0.6467521500664751,0.758104617611691,-0.08360050921031177
43.08061981201172,0,0,0,0,0,0,0,0,0,1,-20.18425,5.6259999999999994,-21.684749999999998,3.56325,2.06275,-23.7475,2.77225,0,0,0,0,0,0,0,0,0,1
43.120864152908325,36.23774738912354,-108.11355979318542,-1.6947627710023525,36.23774738912354,-108.11355979318542,-1.6947627710023525,0.0,0.7350781634809881,-0.6724931483875779,0.08609912278984455,-17.271749999999997,1.142,-17.893749999999997,0.882,0.26,-18.15375,2.77225,42.146541186027406,-147.02114271458333,-10.42713055300814,42.146541186027406,-147.02114271458333,-10.42713055300814,-1.3752879278016398e-17,-0.6489379943303905,0.7568117661367313,-0.07820121579266963
43.19841170310974,0,0,0,0,0,0,0,0,0,1,-12.16125,0.9475,-12.600750000000001,0.6935,0.254,-12.854750000000001,2.77225,0,0,0,0,0,0,0,0,0,1
43.30603289604187,36.868530451511646,-107.7707840565515,-2.11715775508641,36.868530451511646,-107.7707840565515,-2.11715775508641,-4.682259900993092e-18,0.74097701223671,-0.6676917732147182,0.0716991165785462,-9.3215,-0.60075,-9.92225,0.0,-0.60075,-9.3215,2.77225,42.15678812186425,-147.02823823918854,-10.345615806878797,42.15678812186425,-147.02823823918854,-10.345615806878797,9.170983383461868e-18,-0.6492644758708238,0.7566139435406903,-0.07740142642089538
43.383174896240234,36.97875315649958,-107.7833123638788,-2.176267795017523,36.97875315649958,-107.7833123638788,-2.176267795017523,9.352136103678515e-18,0.7419581822785838,-0.6667924388879031,0.06989920737592144,-2.7305,-0.60075,-3.3312500000000003,0.0,-0.60075,-2.7305,2.77225,42.16371605995667,-146.9756005161903,-10.359079602456077,42.16371605995667,-146.9756005161903,-10.359079602456077,2.294282755523109e-17,-0.6499848130878099,0.7561070978721977,-0.07630071626457968
43.42300820350647,0,0,0,0,0,0,0,0,0,1,-1.0365,-0.60075,-1.6372499999999999,0.0,-0.60075,-1.0365,2.77225,0,0,0,0,0,0,0,0,0,1
43.4909143447876,36.99955673105757,-107.75027676908323,-2.281509710441526,36.99955673105757,-107.75027676908323,-2.281509710441526,1.4019688187981193e-17,0.7424088693201972,-0.6663947297520929,0.06889945510191958,-0.0595,-1.403,-0.7735,-0.34450000000000003,-1.0585,0.28500000000000003,2.77225,42.17146078496947,-146.95488244462933,-10.35579619793159,42.17146078496947,-146.95488244462933,-10.35579619793159,9.179578509735214e-18,-0.6502660823007572,0.7559055022568112,-0.07590055248219603
43.550695180892944,0,0,0,0,0,0,0,0,0,1,-2.14175,-7.283250000000001,-2.4225000000000003,-3.50125,-3.782,1.3595,2.77225,0,0,0,0,0,0,0,0,0,1
43.62823820114136,37.03548378855746,-107.74991074537999,-2.2467374144855867,37.03548378855746,-107.74991074537999,-2.2467374144855867,-9.345212734085823e-18,0.7425078595159463,-0.6662947643094242,0.06879945937939125,1.4662499999999996,-10.70525,1.186,-5.2125,-5.49275,6.67875,2.77225,42.185958137604985,-146.96048515030813,-10.385095284191024,42.185958137604985,-146.96048515030813,-10.385095284191024,4.5909838607527534e-18,-0.6505062796914356,0.7557088103953282,-0.07580088372100816
43.68229794502258,0,0,0,0,0,0,0,0,0,1,0.6690000000000005,-16.667749999999998,0.5582499999999992,-8.2785,-8.38925,8.9475,2.77225,0,0,0,0,0,0,0,0,0,1
43.7521812915802,37.06772146709281,-107.72285090035011,-2.2803305219573673,37.06772146709281,-107.72285090035011,-2.2803305219573673,4.669816792587584e-18,0.7429514060296066,-0.6658925598792602,0.0678992413512566,-3.354750000000001,-23.41675,1.4000000000000004,-14.08575,-9.331,10.731,2.77225,42.18608159801167,-146.94947200821585,-10.393966330283988,42.18608159801167,-146.94947200821585,-10.393966330283988,1.8366294039998626e-17,-0.6506422416518588,0.7556117623724757,-0.07560117685992478
43.83962678909302,37.0974613489405,-107.70904374709153,-2.2853207069819277,37.0974613489405,-107.70904374709153,-2.2853207069819277,-4.667748013722692e-18,0.7432806873365491,-0.6655959991770042,0.06719959607075524,0.3752499999999994,-28.76925,3.5745000000000005,-15.984250000000001,-12.785,16.3595,2.77225,42.18907765046259,-146.93323303601295,-10.351219173050978,42.18907765046259,-146.93323303601295,-10.351219173050978,-1.8368879032973018e-17,-0.6507657848954562,0.7555054275714462,-0.07560054311634858
43.88962984085083,0,0,0,0,0,0,0,0,0,1,3.8659999999999997,-32.84475,9.00625,-18.9925,-13.85225,22.8585,2.77225,0,0,0,0,0,0,0,0,0,1
43.93581295013428,0,0,0,0,0,0,0,0,0,1,1.2304999999999993,-37.32125,10.84725,-23.469,-13.85225,24.6995,2.77225,0,0,0,0,0,0,0,0,0,1
44.01203274726868,36.3716407270029,-107.48601957427375,-3.1683522144091114,36.3716407270029,-107.48601957427375,-3.1683522144091114,0.0,0.7386009168202695,-0.6718956206917889,0.0549996415211317,0.31625000000000014,-40.7095,12.28075,-26.337,-14.3725,26.65325,2.77225,42.02931451846689,-146.96325362626337,-10.424530194159281,42.02931451846689,-146.96325362626337,-10.424530194159281,4.5734200242751584e-18,-0.6480273039162389,0.7586110467742327,-0.0676009843948565
44.06212282180786,0,0,0,0,0,0,0,0,0,1,3.4955,-44.71725,14.16975,-27.69575,-17.0215,31.19125,2.77225,0,0,0,0,0,0,0,0,0,1
44.12960982322693,34.55982909427104,-107.7133794750803,-5.256903406743788,34.55982909427104,-107.7133794750803,-5.256903406743788,0.0,0.713132163244265,-0.7002988797810468,0.031999948811928455,6.0382500000000014,-49.11075,19.778000000000002,-31.425250000000002,-17.6855,37.4635,2.77225,42.09668222786249,-147.02878568029215,-10.504948734469068,42.09668222786249,-147.02878568029215,-10.504948734469068,9.085821209407865e-18,-0.6430608356602678,0.763705750309327,-0.05680042767784439
44.207125186920166,0,0,0,0,0,0,0,0,0,1,8.22325,-49.591750000000005,22.444,-31.90625,-17.6855,40.1295,2.77225,0,0,0,0,0,0,0,0,0,1
44.259265184402466,31.973409226616184,-108.29767105981271,-7.438631073573717,31.973409226616184,-108.29767105981271,-7.438631073573717,0.0,-0.6764312104426662,0.7365058163647248,0.0,9.65175,-50.368,23.73375,-32.225,-18.143,41.87675,2.77225,42.122254235263114,-147.1161485603377,-10.714504931293803,42.122254235263114,-147.1161485603377,-10.714504931293803,9.024257474971254e-18,-0.6373524776807888,0.7689157720900833,-0.05050103588314373
44.30798029899597,0,0,0,0,0,0,0,0,0,1,12.6905,-52.08725,27.190250000000002,-33.2935,-18.79375,45.984,2.77225,0,0,0,0,0,0,0,0,0,1
44.3706328868866,30.08181692553063,-108.62376086943786,-9.233775636702944,30.08181692553063,-108.62376086943786,-9.233775636702944,4.574654739094765e-18,-0.650776021244022,0.7584062950814405,0.03620030047725231,16.064999999999998,-52.08725,30.56475,-33.2935,-18.79375,49.3585,2.77225,42.070092551161,-147.182963291779,-10.809452023793042,42.070092551161,-147.182963291779,-10.809452023793042,4.502155898615171e-18,-0.6353785096610759,0.7706190167738947,-0.04940121908724423
44.458630084991455,0,0,0,0,0,0,0,0,0,1,17.570999999999998,-52.33475,31.823249999999998,-33.2935,-19.04125,50.8645,2.77225,0,0,0,0,0,0,0,0,0,1
44.50436592102051,29.15977437105832,-108.98737802821864,-10.825290666346845,29.15977437105832,-108.98737802821864,-10.825290666346845,4.53041256782356e-18,-0.6366209047158878,0.7658125832942317,0.09080149198631,18.942,-52.688,32.841,-33.2935,-19.3945,52.2355,2.77225,42.0919642475892,-147.20088735217365,-10.808854567249114,42.0919642475892,-147.20088735217365,-10.808854567249114,4.499832712064676e-18,-0.634957413022783,0.7710168741721319,-0.048601063663768644
44.560190200805664,0,0,0,0,0,0,0,0,0,1,19.137,-53.58375000000001,33.42375,-33.93525,-19.648500000000002,53.072250000000004,2.77225,0,0,0,0,0,0,0,0,0,1
44.6280620098114,28.726810810701863,-109.16032486481498,-11.880199168120697,28.726810810701863,-109.16032486481498,-11.880199168120697,3.621932954947613e-17,-0.6306722887680472,0.7663194200686235,0.12250310447397415,19.662,-53.63575,34.00075,-33.98725,-19.648500000000002,53.64925,2.77225,42.09646599933768,-147.21843453700015,-10.83057622777173,42.09646599933768,-147.21843453700015,-10.83057622777173,8.992733618255653e-18,-0.6343034075458275,0.7716111917093779,-0.0477006918669483
44.71132159233093,0,0,0,0,0,0,0,0,0,1,20.283249999999995,-54.237,34.02075,-33.98725,-20.24975,54.2705,2.77225,0,0,0,0,0,0,0,0,0,1
44.755025148391724,28.55236177319165,-109.14050238581224,-12.263832590332527,28.55236177319165,-109.14050238581224,-12.263832590332527,0.0,-0.62910131850099,0.7646116237173222,0.1400021283290938,21.23075,-54.490750000000006,33.327,-33.2935,-21.19725,54.52425,2.77225,42.07159825045861,-147.2167494488084,-10.873920841548681,42.07159825045861,-147.2167494488084,-10.873920841548681,0.0,-0.6336667902940623,0.7722072960150294,-0.04650043934822438
44.810152530670166,0,0,0,0,0,0,0,0,0,1,21.79725,-55.09075,33.293499999999995,-33.2935,-21.797250000000002,55.09075,2.77225,0,0,0,0,0,0,0,0,0,1
44.882781744003296,28.41505113573902,-109.28513797040341,-12.580575919405618,28.41505113573902,-109.28513797040341,-12.580575919405618,2.723208760214203e-17,-0.6271481201598053,0.7644174040511048,0.1495034038535324,22.094,-56.03750000000001,34.031000000000006,-33.98725,-22.050250000000002,56.081250000000004,2.77225,42.06516415399301,-147.2253346034376,-10.895941230343254,42.06516415399301,-147.2253346034376,-10.895941230343254,-4.491684366593161e-18,-0.6334420948377817,0.7724155725984617,-0.04610092943654723
44.93161153793335,0,0,0,0,0,0,0,0,0,1,21.717,-56.3725,34.681,-34.66825,-21.704250000000002,56.38525,2.77225,0,0,0,0,0,0,0,0,0,1
45.01172089576721,28.05855155639324,-109.3800755160658,-13.424847743138884,28.05855155639324,-109.3800755160658,-13.424847743138884,1.816193826265884e-17,-0.6218103672400266,0.7641138080701086,0.17170310279497142,21.958250000000007,-57.33275,35.374500000000005,-35.3745,-21.95825,57.332750000000004,2.77225,42.055292013512656,-147.22626594049302,-10.897234850699391,42.055292013512656,-147.22626594049302,-10.897234850699391,-6.73502605405734e-18,-0.6331213018213437,0.7727023453450942,-0.04570013871136379
45.057207345962524,0,0,0,0,0,0,0,0,0,1,21.779500000000006,-57.5115,36.068000000000005,-35.9,-21.6115,57.679500000000004,2.77225,0,0,0,0,0,0,0,0,0,1
45.12844371795654,27.467965521917932,-109.72602854123048,-14.234554258033114,27.467965521917932,-109.72602854123048,-14.234554258033114,-3.6228931418846057e-17,-0.6121170959675274,0.766116319985928,0.19590417319572295,22.212250000000004,-58.275,36.07325,-36.068,-22.207,58.28025,2.77225,42.018177787872276,-147.22775173903577,-10.922141208478202,42.018177787872276,-147.22775173903577,-10.922141208478202,1.3464706137904928e-17,-0.6327825753224677,0.773009135829559,-0.04520053420374651
45.18884229660034,0,0,0,0,0,0,0,0,0,1,22.212250000000004,-58.280249999999995,36.068,-36.068,-22.21225,58.28025,2.77225,0,0,0,0,0,0,0,0,0,1
45.25235342979431,27.081929959747782,-109.96282488998757,-14.905899202123166,27.081929959747782,-109.96282488998757,-14.905899202123166,3.621917548598861e-17,-0.6055523631305896,0.766322679718818,0.21460635138673928,22.41675,-58.425000000000004,36.213750000000005,-36.111000000000004,-22.314,58.527750000000005,2.77225,41.98962507416505,-147.24043911745486,-10.927016961630784,41.98962507416505,-147.24043911745486,-10.927016961630784,-4.4847977515147425e-18,-0.6321147955390685,0.7736016525565297,-0.044400094846832876
45.307374238967896,0,0,0,0,0,0,0,0,0,1,23.288250000000005,-62.736000000000004,36.81675,-38.13225,-24.60375,61.420500000000004,2.77225,0,0,0,0,0,0,0,0,0,1
45.37561583518982,26.78282364668496,-109.89967103815728,-15.45165281364119,26.78282364668496,-109.89967103815728,-15.45165281364119,-5.438589300837988e-17,-0.6037169211508594,0.7655176943960158,0.22250514304782942,25.222500000000004,-68.094,40.0245,-41.448,-26.646,66.6705,2.77225,41.97200820867198,-147.26208852607124,-10.931593986511388,41.97200820867198,-147.26208852607124,-10.931593986511388,-4.4823851001190966e-18,-0.63166052388694,0.7740180449603561,-0.043601016486138934
45.45945167541504,0,0,0,0,0,0,0,0,0,1,26.65975000000001,-68.263,41.630750000000006,-41.617,-26.646,68.27675,2.77225,0,0,0,0,0,0,0,0,0,1
45.55569124221802,24.36883725320837,-112.11430501866025,-20.63572129549128,24.36883725320837,-112.11430501866025,-20.63572129549128,3.797783079113758e-17,-0.5579743958260028,0.7308362546632307,0.3931195015163056,27.5935,-68.51675,40.92325,-40.92325,-27.5935,68.51675,2.77225,41.78877932696881,-147.4601009014508,-11.168697921751516,41.78877932696881,-147.4601009014508,-11.168697921751516,-6.683014814739582e-18,-0.6261318624130576,0.7787159795684538,-0.03950081057269029
45.62342309951782,24.04153627815694,-112.34849962551633,-21.370654597124783,24.04153627815694,-112.34849962551633,-21.370654597124783,-5.758127946216058e-17,-0.5518701385140397,0.7230364419186386,0.4155209427623713,27.5935,-68.51675,40.92325,-40.92325,-27.5935,68.51675,2.77225,41.769086896071116,-147.39401821741595,-11.143295421164169,41.769086896071116,-147.39401821741595,-11.143295421164169,1.112409508822155e-17,-0.6250172855766668,0.7797144227100199,-0.03740069181653809
45.6777765750885,0,0,0,0,0,0,0,0,0,1,27.5935,-68.51675,40.92325,-40.92325,-27.5935,68.51675,2.77225,0,0,0,0,0,0,0,0,0,1
45.74273443222046,23.947009025952866,-112.38319924735256,-21.629228638426625,23.947009025952866,-112.38319924735256,-21.629228638426625,5.769411435152818e-17,-0.5510040457676458,0.7216223680941313,0.4191129912254025,27.5935,-68.51675,40.92325,-40.92325,-27.5935,68.51675,2.77225,41.760278463324596,-147.40484292172414,-11.14558393360447,41.760278463324596,-147.40484292172414,-11.14558393360447,-2.2250969350277866e-18,-0.6251387501783439,0.7796170354057604,-0.03740081724496594
45.808387756347656,0,0,0,0,0,0,0,0,0,1,27.5935,-68.51675,40.92325,-40.92325,-27.5935,68.51675,2.77225,0,0,0,0,0,0,0,0,0,1
45.8680214881897,23.980880278328954,-112.41997870519728,-21.629327345694904,23.980880278328954,-112.41997870519728,-21.629327345694904,7.693570368797282e-17,-0.5508232716285321,0.7215265289103445,0.4195154246401797,26.708499999999994,-68.30000000000001,41.516999999999996,-41.55425,-26.74575,68.26275,2.77225,41.740410721957204,-147.41771873792732,-11.13930012822378,41.740410721957204,-147.41771873792732,-11.13930012822378,-6.671087072565199e-18,-0.6245671412817547,0.780108304886701,-0.036700390705476114
45.92564558982849,0,0,0,0,0,0,0,0,0,1,26.64575,-68.263,41.616749999999996,-41.617,-26.646,68.26275,2.77225,0,0,0,0,0,0,0,0,0,1
46.003947734832764,23.93814874314333,-112.46196930980649,-21.659506892166547,23.93814874314333,-112.46196930980649,-21.659506892166547,9.623671955981503e-17,-0.5501088966702077,0.7210235277808305,0.42131374792519255,27.015749999999997,-68.35175000000001,41.665,-41.5005,-26.85125,68.51625,2.77225,41.73053858147688,-147.41865007498274,-11.140593748579917,41.73053858147688,-147.41865007498274,-11.140593748579917,-4.446264021572636e-18,-0.624349201161894,0.7803061030834774,-0.03620028313677031
46.05003905296326,0,0,0,0,0,0,0,0,0,1,27.5935,-68.51675,40.92325,-40.92325,-27.5935,68.51675,2.77225,0,0,0,0,0,0,0,0,0,1
46.13005590438843,23.915906665495015,-112.47708467568867,-21.633491210431586,23.915906665495015,-112.47708467568867,-21.633491210431586,-1.5402162899164366e-16,-0.5496052321592294,0.7208228038449009,0.42231336024375915,28.125750000000004,-68.24525,40.34,-40.22975,-28.0155,68.3555,2.77225,41.713045176390466,-147.42928634150687,-11.154041819553498,41.713045176390466,-147.42928634150687,-11.154041819553498,2.2228170923442405e-18,-0.6242340527742118,0.7804166532421803,-0.03580076394934656
46.205918073654175,0,0,0,0,0,0,0,0,0,1,28.727250000000005,-68.8035,40.34375,-40.21,-28.593500000000002,68.93725,2.77225,0,0,0,0,0,0,0,0,0,1
46.25187873840332,23.890293740039283,-112.5004121521131,-21.73044381170287,23.890293740039283,-112.5004121521131,-21.73044381170287,3.853676233208132e-17,-0.5493674529580233,0.7202363129640184,0.42362135819433244,31.29875,-69.099,37.78725,-37.79375,-31.30525,69.0925,2.77225,41.70779824806536,-147.43675172129653,-11.185928146525207,41.70779824806536,-147.43675172129653,-11.185928146525207,8.889030346654731e-18,-0.6240054734245108,0.7806131415130773,-0.035500597647597026
46.31490969657898,0,0,0,0,0,0,0,0,0,1,32.695249999999994,-69.1115,35.717749999999995,-36.067,-33.0445,68.76225,2.77225,0,0,0,0,0,0,0,0,0,1
46.37740921974182,23.895360943758305,-112.53083898462397,-21.824510443989894,23.895360943758305,-112.53083898462397,-21.824510443989894,5.791898830791239e-17,-0.5492952557465324,0.718820625838794,0.42611222686409317,34.861,-69.15975,33.42074999999999,-33.85975,-35.300000000000004,68.72075,2.77225,41.716483220405166,-147.43694015908062,-11.174768587991935,41.716483220405166,-147.43694015908062,-11.174768587991935,0.0,-0.6238935465777619,0.7807116723077492,-0.03530052777310559
46.42739939689636,0,0,0,0,0,0,0,0,0,1,37.5675,-68.8815,30.582,-30.948,-37.9335,68.5155,2.77225,0,0,0,0,0,0,0,0,0,1
46.4899423122406,23.914360048142328,-112.55398887512925,-21.875531190771966,23.914360048142328,-112.55398887512925,-21.875531190771966,-9.678623139837117e-17,-0.5497386484017243,0.7169298570317104,0.42871785424674874,38.104,-68.99175,28.908750000000005,-29.89825,-39.0935,68.00225,2.77225,41.70779824806536,-147.43675172129653,-11.185928146525207,41.70779824806536,-147.43675172129653,-11.185928146525207,-4.4439473240880824e-18,-0.623903305787754,0.7807128885501718,-0.035100579464725286
46.55449724197388,0,0,0,0,0,0,0,0,0,1,41.84,-68.727,24.656000000000006,-25.7715,-42.9555,67.6115,2.77225,0,0,0,0,0,0,0,0,0,1
46.61819314956665,24.1496424996852,-112.38398619666239,-21.706293909683936,24.1496424996852,-112.38398619666239,-21.706293909683936,-1.940586634207586e-17,-0.5524593996685392,0.7151336386216676,0.42822014271821857,42.890499999999996,-68.29475,23.060249999999996,-24.23225,-44.0625,67.12275,2.77225,41.71885755668612,-147.43470060940157,-11.194500464346206,41.71885755668612,-147.43470060940157,-11.194500464346206,4.4445592128754274e-18,-0.624043413607181,0.780605406696571,-0.03500024242170124
46.70728516578674,0,0,0,0,0,0,0,0,0,1,45.25500000000001,-68.017,20.09400000000001,-21.428,-46.589,66.683,2.77225,0,0,0,0,0,0,0,0,0,1
46.748103618621826,24.755249507803597,-111.72630651097438,-21.467552244381835,24.755249507803597,-111.72630651097438,-21.467552244381835,0.0,-0.5625293081563438,0.7120253839395572,0.4202149808025307,45.8695,-67.638,19.366499999999995,-20.5675,-47.0705,66.437,2.77225,41.716853601625274,-147.4039007328038,-11.201381726270824,41.716853601625274,-147.4039007328038,-11.201381726270824,-2.2239555419080943e-18,-0.6248391604397924,0.7800171555985607,-0.033900745608706664
46.80322456359863,0,0,0,0,0,0,0,0,0,1,46.225249999999996,-68.281,17.36425,-19.71,-48.571,65.93525,2.77225,0,0,0,0,0,0,0,0,0,1
46.873297691345215,25.15400773181605,-111.27802155536389,-21.277466796870144,25.15400773181605,-111.27802155536389,-21.277466796870144,-5.872759640602531e-17,-0.5711269513476451,0.7089233336846031,0.413813620367737,47.863749999999996,-68.072,15.771249999999995,-17.98975,-50.08225,65.8535,2.77225,41.72759437908897,-147.3669436890399,-11.15535116451332,41.72759437908897,-147.3669436890399,-11.15535116451332,-4.451328650077777e-18,-0.6256498968983842,0.7794182871428722,-0.03270076724348462
46.92117881774902,0,0,0,0,0,0,0,0,0,1,49.125750000000004,-67.04575,14.928000000000004,-16.424,-50.62175,65.54975,2.77225,0,0,0,0,0,0,0,0,0,1
46.98836851119995,25.86766700766472,-110.76316137651833,-20.910166600526253,25.86766700766472,-110.76316137651833,-20.910166600526253,-9.85335858914298e-17,-0.5829966629487457,0.7042161148537631,0.4052092725628299,49.814750000000004,-66.373,14.220250000000007,-15.38925,-50.98375,65.20400000000001,2.77225,41.72833955566563,-147.34193112442375,-11.101743177018989,41.72833955566563,-147.34193112442375,-11.101743177018989,4.45536258087783e-18,-0.6266045201503202,0.7787125938625712,-0.031200504595495348
47.07919144630432,0,0,0,0,0,0,0,0,0,1,50.870000000000005,-65.92525,14.065249999999999,-14.56025,-51.365,65.43025,2.77225,0,0,0,0,0,0,0,0,0,1
47.11997318267822,26.27199069115946,-110.3423169729871,-20.742797705621356,26.27199069115946,-110.3423169729871,-20.742797705621356,0.0,-0.5920638933475019,0.7004098280789461,0.398605593192844,51.233000000000004,-66.091,12.663500000000006,-13.76075,-52.33025,64.99375,2.77225,41.74370554528451,-147.31150812339413,-11.086305321877063,41.74370554528451,-147.31150812339413,-11.086305321877063,4.458240819819035e-18,-0.6272825401163088,0.7782098572446436,-0.030100381268393445
47.183359146118164,0,0,0,0,0,0,0,0,0,1,51.359750000000005,-65.88175,10.940500000000007,-12.731250000000001,-53.1505,64.09100000000001,2.77225,0,0,0,0,0,0,0,0,0,1
47.25265693664551,26.623249860051516,-110.25652351750117,-20.315765529708287,26.623249860051516,-110.25652351750117,-20.315765529708287,-1.9881548775466458e-17,-0.5978611604207708,0.6980234771719314,0.39411325552071375,52.129,-65.259,10.057499999999997,-11.59375,-53.66525,63.72275,2.77225,41.73764183003897,-147.2870538517465,-11.134938848950526,41.73764183003897,-147.2870538517465,-11.134938848950526,0.0,-0.6275492584253349,0.7780177623373435,-0.02950067350764991
47.30587315559387,0,0,0,0,0,0,0,0,0,1,53.245000000000005,-64.712,9.978000000000002,-10.7225,-53.9895,63.9675,2.77225,0,0,0,0,0,0,0,0,0,1
47.36998105049133,27.106227722095298,-109.75225619772004,-20.190279056427897,27.106227722095298,-109.75225619772004,-20.190279056427897,3.998059041155036e-17,-0.6072980537769057,0.6942262565389817,0.3863146109204964,53.86425,-64.59475,8.8005,-9.7655,-54.82925,63.62975,2.77225,41.75513523512538,-147.27641758522236,-11.121490777976945,41.75513523512538,-147.27641758522236,-11.121490777976945,-6.690762529977908e-18,-0.6278201606255587,0.7778142483182116,-0.029100533075417778
47.435938119888306,0,0,0,0,0,0,0,0,0,1,54.603500000000004,-64.30625,8.296750000000003,-8.99975,-55.3065,63.60325,2.77225,0,0,0,0,0,0,0,0,0,1
47.505189657211304,27.40267977537374,-109.59159944540234,-19.862703739833776,27.40267977537374,-109.59159944540234,-19.862703739833776,6.01544979433835e-17,-0.6128579281991504,0.6921072379762534,0.38130398763234424,55.16475,-63.723,7.6782499999999985,-8.11825,-55.60475,63.283,2.77225,41.78262424109886,-147.25383683955053,-11.115620132740197,41.78262424109886,-147.25383683955053,-11.115620132740197,2.23083929152695e-18,-0.6280866607691697,0.7776102395925777,-0.02880037924416954
47.55735182762146,0,0,0,0,0,0,0,0,0,1,55.62675,-63.283,7.603250000000003,-7.6297500000000005,-55.65325,63.2565,2.77225,0,0,0,0,0,0,0,0,0,1
47.6276068687439,27.70774729438324,-109.33481133726458,-19.97929566221437,27.70774729438324,-109.33481133726458,-19.97929566221437,1.410315073845986e-16,-0.6185219235121718,0.6888142689263342,0.37810783257991726,55.913250000000005,-62.949250000000006,6.8344999999999985,-6.93525,-56.014,62.8485,2.77225,41.78799462983068,-147.23535831766858,-11.092604851861452,41.78799462983068,-147.23535831766858,-11.092604851861452,2.2314247380986518e-18,-0.6283528487540588,0.7774062222931736,-0.02850022811339779
47.710740089416504,28.060707233323342,-109.32872311276924,-19.662464137542486,28.060707233323342,-109.32872311276924,-19.662464137542486,8.078835021358367e-17,-0.6224635980891621,0.6871182674791675,0.3747099619042992,56.347,-62.5895,6.2425,-6.2425,-56.347,62.5895,2.77225,41.790990682281546,-147.21911934546569,-11.049857694628429,41.790990682281546,-147.21911934546569,-11.049857694628429,2.2319850685978006e-18,-0.6285942241598498,0.7772110577185053,-0.028500405487618886
47.7531955242157,0,0,0,0,0,0,0,0,0,1,56.347,-62.5895,6.2425,-6.2425,-56.347,62.5895,2.77225,0,0,0,0,0,0,0,0,0,1
47.83493113517761,0,0,0,0,0,0,0,0,0,1,56.272,-62.5895,6.167499999999997,-6.2425,-56.347,62.5145,2.77225,0,0,0,0,0,0,0,0,0,1
47.888482093811035,28.288539316593358,-109.04840057559561,-19.59309687591734,28.288539316593358,-109.04840057559561,-19.59309687591734,6.074278548250593e-17,-0.6277406491961606,0.6854042515951771,0.3690022889387516,56.69375,-62.24275,5.5489999999999995,-5.549,-56.69375,62.24275,2.77225,41.7933650185625,-147.21687979578667,-11.0695895709827,41.7933650185625,-147.21687979578667,-11.0695895709827,-2.232823681323902e-18,-0.6289639936516436,0.7769191497235653,-0.028300697563620664
47.92653846740723,0,0,0,0,0,0,0,0,0,1,56.69375,-62.24275,5.5489999999999995,-5.549,-56.69375,62.24275,2.77225,0,0,0,0,0,0,0,0,0,1
47.99213743209839,28.449355224314957,-108.98552835427367,-19.24226169009681,28.449355224314957,-108.98552835427367,-19.24226169009681,-1.0126585517622695e-16,-0.6308546817426406,0.6852155538342002,0.3640082626906726,56.69375,-62.24275,5.5489999999999995,-5.549,-56.69375,62.24275,2.77225,41.79586281525013,-147.20362710401537,-11.098192493429934,41.79586281525013,-147.20362710401537,-11.098192493429934,0.0,-0.6291010961632755,0.7768117833039997,-0.028200427766700297
48.05210494995117,0,0,0,0,0,0,0,0,0,1,56.36525,-62.57125,6.2425,-6.2242500000000005,-56.347,62.5895,2.77225,0,0,0,0,0,0,0,0,0,1
48.124982595443726,28.65016446759256,-108.91762321468516,-19.200255264019987,28.65016446759256,-108.91762321468516,-19.200255264019987,-8.110769705235964e-17,-0.6325308917402195,0.6844128639902352,0.36260681543375123,56.33025,-62.649750000000004,7.570499999999996,-6.945,-55.704750000000004,63.27525,2.77225,41.80779076085432,-147.165550285412,-11.062027869849558,41.80779076085432,-147.165550285412,-11.062027869849558,-2.2337217010226752e-18,-0.6293585979856298,0.7766068061131298,-0.028100246268064562
48.176424503326416,0,0,0,0,0,0,0,0,0,1,55.832750000000004,-63.21825,7.920000000000002,-7.65275,-55.5655,63.4855,2.77225,0,0,0,0,0,0,0,0,0,1
48.242332220077515,28.575689095498376,-108.94262109595518,-19.23232588739168,28.575689095498376,-108.94262109595518,-19.23232588739168,-8.110769705235964e-17,-0.6325308917402195,0.6844128639902352,0.36260681543375123,55.3425,-63.594,9.017000000000003,-8.63425,-54.95975,63.97675,2.77225,41.804229256432905,-147.16890960993052,-11.032430055318152,41.804229256432905,-147.16890960993052,-11.032430055318152,-6.702003813480687e-18,-0.6294829561893812,0.776509619028049,-0.02800034685484272
48.333476305007935,28.58318248556131,-108.90286302064129,-19.31813465473337,28.58318248556131,-108.90286302064129,-19.31813465473337,-2.0291647616528766e-17,-0.6330667674671905,0.6839162629904022,0.36260862254762377,54.795500000000004,-64.06025,8.436250000000001,-8.8505,-55.20975,63.646,2.77225,41.79779515996728,-147.1774947645597,-11.054450444112732,41.79779515996728,-147.1774947645597,-11.054450444112732,-6.702003813480687e-18,-0.6294829561893812,0.776509619028049,-0.02800034685484272
48.37427854537964,0,0,0,0,0,0,0,0,0,1,54.93125,-63.739250000000006,7.201499999999996,-8.00475,-55.734500000000004,62.936,2.77225,0,0,0,0,0,0,0,0,0,1
48.46970343589783,28.60017763488449,-108.89521303454879,-19.376036663440047,28.60017763488449,-108.89521303454879,-19.376036663440047,2.0294631803296112e-17,-0.633060982924948,0.6838156977827272,0.36280832868612656,56.3015,-62.58475000000001,4.908249999999995,-5.59575,-56.989000000000004,61.89725,2.77225,41.81216905219611,-147.19411061233075,-11.074878484279218,41.81216905219611,-147.19411061233075,-11.074878484279218,0.0,-0.6293663801534726,0.7766077092573752,-0.027900276961474083
48.551995277404785,0,0,0,0,0,0,0,0,0,1,55.68425,-62.87375,1.1570000000000036,-4.17325,-58.7005,59.8575,2.77225,0,0,0,0,0,0,0,0,0,1
48.62829780578613,28.96697810386513,-108.70003807779521,-18.914447937178394,28.96697810386513,-108.70003807779521,-18.914447937178394,-1.4185488079228203e-16,-0.6382777087361174,0.6848161593886206,0.3516082967889005,56.6335,-62.157250000000005,-2.5222499999999997,-1.50075,-60.6565,58.13425,2.77225,41.80098628316861,-147.20717486631796,-11.057435120365255,41.80098628316861,-147.20717486631796,-11.057435120365255,2.2340025703522947e-18,-0.6294790578149024,0.7765091674461443,-0.02810033175175359
48.6863808631897,0,0,0,0,0,0,0,0,0,1,57.8815,-60.9515,-6.713500000000003,1.82175,-62.773250000000004,56.05975,2.77225,0,0,0,0,0,0,0,0,0,1
48.75220203399658,30.7658271563985,-107.90652690318855,-16.43885061491978,30.7658271563985,-107.90652690318855,-16.43885061491978,-2.0250376509931433e-17,-0.6649795770310694,0.685310112679058,0.29690438122634216,57.61875,-60.887750000000004,-9.090000000000003,2.9105,-63.79825,54.70825,2.77225,41.83016071304576,-147.18048806537502,-10.990080333625393,41.83016071304576,-147.18048806537502,-10.990080333625393,-4.4743258551705394e-18,-0.6308073403645964,0.7754122216968875,-0.02860045078737552
48.811113595962524,0,0,0,0,0,0,0,0,0,1,59.89975,-57.83500000000001,-10.404250000000005,6.2345,-64.0695,53.66525,2.77225,0,0,0,0,0,0,0,0,0,1
48.87419843673706,32.08451026059646,-107.59787000052317,-14.278779832019382,32.08451026059646,-107.59787000052317,-14.278779832019382,-6.073395199021548e-17,-0.6810119932446859,0.6855039406977942,0.2575014802767061,60.258250000000004,-57.226,-11.694749999999999,7.3635,-64.5895,52.89475,2.77225,42.001528845352055,-147.03641843671483,-10.932836073410307,42.001528845352055,-147.03641843671483,-10.932836073410307,-4.5010755872428326e-18,-0.6362377401647255,0.7708039744515487,-0.03260016809434417
48.92797803878784,0,0,0,0,0,0,0,0,0,1,59.18075,-56.89875000000001,-17.200000000000003,9.741,-66.63975,49.439750000000004,2.77225,0,0,0,0,0,0,0,0,0,1
48.999441623687744,32.88612921267682,-107.46606286859505,-13.224723886806586,32.88612921267682,-107.46606286859505,-13.224723886806586,-2.0102744319167662e-17,0.6903429495734171,-0.6823032340532951,-0.2406011404268253,58.49525,-56.25775000000001,-20.11050000000001,11.174,-67.43175000000001,47.32125,2.77225,42.077247649786074,-146.983421710397,-10.77580738286403,42.077247649786074,-146.983421710397,-10.77580738286403,-2.256373709850241e-18,-0.6385017716218779,0.7688103563713051,-0.03530047552017048
49.05517053604126,0,0,0,0,0,0,0,0,0,1,60.34075,-52.96775,-22.696000000000005,15.0345,-68.00225,45.30625,2.77225,0,0,0,0,0,0,0,0,0,1
49.132404804229736,33.77663413966533,-107.2939585017993,-10.868141390491424,33.77663413966533,-107.2939585017993,-10.868141390491424,-1.986911675238858e-17,0.6984602275360897,-0.6869007112060705,-0.2008002079053413,62.99825,-48.72975,-24.276500000000006,19.2725,-68.00225,43.72575,2.77225,42.11886362717496,-146.9994830966808,-10.772622685607843,42.11886362717496,-146.9994830966808,-10.772622685607843,-6.796536995086238e-18,-0.641794512226224,0.7657091297660756,-0.04230050436085281
49.178144454956055,0,0,0,0,0,0,0,0,0,1,63.32625,-48.255500000000005,-24.625750000000004,19.84825,-68.10375,43.478,2.77225,0,0,0,0,0,0,0,0,0,1
49.24177145957947,34.26304885489671,-107.27763194749905,-10.108382107276626,34.26304885489671,-107.27763194749905,-10.108382107276626,-1.9716219478126094e-17,0.7038767154733181,-0.6869007824024576,-0.18090020605125132,65.13300000000001,-45.394000000000005,-27.050500000000007,23.394750000000002,-68.78875000000001,41.73825,2.77225,42.25688293728558,-146.9815915918809,-10.60194590308432,42.25688293728558,-146.9815915918809,-10.60194590308432,2.271761239113021e-18,-0.6440311724327633,0.7636029025013681,-0.04620017560969515
49.3255136013031,0,0,0,0,0,0,0,0,0,1,66.24725000000001,-44.276500000000006,-27.053750000000008,24.51225,-68.78875000000001,41.735,2.77225,0,0,0,0,0,0,0,0,0,1
49.37485313415527,34.50908532631257,-107.19387108908069,-9.572611472274815,34.50908532631257,-107.19387108908069,-9.572611472274815,0.0,0.7057392705439898,-0.6871002614702566,-0.17270006571956534,66.18100000000001,-41.56625,-29.186749999999996,26.900750000000002,-68.467,39.28025,2.77225,42.198642191793624,-146.94014076541285,-10.57384172991273,42.198642191793624,-146.94014076541285,-10.57384172991273,4.54471597260886e-18,-0.6442255547199635,0.7634023716474421,-0.046800145393110136
49.46497702598572,34.53957038473692,-107.15505137120596,-9.523993669805044,34.53957038473692,-107.15505137120596,-9.523993669805044,0.0,0.7069702828319329,-0.6870000131801852,-0.16800000322310202,65.66125,-40.09275,-31.2855,28.427,-68.51975,37.23425,2.77225,42.24337768204009,-146.92895003740142,-10.536780921516467,42.24337768204009,-146.92895003740142,-10.536780921516467,2.275320798871729e-18,-0.6452911234795193,0.7624083060450245,-0.048300526209305736
49.51073455810547,0,0,0,0,0,0,0,0,0,1,65.77199999999999,-37.55075,-34.16875,31.195,-68.74575,34.577,2.77225,0,0,0,0,0,0,0,0,0,1
49.55830264091492,0,0,0,0,0,0,0,0,0,1,65.7475,-36.3695,-35.3745,32.37625,-68.74575,33.37125,2.77225,0,0,0,0,0,0,0,0,0,1
49.616116523742676,34.703207034439714,-107.1548986779191,-9.149530021958157,34.703207034439714,-107.1548986779191,-9.149530021958157,-9.804137565284144e-18,0.7077515852569664,-0.6873999542499695,-0.16299998915150568,68.41925,-33.69775,-35.3745,35.048,-68.74575,33.37125,2.77225,42.263245423407454,-146.91607422119827,-10.543064726897157,42.263245423407454,-146.91607422119827,-10.543064726897157,1.3662641881124816e-17,-0.6459138423263041,0.7618102667420529,-0.049400665761430054
49.68114256858826,0,0,0,0,0,0,0,0,0,1,68.74575,-33.37125,-35.3745,35.3745,-68.74575,33.37125,2.77225,0,0,0,0,0,0,0,0,0,1
49.751789808273315,34.74200668398379,-107.14930682410524,-9.06313952267623,34.74200668398379,-107.14930682410524,-9.06313952267623,0.0,0.7084094256128576,-0.687099803936471,-0.16139995394461704,68.74575,-33.37125,-35.3745,35.3745,-68.74575,33.37125,2.77225,42.263245423407454,-146.91607422119827,-10.543064726897157,42.263245423407454,-146.91607422119827,-10.543064726897157,-9.11201701794701e-18,-0.646213693518252,0.7615102002378173,-0.050100671085902354
49.80093026161194,0,0,0,0,0,0,0,0,0,1,68.74575,-33.37125,-35.3745,35.3745,-68.74575,33.37125,2.77225,0,0,0,0,0,0,0,0,0,1
49.86224365234375,34.708330502358166,-107.15844644022171,-9.108772648893478,34.708330502358166,-107.15844644022171,-9.108772648893478,3.918424657997686e-17,0.7083350590645785,-0.6871999407635423,-0.1612999860959828,68.74575,-33.37125,-35.3745,35.3745,-68.74575,33.37125,2.77225,42.26336888381417,-146.90506107910602,-10.55193577299012,42.26336888381417,-146.90506107910602,-10.55193577299012,0.0,-0.6464177875589484,0.761310530189581,-0.05050069850856934
49.930450201034546,0,0,0,0,0,0,0,0,0,1,68.74575,-33.37125,-35.3745,35.3745,-68.74575,33.37125,2.77225,0,0,0,0,0,0,0,0,0,1
49.98511457443237,34.749627948589904,-107.13960189463654,-9.05098507205878,34.749627948589904,-107.13960189463654,-9.05098507205878,0.0,0.7089500836688521,-0.6867996194950293,-0.1602999111896523,68.74575,-33.37125,-35.3745,35.3745,-68.74575,33.37125,2.77225,42.260994547533215,-146.90730062878504,-10.532203896635856,42.260994547533215,-146.90730062878504,-10.532203896635856,9.116790726697987e-18,-0.6466286625045307,0.7611114603724625,-0.050800764928289464
50.05063438415527,0,0,0,0,0,0,0,0,0,1,68.74575,-33.37125,-35.3745,35.3745,-68.74575,33.37125,2.77225,0,0,0,0,0,0,0,0,0,1
50.12378168106079,34.821605523996396,-107.12785670513783,-8.990311526239864,34.821605523996396,-107.12785670513783,-8.990311526239864,-2.9344135499457644e-17,0.709398363843652,-0.6864996900073015,-0.15959992793177755,68.74575,-33.37125,-35.3745,35.3745,-68.74575,33.37125,2.77225,42.26980298027979,-146.89647592447682,-10.529915384195547,42.26980298027979,-146.89647592447682,-10.529915384195547,9.11806830377135e-18,-0.6467542000863258,0.7610048173292595,-0.05080032157730146
50.197147607803345,0,0,0,0,0,0,0,0,0,1,68.74575,-33.37125,-35.3745,35.3745,-68.74575,33.37125,2.77225,0,0,0,0,0,0,0,0,0,1
50.243982791900635,34.85003477729691,-107.12618246881102,-8.976564726994326,34.85003477729691,-107.12618246881102,-8.976564726994326,-9.777163492972364e-18,0.7097041906780807,-0.6862996278492665,-0.1590999137269683,68.74575,-33.37125,-35.3745,35.3745,-68.74575,33.37125,2.77225,42.28323662518153,-146.89218526290284,-10.558219578370824,42.28323662518153,-146.89218526290284,-10.558219578370824,-4.560171513261349e-18,-0.646969553225911,0.7608150136160845,-0.050901004459856354
50.3276481628418,0,0,0,0,0,0,0,0,0,1,69.10249999999999,-34.06825,-34.82825,34.93125,-68.9995,34.17125,2.77225,0,0,0,0,0,0,0,0,0,1
50.37576365470886,34.85765604190303,-107.11647753934234,-8.964410276376881,34.85765604190303,-107.11647753934234,-8.964410276376881,9.773268388825334e-18,0.7099870409617621,-0.6860996552795271,-0.15869992026360724,68.99950000000001,-34.318749999999994,-34.680749999999996,34.68075,-68.9995,34.31875,2.77225,42.29523618112938,-146.91104066035294,-10.558915742183032,42.29523618112938,-146.91104066035294,-10.558915742183032,-4.560219568174496e-18,-0.646979023454587,0.760806996261031,-0.05090046807266888
50.4589638710022,0,0,0,0,0,0,0,0,0,1,68.99950000000001,-34.318749999999994,-34.680749999999996,34.68075,-68.9995,34.31875,2.77225,0,0,0,0,0,0,0,0,0,1
50.5492467880249,34.87740032286365,-107.11461486523146,-8.961823035664608,34.87740032286365,-107.11461486523146,-8.961823035664608,-1.954264238502076e-17,0.7101285248125729,-0.6859994660047233,-0.1584998766206248,68.72775,-34.59075,-33.986999999999995,34.062,-68.65275,34.66575,2.77225,42.32616323111756,-146.89611373225483,-10.573771865384714,42.32616323111756,-146.89611373225483,-10.573771865384714,4.560810685178936e-18,-0.6470949534063845,0.7607083896790808,-0.05090056137066547
50.618030309677124,34.893459638996205,-107.12712465773139,-8.920766934327972,34.893459638996205,-107.12712465773139,-8.920766934327972,-9.769074181142246e-18,0.7102918634093022,-0.6858995977054662,-0.15819990721242852,68.653,-34.665499999999994,-33.986999999999995,33.98725,-68.65275,34.66575,2.77225,42.331410159442726,-146.88864835246517,-10.541885538412998,42.331410159442726,-146.88864835246517,-10.541885538412998,1.3684217304467462e-17,-0.6472037256014292,0.7606091473322959,-0.05100061334991727
50.67080760002136,0,0,0,0,0,0,0,0,0,1,68.653,-34.665499999999994,-33.986999999999995,33.98725,-68.65275,34.66575,2.77225,0,0,0,0,0,0,0,0,0,1
50.7466197013855,34.90226807174275,-107.11629995342318,-8.91847842188767,34.90226807174275,-107.11629995342318,-8.91847842188767,9.767438917622542e-18,0.7104107803927993,-0.6857994967800524,-0.15809988399085192,68.653,-34.665499999999994,-33.986999999999995,33.98725,-68.65275,34.66575,2.77225,42.31797651454096,-146.89293901403914,-10.513581344237735,42.31797651454096,-146.89293901403914,-10.513581344237735,1.3686003137471007e-17,-0.6473124565699825,0.7605098984205091,-0.0511006651009704
50.79549765586853,0,0,0,0,0,0,0,0,0,1,68.653,-34.665499999999994,-33.986999999999995,33.98725,-68.65275,34.66575,2.77225,0,0,0,0,0,0,0,0,0,1
50.864089250564575,34.91619997240775,-107.10902301141759,-8.87543253638269,34.91619997240775,-107.10902301141759,-8.87543253638269,0.0,0.7104773307864652,-0.6857996416320375,-0.15779991754088,68.653,-34.665499999999994,-33.986999999999995,33.98725,-68.65275,34.66575,2.77225,42.29716852584653,-146.88490832089727,-10.51517369286583,42.29716852584653,-146.88490832089727,-10.51517369286583,1.3686003137471007e-17,-0.6473124565699825,0.7605098984205091,-0.0511006651009704
50.92933177947998,0,0,0,0,0,0,0,0,0,1,68.653,-34.665499999999994,-33.986999999999995,33.98725,-68.65275,34.66575,2.77225,0,0,0,0,0,0,0,0,0,1
51.012389183044434,34.94237834983403,-107.09857518267754,-8.850824906875836,34.94237834983403,-107.09857518267754,-8.850824906875836,0.0,0.7106184459172787,-0.6856994281392764,-0.15759986856460542,66.912,-34.20075,-34.40775,33.5595,-67.76025,33.3525,2.77225,42.30060656986123,-146.892562138471,-10.535900461304266,42.30060656986123,-146.892562138471,-10.535900461304266,0.0,-0.6473052969008617,0.7605092693065507,-0.05120062404798869
51.07678198814392,0,0,0,0,0,0,0,0,0,1,60.094,-34.22675000000001,-34.83975000000001,30.3535,-64.58025,29.7405,2.77225,0,0,0,0,0,0,0,0,0,1
51.132511138916016,34.951063322173894,-107.09876362046161,-8.839665348342578,34.951063322173894,-107.09876362046161,-8.839665348342578,9.76427836254123e-18,0.7106407300438051,-0.685699316228166,-0.15749984294288488,45.203,-34.16550000000001,-34.687000000000005,22.86225,-57.027750000000005,22.34075,2.77225,42.31260612580911,-146.9114175359211,-10.53659662511648,42.31260612580911,-146.9114175359211,-10.53659662511648,4.562008601656677e-18,-0.6472981233430549,0.7605086388249461,-0.051300582737304076
51.17719054222107,0,0,0,0,0,0,0,0,0,1,35.803,-34.1655,-34.687,18.16225,-52.32775,17.64075,2.77225,0,0,0,0,0,0,0,0,0,1
51.25853872299194,34.95974829451373,-107.09895205824569,-8.828505789809299,34.95974829451373,-107.09895205824569,-8.828505789809299,-9.762647021450061e-18,0.7107594783117112,-0.6855991991456699,-0.1573998161399189,21.003,-34.0655,-34.986999999999995,10.962250000000001,-45.02775,10.040750000000001,2.77225,42.33009953089555,-146.90078126939696,-10.523148554142907,42.33009953089555,-146.90078126939696,-10.523148554142907,-4.562600292760524e-18,-0.6474139722570685,0.7604100138814668,-0.05130067558142983
51.32650113105774,0,0,0,0,0,0,0,0,0,1,10.430250000000001,-34.2655,-34.95975,5.56225,-39.82775,4.868,2.77225,0,0,0,0,0,0,0,0,0,1
51.38773250579834,34.96511868324558,-107.08047353636374,-8.805490508930546,34.96511868324558,-107.08047353636374,-8.805490508930546,-9.762348402064325e-18,0.7107812196540687,-0.6855995897039455,-0.1572999058641053,0.95425,-31.457250000000002,-31.044,0.2705,-31.72775,0.68375,2.77225,42.30822783446732,-146.8828572090023,-10.523746010686835,42.30822783446732,-146.8828572090023,-10.523746010686835,9.126391920934385e-18,-0.6475226063697246,0.76031075194027,-0.051400726883769385
51.4360294342041,0,0,0,0,0,0,0,0,0,1,0.60075,-26.42775,-25.826999999999998,0.0,-26.42775,0.60075,2.77225,0,0,0,0,0,0,0,0,0,1
51.50902843475342,34.940250934366475,-107.07878844817202,-8.848835122707484,34.940250934366475,-107.07878844817202,-8.848835122707484,-9.760718697190977e-18,0.7108998957119996,-0.685499479090653,-0.1571998805442023,0.60075,-19.52775,-18.927,0.0,-19.52775,0.60075,2.77225,42.318541966511475,-146.90581866172352,-10.585926316002158,42.318541966511475,-146.90581866172352,-10.585926316002158,4.56260786661042e-18,-0.647399582497356,0.760408751614037,-0.05150059272504329
51.55650234222412,0,0,0,0,0,0,0,0,0,1,0.60075,-14.527750000000001,-13.927000000000001,0.0,-14.527750000000001,0.60075,2.77225,0,0,0,0,0,0,0,0,0,1
51.6427788734436,34.94881244629963,-107.08999002804836,-8.828804518081256,34.94881244629963,-107.08999002804836,-8.828804518081256,-2.9284319562662944e-17,0.7108473757492604,-0.6855997563519654,-0.156999944205453,0.60075,-6.12775,-5.527,0.0,-6.12775,0.60075,2.77225,42.335911911191204,-146.90619553729167,-10.563607198935614,42.335911911191204,-146.90619553729167,-10.563607198935614,4.563203535860691e-18,-0.647508187853334,0.7603094897451737,-0.051600644049521194
51.70504021644592,0,0,0,0,0,0,0,0,0,1,0.60075,-2.4095,-1.8087499999999999,0.0,-2.4095,0.60075,2.77225,0,0,0,0,0,0,0,0,0,1
51.75520706176758,34.98986297171797,-107.09317176664774,-8.753274849060631,34.98986297171797,-107.09317176664774,-8.753274849060631,9.761135052618148e-18,0.7108695726985221,-0.6855996400665854,-0.1568999176290071,0.60075,-0.60075,0.0,0.0,-0.60075,0.60075,2.77225,42.333219043753104,-146.87352915510178,-10.489272443002854,42.333219043753104,-146.87352915510178,-10.489272443002854,-4.563799399601369e-18,-0.6476167519568256,0.7602102213906811,-0.05170069514061853
51.808762311935425,0,0,0,0,0,0,0,0,0,1,0.60075,-0.60075,0.0,0.0,-0.60075,0.60075,2.77225,0,0,0,0,0,0,0,0,0,1
51.876412868499756,34.996297068183594,-107.08458661201857,-8.731254460266065,34.996297068183594,-107.08458661201857,-8.731254460266065,2.927849776095513e-17,0.7109887222247498,-0.6854989927917554,-0.15679976961305217,0.60075,-0.60075,0.0,0.0,-0.60075,0.60075,2.77225,42.313598223199165,-146.8643786871204,-10.500730729808083,42.313598223199165,-146.8643786871204,-10.500730729808083,4.5638470416164184e-18,-0.6476261104734422,0.7602022855535511,-0.05170015543688318
51.970022678375244,34.99342447613941,-107.08981244212922,-8.782872663592045,34.99342447613941,-107.08981244212922,-8.782872663592045,-9.759202418955239e-18,0.7110103475699875,-0.6854994077860868,-0.1566998646244782,0.60075,-0.60075,0.0,0.0,-0.60075,0.60075,2.77225,42.30728758714025,-146.86195069965729,-10.531622164695612,42.30728758714025,-146.86195069965729,-10.531622164695612,0.0,-0.6477325197600959,0.7601115782664537,-0.05170078752318861
52.05070114135742,0,0,0,0,0,0,0,0,0,1,0.60075,-0.60075,0.0,0.0,-0.60075,0.60075,2.77225,0,0,0,0,0,0,0,0,0,1
52.12086081504822,34.99567535201365,-107.09858603454246,-8.793733493853352,34.99567535201365,-107.09858603454246,-8.793733493853352,-1.9519013455743468e-17,0.710988177721191,-0.6854995294625753,-0.1567998923701412,0.60075,-0.60075,0.0,0.0,-0.60075,0.60075,2.77225,42.32703186810093,-146.86008802554642,-10.529034923983346,42.32703186810093,-146.86008802554642,-10.529034923983346,0.0,-0.6477325197600959,0.7601115782664537,-0.05170078752318861
52.17794346809387,0,0,0,0,0,0,0,0,0,1,0.60075,-0.60075,0.0,0.0,-0.60075,0.60075,2.77225,0,0,0,0,0,0,0,0,0,1
52.24393343925476,35.00198598807256,-107.10101402200556,-8.762842058965823,35.00198598807256,-107.10101402200556,-8.762842058965823,-9.759202418955239e-18,0.7110103475699875,-0.6854994077860868,-0.1566998646244782,0.60075,-0.60075,0.0,0.0,-0.60075,0.60075,2.77225,42.32347036367952,-146.86344735006494,-10.499437109451947,42.32347036367952,-146.86344735006494,-10.499437109451947,0.0,-0.6477325197600959,0.7601115782664537,-0.05170078752318861
52.31079626083374,0,0,0,0,0,0,0,0,0,1,0.60075,-0.60075,0.0,0.0,-0.60075,0.60075,2.77225,0,0,0,0,0,0,0,0,0,1
52.373918533325195,34.987488635437046,-107.09541131632676,-8.733542972706374,34.987488635437046,-107.09541131632676,-8.733542972706374,-9.759202418955239e-18,0.7110103475699875,-0.6854994077860868,-0.1566998646244782,0.60075,-0.60075,0.0,0.0,-0.60075,0.60075,2.77225,42.32572123955376,-146.87222094247818,-10.510297939713254,42.32572123955376,-146.87222094247818,-10.510297939713254,0.0,-0.6477325197600959,0.7601115782664537,-0.05170078752318861
52.425013065338135,0,0,0,0,0,0,0,0,0,1,0.60075,-0.60075,0.0,0.0,-0.60075,0.60075,2.77225,0,0,0,0,0,0,0,0,0,1
52.48812794685364,34.98761209584373,-107.0843981742345,-8.742414018799323,34.98761209584373,-107.0843981742345,-8.742414018799323,1.9517796627843715e-17,0.7110325039465096,-0.685499284829362,-0.1565998366218499,0.60075,-0.60075,0.0,0.0,-0.60075,0.60075,2.77225,42.319410603494816,-146.8697929550151,-10.54118937460079,42.319410603494816,-146.8697929550151,-10.54118937460079,0.0,-0.6477325197600959,0.7601115782664537,-0.05170078752318861
52.557353496551514,0,0,0,0,0,0,0,0,0,1,0.60075,-0.60075,0.0,0.0,-0.60075,0.60075,2.77225,0,0,0,0,0,0,0,0,0,1
52.61817502975464,35.014854181003756,-107.0838437127472,-8.718801281376656,35.014854181003756,-107.0838437127472,-8.718801281376656,1.9517796627843715e-17,0.7110325039465096,-0.685499284829362,-0.1565998366218499,0.60075,-0.60075,0.0,0.0,-0.60075,0.60075,2.77225,42.30941500260781,-146.8817374341628,-10.533611948863964,42.30941500260781,-146.8817374341628,-10.533611948863964,0.0,-0.6477325197600959,0.7601115782664537,-0.05170078752318861
52.67432475090027,0,0,0,0,0,0,0,0,0,1,0.60075,-0.60075,0.0,0.0,-0.60075,0.60075,2.77225,0,0,0,0,0,0,0,0,0,1
52.748982191085815,35.018292225018484,-107.09149753032094,-8.739528049815107,35.018292225018484,-107.09149753032094,-8.739528049815107,1.9517796627843715e-17,0.7110325039465096,-0.685499284829362,-0.1565998366218499,1.0595,-0.69,-0.04049999999999998,0.20500000000000002,-0.895,0.8545,2.77225,42.326784947287535,-146.88211430973092,-10.511292831797434,42.326784947287535,-146.88211430973092,-10.511292831797434,4.564395457789636e-18,-0.6477252747995504,0.7601109465729193,-0.05180074599720725
52.82411789894104,0,0,0,0,0,0,0,0,0,1,2.2735000000000003,-0.9674999999999999,-0.4914999999999998,0.89875,-1.86625,1.3747500000000001,2.77225,0,0,0,0,0,0,0,0,0,1
52.872336864471436,35.005547492493974,-107.09765469748703,-8.792439873497223,35.005547492493974,-107.09765469748703,-8.792439873497223,0.0,0.7111067406922515,-0.6853994130419946,-0.1566998658063621,7.47925,-1.5832499999999996,-2.5975,4.2467500000000005,-5.83,3.2325,2.77225,42.31466193093294,-146.87427205437314,-10.501725621892263,42.31466193093294,-146.87427205437314,-10.501725621892263,0.0,-0.64772735714227,0.7601023903840726,-0.05190016321659437
52.9232497215271,0,0,0,0,0,0,0,0,0,1,8.781500000000001,-2.931,-5.2475000000000005,5.549,-8.48,3.2325,2.77225,0,0,0,0,0,0,0,0,0,1
53.006978034973145,35.0044837847602,-107.08776133023426,-8.791444981413044,35.0044837847602,-107.08776133023426,-8.791444981413044,-9.75757550298578e-18,0.7111288969051742,-0.6853992872693276,-0.1565998371554956,9.94475,-3.3897500000000003,-5.0840000000000005,5.819500000000001,-9.20925,4.12525,2.77225,42.33772079550161,-146.89107633992825,-10.51099410352547,42.33772079550161,-146.89107633992825,-10.51099410352547,4.564395457789636e-18,-0.6477252747995504,0.7601109465729193,-0.05180074599720725
53.07360529899597,0,0,0,0,0,0,0,0,0,1,16.4435,-3.8185000000000002,-4.9135,8.76925,-12.58775,7.67425,2.77225,0,0,0,0,0,0,0,0,0,1
53.128684520721436,34.998671404464545,-107.08234706233955,-8.750986336620329,34.998671404464545,-107.08234706233955,-8.750986336620329,-9.75757550298578e-18,0.7111288969051742,-0.6853992872693276,-0.1565998371554956,30.225,-3.83225,-4.755750000000001,15.574250000000001,-19.4065,14.65075,2.77225,42.34115883951631,-146.898730157502,-10.531720871963905,42.34115883951631,-146.898730157502,-10.531720871963905,0.0,-0.6477325197600959,0.7601115782664537,-0.05170078752318861
53.17588472366333,0,0,0,0,0,0,0,0,0,1,39.228750000000005,-3.632249999999999,-6.352,20.97425,-24.6065,18.2545,2.77225,0,0,0,0,0,0,0,0,0,1
53.24260210990906,35.03328783341723,-107.0941139555681,-8.697477056394291,35.03328783341723,-107.0941139555681,-8.697477056394291,0.0,0.7110540932045903,-0.6854997064295285,-0.15649993297771148,44.7915,-5.3735,-11.648,25.533,-30.9065,19.2585,2.77225,42.31678934640047,-146.89405878887865,-10.503715406060607,42.31678934640047,-146.89405878887865,-10.503715406060607,4.564439233727173e-18,-0.6477418586777289,0.7601036566151361,-0.05170024871333053
53.32228112220764,0,0,0,0,0,0,0,0,0,1,45.616,-10.848999999999997,-17.947999999999997,26.3575,-37.2065,19.2585,2.77225,0,0,0,0,0,0,0,0,0,1
53.36721897125244,35.03459846196441,-107.08198103863633,-8.716214040664397,35.03459846196441,-107.08198103863633,-8.716214040664397,0.0,0.7111510396439351,-0.6853991602205803,-0.15649980824995746,45.616,-16.87775,-23.97675,26.3575,-43.23525,19.2585,2.77225,42.31453847052623,-146.88528519646542,-10.4928545757993,42.31453847052623,-146.88528519646542,-10.4928545757993,-1.3694975131148056e-17,-0.6478337563732577,0.760011665314233,-0.05190079661816933
53.42625403404236,0,0,0,0,0,0,0,0,0,1,45.616,-19.213250000000002,-26.312250000000002,26.3575,-45.570750000000004,19.2585,2.77225,0,0,0,0,0,0,0,0,0,1
53.491122245788574,35.01735197769142,-107.07059102097591,-8.74740420382389,35.01735197769142,-107.07059102097591,-8.74740420382389,-9.756672528658493e-18,0.7111947114680194,-0.6853994677013632,-0.15629987861354397,45.58975,-19.258499999999998,-26.38375,26.3575,-45.616,19.23225,2.77225,42.32809557583471,-146.86998139279916,-10.530029816067525,42.32809557583471,-146.86998139279916,-10.530029816067525,-1.3694975131148056e-17,-0.6478337563732577,0.760011665314233,-0.05190079661816933
53.585217237472534,35.033411293823946,-107.08310081347584,-8.706348102487254,35.033411293823946,-107.08310081347584,-8.706348102487254,2.9273074969303315e-17,0.7111204317807654,-0.6854993353855774,-0.15619984855904767,40.43925,-18.873,-27.39675,24.4815,-43.3545,15.95775,2.77225,42.317036267213865,-146.87203250469412,-10.521457498246534,42.317036267213865,-146.87203250469412,-10.521457498246534,-9.129991025020033e-18,-0.6478264831440615,0.7600110323100784,-0.052000754842268515
53.637919425964355,0,0,0,0,0,0,0,0,0,1,26.94175,-18.844500000000004,-25.795250000000003,16.94625,-35.79075,9.9955,2.77225,0,0,0,0,0,0,0,0,0,1
53.684088468551636,0,0,0,0,0,0,0,0,0,1,22.37775,-17.387750000000004,-22.216,13.603,-30.990750000000002,8.774750000000001,2.77225,0,0,0,0,0,0,0,0,0,1
53.75314259529114,35.051968406644136,-107.08235791420447,-8.693894923597853,35.051968406644136,-107.08235791420447,-8.693894923597853,2.9273074969303315e-17,0.7111204317807654,-0.6854993353855774,-0.15619984855904767,21.25975,-12.076250000000002,-15.7865,12.485,-24.56125,8.774750000000001,2.77225,42.33034645170895,-146.8787549852124,-10.540890646328833,42.33034645170895,-146.8787549852124,-10.540890646328833,-9.129991025020033e-18,-0.6478264831440615,0.7600110323100784,-0.052000754842268515
53.807846546173096,0,0,0,0,0,0,0,0,0,1,21.25975,-9.166500000000003,-12.876750000000001,12.485,-21.651500000000002,8.774750000000001,2.77225,0,0,0,0,0,0,0,0,0,1
53.87748646736145,35.03590909051158,-107.06984812170455,-8.734951024934489,35.03590909051158,-107.06984812170455,-8.734951024934489,-9.756066405759963e-18,0.7112388964276133,-0.6853992109096546,-0.15609982028450117,21.1965,-8.774000000000001,-12.5475,12.485,-21.259,8.711500000000001,2.77225,42.34128229992302,-146.88771701540972,-10.540591918056869,42.34128229992302,-146.88771701540972,-10.540591918056869,-1.3694975131148056e-17,-0.6478337563732577,0.760011665314233,-0.05190079661816933
53.956812381744385,0,0,0,0,0,0,0,0,0,1,16.491,-8.451,-13.055,10.5475,-18.9985,5.9435,2.77225,0,0,0,0,0,0,0,0,0,1
54.01684498786926,35.029598454452696,-107.06742013424144,-8.765842459822025,35.029598454452696,-107.06742013424144,-8.765842459822025,-9.756066405759963e-18,0.7112388964276133,-0.6853992109096546,-0.15609982028450117,5.1165,-7.7612499999999995,-11.59175,4.4735000000000005,-12.23475,0.643,2.77225,42.33890796364207,-146.88995656508877,-10.520860041702605,42.33890796364207,-146.88995656508877,-10.520860041702605,-1.3694997968449501e-17,-0.6478191960262834,0.7600103979452605,-0.052100712806510636
54.086527824401855,0,0,0,0,0,0,0,0,0,1,0.45925,-5.9755,-6.43475,0.45925,-6.43475,0.0,2.77225,0,0,0,0,0,0,0,0,0,1
54.1827609539032,35.0266024020018,-107.08365910644436,-8.808589617055048,35.0266024020018,-107.08365910644436,-8.808589617055048,-9.756066405759963e-18,0.7112388964276133,-0.6853992109096546,-0.15609982028450117,0.0,0.0,0.0,0.0,0.0,0.0,2.77225,42.326784947287535,-146.88211430973092,-10.511292831797434,42.326784947287535,-146.88211430973092,-10.511292831797434,-1.3695140511929256e-17,-0.6478285199111937,0.7600024875096811,-0.05210017052533471
54.23524451255798,35.0392236741196,-107.08851508137056,-8.746806747279962,35.0392236741196,-107.08851508137056,-8.746806747279962,-9.756066405759963e-18,0.7112388964276133,-0.6853992109096546,-0.15609982028450117,0.0,0.0,0.0,0.0,0.0,0.0,2.77225,42.335593380034055,-146.87128960542276,-10.509004319357125,42.335593380034055,-146.87128960542276,-10.509004319357125,1.3696787313261603e-17,-0.6479276075622628,0.7599111103801113,-0.05220076320810872
54.29889488220215,0,0,0,0,0,0,0,0,0,1,0.0,0.0,0.0,0.0,0.0,0.0,2.77225,0,0,0,0,0,0,0,0,0,1
54.367918252944946,35.03353475423066,-107.07208767138357,-8.715219148580218,35.03353475423066,-107.07208767138357,-8.715219148580218,-9.756066405759963e-18,0.7112388964276133,-0.6853992109096546,-0.15609982028450117,0.0,0.0,0.0,0.0,0.0,0.0,2.77225,42.32347036367952,-146.86344735006494,-10.499437109451947,42.32347036367952,-146.86344735006494,-10.499437109451947,0.0,-0.6479202921757732,0.7599104747126854,-0.05230072092048091
54.43108320236206,0,0,0,0,0,0,0,0,0,1,0.0,0.0,0.0,0.0,0.0,0.0,2.77225,0,0,0,0,0,0,0,0,0,1
54.49168872833252,35.03128387835639,-107.06331407897032,-8.70435831831891,35.03128387835639,-107.06331407897032,-8.70435831831891,1.951154327421282e-17,0.7112603863660472,-0.6853996551467771,-0.15599992150991718,0.0,0.0,0.0,0.0,0.0,0.0,2.77225,42.314785391339626,-146.86325891228086,-10.510596667985212,42.314785391339626,-146.86325891228086,-10.510596667985212,0.0,-0.6479202921757732,0.7599104747126854,-0.05230072092048091
54.5784969329834,0,0,0,0,0,0,0,0,0,1,0.0,0.0,0.0,0.0,0.0,0.0,2.77225,0,0,0,0,0,0,0,0,0,1
54.61849808692932,35.02890954207547,-107.06555362864934,-8.684626441964653,35.02890954207547,-107.06555362864934,-8.684626441964653,9.755469126672143e-18,0.7112824420648108,-0.6853995266839676,-0.15589989234028384,0.0,0.0,0.0,0.0,0.0,0.0,2.77225,42.317036267213865,-146.87203250469412,-10.521457498246534,42.317036267213865,-146.87203250469412,-10.521457498246534,0.0,-0.6479202921757732,0.7599104747126854,-0.05230072092048091
54.684359312057495,0,0,0,0,0,0,0,0,0,1,0.0,0.0,0.0,0.0,0.0,0.0,2.77225,0,0,0,0,0,0,0,0,0,1
54.743752241134644,35.028786081668756,-107.07656677074161,-8.675755395871676,35.028786081668756,-107.07656677074161,-8.675755395871676,9.755469126672143e-18,0.7112824420648108,-0.6853995266839676,-0.15589989234028384,0.0,0.0,0.0,0.0,0.0,0.0,2.77225,42.335593380034055,-146.87128960542276,-10.509004319357125,42.335593380034055,-146.87128960542276,-10.509004319357125,0.0,-0.6479202921757732,0.7599104747126854,-0.05230072092048091
54.80245041847229,0,0,0,0,0,0,0,0,0,1,0.0,0.0,0.0,0.0,0.0,0.0,2.77225,0,0,0,0,0,0,0,0,0,1
54.870882511138916,35.047343194488946,-107.07582387147025,-8.663302216982274,35.047343194488946,-107.07582387147025,-8.663302216982274,1.951154327421282e-17,0.7112603863660472,-0.6853996551467771,-0.15599992150991718,0.0,0.0,0.0,0.0,0.0,0.0,2.77225,42.358775705009464,-146.8770807488856,-10.527143847083295,42.358775705009464,-146.8770807488856,-10.527143847083295,1.3696787313261603e-17,-0.6479276075622628,0.7599111103801113,-0.05220076320810872
54.93639397621155,0,0,0,0,0,0,0,0,0,1,0.0,0.0,0.0,0.0,0.0,0.0,2.77225,0,0,0,0,0,0,0,0,0,1
54.996578216552734,35.03590909051158,-107.06984812170455,-8.734951024934489,35.03590909051158,-107.06984812170455,-8.734951024934489,1.951154327421282e-17,0.7112603863660472,-0.6853996551467771,-0.15599992150991718,0.0,0.0,0.0,0.0,0.0,0.0,2.77225,42.334406211893594,-146.87240938026224,-10.49913838117999,42.334406211893594,-146.87240938026224,-10.49913838117999,4.565643217241053e-18,-0.6479369130101822,0.7599032133855932,-0.05220022073789707
55.047117471694946,0,0,0,0,0,0,0,0,0,1,0.0,0.0,0.0,0.0,0.0,0.0,2.77225,0,0,0,0,0,0,0,0,0,1
55.11746144294739,35.02366261375033,-107.073019008439,-8.716512768936354,35.02366261375033,-107.073019008439,-8.716512768936354,9.755469126672143e-18,0.7112824420648108,-0.6853995266839676,-0.15589989234028384,0.0,0.0,0.0,0.0,0.0,0.0,2.77225,42.32347036367952,-146.86344735006494,-10.499437109451947,42.32347036367952,-146.86344735006494,-10.499437109451947,-9.131294081905981e-18,-0.6479295987707205,0.7599025769695577,-0.05230017735953136
55.18092226982117,0,0,0,0,0,0,0,0,0,1,0.0,0.0,0.0,0.0,0.0,0.0,2.77225,0,0,0,0,0,0,0,0,0,1
55.240079402923584,35.03984539028957,-107.07451565884666,-8.684327713692682,35.03984539028957,-107.07451565884666,-8.684327713692682,9.755469126672143e-18,0.7112824420648108,-0.6853995266839676,-0.15589989234028384,0.0,0.0,0.0,0.0,0.0,0.0,2.77225,42.315972559480116,-146.86213913744135,-10.520462606162354,42.315972559480116,-146.86213913744135,-10.520462606162354,-9.131294081905981e-18,-0.6479295987707205,0.7599025769695577,-0.05230017735953136
55.302603006362915,0,0,0,0,0,0,0,0,0,1,0.0,0.0,0.0,0.0,0.0,0.0,2.77225,0,0,0,0,0,0,0,0,0,1
55.35911798477173,35.043530355117696,-107.06014319223586,-8.722796574317044,35.043530355117696,-107.06014319223586,-8.722796574317044,9.754139805348573e-18,0.7113793776158882,-0.6852989463303912,-0.15589976029900482,0.0,0.0,0.0,0.0,0.0,0.0,2.77225,42.30847475528071,-146.86083092481778,-10.541488102872748,42.30847475528071,-146.86083092481778,-10.541488102872748,4.565643217241053e-18,-0.6479369130101822,0.7599032133855932,-0.05220022073789707
55.42845034599304,0,0,0,0,0,0,0,0,0,1,0.0,0.0,0.0,0.0,0.0,0.0,2.77225,0,0,0,0,0,0,0,0,0,1
55.4869647026062,35.03484538277783,-107.05995475445178,-8.73395613285031,35.03484538277783,-107.05995475445178,-8.73395613285031,-1.95088845466135e-17,0.7113573190028165,-0.6852990806890243,-0.15599979073031925,0.0,0.0,0.0,0.0,0.0,0.0,2.77225,42.3049132508593,-146.8641902493363,-10.511890288341348,42.3049132508593,-146.8641902493363,-10.511890288341348,1.369856580612046e-17,-0.6480432936911527,0.7598124506735181,-0.05220085538978368
55.55097556114197,0,0,0,0,0,0,0,0,0,1,0.0,0.0,0.0,0.0,0.0,0.0,2.77225,0,0,0,0,0,0,0,0,0,1
55.61447215080261,35.04459406285147,-107.07003655948861,-8.723791466401224,35.04459406285147,-107.07003655948861,-8.723791466401224,9.754139805348573e-18,0.7113793776158882,-0.6852989463303912,-0.15589976029900482,0.0,0.0,0.0,0.0,0.0,0.0,2.77225,42.31659427565009,-146.84813971491747,-10.45798357257506,42.31659427565009,-146.84813971491747,-10.45798357257506,-2.2831198957040507e-17,-0.6480452648339271,0.7598039328731209,-0.05230027071500949
55.67568492889404,0,0,0,0,0,0,0,0,0,1,0.0,0.0,0.0,0.0,0.0,0.0,2.77225,0,0,0,0,0,0,0,0,0,1
55.74447989463806,35.04509231861468,-107.067050279057,-8.652441386720973,35.04509231861468,-107.067050279057,-8.652441386720973,9.754139805348573e-18,0.7113793776158882,-0.6852989463303912,-0.15589976029900482,0.0,0.0,0.0,0.0,0.0,0.0,2.77225,42.35083590924626,-146.85187974648537,-10.484695418122229,42.35083590924626,-146.85187974648537,-10.484695418122229,1.369856580612046e-17,-0.6480432936911527,0.7598124506735181,-0.05220085538978368
55.82237505912781,0,0,0,0,0,0,0,0,0,1,0.0,0.0,0.0,0.0,0.0,0.0,2.77225,0,0,0,0,0,0,0,0,0,1
55.863322019577026,35.05377729095454,-107.06723871684108,-8.6412818281877,35.05377729095454,-107.06723871684108,-8.6412818281877,9.754139805348573e-18,0.7113793776158882,-0.6852989463303912,-0.15589976029900482,0.0,0.0,0.0,0.0,0.0,0.0,2.77225,42.356524829135196,-146.86830715647235,-10.516283016821987,42.356524829135196,-146.86830715647235,-10.516283016821987,9.131278803425022e-18,-0.6479442133635259,0.7599038484406523,-0.05210026385545202
55.92442512512207,0,0,0,0,0,0,0,0,0,1,0.0,0.0,0.0,0.0,0.0,0.0,2.77225,0,0,0,0,0,0,0,0,0,1
55.996527433395386,35.051968406644136,-107.08235791420447,-8.693894923597853,35.051968406644136,-107.08235791420447,-8.693894923597853,-1.95088845466135e-17,0.7113573190028165,-0.6852990806890243,-0.15599979073031925,0.0,0.0,0.0,0.0,0.0,0.0,2.77225,42.32690840769422,-146.87110116763867,-10.520163877890397,42.32690840769422,-146.87110116763867,-10.520163877890397,1.369856580612046e-17,-0.6480432936911527,0.7598124506735181,-0.05220085538978368
56.049867153167725,0,0,0,0,0,0,0,0,0,1,0.0,0.0,0.0,0.0,0.0,0.0,2.77225,0,0,0,0,0,0,0,0,0,1
56.118056535720825,35.0357856301049,-107.08086126379682,-8.726079978841526,35.0357856301049,-107.08086126379682,-8.726079978841526,-1.95088845466135e-17,0.7113573190028165,-0.6852990806890243,-0.15599979073031925,0.0,0.0,0.0,0.0,0.0,0.0,2.77225,42.340218592189245,-146.87782364815698,-10.539597025972697,42.340218592189245,-146.87782364815698,-10.539597025972697,1.369856580612046e-17,-0.6480432936911527,0.7598124506735181,-0.05220085538978368
56.18541193008423,0,0,0,0,0,0,0,0,0,1,0.0,0.0,0.0,0.0,0.0,0.0,2.77225,0,0,0,0,0,0,0,0,0,1
56.2404100894928,35.04447060244476,-107.08104970158088,-8.71492042030826,35.04447060244476,-107.08104970158088,-8.71492042030826,0.0,0.7113567233013549,-0.6852996685775784,-0.15599992455581824,0.0,0.0,0.0,0.0,0.0,0.0,2.77225,42.34996727226286,-146.8879054531938,-10.529432359523597,42.34996727226286,-146.8879054531938,-10.529432359523597,4.565643217241053e-18,-0.6479369130101822,0.7599032133855932,-0.05220022073789707
56.33008909225464,0,0,0,0,0,0,0,0,0,1,0.0,0.0,0.0,0.0,0.0,0.0,2.77225,0,0,0,0,0,0,0,0,0,1
56.37260103225708,35.0432834343043,-107.0821694764204,-8.705054482131118,35.0432834343043,-107.0821694764204,-8.705054482131118,0.0,0.7113567233013549,-0.6852996685775784,-0.15599992455581824,0.0,0.0,0.0,0.0,0.0,0.0,2.77225,42.326784947287535,-146.88211430973092,-10.511292831797434,42.326784947287535,-146.88211430973092,-10.511292831797434,4.565643217241053e-18,-0.6479369130101822,0.7599032133855932,-0.05220022073789707
56.42864203453064,0,0,0,0,0,0,0,0,0,1,0.0,0.0,0.0,0.0,0.0,0.0,2.77225,0,0,0,0,0,0,0,0,0,1
56.50164532661438,35.03590909051158,-107.06984812170455,-8.734951024934489,35.03590909051158,-107.06984812170455,-8.734951024934489,0.0,0.7113567233013549,-0.6852996685775784,-0.15599992455581824,0.0,0.0,0.0,0.0,0.0,0.0,2.77225,42.31347476279245,-146.87539182921265,-10.49185968371512,42.31347476279245,-146.87539182921265,-10.49185968371512,0.0,-0.6480359778122536,0.7598118164267199,-0.052300813370778416
56.547274589538574,0,0,0,0,0,0,0,0,0,1,0.0,0.0,0.0,0.0,0.0,0.0,2.77225,0,0,0,0,0,0,0,0,0,1
56.61951923370361,35.04172147080726,-107.07526238959926,-8.775409669727196,35.04172147080726,-107.07526238959926,-8.775409669727196,9.754148015616954e-18,0.7113787788331343,-0.6852995373155779,-0.15589989474317612,0.0,0.0,0.0,0.0,0.0,0.0,2.77225,42.30253891457835,-146.86642979901532,-10.492158411987077,42.30253891457835,-146.86642979901532,-10.492158411987077,1.369856580612046e-17,-0.6480432936911527,0.7598124506735181,-0.05220085538978368
56.68157720565796,0,0,0,0,0,0,0,0,0,1,0.0,0.0,0.0,0.0,0.0,0.0,2.77225,0,0,0,0,0,0,0,0,0,1
56.738770961761475,35.04053430266677,-107.07638216443877,-8.765543731550068,35.04053430266677,-107.07638216443877,-8.765543731550068,0.0,0.7113567233013549,-0.6852996685775784,-0.15599992455581824,0.0,0.0,0.0,0.0,0.0,0.0,2.77225,42.32465753181998,-146.86232757522544,-10.509303047629075,42.32465753181998,-146.86232757522544,-10.509303047629075,1.369856580612046e-17,-0.6480432936911527,0.7598124506735181,-0.05220085538978368
56.836127042770386,0,0,0,0,0,0,0,0,0,1,0.0,0.0,0.0,0.0,0.0,0.0,2.77225,0,0,0,0,0,0,0,0,0,1
56.93404030799866,35.04565777058525,-107.07992992674137,-8.724786358485389,35.04565777058525,-107.07992992674137,-8.724786358485389,9.754148015616954e-18,0.7113787788331343,-0.6852995373155779,-0.15589989474317612,0.0,0.0,0.0,0.0,0.0,0.0,2.77225,42.333219043753104,-146.87352915510178,-10.489272443002854,42.333219043753104,-146.87352915510178,-10.489272443002854,1.369856580612046e-17,-0.6480432936911527,0.7598124506735181,-0.05220085538978368
56.997124671936035,35.05434274292506,-107.08011836452545,-8.713626799952124,35.05434274292506,-107.08011836452545,-8.713626799952124,0.0,0.7113567233013549,-0.6852996685775784,-0.15599992455581824,0.0,0.0,0.0,0.0,0.0,0.0,2.77225,42.32572123955376,-146.87222094247818,-10.510297939713254,42.32572123955376,-146.87222094247818,-10.510297939713254,1.369856580612046e-17,-0.6480432936911527,0.7598124506735181,-0.05220085538978368
57.05693697929382,0,0,0,0,0,0,0,0,0,1,0.0,0.0,0.0,0.0,0.0,0.0,2.77225,0,0,0,0,0,0,0,0,0,1
57.11748647689819,35.03815996638585,-107.07862171411779,-8.745811855195797,35.03815996638585,-107.07862171411779,-8.745811855195797,0.0,0.7113567233013549,-0.6852996685775784,-0.15599992455581824,0.0,0.0,0.0,0.0,0.0,0.0,2.77225,42.335593380034055,-146.87128960542276,-10.509004319357125,42.335593380034055,-146.87128960542276,-10.509004319357125,1.369856580612046e-17,-0.6480432936911527,0.7598124506735181,-0.05220085538978368
57.17771577835083,0,0,0,0,0,0,0,0,0,1,0.0,0.0,0.0,0.0,0.0,0.0,2.77225,0,0,0,0,0,0,0,0,0,1
57.24364876747131,35.031849330326935,-107.0761937266547,-8.776703290083333,35.031849330326935,-107.0761937266547,-8.776703290083333,0.0,0.7113567233013549,-0.6852996685775784,-0.15599992455581824,0.0,0.0,0.0,0.0,0.0,0.0,2.77225,42.333219043753104,-146.87352915510178,-10.489272443002854,42.333219043753104,-146.87352915510178,-10.489272443002854,1.369856580612046e-17,-0.6480432936911527,0.7598124506735181,-0.05220085538978368
57.30276584625244,0,0,0,0,0,0,0,0,0,1,0.0,0.0,0.0,0.0,0.0,0.0,2.77225,0,0,0,0,0,0,0,0,0,1
57.36355686187744,35.03947059493302,-107.06648879718601,-8.764548839465888,35.03947059493302,-107.06648879718601,-8.764548839465888,0.0,0.7113567233013549,-0.6852996685775784,-0.15599992455581824,0.0,0.0,0.0,0.0,0.0,0.0,2.77225,42.32690840769422,-146.87110116763867,-10.520163877890397,42.32690840769422,-146.87110116763867,-10.520163877890397,1.369856580612046e-17,-0.6480432936911527,0.7598124506735181,-0.05220085538978368
57.430596351623535,0,0,0,0,0,0,0,0,0,1,0.0,0.0,0.0,0.0,0.0,0.0,2.77225,0,0,0,0,0,0,0,0,0,1
57.48872900009155,35.037219719058754,-107.05771520477276,-8.753688009204595,35.037219719058754,-107.05771520477276,-8.753688009204595,2.925845777499399e-17,0.7114756994988595,-0.6851989447484959,-0.15589975990410176,0.0,0.0,0.0,0.0,0.0,0.0,2.77225,42.319410603494816,-146.8697929550151,-10.54118937460079,42.319410603494816,-146.8697929550151,-10.54118937460079,4.5661847986119576e-18,-0.6480505956807607,0.7598130835633868,-0.05210089714879237
57.57650899887085,0,0,0,0,0,0,0,0,0,1,0.0,0.0,0.0,0.0,0.0,0.0,2.77225,0,0,0,0,0,0,0,0,0,1
57.623087882995605,35.03247104649688,-107.06219430413081,-8.714224256496053,35.03247104649688,-107.06219430413081,-8.714224256496053,2.925845777499399e-17,0.7114756994988595,-0.6851989447484959,-0.15589975990410176,0.0,0.0,0.0,0.0,0.0,0.0,2.77225,42.29385394223851,-146.86624136123126,-10.503317970520342,42.29385394223851,-146.86624136123126,-10.503317970520342,0.0,-0.6480525795657961,0.7598045678691923,-0.052200313823074294
57.68601655960083,0,0,0,0,0,0,0,0,0,1,0.0,0.0,0.0,0.0,0.0,0.0,2.77225,0,0,0,0,0,0,0,0,0,1
57.743367195129395,35.026036950031255,-107.07077945875999,-8.736244645290618,35.026036950031255,-107.07077945875999,-8.736244645290618,9.754148015616954e-18,0.7113787788331343,-0.6852995373155779,-0.15589989474317612,0.0,0.0,0.0,0.0,0.0,0.0,2.77225,42.31453847052623,-146.88528519646542,-10.4928545757993,42.31453847052623,-146.88528519646542,-10.4928545757993,0.0,-0.6480359778122536,0.7598118164267199,-0.052300813370778416
57.805636167526245,0,0,0,0,0,0,0,0,0,1,0.0,0.0,0.0,0.0,0.0,0.0,2.77225,0,0,0,0,0,0,0,0,0,1
57.863386154174805,35.04159801040055,-107.08627553169153,-8.766538623634233,35.04159801040055,-107.08627553169153,-8.766538623634233,9.754148015616954e-18,0.7113787788331343,-0.6852995373155779,-0.15589989474317612,0.0,0.0,0.0,0.0,0.0,0.0,2.77225,42.33665708776783,-146.8811829726755,-10.509999211441297,42.33665708776783,-146.8811829726755,-10.509999211441297,1.369856580612046e-17,-0.6480432936911527,0.7598124506735181,-0.05220085538978368
57.92754530906677,0,0,0,0,0,0,0,0,0,1,0.0,0.0,0.0,0.0,0.0,0.0,2.77225,0,0,0,0,0,0,0,0,0,1
57.98988699913025,35.04909581459995,-107.08758374431511,-8.745513126923825,35.04909581459995,-107.08758374431511,-8.745513126923825,0.0,0.7113567233013549,-0.6852996685775784,-0.15599992455581824,0.0,0.0,0.0,0.0,0.0,0.0,2.77225,42.34652922824816,-146.88025163562006,-10.50870559108516,42.34652922824816,-146.88025163562006,-10.50870559108516,0.0,-0.6480359778122536,0.7598118164267199,-0.052300813370778416
58.07693815231323,0,0,0,0,0,0,0,0,0,1,0.0,0.0,0.0,0.0,0.0,0.0,2.77225,0,0,0,0,0,0,0,0,0,1
58.122326135635376,35.05090469891036,-107.07246454695171,-8.69290003151368,35.05090469891036,-107.07246454695171,-8.69290003151368,9.754148015616954e-18,0.7113787788331343,-0.6852995373155779,-0.15589989474317612,0.0,0.0,0.0,0.0,0.0,0.0,2.77225,42.34427835237392,-146.87147804320682,-10.497844760823853,42.34427835237392,-146.87147804320682,-10.497844760823853,1.369856580612046e-17,-0.6480432936911527,0.7598124506735181,-0.05220085538978368
58.17721676826477,0,0,0,0,0,0,0,0,0,1,0.0,0.0,0.0,0.0,0.0,0.0,2.77225,0,0,0,0,0,0,0,0,0,1
58.24729561805725,35.064214883405384,-107.07918702747,-8.712333179595987,35.064214883405384,-107.07918702747,-8.712333179595987,2.925845777499399e-17,0.7114756994988595,-0.6851989447484959,-0.15589975990410176,0.0,0.0,0.0,0.0,0.0,0.0,2.77225,42.335593380034055,-146.87128960542276,-10.509004319357125,42.335593380034055,-146.87128960542276,-10.509004319357125,1.369856580612046e-17,-0.6480432936911527,0.7598124506735181,-0.05220085538978368
58.32520389556885,0,0,0,0,0,0,0,0,0,1,0.0,0.0,0.0,0.0,0.0,0.0,2.77225,0,0,0,0,0,0,0,0,0,1
58.36196208000183,35.075150731619516,-107.08814905766732,-8.712034451324023,35.075150731619516,-107.08814905766732,-8.712034451324023,9.754148015616954e-18,0.7113787788331343,-0.6852995373155779,-0.15589989474317612,0.0,0.0,0.0,0.0,0.0,0.0,2.77225,42.33890796364207,-146.88995656508877,-10.520860041702605,42.33890796364207,-146.88995656508877,-10.520860041702605,1.369856580612046e-17,-0.6480432936911527,0.7598124506735181,-0.05220085538978368
58.42675971984863,0,0,0,0,0,0,0,0,0,1,0.0,0.0,0.0,0.0,0.0,0.0,2.77225,0,0,0,0,0,0,0,0,0,1
58.4885675907135,35.07621443935329,-107.09804242492008,-8.713029343408202,35.07621443935329,-107.09804242492008,-8.713029343408202,0.0,0.7113567233013549,-0.6852996685775784,-0.15599992455581824,0.0,0.0,0.0,0.0,0.0,0.0,2.77225,42.327972115428,-146.88099453489144,-10.521158769974562,42.327972115428,-146.88099453489144,-10.521158769974562,1.369856580612046e-17,-0.6480432936911527,0.7598124506735181,-0.05220085538978368
58.55375337600708,0,0,0,0,0,0,0,0,0,1,-0.1525,0.0775,-0.10300000000000001,0.014,0.0635,-0.1665,2.77225,0,0,0,0,0,0,0,0,0,1
58.627546310424805,35.06302771526492,-107.08030680230952,-8.702467241418852,35.06302771526492,-107.08030680230952,-8.702467241418852,9.753121642066394e-18,0.7114536410556943,-0.6851990819052715,-0.15599979097668176,-0.3202499999999999,1.92225,0.3205000000000001,0.64075,1.2815,-0.961,2.77225,42.31453847052623,-146.88528519646542,-10.4928545757993,42.31453847052623,-146.88528519646542,-10.4928545757993,1.369856580612046e-17,-0.6480432936911527,0.7598124506735181,-0.05220085538978368
58.67323040962219,0,0,0,0,0,0,0,0,0,1,-0.3202499999999999,1.92225,0.3205000000000001,0.64075,1.2815,-0.961,2.77225,0,0,0,0,0,0,0,0,0,1
58.74724102020264,35.059589671250194,-107.07265298473578,-8.681740472980415,35.059589671250194,-107.07265298473578,-8.681740472980415,9.753121642066394e-18,0.7114536410556943,-0.6851990819052715,-0.15599979097668176,-0.3202499999999999,1.92225,0.3205000000000001,0.64075,1.2815,-0.961,2.77225,42.32084910658517,-146.8877131839285,-10.461963140911749,42.32084910658517,-146.8877131839285,-10.461963140911749,0.0,-0.6480525795657961,0.7598045678691923,-0.052200313823074294
58.83538889884949,35.05909141548696,-107.0756392651674,-8.753090552660666,35.05909141548696,-107.0756392651674,-8.753090552660666,9.753121642066394e-18,0.7114536410556943,-0.6851990819052715,-0.15599979097668176,-0.3202499999999999,1.92225,0.3205000000000001,0.64075,1.2815,-0.961,2.77225,42.342967723826746,-146.88361096013858,-10.47910777655376,42.342967723826746,-146.88361096013858,-10.47910777655376,0.0,-0.6480359778122536,0.7598118164267199,-0.052300813370778416
58.92915368080139,0,0,0,0,0,0,0,0,0,1,-0.3202499999999999,1.92225,0.3205000000000001,0.64075,1.2815,-0.961,2.77225,0,0,0,0,0,0,0,0,0,1
58.996755838394165,35.064338343812096,-107.06817388537775,-8.72120422568895,35.064338343812096,-107.06817388537775,-8.72120422568895,2.925845777499399e-17,0.7114756994988595,-0.6851989447484959,-0.15589975990410176,-0.3202499999999999,1.92225,0.3205000000000001,0.64075,1.2815,-0.961,2.77225,42.334406211893594,-146.87240938026224,-10.49913838117999,42.334406211893594,-146.87240938026224,-10.49913838117999,0.0,-0.6480525795657961,0.7598045678691923,-0.052200313823074294
59.04946780204773,0,0,0,0,0,0,0,0,0,1,-0.3202499999999999,1.92225,0.3205000000000001,0.64075,1.2815,-0.961,2.77225,0,0,0,0,0,0,0,0,0,1
59.1173152923584,35.05840250310973,-107.07377275957529,-8.671874534803273,35.05840250310973,-107.07377275957529,-8.671874534803273,9.753121642066394e-18,0.7114536410556943,-0.6851990819052715,-0.15599979097668176,0.09175,1.9245,1.59025,0.213,1.7115,-0.12125,2.77225,42.336215096204,-146.85729018289885,-10.446525285769837,42.336215096204,-146.85729018289885,-10.446525285769837,4.566781634162618e-18,-0.6481589533981995,0.7597137831158386,-0.05220094705626798
59.18234395980835,0,0,0,0,0,0,0,0,0,1,-0.8322500000000002,0.7767499999999998,2.0955,-1.0755000000000001,1.85225,0.24325,2.77225,0,0,0,0,0,0,0,0,0,1
59.265881299972534,35.05434274292506,-107.08011836452545,-8.713626799952124,35.05434274292506,-107.08011836452545,-8.713626799952124,9.753121642066394e-18,0.7114536410556943,-0.6851990819052715,-0.15599979097668176,-1.1615,2.73475,1.2297500000000001,0.17175,2.563,-1.33325,2.77225,42.329780999738404,-146.86587533752802,-10.468545674564403,42.329780999738404,-146.86587533752802,-10.468545674564403,4.566785438205429e-18,-0.6481516370279728,0.7597131502891393,-0.052300905304886125
59.31196141242981,0,0,0,0,0,0,0,0,0,1,-0.8935,2.82925,3.8247500000000003,-0.9445,3.77375,0.051000000000000004,2.77225,0,0,0,0,0,0,0,0,0,1
59.37785792350769,35.071712687604816,-107.0804952400936,-8.69130768288558,35.071712687604816,-107.0804952400936,-8.69130768288558,2.925845777499399e-17,0.7114756994988595,-0.6851989447484959,-0.15589975990410176,-1.775,1.9660000000000002,4.6690000000000005,-2.239,4.205,0.464,2.77225,42.31347476279245,-146.87539182921265,-10.49185968371512,42.31347476279245,-146.87539182921265,-10.49185968371512,-2.2831198957040507e-17,-0.6480452648339271,0.7598039328731209,-0.05230027071500949
59.422850370407104,0,0,0,0,0,0,0,0,0,1,-2.512,2.3427499999999997,6.38775,-3.2785,5.62125,0.7665000000000001,2.77225,0,0,0,0,0,0,0,0,0,1
59.501264333724976,35.07040205905761,-107.09262815702537,-8.67257069861548,35.07040205905761,-107.09262815702537,-8.67257069861548,0.0,0.7113567233013549,-0.6852996685775784,-0.15599992455581824,-3.0374999999999996,2.846,8.3545,-4.273,7.119,1.2355,2.77225,42.327530123864136,-146.8571017451148,-10.457684844303095,42.327530123864136,-146.8571017451148,-10.457684844303095,4.566781634162618e-18,-0.6481589533981995,0.7597137831158386,-0.05220094705626798
59.55229735374451,0,0,0,0,0,0,0,0,0,1,-3.4977500000000004,3.37,8.75075,-4.43925,7.8092500000000005,0.9415,2.77225,0,0,0,0,0,0,0,0,0,1
59.62814950942993,35.064214883405384,-107.07918702747,-8.712333179595987,35.064214883405384,-107.07918702747,-8.712333179595987,9.753121642066394e-18,0.7114536410556943,-0.6851990819052715,-0.15599979097668176,-3.8445000000000005,3.8442499999999997,8.87825,-4.43925,8.2835,0.59475,2.77225,42.33858943248495,-146.85505063321983,-10.466257162124094,42.33858943248495,-146.85505063321983,-10.466257162124094,4.566781634162618e-18,-0.6481589533981995,0.7597137831158386,-0.05220094705626798
59.677592277526855,0,0,0,0,0,0,0,0,0,1,-3.8445000000000005,3.8442499999999997,8.87825,-4.43925,8.2835,0.59475,2.77225,0,0,0,0,0,0,0,0,0,1
59.74074125289917,35.05684053961272,-107.06686567275415,-8.742229722399351,35.05684053961272,-107.06686567275415,-8.742229722399351,9.753121642066394e-18,0.7114536410556943,-0.6851990819052715,-0.15599979097668176,-3.8445000000000005,3.8442499999999997,8.87825,-4.43925,8.2835,0.59475,2.77225,42.32334690327281,-146.8744604921572,-10.490566063358983,42.32334690327281,-146.8744604921572,-10.490566063358983,0.0,-0.6480525795657961,0.7598045678691923,-0.052200313823074294
59.82555270195007,0,0,0,0,0,0,0,0,0,1,-3.8445000000000005,3.8442499999999997,8.87825,-4.43925,8.2835,0.59475,2.77225,0,0,0,0,0,0,0,0,0,1
59.86708474159241,35.03815996638585,-107.07862171411779,-8.745811855195797,35.03815996638585,-107.07862171411779,-8.745811855195797,9.753121642066394e-18,0.7114536410556943,-0.6851990819052715,-0.15599979097668176,-3.8390000000000004,3.8442499999999997,8.883750000000001,-4.43925,8.2835,0.6002500000000001,2.77225,42.315849099073404,-146.87315227953363,-10.511591560069391,42.315849099073404,-146.87315227953363,-10.511591560069391,0.0,-0.6480525795657961,0.7598045678691923,-0.052200313823074294
59.92491054534912,0,0,0,0,0,0,0,0,0,1,-3.2127500000000007,3.2035,8.869250000000001,-4.43925,7.64275,1.2265,2.77225,0,0,0,0,0,0,0,0,0,1
59.99239206314087,35.05446620333177,-107.06910522243318,-8.722497846045087,35.05446620333177,-107.06910522243318,-8.722497846045087,9.753129991645128e-18,0.7114530319857655,-0.6851996831474254,-0.15599992786193576,-3.228,3.1830000000000003,6.6625000000000005,-3.3537500000000002,6.5367500000000005,0.12575,2.77225,42.31384514401256,-146.84235240293583,-10.51847282199401,42.31384514401256,-146.84235240293583,-10.51847282199401,4.566781634162618e-18,-0.6481589533981995,0.7597137831158386,-0.05220094705626798
60.07336759567261,0,0,0,0,0,0,0,0,0,1,-3.80775,3.24325,3.6685,-2.1165,5.35975,-1.6912500000000001,2.77225,0,0,0,0,0,0,0,0,0,1
60.11901354789734,35.06090029979737,-107.060520067804,-8.700477457250507,35.06090029979737,-107.060520067804,-8.700477457250507,-9.752827649617571e-18,0.711475087348572,-0.6851995490884429,-0.1558998974064335,-2.419,5.44125,2.39125,0.3155,5.12575,-2.7345,2.77225,42.31715972762058,-146.86101936260184,-10.530328544339483,42.31715972762058,-146.86101936260184,-10.530328544339483,-2.2831198957040507e-17,-0.6480452648339271,0.7598039328731209,-0.05230027071500949
60.22571039199829,35.06552551195256,-107.06705411053822,-8.731070163866079,35.06552551195256,-107.06705411053822,-8.731070163866079,9.753121642066394e-18,0.7114536410556943,-0.6851990819052715,-0.15599979097668176,-2.3912500000000003,5.469,2.39125,0.34325,5.12575,-2.7345,2.77225,42.33034645170895,-146.8787549852124,-10.540890646328833,42.33034645170895,-146.8787549852124,-10.540890646328833,0.0,-0.6480359778122536,0.7598118164267199,-0.052300813370778416
60.30954432487488,0,0,0,0,0,0,0,0,0,1,-2.3912500000000003,5.469,2.39125,0.34325,5.12575,-2.7345,2.77225,0,0,0,0,0,0,0,0,0,1
60.368788719177246,35.067776387826825,-107.07582770295147,-8.741930994127387,35.067776387826825,-107.07582770295147,-8.741930994127387,9.753121642066394e-18,0.7114536410556943,-0.6851990819052715,-0.15599979097668176,-2.3912500000000003,5.469,2.39125,0.34325,5.12575,-2.7345,2.77225,42.34558898092109,-146.85934512627503,-10.516581745093944,42.34558898092109,-146.85934512627503,-10.516581745093944,-2.2831198957040507e-17,-0.6480452648339271,0.7598039328731209,-0.05230027071500949
60.431071758270264,0,0,0,0,0,0,0,0,0,1,-2.1687499999999997,5.09425,2.5365,0.1945,4.89975,-2.36325,2.77225,0,0,0,0,0,0,0,0,0,1
60.485312700271606,35.067776387826825,-107.07582770295147,-8.741930994127387,35.067776387826825,-107.07582770295147,-8.741930994127387,9.753121642066394e-18,0.7114536410556943,-0.6851990819052715,-0.15599979097668176,-1.8885,2.3682499999999997,4.02675,-1.7735,4.14175,-0.115,2.77225,42.34558898092109,-146.85934512627503,-10.516581745093944,42.34558898092109,-146.85934512627503,-10.516581745093944,0.0,-0.6480525795657961,0.7598045678691923,-0.052200313823074294
60.559571266174316,0,0,0,0,0,0,0,0,0,1,-2.25275,1.7935,3.06425,-1.76175,3.55525,-0.491,2.77225,0,0,0,0,0,0,0,0,0,1
60.61371612548828,35.06646575927965,-107.08796061988326,-8.723194009857302,35.06646575927965,-107.08796061988326,-8.723194009857302,9.753121642066394e-18,0.7114536410556943,-0.6851990819052715,-0.15599979097668176,-0.303,1.8587500000000001,0.7802500000000001,0.38775,1.471,-0.69075,2.77225,42.35009073266957,-146.87689231110153,-10.53830340561656,42.35009073266957,-146.87689231110153,-10.53830340561656,4.5661847986119576e-18,-0.6480505956807607,0.7598130835633868,-0.05210089714879237
60.690319776535034,0,0,0,0,0,0,0,0,0,1,0.0,0.14725,0.14725,0.0,0.14725,0.0,2.77225,0,0,0,0,0,0,0,0,0,1
60.74817132949829,35.06634229887294,-107.09897376197553,-8.714322963764339,35.06634229887294,-107.09897376197553,-8.714322963764339,0.0,0.7113567233013549,-0.6852996685775784,-0.15599992455581824,0.0,0.0,0.0,0.0,0.0,0.0,2.77225,42.3487801041224,-146.88902522803332,-10.519566421346468,42.3487801041224,-146.88902522803332,-10.519566421346468,1.369856580612046e-17,-0.6480432936911527,0.7598124506735181,-0.05220085538978368
60.79699230194092,0,0,0,0,0,0,0,0,0,1,0.0,0.0,0.0,0.0,0.0,0.0,2.77225,0,0,0,0,0,0,0,0,0,1
60.88330841064453,35.0640914229987,-107.09020016956228,-8.70346213350303,35.0640914229987,-107.09020016956228,-8.70346213350303,9.753121642066394e-18,0.7114536410556943,-0.6851990819052715,-0.15599979097668176,0.0,0.0,0.0,0.0,0.0,0.0,2.77225,42.34652922824816,-146.88025163562006,-10.50870559108516,42.34652922824816,-146.88025163562006,-10.50870559108516,0.0,-0.6480525795657961,0.7598045678691923,-0.052200313823074294
60.92316198348999,0,0,0,0,0,0,0,0,0,1,0.0,0.0,0.0,0.0,0.0,0.0,2.77225,0,0,0,0,0,0,0,0,0,1
61.0008225440979,35.06827464359009,-107.07284142251986,-8.670580914447136,35.06827464359009,-107.07284142251986,-8.670580914447136,9.753121642066394e-18,0.7114536410556943,-0.6851990819052715,-0.15599979097668176,0.0,0.0,0.0,0.0,0.0,0.0,2.77225,42.33546991962734,-146.882302747515,-10.500133273264161,42.33546991962734,-146.882302747515,-10.500133273264161,0.0,-0.6480525795657961,0.7598045678691923,-0.052200313823074294
61.08318758010864,35.06302771526492,-107.08030680230952,-8.702467241418852,35.06302771526492,-107.08030680230952,-8.702467241418852,9.753121642066394e-18,0.7114536410556943,-0.6851990819052715,-0.15599979097668176,0.0,0.0,0.0,0.0,0.0,0.0,2.77225,42.326784947287535,-146.88211430973092,-10.511292831797434,42.326784947287535,-146.88211430973092,-10.511292831797434,0.0,-0.6480525795657961,0.7598045678691923,-0.052200313823074294
61.12531566619873,0,0,0,0,0,0,0,0,0,1,0.0,0.0,0.0,0.0,0.0,0.0,2.77225,0,0,0,0,0,0,0,0,0,1
61.178510665893555,0,0,0,0,0,0,0,0,0,1,0.0,0.0,0.0,0.0,0.0,0.0,2.77225,0,0,0,0,0,0,0,0,0,1
61.24657988548279,35.0579042473465,-107.0767590400069,-8.743224614483523,35.0579042473465,-107.0767590400069,-8.743224614483523,9.753121642066394e-18,0.7114536410556943,-0.6851990819052715,-0.15599979097668176,0.0,0.0,0.0,0.0,0.0,0.0,2.77225,42.32703186810093,-146.86008802554642,-10.529034923983346,42.32703186810093,-146.86008802554642,-10.529034923983346,0.0,-0.6480598804105454,0.7598052015069648,-0.05210035667085136
61.29969501495361,0,0,0,0,0,0,0,0,0,1,0.0,0.0,0.0,0.0,0.0,0.0,2.77225,0,0,0,0,0,0,0,0,0,1
61.36794900894165,35.07421048429245,-107.0672425483223,-8.719910605332814,35.07421048429245,-107.0672425483223,-8.719910605332814,9.753129991645128e-18,0.7114530319857655,-0.6851996831474254,-0.15599992786193576,0.0,0.0,0.0,0.0,0.0,0.0,2.77225,42.3444018127806,-146.86046490111454,-10.506715806916816,42.3444018127806,-146.86046490111454,-10.506715806916816,-1.3700333514800381e-17,-0.6481662558781357,0.7597144145882858,-0.052100988548176484
61.45221972465515,0,0,0,0,0,0,0,0,0,1,-0.35825000000000007,0.88825,-0.20600000000000007,0.368,0.52025,-0.7262500000000001,2.77225,0,0,0,0,0,0,0,0,0,1
61.551862478256226,35.07646136016669,-107.07601614073555,-8.730771435594114,35.07646136016669,-107.07601614073555,-8.730771435594114,9.753129991645128e-18,0.7114530319857655,-0.6851996831474254,-0.15599992786193576,-0.3202499999999999,1.92225,0.3205000000000001,0.64075,1.2815,-0.961,2.77225,42.35427395326096,-146.85953356405912,-10.50542218656068,42.35427395326096,-146.85953356405912,-10.50542218656068,-1.3700333514800381e-17,-0.6481662558781357,0.7597144145882858,-0.052100988548176484
61.62535095214844,35.056964000019406,-107.05585253066188,-8.751100768492321,35.056964000019406,-107.05585253066188,-8.751100768492321,9.753129991645128e-18,0.7114530319857655,-0.6851996831474254,-0.15599992786193576,-0.6407499999999999,3.6972500000000004,0.49350000000000005,1.2815,2.41575,-1.92225,2.77225,42.34558898092109,-146.85934512627503,-10.516581745093944,42.34558898092109,-146.85934512627503,-10.516581745093944,9.132456734795403e-18,-0.6480671673675272,0.7598058337872519,-0.052000399258932774
61.68433594703674,0,0,0,0,0,0,0,0,0,1,-1.05275,5.674250000000001,0.3570000000000002,2.13225,3.5420000000000003,-3.185,2.77225,0,0,0,0,0,0,0,0,0,1
61.75501465797424,35.060402044034134,-107.06350634823562,-8.771827536930758,35.060402044034134,-107.06350634823562,-8.771827536930758,9.753129991645128e-18,0.7114530319857655,-0.6851996831474254,-0.15599992786193576,-0.3877499999999996,9.71175,0.15200000000000014,4.586,5.12575,-4.97375,2.77225,42.33915488445547,-146.8679302809042,-10.538602133888524,42.33915488445547,-146.8679302809042,-10.538602133888524,0.0,-0.6480598804105454,0.7598052015069648,-0.05210035667085136
61.802021980285645,0,0,0,0,0,0,0,0,0,1,-0.5522499999999999,11.297,0.04675000000000029,5.349,5.948,-5.90125,2.77225,0,0,0,0,0,0,0,0,0,1
61.86394929885864,35.06027858362742,-107.07451949032789,-8.762956490837794,35.06027858362742,-107.07451949032789,-8.762956490837794,9.753129991645128e-18,0.7114530319857655,-0.6851996831474254,-0.15599992786193576,-0.5222500000000005,13.80625,-0.20150000000000023,6.74275,7.0635,-7.265000000000001,2.77225,42.34996727226286,-146.8879054531938,-10.529432359523597,42.34996727226286,-146.8879054531938,-10.529432359523597,1.369856580612046e-17,-0.6480432936911527,0.7598124506735181,-0.05220085538978368
61.929413080215454,0,0,0,0,0,0,0,0,0,1,-0.5997499999999993,15.9455,-0.09525000000000006,7.7205,8.225,-8.32025,2.77225,0,0,0,0,0,0,0,0,0,1
61.98974537849426,35.063151175671635,-107.06929366021726,-8.711338287511815,35.063151175671635,-107.06929366021726,-8.711338287511815,9.753129991645128e-18,0.7114530319857655,-0.6851996831474254,-0.15599992786193576,-0.57925,18.089750000000002,-0.25649999999999906,8.8835,9.20625,-9.46275,2.77225,42.33665708776783,-146.8811829726755,-10.509999211441297,42.33665708776783,-146.8811829726755,-10.509999211441297,0.0,-0.6480525795657961,0.7598045678691923,-0.052200313823074294
62.090320348739624,35.065402051545874,-107.07806725263049,-8.722199117773123,35.065402051545874,-107.07806725263049,-8.722199117773123,9.753121642066394e-18,0.7114536410556943,-0.6851990819052715,-0.15599979097668176,-0.7227500000000013,20.170749999999998,-0.09200000000000053,9.77,10.40075,-10.492750000000001,2.77225,42.314785391339626,-146.86325891228086,-10.510596667985212,42.314785391339626,-146.86325891228086,-10.510596667985212,4.566781634162618e-18,-0.6481589533981995,0.7597137831158386,-0.05220094705626798
62.17871332168579,0,0,0,0,0,0,0,0,0,1,-0.5862500000000015,23.383,-0.26475000000000115,11.53075,11.85225,-12.117,2.77225,0,0,0,0,0,0,0,0,0,1
62.247610330581665,35.049219275006664,-107.07657060222284,-8.754384173016803,35.049219275006664,-107.07657060222284,-8.754384173016803,9.753121642066394e-18,0.7114536410556943,-0.6851990819052715,-0.15599979097668176,-0.2134999999999998,25.547,-0.13100000000000023,12.73225,12.81475,-12.94575,2.77225,42.319410603494816,-146.8697929550151,-10.54118937460079,42.319410603494816,-146.8697929550151,-10.54118937460079,0.0,-0.6480598804105454,0.7598052015069648,-0.05210035667085136
62.312397480010986,0,0,0,0,0,0,0,0,0,1,-0.31174999999999997,27.24275,-0.28000000000000114,13.605500000000001,13.63725,-13.917250000000001,2.77225,0,0,0,0,0,0,0,0,0,1
62.3748197555542,35.0579042473465,-107.0767590400069,-8.743224614483523,35.0579042473465,-107.0767590400069,-8.743224614483523,9.753129991645128e-18,0.7114530319857655,-0.6851996831474254,-0.15599992786193576,-0.5150000000000006,29.0295,-0.18050000000000033,14.3475,14.682,-14.8625,2.77225,42.339031424048784,-146.87894342299649,-10.529731087795561,42.339031424048784,-146.87894342299649,-10.529731087795561,0.0,-0.6480598804105454,0.7598052015069648,-0.05210035667085136
62.43847942352295,0,0,0,0,0,0,0,0,0,1,-0.8535000000000004,30.4715,0.28550000000000075,14.66625,15.805250000000001,-15.51975,2.77225,0,0,0,0,0,0,0,0,0,1
62.50282549858093,35.069087016374,-107.0636947860197,-8.760667978397485,35.069087016374,-107.0636947860197,-8.760667978397485,-9.752104258737168e-18,0.7115278630958533,-0.6850992229685829,-0.15609982295343133,-0.6819999999999986,34.511750000000006,0.5272500000000022,16.65125,17.860500000000002,-17.33325,2.77225,42.34427835237392,-146.87147804320682,-10.497844760823853,42.34427835237392,-146.87147804320682,-10.497844760823853,0.0,-0.6480598804105454,0.7598052015069648,-0.05210035667085136
62.54990530014038,0,0,0,0,0,0,0,0,0,1,-0.9107500000000002,36.03675,0.5160000000000018,17.305,18.73175,-18.21575,2.77225,0,0,0,0,0,0,0,0,0,1
62.622225284576416,35.064338343812096,-107.06817388537775,-8.72120422568895,35.064338343812096,-107.06817388537775,-8.72120422568895,-9.752104258737168e-18,0.7115278630958533,-0.6850992229685829,-0.15609982295343133,-0.7944999999999993,39.0345,0.43299999999999983,18.9035,20.131,-19.698,2.77225,42.33678054817452,-146.87016983058322,-10.51887025753426,42.33678054817452,-146.87016983058322,-10.51887025753426,0.0,-0.6480525795657961,0.7598045678691923,-0.052200313823074294
62.68188166618347,0,0,0,0,0,0,0,0,0,1,-0.9990000000000023,40.46575,0.5192499999999995,19.47375,20.992,-20.47275,2.77225,0,0,0,0,0,0,0,0,0,1
62.74203372001648,35.05565337147223,-107.06798544759366,-8.732363784222215,35.05565337147223,-107.06798544759366,-8.732363784222215,-2.926029761165514e-17,0.7114309631433773,-0.6851998159454296,-0.15609995806929589,-0.8207500000000003,42.23425,0.5150000000000006,20.44925,21.785,-21.27,2.77225,42.31928714308813,-146.88080609710735,-10.532318328507827,42.31928714308813,-146.88080609710735,-10.532318328507827,0.0,-0.6480525795657961,0.7598045678691923,-0.052200313823074294
62.80958938598633,0,0,0,0,0,0,0,0,0,1,-0.9322499999999998,43.786500000000004,0.16525000000000034,21.3445,22.442,-22.27675,2.77225,0,0,0,0,0,0,0,0,0,1
62.86592245101929,35.046968399132425,-107.0677970098096,-8.74352334275548,35.046968399132425,-107.0677970098096,-8.74352334275548,9.753129991645128e-18,0.7114530319857655,-0.6851996831474254,-0.15599992786193576,-0.9187499999999993,46.11375,0.014500000000001734,22.59025,23.523500000000002,-23.509,2.77225,42.32572123955376,-146.87222094247818,-10.510297939713254,42.32572123955376,-146.87222094247818,-10.510297939713254,0.0,-0.6480598804105454,0.7598052015069648,-0.05210035667085136
62.93031430244446,0,0,0,0,0,0,0,0,0,1,-0.7707499999999996,48.012,0.3647500000000008,23.43825,24.57375,-24.209,2.77225,0,0,0,0,0,0,0,0,0,1
62.9849750995636,35.06065337898397,-107.08254635198854,-8.682735365064588,35.06065337898397,-107.08254635198854,-8.682735365064588,9.753129991645128e-18,0.7114530319857655,-0.6851996831474254,-0.15599992786193576,-0.8087499999999999,51.993,0.4527499999999982,25.365750000000002,26.62725,-26.174500000000002,2.77225,42.32690840769422,-146.87110116763867,-10.520163877890397,42.32690840769422,-146.87110116763867,-10.520163877890397,0.0,-0.6480525795657961,0.7598045678691923,-0.052200313823074294
63.05818581581116,0,0,0,0,0,0,0,0,0,1,-1.227999999999998,54.0125,0.28550000000000253,26.2495,27.763,-27.4775,2.77225,0,0,0,0,0,0,0,0,0,1
63.11660623550415,35.063151175671635,-107.06929366021726,-8.711338287511815,35.063151175671635,-107.06929366021726,-8.711338287511815,9.753129991645128e-18,0.7114530319857655,-0.6851996831474254,-0.15599992786193576,-0.7680000000000007,55.951,0.07549999999999812,27.55375,28.39725,-28.32175,2.77225,42.34652922824816,-146.88025163562006,-10.50870559108516,42.34652922824816,-146.88025163562006,-10.50870559108516,0.0,-0.6480525795657961,0.7598045678691923,-0.052200313823074294
63.20539140701294,0,0,0,0,0,0,0,0,0,1,-0.7097499999999997,57.528,0.7097499999999997,28.05425,29.47375,-28.764,2.77225,0,0,0,0,0,0,0,0,0,1
63.24822688102722,35.038406887199244,-107.05659542993325,-8.763553947381723,35.038406887199244,-107.05659542993325,-8.763553947381723,-9.752827649617571e-18,0.711475087348572,-0.6851995490884429,-0.1558998974064335,-0.9215000000000018,57.6945,0.33149999999999835,28.22075,29.47375,-29.14225,2.77225,42.358775705009464,-146.8770807488856,-10.527143847083295,42.358775705009464,-146.8770807488856,-10.527143847083295,0.0,-0.6480525795657961,0.7598045678691923,-0.052200313823074294
63.306225538253784,0,0,0,0,0,0,0,0,0,1,-0.8644999999999996,58.763999999999996,-0.504999999999999,29.20225,29.56175,-30.06675,2.77225,0,0,0,0,0,0,0,0,0,1
63.37974429130554,35.049342735413376,-107.06555746013058,-8.763255219109752,35.049342735413376,-107.06555746013058,-8.763255219109752,-9.751801755667686e-18,0.711549934849156,-0.685099084273692,-0.15599979148547066,-0.5909999999999975,60.587250000000004,0.38525000000000276,29.805500000000002,30.781750000000002,-30.3965,2.77225,42.35439741366767,-146.84852042196684,-10.514293232653642,42.35439741366767,-146.84852042196684,-10.514293232653642,4.566781634162618e-18,-0.6481589533981995,0.7597137831158386,-0.05220094705626798
63.454349517822266,0,0,0,0,0,0,0,0,0,1,-0.8019999999999996,62.53925,0.6977499999999992,30.519750000000002,32.0195,-31.32175,2.77225,0,0,0,0,0,0,0,0,0,1
63.502864360809326,35.049219275006664,-107.07657060222284,-8.754384173016803,35.049219275006664,-107.07657060222284,-8.754384173016803,9.753129991645128e-18,0.7114530319857655,-0.6851996831474254,-0.15599992786193576,-0.37024999999999864,63.62100000000001,0.13525000000000276,31.557750000000002,32.063250000000004,-31.928,2.77225,42.32478099222669,-146.85131443313315,-10.518174093722038,42.32478099222669,-146.85131443313315,-10.518174093722038,4.56682893434841e-18,-0.6481682197081421,0.7597059145042468,-0.05220040639347333
63.55016875267029,0,0,0,0,0,0,0,0,0,1,-0.3265000000000029,66.18975,-0.0017500000000012506,32.9325,33.25725,-33.259,2.77225,0,0,0,0,0,0,0,0,0,1
63.622406005859375,35.048155567272886,-107.06667723497009,-8.753389280932623,35.048155567272886,-107.06667723497009,-8.753389280932623,9.753129991645128e-18,0.7114530319857655,-0.6851996831474254,-0.15599992786193576,0.15500000000000114,68.3495,0.14699999999999847,34.17875,34.17075,-34.02375,2.77225,42.33153361984941,-146.8776352103729,-10.550756584505976,42.33153361984941,-146.8776352103729,-10.550756584505976,0.0,-0.6480598804105454,0.7598052015069648,-0.05210035667085136
63.68508315086365,0,0,0,0,0,0,0,0,0,1,0.0007500000000035811,70.213,0.15874999999999773,35.0275,35.1855,-35.02675,2.77225,0,0,0,0,0,0,0,0,0,1
63.74942326545715,35.050406443147125,-107.07545082738332,-8.764250111193931,35.050406443147125,-107.07545082738332,-8.764250111193931,9.753129991645128e-18,0.7114530319857655,-0.6851996831474254,-0.15599992786193576,0.12950000000000017,72.3545,-0.46300000000000097,36.4735,35.881,-36.344,2.77225,42.32915928356849,-146.8798747600519,-10.53102470815169,42.32915928356849,-146.8798747600519,-10.53102470815169,0.0,-0.6480598804105454,0.7598052015069648,-0.05210035667085136
63.812861919403076,0,0,0,0,0,0,0,0,0,1,0.22025000000000006,72.95625,-0.6409999999999982,36.90875,36.0475,-36.6885,2.77225,0,0,0,0,0,0,0,0,0,1
63.877930641174316,35.04565777058525,-107.07992992674137,-8.724786358485389,35.04565777058525,-107.07992992674137,-8.724786358485389,9.753129991645128e-18,0.7114530319857655,-0.6851996831474254,-0.15599992786193576,-0.000499999999995282,74.61575,-0.291249999999998,37.453250000000004,37.1625,-37.45375,2.77225,42.33153361984941,-146.8776352103729,-10.550756584505976,42.33153361984941,-146.8776352103729,-10.550756584505976,0.0,-0.6480598804105454,0.7598052015069648,-0.05210035667085136
63.94595265388489,0,0,0,0,0,0,0,0,0,1,0.6015000000000015,75.7595,-0.7650000000000006,38.563,37.1965,-37.9615,2.77225,0,0,0,0,0,0,0,0,0,1
64.05721783638,35.064338343812096,-107.06817388537775,-8.72120422568895,35.064338343812096,-107.06817388537775,-8.72120422568895,9.753129991645128e-18,0.7114530319857655,-0.6851996831474254,-0.15599992786193576,0.06024999999999636,79.13475,-0.4830000000000041,39.839,39.29575,-39.77875,2.77225,42.32940620438188,-146.85784847586737,-10.548766800337617,42.32940620438188,-146.85784847586737,-10.548766800337617,-1.3700333514800381e-17,-0.6481662558781357,0.7597144145882858,-0.052100988548176484
64.11662817001343,35.05327903519131,-107.07022499727269,-8.712631907867951,35.05327903519131,-107.07022499727269,-8.712631907867951,9.754148015616954e-18,0.7113787788331343,-0.6852995373155779,-0.15589989474317612,-0.10600000000000165,81.46625,-0.7717500000000044,41.066,40.40025,-41.172000000000004,2.77225,42.33465313270699,-146.8503830960777,-10.516880473365909,42.33465313270699,-146.8503830960777,-10.516880473365909,0.0,-0.6480525795657961,0.7598045678691923,-0.052200313823074294
64.17579698562622,0,0,0,0,0,0,0,0,0,1,0.059499999999999886,83.11675,-0.4547499999999971,41.8155,41.30125,-41.756,2.77225,0,0,0,0,0,0,0,0,0,1
64.25221490859985,34.69814424485713,-107.16553813334569,-8.948629125619021,34.69814424485713,-107.16553813334569,-8.948629125619021,9.845974169179313e-18,0.7047442726010728,-0.692300144581909,-0.15510003239152692,0.3992500000000021,85.66825,-0.6234999999999999,43.3455,42.32275,-42.94625,2.77225,42.339031424048784,-146.87894342299649,-10.529731087795561,42.339031424048784,-146.87894342299649,-10.529731087795561,-4.565014645932416e-18,-0.6477899086823219,0.7600078468631002,-0.05250054205304312
64.30827784538269,0,0,0,0,0,0,0,0,0,1,0.20550000000000068,87.47800000000001,-0.2779999999999987,43.98075,43.49725,-43.77525,2.77225,0,0,0,0,0,0,0,0,0,1
64.38701105117798,34.389610093279316,-107.20766227383561,-8.960128434211967,34.389610093279316,-107.20766227383561,-8.960128434211967,1.984236968472313e-17,-0.6984441331599104,0.6994017361998413,0.15170037658209312,0.742999999999995,88.6485,-0.765500000000003,45.0785,43.57,-44.3355,2.77225,42.32141455855566,-146.90059283161287,-10.534308112676172,42.32141455855566,-146.90059283161287,-10.534308112676172,0.0,-0.647258156370859,0.7604051227690785,-0.05330035907889517
64.42952799797058,0,0,0,0,0,0,0,0,0,1,0.4444999999999979,90.03649999999999,-0.8070000000000022,45.644,44.3925,-45.1995,2.77225,0,0,0,0,0,0,0,0,0,1
64.50323176383972,34.273471307869755,-107.32561041490504,-8.916539232087366,34.273471307869755,-107.32561041490504,-8.916539232087366,-5.914658330573565e-17,-0.6949833291825915,0.703901410639996,0.14670029399188442,0.44000000000000483,90.58275,-0.43974999999999653,45.73125,44.8515,-45.29125,2.77225,42.30785745324721,-146.91589663527913,-10.497132872407946,42.30785745324721,-146.91589663527913,-10.497132872407946,-1.824554553870425e-17,-0.6469397750144902,0.7606123795189091,-0.0542008821587232
64.58778858184814,34.069845736747396,-107.37186231439593,-8.875339856138474,34.069845736747396,-107.37186231439593,-8.875339856138474,8.801963892114185e-17,-0.6904541146780644,0.7095012647247396,0.14100025134064592,0.44000000000000483,90.58275,-0.43974999999999653,45.73125,44.8515,-45.29125,2.77225,42.299989267827726,-146.94762784893234,-10.491545230839478,42.299989267827726,-146.94762784893234,-10.491545230839478,-9.120368388606366e-18,-0.6466448964862512,0.760812897928076,-0.05490093072588247
64.63263583183289,0,0,0,0,0,0,0,0,0,1,0.44000000000000483,90.58275,-0.43974999999999653,45.73125,44.8515,-45.29125,2.77225,0,0,0,0,0,0,0,0,0,1
64.68079566955566,0,0,0,0,0,0,0,0,0,1,0.44000000000000483,90.58275,-0.43974999999999653,45.73125,44.8515,-45.29125,2.77225,0,0,0,0,0,0,0,0,0,1
64.74343585968018,34.08340725619226,-107.39762479866715,-8.80568083235461,34.08340725619226,-107.39762479866715,-8.80568083235461,1.9554333705804836e-17,-0.6903679661358292,0.709703946787752,0.14040078079329343,0.14374999999999716,91.76625,-0.535499999999999,46.22275,45.5435,-46.079,2.77225,42.33066939700251,-146.9547272050188,-10.488659261855247,42.33066939700251,-146.9547272050188,-10.488659261855247,-4.560196501481316e-18,-0.6466217842232113,0.7608108446262376,-0.05520078683408034
64.81023573875427,0,0,0,0,0,0,0,0,0,1,0.5360000000000014,93.483,-0.6814999999999998,47.35025,46.13275,-46.81425,2.77225,0,0,0,0,0,0,0,0,0,1
64.87200951576233,33.99251101501838,-107.52528488958896,-8.638525890679858,33.99251101501838,-107.52528488958896,-8.638525890679858,9.715603608208873e-18,-0.6869354971100725,0.7142010093993999,0.13430018981005232,-0.011249999999996874,95.97675000000001,-0.9975000000000023,48.481500000000004,47.49525,-48.49275,2.77225,42.31973354878838,-146.94576517482147,-10.488957990127204,42.31973354878838,-146.94576517482147,-10.488957990127204,-4.560208884432456e-18,-0.6465985471507691,0.7608087786937869,-0.05550064040155781
64.96077585220337,0,0,0,0,0,0,0,0,0,1,-0.11400000000000432,98.85675,-1.0627500000000012,49.90275,48.954,-50.01675,2.77225,0,0,0,0,0,0,0,0,0,1
65.01279330253601,33.740215964273034,-107.65851384543727,-8.085988785416333,33.740215964273034,-107.65851384543727,-8.085988785416333,-1.919195876492558e-17,-0.6820202905537738,0.7231042947620813,0.10940064976762787,-0.3639999999999972,103.73175,-0.24924999999999642,51.8085,51.92325,-52.1725,2.77225,42.29749147114009,-146.96088054070364,-10.462942308392243,42.29749147114009,-146.96088054070364,-10.462942308392243,0.0,-0.6465595413933408,0.7608053073418974,-0.05600039065608077
65.0715765953064,0,0,0,0,0,0,0,0,0,1,-0.18900000000000006,106.44975,-0.6002500000000026,53.4305,53.01925,-53.6195,2.77225,0,0,0,0,0,0,0,0,0,1
65.17830061912537,33.15628277185613,-108.00652816779169,-6.857816135407404,33.15628277185613,-108.00652816779169,-6.857816135407404,3.2809974438330556e-17,-0.6694036788624608,0.7402056563415909,0.06320048295161923,-0.034250000000000114,110.20775,-0.04800000000000182,55.11075,55.097,-55.145,2.77225,42.32804813990816,-146.97899303888235,-10.45118529331505,42.32804813990816,-146.97899303888235,-10.45118529331505,0.0,-0.646330925385943,0.7609027671190468,-0.05730020837944723
65.24098992347717,32.63168822618209,-108.17367617397133,-6.058089865563005,32.63168822618209,-108.17367617397133,-6.058089865563005,2.3194447396678714e-18,-0.6631724086397133,0.7479046369629,0.029000179799336938,0.09649999999999892,110.3995,-0.09649999999999892,55.29625,55.10325,-55.19975,2.77225,42.33099234229607,-147.03069942482517,-10.436427877381647,42.33099234229607,-147.03069942482517,-10.436427877381647,2.7339392331662324e-17,-0.6454887907327231,0.7614171324361682,-0.059901347823649156
65.30530118942261,0,0,0,0,0,0,0,0,0,1,0.09649999999999892,110.3995,-0.09649999999999892,55.29625,55.10325,-55.19975,2.77225,0,0,0,0,0,0,0,0,0,1
65.37506341934204,32.428266554083024,-108.34797972329832,-5.848953794995452,32.428266554083024,-108.34797972329832,-5.848953794995452,-1.1552307770928583e-18,-0.660383452869056,0.7508125261093909,0.013200220224619013,0.09649999999999892,110.3995,-0.09649999999999892,55.29625,55.10325,-55.19975,2.77225,42.31181792744238,-147.08650803455788,-10.404525825806246,42.31181792744238,-147.08650803455788,-10.404525825806246,2.2756065597688525e-17,-0.6441354055900652,0.762312566084804,-0.06300103851940532
65.43324732780457,0,0,0,0,0,0,0,0,0,1,0.4415000000000049,109.08375000000001,-0.018250000000001876,54.771750000000004,54.312,-54.33025,2.77225,0,0,0,0,0,0,0,0,0,1
65.49649310112,32.43381666742101,-108.29160898911584,-5.699985554857946,32.43381666742101,-108.29160898911584,-5.699985554857946,-1.155545351096337e-18,-0.660619730090553,0.7506081324852235,0.013000140850396894,0.7532500000000013,107.5895,-0.2327500000000029,54.28775,53.30175,-53.5345,2.77225,42.31607275837746,-147.1260815035689,-10.408505394142942,42.31607275837746,-147.1260815035689,-10.408505394142942,2.7286067832345378e-17,-0.6432547187584992,0.762905151435753,-0.06480043755805058
65.55859231948853,0,0,0,0,0,0,0,0,0,1,0.6244999999999976,105.17224999999999,-0.2082499999999996,53.0025,52.16975,-52.378,2.77225,0,0,0,0,0,0,0,0,0,1
65.62440419197083,32.446191018725415,-108.31849124822658,-5.620460592896954,32.446191018725415,-108.31849124822658,-5.620460592896954,1.7333132401093522e-18,-0.660650343457253,0.7506102052855285,0.011200152277108875,0.7282500000000027,103.03875,-0.2665000000000006,52.01675,51.022,-51.2885,2.77225,42.32463427031061,-147.13728308344525,-10.388474789516707,42.32463427031061,-147.13728308344525,-10.388474789516707,-4.54765299250411e-18,-0.6431991460861619,0.7629093419555752,-0.06530079961947709
65.68441009521484,0,0,0,0,0,0,0,0,0,1,1.1045000000000016,99.908,-0.8689999999999998,50.94075,48.96725,-49.83625,2.77225,0,0,0,0,0,0,0,0,0,1
65.74692296981812,32.738239208751196,-108.32377581172182,-5.758228252713465,32.738239208751196,-108.32377581172182,-5.758228252713465,0.0,-0.6656965252720695,0.7461058192526654,0.013200102954208792,1.0087499999999991,96.51425,-0.16049999999999898,48.84175,47.6725,-47.833,2.77225,42.331068366776236,-147.12869792881608,-10.366454400722134,42.331068366776236,-147.12869792881608,-10.366454400722134,-4.549414282358258e-18,-0.6435492713160348,0.7626139842677009,-0.06530119744647371
65.8058660030365,0,0,0,0,0,0,0,0,0,1,1.1099999999999994,94.16075000000001,-0.8062499999999986,48.0385,46.12225,-46.9285,2.77225,0,0,0,0,0,0,0,0,0,1
65.86343836784363,33.21973113177816,-107.91059990911047,-5.633123490369641,33.21973113177816,-107.91059990911047,-5.633123490369641,4.761125575385062e-18,-0.6845957812533866,0.7287030969925674,0.01790007607543153,0.8474999999999966,91.75975,-1.1367499999999993,46.872,44.887750000000004,-46.0245,2.77225,42.31563076681363,-147.1021887137923,-10.345031468471475,42.31563076681363,-147.1021887137923,-10.345031468471475,4.553046725549446e-18,-0.6443602215912527,0.7620055670601388,-0.06440047049694611
65.92364239692688,0,0,0,0,0,0,0,0,0,1,-0.11999999999999744,85.7225,0.8640000000000043,42.36925,43.35325,-42.48925,2.77225,0,0,0,0,0,0,0,0,0,1
66.00091767311096,33.6800477015334,-107.9239445324399,-5.812373529803324,33.6800477015334,-107.9239445324399,-5.812373529803324,2.412345142025492e-18,-0.694439628824593,0.7191025221707169,0.025400089087937984,1.122250000000001,77.85875,-0.3445000000000036,39.66275,38.196,-38.5405,2.77225,42.32050289978221,-147.08669647234197,-10.393366267272981,42.32050289978221,-147.08669647234197,-10.393366267272981,1.8224190350952264e-17,-0.6451401981075411,0.7615036685066945,-0.06250030109214497
66.07770156860352,0,0,0,0,0,0,0,0,0,1,0.3714999999999975,74.79225,-0.29724999999999824,37.7305,37.06175,-37.359,2.77225,0,0,0,0,0,0,0,0,0,1
66.1196186542511,34.82059197592358,-107.32908844336757,-6.286720440248985,34.82059197592358,-107.32908844336757,-6.286720440248985,4.854019715592088e-18,0.7147574907471128,-0.6966983116917912,-0.06109985193679982,-0.3755000000000024,66.24475000000001,1.5832499999999996,32.143,34.10175,-32.5185,2.77225,42.31431572413001,-147.07325534278658,-10.433128748253473,42.31431572413001,-147.07325534278658,-10.433128748253473,-1.366980250314126e-17,-0.6455235903080005,0.7614112093769497,-0.05960087743481246
66.17876505851746,0,0,0,0,0,0,0,0,0,1,0.7489999999999988,56.228750000000005,1.1967500000000015,27.8905,28.338250000000002,-27.1415,2.77225,0,0,0,0,0,0,0,0,0,1
66.23523902893066,35.16935545186297,-107.21716010210227,-6.323272926789258,35.16935545186297,-107.21716010210227,-6.323272926789258,4.818108219449854e-18,0.7200848951354119,-0.6903966545467481,-0.06949966322566484,1.7965000000000018,51.053250000000006,-0.9587499999999984,26.90425,24.149,-25.10775,2.77225,42.30149938126178,-147.0224802938992,-10.449179784543006,42.30149938126178,-147.0224802938992,-10.449179784543006,4.557830084618066e-18,-0.6459650406936994,0.7612058561951297,-0.05740044159958019
66.30334734916687,0,0,0,0,0,0,0,0,0,1,0.35774999999999935,46.5295,-0.48925000000000196,23.68825,22.84125,-23.3305,2.77225,0,0,0,0,0,0,0,0,0,1
66.36835527420044,35.28494854558275,-107.21120988754764,-6.359367685841626,35.28494854558275,-107.21120988754764,-6.359367685841626,0.0,0.7217000619250086,-0.6886979666167975,-0.06959979450635852,0.39424999999999955,38.05525,1.033999999999999,18.70775,19.3475,-18.3135,2.77225,42.31399277883645,-146.9972831229802,-10.485360132727067,42.31399277883645,-146.9972831229802,-10.485360132727067,0.0,-0.6464613785988714,0.7608144076729949,-0.05700107943922281
66.44986510276794,0,0,0,0,0,0,0,0,0,1,0.9447499999999991,33.1125,-0.8462500000000013,17.45175,15.66075,-16.507,2.77225,0,0,0,0,0,0,0,0,0,1
66.49833846092224,35.349993768760385,-107.21103613310972,-6.3920646084975346,35.349993768760385,-107.21103613310972,-6.3920646084975346,9.605879320288744e-18,0.7223590545481319,-0.6879966235352069,-0.0696996579366336,0.05524999999999913,28.37925,0.5184999999999995,13.958,14.42125,-13.902750000000001,2.77225,42.33042247618911,-146.97675348920333,-10.470917169669306,42.33042247618911,-146.97675348920333,-10.470917169669306,0.0,-0.6468188467518273,0.7605105452153166,-0.0570007903711677
66.5823905467987,0,0,0,0,0,0,0,0,0,1,-0.4295,16.35575,1.6212500000000007,7.1525,9.20325,-7.582,2.77225,0,0,0,0,0,0,0,0,0,1
66.62538313865662,35.37535977340272,-107.20973494086982,-6.277369915040339,35.37535977340272,-107.20973494086982,-6.277369915040339,0.0,0.7223569691841519,-0.6879987908039998,-0.0696998774986029,-0.274,5.246,1.2014999999999998,1.88525,3.36075,-2.15925,2.77225,42.34566500540126,-146.95734363026594,-10.446608268434431,42.34566500540126,-146.95734363026594,-10.446608268434431,9.126361168267968e-18,-0.6470506555755615,0.7603133139233536,-0.05700099815024486
66.68752813339233,0,0,0,0,0,0,0,0,0,1,0.0,0.17325000000000002,0.17325000000000002,0.0,0.17325000000000002,0.0,2.77225,0,0,0,0,0,0,0,0,0,1
66.74476552009583,35.41141029130932,-107.19835577507433,-6.251468665177356,35.41141029130932,-107.19835577507433,-6.251468665177356,0.0,0.7226324403693863,-0.6876992991534417,-0.06979992886565396,0.0,0.0,0.0,0.0,0.0,0.0,2.77225,42.34460129766748,-146.9474502630132,-10.445613376350266,42.34460129766748,-146.9474502630132,-10.445613376350266,-4.563820552026215e-18,-0.647175956845372,0.7602066979634576,-0.05700050221509745
66.80349278450012,0,0,0,0,0,0,0,0,0,1,0.0,0.0,0.0,0.0,0.0,0.0,2.77225,0,0,0,0,0,0,0,0,0,1
66.86094379425049,35.413784627590275,-107.19611622539531,-6.271200541531627,35.413784627590275,-107.19611622539531,-6.271200541531627,-4.799845822832164e-18,0.7228246656277924,-0.6874972737399347,-0.06979972321025081,0.0,0.0,0.0,0.0,0.0,0.0,2.77225,42.338167201201856,-146.95603541764237,-10.467633765144832,42.338167201201856,-146.95603541764237,-10.467633765144832,-4.563820552026215e-18,-0.647175956845372,0.7602066979634576,-0.05700050221509745
66.92494463920593,0,0,0,0,0,0,0,0,0,1,0.0,0.0,0.0,0.0,0.0,0.0,2.77225,0,0,0,0,0,0,0,0,0,1
66.9997889995575,35.42603110435152,-107.19294533866085,-6.289638797529761,35.42603110435152,-107.19294533866085,-6.289638797529761,0.0,0.7229098029160091,-0.6873975859470615,-0.06989975452094789,0.0,0.0,0.0,0.0,0.0,0.0,2.77225,42.34685217354172,-146.95622385542646,-10.456474206611574,42.34685217354172,-146.95622385542646,-10.456474206611574,4.564412692012614e-18,-0.64729177570997,0.7601080765604065,-0.05700060566233809
67.0782265663147,0,0,0,0,0,0,0,0,0,1,0.0,0.0,0.0,0.0,0.0,0.0,2.77225,0,0,0,0,0,0,0,0,0,1
67.11836075782776,35.43365236895764,-107.18324040919217,-6.277484346912317,35.43365236895764,-107.18324040919217,-6.277484346912317,4.79865005903028e-18,0.7230047845278236,-0.6872976825936956,-0.06989976431441774,0.0,0.0,0.0,0.0,0.0,0.0,2.77225,42.334729157187155,-146.94838160006864,-10.446906996706396,42.334729157187155,-146.94838160006864,-10.446906996706396,4.565009239171794e-18,-0.6473995824973561,0.7600087470103474,-0.057100657176698474
67.17582035064697,0,0,0,0,0,0,0,0,0,1,0.0,0.0,0.0,0.0,0.0,0.0,2.77225,0,0,0,0,0,0,0,0,0,1
67.24155855178833,35.45339664991826,-107.18137773508128,-6.274897106200044,35.45339664991826,-107.18137773508128,-6.274897106200044,-9.597169074981118e-18,0.7230146566862353,-0.6872974626676726,-0.06979974231660632,0.0,0.0,0.0,0.0,0.0,0.0,2.77225,42.314984876226504,-146.9502442741795,-10.449494237418662,42.314984876226504,-146.9502442741795,-10.449494237418662,4.565009239171794e-18,-0.6473995824973561,0.7600087470103474,-0.057100657176698474
67.29986429214478,0,0,0,0,0,0,0,0,0,1,0.0,0.0,0.0,0.0,0.0,0.0,2.77225,0,0,0,0,0,0,0,0,0,1
67.36686420440674,35.462081622258154,-107.18156617286536,-6.2637375476667785,35.462081622258154,-107.18156617286536,-6.2637375476667785,-4.797954423492558e-18,0.7231096099966934,-0.6871975600418686,-0.06979975216956114,0.0,0.0,0.0,0.0,0.0,0.0,2.77225,42.32023180455167,-146.94277889438985,-10.417607910446947,42.32023180455167,-146.94277889438985,-10.417607910446947,-9.1312035472571e-18,-0.6475153480616863,0.7599101113008904,-0.05710075977797192
67.42406153678894,0,0,0,0,0,0,0,0,0,1,0.0,0.0,0.0,0.0,0.0,0.0,2.77225,0,0,0,0,0,0,0,0,0,1
67.48690676689148,35.45733294969625,-107.1860452722234,-6.224273794958236,35.45733294969625,-107.1860452722234,-6.224273794958236,-9.596039853567045e-18,0.7230997379953459,-0.6871977811829042,-0.06989977430833091,0.0,0.0,0.0,0.0,0.0,0.0,2.77225,42.328916776891475,-146.9429673321739,-10.406448351913689,42.328916776891475,-146.9429673321739,-10.406448351913689,-9.1312035472571e-18,-0.6475153480616863,0.7599101113008904,-0.05710075977797192
67.54847145080566,0,0,0,0,0,0,0,0,0,1,0.0,0.0,0.0,0.0,0.0,0.0,2.77225,0,0,0,0,0,0,0,0,0,1
67.6196448802948,35.46957942645753,-107.18287438548894,-6.242712050956371,35.46957942645753,-107.18287438548894,-6.242712050956371,9.594780293379466e-18,0.7231946633207603,-0.6870978817247904,-0.06989978450380273,0.0,0.0,0.0,0.0,0.0,0.0,2.77225,42.331291113172426,-146.9407277824949,-10.426180228267953,42.331291113172426,-146.9407277824949,-10.426180228267953,-1.3696792728135086e-17,-0.6475233343064674,0.7599108099577712,-0.057000810853524084
67.67582511901855,0,0,0,0,0,0,0,0,0,1,0.0,0.0,0.0,0.0,0.0,0.0,2.77225,0,0,0,0,0,0,0,0,0,1
67.73944759368896,35.461017914524376,-107.1716728056126,-6.262742655582599,35.461017914524376,-107.1716728056126,-6.262742655582599,9.594780293379466e-18,0.7231946633207603,-0.6870978817247904,-0.06989978450380273,0.0,0.0,0.0,0.0,0.0,0.0,2.77225,42.338167201201856,-146.95603541764237,-10.467633765144832,42.338167201201856,-146.95603541764237,-10.467633765144832,-1.3696792728135086e-17,-0.6475233343064674,0.7599108099577712,-0.057000810853524084
67.8187198638916,0,0,0,0,0,0,0,0,0,1,0.0,0.0,0.0,0.0,0.0,0.0,2.77225,0,0,0,0,0,0,0,0,0,1
67.85967564582825,35.458643578243425,-107.17391235529162,-6.243010779228328,35.458643578243425,-107.17391235529162,-6.243010779228328,9.594780293379466e-18,0.7231946633207603,-0.6870978817247904,-0.06989978450380273,0.0,0.0,0.0,0.0,0.0,0.0,2.77225,42.33591632532762,-146.94726182522913,-10.456772934883531,42.33591632532762,-146.94726182522913,-10.456772934883531,0.0,-0.6475247239288245,0.7599021669307853,-0.057100162826355896
67.92262196540833,0,0,0,0,0,0,0,0,0,1,0.0,0.0,0.0,0.0,0.0,0.0,2.77225,0,0,0,0,0,0,0,0,0,1
67.9862699508667,35.47314093087894,-107.1795150609704,-6.272309865487777,35.47314093087894,-107.1795150609704,-6.272309865487777,4.7974557264919186e-18,0.723184777463409,-0.6870981041203632,-0.06999980685260579,0.0,0.0,0.0,0.0,0.0,0.0,2.77225,42.344724758074165,-146.9364371209209,-10.45448442244323,42.344724758074165,-146.9364371209209,-10.45448442244323,1.8264761280338906e-17,-0.6476390740201374,0.7598121647915099,-0.057000912599521024
68.08132243156433,35.4708900550047,-107.17074146855715,-6.26144903522647,35.4708900550047,-107.17074146855715,-6.26144903522647,4.796826280063616e-18,0.7232796748077359,-0.6869982078397332,-0.06999981739269479,0.0,0.0,0.0,0.0,0.0,0.0,2.77225,42.338167201201856,-146.95603541764237,-10.467633765144832,42.338167201201856,-146.95603541764237,-10.467633765144832,1.8264761280338906e-17,-0.6476390740201374,0.7598121647915099,-0.057000912599521024
68.12089824676514,0,0,0,0,0,0,0,0,0,1,0.0,0.0,0.0,0.0,0.0,0.0,2.77225,0,0,0,0,0,0,0,0,0,1
68.17855334281921,0,0,0,0,0,0,0,0,0,1,0.0,0.0,0.0,0.0,0.0,0.0,2.77225,0,0,0,0,0,0,0,0,0,1
68.24399733543396,35.46876263953715,-107.15095473405164,-6.259459251058118,35.46876263953715,-107.15095473405164,-6.259459251058118,0.0,0.7233767633139874,-0.6868960003956603,-0.06999959241184485,0.0,0.0,0.0,0.0,0.0,0.0,2.77225,42.336980033061394,-146.95715519248188,-10.457767826967704,42.336980033061394,-146.95715519248188,-10.457767826967704,1.8264761280338906e-17,-0.6476390740201374,0.7598121647915099,-0.057000912599521024
68.31266713142395,0,0,0,0,0,0,0,0,0,1,0.0,0.0,0.0,0.0,0.0,0.0,2.77225,0,0,0,0,0,0,0,0,0,1
68.36942529678345,35.47744761187701,-107.15114317183571,-6.248299692524853,35.47744761187701,-107.15114317183571,-6.248299692524853,0.0,0.7233767633139874,-0.6868960003956603,-0.06999959241184485,0.0,0.0,0.0,0.0,0.0,0.0,2.77225,42.35041367796313,-146.9528645309079,-10.486072021142974,42.35041367796313,-146.9528645309079,-10.486072021142974,1.8264761280338906e-17,-0.6476390740201374,0.7598121647915099,-0.057000912599521024
68.4287781715393,0,0,0,0,0,0,0,0,0,1,0.0,0.0,0.0,0.0,0.0,0.0,2.77225,0,0,0,0,0,0,0,0,0,1
68.49179291725159,35.479575027344566,-107.17092990634123,-6.250289476693197,35.479575027344566,-107.17092990634123,-6.250289476693197,4.796826280063616e-18,0.7232796748077359,-0.6869982078397332,-0.06999981739269479,0.0,0.0,0.0,0.0,0.0,0.0,2.77225,42.34066499788952,-146.94278272587107,-10.496236687592067,42.34066499788952,-146.94278272587107,-10.496236687592067,1.8264761280338906e-17,-0.6476390740201374,0.7598121647915099,-0.057000912599521024
68.54822516441345,0,0,0,0,0,0,0,0,0,1,0.0,0.0,0.0,0.0,0.0,0.0,2.77225,0,0,0,0,0,0,0,0,0,1
68.61735105514526,35.49931930830522,-107.16906723223035,-6.247702235980931,35.49931930830522,-107.16906723223035,-6.247702235980931,0.0,0.7233767633139874,-0.6868960003956603,-0.06999959241184485,0.0,0.0,0.0,0.0,0.0,0.0,2.77225,42.3326017417196,-146.92859486556313,-10.444917212538044,42.3326017417196,-146.92859486556313,-10.444917212538044,-9.133566530938361e-18,-0.6477547873319657,0.7597135117374947,-0.057001013780488594
68.68445801734924,0,0,0,0,0,0,0,0,0,1,0.0,0.0,0.0,0.0,0.0,0.0,2.77225,0,0,0,0,0,0,0,0,0,1
68.74286794662476,35.51562554525117,-107.15955074054574,-6.224388226830214,35.51562554525117,-107.15955074054574,-6.224388226830214,0.0,0.7233745440151809,-0.6868983135309389,-0.06999982813679678,0.0,0.0,0.0,0.0,0.0,0.0,2.77225,42.3435375899337,-146.93755689576045,-10.444618484266087,42.3435375899337,-146.93755689576045,-10.444618484266087,-1.3698713919727923e-17,-0.6476484290359116,0.7598042354086602,-0.057000317739265116
68.79986834526062,0,0,0,0,0,0,0,0,0,1,0.0,0.0,0.0,0.0,0.0,0.0,2.77225,0,0,0,0,0,0,0,0,0,1
68.86063885688782,35.49300867224633,-107.16663924476725,-6.27859367086846,35.49300867224633,-107.16663924476725,-6.27859367086846,0.0,0.7233745440151809,-0.6868983135309389,-0.06999982813679678,0.0,0.0,0.0,0.0,0.0,0.0,2.77225,42.345911926214654,-146.93531734608143,-10.464350360620358,42.345911926214654,-146.93531734608143,-10.464350360620358,-1.3698713919727923e-17,-0.6476484290359116,0.7598042354086602,-0.057000317739265116
68.92647123336792,0,0,0,0,0,0,0,0,0,1,0.0,0.0,0.0,0.0,0.0,0.0,2.77225,0,0,0,0,0,0,0,0,0,1
69.00555348396301,35.47326439128565,-107.16850191887814,-6.2811809115807336,35.47326439128565,-107.16850191887814,-6.2811809115807336,0.0,0.7233745440151809,-0.6868983135309389,-0.06999982813679678,0.0,0.0,0.0,0.0,0.0,0.0,2.77225,42.35578406669501,-146.93438600902599,-10.463056740264221,42.35578406669501,-146.93438600902599,-10.463056740264221,-9.133566530938361e-18,-0.6477547873319657,0.7597135117374947,-0.057001013780488594
69.08133101463318,0,0,0,0,0,0,0,0,0,1,0.0,0.0,0.0,0.0,0.0,0.0,2.77225,0,0,0,0,0,0,0,0,0,1
69.12358212471008,35.48719629195065,-107.16122497687255,-6.238135026075753,35.48719629195065,-107.16122497687255,-6.238135026075753,0.0,0.7233745440151809,-0.6868983135309389,-0.06999982813679678,0.0,0.0,0.0,0.0,0.0,0.0,2.77225,42.35340973041406,-146.936625558705,-10.44332486390995,42.35340973041406,-146.936625558705,-10.44332486390995,-9.133566530938361e-18,-0.6477547873319657,0.7597135117374947,-0.057001013780488594
69.17908000946045,0,0,0,0,0,0,0,0,0,1,0.0,0.0,0.0,0.0,0.0,0.0,2.77225,0,0,0,0,0,0,0,0,0,1
69.24054503440857,35.48719629195065,-107.16122497687255,-6.238135026075753,35.48719629195065,-107.16122497687255,-6.238135026075753,0.0,0.7233646444631598,-0.6868985383977463,-0.07009985083954291,0.0,0.0,0.0,0.0,0.0,0.0,2.77225,42.34566500540126,-146.95734363026594,-10.446608268434431,42.34566500540126,-146.95734363026594,-10.446608268434431,-9.133566530938361e-18,-0.6477547873319657,0.7597135117374947,-0.057001013780488594
69.30980587005615,0,0,0,0,0,0,0,0,0,1,0.0,0.0,0.0,0.0,0.0,0.0,2.77225,0,0,0,0,0,0,0,0,0,1
69.36265254020691,35.489570628231604,-107.15898542719353,-6.257866902430024,35.489570628231604,-107.15898542719353,-6.257866902430024,0.0,0.7233745440151809,-0.6868983135309389,-0.06999982813679678,0.0,0.0,0.0,0.0,0.0,0.0,2.77225,42.34803934168218,-146.95510408058692,-10.466340144788703,42.34803934168218,-146.95510408058692,-10.466340144788703,-1.3698713919727923e-17,-0.6476484290359116,0.7598042354086602,-0.057000317739265116
69.42484092712402,0,0,0,0,0,0,0,0,0,1,0.0,0.0,0.0,0.0,0.0,0.0,2.77225,0,0,0,0,0,0,0,0,0,1
69.50142645835876,35.49706843243095,-107.1602936398171,-6.236841405719623,35.49706843243095,-107.1602936398171,-6.236841405719623,0.0,0.7233745440151809,-0.6868983135309389,-0.06999982813679678,0.0,0.0,0.0,0.0,0.0,0.0,2.77225,42.356847774428786,-146.94427937627873,-10.464051632348387,42.356847774428786,-146.94427937627873,-10.464051632348387,-4.566787446580054e-18,-0.6477468000065425,0.759712816183681,-0.057100963280358304
69.55971145629883,0,0,0,0,0,0,0,0,0,1,0.0,0.0,0.0,0.0,0.0,0.0,2.77225,0,0,0,0,0,0,0,0,0,1
69.63488864898682,35.50919144878554,-107.16813589517491,-6.2464086156248015,35.50919144878554,-107.16813589517491,-6.2464086156248015,4.7956192771119764e-18,0.7234617160941491,-0.6867963220467963,-0.07009962460029184,0.0,0.0,0.0,0.0,0.0,0.0,2.77225,42.337103493468106,-146.94614205038962,-10.46663887306066,42.337103493468106,-146.94614205038962,-10.46663887306066,-9.133566530938361e-18,-0.6477547873319657,0.7597135117374947,-0.057001013780488594
69.67644691467285,0,0,0,0,0,0,0,0,0,1,0.0,0.0,0.0,0.0,0.0,0.0,2.77225,0,0,0,0,0,0,0,0,0,1
69.74474120140076,35.50706403331799,-107.1483491606694,-6.24441883145645,35.50706403331799,-107.1483491606694,-6.24441883145645,0.0,0.7234594856965273,-0.6867986472852663,-0.07009986193170817,0.0,0.0,0.0,0.0,0.0,0.0,2.77225,42.35459689855452,-146.9355057838655,-10.453190802087093,42.35459689855452,-146.9355057838655,-10.453190802087093,-9.133653336116237e-18,-0.6477720949661533,0.7597062915087325,-0.05690047122133325
69.81480050086975,0,0,0,0,0,0,0,0,0,1,0.0,0.0,0.0,0.0,0.0,0.0,2.77225,0,0,0,0,0,0,0,0,0,1
69.8666365146637,35.4960047246972,-107.15040027256435,-6.235846513635451,35.4960047246972,-107.15040027256435,-6.235846513635451,-4.79556844210041e-18,0.7234693850879607,-0.6867984212040519,-0.06999983908602742,0.0,0.0,0.0,0.0,0.0,0.0,2.77225,42.355660606288296,-146.94539915111824,-10.454185694171258,42.355660606288296,-146.94539915111824,-10.454185694171258,4.56677909271935e-18,-0.6477627607910293,0.7597142059016665,-0.056901063993424796
69.92528963088989,0,0,0,0,0,0,0,0,0,1,0.0,0.0,0.0,0.0,0.0,0.0,2.77225,0,0,0,0,0,0,0,0,0,1
69.99559760093689,35.49575780388378,-107.17242655674889,-6.218104421449532,35.49575780388378,-107.17242655674889,-6.218104421449532,0.0,0.7234716168146973,-0.6867960944789494,-0.0699996019416518,0.0,0.0,0.0,0.0,0.0,0.0,2.77225,42.34672871313501,-146.9672369975187,-10.44760316051861,42.34672871313501,-146.9672369975187,-10.44760316051861,-9.133566530938361e-18,-0.6477547873319657,0.7597135117374947,-0.057001013780488594
70.05499649047852,0,0,0,0,0,0,0,0,0,1,0.0,0.0,0.0,0.0,0.0,0.0,2.77225,0,0,0,0,0,0,0,0,0,1
70.1164219379425,35.52299988904383,-107.17187209526159,-6.194491684026858,35.52299988904383,-107.17187209526159,-6.194491684026858,0.0,0.7234716168146973,-0.6867960944789494,-0.0699996019416518,0.0,0.0,0.0,0.0,0.0,0.0,2.77225,42.354473438147835,-146.94651892595775,-10.44431975599413,42.354473438147835,-146.94651892595775,-10.44431975599413,0.0,-0.6477641227575275,0.7597055965298458,-0.05700041990549059
70.17575430870056,0,0,0,0,0,0,0,0,0,1,0.0,0.0,0.0,0.0,0.0,0.0,2.77225,0,0,0,0,0,0,0,0,0,1
70.24262142181396,35.51550208484446,-107.170563882638,-6.215517180737258,35.51550208484446,-107.170563882638,-6.215517180737258,4.795684999934209e-18,0.7234518013591824,-0.6867965496600287,-0.07019964732983983,0.0,0.0,0.0,0.0,0.0,0.0,2.77225,42.33616324614101,-146.92523554104457,-10.474515027069444,42.33616324614101,-146.92523554104457,-10.474515027069444,-9.133653336116237e-18,-0.6477720949661533,0.7597062915087325,-0.05690047122133325
70.33131814002991,35.502315360756086,-107.15282826002743,-6.204955078747908,35.502315360756086,-107.15282826002743,-6.204955078747908,0.0,0.7234594856965273,-0.6867986472852663,-0.07009986193170817,0.0,0.0,0.0,0.0,0.0,0.0,2.77225,42.347099094355116,-146.9341975712419,-10.474216298797487,42.347099094355116,-146.9341975712419,-10.474216298797487,-9.133653336116237e-18,-0.6477720949661533,0.7597062915087325,-0.05690047122133325
70.36914324760437,0,0,0,0,0,0,0,0,0,1,0.0,0.0,0.0,0.0,0.0,0.0,2.77225,0,0,0,0,0,0,0,0,0,1
70.42823219299316,0,0,0,0,0,0,0,0,0,1,0.0,0.0,0.0,0.0,0.0,0.0,2.77225,0,0,0,0,0,0,0,0,0,1
70.4867799282074,35.506940572911276,-107.15936230276166,-6.235547785363494,35.506940572911276,-107.15936230276166,-6.235547785363494,-4.79556844210041e-18,0.7234693850879607,-0.6867984212040519,-0.06999983908602742,0.0,0.0,0.0,0.0,0.0,0.0,2.77225,42.344724758074165,-146.9364371209209,-10.45448442244323,42.344724758074165,-146.9364371209209,-10.45448442244323,0.0,-0.6477641227575275,0.7597055965298458,-0.05700041990549059
70.55449891090393,0,0,0,0,0,0,0,0,0,1,0.0,0.0,0.0,0.0,0.0,0.0,2.77225,0,0,0,0,0,0,0,0,0,1
70.62426853179932,35.512752953206956,-107.16477657065637,-6.276006430156201,35.512752953206956,-107.16477657065637,-6.276006430156201,0.0,0.7234594856965273,-0.6867986472852663,-0.07009986193170817,0.0,0.0,0.0,0.0,0.0,0.0,2.77225,42.34816280208889,-146.94409093849467,-10.475211190881666,42.34816280208889,-146.94409093849467,-10.475211190881666,0.0,-0.6477641227575275,0.7597055965298458,-0.05700041990549059
70.68334746360779,0,0,0,0,0,0,0,0,0,1,0.0,0.0,0.0,0.0,0.0,0.0,2.77225,0,0,0,0,0,0,0,0,0,1
70.74854874610901,35.51918704967258,-107.1561914160272,-6.253986041361621,35.51918704967258,-107.1561914160272,-6.253986041361621,0.0,0.7234594856965273,-0.6867986472852663,-0.07009986193170817,0.0,0.0,0.0,0.0,0.0,0.0,2.77225,42.348286262495606,-146.9330777964024,-10.48408223697463,42.348286262495606,-146.9330777964024,-10.48408223697463,0.0,-0.6477641227575275,0.7597055965298458,-0.05700041990549059
70.80256628990173,0,0,0,0,0,0,0,0,0,1,0.0,0.0,0.0,0.0,0.0,0.0,2.77225,0,0,0,0,0,0,0,0,0,1
70.85909962654114,35.494195840386794,-107.16551946992774,-6.288459609045603,35.494195840386794,-107.16551946992774,-6.288459609045603,0.0,0.7234594856965273,-0.6867986472852663,-0.07009986193170817,0.0,0.0,0.0,0.0,0.0,0.0,2.77225,42.342473882199926,-146.92766352850768,-10.443623592181908,42.342473882199926,-146.92766352850768,-10.443623592181908,4.5673764121951975e-18,-0.6478704742328841,0.7596148508123748,-0.0570011143974531
70.92486643791199,0,0,0,0,0,0,0,0,0,1,0.0,0.0,0.0,0.0,0.0,0.0,2.77225,0,0,0,0,0,0,0,0,0,1
70.98795104026794,35.495383008527284,-107.16439969508824,-6.298325547222731,35.495383008527284,-107.16439969508824,-6.298325547222731,0.0,0.7234594856965273,-0.6867986472852663,-0.07009986193170817,0.0,0.0,0.0,0.0,0.0,0.0,2.77225,42.35222256227357,-146.9377453335445,-10.433458925732822,42.35222256227357,-146.9377453335445,-10.433458925732822,0.0,-0.6477641227575275,0.7597055965298458,-0.05700041990549059
71.04596281051636,0,0,0,0,0,0,0,0,0,1,0.0,0.0,0.0,0.0,0.0,0.0,2.77225,0,0,0,0,0,0,0,0,0,1
71.1210310459137,35.495383008527284,-107.16439969508824,-6.298325547222731,35.495383008527284,-107.16439969508824,-6.298325547222731,0.0,0.7234594856965273,-0.6867986472852663,-0.07009986193170817,0.0,0.0,0.0,0.0,0.0,0.0,2.77225,42.3435375899337,-146.93755689576045,-10.444618484266087,42.3435375899337,-146.93755689576045,-10.444618484266087,4.5673764121951975e-18,-0.6478704742328841,0.7596148508123748,-0.0570011143974531
71.19186639785767,0,0,0,0,0,0,0,0,0,1,0.0,0.0,0.0,0.0,0.0,0.0,2.77225,0,0,0,0,0,0,0,0,0,1
71.2448718547821,35.491944964512555,-107.1567458775145,-6.277598778784295,35.491944964512555,-107.1567458775145,-6.277598778784295,0.0,0.7234594856965273,-0.6867986472852663,-0.07009986193170817,0.0,0.0,0.0,0.0,0.0,0.0,2.77225,42.33485261759384,-146.93736845797636,-10.45577804279936,42.33485261759384,-146.93736845797636,-10.45577804279936,-9.133653336116237e-18,-0.6477720949661533,0.7597062915087325,-0.05690047122133325
71.31925010681152,0,0,0,0,0,0,0,0,0,1,0.0,0.0,0.0,0.0,0.0,0.0,2.77225,0,0,0,0,0,0,0,0,0,1
71.36171650886536,35.50062993685239,-107.15693431529857,-6.26643922025103,35.50062993685239,-107.15693431529857,-6.26643922025103,0.0,0.7234594856965273,-0.6867986472852663,-0.07009986193170817,0.0,0.0,0.0,0.0,0.0,0.0,2.77225,42.33591632532762,-146.94726182522913,-10.456772934883531,42.33591632532762,-146.94726182522913,-10.456772934883531,0.0,-0.6477641227575275,0.7597055965298458,-0.05700041990549059
71.42663359642029,0,0,0,0,0,0,0,0,0,1,0.0,0.0,0.0,0.0,0.0,0.0,2.77225,0,0,0,0,0,0,0,0,0,1
71.490971326828,35.506940572911276,-107.15936230276166,-6.235547785363494,35.506940572911276,-107.15936230276166,-6.235547785363494,0.0,0.7234594856965273,-0.6867986472852663,-0.07009986193170817,0.0,0.0,0.0,0.0,0.0,0.0,2.77225,42.32485701670686,-146.94931293712406,-10.448200617062525,42.32485701670686,-146.94931293712406,-10.448200617062525,0.0,-0.6477641227575275,0.7597055965298458,-0.05700041990549059
71.54979276657104,0,0,0,0,0,0,0,0,0,1,0.0,0.0,0.0,0.0,0.0,0.0,2.77225,0,0,0,0,0,0,0,0,0,1
71.63111877441406,35.506940572911276,-107.15936230276166,-6.235547785363494,35.506940572911276,-107.15936230276166,-6.235547785363494,0.0,0.7234594856965273,-0.6867986472852663,-0.07009986193170817,0.0,0.0,0.0,0.0,0.0,0.0,2.77225,42.33485261759384,-146.93736845797636,-10.45577804279936,42.33485261759384,-146.93736845797636,-10.45577804279936,4.5673764121951975e-18,-0.6478704742328841,0.7596148508123748,-0.0570011143974531
71.71551203727722,35.50181710499285,-107.15581454045906,-6.276305158428158,35.50181710499285,-107.15581454045906,-6.276305158428158,0.0,0.7234594856965273,-0.6867986472852663,-0.07009986193170817,0.0,0.0,0.0,0.0,0.0,0.0,2.77225,42.32379330897308,-146.93941956987132,-10.44720572497836,42.32379330897308,-146.93941956987132,-10.44720572497836,-1.3702141755205309e-17,-0.6478624863689123,0.7596141568092315,-0.057101064183527006
71.75151634216309,0,0,0,0,0,0,0,0,0,1,0.0,0.0,0.0,0.0,0.0,0.0,2.77225,0,0,0,0,0,0,0,0,0,1
71.84344434738159,0,0,0,0,0,0,0,0,0,1,0.0,0.0,0.0,0.0,0.0,0.0,2.77225,0,0,0,0,0,0,0,0,0,1
71.90389561653137,35.503004273133314,-107.15469476561955,-6.286171096605301,35.503004273133314,-107.15469476561955,-6.286171096605301,9.589981576871068e-18,0.7235565416144613,-0.6866964193390322,-0.07009963447745182,0.0,0.0,0.0,0.0,0.0,0.0,2.77225,42.32829506072156,-146.95696675469782,-10.468927385500962,42.32829506072156,-146.95696675469782,-10.468927385500962,0.0,-0.6477641227575275,0.7597055965298458,-0.05700041990549059
71.94303894042969,0,0,0,0,0,0,0,0,0,1,0.0,0.0,0.0,0.0,0.0,0.0,2.77225,0,0,0,0,0,0,0,0,0,1
72.00838017463684,35.50288081272663,-107.16570790771182,-6.277300050512331,35.50288081272663,-107.16570790771182,-6.277300050512331,-9.590112985917099e-18,0.7235466270415022,-0.6866966481678675,-0.07019965734874659,0.0,0.0,0.0,0.0,0.0,0.0,2.77225,42.33829066160857,-146.94502227555012,-10.476504811237795,42.33829066160857,-146.94502227555012,-10.476504811237795,0.0,-0.6477641227575275,0.7597055965298458,-0.05700041990549059
72.06944918632507,0,0,0,0,0,0,0,0,0,1,0.0,0.0,0.0,0.0,0.0,0.0,2.77225,0,0,0,0,0,0,0,0,0,1
72.13131380081177,35.51025515651929,-107.17802926242767,-6.247403507708967,35.51025515651929,-107.17802926242767,-6.247403507708967,-1.438709932867496e-17,0.7234495722925853,-0.6867988734098585,-0.0701998848476588,0.0,0.0,0.0,0.0,0.0,0.0,2.77225,42.35815840297596,-146.93214645934694,-10.482788616618492,42.35815840297596,-146.93214645934694,-10.482788616618492,0.0,-0.6477641227575275,0.7597055965298458,-0.05700041990549059
72.19378304481506,0,0,0,0,0,0,0,0,0,1,0.0,0.0,0.0,0.0,0.0,0.0,2.77225,0,0,0,0,0,0,0,0,0,1
72.26128029823303,35.512629492800244,-107.17578971274865,-6.267135384063238,35.512629492800244,-107.17578971274865,-6.267135384063238,-1.438709932867496e-17,0.7234495722925853,-0.6867988734098585,-0.0701998848476588,0.0,0.0,0.0,0.0,0.0,0.0,2.77225,42.35578406669501,-146.93438600902599,-10.463056740264221,42.35578406669501,-146.93438600902599,-10.463056740264221,4.5673764121951975e-18,-0.6478704742328841,0.7596148508123748,-0.0570011143974531
72.34054899215698,0,0,0,0,0,0,0,0,0,1,0.0,0.0,0.0,0.0,0.0,0.0,2.77225,0,0,0,0,0,0,0,0,0,1
72.38068318367004,35.512752953206956,-107.16477657065637,-6.276006430156201,35.512752953206956,-107.16477657065637,-6.276006430156201,-9.590112985917099e-18,0.7235466270415022,-0.6866966481678675,-0.07019965734874659,0.0,0.0,0.0,0.0,0.0,0.0,2.77225,42.35459689855452,-146.9355057838655,-10.453190802087093,42.35459689855452,-146.9355057838655,-10.453190802087093,4.5673764121951975e-18,-0.6478704742328841,0.7596148508123748,-0.0570011143974531
72.44468855857849,0,0,0,0,0,0,0,0,0,1,0.0,0.0,0.0,0.0,0.0,0.0,2.77225,0,0,0,0,0,0,0,0,0,1
72.50723385810852,35.52131446514014,-107.17597815053273,-6.255975825529966,35.52131446514014,-107.17597815053273,-6.255975825529966,-1.438709932867496e-17,0.7234495722925853,-0.6867988734098585,-0.0701998848476588,0.0,0.0,0.0,0.0,0.0,0.0,2.77225,42.33591632532762,-146.94726182522913,-10.456772934883531,42.33591632532762,-146.94726182522913,-10.456772934883531,0.0,-0.6477641227575275,0.7597055965298458,-0.05700041990549059
72.56649804115295,0,0,0,0,0,0,0,0,0,1,0.0,0.0,0.0,0.0,0.0,0.0,2.77225,0,0,0,0,0,0,0,0,0,1
72.62952709197998,35.52368880142109,-107.1737386008537,-6.2757077018842296,35.52368880142109,-107.1737386008537,-6.2757077018842296,-1.438709932867496e-17,0.7234495722925853,-0.6867988734098585,-0.0701998848476588,0.0,0.0,0.0,0.0,0.0,0.0,2.77225,42.34685217354172,-146.95622385542646,-10.456474206611574,42.34685217354172,-146.95622385542646,-10.456474206611574,0.0,-0.6477641227575275,0.7597055965298458,-0.05700041990549059
72.71014428138733,0,0,0,0,0,0,0,0,0,1,0.0,0.0,0.0,0.0,0.0,0.0,2.77225,0,0,0,0,0,0,0,0,0,1
72.75442481040955,35.496570176667745,-107.16327992024873,-6.308191485399874,35.496570176667745,-107.16327992024873,-6.308191485399874,9.589981576871068e-18,0.7235565416144613,-0.6866964193390322,-0.07009963447745182,0.0,0.0,0.0,0.0,0.0,0.0,2.77225,42.347099094355116,-146.9341975712419,-10.474216298797487,42.347099094355116,-146.9341975712419,-10.474216298797487,-9.134839500228066e-18,-0.6478877628229515,0.7596076432140911,-0.0569005725367059
72.8182635307312,0,0,0,0,0,0,0,0,0,1,0.0,0.0,0.0,0.0,0.0,0.0,2.77225,0,0,0,0,0,0,0,0,0,1
72.88293957710266,35.494195840386794,-107.16551946992774,-6.288459609045603,35.494195840386794,-107.16551946992774,-6.288459609045603,-9.590112985917099e-18,0.7235466270415022,-0.6866966481678675,-0.07019965734874659,0.0,0.0,0.0,0.0,0.0,0.0,2.77225,42.34484821848088,-146.92542397882866,-10.463355468536179,42.34484821848088,-146.92542397882866,-10.463355468536179,-9.134839500228066e-18,-0.6478877628229515,0.7596076432140911,-0.0569005725367059
72.93706679344177,0,0,0,0,0,0,0,0,0,1,0.0,0.0,0.0,0.0,0.0,0.0,2.77225,0,0,0,0,0,0,0,0,0,1
73.00259232521057,35.489694088638316,-107.14797228510125,-6.266737948522987,35.489694088638316,-107.14797228510125,-6.266737948522987,9.589981576871068e-18,0.7235565416144613,-0.6866964193390322,-0.07009963447745182,0.0,0.0,0.0,0.0,0.0,0.0,2.77225,42.337103493468106,-146.94614205038962,-10.46663887306066,42.337103493468106,-146.94614205038962,-10.46663887306066,-4.567372247669085e-18,-0.6478784482294818,0.7596155434285464,-0.05690116432475553
73.06548953056335,0,0,0,0,0,0,0,0,0,1,0.0,0.0,0.0,0.0,0.0,0.0,2.77225,0,0,0,0,0,0,0,0,0,1
73.12848806381226,35.508127741051766,-107.15824252792216,-6.245413723540622,35.508127741051766,-107.15824252792216,-6.245413723540622,9.589981576871068e-18,0.7235565416144613,-0.6866964193390322,-0.07009963447745182,0.0,0.0,0.0,0.0,0.0,0.0,2.77225,42.338167201201856,-146.95603541764237,-10.467633765144832,42.338167201201856,-146.95603541764237,-10.467633765144832,-9.133653336116237e-18,-0.6477720949661533,0.7597062915087325,-0.05690047122133325
73.21939301490784,35.530122897886685,-107.16515344622452,-6.253687313089657,35.530122897886685,-107.16515344622452,-6.253687313089657,-9.590112985917099e-18,0.7235466270415022,-0.6866966481678675,-0.07019965734874659,0.0,0.0,0.0,0.0,0.0,0.0,2.77225,42.36897079078335,-146.95212163163654,-10.473618842253565,42.36897079078335,-146.95212163163654,-10.473618842253565,-9.133653336116237e-18,-0.6477720949661533,0.7597062915087325,-0.05690047122133325
73.25803136825562,0,0,0,0,0,0,0,0,0,1,0.0,0.0,0.0,0.0,0.0,0.0,2.77225,0,0,0,0,0,0,0,0,0,1
73.35092735290527,0,0,0,0,0,0,0,0,0,1,0.0,0.0,0.0,0.0,0.0,0.0,2.77225,0,0,0,0,0,0,0,0,0,1
73.45477271080017,35.51512728948791,-107.16253702097735,-6.295738306510472,35.51512728948791,-107.16253702097735,-6.295738306510472,-9.590112985917099e-18,0.7235466270415022,-0.6866966481678675,-0.07019965734874659,0.0,0.0,0.0,0.0,0.0,0.0,2.77225,42.36671991490911,-146.94334803922328,-10.462758011992257,42.36671991490911,-146.94334803922328,-10.462758011992257,-4.567372247669085e-18,-0.6478784482294818,0.7596155434285464,-0.05690116432475553
73.52173209190369,35.49550646893397,-107.15338655299595,-6.307196593315695,35.49550646893397,-107.15338655299595,-6.307196593315695,-9.590112985917099e-18,0.7235466270415022,-0.6866966481678675,-0.07019965734874659,0.0,0.0,0.0,0.0,0.0,0.0,2.77225,42.34697563394843,-146.94521071333418,-10.465345252704523,42.34697563394843,-146.94521071333418,-10.465345252704523,-4.567372247669085e-18,-0.6478784482294818,0.7596155434285464,-0.05690116432475553
73.57491135597229,0,0,0,0,0,0,0,0,0,1,0.0,0.0,0.0,0.0,0.0,0.0,2.77225,0,0,0,0,0,0,0,0,0,1
73.63545393943787,35.520497678219755,-107.14405849909542,-6.272723025631706,35.520497678219755,-107.14405849909542,-6.272723025631706,-4.7950713476799364e-18,0.7235443855558653,-0.6866989855034439,-0.07019989628999818,0.0,0.0,0.0,0.0,0.0,0.0,2.77225,42.33722695387479,-146.93512890829734,-10.475509919153623,42.33722695387479,-146.93512890829734,-10.475509919153623,9.1348478392598e-18,-0.647879790076795,0.7596069497824817,-0.057000521508164106
73.69581079483032,0,0,0,0,0,0,0,0,0,1,0.0,0.0,0.0,0.0,0.0,0.0,2.77225,0,0,0,0,0,0,0,0,0,1
73.74903988838196,35.52680831427867,-107.14648648655852,-6.241831590744177,35.52680831427867,-107.14648648655852,-6.241831590744177,-9.590011303134711e-18,0.7235542987982814,-0.6866987581637358,-0.07009987323034497,0.0,0.0,0.0,0.0,0.0,0.0,2.77225,42.33378890986009,-146.9274750907236,-10.45478315071518,42.33378890986009,-146.9274750907236,-10.45478315071518,9.1348478392598e-18,-0.647879790076795,0.7596069497824817,-0.057000521508164106
73.85082292556763,35.51799988153212,-107.15731119086671,-6.2441201031844855,35.51799988153212,-107.15731119086671,-6.2441201031844855,-4.7950713476799364e-18,0.7235443855558653,-0.6866989855034439,-0.07019989628999818,0.0,0.0,0.0,0.0,0.0,0.0,2.77225,42.35340973041406,-146.936625558705,-10.44332486390995,42.35340973041406,-146.936625558705,-10.44332486390995,9.1348478392598e-18,-0.647879790076795,0.7596069497824817,-0.057000521508164106
73.8908143043518,0,0,0,0,0,0,0,0,0,1,0.0,0.0,0.0,0.0,0.0,0.0,2.77225,0,0,0,0,0,0,0,0,0,1
73.93506789207458,0,0,0,0,0,0,0,0,0,1,0.0,0.0,0.0,0.0,0.0,0.0,2.77225,0,0,0,0,0,0,0,0,0,1
74.0086772441864,35.51787642112541,-107.16832433295897,-6.235249057091522,35.51787642112541,-107.16832433295897,-6.235249057091522,-9.590112985917099e-18,0.7235466270415022,-0.6866966481678675,-0.07019965734874659,0.0,0.0,0.0,0.0,0.0,0.0,2.77225,42.35697123483547,-146.93326623418648,-10.47292267844135,42.35697123483547,-146.93326623418648,-10.47292267844135,9.1348478392598e-18,-0.647879790076795,0.7596069497824817,-0.057000521508164106
74.06838655471802,0,0,0,0,0,0,0,0,0,1,0.0,0.0,0.0,0.0,0.0,0.0,2.77225,0,0,0,0,0,0,0,0,0,1
74.12580442428589,35.511565785066466,-107.1658963454959,-6.266140491979073,35.511565785066466,-107.1658963454959,-6.266140491979073,-9.590112985917099e-18,0.7235466270415022,-0.6866966481678675,-0.07019965734874659,0.0,0.0,0.0,0.0,0.0,0.0,2.77225,42.34697563394843,-146.94521071333418,-10.465345252704523,42.34697563394843,-146.94521071333418,-10.465345252704523,-4.567372247669085e-18,-0.6478784482294818,0.7596155434285464,-0.05690116432475553
74.21326518058777,0,0,0,0,0,0,0,0,0,1,0.0,0.0,0.0,0.0,0.0,0.0,2.77225,0,0,0,0,0,0,0,0,0,1
74.25653767585754,35.51287641361364,-107.1537634285641,-6.284877476249164,35.51287641361364,-107.1537634285641,-6.284877476249164,-9.590112985917099e-18,0.7235466270415022,-0.6866966481678675,-0.07019965734874659,0.0,0.0,0.0,0.0,0.0,0.0,2.77225,42.338167201201856,-146.95603541764237,-10.467633765144832,42.338167201201856,-146.95603541764237,-10.467633765144832,-9.134736182969454e-18,-0.6478864083579964,0.7596162346586327,-0.05680121396604837
74.35601282119751,35.52143792554682,-107.16496500844045,-6.264846871622929,35.52143792554682,-107.16496500844045,-6.264846871622929,-9.590112985917099e-18,0.7235466270415022,-0.6866966481678675,-0.07019965734874659,0.0,0.0,0.0,0.0,0.0,0.0,2.77225,42.35041367796313,-146.9528645309079,-10.486072021142974,42.35041367796313,-146.9528645309079,-10.486072021142974,-9.133653336116237e-18,-0.6477720949661533,0.7597062915087325,-0.05690047122133325
74.44131970405579,0,0,0,0,0,0,0,0,0,1,0.0,0.0,0.0,0.0,0.0,0.0,2.77225,0,0,0,0,0,0,0,0,0,1
74.51201391220093,35.50406798086709,-107.16458813287231,-6.287165988689473,35.50406798086709,-107.16458813287231,-6.287165988689473,-9.590112985917099e-18,0.7235466270415022,-0.6866966481678675,-0.07019965734874659,0.0,0.0,0.0,0.0,0.0,0.0,2.77225,42.35922211070971,-146.9420398265997,-10.483783508702672,42.35922211070971,-146.9420398265997,-10.483783508702672,-4.567372247669085e-18,-0.6478784482294818,0.7596155434285464,-0.05690116432475553
74.56391763687134,0,0,0,0,0,0,0,0,0,1,0.0,0.0,0.0,0.0,0.0,0.0,2.77225,0,0,0,0,0,0,0,0,0,1
74.62886929512024,35.504191441273804,-107.15357499078004,-6.2960370347824295,35.504191441273804,-107.15357499078004,-6.2960370347824295,9.589981576871068e-18,0.7235565416144613,-0.6866964193390322,-0.07009963447745182,0.0,0.0,0.0,0.0,0.0,0.0,2.77225,42.347099094355116,-146.9341975712419,-10.474216298797487,42.347099094355116,-146.9341975712419,-10.474216298797487,-9.134839500228066e-18,-0.6478877628229515,0.7596076432140911,-0.0569005725367059
74.69314122200012,0,0,0,0,0,0,0,0,0,1,0.0,0.0,0.0,0.0,0.0,0.0,2.77225,0,0,0,0,0,0,0,0,0,1
74.75475931167603,35.52143792554682,-107.16496500844045,-6.264846871622929,35.52143792554682,-107.16496500844045,-6.264846871622929,-4.7950713476799364e-18,0.7235443855558653,-0.6866989855034439,-0.07019989628999818,0.0,0.0,0.0,0.0,0.0,0.0,2.77225,42.35160084610362,-146.9517447560684,-10.495937959320102,42.35160084610362,-146.9517447560684,-10.495937959320102,-4.567372247669085e-18,-0.6478784482294818,0.7596155434285464,-0.05690116432475553
74.8166971206665,0,0,0,0,0,0,0,0,0,1,0.0,0.0,0.0,0.0,0.0,0.0,2.77225,0,0,0,0,0,0,0,0,0,1
74.88796710968018,35.52368880142109,-107.1737386008537,-6.2757077018842296,35.52368880142109,-107.1737386008537,-6.2757077018842296,-4.795122292156309e-18,0.7235366984547633,-0.6866968770426362,-0.07029968029138968,0.0,0.0,0.0,0.0,0.0,0.0,2.77225,42.34054153748281,-146.95379586796335,-10.48736564149911,42.34054153748281,-146.95379586796335,-10.48736564149911,-4.567372247669085e-18,-0.6478784482294818,0.7596155434285464,-0.05690116432475553
74.94075846672058,0,0,0,0,0,0,0,0,0,1,0.0,0.0,0.0,0.0,0.0,0.0,2.77225,0,0,0,0,0,0,0,0,0,1
75.00643515586853,35.51381666094073,-107.17466993790914,-6.277001322240366,35.51381666094073,-107.17466993790914,-6.277001322240366,-4.795122292156309e-18,0.7235366984547633,-0.6866968770426362,-0.07029968029138968,0.0,0.0,0.0,0.0,0.0,0.0,2.77225,42.32498047711354,-146.9382997950318,-10.457071663155489,42.32498047711354,-146.9382997950318,-10.457071663155489,-1.8269662355793032e-17,-0.6478957217031921,0.7596083352582605,-0.05680062327892207
75.06908178329468,0,0,0,0,0,0,0,0,0,1,0.0,0.0,0.0,0.0,0.0,0.0,2.77225,0,0,0,0,0,0,0,0,0,1
75.12763857841492,35.50788082023837,-107.18026881210669,-6.227671631354696,35.50788082023837,-107.18026881210669,-6.227671631354696,-9.590112985917099e-18,0.7235466270415022,-0.6866966481678675,-0.07019965734874659,0.0,0.0,0.0,0.0,0.0,0.0,2.77225,42.337103493468106,-146.94614205038962,-10.46663887306066,42.337103493468106,-146.94614205038962,-10.46663887306066,-1.8269662355793032e-17,-0.6478957217031921,0.7596083352582605,-0.05680062327892207
75.19343709945679,0,0,0,0,0,0,0,0,0,1,0.0,0.0,0.0,0.0,0.0,0.0,2.77225,0,0,0,0,0,0,0,0,0,1
75.25891542434692,35.51325120897022,-107.16179029022476,-6.204656350475943,35.51325120897022,-107.16179029022476,-6.204656350475943,-9.590011303134711e-18,0.7235542987982814,-0.6866987581637358,-0.07009987323034497,0.0,0.0,0.0,0.0,0.0,0.0,2.77225,42.356724314022074,-146.955292518371,-10.455180586255437,42.356724314022074,-146.955292518371,-10.455180586255437,-9.134839500228066e-18,-0.6478877628229515,0.7596076432140911,-0.0569005725367059
75.35037684440613,0,0,0,0,0,0,0,0,0,1,0.0,0.0,0.0,0.0,0.0,0.0,2.77225,0,0,0,0,0,0,0,0,0,1
75.4441876411438,35.51799988153212,-107.15731119086671,-6.2441201031844855,35.51799988153212,-107.15731119086671,-6.2441201031844855,-9.590011303134711e-18,0.7235542987982814,-0.6866987581637358,-0.07009987323034497,0.0,0.0,0.0,0.0,0.0,0.0,2.77225,42.344724758074165,-146.9364371209209,-10.45448442244323,42.344724758074165,-146.9364371209209,-10.45448442244323,9.1348478392598e-18,-0.647879790076795,0.7596069497824817,-0.057000521508164106
75.51895380020142,35.52156138595353,-107.15395186634818,-6.273717917715885,35.52156138595353,-107.15395186634818,-6.273717917715885,-9.590112985917099e-18,0.7235466270415022,-0.6866966481678675,-0.07019965734874659,0.0,0.0,0.0,0.0,0.0,0.0,2.77225,42.343661050340415,-146.92654375366817,-10.45348953035905,42.343661050340415,-146.92654375366817,-10.45348953035905,9.1348478392598e-18,-0.647879790076795,0.7596069497824817,-0.057000521508164106
75.56554341316223,0,0,0,0,0,0,0,0,0,1,0.0,0.0,0.0,0.0,0.0,0.0,2.77225,0,0,0,0,0,0,0,0,0,1
75.6322922706604,35.52680831427867,-107.14648648655852,-6.241831590744177,35.52680831427867,-107.14648648655852,-6.241831590744177,-4.7950713476799364e-18,0.7235443855558653,-0.6866989855034439,-0.07019989628999818,0.0,0.0,0.0,0.0,0.0,0.0,2.77225,42.33366544945338,-146.93848823281587,-10.445912104622224,42.33366544945338,-146.93848823281587,-10.445912104622224,-9.134839500228066e-18,-0.6478877628229515,0.7596076432140911,-0.0569005725367059
75.69409775733948,0,0,0,0,0,0,0,0,0,1,0.0,0.0,0.0,0.0,0.0,0.0,2.77225,0,0,0,0,0,0,0,0,0,1
75.75521731376648,35.526684853871956,-107.15749962865078,-6.23296054465122,35.526684853871956,-107.15749962865078,-6.23296054465122,-4.7950713476799364e-18,0.7235443855558653,-0.6866989855034439,-0.07019989628999818,0.0,0.0,0.0,0.0,0.0,0.0,2.77225,42.33591632532762,-146.94726182522913,-10.456772934883531,42.33591632532762,-146.94726182522913,-10.456772934883531,-9.134839500228066e-18,-0.6478877628229515,0.7596076432140911,-0.0569005725367059
75.82256603240967,0,0,0,0,0,0,0,0,0,1,0.0,0.0,0.0,0.0,0.0,0.0,2.77225,0,0,0,0,0,0,0,0,0,1
75.87888622283936,35.51799988153212,-107.15731119086671,-6.2441201031844855,35.51799988153212,-107.15731119086671,-6.2441201031844855,-4.795137138454712e-18,0.723534458301579,-0.686699212887077,-0.07029991942036044,0.0,0.0,0.0,0.0,0.0,0.0,2.77225,42.34697563394843,-146.94521071333418,-10.465345252704523,42.34697563394843,-146.94521071333418,-10.465345252704523,-9.134839500228066e-18,-0.6478877628229515,0.7596076432140911,-0.0569005725367059
75.9432864189148,0,0,0,0,0,0,0,0,0,1,0.0,0.0,0.0,0.0,0.0,0.0,2.77225,0,0,0,0,0,0,0,0,0,1
76.0090012550354,35.53143352643386,-107.15302052929275,-6.272424297359748,35.53143352643386,-107.15302052929275,-6.272424297359748,-4.7950713476799364e-18,0.7235443855558653,-0.6866989855034439,-0.07019989628999818,0.0,0.0,0.0,0.0,0.0,0.0,2.77225,42.347099094355116,-146.9341975712419,-10.474216298797487,42.347099094355116,-146.9341975712419,-10.474216298797487,-9.134839500228066e-18,-0.6478877628229515,0.7596076432140911,-0.0569005725367059
76.06330871582031,0,0,0,0,0,0,0,0,0,1,0.0,0.0,0.0,0.0,0.0,0.0,2.77225,0,0,0,0,0,0,0,0,0,1
76.13170003890991,35.525122890374945,-107.15059254182964,-6.303315732247292,35.525122890374945,-107.15059254182964,-6.303315732247292,-4.7950713476799364e-18,0.7235443855558653,-0.6866989855034439,-0.07019989628999818,0.0,0.0,0.0,0.0,0.0,0.0,2.77225,42.349349970229355,-146.94297116365516,-10.485077129058809,42.349349970229355,-146.94297116365516,-10.485077129058809,-9.134839500228066e-18,-0.6478877628229515,0.7596076432140911,-0.0569005725367059
76.20937609672546,0,0,0,0,0,0,0,0,0,1,0.0,0.0,0.0,0.0,0.0,0.0,2.77225,0,0,0,0,0,0,0,0,0,1
76.25898766517639,35.51512728948791,-107.16253702097735,-6.295738306510472,35.51512728948791,-107.16253702097735,-6.295738306510472,-4.7950713476799364e-18,0.7235443855558653,-0.6866989855034439,-0.07019989628999818,0.0,0.0,0.0,0.0,0.0,0.0,2.77225,42.349349970229355,-146.94297116365516,-10.485077129058809,42.349349970229355,-146.94297116365516,-10.485077129058809,-9.134839500228066e-18,-0.6478877628229515,0.7596076432140911,-0.0569005725367059
76.34800934791565,35.51681271339163,-107.15843096570623,-6.23425416500735,35.51681271339163,-107.15843096570623,-6.23425416500735,-4.7950713476799364e-18,0.7235443855558653,-0.6866989855034439,-0.07019989628999818,0.0,0.0,0.0,0.0,0.0,0.0,2.77225,42.343661050340415,-146.92654375366817,-10.45348953035905,42.343661050340415,-146.92654375366817,-10.45348953035905,-9.134839500228066e-18,-0.6478877628229515,0.7596076432140911,-0.0569005725367059
76.38704633712769,0,0,0,0,0,0,0,0,0,1,0.0,0.0,0.0,0.0,0.0,0.0,2.77225,0,0,0,0,0,0,0,0,0,1
