Time(s),S1_Proj_X,S1_Proj_Y,S1_Proj_Z,S1_Raw_X,S1_Raw_Y,S1_Raw_Z,S1_QX,S1_QY,S1_QZ,S1_QW,Axis_0,Axis_1,Axis_2,Axis_3,Axis_4,Axis_5,Axis_6,S2_Proj_X,S2_Proj_Y,S2_Proj_Z,S2_Raw_X,S2_Raw_Y,S2_Raw_Z,S2_QX,S2_QY,S2_QZ,S2_QW
0.06525540351867676,8.56144415360969,-80.36100487648234,39.64480715184976,11.495857440403455,-78.68692737383364,51.00660423194432,-0.6921966463506238,0.0468997727735398,4.8174488185531204e-18,0.7201834586372694,0.60075,-0.60075,0.0,0.0,-0.60075,0.60075,-0.314,9.1551647,-94.828995,43.316994,7.250100519172065,-119.06108064125041,46.75728709798547,0.7048003431956573,0.09160004460374885,9.845190869864467e-18,-0.7034670625266508
0.12052202224731445,0,0,0,0,0,0,0,0,0,1,0.60075,-0.60075,0.0,0.0,-0.60075,0.60075,-0.314,0,0,0,0,0,0,0,0,0,1
0.23989248275756836,8.560810678358989,-80.38190916165543,39.64805085277576,11.494405694821523,-78.69274364221951,51.10692403784938,-0.6921985074184864,0.046899898870163256,-4.8174608388143074e-18,0.7201816616754332,0.60075,-0.60075,0.0,0.0,-0.60075,0.60075,-0.314,9.1551647,-94.828995,43.316994,7.255188105046017,-119.05450607740829,46.808579315526366,0.7048004080046011,0.09150005296881523,0.0,-0.7034800105072297
0.28714776039123535,0,0,0,0,0,0,0,0,0,1,0.60075,-0.60075,0.0,0.0,-0.60075,0.60075,-0.314,0,0,0,0,0,0,0,0,0,1
0.35579848289489746,8.560980770883262,-80.3762962152471,39.647179896447355,11.493000418483746,-78.68377680761587,51.127359817149554,-0.6921985074184864,0.046899898870163256,-4.8174608388143074e-18,0.7201816616754332,0.60075,-0.60075,0.0,0.0,-0.60075,0.60075,-0.314,9.1551647,-94.828995,43.316994,7.262869525729855,-119.01809615464866,46.861638841541165,0.7047004600576319,0.09140005966974252,-1.969317262355626e-17,-0.7035931286524404
0.41440796852111816,0,0,0,0,0,0,0,0,0,1,0.60075,-0.60075,0.0,0.0,-0.60075,0.60075,-0.314,0,0,0,0,0,0,0,0,0,1
0.48102855682373047,8.5614089531984,-80.36216646793362,39.64498739505037,11.517065250245281,-78.6742139468399,51.10035175231573,-0.6921985074184864,0.046899898870163256,-4.8174608388143074e-18,0.7201816616754332,0.60075,-0.60075,0.0,0.0,-0.60075,0.60075,-0.314,9.1551647,-94.828995,43.316994,7.274766775427025,-119.00858673569996,46.853391029655455,0.7046008665188285,0.09150011252692704,2.954393430506152e-17,-0.7036798620882055
0.6082878112792969,8.561271695597611,-80.36669588250174,39.645690220624516,11.477744806119148,-78.67997055112832,51.08549361714366,-0.6921985074184864,0.046899898870163256,-4.8174608388143074e-18,0.7201816616754332,0.60075,-0.60075,0.0,0.0,-0.60075,0.60075,-0.314,9.1551647,-94.828995,43.316994,7.259187216193624,-119.03363755309442,46.78991084470011,0.7047003346404098,0.09160004349802965,1.9693176128397798e-17,-0.7035672465293232
0.6939702033996582,8.561394869854297,-80.36263120943855,39.64505950861165,11.496134918028076,-78.67285340294117,51.108102243498664,-0.6921985074184864,0.046899898870163256,-4.8174608388143074e-18,0.7201816616754332,0.60075,-0.60075,0.0,0.0,-0.60075,0.60075,-0.314,9.1551647,-94.828995,43.316994,7.260322160164151,-119.03314841057666,46.77998750646235,0.7047008910690222,0.09150011569861714,0.0,-0.7035796919707573
0.780461311340332,0,0,0,0,0,0,0,0,0,1,0.60075,-0.60075,0.0,0.0,-0.60075,0.60075,-0.314,0,0,0,0,0,0,0,0,0,1
0.8487966060638428,8.561629500511371,-80.354888545206,39.643858085700856,11.531502720250728,-78.67318221997711,51.06174482289208,-0.6921985074184864,0.046899898870163256,-4.8174608388143074e-18,0.7201816616754332,0.60075,-0.60075,0.0,0.0,-0.60075,0.60075,-0.314,9.1551647,-94.828995,43.316994,7.289150630930919,-119.04586805984059,46.78265767421995,0.7048004080046011,0.09150005296881523,0.0,-0.7034800105072297
0.910118818283081,0,0,0,0,0,0,0,0,0,1,0.60075,-0.60075,0.0,0.0,-0.60075,0.60075,-0.314,0,0,0,0,0,0,0,0,0,1
1.0556092262268066,8.561089885217042,-80.37269551080396,39.64662117806785,11.477737660861777,-78.70350049914222,50.97348316452691,-0.6922986894298351,0.047099910836552406,4.818192468446608e-18,0.7200723040173962,0.60075,-0.60075,0.0,0.0,-0.60075,0.60075,-0.314,9.1551647,-94.828995,43.316994,7.286016131386589,-119.05679146451527,46.801915247870845,0.7048004080046011,0.09150005296881523,0.0,-0.7034800105072297
1.1521525382995605,0,0,0,0,0,0,0,0,0,1,0.60075,-0.60075,0.0,0.0,-0.60075,0.60075,-0.314,0,0,0,0,0,0,0,0,0,1
1.2184901237487793,8.56095496968286,-80.37714763864587,39.64731201112356,11.470657664671364,-78.69697937712736,51.04353563501591,-0.692196769349635,0.04699978064061377,-9.634986442414194e-18,0.7201768207333963,0.60075,-0.60075,0.0,0.0,-0.60075,0.60075,-0.314,9.1551647,-94.828995,43.316994,7.265085799169384,-119.05543092061654,46.809665739053784,0.7048004080046011,0.09150005296881523,0.0,-0.7034800105072297
1.3054046630859375,8.560518582611335,-80.39154813776388,39.64954652485781,11.493541083218247,-78.70268876185868,51.106334935024734,-0.6921965234885228,0.04679976495126099,4.8174045109206025e-18,0.7201900824580338,0.60075,-0.60075,0.0,0.0,-0.60075,0.60075,-0.314,9.1551647,-94.828995,43.316994,7.2843405226815605,-119.03836865279021,46.83286346823341,0.7047008910690222,0.09150011569861714,0.0,-0.7035796919707573
1.347038745880127,0,0,0,0,0,0,0,0,0,1,0.60075,-0.60075,0.0,0.0,-0.60075,0.60075,-0.314,0,0,0,0,0,0,0,0,0,1
1.4788074493408203,8.56084939187019,-80.38063164011484,39.64785262079749,11.521558556883235,-78.68704047975837,51.14054242596956,-0.6921983855416467,0.04679989084563574,0.0,0.7201882845967259,0.60075,-0.60075,0.0,0.0,-0.60075,0.60075,-0.314,9.1551647,-94.828995,43.316994,7.284934801917586,-119.01896755602964,46.843965012120464,0.7047003976175898,0.09150005162765641,-9.846587184235794e-18,-0.7035801945405705
1.5539624691009521,0,0,0,0,0,0,0,0,0,1,0.60075,-0.60075,0.0,0.0,-0.60075,0.60075,-0.314,0,0,0,0,0,0,0,0,0,1
1.6025207042694092,8.560679299345917,-80.38624458652319,39.6487235771259,11.522963833221013,-78.69600731436202,51.120106646669385,-0.6921986294301852,0.046999906939061975,1.445251570698033e-17,0.7201750246729559,0.60075,-0.60075,0.0,0.0,-0.60075,0.60075,-0.314,9.1551647,-94.828995,43.316994,7.284610855048811,-119.04782462991163,46.82235102717101,0.7047009517219097,0.09140012343888546,1.9693158883785547e-17,-0.703592627930105
1.6920251846313477,8.561530956421782,-80.35814043823353,39.64436267929673,11.519335138186335,-78.67323566180438,51.0805050758402,-0.6921985074184864,0.046899898870163256,-4.8174608388143074e-18,0.7201816616754332,0.60075,-0.60075,0.0,0.0,-0.60075,0.60075,-0.314,9.1551647,-94.828995,43.316994,7.277523713601028,-119.06483345591067,46.78039304504325,0.7048004722744411,0.09140006124557871,-9.845189066793506e-18,-0.7034929445886641
1.777275562286377,0,0,0,0,0,0,0,0,0,1,0.60075,-0.60075,0.0,0.0,-0.60075,0.60075,-0.314,0,0,0,0,0,0,0,0,0,1
1.939049243927002,8.56163887630106,-80.35457915003833,39.64381007710436,11.500674693910184,-78.67089683287011,51.0684088905476,-0.6921985074184864,0.046899898870163256,-4.8174608388143074e-18,0.7201816616754332,0.60075,-0.60075,0.0,0.0,-0.60075,0.60075,-0.314,9.1551647,-94.828995,43.316994,7.267355687110438,-119.05445263558101,46.789819062578246,0.7048003431956573,0.09160004460374885,9.845190869864467e-18,-0.7034670625266508
2.032320499420166,8.561415986921483,-80.36193435949218,39.644951378972316,11.453996775969046,-78.68420628603617,51.022105214310194,-0.692196769349635,0.04699978064061377,-9.634986442414194e-18,0.7201768207333963,0.60075,-0.60075,0.0,0.0,-0.60075,0.60075,-0.314,9.1551647,-94.828995,43.316994,7.266220743139911,-119.05494177809878,46.799742400816015,0.7048003431956573,0.09160004460374885,9.845190869864467e-18,-0.7034670625266508
2.1018776893615723,8.560845878770278,-80.38074757020416,39.64787060957514,11.473197884979669,-78.70545706921325,51.01317651747797,-0.6922986894298351,0.047099910836552406,4.818192468446608e-18,0.7200723040173962,0.60075,-0.60075,0.0,0.0,-0.60075,0.60075,-0.314,9.1551647,-94.828995,43.316994,7.288826684062144,-119.07472513372258,46.76104368927049,0.7048009154376986,0.09150011884584199,4.922591438177975e-17,-0.7034794935528531
2.1575980186462402,0,0,0,0,0,0,0,0,0,1,0.60075,-0.60075,0.0,0.0,-0.60075,0.60075,-0.314,0,0,0,0,0,0,0,0,0,1
2.219237804412842,8.561442982576386,-80.36104351984544,39.64481314810897,11.47973721643558,-78.69306623698526,50.96414892911379,-0.6922986894298351,0.047099910836552406,4.818192468446608e-18,0.7200723040173962,0.60075,-0.60075,0.0,0.0,-0.60075,0.60075,-0.314,9.1551647,-94.828995,43.316994,7.292825795209751,-119.05385660940871,46.74237521844425,0.7048004080046011,0.09150005296881523,0.0,-0.7034800105072297
2.346376419067383,8.562013090727591,-80.34223030913347,39.64189391750615,11.460536107424957,-78.6718154538082,50.97307762594601,-0.6921986294301852,0.046999906939061975,1.445251570698033e-17,0.7201750246729559,0.60075,-0.60075,0.0,0.0,-0.60075,0.60075,-0.314,9.1551647,-94.828995,43.316994,7.241391383520778,-119.02135360452098,46.77840376223216,0.7047003976175898,0.09150005162765641,-9.846587184235794e-18,-0.7035801945405705
2.4262466430664062,0,0,0,0,0,0,0,0,0,1,0.60075,-0.60075,0.0,0.0,-0.60075,0.60075,-0.314,0,0,0,0,0,0,0,0,0,1
2.4785265922546387,8.560809507325686,-80.38194780501853,39.64805684903498,11.478285470853649,-78.69888250537113,51.06446873501885,-0.6922983259292552,0.04679988683156025,-1.4454177721947975e-17,0.7200922152808652,0.60075,-0.60075,0.0,0.0,-0.60075,0.60075,-0.314,9.1551647,-94.828995,43.316994,7.2546474403115155,-119.03559412316547,46.82960419765117,0.7048004080046011,0.09150005296881523,0.0,-0.7034800105072297
2.530041456222534,0,0,0,0,0,0,0,0,0,1,0.375,-0.712,-0.747,0.20500000000000002,-0.917,0.17,-0.314,0,0,0,0,0,0,0,0,0,1
2.599792242050171,8.560824761703094,-80.38144442015053,39.64797873921448,11.515336027038728,-78.69410418611825,51.09917354666644,-0.6922982050290523,0.046699878917892144,4.81801502145206e-18,0.7200988242058215,1.1555,-0.04574999999999996,-1.10975,1.10975,-1.1555,0.04575,-0.314,9.1551647,-94.828995,43.316994,7.2843405226815605,-119.03836865279021,46.83286346823341,0.7048004080046011,0.09150005296881523,0.0,-0.7034800105072297
2.723754405975342,8.561301033319122,-80.36572775612882,39.64553999724274,11.535725694521432,-78.67655277577417,51.11244793760832,-0.6921983855416467,0.04679989084563574,0.0,0.7201882845967259,1.1555,-0.04574999999999996,-1.10975,1.10975,-1.1555,0.04575,-0.314,9.1551647,-94.828995,43.316994,7.2792529368075805,-119.04494321663233,46.78157125069254,0.7048004080046011,0.09150005296881523,0.0,-0.7034800105072297
2.8088290691375732,8.561223606296721,-80.36828279921,39.64593646119928,11.48141997039798,-78.68795910069645,51.045211161367966,-0.6921966463506238,0.0468997727735398,4.8174488185531204e-18,0.7201834586372694,1.1555,-0.04574999999999996,-1.10975,1.10975,-1.1555,0.04575,-0.314,9.1551647,-94.828995,43.316994,7.27325427008617,-119.07624600310314,46.80957395693191,0.7048009154376986,0.09150011884584199,4.922591438177975e-17,-0.7034794935528531
2.8508541584014893,0,0,0,0,0,0,0,0,0,1,1.1555,-0.04574999999999996,-1.10975,1.10975,-1.1555,0.04575,-0.314,0,0,0,0,0,0,0,0,0,1
2.907633066177368,0,0,0,0,0,0,0,0,0,1,1.1555,-0.04574999999999996,-1.10975,1.10975,-1.1555,0.04575,-0.314,0,0,0,0,0,0,0,0,0,1
2.9705147743225098,8.560832966459479,-80.38117366834595,39.647936726877205,11.46838777673031,-78.69795766216288,51.06338231149144,-0.6921966463506238,0.0468997727735398,4.8174488185531204e-18,0.7201834586372694,1.1555,-0.04574999999999996,-1.10975,1.10975,-1.1555,0.04575,-0.314,9.1551647,-94.828995,43.316994,7.273578216954945,-119.04738892922114,46.83118794188136,0.7048004080046011,0.09150005296881523,0.0,-0.7034800105072297
3.101473569869995,8.560203027729887,-80.40196125054491,39.65116231909764,11.502574165738281,-78.71355872470612,51.10683225572751,-0.6922984469633168,0.04689989478922371,-1.4454310664636837e-17,0.7200855922742374,1.1555,-0.04574999999999996,-1.10975,1.10975,-1.1555,0.04575,-0.314,9.1551647,-94.828995,43.316994,7.303865578560988,-119.03076236208531,46.84554875635065,0.7047008910690222,0.09150011569861714,0.0,-0.7035796919707573
3.176406145095825,0,0,0,0,0,0,0,0,0,1,1.1555,-0.04574999999999996,-1.10975,1.10975,-1.1555,0.04575,-0.314,0,0,0,0,0,0,0,0,0,1
3.223208427429199,8.560556125089233,-80.3903092595864,39.64935428913876,11.504573721312084,-78.70312446254917,51.09749802031438,-0.6922985681304423,0.0469999027908866,0.0,0.720078955186295,1.1555,-0.04574999999999996,-1.10975,1.10975,-1.1555,0.04575,-0.314,9.1551647,-94.828995,43.316994,7.294508549172178,-119.04874947311987,46.82343745069843,0.7048004722744411,0.09140006124557871,-9.845189066793506e-18,-0.7034929445886641
3.3081119060516357,8.561078143939547,-80.37308296558265,39.646681299110696,11.489047776580293,-78.68986222894021,51.06614426137091,-0.6921966463506238,0.0468997727735398,4.8174488185531204e-18,0.7201834586372694,1.1555,-0.04574999999999996,-1.10975,1.10975,-1.1555,0.04575,-0.314,9.1551647,-94.828995,43.316994,7.2967784371132325,-119.04777118808435,46.803590774222904,0.7048004722744411,0.09140006124557871,-9.845189066793506e-18,-0.7034929445886641
3.34989333152771,0,0,0,0,0,0,0,0,0,1,1.1555,-0.04574999999999996,-1.10975,1.10975,-1.1555,0.04575,-0.314,0,0,0,0,0,0,0,0,0,1
3.469695568084717,8.561078143939547,-80.37308296558265,39.646681299110696,11.489047776580293,-78.68986222894021,51.06614426137091,-0.6922984469633168,0.04689989478922371,-1.4454310664636837e-17,0.7200855922742374,1.1555,-0.04574999999999996,-1.10975,1.10975,-1.1555,0.04575,-0.314,9.1551647,-94.828995,43.316994,7.283475911078284,-119.0483137724294,46.83227436540877,0.7048004080046011,0.09150005296881523,0.0,-0.7034800105072297
3.52701997756958,0,0,0,0,0,0,0,0,0,1,1.1555,-0.04574999999999996,-1.10975,1.10975,-1.1555,0.04575,-0.314,0,0,0,0,0,0,0,0,0,1
3.596033811569214,8.561017142327856,-80.37509598043272,39.64699365698752,11.487912832609766,-78.69035137145798,51.07606759960868,-0.6921966463506238,0.0468997727735398,4.8174488185531204e-18,0.7201834586372694,1.1555,-0.04574999999999996,-1.10975,1.10975,-1.1555,0.04575,-0.314,9.1551647,-94.828995,43.316994,7.2843405226815605,-119.03836865279021,46.83286346823341,0.7047003346404098,0.09160004349802965,1.9693176128397798e-17,-0.7035672465293232
3.6548006534576416,0,0,0,0,0,0,0,0,0,1,0.9095000000000002,-0.13974999999999982,-1.7137499999999999,1.2417500000000001,-1.3815,-0.33225,-0.314,0,0,0,0,0,0,0,0,0,1
3.7269952297210693,8.561346780553405,-80.36421812614678,39.64530574918641,11.499810082306908,-78.6808419525093,51.06781978772296,-0.6921985074184864,0.046899898870163256,-4.8174608388143074e-18,0.7201816616754332,2.1045000000000003,0.43525000000000014,-2.0492500000000002,2.2945,-1.85925,-0.19,-0.314,9.1551647,-94.828995,43.316994,7.288880298563669,-119.03641208271917,46.79317011528235,0.7047008910690222,0.09150011569861714,0.0,-0.7035796919707573
3.853473424911499,8.561237689640825,-80.36781805770507,39.645864347637996,11.502350302615213,-78.68931964459517,51.03746067018503,-0.6922983259292552,0.04679988683156025,-1.4454177721947975e-17,0.7200922152808652,4.7425,0.1887500000000002,-0.78925,2.86025,-2.6715,1.88225,-0.314,9.1551647,-94.828995,43.316994,7.288015686960392,-119.04635720235834,46.79258101245771,0.7048003431956573,0.09160004460374885,9.845190869864467e-18,-0.7034670625266508
3.905871629714966,0,0,0,0,0,0,0,0,0,1,5.8125,0.07475000000000032,-0.5207499999999996,3.204,-3.12925,2.6085000000000003,-0.314,0,0,0,0,0,0,0,0,0,1
3.9881739616394043,8.561067597116553,-80.37343100411341,39.64673530396641,11.50375557895299,-78.69828647919883,51.017024890884855,-0.6922983259292552,0.04679988683156025,-1.4454177721947975e-17,0.7200922152808652,6.66475,-0.13175000000000026,-0.46899999999999986,3.501,-3.63275,3.1637500000000003,-0.314,9.1551647,-94.828995,43.316994,7.293967884437677,-119.02983751887706,46.84446233282324,0.7047007681555963,0.09170009995724168,-9.846582006811627e-18,-0.703553778348709
4.055214166641235,8.560617126700924,-80.38829624473634,39.64904193126194,11.505708665282611,-78.7026353200314,51.08757468207662,-0.6922983259292552,0.04679988683156025,-1.4454177721947975e-17,0.7200922152808652,6.66475,-0.13175000000000026,-0.46899999999999986,3.501,-3.63275,3.1637500000000003,-0.314,9.1551647,-94.828995,43.316994,7.2832055787110335,-119.03885779530798,46.84278680647118,0.7047008910690222,0.09150011569861714,0.0,-0.7035796919707573
4.110452890396118,0,0,0,0,0,0,0,0,0,1,9.06025,-0.014249999999999652,-0.1844999999999999,4.6152500000000005,-4.6295,4.445,-0.314,0,0,0,0,0,0,0,0,0,1
4.224566698074341,8.560203027729887,-80.40196125054491,39.65116231909764,11.502574165738281,-78.71355872470612,51.10683225572751,-0.6922984469633168,0.04689989478922371,-1.4454310664636837e-17,0.7200855922742374,11.85125,0.6254999999999997,-0.18124999999999947,6.329,-5.7035,5.5222500000000005,-0.314,9.1551647,-94.828995,43.316994,7.313439325815551,-119.06054427917556,46.82502119492861,0.7048004080046011,0.09150005296881523,0.0,-0.7034800105072297
4.323578119277954,8.56089396807117,-80.37916065349592,39.64762436900038,11.469522720700837,-78.69746851964513,51.05345897325367,-0.6922985681304423,0.0469999027908866,0.0,0.720078955186295,13.35,0.3177499999999993,-0.3362500000000006,7.002,-6.6842500000000005,6.348,-0.314,9.1551647,-94.828995,43.316994,7.279793601542082,-119.06385517087516,46.76054636856772,0.7049004181961982,0.09150005428422775,0.0,-0.7033797981836045
4.405667781829834,0,0,0,0,0,0,0,0,0,1,18.11975,0.20350000000000001,-0.7257499999999997,9.5245,-9.321,8.59525,-0.314,0,0,0,0,0,0,0,0,0,1
4.469440698623657,8.56144061708858,-80.36112157945651,39.64482526055533,11.460219305813524,-78.6771425796763,51.0634740936133,-0.6922983259292552,0.04679988683156025,-1.4454177721947975e-17,0.7200922152808652,20.8425,0.4582499999999996,-0.9627499999999998,11.13175,-10.6735,9.71075,-0.314,9.1551647,-94.828995,43.316994,7.260862824898652,-119.05206036481948,46.758962624337535,0.7048008524168807,0.09160011078516778,9.845183756677642e-18,-0.7034665437222891
4.553717613220215,0,0,0,0,0,0,0,0,0,1,24.01475,0.32874999999999943,-0.7040000000000006,12.52375,-12.195,11.491,-0.314,0,0,0,0,0,0,0,0,0,1
4.650309801101685,8.560832966459479,-80.38117366834595,39.647936726877205,11.46838777673031,-78.69795766216288,51.06338231149144,-0.6922984469633168,0.04689989478922371,-1.4454310664636837e-17,0.7200855922742374,36.975750000000005,0.8172500000000014,-1.0524999999999984,19.42275,-18.6055,17.553,-0.314,9.1551647,-94.828995,43.316994,7.264815466802133,-119.04597494349514,46.82017818011619,0.7048003431956573,0.09160004460374885,9.845190869864467e-18,-0.7034670625266508
4.726466417312622,8.560662873935206,-80.38678661475431,39.64880768320562,11.469793053068088,-78.70692449676655,51.042946532191266,-0.6922985681304423,0.0469999027908866,0.0,0.720078955186295,40.29075,0.9317499999999974,-1.301000000000002,21.26175,-20.330000000000002,19.029,-0.314,9.1551647,-94.828995,43.316994,7.254917772678766,-119.04505010028689,46.81909175658877,0.7047008298807507,0.09160010787154356,1.9693162288687604e-17,-0.7035667421100168
4.793242454528809,0,0,0,0,0,0,0,0,0,1,44.51625,0.8867499999999993,-1.426000000000002,23.4145,-22.52775,21.10175,-0.314,0,0,0,0,0,0,0,0,0,1
4.934277057647705,8.557665692265449,-80.48569172631282,39.664154708913124,11.717095998419154,-78.77439488594132,51.309759200191294,-0.6908974654462542,0.04539983345094796,4.808486027400758e-18,0.7215258466351488,54.426249999999996,0.9699999999999989,-1.4432500000000026,28.41975,-27.44975,26.0065,-0.314,9.1551647,-94.828995,43.316994,7.399283989635592,-119.13288742671742,46.901814180919246,-0.7037001384113863,-0.09260001821357738,-9.850270285018175e-18,0.704436904077747
4.976810932159424,8.552461394668022,-80.66300194651778,39.692233975736464,11.498605895479727,-78.84132868910287,51.402397965899056,-0.6897963596816689,0.04709975143665788,4.802203505554857e-18,0.7224697887002076,56.944500000000005,1.1265,-1.3120000000000012,29.6915,-28.565,27.253,-0.314,9.1551647,-94.828995,43.316994,7.233662155752455,-119.14717127731475,47.386030434005924,0.7050005407170274,0.0929000712519317,9.842395151711458e-18,-0.7030958784903272
5.103736639022827,8.547113066673923,-80.85347385683481,39.723210017807816,9.357538208583406,-78.89585504694051,51.900550589528805,-0.6898973282072552,0.054799787774688496,-4.80645939175908e-18,0.7218300768133314,70.166,0.8572500000000005,-1.4822500000000005,36.25275,-35.3955,33.91325,-0.314,9.1551647,-94.828995,43.316994,5.285244047583234,-119.17900003503469,47.89725817771736,0.7159010388178486,0.1004001456869842,0.0,-0.6909453765425728
5.18739652633667,8.51576303417372,-81.969953733425,39.904780767906885,3.0541597598503074,-79.27642334751981,55.5243176765036,-0.7004996601537874,0.017499991509909028,1.215749049668416e-18,0.7134381377677965,73.404,0.8520000000000039,-0.9024999999999963,37.57925,-36.72725,35.82475,-0.314,9.1551647,-94.828995,43.316994,1.2085943825919117,-120.11386188761628,49.632153225123396,0.7393063095886196,0.1360011606980282,2.815704592499006e-17,-0.6594921264816169
5.232737302780151,0,0,0,0,0,0,0,0,0,1,80.60900000000001,1.0835000000000008,-1.6054999999999993,41.649,-40.5655,38.96,-0.314,0,0,0,0,0,0,0,0,0,1
5.274691343307495,0,0,0,0,0,0,0,0,0,1,82.06049999999999,1.370750000000001,-1.6252500000000012,42.52825,-41.1575,39.53225,-0.314,0,0,0,0,0,0,0,0,0,1
5.377689599990845,8.490501218933714,-82.86961175966213,40.05109024117336,-0.20303049960034514,-79.83659744021102,57.20009110976276,-0.7016996352959142,-0.0058999969335127465,-6.08718934435271e-19,0.7124484626004643,93.7175,0.7437500000000057,-1.2662499999999994,47.86375,-47.12,45.85375,-0.314,9.1551647,-94.828995,43.316994,-0.9241099671151858,-120.65783272633473,50.74200361295243,0.7519118931208417,0.15190240266665225,-2.7685001264338545e-17,-0.6415248748470557
5.484958648681641,8.48720024996977,-83.93451165570835,40.26157387086737,-2.967332932777083,-80.30419866138239,57.77791561243839,-0.7013989130274828,-0.02149996668105344,2.434888919110485e-18,0.7124446057319678,100.97200000000001,1.7860000000000014,-1.3969999999999985,52.0775,-50.2915,48.8945,-0.314,9.1551647,-94.828995,43.316994,-2.974559946069377,-120.98447602587868,51.28749333665931,0.7619142245331421,0.16110300770742772,5.4643110842239406e-17,-0.6273217159972075
5.534513235092163,0,0,0,0,0,0,0,0,0,1,107.8605,0.8132499999999965,-0.03125,54.3525,-53.53925,53.508,-0.314,0,0,0,0,0,0,0,0,0,1
5.606884479522705,8.490076395472698,-84.34444235169741,40.34841401471509,-3.6815964649396733,-80.55467456190155,58.64121708346791,-0.6864958152927405,-0.035699782383031085,-2.3885812040969343e-18,0.7262568561627214,120.707,0.6542499999999976,-0.9992500000000035,61.18025,-60.526,59.52675,-0.314,9.1551647,-94.828995,43.316994,-4.267405401815097,-120.96342845225952,51.30190261153274,0.7684163550337277,0.16420349492001315,0.0,-0.6185252764218561
5.672974348068237,0,0,0,0,0,0,0,0,0,1,125.34375,1.4455000000000098,-2.2437499999999986,64.51650000000001,-63.071,60.82725,-0.314,0,0,0,0,0,0,0,0,0,1
5.732952356338501,8.489788505189741,-84.3034099825279,40.33972167506852,-4.8124715053069735,-80.91810909441526,56.760675410531405,-0.6553900826072152,0.018999712495479232,0.0,0.7550515548922448,129.71975,1.4750000000000085,-1.0177499999999924,66.10625,-64.63125,63.6135,-0.314,9.1551647,-94.828995,43.316994,-6.596534528131485,-121.85152761372203,50.87081399842132,0.7845272547511247,0.16670579141747932,8.844681764572285e-18,-0.5972655738116301
5.859913110733032,8.491023788277063,-84.47947216547868,40.377018870529085,-3.5297703804201603,-81.05920723580154,56.92057893992151,-0.6256846091046913,0.03779907020002771,-6.679208040494174e-18,0.7791598040335007,138.40125,1.5282499999999999,-1.2120000000000033,70.57075,-69.0425,67.8305,-0.314,9.1551647,-94.828995,43.316994,-7.421776804547051,-122.02964130902497,50.50564185167133,0.7863307918390612,0.1642064301411343,-1.7648791007353593e-17,-0.5955838598434815
5.925656080245972,0,0,0,0,0,0,0,0,0,1,145.022,0.7635000000000076,-0.35599999999999454,73.07075,-72.30725,71.95125,-0.314,0,0,0,0,0,0,0,0,0,1
5.97787880897522,8.494514786520051,-84.97703647089625,40.48242340909798,-3.6310211729732202,-81.55113414808999,57.056063957446426,-0.6031909501223995,0.05079923784187318,2.1793625642465962e-18,0.7959774589302901,151.82999999999998,0.7895000000000039,-1.231499999999997,76.9255,-76.136,74.9045,-0.314,9.1551647,-94.828995,43.316994,-8.37345761859254,-122.46165279174383,50.708051601873024,0.7917329103155986,0.16420682565848338,8.764185261847033e-18,-0.5883834779549446
6.0241570472717285,0,0,0,0,0,0,0,0,0,1,153.40125,0.741250000000008,-0.8954999999999984,77.519,-76.77775,75.88225,-0.314,0,0,0,0,0,0,0,0,0,1
6.092231273651123,8.557089403460944,-86.55175968822759,40.88112870414648,-4.691895127505916,-82.6795177728601,57.2922775217157,-0.5743938227507547,0.07269921816500673,-8.51038351577785e-18,0.815344442590965,160.43900000000002,0.6514999999999986,-0.7900000000000063,80.94025,-80.28875000000001,79.49875,-0.314,9.1551647,-94.828995,43.316994,-10.556936771132172,-123.57024211227512,50.05097587653471,0.8062214286957964,0.16650442554930547,1.7213370066662944e-17,-0.5676999948777562
6.220194339752197,8.523054226545941,-86.08072005520225,40.74250885683754,-4.945799086091029,-82.41063533574751,56.52069796338927,-0.5409754521676577,0.08959593440706495,-1.2446410279383776e-17,0.8362524312010836,164.97375,0.8495000000000061,-1.45774999999999,83.6405,-82.791,81.33325,-0.314,9.1551647,-94.828995,43.316994,-12.293638713898247,-123.42042218187063,51.08915714704872,0.809034725406311,0.16760719403967578,-1.7153513158344092e-17,-0.5633565847603816
6.310955286026001,0,0,0,0,0,0,0,0,0,1,165.92075,0.7052500000000066,-1.1644999999999897,83.89525,-83.19,82.02550000000001,-0.314,0,0,0,0,0,0,0,0,0,1
6.411320209503174,8.56133819240761,-86.61056202650362,40.89843334388746,-4.941904022067746,-82.94306002476199,56.67628966947957,-0.5276854342143616,0.08879754890702161,-4.106895356392887e-18,0.8447858177231111,166.90325,0.5365000000000038,-1.1372499999999945,84.2885,-83.752,82.61475,-0.314,9.1551647,-94.828995,43.316994,-12.87188544145721,-123.84882467634102,51.022060017461094,0.8135036895932264,0.16750075968883277,-2.5588921080530784e-17,-0.5569158307337577
6.4831554889678955,8.556904724783799,-86.54920377448789,40.88037653734884,-5.169302090309458,-83.00183445213534,56.304758129436394,-0.5201826878950303,0.09369688169120403,-4.086992320723038e-18,0.8488997971348833,166.90325,0.5365000000000038,-1.1372499999999945,84.2885,-83.752,82.61475,-0.314,9.1551647,-94.828995,43.316994,-13.215902585358037,-123.79465751806211,50.61252598509464,0.8160179321263955,0.16500362598144025,-8.503359584054391e-18,-0.5539752141216595
6.568929672241211,8.560334798725911,-86.59667527066895,40.89434668145302,-5.19910240168258,-83.07568602451741,56.23724600683043,-0.5185832381378116,0.09169703613042295,1.6324966899184225e-17,0.8500959232271366,166.90325,0.5365000000000038,-1.1372499999999945,84.2885,-83.752,82.61475,-0.314,9.1551647,-94.828995,43.316994,-13.221901252079448,-123.82596030453291,50.64052869133401,0.8158414426860396,0.165208392169323,0.0,-0.5541740949853111
6.662310600280762,0,0,0,0,0,0,0,0,0,1,166.90325,0.5365000000000038,-1.1372499999999945,84.2885,-83.752,82.61475,-0.314,0,0,0,0,0,0,0,0,0,1
6.715834617614746,8.558165840421912,-86.5666573475621,40.885512860207704,-5.218844175427705,-83.0355232870975,56.267199585787466,-0.5183816638603703,0.09089678480884965,4.080239249146247e-18,0.8503047836421759,166.90325,0.5365000000000038,-1.1372499999999945,84.2885,-83.752,82.61475,-0.314,9.1551647,-94.828995,43.316994,-13.328065418506355,-123.8868168524424,50.635464074525146,0.8165360789744136,0.16520729975085502,0.0,-0.5531504133977676
6.778342008590698,0,0,0,0,0,0,0,0,0,1,166.90325,0.5365000000000038,-1.1372499999999945,84.2885,-83.752,82.61475,-0.314,0,0,0,0,0,0,0,0,0,1
6.84381890296936,8.558271553887678,-86.56812039951699,40.88594341429355,-5.256759343216061,-83.05024672598957,56.23190567131523,-0.5179717631454157,0.08989509943392443,-1.2235592029110014e-17,0.8506609922182833,166.90325,0.5365000000000038,-1.1372499999999945,84.2885,-83.752,82.61475,-0.314,9.1551647,-94.828995,43.316994,-13.339098056600221,-123.8863811517519,50.6443009892355,0.8167246395349186,0.16510498100552842,-1.699200334609364e-17,-0.5529025306721986
6.912397146224976,0,0,0,0,0,0,0,0,0,1,166.90325,0.5365000000000038,-1.1372499999999945,84.2885,-83.752,82.61475,-0.314,0,0,0,0,0,0,0,0,0,1
7.055549621582031,8.559354509730786,-86.58310827879829,40.890354120722044,-5.259893842760391,-83.06117013066427,56.25116324496612,-0.5176844927885795,0.08939732210797567,-4.0774411709948846e-18,0.8508882915672034,166.90325,0.5365000000000038,-1.1372499999999945,84.2885,-83.752,82.61475,-0.314,9.1551647,-94.828995,43.316994,-13.386640586144694,-123.90963572455713,50.59740821017344,0.8170256967967977,0.16460517710251268,5.94500974911576e-17,-0.5526066833153193
7.108593940734863,8.558012170268855,-86.56453058522193,40.88488698618313,-5.276554731462738,-83.04839703957308,56.2297328242604,-0.5174875422478308,0.08879786232194661,-4.076566565758326e-18,0.8510708450330985,166.95600000000002,0.5357499999999931,-1.085250000000002,84.2885,-83.75275,82.6675,-0.314,9.1551647,-94.828995,43.316994,-13.421961919123163,-123.89452380453167,50.56388160417513,0.8172421828707117,0.16430848096629702,-3.396248529185364e-17,-0.5523748162427956
7.1572113037109375,0,0,0,0,0,0,0,0,0,1,168.79375,0.23049999999999216,-0.8342499999999973,84.92925,-84.69875,83.8645,-0.314,0,0,0,0,0,0,0,0,0,1
7.221556663513184,8.556573406134037,-86.54461839461494,40.879027129330325,-5.332536064291219,-83.04138055277029,56.19344426838262,-0.517382945699651,0.0881970927922482,-4.07596286750411e-18,0.8511968986798222,169.7655,0.1357500000000016,-0.5947500000000048,85.248,-85.11225,84.5175,-0.314,9.1551647,-94.828995,43.316994,-13.45192533386043,-123.88229329778552,50.57113477465529,0.8174129501361621,0.16420260143425228,-8.488847531411597e-18,-0.5521535788455239
7.320431232452393,8.559859279895356,-86.59009419086436,40.89240996909661,-5.495614080166149,-83.19053868054735,55.89535466162597,-0.5110902102754531,0.10029807883120316,2.844957831419007e-17,0.8536551366584534,171.88350000000003,-0.2502499999999941,0.29025000000000034,85.67150000000001,-85.92175,86.212,-0.314,9.1551647,-94.828995,43.316994,-13.798342368317861,-124.05094501763524,50.361965380074096,0.8204321026557978,0.16160632348753895,-3.38304358468935e-17,-0.5484291760479445
7.447341680526733,0,0,0,0,0,0,0,0,0,1,173.77949999999998,0.13024999999998954,-0.7312500000000028,87.3205,-87.19025,86.459,-0.314,0,0,0,0,0,0,0,0,0,1
7.5367889404296875,8.565933522025128,-86.67416041419736,40.91714938851109,-5.993158266299844,-83.46052605822206,55.41197427441428,-0.5012883141812096,0.1075974917332897,-1.616394533170777e-17,0.8585643865418979,172.74325,-0.4450000000000074,-0.2702500000000043,86.28425,-86.72925000000001,86.459,-0.314,9.1551647,-94.828995,43.316994,-14.40483983778185,-124.29326542997046,50.25042329250411,0.8247443974076405,0.16110867275660348,-8.413387136327027e-18,-0.5420707283254774
7.597388029098511,8.56022388685367,-86.59514027387053,40.8938949550867,-6.299399650144778,-83.43598477001963,55.277386236334735,-0.49788967742076384,0.09999792677661457,-4.027422546281726e-18,0.8614559093524325,172.6015,-0.03625000000000966,-1.742750000000001,87.154,-87.19025,85.4475,-0.314,9.1551647,-94.828995,43.316994,-14.721612518972933,-124.27845355029599,50.295541766231736,0.825625861131269,0.1612050494359988,1.6808809487628174e-17,-0.5406985014475144
7.660757541656494,0,0,0,0,0,0,0,0,0,1,171.85775,0.41575000000000273,-1.0870000000000033,86.68025,-86.2645,85.1775,-0.314,0,0,0,0,0,0,0,0,0,1
7.713338136672974,8.563955719164632,-86.64678804190352,40.909094112899815,-6.41773139863605,-83.49689475975639,55.29108187247399,-0.49788819405013446,0.09819767153188029,-4.026450703163982e-18,0.8616638344106201,170.841,-0.010750000000001592,-0.4967500000000058,85.6635,-85.67425,85.1775,-0.314,9.1551647,-94.828995,43.316994,-14.713945388803864,-124.28910352356414,50.124580387013054,0.8259406912202806,0.16040790273850705,0.0,-0.5404546968299921
7.849732875823975,8.562196949194117,-86.62244703837189,40.901930923315895,-6.384309537485677,-83.46934478794586,55.286185113292376,-0.4978810860643954,0.09789628103174193,4.026271268515415e-18,0.8617022352875106,159.48975000000002,0.09074999999999989,-0.7280000000000086,80.15425,-80.0635,79.3355,-0.314,9.1551647,-94.828995,43.316994,-14.831960335683732,-124.34468638743279,50.047879555485,0.8268202297086087,0.15950390256231625,0.0,-0.539376318364085
7.908198833465576,0,0,0,0,0,0,0,0,0,1,157.291,-0.05374999999999375,-0.6132499999999936,78.92525,-78.979,78.36575,-0.314,0,0,0,0,0,0,0,0,0,1
7.97852635383606,8.539736736796272,-86.31160246036445,40.81045406039578,-5.638147392470842,-83.15611154593938,55.01410610004636,-0.4926818778100669,0.09419653519323791,-4.010474923322137e-18,0.8650962836789529,153.01725,-0.02775000000001171,-0.5770000000000124,76.78325,-76.811,76.234,-0.314,9.1551647,-94.828995,43.316994,-14.453418149570325,-123.98826711211744,49.75603865102481,0.8257112751541319,0.1523020796971955,0.0,-0.543143596669653
8.0238196849823,0,0,0,0,0,0,0,0,0,1,151.32725,0.03874999999999318,-0.6484999999999985,76.00725,-75.9685,75.32000000000001,-0.314,0,0,0,0,0,0,0,0,0,1
8.094474077224731,8.528485092527347,-86.15588208903799,40.76462790781171,-4.1969982903987955,-83.03032504150943,54.50995629998659,-0.48739128712298024,0.09729826064231842,0.0,0.8677458047795934,148.52975,-0.027999999999991587,-0.7262499999999932,74.614,-74.642,73.91575,-0.314,9.1551647,-94.828995,43.316994,-13.577202140386362,-123.76661351046353,49.14161600648476,0.8242220448270347,0.1396037338726693,0.0,-0.5487885005263419
8.221254348754883,8.497370236086974,-85.38401742062189,40.56863867563757,-3.2198080442671824,-82.60646437764264,54.068208226429256,-0.4857786262802596,0.0993956267028773,-2.3970970557244693e-17,0.868412134669712,127.45150000000001,0.5845000000000056,-1.4059999999999988,64.721,-64.1365,62.7305,-0.314,9.1551647,-94.828995,43.316994,-12.74562876728288,-123.43018535974929,49.03160771337791,0.8208236911104821,0.1325038244056273,8.45357410983068e-18,-0.55559986017785
8.276001453399658,0,0,0,0,0,0,0,0,0,1,116.3515,0.48450000000000415,-1.4059999999999988,59.121,-58.6365,57.2305,-0.314,0,0,0,0,0,0,0,0,0,1
8.342718839645386,8.489447480978312,-84.25480455133602,40.32942505010781,-1.3649581607886887,-81.4266947943653,54.005953586975586,-0.5542841422494128,0.06729807464078204,-4.182060179522032e-18,0.8296023498040952,104.45125,0.44550000000000267,-1.1572499999999977,53.027,-52.5815,51.42425,-0.314,9.1551647,-94.828995,43.316994,-9.173454156229951,-121.98901497535276,48.82594665413892,0.8018221802386177,0.12370342192007609,8.653906158897044e-18,-0.5846183838048998
8.436120986938477,8.49449973741592,-82.7272110963924,40.02793192387036,-1.183584399710469,-80.39842343978628,52.6766449019274,-0.6263879402617514,0.06089882752544802,-4.464441497329349e-18,0.7771289990089587,98.8665,0.04099999999999682,-0.9579999999999984,49.93275,-49.89175,48.93375,-0.314,9.1551647,-94.828995,43.316994,-6.254027720088942,-121.19818833990409,48.67480924438922,0.7855194787774261,0.11980297079253426,8.833509660011038e-18,-0.6071296374338221
8.522926330566406,0,0,0,0,0,0,0,0,0,1,87.62075,0.43225000000000335,-0.802500000000002,44.42775,-43.9955,43.193,-0.314,0,0,0,0,0,0,0,0,0,1
8.678297996520996,8.502153988549782,-82.45461752376154,39.9836006103442,-1.4102367503284938,-80.14536633326426,52.47172830231179,-0.6434963069094086,0.059299659673236874,0.0,0.7631487753751496,77.7655,-0.040500000000001535,-0.9825000000000017,39.35375,-39.39425,38.41175,-0.314,9.1551647,-94.828995,43.316994,-5.673154056971526,-121.04787315873753,48.849426350674364,0.7821186169685174,0.12220290882694392,-2.661576039758125e-17,-0.6110293921453265
8.723346948623657,8.51276021420755,-82.0768942307029,39.922172273758314,-1.6796988323748394,-79.83094486950446,51.97269991688027,-0.6597944680993851,0.06649944245015021,-9.270425530802589e-18,0.7484978851134241,66.201,0.6352499999999992,-1.2317499999999981,34.034,-33.39875,32.167,-0.314,9.1551647,-94.828995,43.316994,-4.935908360356677,-120.82463513600138,48.581968750244336,0.7785155907840563,0.12270245727579156,-2.6738940052256175e-17,-0.6155140793553258
8.777677774429321,0,0,0,0,0,0,0,0,0,1,58.594750000000005,0.0625,-0.27775000000000105,29.4675,-29.405,29.12725,-0.314,0,0,0,0,0,0,0,0,0,1
8.847865343093872,8.51615148479912,-81.95611970290818,39.902530968917674,-1.6560209671005452,-79.71106084948934,51.951085559590084,-0.6691960330027892,0.0608996389866555,-4.6847308298976446e-18,0.7405861890317864,55.159,-0.7132500000000022,-0.2877500000000026,27.36675,-28.080000000000002,27.79225,-0.314,9.1551647,-94.828995,43.316994,-4.43721848729524,-120.65702525288886,48.415489509529635,0.7763086490720603,0.12730141830075134,4.469159214058383e-17,-0.6173647465433459
8.896778345108032,0,0,0,0,0,0,0,0,0,1,49.99325,0.05625000000000213,-1.327499999999997,25.6885,-25.63225,24.304750000000002,-0.314,0,0,0,0,0,0,0,0,0,1
9.04582953453064,8.517138276009465,-81.92097675596747,39.89681574612637,-2.003272694291411,-79.72091324987805,51.60856670146755,-0.6735932920974811,0.06579934474467675,-1.4138550642194668e-17,0.7361674558634393,25.15775,0.5809999999999995,-1.5397500000000015,13.63925,-13.058250000000001,11.5185,-0.314,9.1551647,-94.828995,43.316994,-4.544347349071131,-120.78092307443043,48.45759339048915,0.777122099536125,0.1267036031543264,8.92896226738263e-18,-0.6164636561552319
9.093198299407959,8.516745268287137,-81.93497308000069,39.89909193856533,-2.1189712839860704,-79.76073472572168,51.43213516685909,-0.6750973097480611,0.06599973699210786,0.0,0.734770479189184,13.51175,0.12900000000000045,-0.2737499999999997,6.95725,-6.82825,6.5545,-0.314,9.1551647,-94.828995,43.316994,-4.475935247068378,-120.82087204454125,48.35259879973967,0.7775077546475833,0.12680126468078912,1.7849066745456145e-17,-0.6159570851432963
9.15320634841919,0,0,0,0,0,0,0,0,0,1,8.5425,-1.3752499999999999,0.9862500000000001,3.0905,-4.46575,5.452,-0.314,0,0,0,0,0,0,0,0,0,1
9.219037771224976,8.517883827240377,-81.89442517436146,39.89249771882503,-2.1290856959751068,-79.7120408543886,51.47368761040594,-0.6751966437554576,0.06589967242814672,0.0,0.734688182452412,4.4445,-0.7132499999999999,-0.13874999999999993,1.935,-2.64825,2.5095,-0.314,9.1551647,-94.828995,43.316994,-4.422177332936826,-120.81408371339003,48.328850005488086,0.7775216823761596,0.12670353332097675,-4.462186753880285e-17,-0.6159596156233998
9.276878356933594,0,0,0,0,0,0,0,0,0,1,2.31175,-0.857,0.2522500000000001,0.6012500000000001,-1.45825,1.7105000000000001,-0.314,0,0,0,0,0,0,0,0,0,1
9.439618825912476,8.517650407009093,-81.90273805221945,39.893849624488354,-2.133625471857215,-79.71399742445965,51.513380963356994,-0.6764946112029264,0.06639947107741953,-4.730323572061765e-18,0.7334481244464671,-2.1215000000000006,-0.5105000000000004,7.411,-5.0215000000000005,4.511,2.9,-0.314,9.1551647,-94.828995,43.316994,-4.385126776751747,-120.80930539413714,48.36355481713568,0.7775196049173396,0.12630318469589702,0.0,-0.6160444541628941
9.5304856300354,0,0,0,0,0,0,0,0,0,1,-7.01,3.1899999999999995,16.0,-9.91,13.1,2.9,-0.314,0,0,0,0,0,0,0,0,0,1
9.587371349334717,8.518998244212671,-81.85473704569077,39.886043322786314,-2.204815947806111,-79.68839157817979,51.35534218086844,-0.676999341204846,0.06709993470435034,0.0,0.7329184748461975,-7.087999999999999,6.641000000000002,19.529,-9.988,16.629,2.9,-0.314,9.1551647,-94.828995,43.316994,-4.38789086018312,-120.77658862194033,48.324542349131136,0.7775104247595074,0.12620169209601262,1.7849005448521172e-17,-0.6160768396088216
9.65767788887024,0,0,0,0,0,0,0,0,0,1,-7.480500000000001,8.406749999999999,19.728749999999998,-9.401250000000001,17.808,1.92075,-0.314,0,0,0,0,0,0,0,0,0,1
9.721075296401978,8.519672478338332,-81.83072530556244,39.88213834450797,-2.247765086966922,-79.67137652991057,51.30088247486719,-0.6770964039057477,0.06739964203699217,0.0,0.7328013019033125,-8.181000000000001,16.74575,19.27625,-5.3557500000000005,22.1015,-2.82525,-0.314,9.1551647,-94.828995,43.316994,-4.375993610485978,-120.76707920299164,48.31629453724542,0.7775127855821015,0.12610207364874984,1.7848951252196522e-17,-0.6160942584360336
9.8482825756073,8.520131396579423,-81.81438168674244,39.87948041650524,-2.2372731136075004,-79.65290027635825,51.31307044228165,-0.6772965521475179,0.06759965587652769,-9.47162694303186e-18,0.7325978890049162,-11.8905,35.679,17.145500000000002,3.3215,32.3575,-15.212,-0.314,9.1551647,-94.828995,43.316994,-4.404281416518245,-120.77327150797055,48.292599487363006,0.7775151437585991,0.12600245416538067,2.6773345675418507e-17,-0.6161116642057234
9.90531587600708,0,0,0,0,0,0,0,0,0,1,-12.930750000000002,38.018750000000004,15.623000000000001,4.7325,33.28625,-17.66325,-0.314,0,0,0,0,0,0,0,0,0,1
9.983133554458618,8.51527600476971,-81.98729848510527,39.90760150801954,-2.6558703528348246,-79.80318068250807,51.408946147435415,-0.6808969318644,0.06599970260398061,1.4269742492063516e-17,0.7293993470204321,-11.774249999999999,45.23575,17.360000000000003,8.05075,37.185,-19.825,-0.314,9.1551647,-94.828995,43.316994,-4.55972448095352,-120.9008028159775,48.12745343322605,0.779519939961929,0.12760326406560887,0.0,-0.6132422606128455
10.03062105178833,0,0,0,0,0,0,0,0,0,1,-14.200500000000002,45.9675,15.518499999999996,8.12425,37.84325,-22.32475,-0.314,0,0,0,0,0,0,0,0,0,1
10.096462488174438,8.499717877461883,-82.54137561585472,39.99770989452282,-5.896905533907528,-80.24024341099667,51.66166560931936,0.711601176050123,-0.05100008428689752,4.87554977243213e-18,-0.7007301603661792,-14.930499999999999,46.8865,14.909500000000001,8.52325,38.36325,-23.45375,-0.314,9.1551647,-94.828995,43.316994,-5.403451145606624,-121.19022451249123,48.48024288451452,0.7862045814827898,0.13770080242963645,0.0,-0.602429120366625
10.2297945022583,8.51234263498479,-82.09176562833514,39.92459077755737,-7.210460640626195,-79.76540726226816,51.51468393197793,0.7235025835884847,-0.04270015247992854,4.7953483935683816e-18,-0.6889997884752784,-15.103750000000002,68.057,14.338749999999997,19.30725,48.74975,-34.411,-0.314,9.1551647,-94.828995,43.316994,-5.7107273896764355,-121.11307621281364,48.30782058407971,0.7881287266157669,0.1417051650316637,8.804264670954087e-18,-0.5989764239820784
10.312025308609009,8.491538607430948,-84.55284820777058,40.39256292743907,-16.129974467742045,-81.61435277068907,55.07925593921511,0.8040079997176569,0.03220032038670218,-6.472784387416501e-18,-0.5937459690448482,-13.785000000000004,73.57575,13.951749999999997,22.9195,50.65625,-36.7045,-0.314,9.1551647,-94.828995,43.316994,-7.990890872038335,-121.78990120693908,48.991167070885794,0.8032221776865145,0.17690488450291886,-1.727764520619443e-17,-0.5688047073570527
10.356412172317505,0,0,0,0,0,0,0,0,0,1,-14.599750000000004,77.045,14.086749999999995,24.17925,52.86575,-38.779,-0.314,0,0,0,0,0,0,0,0,0,1
10.411059617996216,0,0,0,0,0,0,0,0,0,1,-14.981250000000003,84.715,14.210250000000002,27.76175,56.953250000000004,-42.743,-0.314,0,0,0,0,0,0,0,0,0,1
10.479809761047363,8.498142010734723,-85.49401676459672,40.591941050764376,-20.18668799891384,-82.43209035367397,55.99586958267763,0.8343162279953819,0.06810132461522894,-2.4950589492593343e-17,-0.547063653781906,-13.715250000000001,88.8935,14.08475,30.54675,58.34675,-44.262,-0.314,9.1551647,-94.828995,43.316994,-9.087176056678487,-122.15689617914427,48.817461905981034,0.8104226335187935,0.18730523106869457,0.0,-0.555096302901367
10.612071752548218,8.562367479029607,-86.62480713514263,40.90262546413806,-25.891554929018724,-84.1691504486227,57.70654650610085,0.8689210580525407,0.1217029494360619,-1.597128724088917e-17,-0.4797547154238472,-16.497500000000002,99.01825,16.027749999999997,33.2465,65.77175,-49.744,-0.314,9.1551647,-94.828995,43.316994,-10.709676652414373,-122.53982314165617,49.00603220644792,0.8202146738868785,0.2008035924365828,-4.2299254846446576e-17,-0.5356545584658122
10.651811361312866,0,0,0,0,0,0,0,0,0,1,-16.8765,107.35625,15.944750000000006,37.2675,70.08875,-54.144,-0.314,0,0,0,0,0,0,0,0,0,1
10.72275996208191,8.7278154204365,-88.91457156914942,41.57646854221802,-32.20435000407605,-86.71035102468008,59.116588339727556,0.8948528468482662,0.20521211910288795,1.550845801820153e-17,-0.39639168591288043,-15.683250000000001,116.4105,12.792249999999996,43.9675,72.443,-59.65075,-0.314,9.1551647,-94.828995,43.316994,-12.539949254747626,-123.19646796602666,49.19765625445781,0.8300456843422259,0.22121217515241004,-5.0157918062589464e-17,-0.5119466138858476
10.805106163024902,0,0,0,0,0,0,0,0,0,1,-12.075000000000003,123.57275000000001,13.625750000000004,48.936,74.63675,-61.011,-0.314,0,0,0,0,0,0,0,0,0,1
10.852141380310059,8.919359717664685,-91.56550403527952,42.356597915453754,-38.31975237515397,-89.59737223388437,60.6430097682391,0.8947640400093271,0.3155225825672769,-7.754998629398314e-18,-0.31597913316588383,-14.190750000000001,128.574,14.118250000000003,50.1325,78.4415,-64.32325,-0.314,9.1551647,-94.828995,43.316994,-14.675621402935008,-123.96384087364186,49.500052180546234,0.8361288970729325,0.25110867845355017,1.659766557093882e-17,-0.4876811448937853
10.979976415634155,9.088845470060848,-93.91115091735941,43.04688635370306,-42.30044991893175,-92.20563422139637,61.45990417357045,0.8620931862071216,0.43364687417564735,-3.2195563147578945e-17,-0.2621940632679228,-11.695499999999996,137.36599999999999,11.201999999999998,57.23425,80.13175,-68.92975,-0.314,9.1551647,-94.828995,43.316994,-16.215548982268103,-124.67540492947734,49.85318054934761,0.8409215280996304,0.27040692258073507,0.0,-0.46875481842750033
11.05100154876709,0,0,0,0,0,0,0,0,0,1,-11.580250000000007,139.04025000000001,11.183499999999995,58.13825,80.902,-69.7185,-0.314,0,0,0,0,0,0,0,0,0,1
11.113100051879883,9.1551647,-94.828995,43.316994,-43.94935977844577,-93.33392163017561,62.72728880279223,0.7955278572793714,0.5424189940770976,3.488950809409781e-17,-0.2700315965898838,-13.620749999999994,142.2455,9.523250000000004,59.55075,82.69475,-73.1715,-0.314,9.1551647,-94.828995,43.316994,-17.17125260309291,-124.99785354841329,49.90937198364703,0.8406584546215072,0.28151957527474936,-1.650823557596016e-17,-0.46264467079012567
11.220999002456665,9.1551647,-94.828995,43.316994,-44.99507147492335,-94.84594824364,64.15559639152282,0.7284576141019758,0.6331500761778706,-5.715276032191376e-17,-0.2616686559235047,-9.587000000000003,147.5925,8.209999999999994,64.89775,82.69475,-74.48475,-0.314,9.1551647,-94.828995,43.316994,-17.75846450815564,-125.33001313300507,50.09792486460198,0.8396350758897656,0.29511232836478074,1.652835643283255e-17,-0.45598426835002265
11.31172776222229,9.1551647,-94.828995,43.316994,-45.80188606910471,-95.45058680905247,65.19240033433552,0.6791358580053836,0.6787358368844851,0.0,-0.27944972732140794,-8.890749999999997,149.54625000000001,9.467500000000001,65.59400000000001,83.95225,-74.48475,-0.314,9.1551647,-94.828995,43.316994,-18.24237641396857,-125.62169555148346,50.300287494954276,0.8387269211792288,0.30210969701710383,3.309250593340354e-17,-0.45306388363832906
11.439070463180542,0,0,0,0,0,0,0,0,0,1,-8.890749999999997,149.57025000000002,9.491500000000002,65.59400000000001,83.97625000000001,-74.48475,-0.314,0,0,0,0,0,0,0,0,0,1
11.530192852020264,9.1551647,-94.828995,43.316994,-46.99064500563037,-96.26386278324433,65.38921085395434,0.6440692541874449,0.7149768786003169,-3.882024222932208e-17,-0.2719979023400297,-8.890749999999997,149.57025000000002,9.491500000000002,65.59400000000001,83.97625000000001,-74.48475,-0.314,9.1551647,-94.828995,43.316994,-18.72636337005514,-126.02228086500693,50.134492341444485,0.8404202085470563,0.30560734856256605,-1.6512915404315168e-17,-0.44754666971197604
11.591970443725586,9.1551647,-94.828995,43.316994,-46.41521371614479,-96.04207779971898,65.21402451840386,0.650736590499644,0.7087398519857039,1.9580933355070297e-17,-0.2724513020563147,-8.655999999999992,149.3445,9.952000000000012,65.36825,83.97625000000001,-74.02425,-0.314,9.1551647,-94.828995,43.316994,-18.588562440045507,-125.79105640343022,50.272500138532315,0.8401515769895326,0.30491871899072537,-1.6518195273217176e-17,-0.4485196790454755
11.651926517486572,0,0,0,0,0,0,0,0,0,1,-9.652000000000001,148.71525,9.918750000000003,64.57225,84.143,-74.22425,-0.314,0,0,0,0,0,0,0,0,0,1
11.730321168899536,9.1551647,-94.828995,43.316994,-46.46946582576666,-96.01517107363786,65.17891416817537,0.6487453879322047,0.7107497259186333,-1.952556195484651e-17,-0.2719636901192528,-10.047250000000005,150.4265,10.168750000000003,65.10525,85.32125,-75.1525,-0.314,9.1551647,-94.828995,43.316994,-18.625612996230586,-125.79583472268311,50.23779532688472,0.8402616627499038,0.30502238412130506,0.0,-0.4482428842689217
11.858096837997437,9.1551647,-94.828995,43.316994,-46.70823610732617,-96.22405141727513,65.15138682384327,0.6309588904836938,0.7296681034980235,1.9019315413794913e-17,-0.26358174682095087,-10.96175000000001,153.01774999999998,11.462999999999994,65.2965,87.72125,-76.25825,-0.314,9.1551647,-94.828995,43.316994,-18.680776186699916,-125.79365621923068,50.28197990043647,0.8403553574412657,0.3055201257863937,1.651418972334499e-17,-0.4477279597693544
11.946608304977417,9.1551647,-94.828995,43.316994,-47.18873151625101,-96.89277892446326,65.09370074985561,0.5864347198580803,0.77114565566604,-5.3988974868158425e-17,-0.2478481331226207,-12.162750000000003,155.3435,12.244250000000008,65.46825,89.87525000000001,-77.631,-0.314,9.1551647,-94.828995,43.316994,-19.0003200965798,-125.7696575153733,50.17607545354281,0.8424489932195272,0.30691784902549024,-1.6473149020902384e-17,-0.4428104874243286
12.026875019073486,0,0,0,0,0,0,0,0,0,1,-13.317250000000001,157.19975,12.518500000000003,65.682,91.51775,-78.99925,-0.314,0,0,0,0,0,0,0,0,0,1
12.110311269760132,9.1551647,-94.828995,43.316994,-48.939486031733,-98.18212381606384,65.4950090814696,0.4881258977953372,0.8426447069910898,-2.4703984418360322e-17,-0.22733896648264315,-15.821249999999992,158.34300000000002,12.774749999999997,64.8735,93.4695,-80.69475,-0.314,9.1551647,-94.828995,43.316994,-19.70184094335451,-126.27228995348473,50.5245422865393,0.8437657892233287,0.31542459395642763,1.6447440729480997e-17,-0.4342425802057602
12.186846017837524,9.1551647,-94.828995,43.316994,-50.21382284726897,-99.08243915294298,64.74055697911324,0.3875410153965715,0.8982950710430982,3.089806068222015e-17,-0.20706985952829865,-16.523750000000007,159.25725,13.025499999999994,64.854,94.40325,-81.37775,-0.314,9.1551647,-94.828995,43.316994,-20.12871254466134,-126.40375673211015,49.97545475060754,0.8483221055261,0.31410818501208065,3.271820389310245e-17,-0.4262460010184037
12.314268112182617,0,0,0,0,0,0,0,0,0,1,-16.865750000000006,162.68574999999998,17.308999999999997,64.2555,98.43025,-81.12125,-0.314,0,0,0,0,0,0,0,0,0,1
12.361735820770264,9.1551647,-94.828995,43.316994,-51.555316082819104,-100.79549454981588,64.73446549178962,0.13371330297484788,0.9737968818744155,-8.907008783175191e-18,-0.18395756428921917,-18.694499999999998,160.96025,19.766750000000002,61.249500000000005,99.71075,-79.944,-0.314,9.1551647,-94.828995,43.316994,-20.763298990506513,-126.62070178848303,50.32550458315277,0.8502472874315443,0.32201790937774327,-1.6322060667475862e-17,-0.41639406366480336
12.411210060119629,0,0,0,0,0,0,0,0,0,1,-18.6935,161.14724999999999,21.42975,60.512,100.63525,-79.2055,-0.314,0,0,0,0,0,0,0,0,0,1
12.526800632476807,9.1551647,-94.828995,43.316994,-52.11843042105036,-102.05260759028229,64.3763188101525,-0.038702692706563145,0.9835684309277724,-3.4833151993526987e-16,-0.17633843386948084,-20.908999999999992,156.974,23.387500000000003,56.338750000000005,100.63525,-77.24775,-0.314,9.1551647,-94.828995,43.316994,-20.89242877101134,-126.80828179472017,49.77747242985622,0.8530514413446274,0.3210193583489161,6.507362691253186e-17,-0.4113998176775289
12.603754997253418,9.1551647,-94.828995,43.316994,-52.295097845701775,-102.0388909891723,64.06454890153233,-0.11520324936235421,0.9779275829118592,0.0,-0.1743153863447622,-21.443999999999996,155.75275,24.073750000000004,55.1175,100.63525,-76.5615,-0.314,9.1551647,-94.828995,43.316994,-21.04764308692569,-126.7355010026857,49.96485298500019,0.8531619267223036,0.32312345390221114,1.6266299952144426e-17,-0.40951918188259784
12.719583988189697,9.1551647,-94.828995,43.316994,-52.25175233493681,-102.34371848080525,64.054480781485,-0.1135086450435158,0.9781744997098047,1.241400622837759e-16,-0.17404147671706946,-22.722499999999997,152.369,26.179000000000002,51.73375,100.63525,-74.45625,-0.314,9.1551647,-94.828995,43.316994,-21.034988454628348,-126.79267256610466,49.89294142391542,0.8533517744539229,0.3225195678675614,-1.6262681139551313e-17,-0.40959965500334905
12.804199695587158,0,0,0,0,0,0,0,0,0,1,-20.744249999999994,151.1085,29.047250000000005,50.658500000000004,100.45,-71.40275,-0.314,0,0,0,0,0,0,0,0,0,1
12.846402645111084,9.1551647,-94.828995,43.316994,-52.26855037151208,-102.57631593082107,64.10155786947224,-0.16560869132372114,0.9707509460624164,8.041460761444071e-17,-0.17382854218156404,-19.832750000000004,146.36325,30.164999999999992,48.18275,98.1805,-68.0155,-0.314,9.1551647,-94.828995,43.316994,-21.049433069891194,-126.81723424098135,49.81953790072231,0.8534511813052686,0.3230193714103606,-1.6260786922328426e-17,-0.4089982479452656
12.90973711013794,0,0,0,0,0,0,0,0,0,1,-19.554000000000002,144.31475,30.457750000000004,47.1515,97.16325,-66.7055,-0.314,0,0,0,0,0,0,0,0,0,1
12.967053413391113,9.1551647,-94.828995,43.316994,-52.27767413266088,-102.79603340609114,64.08968403085755,-0.19300970060729475,0.9657485382200235,-7.184990325428129e-17,-0.17342726543819484,-21.528500000000008,139.97199999999998,32.08149999999999,43.181,96.791,-64.7095,-0.314,9.1551647,-94.828995,43.316994,-20.988911961180605,-126.82229415771309,49.81613310364902,0.8533445828155699,0.3233168916257751,-3.252563638952357e-17,-0.40898558723843526
13.097768545150757,9.1551647,-94.828995,43.316994,-52.29471258273358,-102.85043043988534,64.01451319919053,-0.2097055124745769,0.9624252990249538,6.849309983216629e-17,-0.17251417864773733,-21.857,133.96,36.52250000000001,37.79025,96.16975000000001,-59.64725,-0.314,9.1551647,-94.828995,43.316994,-20.90627910703813,-126.81344237283628,49.715170450550154,0.8538404442089451,0.32201525302796946,4.876012105753003e-17,-0.4089775943134344
13.16058874130249,0,0,0,0,0,0,0,0,0,1,-24.173750000000005,128.46725,35.815000000000005,34.23925,94.22800000000001,-58.413000000000004,-0.314,0,0,0,0,0,0,0,0,0,1
13.22541069984436,9.1551647,-94.828995,43.316994,-52.19213064209714,-102.7520191364287,63.90009221856532,-0.20961913002196722,0.962687855721115,0.0,-0.17114880302215177,-20.673249999999996,126.88825,40.306000000000004,32.9545,93.93375,-53.62775,-0.314,9.1551647,-94.828995,43.316994,-20.85901405511828,-126.80426177092353,49.66056521805787,0.8545270359233555,0.31971011513715253,4.872094348478585e-17,-0.4093519111412976
13.272809028625488,0,0,0,0,0,0,0,0,0,1,-18.440500000000004,122.16625,42.48325,30.62125,91.545,-49.06175,-0.314,0,0,0,0,0,0,0,0,0,1
13.347295999526978,9.1551647,-94.828995,43.316994,-52.0632068365008,-102.61953673914668,63.850826949247505,-0.20270670091934526,0.9643318781278966,3.5977727488269046e-18,-0.17021757320770023,-20.5095,110.8965,38.743,25.822,85.0745,-46.3315,-0.314,9.1551647,-94.828995,43.316994,-20.763017915181962,-126.73302440268438,49.67505585240173,0.8548540773257007,0.31722006706564376,-4.870230432039105e-17,-0.4106043540082027
13.474867820739746,9.1551647,-94.828995,43.316994,-49.642989783422394,-99.401798088846,62.673878609536,0.1859102858844918,0.9679535541022036,-7.527053925495787e-17,-0.1688291524093483,-19.8505,101.60825,40.24175,20.758,80.85025,-40.6085,-0.314,9.1551647,-94.828995,43.316994,-19.069962290758525,-125.83506577982237,49.006002069634036,0.8583438469328,0.2828144470611626,-1.6168098434450547e-17,-0.4280909120339874
13.535614490509033,0,0,0,0,0,0,0,0,0,1,-25.019,92.283,38.2015,14.53125,77.75175,-39.55025,-0.314,0,0,0,0,0,0,0,0,0,1
13.596433639526367,9.1551647,-94.828995,43.316994,-47.85191362067857,-96.94914140859849,62.43529657314563,0.5223419920657801,0.8270664894474443,4.194882752741585e-17,-0.20765323343938857,-24.52525,88.614,41.99875,11.045,77.569,-35.57025,-0.314,9.1551647,-94.828995,43.316994,-18.12975958119347,-125.55516166832962,48.502541491936014,0.8581268979529721,0.2630082439827895,-8.086093001465966e-18,-0.4409590577442522
13.64978837966919,0,0,0,0,0,0,0,0,0,1,-19.7775,87.40474999999999,47.232749999999996,10.19725,77.2075,-29.97475,-0.314,0,0,0,0,0,0,0,0,0,1
13.721235275268555,9.1551647,-94.828995,43.316994,-46.97165166542413,-96.06524253521195,62.34776559715629,0.5979424789467359,0.7693546563868944,0.0,-0.22485151671010792,-17.09225,83.23725,53.980000000000004,6.0825000000000005,77.15475,-23.17475,-0.314,9.1551647,-94.828995,43.316994,-17.74542963880731,-125.17076527744938,48.918149372111145,0.8564220080698909,0.26030668928140194,8.102190086807017e-18,-0.4458494943463448
13.848862648010254,9.1551647,-94.828995,43.316994,-46.44770125687171,-95.82573764978841,62.288491831998606,0.6163299021833508,0.7535365589731541,0.0,-0.22873588692104982,-8.530000000000001,80.89999999999999,68.8805,1.74475,79.15525,-10.274750000000001,-0.314,9.1551647,-94.828995,43.316994,-17.688320507265672,-125.20082256974828,48.83250413713442,0.8567427318848672,0.2595129437657558,8.099157011395233e-18,-0.4456959988383182
13.90526270866394,0,0,0,0,0,0,0,0,0,1,-7.7482500000000005,77.64975,76.8485,-3.4735,81.12325,-4.27475,-0.314,0,0,0,0,0,0,0,0,0,1
13.964209079742432,9.1551647,-94.828995,43.316994,-46.65862431338772,-95.95641758021101,62.2579268190807,0.6137338778232472,0.755741716589585,-1.8363135848104794e-17,-0.22844076916843598,-8.316500000000001,72.0515,81.882,-9.073500000000001,81.125,0.757,-0.314,9.1551647,-94.828995,43.316994,-17.55468667716565,-125.12893573350956,48.780790674396165,0.8569236203919529,0.25760710072700094,6.477957884492351e-17,-0.4464532343587365
14.027318954467773,0,0,0,0,0,0,0,0,0,1,-12.7205,65.6515,83.878,-15.4735,81.125,2.753,-0.314,0,0,0,0,0,0,0,0,0,1
14.086863994598389,9.1551647,-94.828995,43.316994,-46.77254006537433,-95.93803576577287,62.11479991613338,0.6177103041033459,0.7524125510884854,-3.688877275568572e-17,-0.22871233715973738,-16.747,59.8515,85.6515,-21.273500000000002,81.125,4.5265,-0.314,9.1551647,-94.828995,43.316994,-17.622618874192796,-125.16974171665888,48.720623504392236,0.8571538784449053,0.25741618050603027,-1.6190544261425133e-17,-0.44612121523252335
14.215173482894897,9.1551647,-94.828995,43.316994,-46.919376337763595,-95.95736903236372,62.14743936946447,0.6161399637478808,0.7537488892659922,1.8411685914826062e-17,-0.22854793152212768,-28.635250000000003,47.0515,86.56325,-34.0735,81.125,5.43825,-0.314,9.1551647,-94.828995,43.316994,-17.719920206721184,-125.17891609630144,48.67881104875551,0.8573539372796348,0.25761620697916005,8.093383143400711e-18,-0.4456210454329762
14.300824165344238,0,0,0,0,0,0,0,0,0,1,-33.69125,41.9955,86.56325,-39.1295,81.125,5.43825,-0.314,0,0,0,0,0,0,0,0,0,1
14.351853132247925,9.1551647,-94.828995,43.316994,-46.91510689424874,-95.94595648517125,62.11825845757582,0.6168476006921082,0.7532581271746038,1.8423681480701246e-17,-0.22825694155008253,-35.49775,40.646499999999996,86.10575,-40.478500000000004,81.125,4.9807500000000005,-0.314,9.1551647,-94.828995,43.316994,-17.740309874203888,-125.19646750664552,48.66553665781364,0.8574592895373159,0.2574177993082634,4.046194372476534e-17,-0.4455329879879292
14.400855541229248,0,0,0,0,0,0,0,0,0,1,-39.0185,38.415,84.8165,-42.71,81.125,3.6915,-0.314,0,0,0,0,0,0,0,0,0,1
14.47188401222229,9.1551647,-94.828995,43.316994,-46.78108609766139,-95.98439080817168,62.06115128729393,0.6175674175381491,0.7527821784307125,0.0,-0.22788039984248798,-39.56425,38.083000000000006,83.66475000000001,-42.573,80.656,3.00875,-0.314,9.1551647,-94.828995,43.316994,-17.70748229228954,-125.18831863159558,48.64953835474499,0.8576468625946728,0.2570140434781144,0.0,-0.44540502976116503
14.601101636886597,9.1551647,-94.828995,43.316994,-46.76881843185129,-95.93124121235148,61.99463343375279,0.618773360731304,0.7517891308578005,0.0,-0.22788732034354267,-37.7565,38.288999999999994,81.5835,-40.5255,78.8145,2.769,-0.314,9.1551647,-94.828995,43.316994,-17.690450987474236,-125.15745154581526,48.61269873379528,0.8576503885042122,0.25681508834874267,-8.090585624299694e-18,-0.4455129868982511
14.667996168136597,0,0,0,0,0,0,0,0,0,1,-38.813750000000006,36.99325,77.56750000000001,-39.694,76.68725,0.88025,-0.314,0,0,0,0,0,0,0,0,0,1
14.720690250396729,9.1551647,-94.828995,43.316994,-46.78612006903387,-95.95265232101039,62.04198549576491,0.6179556555454737,0.7524677702418103,-5.532909856067887e-17,-0.22786632600426568,-35.26225,39.452000000000005,75.53275000000001,-35.6715,75.1235,0.40925,-0.314,9.1551647,-94.828995,43.316994,-17.674654710375165,-125.18016975654562,48.63354005167635,0.8576468625946728,0.2570140434781144,0.0,-0.44540502976116503
14.811636686325073,9.1551647,-94.828995,43.316994,-45.62169855649654,-94.93846199833462,62.05384005316402,0.6804400604224436,0.6890405667711109,-2.014074131055401e-17,-0.24944823414096862,-38.40625,37.10925,63.364000000000004,-32.3305,69.43975,-6.07575,-0.314,9.1551647,-94.828995,43.316994,-17.210453737418334,-124.95522604073021,48.738028239626374,0.856052722842812,0.25231553968836623,2.431705566287187e-17,-0.4511214959910203
14.926489114761353,0,0,0,0,0,0,0,0,0,1,-46.62325,33.015,47.48675,-30.5475,63.5625,-16.07575,-0.314,0,0,0,0,0,0,0,0,0,1
15.026026725769043,9.000173529588611,-92.68395005972917,42.68573968243571,-39.83778303274002,-91.07487043655419,60.14463041098561,0.8331701631692313,0.4234356584873996,0.0,-0.35571016618294543,-47.266,40.425250000000005,33.416250000000005,-20.1285,60.55375,-27.1375,-0.314,9.1551647,-94.828995,43.316994,-15.007367283325806,-123.98292070463658,48.27205355233326,0.8512471545432013,0.2156119437494293,8.151444462249977e-18,-0.47842425899477153
15.104561567306519,8.868676727090838,-90.86406219056241,42.150174178269936,-37.11436956391074,-89.26546685609934,58.872475640198424,0.8595667993453984,0.32972562390247573,8.072547600944487e-17,-0.3904176358788504,-41.476,45.8645,29.2455,-12.4285,58.293,-29.0475,-0.314,9.1551647,-94.828995,43.316994,-14.215345362728897,-123.65154002611371,47.96580508589511,0.8500452388164802,0.19911059652748372,8.162970142116513e-18,-0.48762491970355953
15.155339479446411,0,0,0,0,0,0,0,0,0,1,-33.79925,49.241,29.49875,-7.0285,56.2695,-26.77075,-0.314,0,0,0,0,0,0,0,0,0,1
15.22329592704773,8.799078844787092,-89.90084225427212,41.86671310380384,-34.83765115946639,-88.30571656531974,58.00113604726528,0.864738717346172,0.26841201773529844,-1.6048532960805205e-17,-0.4244784322645415,-21.839000000000002,49.09875,29.663249999999998,-1.20175,50.3005,-20.63725,-0.314,9.1551647,-94.828995,43.316994,-13.324013148912883,-123.47804198991591,47.6329007211756,0.8469261652680734,0.18770579905634363,-8.19303286221048e-18,-0.49747623419107745
15.31193470954895,8.5539617575562,-86.50847373196879,40.868390301204286,-23.982484558307192,-83.88625032200056,57.767520582794205,0.8218208946773883,0.15490393841023054,2.5329949440983032e-17,-0.5482838561700102,-13.341750000000001,44.296,29.76325,0.5955,43.7005,-13.93725,-0.314,9.1551647,-94.828995,43.316994,-10.634241300459138,-122.42426229166526,46.94444175302979,0.8304471264106108,0.1537087226990738,-8.355611914630581e-18,-0.5354728740119131
15.406413793563843,0,0,0,0,0,0,0,0,0,1,-9.08125,25.227750000000004,29.698500000000003,-6.776,32.003750000000004,-2.30525,-0.314,0,0,0,0,0,0,0,0,0,1
15.477444887161255,8.491632231417293,-84.56619222873348,40.395389738681224,-18.517310189622236,-81.93033886902865,53.7325262199726,0.7900187490471016,0.08310197220989132,-1.7566403106955952e-17,-0.6074244301712594,-11.46075,14.747750000000002,29.076500000000003,-12.89475,27.642500000000002,1.434,-0.314,9.1551647,-94.828995,43.316994,-8.882371432740257,-121.75630985995474,47.016493925451755,0.8200230335143149,0.13410376682228,5.077096828002281e-17,-0.5563977032932973
15.555701971054077,0,0,0,0,0,0,0,0,0,1,-13.833,12.812750000000001,27.832250000000002,-14.42625,27.239,0.59325,-0.314,0,0,0,0,0,0,0,0,0,1
15.608040571212769,8.485741685750146,-83.72662570380265,40.21753509518151,-17.07600697348184,-81.36287263337468,52.222285474086,0.7842090701713844,0.047600550548530865,6.636202800859059e-18,-0.6186681839632691,-15.16675,12.28075,20.676,-11.781,24.06175,-3.3857500000000003,-0.314,9.1551647,-94.828995,43.316994,-8.297126904521917,-121.46686133055817,46.533370348071536,0.818810328596288,0.12110152759283158,0.0,-0.5611453161158181
15.658283233642578,0,0,0,0,0,0,0,0,0,1,-10.3385,12.5045,15.0705,-6.45225,18.95675,-3.88625,-0.314,0,0,0,0,0,0,0,0,0,1
15.778518915176392,8.48438831144794,-83.53373223959082,40.17667234363999,-16.962854411512495,-81.26347876641444,51.73626350243198,0.7830199476621305,0.03930100120449771,-6.646280779268216e-18,-0.620753729644469,-0.7597500000000001,9.938,6.13275,1.52275,8.41525,-2.2825,-0.314,9.1551647,-94.828995,43.316994,-8.293558969246135,-121.55147598213311,46.42883504027212,0.8189082545079636,0.11860119548741539,1.6946694249837363e-17,-0.5615363097144088
15.847805261611938,8.485188694050393,-83.64780901246183,40.20083848553357,-16.70224894012651,-81.33040657124418,51.97439257924613,0.7827109111438518,0.0370005157944583,-2.216301639952465e-18,-0.6212846299461343,-0.16875000000000018,8.812000000000001,4.82625,1.9085,6.9035,-2.0772500000000003,-0.314,9.1551647,-94.828995,43.316994,-8.2304904949699,-121.54148364293684,46.50708157827765,0.8188114418624396,0.1192016656937015,8.474348976028306e-18,-0.5615503410835039
15.935257196426392,8.485271035073982,-83.65954489754607,40.20332462760311,-16.683318163483136,-81.34220137729986,51.97597632347631,0.7826137718443451,0.037000651109431085,-2.2165767309316257e-18,-0.6214069809207534,-0.040000000000000036,5.16,2.5570000000000004,1.2815,3.8785000000000003,-1.3215000000000001,-0.314,9.1551647,-94.828995,43.316994,-8.212641047795472,-121.51545454050687,46.550715086757464,0.8185320565318999,0.11880465279901001,1.6954482963824658e-17,-0.5620415704402703
15.979847431182861,0,0,0,0,0,0,0,0,0,1,-0.040000000000000036,4.06775,1.4647499999999998,1.2815,2.78625,-1.3215000000000001,-0.314,0,0,0,0,0,0,0,0,0,1
16.03460121154785,0,0,0,0,0,0,0,0,0,1,-0.040000000000000036,3.2437500000000004,0.6407499999999999,1.2815,1.96225,-1.3215000000000001,-0.314,0,0,0,0,0,0,0,0,0,1
16.149843454360962,8.484750960445561,-83.58541980402158,40.187621890903046,-16.548286202302677,-81.30281132367867,51.79181662882114,0.7819186859404407,0.03410081492591,0.0,-0.6224470282671154,-0.012500000000000178,6.032500000000001,0.4079999999999999,2.806,3.2265,-2.8185000000000002,-0.314,9.1551647,-94.828995,43.316994,-8.13254841396133,-121.49812506354417,46.48011155119653,0.8185168652993637,0.11780242728437999,0.0,-0.5622746031490412
16.224353551864624,8.484782943499257,-83.58997827835745,40.188587562834726,-16.48776509359209,-81.3078712404104,51.788411831747865,0.7815132106699094,0.033200561221037726,2.2196982114861635e-18,-0.6230046743669087,-0.27725000000000044,8.5585,0.07774999999999999,4.10175,4.45675,-4.3790000000000004,-0.314,9.1551647,-94.828995,43.316994,-8.083654222580634,-121.522150376346,46.47444212494655,0.8185310131417155,0.11740444831134685,2.5431756863826512e-17,-0.562337244046582
16.284653663635254,0,0,0,0,0,0,0,0,0,1,0.08250000000000046,11.23075,0.4667500000000002,5.42325,5.8075,-5.34075,-0.314,0,0,0,0,0,0,0,0,0,1
16.355823755264282,8.484796677649653,-83.59193577662197,40.189002241297544,-16.405178708693796,-81.31380255852311,51.767333205253884,0.7810080441106494,0.032700336802072,1.3326803653748593e-17,-0.6236642710685686,-0.4247499999999995,15.1805,0.051750000000000185,7.352,7.8285,-7.77675,-0.314,9.1551647,-94.828995,43.316994,-8.064129166701207,-121.51454408564109,46.48712741306379,0.8184182486895939,0.11750262001591798,1.6956840625236308e-17,-0.5624808481195185
16.466696977615356,8.484562485778703,-83.55855692407248,40.181931230550525,-16.358454321508447,-81.28571000236755,51.733752854886404,0.7807081704717828,0.03220033699140695,8.887948360671116e-18,-0.62406561422357,0.5812499999999989,18.38875,-1.0685000000000002,10.01925,8.3695,-9.438,-0.314,9.1551647,-94.828995,43.316994,-8.062399943494654,-121.49465384636274,46.48830561871307,0.8183329617712074,0.11730472493677455,1.695860787249391e-17,-0.5626462167172824
16.590869903564453,8.48446224282345,-83.54426951602136,40.17890457120906,-16.31714146706591,-81.29304908393608,51.6272663020286,0.780420560822993,0.03140082728067911,4.445611925312305e-18,-0.624465960874421,0.49274999999999913,24.72525,-1.8510000000000009,13.5345,11.19075,-13.04175,-0.314,9.1551647,-94.828995,43.316994,-8.050780171422105,-121.49921839830654,46.37855979527302,0.81841257831249,0.1167017936083426,1.6956958110821678e-17,-0.5626557944503001
16.67131280899048,0,0,0,0,0,0,0,0,0,1,1.0242500000000003,27.4195,-1.96725,15.2055,12.214,-14.18125,-0.314,0,0,0,0,0,0,0,0,0,1
16.715895414352417,8.48422241229028,-83.51008699734044,40.17166331099514,-16.263059606065553,-81.25740367890288,51.62513149272647,0.7801081621320151,0.031200326443428884,-6.671088293330454e-18,-0.6248662216865568,1.4444999999999997,29.7215,-1.654,16.41,13.3115,-14.9655,-0.314,9.1551647,-94.828995,43.316994,-8.041152809665988,-121.49068726439337,46.390158659862834,0.8183406186757135,0.11660578777659561,1.6958449197196525e-17,-0.5627803497657413
16.794761180877686,0,0,0,0,0,0,0,0,0,1,2.0707499999999985,30.53175,-1.4700000000000006,17.03625,13.4955,-14.9655,-0.314,0,0,0,0,0,0,0,0,0,1
16.845521211624146,8.483898434832357,-83.46391120245256,40.16188138270926,-16.18604785727416,-81.21268455561146,51.60591195682829,0.7798176199185395,0.030900698198875177,-4.4490491921893695e-18,-0.6252436537186176,2.0707499999999985,30.53175,-1.4700000000000006,17.03625,13.4955,-14.9655,-0.314,9.1551647,-94.828995,43.316994,-7.995609835695404,-121.47786695374508,46.44638567433802,0.8183167361165178,0.11680238882855826,-2.5438416193846072e-17,-0.5627743076541002
16.96872591972351,8.483933126737794,-83.4688557634725,40.16292884364458,-16.188317745215215,-81.21366284064699,51.62575863330382,0.779710119840767,0.030800399757721718,-2.2248312954192175e-18,-0.6253826543746326,2.0707499999999985,30.53175,-1.4700000000000006,17.03625,13.4955,-14.9655,-0.314,9.1551647,-94.828995,43.316994,-8.00010314233333,-121.46504042082661,46.40619500068419,0.8183237338699322,0.1166033818516853,-2.5438198661644073e-17,-0.5628053996950656
17.048211097717285,0,0,0,0,0,0,0,0,0,1,2.0707499999999985,30.53175,-1.4700000000000006,17.03625,13.4955,-14.9655,-0.314,0,0,0,0,0,0,0,0,0,1
17.093656301498413,8.48410490637672,-83.49333913779066,40.16811542705604,-16.23785268507612,-81.22382172759526,51.700210542271634,0.7795147893355164,0.03090058626102303,0.0,-0.6256211689001023,2.0707499999999985,30.53175,-1.4700000000000006,17.03625,13.4955,-14.9655,-0.314,9.1551647,-94.828995,43.316994,-8.034065668218233,-121.47367843839433,46.432116641990596,0.8182278752102167,0.11670397584579845,0.0,-0.5629239080468669
17.15163564682007,0,0,0,0,0,0,0,0,0,1,2.0707499999999985,30.53175,-1.4700000000000006,17.03625,13.4955,-14.9655,-0.314,0,0,0,0,0,0,0,0,0,1
17.215277433395386,8.4842193564669,-83.50965145755191,40.171571045794565,-16.238446964312146,-81.24322282435584,51.68910899838458,0.7795163490768204,0.03060064179826904,2.2253843399580215e-18,-0.6256339682621769,1.97025,30.53275,-1.5715000000000003,17.03725,13.4955,-15.067,-0.314,9.1551647,-94.828995,43.316994,-8.01599950317808,-121.49541836408918,46.433111283396144,0.8183272273927853,0.11650387631829341,-8.479363354455098e-18,-0.5628209268590219
17.352920055389404,8.484004190436936,-83.47898431629392,40.16507448678033,-16.154672020941746,-81.21035194894739,51.6902334596647,0.7794199552932641,0.030400778343488873,6.676978684709583e-18,-0.6257637940683017,2.62575,31.6415,-2.024750000000001,18.146,13.4955,-15.52025,-0.314,9.1551647,-94.828995,43.316994,-7.994745224092128,-121.46792183410591,46.44697477716266,0.8183173251943955,0.11630246232446315,-1.695893192108296e-17,-0.5628769781612645
17.44067883491516,8.483559347288924,-83.41558180029318,40.15164323202511,-16.128824351472105,-81.14258579788967,51.69653002649201,0.7792145219871027,0.03040056656623194,4.452492675708935e-18,-0.6260195957610778,2.62575,31.6415,-2.024750000000001,18.146,13.4955,-15.52025,-0.314,9.1551647,-94.828995,43.316994,-8.003724692110609,-121.41873882025507,46.478603882471745,0.8182214759223988,0.11640305523999908,8.480459274287395e-18,-0.5629955107016087
17.528571844100952,0,0,0,0,0,0,0,0,0,1,2.9459999999999997,29.731,-2.333500000000001,17.50525,12.22575,-14.55925,-0.314,0,0,0,0,0,0,0,0,0,1
17.593679904937744,8.483611858131614,-83.4230660552687,40.15322870436233,-16.174096993075494,-81.16486208565937,51.62979057095444,0.7792150326359639,0.03030058455963771,0.0,-0.6260238074462329,2.9459999999999997,29.719250000000002,-2.34525,17.50525,12.214,-14.55925,-0.314,9.1551647,-94.828995,43.316994,-8.011676445161697,-121.44569276589331,46.436056797519356,0.8182214759223988,0.11640305523999908,8.480459274287395e-18,-0.5629955107016087
17.6558518409729,0,0,0,0,0,0,0,0,0,1,2.62575,31.555750000000003,-2.1105,18.146,13.40975,-15.52025,-0.314,0,0,0,0,0,0,0,0,0,1
17.818315267562866,8.484167622561895,-83.50227793779658,40.17000903172126,-16.134058490335946,-81.21703961871424,51.77287943614906,0.7791170771481395,0.030400666339755415,0.0,-0.6261408624121564,2.8795,35.4735,-3.039999999999999,20.6965,14.777000000000001,-17.817,-0.314,9.1551647,-94.828995,43.316994,-7.973267081883023,-121.46466438423357,46.53020985647166,0.8182144988783128,0.11660206620534254,8.48053158850122e-18,-0.5629644677792341
17.859925985336304,0,0,0,0,0,0,0,0,0,1,2.004749999999998,37.7035,-4.005750000000001,21.857,15.8465,-19.85225,-0.314,0,0,0,0,0,0,0,0,0,1
17.957393407821655,8.48413856931868,-83.49813704290803,40.16913182025284,-16.139146076209954,-81.22361418255633,51.72158721860818,0.7790101185605779,0.030200392272823423,0.0,-0.626283619047155,3.7087499999999984,42.65275,-3.9510000000000005,25.15625,17.4965,-21.4475,-0.314,9.1551647,-94.828995,43.316994,-8.015405223942054,-121.47601726732859,46.44421282728319,0.8183138381988392,0.11640196843009275,1.69590041864138e-17,-0.5628614784810593
18.041316032409668,0,0,0,0,0,0,0,0,0,1,3.2764999999999986,46.01525,-5.443750000000001,27.36775,18.6475,-24.091250000000002,-0.314,0,0,0,0,0,0,0,0,0,1
18.104074239730835,8.483863616914022,-83.45894868109146,40.160830117036646,-16.10373180474309,-81.20915989660277,51.59534577139671,0.778817202732306,0.02980065824527827,-4.4547641471989006e-18,-0.6265426445952216,4.302250000000001,49.4165,-5.28275,29.50075,19.91575,-25.1985,-0.314,9.1551647,-94.828995,43.316994,-8.011676445161697,-121.44569276589331,46.436056797519356,0.8183138381988392,0.11640196843009275,1.69590041864138e-17,-0.5628614784810593
18.22026491165161,8.483640828380416,-83.42719512114594,40.154103409960726,-16.151768529777883,-81.19871941217565,51.48959384785458,0.7788086957990135,0.029400328269762438,-2.227406403310738e-18,-0.6265721315582669,4.859999999999999,54.3705,-7.142000000000003,33.18625,21.18425,-28.32625,-0.314,9.1551647,-94.828995,43.316994,-8.007730948515615,-121.46313729258284,46.38526190068124,0.8183208086249977,0.11620295486035039,8.479429865124002e-18,-0.5628924652658386
18.290769577026367,0,0,0,0,0,0,0,0,0,1,4.707499999999996,56.05175,-8.17725,34.46825,21.5835,-29.76075,-0.314,0,0,0,0,0,0,0,0,0,1
18.35604214668274,8.4838368425565,-83.45513259077127,40.16002171250489,-16.19254786474329,-81.23382223286383,51.46304506597083,0.7788096753646027,0.02920036276405547,4.45480720347931e-18,-0.6265802649085987,3.5417500000000004,59.764500000000005,-10.603250000000003,36.954750000000004,22.80975,-33.413000000000004,-0.314,9.1551647,-94.828995,43.316994,-8.010872593317345,-121.49759064527143,46.292509021715375,0.8184235988592649,0.11590334201831479,-1.695672977558026e-17,-0.5628047868837244
18.402994632720947,0,0,0,0,0,0,0,0,0,1,1.7394999999999996,62.859,-10.774500000000003,37.6865,25.1725,-35.947,-0.314,0,0,0,0,0,0,0,0,0,1
18.466790437698364,8.48418062279309,-83.50413083217082,40.17040155078745,-16.17339322497682,-81.26985611903044,51.534000395743504,0.7788082034433355,0.029500310736489975,2.227407811457423e-18,-0.6265680441227551,4.963749999999997,68.31325,-10.729000000000003,42.003,26.31025,-37.03925,-0.314,9.1551647,-94.828995,43.316994,-8.002156312408658,-121.51378773398696,46.38340281008545,0.8184300472158017,0.11620426623469716,2.543489426193171e-17,-0.5627333527730486
18.60323476791382,8.484227924939605,-83.51087270313067,40.17182975572474,-16.190370915290572,-81.26241015380734,51.60296644270508,0.7787097454623099,0.029700371696713242,-4.4553788779076445e-18,-0.6266809557048161,6.913000000000004,74.873,-13.291999999999998,47.539,27.334,-40.626,-0.314,9.1551647,-94.828995,43.316994,-8.050826640666259,-121.51400150129606,46.45844382187791,0.8183237338699322,0.1166033818516853,-2.5438198661644073e-17,-0.5628053996950656
18.658116340637207,0,0,0,0,0,0,0,0,0,1,6.114750000000001,79.439,-15.571750000000002,50.56275,28.87625,-44.448,-0.314,0,0,0,0,0,0,0,0,0,1
18.730891704559326,8.485042806678711,-83.62701600607562,40.19643367349272,-16.003574788135353,-81.27776073022261,52.097204813011885,0.7768211716412993,0.034400937570109036,1.1165526502783212e-17,-0.628780917954844,1.1157499999999985,83.4815,-19.32825,51.96275,31.51875,-50.847,-0.314,9.1551647,-94.828995,43.316994,-7.987364054645354,-121.59080037332505,46.64330710495655,0.8170226855184664,0.12130336811920432,1.6985804744219423e-17,-0.5637015382550683
18.777509450912476,0,0,0,0,0,0,0,0,0,1,2.085499999999996,89.91325,-17.566750000000006,54.78275,35.1305,-52.697250000000004,-0.314,0,0,0,0,0,0,0,0,0,1
18.842923641204834,8.489295512941899,-84.23314488117283,40.32483664311348,-16.227430370394472,-81.71561359434644,53.02751312087007,0.7738160977816784,0.04860101105219638,-1.5692442127591468e-17,-0.6315430219222127,7.049999999999997,97.696,-17.522000000000006,61.134,36.562,-54.084,-0.314,9.1551647,-94.828995,43.316994,-8.354072010680142,-121.79853199657056,46.95390789002413,0.8153281843709813,0.1338046253757357,-8.510553218837303e-18,-0.5633260814114486
18.94067072868347,8.509589567870592,-85.89437203365127,40.68766944952947,-16.725453499249937,-82.88035571138099,57.12543317425458,0.7318082116904411,0.15160170113729282,0.0,-0.6644348467041126,10.793749999999996,105.4035,-21.485750000000003,68.8415,36.562,-58.04775,-0.314,9.1551647,-94.828995,43.316994,-10.005047627265213,-122.32140832306406,48.01912141821184,0.8137167336364118,0.1686034672374328,1.7054814328072286e-17,-0.5562714699097956
19.021949768066406,0,0,0,0,0,0,0,0,0,1,11.58325,108.381,-21.345750000000002,70.655,37.726,-59.07175,-0.314,0,0,0,0,0,0,0,0,0,1
19.10574769973755,8.718849415698823,-88.79048396437847,41.539951434908374,-17.240054764936218,-84.80213141787772,61.46630447749234,-0.6759015571297747,-0.245800566270896,-5.992185223800839e-17,0.6947943340949556,11.410250000000005,115.64,-24.973749999999995,76.012,39.628,-64.60175,-0.314,9.1551647,-94.828995,43.316994,-11.497450565268565,-122.93038111702825,48.94706840314716,0.8093394790439102,0.20511000513024344,8.57352703479174e-18,-0.5503630560424667
19.165681838989258,0,0,0,0,0,0,0,0,0,1,11.887249999999995,117.95075,-25.251000000000005,77.5445,40.40625,-65.65725,-0.314,0,0,0,0,0,0,0,0,0,1
19.215921640396118,8.906408975690857,-91.38626851192694,42.30385160890648,-17.885832757964494,-86.66105861657495,64.93870428938959,-0.6272991638718963,-0.31499958013653334,-3.8969982513281754e-17,0.7122296143235181,12.180999999999997,119.991,-26.997500000000002,79.58475,40.40625,-67.40375,-0.314,9.1551647,-94.828995,43.316994,-12.688289965201164,-123.53557643118985,49.70814668774408,0.8067409168939855,0.23501191951169775,1.7202285786179046e-17,-0.5421609453810546
19.321986198425293,9.046817677881279,-93.32949518351177,42.875713859162694,-17.738832369814844,-87.97964023993387,67.63153428558763,-0.5866971111272691,-0.35769823870841017,3.820319795936865e-17,0.7265249271840698,20.494250000000008,129.19400000000002,-27.887249999999995,88.78775,40.40625,-68.2935,-0.314,9.1551647,-94.828995,43.316994,-13.409107119334408,-123.84550305996478,50.39645484190429,0.8042209455833347,0.2545066285139999,0.0,-0.5370801120200634
19.423914909362793,0,0,0,0,0,0,0,0,0,1,22.790999999999997,132.15975,-28.25875,91.60475,40.555,-68.81375,-0.314,0,0,0,0,0,0,0,0,0,1
19.46747636795044,9.1551647,-94.828995,43.316994,-17.11834874855441,-91.66921403116794,71.63215240217741,-0.47328912346548524,-0.4339900265878314,0.0,0.7665833695245197,23.637500000000003,135.8925,-28.795,94.16250000000001,41.730000000000004,-70.525,-0.314,9.1551647,-94.828995,43.316994,-15.274397621530284,-124.80441461365258,50.64979251107705,0.796333520140362,0.29251231274777834,-1.7427104921275143e-17,-0.5294237164991816
19.530574083328247,0,0,0,0,0,0,0,0,0,1,24.6995,138.58800000000002,-27.950000000000003,95.61875,42.96925,-70.91925,-0.314,0,0,0,0,0,0,0,0,0,1
19.59106945991516,9.1551647,-94.828995,43.316994,-17.24846364778415,-93.2422579659004,73.59549213141426,-0.41328812264114734,-0.4675865621751768,-5.328179413421345e-17,0.7813806591904842,27.27499999999999,141.1635,-27.950000000000003,98.19425,42.96925,-70.91925,-0.314,9.1551647,-94.828995,43.316994,-16.061385570754766,-125.16753377933674,50.97520676904421,0.792627508226639,0.3112108006057659,1.7508587153205805e-17,-0.5242990280257516
19.72822093963623,9.1551647,-94.828995,43.316994,-17.55586975395005,-94.63946030915595,74.37826099761494,-0.3747952367998377,-0.4863938185150507,0.0,0.7892715526246347,28.5505,142.43900000000002,-27.950000000000003,99.46975,42.96925,-70.91925,-0.314,9.1551647,-94.828995,43.316994,-16.739003351291785,-125.49989663049936,50.79062865910933,0.7899312672916469,0.32351280537896926,3.513669703288426e-17,-0.5209107963085828
19.812225341796875,9.1551647,-94.828995,43.316994,-17.227637637992927,-95.3996922991952,75.52713479371933,-0.35169054046180437,-0.4933867292119827,-8.722247971812174e-17,0.7955396276661431,28.5505,142.43900000000002,-27.950000000000003,99.46975,42.96925,-70.91925,-0.314,9.1551647,-94.828995,43.316994,-16.721749521193743,-125.5678932718746,51.40396279488577,0.7872248008464426,0.33071041874989654,0.0,-0.5204879747530646
19.905330896377563,0,0,0,0,0,0,0,0,0,1,28.5505,142.43900000000002,-27.950000000000003,99.46975,42.96925,-70.91925,-0.314,0,0,0,0,0,0,0,0,0,1
19.96780014038086,9.1551647,-94.828995,43.316994,-17.13939930685447,-95.5483923958054,75.70121028936997,-0.34659374543612703,-0.4952910620730343,5.226432055575884e-17,0.7965924550578689,28.5505,142.43900000000002,-27.950000000000003,99.46975,42.96925,-70.91925,-0.314,9.1551647,-94.828995,43.316994,-16.76528579433318,-125.54674937235205,51.450411997614225,0.786943406723654,0.3311182640312642,-5.290515565379596e-17,-0.5206541748983596
20.03282070159912,0,0,0,0,0,0,0,0,0,1,28.5505,142.43900000000002,-27.950000000000003,99.46975,42.96925,-70.91925,-0.314,0,0,0,0,0,0,0,0,0,1
20.201399326324463,9.1551647,-94.828995,43.316994,-17.07378120715299,-95.72436903281958,75.6899635913326,-0.34479499508239875,-0.49609279889900826,0.0,0.7968741094091819,28.804500000000004,143.4955,-28.752499999999998,100.52625,42.96925,-71.72175,-0.314,9.1551647,-94.828995,43.316994,-16.768250045255968,-125.6202249081411,51.506914730795735,0.7865457019225123,0.3325193209017613,-1.7643968778792778e-17,-0.520362143140961
20.282827138900757,0,0,0,0,0,0,0,0,0,1,27.80250000000001,143.4955,-29.754499999999993,100.52625,42.96925,-72.72375,-0.314,0,0,0,0,0,0,0,0,0,1
20.34532618522644,9.1551647,-94.828995,43.316994,-17.093012235033484,-95.87186268874268,75.83165264888152,-0.33269582051442836,-0.4988937326559916,1.734156533973052e-17,0.8002615413280856,26.744749999999996,143.4955,-30.812250000000006,100.52625,42.96925,-73.78150000000001,-0.314,9.1551647,-94.828995,43.316994,-16.8245017104517,-125.6037524442169,51.481138615980356,0.7864343318480163,0.3333145508709866,-1.7646467410957885e-17,-0.5200215878869232
20.407796382904053,0,0,0,0,0,0,0,0,0,1,25.709000000000003,144.72675,-30.616750000000003,100.52625,44.2005,-74.81725,-0.314,0,0,0,0,0,0,0,0,0,1
20.475815057754517,9.1551647,-94.828995,43.316994,-17.01686509784534,-95.83708868509044,75.81184401015868,-0.33009008398277156,-0.5004849652631842,-1.0403828068753197e-16,0.8003470097412473,24.54625,144.78225,-31.724000000000004,100.52625,44.256,-75.98,-0.314,9.1551647,-94.828995,43.316994,-16.872090709240297,-125.64179012001165,51.514129863523195,0.786228233524772,0.33461201594681855,-3.5302186352678723e-17,-0.5194997243430669
20.598368883132935,9.1551647,-94.828995,43.316994,-17.555149710778807,-96.50119625470539,76.10048013308726,-0.3302939844262197,-0.5059907844979324,0.0,0.7967930784432172,19.281999999999996,151.315,-30.455500000000008,100.52625,50.78875,-81.24425000000001,-0.314,9.1551647,-94.828995,43.316994,-16.975661040857347,-125.6728113090036,51.51083255518826,0.7861360706319178,0.3357154037795888,-5.2959487522277575e-17,-0.5189270142481658
20.65345025062561,0,0,0,0,0,0,0,0,0,1,13.709500000000006,152.46575,-34.87725,100.52625,51.9395,-86.81675,-0.314,0,0,0,0,0,0,0,0,0,1
20.72105884552002,9.1551647,-94.828995,43.316994,-19.649946959974216,-96.77832772336258,76.7239563827098,-0.3348955144302902,-0.5370928062123281,-5.377639807724394e-17,0.774193975647859,11.243499999999997,152.46575,-37.343250000000005,100.52625,51.9395,-89.28275000000001,-0.314,9.1551647,-94.828995,43.316994,-17.520411779011482,-125.6891150574353,51.39733885021916,0.7860154148791955,0.3440067464611237,0.0,-0.513652728953637
20.822362899780273,9.1551647,-94.828995,43.316994,-20.19114765106721,-96.79990943430316,77.03385320701317,-0.3310953381349894,-0.5484922771580844,1.8074509255064425e-17,0.7678099367442546,12.187750000000008,151.216,-37.64874999999999,100.52625,50.689750000000004,-88.3385,-0.314,9.1551647,-94.828995,43.316994,-17.646727459283284,-125.74470219977201,51.67239233324439,0.7858434813372264,0.3475192285119448,-3.531947044772679e-17,-0.5115470737422421
20.90551781654358,0,0,0,0,0,0,0,0,0,1,11.364249999999998,151.91025000000002,-37.778000000000006,100.52625,51.384,-89.162,-0.314,0,0,0,0,0,0,0,0,0,1
21.067673921585083,9.1551647,-94.828995,43.316994,-20.228673592508727,-97.12597526457283,76.82202101387558,-0.3319929740263198,-0.5489883817483417,-1.8092005349243974e-17,0.7670674167910513,10.725750000000005,153.77375,-36.553,100.52625,53.2475,-89.8005,-0.314,9.1551647,-94.828995,43.316994,-17.743161920348825,-125.94495269191387,51.46002440931061,0.786548862384556,0.3472215702732585,0.0,-0.5106643400694175
21.116275787353516,9.1551647,-94.828995,43.316994,-20.76412713901371,-97.46178078017033,76.99615933599208,-0.3325954422591959,-0.5547923973704206,-3.6395139705330953e-17,0.7626176418156029,10.255499999999998,155.02875,-35.76825000000001,100.52625,54.5025,-90.27075,-0.314,9.1551647,-94.828995,43.316994,-17.795190611273824,-125.93185078378673,51.484951409211476,0.7866377215852196,0.347516664443,-5.2925714443930406e-17,-0.5103266237554394
21.168694496154785,0,0,0,0,0,0,0,0,0,1,10.069500000000005,155.21425,-35.76875,100.52625,54.688,-90.45675,-0.314,0,0,0,0,0,0,0,0,0,1
21.236475467681885,9.1551647,-94.828995,43.316994,-21.332599951826722,-97.81377288374512,76.81301944379635,-0.3332983203932589,-0.5668971432071362,0.0,0.7533524133143931,9.585250000000002,156.27625,-35.191,100.52625,55.75,-90.941,-0.314,9.1551647,-94.828995,43.316994,-18.10067949791639,-126.19854165810429,51.00354459819441,0.7888528293772458,0.3484233338679417,-7.036946457437531e-17,-0.5062730429322332
21.294323444366455,0,0,0,0,0,0,0,0,0,1,10.41425000000001,155.036,-35.60224999999999,100.52625,54.509750000000004,-90.112,-0.314,0,0,0,0,0,0,0,0,0,1
21.407517671585083,9.1551647,-94.828995,43.316994,-21.954406282478118,-97.46400644616693,77.25292889619048,-0.33089762036370535,-0.575995857750058,-1.8565946545034704e-17,0.7474861448163518,11.424500000000009,153.348,-36.279999999999994,100.52625,52.82175,-89.10175,-0.314,9.1551647,-94.828995,43.316994,-18.18221899193469,-125.99713622330052,51.45762296339885,0.7877317346069979,0.35191417723524504,-1.7617403486655432e-17,-0.5056037244264433
21.4691903591156,9.1551647,-94.828995,43.316994,-22.173411094660793,-97.84348091532087,77.3603347596299,-0.32919534016360125,-0.5769918325467741,5.569906996974756e-17,0.7474696336232571,12.185749999999999,152.21875,-36.648,100.52625,51.6925,-88.3405,-0.314,9.1551647,-94.828995,43.316994,-18.179238190637562,-126.07762202362215,51.45399656432913,0.7878090299742085,0.35170403127942257,0.0,-0.5056295152311617
21.537803649902344,0,0,0,0,0,0,0,0,0,1,12.187750000000008,151.18425000000002,-37.680499999999995,100.52625,50.658,-88.3385,-0.314,0,0,0,0,0,0,0,0,0,1
21.61578869819641,9.1551647,-94.828995,43.316994,-22.054044485944644,-97.83517793705929,77.38447338584592,-0.329197303326885,-0.5766952759070917,-3.7121392104044465e-17,0.7476975954413324,12.645250000000004,150.93675000000002,-37.4705,100.52625,50.4105,-87.881,-0.314,9.1551647,-94.828995,43.316994,-18.203680583769454,-126.1543550092835,51.42726421820164,0.7877317346069979,0.35191417723524504,-1.7617403486655432e-17,-0.5056037244264433
21.691551208496094,9.1551647,-94.828995,43.316994,-21.91192446129719,-98.05442493662213,77.65192927338049,-0.3262971887567814,-0.5763950340159628,-9.261752003598366e-17,0.7491988450145651,17.612750000000005,148.2005,-35.23925,100.52625,47.67425,-82.9135,-0.314,9.1551647,-94.828995,43.316994,-18.196971003692,-126.20451630816987,51.41548178936809,0.7875371533759216,0.3513165739440777,-1.7621756317558844e-17,-0.5063219301242495
21.81160044670105,9.1551647,-94.828995,43.316994,-20.937898633579778,-97.8102321165302,77.36219913419072,-0.3198939693548136,-0.5603894355312211,0.0,0.7639578057166645,25.144000000000005,143.4955,-32.413,100.52625,42.96925,-75.38225,-0.314,9.1551647,-94.828995,43.316994,-17.987506838015236,-126.10318259414701,51.43435615557431,0.7860275219594448,0.350112258826974,0.0,-0.5094920420785478
21.90943455696106,0,0,0,0,0,0,0,0,0,1,26.886250000000004,142.214,-31.95225,100.52625,41.68775,-73.64,-0.314,0,0,0,0,0,0,0,0,0,1
21.97682476043701,9.1551647,-94.828995,43.316994,-20.29634472176619,-98.25125599055902,77.58514872663999,-0.3184963527485026,-0.5579936101527925,3.6220632516087114e-17,0.7662918532220965,27.212249999999997,142.214,-31.626250000000006,100.52625,41.68775,-73.31400000000001,-0.314,9.1551647,-94.828995,43.316994,-17.951908027412145,-126.10422054328,51.56938077312695,0.7855374697825072,0.35101674334011457,0.0,-0.5096254796049711
22.060393810272217,9.1551647,-94.828995,43.316994,-20.282458243631368,-97.77817514614577,77.21704319778414,-0.31759430355842044,-0.5567900132913365,5.424254759890251e-17,0.7675407086573813,26.683750000000003,142.214,-32.15475,100.52625,41.68775,-73.8425,-0.314,9.1551647,-94.828995,43.316994,-17.868403416408995,-126.06189369075011,51.58101767546948,0.7852241209969902,0.3509107794929239,0.0,-0.5101810508438867
22.15785837173462,0,0,0,0,0,0,0,0,0,1,26.683750000000003,142.214,-32.15475,100.52625,41.68775,-73.8425,-0.314,0,0,0,0,0,0,0,0,0,1
22.304279565811157,9.1551647,-94.828995,43.316994,-20.473564476128615,-97.8401149189432,77.5246823897713,-0.3174952956155421,-0.5561917588074475,7.227870713139884e-17,0.7680152763433015,27.49600000000001,140.9325,-32.623999999999995,100.52625,40.40625,-73.03025,-0.314,9.1551647,-94.828995,43.316994,-17.884199693508066,-126.03917548001975,51.560176357588404,0.7852384786316635,0.3505171762103898,1.7673341520397133e-17,-0.5104294670742718
22.349277019500732,9.1551647,-94.828995,43.316994,-20.401686782455386,-97.81675346248343,77.53405466293712,-0.3169974181534593,-0.5559954715877711,-3.612299949062569e-17,0.7683629822277573,27.547750000000008,140.662,-32.842749999999995,100.52625,40.13575,-72.9785,-0.314,9.1551647,-94.828995,43.316994,-17.860134861746502,-126.02961261924379,51.53316829275458,0.7852384786316635,0.3505171762103898,1.7673341520397133e-17,-0.5104294670742718
22.445667266845703,9.1551647,-94.828995,43.316994,-20.26681077938173,-97.66775138172012,77.53667071398482,-0.31639654169904075,-0.555893923926981,7.221582260691522e-17,0.7686840532637262,28.051249999999996,139.651,-33.35025000000001,100.52625,39.12475,-72.47500000000001,-0.314,9.1551647,-94.828995,43.316994,-17.812538717700534,-125.96804499543515,51.61218749782849,0.7848269587464151,0.35091205380239177,-5.304782533202392e-17,-0.5107909311264642
22.54309844970703,0,0,0,0,0,0,0,0,0,1,28.051249999999996,139.651,-33.35025000000001,100.52625,39.12475,-72.47500000000001,-0.314,0,0,0,0,0,0,0,0,0,1
22.613850593566895,9.1551647,-94.828995,43.316994,-20.346379298855737,-97.55003147681497,77.53337303330915,-0.31619533727576693,-0.5556918055792018,0.0,0.7689129507929948,28.051249999999996,139.651,-33.35025000000001,100.52625,39.12475,-72.47500000000001,-0.314,9.1551647,-94.828995,43.316994,-17.79409499129008,-125.92261479624459,51.66692255019535,0.7846151488342801,0.3510067770084531,5.3062145798865814e-17,-0.5110511820883488
22.728808641433716,9.1551647,-94.828995,43.316994,-20.300556587400905,-97.72415842741265,77.51995348821697,-0.3164919506473263,-0.5556858672187023,-1.8051345504267196e-17,0.7687952016947356,28.051249999999996,139.651,-33.35025000000001,100.52625,39.12475,-72.47500000000001,-0.314,9.1551647,-94.828995,43.316994,-17.75288222059325,-125.98305003180606,51.608193597930565,0.7848472510612421,0.3506211088456568,3.5364302516316175e-17,-0.5109595194665169
22.803406715393066,0,0,0,0,0,0,0,0,0,1,28.051249999999996,139.651,-33.35025000000001,100.52625,39.12475,-72.47500000000001,-0.314,0,0,0,0,0,0,0,0,0,1
22.93369722366333,9.1551647,-94.828995,43.316994,-20.313472146948556,-97.83502217099684,77.5432433718592,-0.3166988064251454,-0.5557979053081651,9.027624272384661e-17,0.7686290096424571,28.051249999999996,139.651,-33.35025000000001,100.52625,39.12475,-72.47500000000001,-0.314,9.1551647,-94.828995,43.316994,-17.801613308609717,-126.04510679813245,51.53909773109442,0.7851295897458956,0.3505132100444994,-1.7675792619541887e-17,-0.5105996640125628
22.978915452957153,9.1551647,-94.828995,43.316994,-20.33874208755651,-97.7294258891833,77.49517201480714,-0.31639654169904075,-0.555893923926981,7.221582260691522e-17,0.7686840532637262,28.051249999999996,139.651,-33.35025000000001,100.52625,39.12475,-72.47500000000001,-0.314,9.1551647,-94.828995,43.316994,-17.81627464173829,-126.02189944488433,51.50833307497558,0.7851235652307285,0.3504105174587279,5.302778475539497e-17,-0.5106794068431745
23.031060695648193,0,0,0,0,0,0,0,0,0,1,28.051249999999996,139.651,-33.35025000000001,100.52625,39.12475,-72.47500000000001,-0.314,0,0,0,0,0,0,0,0,0,1
23.15766406059265,9.1551647,-94.828995,43.316994,-20.330303284272475,-97.75969694879132,77.48456779162287,-0.31609306868435005,-0.5560878060593709,1.8054316968605232e-17,0.7686686697672713,28.051249999999996,139.651,-33.35025000000001,100.52625,39.12475,-72.47500000000001,-0.314,9.1551647,-94.828995,43.316994,-17.817679918076067,-126.01293261028067,51.528768854275754,0.7849430158230174,0.3507192198358163,-1.7679993997097372e-17,-0.5107450349718757
23.22502565383911,9.1551647,-94.828995,43.316994,-20.14825516776733,-97.6310804720943,77.59234666338807,-0.3157944629311584,-0.5558902531457598,-1.804808119128602e-17,0.7689342518314323,28.051249999999996,139.651,-33.35025000000001,100.52625,39.12475,-72.47500000000001,-0.314,9.1551647,-94.828995,43.316994,-17.78630408174365,-126.01060000361659,51.61309035711217,0.7847240581313708,0.35101076131529396,1.768492715880411e-17,-0.5108811975701303
23.280871391296387,0,0,0,0,0,0,0,0,0,1,28.051249999999996,139.651,-33.35025000000001,100.52625,39.12475,-72.47500000000001,-0.314,0,0,0,0,0,0,0,0,0,1
23.347525358200073,9.1551647,-94.828995,43.316994,-20.10898833814278,-97.66363691880929,77.57507837254826,-0.31589628533670544,-0.5558934631803565,0.0,0.7688901056092609,28.051249999999996,139.651,-33.35025000000001,100.52625,39.12475,-72.47500000000001,-0.314,9.1551647,-94.828995,43.316994,-17.75666461387516,-126.05168758424475,51.58422320168255,0.7848401207367991,0.35081793368306463,5.3046935705017777e-17,-0.5108353573199408
23.43363308906555,9.1551647,-94.828995,43.316994,-20.22467978258007,-97.67992844663901,77.51065729055655,-0.3157964505710151,-0.5560937497230573,7.220622001445547e-17,0.7687862793557765,28.051249999999996,139.651,-33.35025000000001,100.52625,39.12475,-72.47500000000001,-0.314,9.1551647,-94.828995,43.316994,-17.813186611438084,-126.02575914319915,51.568959527929586,0.7848401207367991,0.35081793368306463,5.3046935705017777e-17,-0.5108353573199408
23.532592296600342,0,0,0,0,0,0,0,0,0,1,28.051249999999996,139.651,-33.35025000000001,100.52625,39.12475,-72.47500000000001,-0.314,0,0,0,0,0,0,0,0,0,1
23.603654384613037,9.1551647,-94.828995,43.316994,-20.188069807383812,-97.60314201915037,77.51862938373593,-0.3155972383414629,-0.5560951338456511,1.8049657978275818e-17,0.768867079061413,28.051249999999996,139.651,-33.35025000000001,100.52625,39.12475,-72.47500000000001,-0.314,9.1551647,-94.828995,43.316994,-17.804099914416497,-125.99831605504316,51.60158327464421,0.7846403107682972,0.35111803863210456,-1.768681473199577e-17,-0.5109361072233729
23.660621404647827,0,0,0,0,0,0,0,0,0,1,28.3215,139.651,-33.080000000000005,100.52625,39.12475,-72.20475,-0.314,0,0,0,0,0,0,0,0,0,1
23.723628759384155,9.1551647,-94.828995,43.316994,-20.150261868598506,-97.66504468226512,77.48967044618445,-0.31569463257875036,-0.556090545381828,1.805051877386437e-17,0.7688304132238193,28.772750000000002,139.5875,-32.69225,100.52625,39.06125,-71.7535,-0.314,9.1551647,-94.828995,43.316994,-17.777170915477882,-125.96837381247109,51.56583007722191,0.7846343058581612,0.3510153471274721,0.0,-0.5110158824845485
23.80738878250122,0,0,0,0,0,0,0,0,0,1,29.581000000000003,138.36950000000002,-33.102000000000004,100.52625,37.84325,-70.94525,-0.314,0,0,0,0,0,0,0,0,0,1
23.93012285232544,9.1551647,-94.828995,43.316994,-20.258642308464943,-97.68856646420672,77.53657893186296,-0.31589506497293657,-0.5559913141024146,-3.610153341201327e-17,0.7688198531310272,30.677000000000007,138.36950000000002,-32.006,100.52625,37.84325,-69.84925,-0.314,9.1551647,-94.828995,43.316994,-17.780251800520688,-125.94098416614239,51.61721407688465,0.7844547375978979,0.35102449374918687,5.307299634766707e-17,-0.5112852134067055
23.974492073059082,9.1551647,-94.828995,43.316994,-20.36063711512267,-97.79110661891667,77.55009100375847,-0.3160942826583781,-0.5559899435560208,-5.4157998543237626e-17,0.7687389590330767,30.677000000000007,138.36950000000002,-32.006,100.52625,37.84325,-69.84925,-0.314,9.1551647,-94.828995,43.316994,-17.762833529218113,-126.02043823960122,51.5749807483913,0.7848209499302249,0.35080936446932065,-1.7682743827172645e-17,-0.5108706943554803
24.027894020080566,0,0,0,0,0,0,0,0,0,1,31.229250000000008,138.36950000000002,-31.45375,100.52625,37.84325,-69.297,-0.314,0,0,0,0,0,0,0,0,0,1
24.096355676651,9.1551647,-94.828995,43.316994,-20.36140164298027,-97.7479555845629,77.50174430034079,-0.3157952342843598,-0.5561916064248289,7.221282274725428e-17,0.7687159858789556,31.316249999999997,137.37625,-30.373500000000007,99.533,37.84325,-68.21675,-0.314,9.1551647,-94.828995,43.316994,-17.76905605906262,-126.02750194596109,51.53361186908818,0.7848401207367991,0.35081793368306463,5.3046935705017777e-17,-0.5108353573199408
24.156456232070923,0,0,0,0,0,0,0,0,0,1,31.59275000000001,135.725,-29.829749999999997,98.57375,37.15125,-66.981,-0.314,0,0,0,0,0,0,0,0,0,1
24.3066828250885,9.1551647,-94.828995,43.316994,-20.274555219684032,-97.56498307135861,77.51061888046311,-0.3152937776075785,-0.5562890215131492,0.0,0.7688513239540438,31.875999999999998,129.59550000000002,-27.158499999999997,94.315,35.2805,-62.439,-0.314,9.1551647,-94.828995,43.316994,-17.781386744491215,-125.94147330866014,51.62713741512242,0.7844153069996319,0.3513068553658474,1.7691888064878072e-17,-0.5111517578152626
24.34987449645996,9.1551647,-94.828995,43.316994,-20.268178991592265,-97.4665101600024,77.53635658518506,-0.3155960196768305,-0.5561929852479504,-3.6102616079340896e-17,0.7687967972911405,28.405750000000005,125.00550000000001,-26.03875,89.72500000000001,35.2805,-61.319250000000004,-0.314,9.1551647,-94.828995,43.316994,-17.809026656785875,-125.88995146587504,51.64667033513892,0.784525382206991,0.35101135647502085,0.0,-0.5111858295165668
24.404929399490356,0,0,0,0,0,0,0,0,0,1,30.75725,123.85050000000001,-23.027750000000005,88.81775,35.03275,-58.060500000000005,-0.314,0,0,0,0,0,0,0,0,0,1
24.46968173980713,9.1551647,-94.828995,43.316994,-20.11498078162603,-97.39576387808313,77.3054339313424,-0.31709483398462557,-0.5559909419597975,-7.224947053302518e-17,0.7683260627617156,31.541249999999998,117.217,-22.24425,85.50125,31.71575,-53.96,-0.314,9.1551647,-94.828995,43.316994,-17.259149930790187,-125.60017411944254,51.20990417836528,0.7879179417233194,0.3390077195636569,3.522647999983657e-17,-0.5140613613049871
24.523120880126953,0,0,0,0,0,0,0,0,0,1,27.271,110.572,-22.998,80.4205,30.151500000000002,-53.1495,-0.314,0,0,0,0,0,0,0,0,0,1
24.686030864715576,9.1551647,-94.828995,43.316994,-16.91081572723715,-92.1188580376816,73.31662570634973,-0.4305944564817982,-0.4947936299749043,1.8385326149478436e-17,0.7548295686997181,33.5195,96.043,-20.763,75.16275,20.88025,-41.64325,-0.314,9.1551647,-94.828995,43.316994,-14.457309109695643,-124.20815541360757,50.248617573936755,0.7931198243492229,0.2863071563626055,3.499543796979623e-17,-0.5375771167375119
24.7723331451416,0,0,0,0,0,0,0,0,0,1,34.10775,78.681,-17.313249999999996,65.051,13.63,-30.94325,-0.314,0,0,0,0,0,0,0,0,0,1
24.83812379837036,9.081229053431239,-93.80574132589058,43.015865903511944,-14.436935998609584,-88.02301221663338,68.44036011693733,-0.5544957322337598,-0.3850970360382704,-9.405829686051923e-17,0.7377226821571136,32.85325,72.34649999999999,-12.50225,58.851,13.4955,-25.99775,-0.314,9.1551647,-94.828995,43.316994,-12.491735135833949,-123.24593063355422,49.45266379014731,0.79630876432908,0.24390268444036492,1.7427646698711166e-17,-0.5535375618469605
24.904149770736694,0,0,0,0,0,0,0,0,0,1,27.318,65.4465,-11.1375,51.951,13.4955,-24.633,-0.314,0,0,0,0,0,0,0,0,0,1
24.964685678482056,8.71347364771998,-88.71608447521736,41.51805678931107,-13.138507329111405,-84.4414011972535,61.40901277122315,-0.6591990340784776,-0.2367996530184822,-1.944456392698365e-17,0.7137104159253447,22.24175,59.3465,-10.11375,45.851,13.4955,-23.60925,-0.314,9.1551647,-94.828995,43.316994,-10.49597028641196,-122.4465720254518,47.966881679114806,0.8024087761181291,0.19260210653084708,-1.729515955066199e-17,-0.564840317761123
25.092297077178955,8.501130607807232,-85.77730181967907,40.65321745430983,-12.454417380869472,-82.50529247680022,56.91691927650389,-0.696101095657715,-0.15020023641400487,0.0,0.7020563749481274,24.0845,50.60425,0.4712499999999995,37.10875,13.4955,-13.02425,-0.314,9.1551647,-94.828995,43.316994,-9.45994034769177,-121.95825376756093,46.85986440504635,0.8070192984888319,0.15100361099357323,-2.579452777734257e-17,-0.5708920750312578
25.19292449951172,8.49555794267295,-85.12571522423049,40.51391967042453,-11.961170803459055,-81.99056691214585,55.99097899389159,0.7023005756407948,0.12810010499727448,-9.880233826629039e-18,-0.7002601406293917,32.7815,46.854,7.841500000000001,35.897,10.957,-3.1155,-0.314,9.1551647,-94.828995,43.316994,-9.081983035697448,-121.79872687313073,46.49778783819416,0.8074294708243102,0.1415051648769382,-8.593808071958615e-18,-0.5727424708868072
25.236476182937622,0,0,0,0,0,0,0,0,0,1,33.193999999999996,37.748,4.3865,33.27775,4.47025,-0.08375,-0.314,0,0,0,0,0,0,0,0,0,1
25.302467107772827,0,0,0,0,0,0,0,0,0,1,28.158,27.585,0.6285000000000001,27.55725,0.02775,0.60075,-0.314,0,0,0,0,0,0,0,0,0,1
25.359514474868774,8.496073947508496,-85.19926025912316,40.529499526902356,-11.863471761486096,-82.19458032882238,55.38746145229603,0.7053009189470967,0.12000015634999515,-2.951461022168767e-17,-0.6986777341581437,21.858,20.656499999999998,0.0,21.25725,-0.60075,0.60075,-0.314,9.1551647,-94.828995,43.316994,-9.108858420134567,-121.7903560646994,46.56566746162832,0.8072106544424434,0.14150186769524997,-8.596137657152284e-18,-0.5730516388540898
25.472527503967285,8.493775477324155,-84.87166435640614,40.460101271064914,-11.987101590478943,-81.91512002707947,55.094856590523435,0.7058017104052337,0.11600028110938954,1.9662445702839918e-17,-0.6988475372866311,11.058,9.8565,0.0,10.45725,-0.60075,0.60075,-0.314,9.1551647,-94.828995,43.316994,-9.035205034010602,-121.73232126597176,46.49633391383854,0.807119777614987,0.13980342573482246,-1.7194211060993788e-17,-0.573596257602455
25.537143230438232,0,0,0,0,0,0,0,0,0,1,4.17325,2.97175,0.0,3.5725000000000002,-0.60075,0.60075,-0.314,0,0,0,0,0,0,0,0,0,1
25.607398509979248,8.493413878150314,-84.82012642105099,40.44918342138045,-11.963253476583162,-81.85778813817868,55.11048739276387,0.7059011299978816,0.1157001852114391,9.829838215343348e-18,-0.6987968673439746,0.76525,-0.43625,0.0,0.1645,-0.60075,0.60075,-0.314,9.1551647,-94.828995,43.316994,-8.99957404467807,-121.765636008143,46.32745359955281,0.8072233737289457,0.13830400469117096,-8.596002209218996e-18,-0.573813930810366
25.6603045463562,0,0,0,0,0,0,0,0,0,1,0.60075,-0.60075,0.0,0.0,-0.60075,0.60075,-0.314,0,0,0,0,0,0,0,0,0,1
25.740923404693604,8.49266773820617,-84.71378073502922,40.426655040944254,-11.969870118172281,-81.77806063331329,54.962501768387654,0.7066013848826557,0.11310022166746159,-2.94602899981277e-17,-0.6985147262160506,0.60075,-0.60075,0.0,0.0,-0.60075,0.60075,-0.314,9.1551647,-94.828995,43.316994,-8.997520874602742,-121.71688869498266,46.35024579015155,0.8071291686978342,0.13790498372374094,-8.597005501736427e-18,-0.5740424378922675
25.864991903305054,8.492384217328807,-84.6733711276339,40.4180946277979,-11.982531895727021,-81.74441901790823,54.9224028768557,0.707301406234041,0.11120022108472415,1.9620755289750393e-17,-0.6981111885438139,1.2945,-0.7142499999999999,0.16975000000000007,0.20525000000000002,-0.9195,1.08925,-0.314,9.1551647,-94.828995,43.316994,-9.00201418124064,-121.70406216206419,46.310055116497715,0.8071322897293683,0.13740549697536267,8.596972258703515e-18,-0.5741578147836887
25.94534945487976,8.492448613402248,-84.68254935842135,40.42003895372823,-11.840552200831269,-81.73236944725654,55.01985324414295,0.707801641374332,0.10980025462404866,2.9410332634016105e-17,-0.6978257236246709,2.523,-0.9209999999999999,0.3205,0.64075,-1.56175,1.88225,-0.314,9.1551647,-94.828995,43.316994,-8.934135598715045,-121.70156922991828,46.33809586048979,0.8071278111987086,0.13710472421675496,8.597019960942627e-18,-0.574236006348461
26.033881664276123,0,0,0,0,0,0,0,0,0,1,4.47925,-1.2415,0.67475,1.2815,-2.523,3.19775,-0.314,0,0,0,0,0,0,0,0,0,1
26.093268394470215,8.49242730867557,-84.67951284256151,40.41939569505879,-11.793874282890101,-81.71905999409049,55.06615692038036,0.708301230913634,0.10870018890344774,9.796529500530143e-18,-0.6974909570873201,8.1985,-1.5999999999999996,1.1115000000000004,2.7435,-4.3435,5.455,-0.314,9.1551647,-94.828995,43.316994,-8.891727124288764,-121.69967232394468,46.413580448615846,0.8071120277407794,0.13710204312137383,4.2985940398696416e-17,-0.5742588305355979
26.163971424102783,0,0,0,0,0,0,0,0,0,1,11.034,-2.0480000000000005,1.3125,3.83675,-5.88475,7.19725,-0.314,0,0,0,0,0,0,0,0,0,1
26.283596754074097,8.491983841462673,-84.61630643556776,40.40600598423904,-11.830824755329473,-81.67074215935045,54.98369450813974,0.7087005615010836,0.10770008533041724,0.0,-0.697240421768467,16.001,-2.6987499999999995,2.3352500000000003,5.4835,-8.18225,10.5175,-0.314,9.1551647,-94.828995,43.316994,-8.905794178181253,-121.65706387393598,46.39391733638405,0.807025923186387,0.13690439762604256,8.598105345253766e-18,-0.5744269711771987
26.362232208251953,8.491660463002178,-84.57021601446671,40.39624214162471,-11.875726980819906,-81.64937827024865,54.858685010946715,0.7090010365047561,0.10680015613357965,-1.9573720055797634e-17,-0.6970733511510998,30.2345,-3.022500000000001,2.4725,12.36975,-15.39225,17.86475,-0.314,9.1551647,-94.828995,43.316994,-8.916833961532518,-121.68015812125938,46.290743798477656,0.8072198971815474,0.13630335974460475,1.7192078461234058e-17,-0.5742973373754617
26.433560132980347,8.491578164997074,-84.55848626071236,40.39375729842245,-11.95746304462972,-81.68056172852455,54.656331835031835,0.7094017125074293,0.10580025540356085,-1.9562664655491816e-17,-0.6968181371405798,39.647999999999996,-3.5090000000000003,2.5725000000000016,16.78325,-20.29225,22.86475,-0.314,9.1551647,-94.828995,43.316994,-8.920299553202995,-121.74346854782996,46.17637693456234,0.807413745163865,0.13570231015449158,1.718795089994158e-17,-0.5741671595791557
26.483283042907715,0,0,0,0,0,0,0,0,0,1,49.1415,-8.522750000000002,2.6652500000000003,18.97675,-27.4995,30.16475,-0.314,0,0,0,0,0,0,0,0,0,1
26.531160354614258,0,0,0,0,0,0,0,0,0,1,55.4855,-9.829249999999998,4.4147500000000015,20.62075,-30.45,34.86475,-0.314,0,0,0,0,0,0,0,0,0,1
26.68566370010376,8.491722970180044,-84.57912502512015,40.3981294356826,-11.674645744066112,-81.68048167775282,54.749145455227364,0.7091020016400408,0.10500029639289844,0.0,-0.6972440670435935,71.27125,-7.129000000000001,7.384749999999997,28.37875,-35.50775,42.8925,-0.314,9.1551647,-94.828995,43.316994,-8.807365046939708,-121.67093029978953,46.31379600116627,0.8071133959764886,0.13580225396308654,-8.597173505604113e-18,-0.5745656740998764
26.728408098220825,0,0,0,0,0,0,0,0,0,1,73.88825,-14.171499999999998,2.8967500000000044,28.41,-42.5815,45.47825,-0.314,0,0,0,0,0,0,0,0,0,1
26.78109359741211,0,0,0,0,0,0,0,0,0,1,78.4955,-18.4505,3.2250000000000014,28.41,-46.8605,50.0855,-0.314,0,0,0,0,0,0,0,0,0,1
26.857501983642578,8.487805635803248,-84.02079596775249,40.27985242903105,-11.946444281229446,-81.37778679901513,53.43301424384234,0.7102014346984852,0.09390018969049249,-9.770318060330483e-18,-0.6977081599983641,86.0955,-20.354499999999998,8.921000000000006,28.41,-48.7645,57.685500000000005,-0.314,9.1551647,-94.828995,43.316994,-9.05827165385341,-121.63649499910926,45.591466377881915,0.8091255218089094,0.12390390823399322,8.575794134381517e-18,-0.57442467868451
26.90332794189453,0,0,0,0,0,0,0,0,0,1,90.7955,-20.354499999999998,13.621000000000002,28.41,-48.7645,62.3855,-0.314,0,0,0,0,0,0,0,0,0,1
27.058709621429443,8.495677242468576,-82.68527618943932,40.02111213905341,-14.322588771462819,-80.95470751766116,46.72258644203844,0.7231032659075551,0.000800003613229213,1.499373911864082e-19,-0.690739478260832,97.14725,-20.57875,19.899,28.33475,-48.9135,68.8125,-0.314,9.1551647,-94.828995,43.316994,-10.632381192852307,-121.75831352503997,43.168278517650535,0.829620601535846,0.058201445286145445,4.181968173802282e-18,-0.5552857366022511
27.146414518356323,8.524917474066212,-81.64393340405668,39.85176077445054,-15.836995750023505,-81.0034778079656,39.5835954095416,0.7001018440858902,-0.14450038061764192,-3.964505428759276e-17,-0.6992689381839383,100.21175,-27.48225,22.961499999999994,24.884,-52.36625,75.32775,-0.314,9.1551647,-94.828995,43.316994,-12.058049431453895,-122.11384383722532,41.58695999484748,0.845922629018082,0.015500414646861653,0.0,-0.5330803343408118
27.218050241470337,8.527724877552313,-81.54395234350505,39.83550106700691,-16.786526391841903,-81.40962494861279,36.290718846353705,-0.674600147259567,0.21630004721649038,-3.9325962027030083e-17,0.7057824954555861,99.75925,-32.35825,21.180999999999997,23.11,-55.46825,76.64925,-0.314,9.1551647,-94.828995,43.316994,-12.83150831583967,-122.35141020458613,40.79145790480389,0.8529206297682399,-0.00870021043379492,0.0,-0.5219681078898948
27.271369457244873,0,0,0,0,0,0,0,0,0,1,105.34800000000001,-35.563500000000005,19.202000000000005,25.29125,-60.85475,80.05675000000001,-0.314,0,0,0,0,0,0,0,0,0,1
27.343189001083374,8.52871443957758,-81.50871071854522,39.82976979641902,-17.565331063528845,-81.94887501093118,32.61779458173183,-0.6474993164000553,0.27189971294081083,-1.9493751929607047e-17,0.7119095317272874,113.34825,-37.5055,22.909749999999995,26.4665,-63.972,86.88175,-0.314,9.1551647,-94.828995,43.316994,-13.627897088016454,-122.59805029020515,40.01304054135636,0.8583334714798032,-0.03340130251360296,4.0420734682199235e-18,-0.51200391085208
27.468964338302612,8.517655229185747,-81.90256631832423,39.893821695769866,-18.49300266946173,-83.59023104274682,24.852694726072002,-0.5466952908504342,0.39289661564868417,-1.8768227629053964e-17,0.7394298535856998,125.948,-44.228750000000005,28.786249999999995,26.4665,-70.69525,99.4815,-0.314,9.1551647,-94.828995,43.316994,-15.396856344628844,-123.20946351262404,38.67208676888815,0.8653457091127074,-0.09480500777058205,0.0,-0.4921268273746569
27.546123027801514,0,0,0,0,0,0,0,0,0,1,130.108,-47.83825,29.33675000000001,26.4665,-74.30475,103.64150000000001,-0.314,0,0,0,0,0,0,0,0,0,1
27.595061779022217,8.50071109509569,-82.50600380240563,39.99195745165754,-19.516646769841714,-85.15693271269683,18.853894960024377,-0.44479291427922213,0.4600926705482692,0.0,0.7684230592029098,130.86875,-48.254250000000006,29.67649999999999,26.469,-74.72325000000001,104.39975,-0.314,9.1551647,-94.828995,43.316994,-16.45695553454479,-123.85794840341707,36.91659337557881,0.86671929417808,-0.14730327914206903,-1.601185978093971e-17,-0.4765494822717199
27.656078815460205,0,0,0,0,0,0,0,0,0,1,132.88875,-47.806749999999994,28.104,28.489,-76.29575,104.39975,-0.314,0,0,0,0,0,0,0,0,0,1
27.724061250686646,8.481882325,-83.1765595,40.1010085,-19.822351717724587,-86.83074031890501,14.96753257570667,-0.3656944095067025,0.48939251849215276,1.752946733055877e-17,0.791683372125152,134.25875,-46.64125000000001,27.89949999999999,29.859,-76.50025000000001,104.39975,-0.314,9.1551647,-94.828995,43.316994,-17.177765493278258,-124.42066820237966,36.10100804512825,0.8646481664803003,-0.18131010014212173,1.6050213654307957e-17,-0.4685191519977691
27.845690488815308,8.481882325,-83.1765595,40.1010085,-19.20808740002454,-87.1725673702743,14.234911517483084,-0.3603912015765381,0.48968804498343704,-1.7479877704399013e-17,0.7939293422128435,136.8075,-46.0315,25.960499999999996,32.40775,-78.43925,104.39975,-0.314,9.1551647,-94.828995,43.316994,-17.13093387708986,-124.31594954421728,36.1316805467845,0.8646202831373724,-0.18110424852669235,-8.025365630712095e-18,-0.4686502076741586
27.936412811279297,8.481882325,-83.1765595,40.1010085,-19.438823733001954,-87.22206092521435,14.730099494582234,-0.3606906982498927,0.4905873483820275,-5.24853470484199e-17,0.7932378418882297,137.05575,-45.78325,25.960499999999996,32.656,-78.43925,104.39975,-0.314,9.1551647,-94.828995,43.316994,-17.141556775083984,-124.28062051167966,35.890352940617774,0.8636254394379198,-0.18550546435355963,0.0,-0.46876307773824294
27.979923963546753,0,0,0,0,0,0,0,0,0,1,137.05575,-45.78325,25.960499999999996,32.656,-78.43925,104.39975,-0.314,0,0,0,0,0,0,0,0,0,1
28.033318996429443,0,0,0,0,0,0,0,0,0,1,137.05575,-45.78325,25.960499999999996,32.656,-78.43925,104.39975,-0.314,0,0,0,0,0,0,0,0,0,1
28.10677218437195,8.481882325,-83.1765595,40.1010085,-19.608173007825116,-87.19204463020236,14.641669606249053,-0.35839565319456546,0.49109404376074556,-3.495821930429924e-17,0.7939642283843521,137.05575,-45.78325,25.960499999999996,32.656,-78.43925,104.39975,-0.314,9.1551647,-94.828995,43.316994,-17.146921838582614,-124.30126904641425,35.73756271152256,0.8632301817474965,-0.18780656641818794,2.4114867797579834e-17,-0.4685748039858682
28.220285415649414,8.481882325,-83.1765595,40.1010085,-19.745048566472548,-87.3514809731226,14.648387790614478,-0.3567919995563564,0.49168897472494527,-1.7471320191541594e-17,0.7943182115415139,135.97025,-46.31375000000001,26.51549999999999,31.5705,-77.88425000000001,104.39975,-0.314,9.1551647,-94.828995,43.316994,-17.153461170038554,-124.31365987864223,35.786590299886726,0.8632209101123586,-0.18840456379190024,4.019187801535095e-17,-0.4683517702402491
28.311527490615845,8.481882325,-83.1765595,40.1010085,-19.69183846233284,-87.34931063574246,14.533653425870952,-0.35538708816310527,0.4917821326916579,1.745874923373384e-17,0.7948901506071099,136.96925,-45.86975,25.960499999999996,32.5695,-78.43925,104.39975,-0.314,9.1551647,-94.828995,43.316994,-17.124903031639036,-124.31692355078474,35.79977290870674,0.8631349369577003,-0.18920765852438526,8.039176271053067e-18,-0.46818643995607795
28.408017873764038,0,0,0,0,0,0,0,0,0,1,135.9985,-46.417500000000004,26.383499999999998,31.59875,-78.01625,104.39975,-0.314,0,0,0,0,0,0,0,0,0,1
28.47054958343506,8.481882325,-83.1765595,40.1010085,-19.63916902292766,-87.3282283441195,14.439943943252246,-0.3545948757065724,0.49189289159634175,-5.235746148649295e-17,0.7951753626211202,136.9685,-45.367250000000006,26.46374999999999,32.56875,-77.936,104.39975,-0.314,9.1551647,-94.828995,43.316994,-17.14583336385624,-124.31556300688601,35.807523399889675,0.8630535506965046,-0.18971177122494426,1.6079868736551468e-17,-0.4681324732261697
28.554380416870117,0,0,0,0,0,0,0,0,0,1,135.946,-46.33800000000001,26.51549999999999,31.54625,-77.88425000000001,104.39975,-0.314,0,0,0,0,0,0,0,0,0,1
28.693159341812134,8.481882325,-83.1765595,40.1010085,-19.526772921539276,-87.4377993739747,14.42724332085929,-0.3535932615601895,0.49209062221088606,3.4890774675039715e-17,0.7954989785734048,136.01325,-46.394000000000005,26.39224999999999,31.613500000000002,-78.00750000000001,104.39975,-0.314,9.1551647,-94.828995,43.316994,-17.150380284995748,-124.34104952497094,35.73520630022399,0.8629393217933247,-0.1908086946322475,0.0,-0.4678971777598306
28.778279304504395,0,0,0,0,0,0,0,0,0,1,137.05575,-45.78325,25.960499999999996,32.656,-78.43925,104.39975,-0.314,0,0,0,0,0,0,0,0,0,1
28.85202193260193,8.481882325,-83.1765595,40.1010085,-19.568122840109055,-87.62273467952022,14.554479781817022,-0.35339020019382694,0.4924863429413123,-3.489755987820902e-17,0.7953443080976057,137.05575,-45.78325,25.960499999999996,32.656,-78.43925,104.39975,-0.314,9.1551647,-94.828995,43.316994,-17.187747642792175,-124.35115497009194,35.7908979562437,0.8630201608618389,-0.19080445734929177,-1.608049085893389e-17,-0.4677497846088739
28.901572942733765,0,0,0,0,0,0,0,0,0,1,137.05575,-45.78325,25.960499999999996,32.656,-78.43925,104.39975,-0.314,0,0,0,0,0,0,0,0,0,1
28.97695827484131,8.481882325,-83.1765595,40.1010085,-19.524309089344996,-87.62980460815028,14.609528590642924,-0.35319102664554447,0.4924874876073912,1.7446854839241677e-17,0.7954320670222101,137.05575,-45.78325,25.960499999999996,32.656,-78.43925,104.39975,-0.314,9.1551647,-94.828995,43.316994,-17.192835228666183,-124.35772953393405,35.739605738702814,0.8629290969790461,-0.191406454006014,8.041093907018551e-18,-0.467671832540481
29.105106353759766,8.481882325,-83.1765595,40.1010085,-19.668745471177658,-87.42631899661248,14.441803406188782,-0.3526904328341015,0.49218664882604124,1.395032450268351e-16,0.7958402863041588,137.05575,-45.78325,25.960499999999996,32.656,-78.43925,104.39975,-0.314,9.1551647,-94.828995,43.316994,-17.199011289266508,-124.35001013730442,35.61835283279481,0.862719704343926,-0.19240439447753724,-8.043045578962479e-18,-0.4676486509362144
29.17719006538391,0,0,0,0,0,0,0,0,0,1,137.09,-45.85075,25.85875,32.69025,-78.541,104.39975,-0.314,0,0,0,0,0,0,0,0,0,1
29.228609800338745,8.481882325,-83.1765595,40.1010085,-19.65401397317325,-87.56517463496789,14.55757082243126,-0.3525953267587715,0.49269346992072255,-5.233157029793978e-17,0.7955687778221021,138.17125,-45.25675,25.371499999999997,33.7715,-79.02825,104.39975,-0.314,9.1551647,-94.828995,43.316994,-17.209773594993152,-124.35903041373534,35.61667730644275,0.8626428784115056,-0.19260957382570823,-4.0218809414416663e-17,-0.4677059080197637
29.273353099822998,0,0,0,0,0,0,0,0,0,1,139.6895,-45.27375000000001,23.836249999999993,35.28975,-80.5635,104.39975,-0.314,0,0,0,0,0,0,0,0,0,1
29.3524169921875,8.481882325,-83.1765595,40.1010085,-19.564377510954387,-87.74637151419562,14.599200086164984,-0.35239512987205185,0.4929931867960316,1.0467589985858129e-16,0.79547180353244,141.40275,-44.617000000000004,22.779749999999993,37.003,-81.62,104.39975,-0.314,9.1551647,-94.828995,43.316994,-17.19851709377619,-124.38370519453676,35.677211977274894,0.8627143654187119,-0.1927032087819471,0.0,-0.46753545001992153
29.468607664108276,8.481882325,-83.1765595,40.1010085,-19.56230156726656,-87.55240970994899,14.377221463430274,-0.3516954428395432,0.4926936158289535,0.0,0.795966906603088,144.129,-43.101499999999994,21.569000000000003,39.72925,-82.83075,104.39975,-0.314,9.1551647,-94.828995,43.316994,-17.18262073293144,-124.3533272512742,35.650295694562935,0.8626281548746402,-0.1930062994328838,-2.4131697527014788e-17,-0.46756949729082803
29.531580448150635,0,0,0,0,0,0,0,0,0,1,145.56725,-43.98774999999999,19.244500000000002,41.167500000000004,-85.15525,104.39975,-0.314,0,0,0,0,0,0,0,0,0,1
29.595536470413208,8.481882325,-83.1765595,40.1010085,-19.56858711672956,-87.4202951831877,14.362860276620253,-0.35148703001753157,0.4924818272649623,1.0458147772780568e-16,0.7961900009063281,148.15475,-42.124249999999996,18.5205,43.755,-85.87925,104.39975,-0.314,9.1551647,-94.828995,43.316994,-17.18429634163647,-124.33490443954913,35.68124391492551,0.8626281548746402,-0.1930062994328838,-2.4131697527014788e-17,-0.46756949729082803
29.657816171646118,0,0,0,0,0,0,0,0,0,1,149.30725,-42.42100000000001,17.071249999999992,44.9075,-87.3285,104.39975,-0.314,0,0,0,0,0,0,0,0,0,1
29.717865467071533,8.481882325,-83.1765595,40.1010085,-19.67714495047491,-87.40479478202886,14.26051315015141,-0.3515914083500904,0.49218797266756115,1.7427277975038023e-17,0.7963256125077204,150.53725,-43.48075,14.781499999999994,46.1375,-89.61825,104.39975,-0.314,9.1551647,-94.828995,43.316994,-17.19251842705478,-124.35240240806594,35.64920927103552,0.8626227258394509,-0.19330509263246676,8.043949801061326e-18,-0.46745606641444826
29.851766347885132,8.481882325,-83.1765595,40.1010085,-19.658791902693224,-87.58995202095579,14.30387168460635,-0.3513930068036835,0.49269019479844867,1.7432160201102508e-17,0.7961025855497098,155.8655,-43.042500000000004,9.891499999999994,51.46575,-94.50825,104.39975,-0.314,9.1551647,-94.828995,43.316994,-17.199875900869785,-124.35995525694359,35.61776372997018,0.8625270224625456,-0.1937060686968059,-1.608968466656601e-17,-0.4674666773920078
29.912562370300293,0,0,0,0,0,0,0,0,0,1,159.49275,-40.541250000000005,8.765499999999989,55.093,-95.63425000000001,104.39975,-0.314,0,0,0,0,0,0,0,0,0,1
29.980942249298096,8.481882325,-83.1765595,40.1010085,-19.665377703393318,-87.61712595617328,14.43278329957542,-0.3516890121034557,0.49238461631999314,-1.2201617894975039e-16,0.7961609312049346,164.5205,-35.629000000000005,8.649999999999991,60.12075,-95.74975,104.39975,-0.314,9.1551647,-94.828995,43.316994,-17.22134689782152,-124.33968275880203,35.64653910327792,0.862727711020023,-0.1928061929809441,-8.042970934251334e-18,-0.4674683610538223
30.024817943572998,0,0,0,0,0,0,0,0,0,1,165.6125,-34.53150000000001,8.65549999999999,61.21275,-95.74425000000001,104.39975,-0.314,0,0,0,0,0,0,0,0,0,1
30.09960627555847,8.481882325,-83.1765595,40.1010085,-20.379697666257528,-86.80265415194508,15.65088948163465,-0.3789959370650208,0.46229504407693706,0.0,0.8016516524713896,167.57725,-29.904999999999994,11.317250000000001,63.1775,-93.0825,104.39975,-0.314,9.1551647,-94.828995,43.316994,-17.896844941107247,-124.61254999681773,36.32170268637081,0.8685219957565377,-0.1773044903254279,2.3967938421166912e-17,-0.46285274180620456
30.223636150360107,8.481882325,-83.1765595,40.1010085,-20.035657242546165,-87.33752322454846,17.2157700719753,-0.3906937410770705,0.44579285838791416,5.1694452881103524e-17,0.8053739057689514,162.49775,-30.650750000000002,15.650999999999996,58.098,-88.74875,104.39975,-0.314,9.1551647,-94.828995,43.316994,-17.886367258262652,-124.64113363929319,36.10986974855177,0.8679506920786145,-0.17861043162258392,2.3983714629996773e-17,-0.4634219565750509
30.30626106262207,0,0,0,0,0,0,0,0,0,1,160.107,-27.263000000000005,21.42949999999999,55.70725,-82.97025000000001,104.39975,-0.314,0,0,0,0,0,0,0,0,0,1
30.355269193649292,8.481882325,-83.1765595,40.1010085,-19.705845222429986,-87.31880659474258,17.264490900740938,-0.3896872598431519,0.44418547811734155,-1.7202124642891035e-17,0.8067484741513954,158.051,-22.218999999999994,28.5295,53.651250000000005,-75.87025,104.39975,-0.314,9.1551647,-94.828995,43.316994,-18.090843921811057,-124.78898894346685,36.19004520047947,0.868564516747484,-0.177613193062007,3.195568674571844e-17,-0.46265455136367983
30.402234315872192,0,0,0,0,0,0,0,0,0,1,154.01875,-21.621250000000003,33.159499999999994,49.619,-71.24025,104.39975,-0.314,0,0,0,0,0,0,0,0,0,1
30.469630241394043,8.481882325,-83.1765595,40.1010085,-19.599926354898287,-87.30430081076385,16.864152574157075,-0.38889711348894523,0.44399670452324913,3.438357650787651e-17,0.8072335235187282,146.91875,-25.487000000000002,36.39375,42.519,-68.006,104.39975,-0.314,9.1551647,-94.828995,43.316994,-18.04612623545691,-124.79486059748211,36.053788632908365,0.8674258514191183,-0.18180541824763166,-2.399822610505021e-17,-0.46316215539011985
30.602860689163208,8.481882325,-83.1765595,40.1010085,-19.007804207698058,-87.20286759743108,14.96173236136812,-0.3778897677852836,0.4485878534757296,0.0,0.8099186756194857,134.01875,-32.08775,42.693,29.619,-61.70675,104.39975,-0.314,9.1551647,-94.828995,43.316994,-17.620932452572276,-124.72027289319473,35.189065023096894,0.8620257828517879,-0.20040599406438314,-8.049520144225505e-18,-0.465563086210482
30.661954641342163,0,0,0,0,0,0,0,0,0,1,127.81875,-36.7885,44.192249999999994,23.419,-60.2075,104.39975,-0.314,0,0,0,0,0,0,0,0,0,1
30.7252037525177,8.481882325,-83.1765595,40.1010085,-19.15643180089316,-87.37855874936218,15.429858901605002,-0.3778908126826938,0.44968906711671724,-5.144320871980462e-17,0.8093072819428414,122.64874999999999,-41.9585,44.192249999999994,18.249,-60.2075,104.39975,-0.314,9.1551647,-94.828995,43.316994,-17.694201132068542,-124.68760761902307,35.424149434464724,0.8624554929731978,-0.19861277934192603,4.022754774270344e-17,-0.46553569844044573
30.782910585403442,0,0,0,0,0,0,0,0,0,1,121.158,-43.3965,44.245,16.75825,-60.15475,104.39975,-0.314,0,0,0,0,0,0,0,0,0,1
30.845759868621826,8.481882325,-83.1765595,40.1010085,-19.126799478282038,-87.44317627800423,15.288981293558635,-0.3757920611944226,0.45129046625077957,5.143775229542296e-17,0.8093931318058002,118.93424999999999,-43.20525,46.66,14.5345,-57.73975,104.39975,-0.314,9.1551647,-94.828995,43.316994,-17.642303365778304,-124.64690424106024,35.17008279581161,0.8614497034021281,-0.20181164400574586,8.054903120290616e-18,-0.4660219617701331
30.97127056121826,8.481882325,-83.1765595,40.1010085,-19.028022704540035,-87.55861701807257,15.395360730018837,-0.3752964984023531,0.45179578464743686,1.200291297433072e-16,0.8093411562880881,110.914,-39.268,58.6175,6.5142500000000005,-45.78225,104.39975,-0.314,9.1551647,-94.828995,43.316994,-17.590274674853305,-124.66000614918737,35.14515579591074,0.8612093963749039,-0.20260221052665517,-8.057150715163088e-18,-0.4661230737533668
31.052074670791626,0,0,0,0,0,0,0,0,0,1,109.49475,-34.48725,64.8175,5.095,-39.58225,104.39975,-0.314,0,0,0,0,0,0,0,0,0,1
31.09794044494629,8.481882325,-83.1765595,40.1010085,-18.936973820725996,-87.72525078389006,15.528564667069134,-0.3749908903812239,0.4522890125851401,-6.85994183357756e-17,0.8092073165918954,104.14874999999999,-33.33325,71.3175,-0.251,-33.08225,104.39975,-0.314,9.1551647,-94.828995,43.316994,-17.575559727223208,-124.6449004514321,35.20804687804144,0.8611286165034749,-0.20260673290396472,-2.4173719596319662e-17,-0.4662703267641989
31.191875219345093,8.481882325,-83.1765595,40.1010085,-18.89146168764441,-87.60552903315889,15.307894442199014,-0.37449094609088207,0.4519890724514785,-1.714140229944829e-17,0.8096063300644382,97.24875,-33.33325,78.2175,-7.151,-26.18225,104.39975,-0.314,9.1551647,-94.828995,43.316994,-17.58654589607292,-124.6296816477521,35.1369997661469,0.8609403454111286,-0.2031095181240565,-3.223867456504744e-17,-0.4663992338016647
31.27627968788147,0,0,0,0,0,0,0,0,0,1,86.04875,-33.33325,89.41749999999999,-18.351,-14.98225,104.39975,-0.314,0,0,0,0,0,0,0,0,0,1
31.409326314926147,8.481882325,-83.1765595,40.1010085,-19.05779309704326,-87.46372415135446,15.195088246696201,-0.37419034484068214,0.45168834517513673,-1.0280945839410879e-16,0.8099130969807551,72.94874999999999,-33.33325,102.5175,-31.451,-1.88225,104.39975,-0.314,9.1551647,-94.828995,43.316994,-17.586005231338447,-124.64859360199492,35.115974884022094,0.8609432701794258,-0.20331021817571995,-1.611928252243872e-17,-0.4663063807392057
31.475461959838867,8.481882325,-83.1765595,40.1010085,-19.09136865644092,-87.58268332816132,15.21561618045898,-0.37429054205785034,0.4517885837609853,-6.854829000006778e-17,0.8098108826814343,66.24875,-33.33325000000001,109.2175,-38.151,4.81775,104.39975,-0.314,9.1551647,-94.828995,43.316994,-17.58091764546441,-124.6420190381528,35.16726710156297,0.8609403454111286,-0.2031095181240565,-3.223867456504744e-17,-0.4663992338016647
31.557857990264893,0,0,0,0,0,0,0,0,0,1,59.848749999999995,-33.33325,115.61749999999999,-44.551,11.21775,104.39975,-0.314,0,0,0,0,0,0,0,0,0,1
31.60357904434204,8.481882325,-83.1765595,40.1010085,-18.974108832301653,-87.66144071406347,15.184836190064388,-0.37429054205785034,0.4517885837609853,-6.854829000006778e-17,0.8098108826814343,53.348749999999995,-33.23325,122.2175,-51.051,17.81775,104.39975,-0.314,9.1551647,-94.828995,43.316994,-17.56279786592276,-124.62544591284424,35.200388168980375,0.8609373981629147,-0.20290881413318085,2.4179088695810793e-17,-0.4664920252175135
31.6469943523407,0,0,0,0,0,0,0,0,0,1,48.748749999999994,-33.62625,126.4245,-55.651,22.02475,104.39975,-0.314,0,0,0,0,0,0,0,0,0,1
31.780292510986328,8.481882325,-83.1765595,40.1010085,-18.95188985786669,-87.57090291044813,15.151531186062513,-0.37378760475962103,0.4517850182728645,0.0,0.8100451368857495,35.85275,-41.925749999999994,131.021,-68.547,26.62125,104.39975,-0.314,9.1551647,-94.828995,43.316994,-17.576053922713527,-124.61120539419976,35.14918773356137,0.8607490084644732,-0.20341158164479353,-8.061460234831773e-18,-0.46662069486917274
31.843194007873535,8.481882325,-83.1765595,40.1010085,-19.09684320880214,-87.47893673276428,15.169717670461736,-0.3737928856417411,0.451891399201452,1.7133423362842164e-17,0.8099833590706503,31.655249999999995,-40.8395,136.30475,-72.7445,31.905,104.39975,-0.314,9.1551647,-94.828995,43.316994,-17.611104923324802,-124.60554945129572,35.10514868650065,0.8606611461190131,-0.20371447300074716,1.6124566410826938e-17,-0.4666506241838046
31.91238236427307,0,0,0,0,0,0,0,0,0,1,29.524500000000003,-34.99974999999999,142.73425,-74.10475,39.105000000000004,103.62925,-0.314,0,0,0,0,0,0,0,0,0,1
31.972599506378174,8.481882325,-83.1765595,40.1010085,-19.08509965735223,-87.56083651881193,15.177101033157186,-0.3737939913371561,0.4520927327007176,3.4271622321480806e-17,0.8098704915475285,21.182999999999993,-33.28625,144.47925,-78.29125,45.005,99.47425,-0.314,9.1551647,-94.828995,43.316994,-17.61029392622305,-124.63391738265994,35.073611363313425,0.8606541162071157,-0.20401282791802414,8.062349058977127e-18,-0.466533233865112
32.032063007354736,0,0,0,0,0,0,0,0,0,1,9.383250000000004,-33.28625,144.2795,-84.09125,50.805,93.4745,-0.314,0,0,0,0,0,0,0,0,0,1
32.18821430206299,8.481882325,-83.1765595,40.1010085,-22.27268312346692,-86.84679462925735,14.081858673442426,-0.43559807668340783,0.5374976267615512,-1.9220084689491308e-17,0.722046132054882,-13.429749999999999,-33.286249999999995,148.06650000000002,-97.39125,64.105,83.9615,-0.314,9.1551647,-94.828995,43.316994,-17.25762578089163,-124.36408216439477,35.77219144766474,0.8679640733472688,-0.1800132886306123,-1.598889658450415e-17,-0.46285373855550616
32.231433153152466,0,0,0,0,0,0,0,0,0,1,-18.616749999999996,-31.446250000000006,154.8395,-102.45125,71.005,83.8345,-0.314,0,0,0,0,0,0,0,0,0,1
32.27712416648865,0,0,0,0,0,0,0,0,0,1,-19.345249999999993,-27.58274999999999,159.43150000000003,-103.17975,75.59700000000001,83.8345,-0.314,0,0,0,0,0,0,0,0,0,1
32.34955906867981,8.485578410302857,-83.70335441322403,40.21260528084669,-27.88684917793691,-89.27550782023803,15.113794596256113,-0.48141579800497725,0.6322207467776207,-4.3901715907136696e-17,0.6070714593646933,-16.274500000000003,-20.224000000000004,163.7195,-100.10900000000001,79.885,83.8345,-0.314,9.1551647,-94.828995,43.316994,-17.50535543253787,-124.52781429718415,36.693126737675655,0.8792535799673408,-0.15790962269886616,2.367540171118201e-17,-0.4494192843812078
32.408282995224,0,0,0,0,0,0,0,0,0,1,-11.257500000000007,-13.550000000000011,164.062,-94.43475000000001,80.88475,83.17725,-0.314,0,0,0,0,0,0,0,0,0,1
32.55375790596008,8.500021933333334,-85.76195799999999,40.64870199999999,-31.9563949604443,-91.87615535097282,16.102293227999965,-0.4527239398100397,0.7188380117858555,-1.1583517493742702e-16,0.5275537386225541,-9.443750000000009,8.46074999999999,163.723,-82.35300000000001,90.81375,72.90925,-0.314,9.1551647,-94.828995,43.316994,-18.125989198751,-124.88752385358646,36.886576377812204,0.8870313703556147,-0.15230538636432936,0.0,-0.4358651365840733
32.67789840698242,8.500021933333334,-85.76195799999999,40.64870199999999,-36.09488378903569,-93.69251647884772,19.39902531732254,-0.45831748362364705,0.7780296798149627,5.3511279201257395e-17,0.42966836226549715,-17.51975000000001,14.29325,152.4315,-77.82900000000001,92.12225000000001,60.30925,-0.314,9.1551647,-94.828995,43.316994,-18.599465005565634,-124.99802183737748,37.240145120688815,0.8953135122024869,-0.13550204501668378,-3.875119614154727e-18,-0.4243264199457113
32.72188687324524,8.663375640696474,-88.0227386788201,41.314015596828845,-43.36212787537585,-96.30423947015791,25.946678821152446,-0.43011893986377847,0.859437844498794,-4.0368794255004246e-17,0.2763408927642202,-19.089999999999996,13.813750000000013,140.52225,-72.89925,86.71300000000001,53.80925,-0.314,9.1551647,-94.828995,43.316994,-19.130343049901626,-125.21422104283447,37.934642352938,0.9068577714874329,-0.10320657478771841,3.825789513015926e-18,-0.4086041913801595
32.81071996688843,8.651017102201038,-87.851699126061,41.263681240598615,-43.53168414741151,-95.50102866851486,28.083101784597957,-0.47314610650969646,0.8463824771489241,-1.639659159126543e-17,0.24447794229739,-19.090000000000003,16.472499999999997,130.381,-66.49925,82.97175,47.40925,-0.314,9.1551647,-94.828995,43.316994,-18.331120951436816,-124.84030013533645,38.427417344451754,0.9057243402518109,-0.08980241333180147,0.0,-0.4142450313947124
32.85327076911926,0,0,0,0,0,0,0,0,0,1,-19.39,21.66825,122.27675,-59.99925,81.6675,40.60925,-0.314,0,0,0,0,0,0,0,0,0,1
32.97272086143494,8.578477402515412,-86.84776506087256,40.968238613126175,-42.54256867703617,-93.79497615182991,29.912838212769287,-0.5803662097421632,0.7742883329008836,-8.961640785559242e-17,0.2522947485047719,-19.189999999999998,23.438500000000005,100.447,-48.09925,71.53775,28.90925,-0.314,9.1551647,-94.828995,43.316994,-17.48632370027198,-124.48583571022843,38.67251441860229,0.9016173912144507,-0.08020154700022067,-3.848025765430696e-18,-0.4250338712601848
33.03303503990173,0,0,0,0,0,0,0,0,0,1,-18.99,23.538500000000006,87.947,-41.69925,65.23775,22.70925,-0.314,0,0,0,0,0,0,0,0,0,1
33.09854197502136,8.500021933333334,-85.76195799999999,40.64870199999999,-39.67356628513579,-90.18642632501646,32.343598057483334,0.818924854885056,-0.4668141681039738,0.0,-0.3338362091039332,-19.090000000000003,23.5385,75.447,-35.49925,59.03775,16.40925,-0.314,9.1551647,-94.828995,43.316994,-16.258676833332345,-123.84691095468158,38.985497368366055,0.8928088294719639,-0.06770066952873202,3.88599086100611e-18,-0.44531900179788314
33.16303205490112,0,0,0,0,0,0,0,0,0,1,-18.2745,23.438500000000005,62.5625,-28.69925,52.137750000000004,10.42475,-0.314,0,0,0,0,0,0,0,0,0,1
33.222917318344116,8.496838870316074,-85.30828302538052,40.55259502279252,-33.54202014488561,-86.59472828615264,35.8722305302134,0.8599318960282312,-0.21870811217743236,1.6138240565225943e-17,-0.4611766427965265,-14.232750000000001,23.5385,55.10425,-22.899250000000002,46.43775,8.666500000000001,-0.314,9.1551647,-94.828995,43.316994,-14.515818612361471,-123.09749871608196,39.393083577935485,0.8793413873089161,-0.04560214632240029,-3.945506264149925e-18,-0.47400334262156973
33.34866642951965,8.481882325,-83.1765595,40.1010085,-25.136352476360344,-82.84895825394526,39.063916277921905,0.8108156932713918,-0.10350200327280346,1.7115835229855815e-17,-0.5760774660263572,-9.409749999999999,22.594,36.07175,-11.44375,34.03775,2.0340000000000003,-0.314,9.1551647,-94.828995,43.316994,-12.346743829078662,-122.2978637946348,40.19451890092103,0.860009120552478,-0.01240013150564038,3.0256483934654157e-18,-0.5101279734588137
33.43463182449341,8.495742628447914,-82.6829475752619,40.02073344147743,-20.683358604567218,-81.67294921815413,41.19315283723384,0.7831083511416639,-0.07320078062006105,8.860707325865287e-18,-0.6175621070700487,-9.306750000000001,17.530250000000002,28.038500000000003,-9.9075,27.43775,0.60075,-0.314,9.1551647,-94.828995,43.316994,-11.034125393020048,-121.8393819013275,41.05249745241771,0.8486161797591852,0.007500142998107339,1.5331343403702332e-18,-0.5289558840829113
33.52805852890015,0,0,0,0,0,0,0,0,0,1,-1.714,13.438,16.3535,-2.31475,15.75275,0.60075,-0.314,0,0,0,0,0,0,0,0,0,1
33.59638595581055,8.497649925937523,-82.61502231024645,40.00968689995158,-20.050556334270453,-81.58883209910763,41.39060054421115,0.7799130099134548,-0.07140119106016245,-1.7794020142521332e-17,-0.6218018710834871,0.5952500000000001,11.72375,12.33,-0.0055,11.72925,0.60075,-0.314,9.1551647,-94.828995,43.316994,-10.818400711352353,-121.81435597301378,41.5016483898891,0.8472485344787433,0.011600664541965794,-1.5356091560347777e-18,-0.5310700004762144
33.68035888671875,0,0,0,0,0,0,0,0,0,1,0.60075,10.5115,11.11225,0.0,10.5115,0.60075,-0.314,0,0,0,0,0,0,0,0,0,1
33.819671392440796,8.499367362403557,-82.55385863350585,39.99973998116024,-19.861805782945197,-81.53390686931085,41.37458653452605,0.7783120388093897,-0.06970107812542008,-8.915311029393672e-18,-0.6239968989927153,0.60075,0.36425,0.9650000000000001,0.0,0.36425,0.60075,-0.314,9.1551647,-94.828995,43.316994,-10.718295971405809,-121.84664521059238,41.39057883430873,0.8464183166069895,0.012800276999727633,-1.0247435824231325e-18,-0.5323647116600803
33.9079213142395,0,0,0,0,0,0,0,0,0,1,0.60075,-0.60075,0.0,0.0,-0.60075,0.60075,-0.314,0,0,0,0,0,0,0,0,0,1
33.968088150024414,8.500357616272598,-82.51859236966725,39.99400470360385,-19.60889828261736,-81.48328326078958,41.50677975121359,0.7771180646990117,-0.06820158539759694,-1.785801725403142e-17,-0.6256485093626589,0.60075,-0.60075,0.0,0.0,-0.60075,0.60075,-0.314,9.1551647,-94.828995,43.316994,-10.594923106284625,-121.79394376000303,41.50805944231524,0.8455351887520834,0.014400599311685396,1.5387208294699131e-18,-0.5337254606269434
34.03922390937805,0,0,0,0,0,0,0,0,0,1,0.60075,-0.60075,0.0,0.0,-0.60075,0.60075,-0.314,0,0,0,0,0,0,0,0,0,1
34.10279846191406,8.500494690638716,-82.51371069143087,39.99321080664457,-19.48784177468147,-81.44634319822526,41.72399106230053,0.7765222749791075,-0.0673019305938106,8.935859443431833e-18,-0.6264851208126312,0.60075,-0.60075,0.0,0.0,-0.60075,0.60075,-0.314,9.1551647,-94.828995,43.316994,-10.529584744067336,-121.78297313577124,41.56645930384524,0.8452259641315887,0.01520046693658323,-4.104756714990684e-18,-0.5341928634517089
34.22119641304016,8.501463326717777,-82.47921430964867,39.98760073337122,-19.359381323686335,-81.38706718379379,41.892763887847934,0.7761015481577863,-0.06630013225468528,-1.7881407195689565e-17,-0.627112971808189,0.60075,-0.60075,0.0,0.0,-0.60075,0.60075,-0.314,9.1551647,-94.828995,43.316994,-10.526990909257506,-121.75313777685372,41.568226612319165,0.8449363632173099,0.015900684311936586,-2.0530818076895247e-18,-0.534630442784096
34.291016578674316,0,0,0,0,0,0,0,0,0,1,0.60075,-0.60075,0.0,0.0,-0.60075,0.60075,-0.314,0,0,0,0,0,0,0,0,0,1
34.35266613960266,8.501953678113551,-82.46175125069217,39.984760753197605,-19.269978129707482,-81.36653369878603,41.92415568454412,0.7759119069810793,-0.06580100976846888,8.942888801520138e-18,-0.6274001432247486,0.60075,-0.60075,0.0,0.0,-0.60075,0.60075,-0.314,9.1551647,-94.828995,43.316994,-10.47944837971309,-121.72988320404849,41.61511939138122,0.8447346840430671,0.01670068571506951,-2.0535719779778402e-18,-0.5349246682209617
34.4291889667511,0,0,0,0,0,0,0,0,0,1,0.60075,-0.60075,0.0,0.0,-0.60075,0.60075,-0.314,0,0,0,0,0,0,0,0,0,1
34.55503487586975,8.501859481122835,-82.46510592168234,39.98530631621293,-19.282145711771904,-81.3665871406133,41.94291593749223,0.7758083142684696,-0.06540070089347501,0.0,-0.6275700820104142,0.60075,-0.60075,0.0,0.0,-0.60075,0.60075,-0.314,9.1551647,-94.828995,43.316994,-10.47835990498669,-121.74417716452025,41.685080079748346,0.8446409059766053,0.017500847566410842,2.053799980207038e-18,-0.5350471570669977
34.69216322898865,8.500628354034898,-82.50895048928201,39.992436665083304,-19.208685347881982,-81.39121470185763,42.08110804350526,0.7756184927079552,-0.0649015474171561,4.473135935478488e-18,-0.6278564668077395,0.60075,-0.60075,0.0,0.0,-0.60075,0.60075,-0.314,9.1551647,-94.828995,43.316994,-10.43114132231105,-121.74977966559702,41.71035887386094,0.8445108735023295,0.01790023047447211,-1.0270581057071624e-18,-0.5352391673684703
34.78615117073059,0,0,0,0,0,0,0,0,0,1,0.60075,-0.60075,0.0,0.0,-0.60075,0.60075,-0.314,0,0,0,0,0,0,0,0,0,1
34.90726566314697,8.50203139961357,-82.45898332722197,39.98431061168476,-19.240277902080095,-81.34577828039689,42.03942540774311,0.775510594842641,-0.06490088666058982,-4.4737582890890116e-18,-0.6279898026222103,0.60075,-0.60075,0.0,0.0,-0.60075,0.60075,-0.314,9.1551647,-94.828995,43.316994,-10.415298575967824,-121.75771477333788,41.65131616513713,0.8444425872997351,0.017700892699200988,1.0271411591899418e-18,-0.5353535235264457
34.96762037277222,8.501860478931112,-82.46507038638067,39.98530053718232,-19.1919243754339,-81.3508916389559,42.05478086361794,0.7754161642684821,-0.06460134667493417,8.948606211289513e-18,-0.6281372765558015,0.60075,-0.60075,0.0,0.0,-0.60075,0.60075,-0.314,9.1551647,-94.828995,43.316994,-10.439904072463861,-121.74836567987101,41.699349112095774,0.8444207105258759,0.018100443937136848,-2.054335539563545e-18,-0.5353746702677047
35.02607464790344,0,0,0,0,0,0,0,0,0,1,0.60075,-0.60075,0.0,0.0,-0.60075,0.60075,-0.314,0,0,0,0,0,0,0,0,0,1
35.15405631065369,8.501149771824817,-82.4903810517627,39.989416756914785,-19.145300071994285,-81.37589523679326,42.06895811384349,0.7754172182007797,-0.06450143225941488,8.948594048514576e-18,-0.6281462432859473,0.60075,-0.60075,0.0,0.0,-0.60075,0.60075,-0.314,9.1551647,-94.828995,43.316994,-10.415021098343203,-121.7436408024454,41.75281417669147,0.8443291863016404,0.01850063951981564,1.0272791134790107e-18,-0.5355053234997461
35.22146701812744,8.501222086738347,-82.48780567498336,39.98899792886117,-19.13794259817925,-81.36834238791562,42.100403654908845,0.7754079994501727,-0.06440066438559597,4.474350218741275e-18,-0.6281679622643731,0.60075,-0.60075,0.0,0.0,-0.60075,0.60075,-0.314,9.1551647,-94.828995,43.316994,-10.387003624678186,-121.72799252034508,41.787021667636296,0.8442203327845622,0.018600447986013815,0.0,-0.5356734574793142
35.2803840637207,0,0,0,0,0,0,0,0,0,1,0.60075,-0.60075,0.0,0.0,-0.60075,0.60075,-0.314,0,0,0,0,0,0,0,0,0,1
35.34085392951965,8.502306435124773,-82.44918838957383,39.98271768178675,-19.097433595581066,-81.32378359010603,42.137464877855,0.7752159054947121,-0.06410131519893067,0.0,-0.628435614250005,0.60075,-0.60075,0.0,0.0,-0.60075,0.60075,-0.314,9.1551647,-94.828995,43.316994,-10.358722963903318,-121.74533016338007,41.69870626490196,0.8442223233150993,0.018300483909815583,-5.1370457404066295e-18,-0.5356806521661229
35.40765428543091,0,0,0,0,0,0,0,0,0,1,0.60075,-0.60075,0.0,0.0,-0.60075,0.60075,-0.314,0,0,0,0,0,0,0,0,0,1
35.55007886886597,8.503052353116221,-82.42262374639418,39.97839753030944,-19.11831745855409,-81.30763994321778,42.065331342433055,0.7752169472878544,-0.064001399156892,-4.475452922039042e-18,-0.6284445127007317,0.60075,-0.60075,0.0,0.0,-0.60075,0.60075,-0.314,9.1551647,-94.828995,43.316994,-10.37257329993011,-121.75049074149618,41.6364042855959,0.8442229796070243,0.01820049541441346,-3.0822250481459897e-18,-0.5356830244371271
35.60002422332764,8.502530304278562,-82.44121565764152,39.98142109333259,-19.166994932069088,-81.33138365854077,42.02836190160876,0.7752169472878544,-0.064001399156892,-4.475452922039042e-18,-0.6284445127007317,0.60075,-0.60075,0.0,0.0,-0.60075,0.60075,-0.314,9.1551647,-94.828995,43.316994,-10.434229352611226,-121.7459199672822,41.64973242090694,0.8441333948612414,0.018300723997110198,-2.0550347688376443e-18,-0.5358207677770778
35.67455720901489,0,0,0,0,0,0,0,0,0,1,0.60075,-0.60075,0.0,0.0,-0.60075,0.60075,-0.314,0,0,0,0,0,0,0,0,0,1
35.719897747039795,8.503887103740485,-82.3928954750134,39.97356288469967,-19.647993525780066,-81.4386542981443,40.98049103040034,0.776918233822996,-0.07390173443109717,8.931305254303127e-18,-0.625249223591227,0.60075,-0.60075,0.0,0.0,-0.60075,0.60075,-0.314,9.1551647,-94.828995,43.316994,-10.692059997608567,-121.81457557172921,40.81067952240872,0.8466163423283799,0.007000135124378289,5.122519461430247e-19,-0.5321576524027031
35.803380250930786,0,0,0,0,0,0,0,0,0,1,0.60075,-0.60075,0.0,0.0,-0.60075,0.60075,-0.314,0,0,0,0,0,0,0,0,0,1
35.92827749252319,8.503159664508066,-82.41880202756427,39.977776012296296,-20.79122788274782,-81.53385686721106,40.36133703025858,0.7808073932510168,-0.07330069406416437,2.2217047263781758e-17,-0.6204569468498711,0.60075,-0.60075,0.0,0.0,-0.60075,0.60075,-0.314,9.1551647,-94.828995,43.316994,-11.32571258899381,-121.86157791438711,40.83666361784026,0.8499227575284225,0.00560014994959309,5.10259156085368e-19,-0.5268775422769738
35.97368240356445,8.495731123982452,-82.6833572878891,40.02080007217146,-21.43651942211821,-81.84790573410528,39.98989102015823,0.7825152918954174,-0.07730151062430128,-8.867422752978745e-18,-0.6178141260970251,0.60075,-0.60075,0.0,0.0,-0.60075,0.60075,-0.314,9.1551647,-94.828995,43.316994,-11.618371709319632,-122.02344130308562,40.603745429007475,0.8518332169103225,0.0015000584942069547,6.363934576406902e-20,-0.5238109586413074
36.052019119262695,0,0,0,0,0,0,0,0,0,1,0.60075,-0.60075,0.0,0.0,-0.60075,0.60075,-0.314,0,0,0,0,0,0,0,0,0,1
36.10404658317566,8.526146802479573,-81.60015289329556,39.84464084300772,-15.283453730829507,-80.61814513500279,41.77204462397039,0.7564093181274013,-0.06840084262283745,0.0,-0.6505123120883459,0.60075,-0.60075,0.0,0.0,-0.60075,0.60075,-0.314,9.1551647,-94.828995,43.316994,-8.896253937588597,-121.30565294979722,41.63571186097576,0.8296242837895198,0.004600134649749023,5.227437015383086e-19,-0.5583031313792984
36.15673613548279,0,0,0,0,0,0,0,0,0,1,0.60075,-0.60075,0.0,0.0,-0.60075,0.60075,-0.314,0,0,0,0,0,0,0,0,0,1
36.3030149936676,8.566696124885695,-80.18769312491358,39.61791450833693,-7.2212389707132445,-79.39930121752849,41.61547940880507,0.722103652810853,-0.07660038748831369,-3.3632468924841156e-17,-0.6875308685679962,0.60075,-0.60075,0.0,0.0,-0.60075,0.60075,-0.314,9.1551647,-94.828995,43.316994,-5.020720363761143,-120.45666019076242,41.475865643494835,0.8002141724670907,-0.005800102724705232,-8.129339942652112e-19,-0.599686282143582
36.349294662475586,8.578007017029948,-79.81444079235003,39.5599972475101,-1.3004760979229957,-78.9516001362019,43.191433324999124,0.7078009618273278,-0.08880012067005749,-9.803453623449603e-18,-0.7008083454164149,0.60075,-0.60075,0.0,0.0,-0.60075,0.60075,-0.314,9.1551647,-94.828995,43.316994,-0.9663513147484082,-120.09839707506733,43.22696220118088,0.7792172781690779,0.0036000798272698676,5.565596158406793e-19,-0.6267435462994503
36.41098189353943,0,0,0,0,0,0,0,0,0,1,0.60075,-0.60075,0.0,0.0,-0.60075,0.60075,-0.314,0,0,0,0,0,0,0,0,0,1
36.47255539894104,8.563884447866036,-80.2804766995971,39.63231166014703,5.373430260544183,-79.15184537347045,46.28278832942079,-0.6986990097101545,0.05729991878687828,0.0,0.7131173908530534,0.60075,-0.60075,0.0,0.0,-0.60075,0.60075,-0.314,9.1551647,-94.828995,43.316994,4.166660418800177,-119.89603947802652,44.49918150074074,0.7532072666935191,0.01930018620178561,3.4546735394468817e-18,-0.6575000503518266
36.53256106376648,0,0,0,0,0,0,0,0,0,1,0.60075,-0.60075,0.0,0.0,-0.60075,0.60075,-0.314,0,0,0,0,0,0,0,0,0,1
36.654358863830566,8.566146609095812,-80.20582680064302,39.62072829604927,7.277275897508758,-79.12089035179744,46.36097769726622,0.715401883103459,-0.04050010660566128,-2.4248237486480557e-18,-0.6975384484148204,0.60075,-0.60075,0.0,0.0,-0.60075,0.60075,-0.314,9.1551647,-94.828995,43.316994,7.46348843018643,-119.95069806058957,44.14798710629398,0.7418055318386662,0.026200195381737727,2.3385151519119282e-18,-0.6701030537876337
36.721224308013916,8.556631889249442,-80.51980657615975,39.66944828241361,7.6990108181591665,-79.43635365229443,46.484357447401834,0.7287046877273543,-0.019700126730106883,2.380557591013955e-18,-0.6845446538327481,0.60075,-0.60075,0.0,0.0,-0.60075,0.60075,-0.314,9.1551647,-94.828995,43.316994,9.301907701985698,-120.0120518071766,42.994795752330134,0.7332061175752085,0.024800206922893028,0.0,-0.6795540735562338
36.79846715927124,0,0,0,0,0,0,0,0,0,1,0.60075,-0.60075,0.0,0.0,-0.60075,0.60075,-0.314,0,0,0,0,0,0,0,0,0,1
36.84499454498291,8.550686452986637,-80.72621357698019,39.702513948890214,7.473899188232821,-79.64811113074293,46.145855564994925,0.7413083216161713,-0.0026000291868367004,-4.387656825928121e-19,-0.6711596025915464,0.60075,-0.60075,0.0,0.0,-0.60075,0.60075,-0.314,9.1551647,-94.828995,43.316994,10.742280245544919,-120.09119539655914,42.04713377249749,0.7247028207081583,0.022100086018559804,2.3937032206962943e-18,-0.6887070551806561
36.9262900352478,0,0,0,0,0,0,0,0,0,1,0.60075,-0.60075,0.0,0.0,-0.60075,0.60075,-0.314,0,0,0,0,0,0,0,0,0,1
37.06327152252197,8.585615862279365,-79.56335368080832,39.52103626465558,13.29846668552247,-79.22994490958907,42.590106631084836,-0.7008996495647729,0.06619996690139529,0.0,0.7101811357831415,0.60075,-0.60075,0.0,0.0,-0.60075,0.60075,-0.314,9.1551647,-94.828995,43.316994,11.20202949571015,-120.06319322498808,41.74839223645035,0.7123005310215332,0.002100001565555553,-1.5221133851053219e-19,-0.7018714579606913
37.154109477996826,0,0,0,0,0,0,0,0,0,1,0.60075,-0.60075,0.0,0.0,-0.60075,0.60075,-0.314,0,0,0,0,0,0,0,0,0,1
37.225841999053955,8.618185525771205,-78.4885752535985,39.354263770369386,7.452905390249356,-78.73443837127847,37.54220742312749,-0.6918994600599312,0.13489989472768418,1.956604033387504e-17,0.709279321262953,0.60075,-0.60075,0.0,0.0,-0.60075,0.60075,-0.314,9.1551647,-94.828995,43.316994,5.862798366391644,-119.50349209085174,39.9661336726716,0.7440059407611893,-0.036000287456186594,1.3989593746001695e-17,-0.6672024725786991
37.27592062950134,0,0,0,0,0,0,0,0,0,1,0.60075,-0.60075,0.0,0.0,-0.60075,0.60075,-0.314,0,0,0,0,0,0,0,0,0,1
37.357407093048096,8.605848576003291,-78.89568684292907,39.417434944526406,-5.212301131908333,-78.74729321014799,37.67516795942324,0.7384057919503372,-0.13460105579159726,-3.758851287219543e-17,-0.6607869870041199,0.60075,-0.60075,0.0,0.0,-0.60075,0.60075,-0.314,9.1551647,-94.828995,43.316994,-1.192838758198377,-119.78284999260278,39.76011442882231,0.7920140391838488,-0.022300395295201808,-2.1902685939309836e-18,-0.6100954467174483
37.47195100784302,8.590375917610068,-79.40627484629574,39.496662469677915,-8.660294696938479,-79.06086931956862,38.35370344052312,0.7514134196915297,-0.13220236103702457,-1.8468911313177728e-17,-0.6464521702676211,0.60075,-0.60075,0.0,0.0,-0.60075,0.60075,-0.314,9.1551647,-94.828995,43.316994,-3.02845102487953,-119.88935644833077,40.0084770292637,0.8044142424840646,-0.014900263815281655,0.0,-0.5938818978778724
37.54704451560974,0,0,0,0,0,0,0,0,0,1,0.60075,-0.60075,0.0,0.0,-0.60075,0.60075,-0.314,0,0,0,0,0,0,0,0,0,1
37.60172653198242,8.592130857583797,-79.348362930034,39.48767632473925,-8.635589116696735,-79.01712225904257,38.25791289297146,0.7514068923958069,-0.13260121630514238,1.846907174828558e-17,-0.6463780623555174,0.60075,-0.60075,0.0,0.0,-0.60075,0.60075,-0.314,9.1551647,-94.828995,43.316994,-3.041220031437291,-119.93234093493253,39.90412528570802,0.8046161980730959,-0.015500312043416592,-2.1559638994729937e-18,-0.5935928858442907
37.672481298446655,0,0,0,0,0,0,0,0,0,1,0.60075,-0.60075,0.0,0.0,-0.60075,0.60075,-0.314,0,0,0,0,0,0,0,0,0,1
37.71898698806763,8.590304329856245,-79.40863719718341,39.49702903374353,-8.781066581992377,-79.06020546322657,38.35000059360728,0.7520071167480717,-0.1326012548946733,1.845433041621549e-17,-0.645679644685048,0.60075,-0.60075,0.0,0.0,-0.60075,0.60075,-0.314,9.1551647,-94.828995,43.316994,-3.1580928890893176,-119.96390470826952,39.92951156855895,0.805229944909219,-0.01510056156002137,-3.231480933385516e-18,-0.5927703677327909
37.83791208267212,8.589926563010666,-79.42110326568444,39.498963383452484,-8.923633410866785,-79.06812618262495,38.353459135049725,0.7524099181212256,-0.1326017479304552,0.0,-0.6452101142717763,0.60075,-0.60075,0.0,0.0,-0.60075,0.60075,-0.314,9.1551647,-94.828995,43.316994,-3.2471721361993957,-119.95558111939528,39.91973375681222,0.8056245579228322,-0.014900454211829941,1.0766326938006336e-18,-0.5922390126764044
37.93050670623779,8.589478418763706,-79.43589174420316,39.50125809963475,-9.036507157371119,-79.07882143164807,38.36017694707441,0.7527123787180883,-0.13270218235138873,0.0,-0.6448365728800872,0.60075,-0.60075,0.0,0.0,-0.60075,0.60075,-0.314,9.1551647,-94.828995,43.316994,-3.2904916914731075,-119.98220624799757,39.92354409246641,0.8060186543198222,-0.014800342535897478,-5.380531414129287e-18,-0.5917050606081404
37.971710205078125,0,0,0,0,0,0,0,0,0,1,0.60075,-0.60075,0.0,0.0,-0.60075,0.60075,-0.314,0,0,0,0,0,0,0,0,0,1
38.029542684555054,0,0,0,0,0,0,0,0,0,1,0.60075,-0.60075,0.0,0.0,-0.60075,0.60075,-0.314,0,0,0,0,0,0,0,0,0,1
38.09850454330444,8.589180444428333,-79.44572471001197,39.5027838729408,-9.105250351500075,-79.09125948343315,38.33154710025771,0.7529145031455384,-0.13290256005849665,9.216044949217744e-18,-0.644559276159303,0.60075,-0.60075,0.0,0.0,-0.60075,0.60075,-0.314,9.1551647,-94.828995,43.316994,-3.3338112467468477,-120.00883137659986,39.927354428120594,0.8063177969465305,-0.014700324463740541,0.0,-0.5912998484592689
38.22251343727112,8.589348194885998,-79.44018905032985,39.501924909130835,-9.138896075773545,-79.09457037513276,38.267072273896815,0.7531083842895531,-0.1331014818071166,-9.213672359328534e-18,-0.6442916707932275,1.2842500000000001,-1.23875,2.265,-1.10975,-0.129,2.394,-0.314,9.1551647,-94.828995,43.316994,-3.347654437516269,-119.99046200670206,39.97706290143129,0.8065224478448865,-0.014500403588035775,-4.3017363759983926e-18,-0.5910256165498043
38.29699468612671,0,0,0,0,0,0,0,0,0,1,1.8637499999999996,-1.2572500000000002,6.104,-2.7487500000000002,1.4915,4.6125,-0.314,0,0,0,0,0,0,0,0,0,1
38.340739727020264,8.589088934061827,-79.44874449459806,39.503252450458625,-9.180486407840704,-79.1013052644567,38.27206081520028,0.7533056151441528,-0.13310099213551932,0.0,-0.6440611586525226,2.4815000000000005,-1.9382499999999996,9.46875,-4.46275,2.5245,6.94425,-0.314,9.1551647,-94.828995,43.316994,-3.3606866311839667,-120.0004605681685,39.99523405155476,0.8067119828572484,-0.014500215385434612,-2.1503628467655654e-18,-0.5907668918180017
38.42456269264221,0,0,0,0,0,0,0,0,0,1,2.5092499999999998,-2.1067499999999995,11.5125,-5.555,3.4482500000000003,8.06425,-0.314,0,0,0,0,0,0,0,0,0,1
38.481083154678345,8.587902931206,-79.48788184351092,39.50932536105368,-9.240513321060945,-79.1299404049573,38.33432475675364,0.7536114268348805,-0.13300201667866124,0.0,-0.6437237613319122,2.9690000000000003,-1.2429999999999994,15.3305,-6.80225,5.5592500000000005,9.77125,-0.314,9.1551647,-94.828995,43.316994,-3.390973992790009,-120.01708713530434,39.98087323708547,0.8069158721250203,-0.014500285222224307,1.0749097495184954e-18,-0.5904883716392664
38.60369610786438,8.588260696800619,-79.47607580372201,39.5074934274631,-9.321100150385433,-79.11357482468765,38.3460691478345,0.7538103337220876,-0.1329018219045708,-9.205092572351813e-18,-0.6435115278751741,0.7924999999999986,-1.9502500000000005,29.350749999999998,-15.25425,13.304,16.04675,-0.314,9.1551647,-94.828995,43.316994,-3.4234776278356094,-119.9963789364723,40.018485525103564,0.8071201019199268,-0.014400358651526382,2.1492755190341014e-18,-0.5902116321688978
38.649850368499756,0,0,0,0,0,0,0,0,0,1,0.4924999999999997,-6.293500000000002,35.1075,-20.454250000000002,14.16075,20.94675,-0.314,0,0,0,0,0,0,0,0,0,1
38.71612620353699,8.58930002694683,-79.44177856205181,39.50217155237176,-9.40391039840685,-79.08340442646403,38.297776188785996,0.7541144435663273,-0.1329025454846372,0.0,-0.6431549730884093,2.6235,-7.072750000000003,45.19725,-24.82325,17.7505,27.44675,-0.314,9.1551647,-94.828995,43.316994,-3.46561576989464,-120.00773181956731,39.932488495915095,0.8076086608025062,-0.014200152282560172,1.0739876626960905e-18,-0.5895477984624612
38.77913570404053,0,0,0,0,0,0,0,0,0,1,7.797250000000002,-7.305500000000002,52.45525000000001,-25.98175,18.67625,33.779,-0.314,0,0,0,0,0,0,0,0,0,1
38.842193841934204,8.587557959964762,-79.49926567767858,39.511091781341456,-9.558150613855332,-79.12507364492201,38.37885412765662,0.7547110133724335,-0.13260193503800807,-9.194107123070474e-18,-0.642516936055798,7.360750000000003,-11.2895,56.002750000000006,-29.96575,18.67625,37.3265,-0.314,9.1551647,-94.828995,43.316994,-3.531541266090585,-120.01457359254579,39.974997543114796,0.8080176088572326,-0.013800300745333926,3.220332311377844e-18,-0.5889966854541531
38.97221660614014,8.58635433724372,-79.53898447107052,39.51725491420337,-9.67474599388271,-79.14256344736654,38.50573842206191,0.7551121259061598,-0.1322021229569519,9.189223250229656e-18,-0.6421279280604097,2.7447499999999962,-17.083500000000004,66.63875,-40.48875,23.40525,43.2335,-0.314,9.1551647,-94.828995,43.316994,-3.624071814356455,-120.02250053421434,40.074873772686246,0.8083176224644419,-0.013300289965083605,4.2921827454111165e-18,-0.5885964011954854
39.04945921897888,0,0,0,0,0,0,0,0,0,1,7.729500000000002,-13.750999999999998,76.9865,-41.504,27.753,49.2335,-0.314,0,0,0,0,0,0,0,0,0,1
39.0949170589447,8.5977147345574,-79.16409849902675,39.459084162867256,-10.228942636250537,-79.25886968987953,35.17159101387181,0.7473042374885068,-0.1678009514928027,1.8570465831231002e-17,-0.642945734342978,10.254249999999999,-16.60675,84.006,-45.17925,28.5725,55.4335,-0.314,9.1551647,-94.828995,43.316994,-3.865906014763283,-120.00768204140587,39.161146990883026,0.8107174179548788,-0.04770102483834676,6.419216255472218e-18,-0.5834911142887661
39.18354058265686,8.590082291874973,-79.41596431102826,39.49816597603869,-13.338510814883364,-81.0806171282921,24.487658123167577,0.7135136867797058,-0.2945056492734736,1.9449925159037848e-17,-0.635739444524281,9.269999999999996,-23.864,90.279,-52.4365,28.5725,61.7065,-0.314,9.1551647,-94.828995,43.316994,-6.609945591286163,-120.73269886141244,34.54889185774222,0.8146279538491755,-0.1660056964632496,2.5553605929383313e-17,-0.5557188187827159
39.228567361831665,0,0,0,0,0,0,0,0,0,1,5.4580000000000055,-29.446499999999997,92.04950000000001,-58.019,28.5725,63.477000000000004,-0.314,0,0,0,0,0,0,0,0,0,1
39.344659090042114,8.585526882846695,-79.56628994616834,39.52149188256303,-14.006911695213489,-82.26898877101186,17.691570049727574,0.650013947994271,-0.39730852544326745,4.269996928723375e-17,-0.6477868499923396,9.400249999999993,-27.446000000000005,104.99775,-61.521750000000004,34.07575,70.922,-0.314,9.1551647,-94.828995,43.316994,-7.798165656973339,-121.28991814968253,32.28945835788477,0.8126067874452131,-0.22090184512262812,-8.53905481853369e-18,-0.5393260459308346
39.40373349189758,0,0,0,0,0,0,0,0,0,1,10.448250000000002,-31.380749999999992,112.015,-66.47375,35.093,76.922,-0.314,0,0,0,0,0,0,0,0,0,1
39.47096061706543,8.555027569286201,-80.57274812673072,39.67766317975112,-14.762189333530841,-84.15934789226381,12.009827528127616,-0.5721044063384203,0.4864037462733921,-8.405880958323576e-17,0.6603846938409257,10.348249999999993,-37.98075,118.515,-73.07375,35.093,83.422,-0.314,9.1551647,-94.828995,43.316994,-9.290746860732355,-121.86054599956478,31.042588193383224,0.8111281332539028,-0.2618090806138229,3.4218484697707737e-17,-0.5229982378098265
39.52907705307007,0,0,0,0,0,0,0,0,0,1,10.665999999999997,-43.17725,124.02925,-78.27025,35.093,88.93625,-0.314,0,0,0,0,0,0,0,0,0,1
39.61060810089111,8.514567663457896,-82.0125248966055,39.91170402572223,-14.99429251532564,-87.19369486371858,3.9936085584496936,-0.42050123145731577,0.5838017096903233,-1.9981918139486222e-17,0.6945172986366404,11.480500000000006,-44.811499999999995,126.47800000000001,-79.9045,35.093,91.385,-0.314,9.1551647,-94.828995,43.316994,-10.516514303633187,-122.81442096214622,28.23529114253796,0.7936217477104626,-0.33500918029612503,-3.497330522468873e-17,-0.5078714115583879
39.72484087944031,8.484356312517855,-83.08845250111247,40.08667984597549,-14.049127046157622,-88.98598500576917,-0.06792542301603532,-0.31309825487181603,0.6119965888902953,-7.643600156206925e-17,0.7262435252605467,19.204000000000008,-44.811499999999995,134.2015,-79.9045,35.093,99.1085,-0.314,9.1551647,-94.828995,43.316994,-11.043579985674995,-123.0695612942659,27.205094473090966,0.77890314970604,-0.37280150752395913,1.78170903700312e-17,-0.5043103403320952
39.80668306350708,8.481882325,-83.1765595,40.1010085,-14.645686334688037,-91.3187792717632,-2.417752635347483,-0.21049769706139737,0.619793219186005,7.342673666355949e-17,0.7560073313023472,24.575000000000003,-44.811499999999995,139.5725,-79.9045,35.093,104.4795,-0.314,9.1551647,-94.828995,43.316994,-11.468599872095751,-123.609420832963,25.739212562900164,0.7626372047082318,-0.41032001716730593,-1.8197103055211937e-17,-0.5000219770236466
39.85636901855469,0,0,0,0,0,0,0,0,0,1,25.079000000000008,-44.79775,140.09025,-79.9045,35.10675,104.9835,-0.314,0,0,0,0,0,0,0,0,0,1
39.937578439712524,8.500021933333334,-85.76195799999999,40.64870199999999,-15.783772189858581,-96.28233430832297,-4.3747099637792815,-0.1421987023733148,0.6147943897265391,1.6100300985254846e-16,0.7757624555262506,25.079000000000008,-44.17075,140.71725,-79.9045,35.73375,104.9835,-0.314,9.1551647,-94.828995,43.316994,-11.94287007549542,-124.121835339702,24.561291025848277,0.7493267128122387,-0.4384156291163559,-5.556102927011968e-17,-0.496287430439775
40.03777718544006,0,0,0,0,0,0,0,0,0,1,25.079000000000008,-44.17075,140.71725,-79.9045,35.73375,104.9835,-0.314,0,0,0,0,0,0,0,0,0,1
40.15538191795349,8.500021933333334,-85.76195799999999,40.64870199999999,-15.793487188884058,-95.74560994183513,-4.933845522666516,-0.13589835827010194,0.6118926079873096,-8.905397492648919e-18,0.7791784599884545,25.079000000000008,-44.17075,140.71725,-79.9045,35.73375,104.9835,-0.314,9.1551647,-94.828995,43.316994,-11.845144712352521,-124.03070773218451,24.57695986584143,0.749022169328572,-0.43861298193259246,-7.41114929629097e-17,-0.4965726955185106
40.21900177001953,8.500021933333334,-85.76195799999999,40.64870199999999,-15.797145802788549,-95.89158272837767,-4.8406867327790195,-0.13629800598046626,0.6122910422732178,-7.127820660229658e-17,0.7787955656767221,25.079000000000008,-44.17075,140.71725,-79.9045,35.73375,104.9835,-0.314,9.1551647,-94.828995,43.316994,-11.849467770368932,-124.08043333038039,24.57401435171822,0.7480269500049648,-0.4405158709588063,-7.421009527917327e-17,-0.49638840588764194
40.27993392944336,0,0,0,0,0,0,0,0,0,1,25.079000000000008,-44.17075,140.71725,-79.9045,35.73375,104.9835,-0.314,0,0,0,0,0,0,0,0,0,1
40.341320276260376,8.500021933333334,-85.76195799999999,40.64870199999999,-15.838125305245399,-96.03287785705169,-4.771720313476706,-0.13379791293553955,0.6116904584653929,1.779886949497481e-17,0.7797005204028603,25.079000000000008,-44.17075,140.71725,-79.9045,35.73375,104.9835,-0.314,9.1551647,-94.828995,43.316994,-11.83757052067179,-124.07092391143169,24.56576653983251,0.7475161287575517,-0.441309521900612,-5.569560551508404e-17,-0.4964529616460924
40.41273736953735,0,0,0,0,0,0,0,0,0,1,25.079000000000008,-44.17075,140.71725,-79.9045,35.73375,104.9835,-0.314,0,0,0,0,0,0,0,0,0,1
40.532877683639526,8.500021933333334,-85.76195799999999,40.64870199999999,-15.925384650520158,-95.77407659078162,-4.768943401662241,-0.13289736057311047,0.6110878634027676,-3.556916873369576e-17,0.7803267999719997,25.079000000000008,-44.17075,140.71725,-79.9045,35.73375,104.9835,-0.314,9.1551647,-94.828995,43.316994,-11.84201735806559,-124.04331427552371,24.445691839573783,0.7468427088483358,-0.4421252833179556,1.8581941877982067e-17,-0.4967405782610249
40.59678769111633,8.500021933333334,-85.76195799999999,40.64870199999999,-15.928596460197696,-95.69288165836295,-4.946699040751767,-0.13229849133515148,0.610393039387577,8.884944491402211e-18,0.7809721164405542,25.079000000000008,-44.17075,140.71725,-79.9045,35.73375,104.9835,-0.314,9.1551647,-94.828995,43.316994,-11.821634835840229,-124.04929281319352,24.346955777898913,0.7462050894210716,-0.4430030214601106,5.579345948409946e-17,-0.4969167812615139
40.67527961730957,0,0,0,0,0,0,0,0,0,1,25.079000000000008,-44.17075,140.71725,-79.9045,35.73375,104.9835,-0.314,0,0,0,0,0,0,0,0,0,1
40.725778579711914,8.500021933333334,-85.76195799999999,40.64870199999999,-15.960155913647213,-95.95536790912355,-4.882629008290323,-0.13169797176467252,0.6104905980435275,-5.3307943966836266e-17,0.7809973584677018,25.079000000000008,-44.17075,140.71725,-79.9045,35.73375,104.9835,-0.314,9.1551647,-94.828995,43.316994,-11.823680860658214,-124.07451017833996,24.436174039916935,0.7464217585471533,-0.4429129111207587,-1.8592421307259844e-17,-0.4966716335063943
40.81020927429199,8.500021933333334,-85.76195799999999,40.64870199999999,-15.924658108809012,-95.73385613306638,-5.109504390206624,-0.13179777182657296,0.609689692584686,-5.32664376663379e-17,0.7816059276243635,25.079000000000008,-44.17075,140.71725,-79.9045,35.73375,104.9835,-0.314,9.1551647,-94.828995,43.316994,-11.848834167146094,-124.06977907864417,24.393221416383625,0.7462258984875586,-0.4431153787454264,1.859730121393774e-17,-0.4967853354777425
40.933624029159546,0,0,0,0,0,0,0,0,0,1,25.079000000000008,-44.17075,140.71725,-79.9045,35.73375,104.9835,-0.314,0,0,0,0,0,0,0,0,0,1
40.97824430465698,8.500021933333334,-85.76195799999999,40.64870199999999,-16.128888135621878,-95.76073602626468,-5.20472816606987,-0.13109837542404615,0.6094924471468812,1.7749315807276572e-17,0.7818773387380414,25.079000000000008,-44.17075,140.71725,-79.9045,35.73375,104.9835,-0.314,9.1551647,-94.828995,43.316994,-11.876264506832456,-124.08955621199779,24.25810501670911,0.7455367371959396,-0.44412188462604535,0.0,-0.49692124636348795
41.036015033721924,0,0,0,0,0,0,0,0,0,1,25.079000000000008,-44.17075,140.71725,-79.9045,35.73375,104.9835,-0.314,0,0,0,0,0,0,0,0,0,1
41.10857367515564,8.500021933333334,-85.76195799999999,40.64870199999999,-16.38225899055098,-95.88456601763652,-5.118883287892217,-0.13049638517895848,0.6098831059053392,1.7753946805893437e-17,0.7816733912488526,25.079000000000008,-44.17075,140.71725,-79.9045,35.73375,104.9835,-0.314,9.1551647,-94.828995,43.316994,-11.882757369044185,-124.08716394123626,24.22724857846839,0.745323938942918,-0.444414274072498,-5.585942064666723e-17,-0.4969790529179557
41.193387508392334,8.500021933333334,-85.76195799999999,40.64870199999999,-16.053311582038134,-95.8757945074698,-5.070751561951198,-0.1303992671288089,0.6096965733775671,3.550054955007016e-17,0.781835097411163,25.07825000000001,-44.137249999999995,140.75150000000002,-79.90525,35.768,104.9835,-0.314,9.1551647,-94.828995,43.316994,-11.870358778599353,-124.08781963150602,24.38987036367952,0.745715980374904,-0.4440095149342328,-1.3027012590753706e-16,-0.4967526821883935
41.32548403739929,8.500021933333334,-85.76195799999999,40.64870199999999,-15.99233334196444,-96.10682386854796,-4.99454730644446,-0.12979828166909146,0.6098919259628574,1.7751463657068e-17,0.781782734985282,23.969250000000002,-44.170500000000004,141.82725,-81.01425,36.84375,104.9835,-0.314,9.1551647,-94.828995,43.316994,-11.851474471200135,-124.11439754055121,24.471338134514582,0.745827338457056,-0.44411627917508534,1.8607239359882386e-17,-0.49648999162293467
41.406859397888184,0,0,0,0,0,0,0,0,0,1,23.969250000000002,-44.170500000000004,141.82725,-81.01425,36.84375,104.9835,-0.314,0,0,0,0,0,0,0,0,0,1
41.470738887786865,8.500021933333334,-85.76195799999999,40.64870199999999,-15.909293007581795,-95.86205751968555,-5.174529909298698,-0.12949815083682392,0.6096912939398583,-1.4197425563943301e-16,0.781988973722638,23.969250000000002,-44.170500000000004,141.82725,-81.01425,36.84375,104.9835,-0.314,9.1551647,-94.828995,43.316994,-11.831632613709274,-124.10146412397819,24.39362695496453,0.7456333269732096,-0.4444198638772723,-9.306040452986007e-17,-0.49650974441411483
41.55664825439453,0,0,0,0,0,0,0,0,0,1,23.969250000000002,-44.170500000000004,141.82725,-81.01425,36.84375,104.9835,-0.314,0,0,0,0,0,0,0,0,0,1
41.606786489486694,8.500021933333334,-85.76195799999999,40.64870199999999,-15.86372011474134,-95.68049276993708,-5.251063255540231,-0.12969713220492118,0.609586521142019,9.760122211107508e-17,0.7820376762917436,23.969250000000002,-44.170500000000004,141.82725,-81.01425,36.84375,104.9835,-0.314,9.1551647,-94.828995,43.316994,-11.861279226835109,-124.08390649136393,24.310483657777397,0.7454372910046432,-0.44462224252839344,0.0,-0.49662290183667673
41.72324800491333,8.500021933333334,-85.76195799999999,40.64870199999999,-16.06199794407692,-95.6908529796541,-5.294405711037967,-0.12949815083682392,0.6096912939398583,-1.4197425563943301e-16,0.781988973722638,23.969250000000002,-44.123000000000005,141.87475,-81.01425,36.89125,104.9835,-0.314,9.1551647,-94.828995,43.316994,-11.899735059357965,-124.07971797601317,24.29621462542997,0.7453486385426475,-0.44472902127990793,-5.585756955945815e-17,-0.49666035140127396
41.776506185531616,0,0,0,0,0,0,0,0,0,1,23.969250000000002,-43.705000000000005,142.29275,-81.01425,37.30925,104.9835,-0.314,0,0,0,0,0,0,0,0,0,1
41.84893751144409,8.500021933333334,-85.76195799999999,40.64870199999999,-16.010269504389015,-95.86324334976,-5.176059909159719,-0.12879885583275047,0.6103945776421651,1.7756620268710417e-17,0.7815557013554552,23.969250000000002,-43.5985,142.39925,-81.01425,37.41575,104.9835,-0.314,9.1551647,-94.828995,43.316994,-11.901781084175923,-124.10493534115962,24.38543288744799,0.7455486426631529,-0.44472901595211806,1.8614194988327002e-17,-0.4963600747374743
41.92542481422424,0,0,0,0,0,0,0,0,0,1,23.969250000000002,-44.1685,141.82925,-81.01425,36.84575,104.9835,-0.314,0,0,0,0,0,0,0,0,0,1
41.978856325149536,8.500021933333334,-85.76195799999999,40.64870199999999,-15.887088323661573,-95.81857961209798,-5.431855818534089,-0.12909870181936,0.6101938640602133,-2.6631275805863464e-17,0.7816629538693912,23.969250000000002,-43.53,142.46775000000002,-81.01425,37.48425,104.9835,-0.314,9.1551647,-94.828995,43.316994,-11.866466896454796,-124.14357720919897,24.306949040829537,0.7452490501027881,-0.4452293036845964,5.586503386713622e-17,-0.4963614816456061
42.10674166679382,8.500021933333334,-85.76195799999999,40.64870199999999,-16.077220455692895,-95.99496939538788,-5.23051924282025,-0.12919790057066913,0.610890073209147,5.330076376156288e-17,0.7811025674920384,23.969250000000002,-43.53,142.46775000000002,-81.01425,37.48425,104.9835,-0.314,9.1551647,-94.828995,43.316994,-11.891342725318111,-124.1247721386107,24.365494428850596,0.7455169445968594,-0.44501011448102273,-1.8614986431084957e-17,-0.49615570472236864
42.15450072288513,0,0,0,0,0,0,0,0,0,1,23.969250000000002,-43.53,142.46775000000002,-81.01425,37.48425,104.9835,-0.314,0,0,0,0,0,0,0,0,0,1
42.22808885574341,8.500021933333334,-85.76195799999999,40.64870199999999,-16.169701352835745,-96.46478034538846,-4.972014010913412,-0.12899777492320388,0.6116894489963093,-9.779227650543442e-17,0.7805098282862645,23.969250000000002,-43.53,142.46775000000002,-81.01425,37.48425,104.9835,-0.314,9.1551647,-94.828995,43.316994,-11.931527781047492,-124.14047386253827,24.350047190853886,0.7454302445662337,-0.44521806396684627,-1.1170290909693325e-16,-0.49609941141220665
42.27762246131897,0,0,0,0,0,0,0,0,0,1,23.969250000000002,-43.53,142.46775000000002,-81.01425,37.48425,104.9835,-0.314,0,0,0,0,0,0,0,0,0,1
42.34346294403076,8.500021933333334,-85.76195799999999,40.64870199999999,-16.167114663283314,-96.45847493448483,-5.08225715505624,-0.12919772130680346,0.6113892167722877,9.776695661330199e-17,0.7807119663638428,23.969250000000002,-43.53,142.46775000000002,-81.01425,37.48425,104.9835,-0.314,9.1551647,-94.828995,43.316994,-11.927041619666937,-124.17683034347064,24.278227411890967,0.7452192261955224,-0.4456114965012411,0.0,-0.4960632007057885
42.467673778533936,8.500021933333334,-85.76195799999999,40.64870199999999,-16.15499673234183,-95.99653748432554,-5.259646410339727,-0.12949774250703358,0.6106893540466827,1.7764481087125915e-17,0.7812098613942526,23.969250000000002,-43.53,142.46775000000002,-81.01425,37.48425,104.9835,-0.314,9.1551647,-94.828995,43.316994,-11.922448229283276,-124.13656072239618,24.27066048495176,0.7451454811938658,-0.44552719349331255,-7.449706484473118e-17,-0.4962496667145831
42.54573845863342,0,0,0,0,0,0,0,0,0,1,23.969250000000002,-43.53,142.46775000000002,-81.01425,37.48425,104.9835,-0.314,0,0,0,0,0,0,0,0,0,1
42.60393142700195,8.500021933333334,-85.76195799999999,40.64870199999999,-16.028944239179935,-95.90796441685353,-5.412176999685812,-0.12929944184004585,0.6101973658994263,2.041824958836703e-16,0.7816270395714662,23.969250000000002,-43.53,142.46775000000002,-81.01425,37.48425,104.9835,-0.314,9.1551647,-94.828995,43.316994,-11.93007603546556,-124.13465759415242,24.249727384948827,0.7449324886078336,-0.4458194434439151,-1.862959129860203e-17,-0.4963069728141017
42.67642045021057,8.500021933333334,-85.76195799999999,40.64870199999999,-16.04230037971641,-95.94682005220197,-5.415619834511787,-0.1289983328065301,0.6101921137871698,-2.5742975898032245e-16,0.7816808903926725,23.969250000000002,-43.53,142.46775000000002,-81.01425,37.48425,104.9835,-0.314,9.1551647,-94.828995,43.316994,-11.932616255773866,-124.12617990206653,24.280086502486753,0.7449324886078336,-0.4458194434439151,-1.862959129860203e-17,-0.4963069728141017
42.72442817687988,0,0,0,0,0,0,0,0,0,1,23.969250000000002,-43.53,142.46775000000002,-81.01425,37.48425,104.9835,-0.314,0,0,0,0,0,0,0,0,0,1
42.84250593185425,8.500021933333334,-85.76195799999999,40.64870199999999,-16.030072037893092,-95.8849236113574,-5.290243208831313,-0.12889650593597823,0.6104834513104317,2.6637845144730782e-17,0.7814701826900371,23.969250000000002,-43.53,142.46775000000002,-81.01425,37.48425,104.9835,-0.314,9.1551647,-94.828995,43.316994,-11.935750755318196,-124.13710330674122,24.299344076137643,0.7450418685919494,-0.44582505371582687,-5.588056883585084e-17,-0.4961377183044002
42.939728021621704,8.500021933333334,-85.76195799999999,40.64870199999999,-15.947369018874753,-95.99172011158785,-5.306203101806531,-0.12909772530445693,0.6103892449716545,-6.215176115246668e-17,0.7815105545954889,23.969250000000002,-43.529,142.46875,-81.01425,37.48525,104.9835,-0.314,9.1551647,-94.828995,43.316994,-11.915144369969795,-124.16732092452196,24.269979600005257,0.7449363105266004,-0.4460217404951856,0.0,-0.49611944153062765
43.02548289299011,0,0,0,0,0,0,0,0,0,1,23.76375,-43.620000000000005,142.58325000000002,-81.21975,37.59975,104.9835,-0.314,0,0,0,0,0,0,0,0,0,1
43.10427641868591,8.500021933333334,-85.76195799999999,40.64870199999999,-16.215391801815485,-96.2698340338361,-5.31025699825264,-0.128898061443258,0.61109080952657,7.107746614081379e-17,0.7809950782612726,22.946250000000006,-43.4675,143.55325,-82.03725,38.56975,104.9835,-0.314,9.1551647,-94.828995,43.316994,-11.951376783795723,-124.1769372271252,24.315747917787192,0.7450456854856463,-0.44602734996858817,3.725352170523192e-17,-0.4959501281572796
43.15962481498718,0,0,0,0,0,0,0,0,0,1,22.85950000000001,-42.990249999999996,144.11725,-82.124,39.13375,104.9835,-0.314,0,0,0,0,0,0,0,0,0,1
43.27790141105652,8.500021933333334,-85.76195799999999,40.64870199999999,-16.211826126399274,-96.1534274532726,-5.243647734930349,-0.12859758283392278,0.6118884987253296,-5.33473923705884e-17,0.7804198400969409,23.445999999999998,-42.99625000000001,143.52475,-81.53750000000001,38.54125,104.9835,-0.314,9.1551647,-94.828995,43.316994,-11.94115514280358,-124.14900499645144,24.338448326264057,0.7451531541260432,-0.44593180972326213,-3.724814886972087e-17,-0.4958745788734745
43.34466290473938,8.500021933333334,-85.76195799999999,40.64870199999999,-16.096512243332313,-96.20430605032828,-5.232967063899949,-0.12849660987673228,0.6124838408521287,-8.896367560645449e-18,0.7799693365416432,27.884500000000003,-42.328250000000004,139.75425,-77.099,34.77075,104.9835,-0.314,9.1551647,-94.828995,43.316994,-11.958727112353387,-124.16096012798894,24.396312829338598,0.7454398386755003,-0.44572382089840423,1.1170147143575705e-16,-0.4956306310138342
43.43224859237671,0,0,0,0,0,0,0,0,0,1,33.09575000000001,-38.3585,138.51275,-71.88775,33.52925,104.9835,-0.314,0,0,0,0,0,0,0,0,0,1
43.534743785858154,8.500021933333334,-85.76195799999999,40.64870199999999,-16.09463328525709,-96.59320366538903,-5.120917456508309,-0.12839860560974478,0.6133933386372074,-8.904346419542014e-18,0.7792704345687532,31.875,-36.5785,134.912,-69.80775,33.22925,101.68275,-0.314,9.1551647,-94.828995,43.316994,-11.983980502587002,-124.20932518228607,24.401117806398318,0.7454267128114606,-0.4460159832491432,-5.585171916688961e-17,-0.4953874832021902
43.59956121444702,8.500021933333334,-85.76195799999999,40.64870199999999,-16.015027701655868,-96.5186491831801,-5.138369683932581,-0.12859716386558911,0.6133864721240473,-1.1576056434881078e-16,0.7792430976665384,31.72475,-36.76475000000001,128.748,-66.894,30.12925,98.61875,-0.314,9.1551647,-94.828995,43.316994,-11.955970174179356,-124.21720684819964,24.323314844726397,0.7451250080720065,-0.44641498269137525,3.7249555866398606e-17,-0.4954819730064368
43.73044300079346,8.500021933333334,-85.76195799999999,40.64870199999999,-16.0266711693601,-96.38365324313952,-5.193510647221075,-0.12849693538683554,0.6128853828684167,-8.899968062546535e-17,0.7796537982094525,34.435750000000006,-35.28875,123.674,-62.2635,26.97475,96.69925,-0.314,9.1551647,-94.828995,43.316994,-11.94520786845274,-124.20818657176872,24.324990371078457,0.7448194864031212,-0.4466116845161573,1.8632417734977643e-17,-0.49576399216545686
43.77590370178223,0,0,0,0,0,0,0,0,0,1,33.75124999999999,-34.0685,122.97025,-61.643750000000004,27.57525,95.395,-0.314,0,0,0,0,0,0,0,0,0,1
43.83987355232239,8.500021933333334,-85.76195799999999,40.64870199999999,-15.734503984665054,-96.38911602934712,-5.190596173990073,-0.13039777854582904,0.6099896082281883,-6.214411262628454e-17,0.7816067407615765,32.333999999999996,-32.7655,117.581,-59.00625,26.240750000000002,91.34025,-0.314,9.1551647,-94.828995,43.316994,-11.815897096369127,-124.18602533372587,24.270331394216996,0.74421566695701,-0.44640939764795673,1.8647535148727412e-17,-0.4968517794547196
43.903380155563354,0,0,0,0,0,0,0,0,0,1,32.283,-32.663250000000005,115.00525,-57.692750000000004,25.0295,89.97575,-0.314,0,0,0,0,0,0,0,0,0,1
43.963045835494995,8.489160090043132,-84.21384335310758,40.32074778738721,-14.029832376530749,-93.8404922052935,-4.376218305990719,-0.13729692948333638,0.6024865259556464,-1.0590615609902258e-16,0.7862312250199326,33.0105,-29.477500000000003,111.78450000000001,-54.125750000000004,24.64825,87.13625,-0.314,9.1551647,-94.828995,43.316994,-10.973959126983544,-123.62738911026159,24.807328624694478,0.7473225703415272,-0.4315130323864163,0.0,-0.5052776254088565
44.09363055229187,8.488134392564028,-84.0676529461705,40.28977865994253,-12.52081188733294,-93.45941959852999,-3.348433877447647,-0.1463953064940643,0.5973808476745478,1.6720598928445155e-16,0.7884824266070536,29.031750000000002,-27.5855,105.61575,-52.08475,24.49925,81.1165,-0.314,9.1551647,-94.828995,43.316994,-10.351289156890516,-123.41524143081597,25.574254612290517,0.7526374824268672,-0.41482065866418355,7.375549654033044e-17,-0.5113322219375187
44.173614740371704,0,0,0,0,0,0,0,0,0,1,30.049000000000007,-27.80475,101.48725,-49.6215,21.81675,79.6705,-0.314,0,0,0,0,0,0,0,0,0,1
44.223402976989746,8.481882325,-83.1765595,40.1010085,-11.846935157035716,-91.60030609072575,-1.093730544974889,-0.18749476240862484,0.5958833542362642,-4.4430139060463286e-17,0.7808769059291433,33.89825,-26.106,93.90075,-43.05425,16.94825,76.9525,-0.314,9.1551647,-94.828995,43.316994,-9.618227160702048,-122.92105657910557,26.68010335515011,0.761014375933179,-0.38660730320074504,3.6471815110712176e-17,-0.5209528891702985
44.26995372772217,0,0,0,0,0,0,0,0,0,1,32.17875000000001,-24.234,88.78125,-40.41825,16.18425,72.59700000000001,-0.314,0,0,0,0,0,0,0,0,0,1
44.347771644592285,8.481882325,-83.1765595,40.1010085,-10.506643482774479,-89.62216501815561,-0.2987612846150398,-0.2394957378408434,0.5932894415906989,0.0,0.7685372014763285,26.746000000000002,-26.572499999999998,78.102,-38.96425,12.39175,65.71025,-0.314,9.1551647,-94.828995,43.316994,-8.996748008940614,-122.54668986104267,27.59597082609376,0.7678228825130909,-0.36331082732092473,-7.229681804945607e-17,-0.5276867099337195
44.4628427028656,8.565714324379782,-80.22009192460777,39.622941803731116,-8.72700423189633,-84.89725814544924,6.103413281966695,-0.4149993554945534,0.5528991413323818,1.9206689498232868e-17,0.7225497037941543,33.3665,-20.82025,70.19375,-28.82375,8.0035,62.19025,-0.314,9.1551647,-94.828995,43.316994,-7.710722644439102,-121.56488889005766,30.522385973544928,0.7910213560965577,-0.28340765147631414,-3.5088275938078293e-17,-0.5421856852443108
44.55902624130249,8.571402827271585,-80.03237490405081,39.59381390634716,-9.54277751494945,-83.92723809295377,10.955472128313616,-0.4814006213713528,0.5267006798427326,-3.961688615811807e-17,0.7005996257467447,29.166999999999998,-18.783,59.195499999999996,-24.40575,5.62275,53.57275,-0.314,9.1551647,-94.828995,43.316994,-7.348421329934524,-121.33761723691005,31.925377546286484,0.798432615224035,-0.2541103801708759,-5.2143866156771816e-17,-0.5458326425159282
44.599154472351074,0,0,0,0,0,0,0,0,0,1,25.945500000000003,-17.8045,54.99550000000001,-23.42725,5.62275,49.37275,-0.314,0,0,0,0,0,0,0,0,0,1
44.64717674255371,0,0,0,0,0,0,0,0,0,1,24.46475,-14.4255,50.13575,-20.04825,5.62275,44.513,-0.314,0,0,0,0,0,0,0,0,0,1
44.72593545913696,8.601921364926374,-79.02528234045786,39.43754417246024,-10.477737071765262,-81.67605402689873,18.6282956586614,-0.6073072565605142,0.4323051655048747,0.0,0.6665509282918634,22.72525,-12.13375,46.1045,-17.7565,5.62275,40.48175,-0.314,9.1551647,-94.828995,43.316994,-6.551001345375255,-120.74086445947081,35.10947985162217,0.815335488674049,-0.1671072735893948,-2.5531430927378268e-17,-0.5543493483555013
44.85041642189026,8.590976827237942,-79.38644520621052,39.49358552055604,-11.596479534905512,-81.32743826403146,23.042214818665073,0.6577009364102996,-0.3781005383255804,6.330135950645942e-17,-0.6515132087401769,21.2495,-11.307500000000001,35.6045,-12.83125,1.52375,34.08075,-0.314,9.1551647,-94.828995,43.316994,-6.279722959193492,-120.67841166074095,36.37300970292027,0.8204375867337929,-0.1317060338528041,1.6915104856498217e-17,-0.5563593145811383
44.92009091377258,0,0,0,0,0,0,0,0,0,1,22.683500000000002,-6.87675,31.767750000000003,-7.9805,1.10375,30.664,-0.314,0,0,0,0,0,0,0,0,0,1
44.974867820739746,8.600266230328012,-79.079900742054,39.446019265407315,-11.739385573325109,-80.85930695595499,24.006284807090083,0.6697102594401577,-0.3625055533030569,-4.1444154728689835e-17,-0.6481341622110666,23.77475,-4.7805,30.07325,-5.5395,0.759,29.31425,-0.314,9.1551647,-94.828995,43.316994,-6.269370393566618,-120.70428471615716,36.62484975014941,0.8217233263726178,-0.12370351158852719,8.444319007637282e-18,-0.556298675277757
45.06738090515137,8.593840037718092,-79.29196105971639,39.4789244924014,-11.867306697426073,-81.01211957167389,24.39728927060156,0.6740078951458457,-0.3576041888785674,0.0,-0.6463997226001638,20.65725,-2.1385,21.59425,-1.53775,-0.60075,22.195,-0.314,9.1551647,-94.828995,43.316994,-6.279214473188432,-120.66504682194551,36.655889752633854,0.8216238666428174,-0.12390359916875011,8.445341214660402e-18,-0.5564010423030636
45.151902198791504,0,0,0,0,0,0,0,0,0,1,13.604000000000001,-0.60075,13.003250000000001,0.0,-0.60075,13.604000000000001,-0.314,0,0,0,0,0,0,0,0,0,1
45.29703378677368,8.596502905403764,-79.20408809953703,39.46528931664943,-11.884130689492565,-80.91326440145448,24.45062414298195,0.6740125828536849,-0.35730667040596664,-4.117961047272335e-17,-0.6465593410030562,9.09325,-0.60075,8.4925,0.0,-0.60075,9.09325,-0.314,9.1551647,-94.828995,43.316994,-6.237670610365399,-120.67309503561108,36.73078523793528,0.8221215338742058,-0.12060315896512495,-8.44022886884868e-18,-0.5563911048785342
45.34392285346985,8.596193166369696,-79.21430929300938,39.46687533092625,-11.928841230589342,-80.88386279942533,24.69889116316982,0.6759049960337469,-0.3548026225666125,-4.106431492369545e-17,-0.6459624875768517,4.15825,-0.60075,3.5574999999999997,0.0,-0.60075,4.15825,-0.314,9.1551647,-94.828995,43.316994,-6.245885550526339,-120.667063056114,36.81076104666203,0.822312640617296,-0.11900182930008298,8.438267346466086e-18,-0.5564534892551611
45.403608560562134,0,0,0,0,0,0,0,0,0,1,0.88975,-0.60075,0.28900000000000003,0.0,-0.60075,0.88975,-0.314,0,0,0,0,0,0,0,0,0,1
45.469425439834595,8.596286979483672,-79.21121351920395,39.46639496222308,-11.955709469769033,-80.8519620429801,24.87878123922073,0.6774107651667282,-0.35270560506983323,-2.0486517961371303e-17,-0.6455334316583075,0.60075,-0.60075,0.0,0.0,-0.60075,0.60075,-0.314,9.1551647,-94.828995,43.316994,-6.235169714043877,-120.6728258826726,36.89232059961898,0.8224176320549724,-0.11770252345922941,-8.43719010081172e-18,-0.5565746620682813
45.54935693740845,0,0,0,0,0,0,0,0,0,1,0.60075,-0.60075,0.0,0.0,-0.60075,0.60075,-0.314,0,0,0,0,0,0,0,0,0,1
45.68221354484558,8.595981971425218,-79.2212785934542,39.46795675160719,-11.961384189621668,-80.85440775556891,24.92839793040956,0.6785154156454856,-0.35120797932895276,-6.135949525013621e-17,-0.6451897286745254,0.60075,-0.60075,0.0,0.0,-0.60075,0.60075,-0.314,9.1551647,-94.828995,43.316994,-6.213698717092143,-120.69309838081416,36.86354522631124,0.8224323284925975,-0.11730461105566839,1.6874078665232538e-17,-0.5566369492544693
45.72773551940918,8.595140861172348,-79.24903470321311,39.47226364458064,-11.972463296959717,-80.86875515786794,25.01711887172479,0.6799117978883639,-0.349506064659484,4.082231798570166e-17,-0.6446436673530991,0.60075,-0.60075,0.0,0.0,-0.60075,0.60075,-0.314,9.1551647,-94.828995,43.316994,-6.216238937400448,-120.68462068872827,36.893904343849165,0.8225147989937132,-0.11660209794853126,8.43619338204791e-18,-0.5566626951667706
45.778379678726196,0,0,0,0,0,0,0,0,0,1,0.29500000000000004,0.89775,0.014249999999999985,0.58925,0.3085,-0.29425,-0.314,0,0,0,0,0,0,0,0,0,1
45.86330199241638,8.595091577416955,-79.25066103616929,39.47251600134254,-11.972185819335124,-80.85468118697545,25.11861688327913,0.6807156562015308,-0.348408013251966,-4.0774110838743046e-17,-0.6443896738030004,0.45925000000000016,2.42375,-0.603,1.743,0.68075,-1.28375,-0.314,9.1551647,-94.828995,43.316994,-6.220454766413781,-120.65772018491732,36.95521168174968,0.8225192007907349,-0.11600270795346537,-8.4361482348819e-18,-0.5567814078056431
45.93398451805115,0,0,0,0,0,0,0,0,0,1,0.7242500000000001,5.0375,0.060249999999999915,2.85075,2.18675,-2.1265,-0.314,0,0,0,0,0,0,0,0,0,1
46.05778384208679,8.594712655436009,-79.26316522341142,39.47445626590554,-11.983805591407645,-80.85011663503167,25.22836270671918,0.6819113113677011,-0.34690575438254206,1.0175654499688496e-16,-0.6439358360932103,0.30025000000000013,10.28925,-0.7510000000000003,5.67025,4.619,-5.37,-0.314,9.1551647,-94.828995,43.316994,-6.196389934652245,-120.64815732414137,36.92820361691585,0.8225126562777595,-0.11570178034205081,-8.436215359054596e-18,-0.5568536866076979
46.10919213294983,8.596013588473001,-79.22023525074675,39.46779485696797,-11.992785059426126,-80.80093362118083,25.259991812028275,0.6828112793776087,-0.3455057074179317,-1.4227139707365358e-16,-0.6437348544986108,-0.09625000000000039,14.91875,0.6379999999999999,7.09225,7.8265,-7.1885,-0.314,9.1551647,-94.828995,43.316994,-6.193525767475137,-120.62777794234525,36.91945848432738,0.8225168797641519,-0.11510236214085579,2.5308516121505804e-17,-0.5569716588235338
46.16064143180847,0,0,0,0,0,0,0,0,0,1,-0.5199999999999996,19.116500000000002,-0.36849999999999916,9.4825,9.634,-10.0025,-0.314,0,0,0,0,0,0,0,0,0,1
46.229177951812744,8.595488033101578,-79.23757824772464,39.4704859557016,-12.012897249284265,-80.80441106063243,25.34821543264073,0.6840100497465224,-0.3439050527892237,-2.028886536529285e-17,-0.6433191793439716,0.6462500000000002,23.1645,0.25924999999999976,11.77575,11.38875,-11.1295,-0.314,9.1551647,-94.828995,43.316994,-6.191572681145516,-120.63212678317784,36.990008275519145,0.8226095866163221,-0.11410132972638264,-2.5305663890142468e-17,-0.5570407117631483
46.27735948562622,0,0,0,0,0,0,0,0,0,1,-1.5767500000000005,28.8045,1.31175,12.958,15.8465,-14.53475,-0.314,0,0,0,0,0,0,0,0,0,1
46.42750549316406,8.595462208479978,-79.23843044400827,39.47061819030572,-12.022517465782983,-80.78941224653171,25.448627020667658,0.6849052256263843,-0.34260261395765707,2.0262347677552672e-17,-0.6430616462043529,-0.454500000000003,47.214,-2.490000000000002,24.62475,22.58925,-25.079250000000002,-0.314,9.1551647,-94.828995,43.316994,-6.203192453218037,-120.62756223123404,37.099754098959195,0.8227158349951512,-0.11320217882758125,1.686826388590934e-17,-0.5570672504796162
46.46850633621216,8.594562438682024,-79.26812228189102,39.475225448637566,-12.002491069155809,-80.79197106504525,25.632181905881723,0.6859112652715512,-0.3412056038936481,0.0,-0.6427320375126407,2.662749999999999,54.144999999999996,-0.6612500000000026,28.7345,25.4105,-26.07175,-0.314,9.1551647,-94.828995,43.316994,-6.189295647947091,-120.60761855012842,37.082172051660365,0.8226313396214818,-0.11250428605326612,8.434998242469135e-18,-0.5573333514981955
46.52634572982788,0,0,0,0,0,0,0,0,0,1,0.04875000000000185,60.822250000000004,1.4370000000000012,29.717000000000002,31.10525,-29.66825,-0.314,0,0,0,0,0,0,0,0,0,1
46.58824276924133,8.593343600902712,-79.3083431626441,39.48146648998689,-12.021792261912168,-80.82381643586109,25.688868203306967,0.6865064226674114,-0.34030318373447943,8.086035235558319e-17,-0.6425750343551877,-2.360999999999997,68.18925,-0.8952499999999972,33.36175,34.8275,-35.72275,-0.314,9.1551647,-94.828995,43.316994,-6.1460761764190295,-120.63408957551906,37.126119316599215,0.8228114996100949,-0.1116015597429346,1.6866302688271507e-17,-0.5572488923024711
46.65607190132141,0,0,0,0,0,0,0,0,0,1,-0.6139999999999972,76.0925,-4.549999999999997,40.014250000000004,36.078250000000004,-40.62825,-0.314,0,0,0,0,0,0,0,0,0,1
46.805922746658325,8.59504337853333,-79.25225156903892,39.47276280303412,-12.064687786571426,-80.76848833658845,25.66653492331757,0.6870059999127279,-0.3393029632756748,-4.040077614919632e-17,-0.6425700391367923,2.603999999999999,94.25425000000001,1.1012500000000003,47.8785,46.375750000000004,-45.2745,-0.314,9.1551647,-94.828995,43.316994,-6.1472111203895565,-120.63457871803682,37.13604265483697,0.8229240482270413,-0.11100324383667706,-2.1079994924370037e-17,-0.5572021991228618
46.85398554801941,8.52711496550959,-81.56567335837752,39.839033509504084,-20.006818861427632,-81.90853511099516,32.80410084889529,0.7648190557125417,-0.2527062962585765,0.0,-0.5926139889086727,-2.0702500000000015,101.39525,-0.7680000000000007,50.0465,51.34875,-52.11675,-0.314,9.1551647,-94.828995,43.316994,-9.787700059701535,-121.5053596279896,39.185989212581646,0.848610274388269,-0.05120061990181402,-2.044193345676027e-17,-0.5265349928773364
46.9231972694397,0,0,0,0,0,0,0,0,0,1,-2.2579999999999956,109.96775,-6.390250000000002,57.050000000000004,52.91775,-59.308,-0.314,0,0,0,0,0,0,0,0,0,1
47.03133845329285,8.481882325,-83.1765595,40.1010085,-27.464445354469092,-83.99136289803987,36.47395581875456,0.8351274403377379,-0.17790584557069047,2.4926353399791425e-17,-0.5204917564253209,4.980750000000008,128.4835,-1.8357499999999973,67.65,60.8335,-62.66925,-0.314,9.1551647,-94.828995,43.316994,-12.250366530072142,-122.28585288660409,39.51080320392082,0.8654549806088531,-0.037802401510301196,4.008812739760116e-18,-0.49955846002183135
47.08889722824097,8.500021933333334,-85.76195799999999,40.64870199999999,-34.84747695547122,-86.44859963003883,41.26253932763476,0.8750136661057077,0.03760058725208525,-3.965020303505159e-18,-0.48263576324858837,5.7067499999999995,134.00875,-3.919499999999992,71.8175,62.191250000000004,-66.11075,-0.314,9.1551647,-94.828995,43.316994,-15.166995782033155,-123.4173189664709,39.80670574989865,0.8818135810293907,-0.01580024334346152,4.918056132543816e-19,-0.4713333858559244
47.20188784599304,8.507134408852007,-85.86039315332926,40.677669978419765,-38.72143491396233,-88.34529828643008,43.82977206789945,0.8625451982971997,0.1886098833609876,-2.4134018429198966e-17,-0.46951261196372485,-2.383250000000004,137.44125,-12.815500000000007,73.93675,63.5045,-76.32000000000001,-0.314,9.1551647,-94.828995,43.316994,-16.661266013135133,-124.01590666163737,40.39232443781569,0.8901628305243239,0.000600042352898095,-1.2179818515303403e-19,-0.45564215685348786
47.28574252128601,0,0,0,0,0,0,0,0,0,1,5.070750000000004,156.19275,-5.28949999999999,83.2765,72.91625,-78.20575,-0.314,0,0,0,0,0,0,0,0,0,1
47.338794469833374,8.724921137163927,-88.87451530224682,41.564680588057676,-44.02102616626797,-91.45674168559417,45.74075415370862,0.8352428232773068,0.34941791481452467,1.661527333256347e-17,-0.42458985735698324,7.0817499999999995,166.003,-4.267250000000004,88.676,77.327,-81.59425,-0.314,9.1551647,-94.828995,43.316994,-18.688423199121445,-124.93995965849477,40.125004774672476,0.9020264633709266,0.010500308054761343,4.807850840356839e-19,-0.43155301286086917
47.41482949256897,0,0,0,0,0,0,0,0,0,1,4.075749999999999,172.16775,-10.391499999999994,93.3175,78.85025,-89.24175,-0.314,0,0,0,0,0,0,0,0,0,1
47.52249264717102,9.038228983396893,-93.21062947265634,42.84073347633754,-51.30917166270669,-96.3307868635963,47.05525741560422,0.704960625627499,0.5986514831899854,-5.905771458708736e-17,-0.3803247533218367,-2.225750000000005,175.00650000000002,-22.094250000000002,97.4375,77.569,-99.66325,-0.314,9.1551647,-94.828995,43.316994,-21.402531499401903,-126.34479400564615,39.81588248267069,0.9193630084574859,0.009100623710391732,-2.3585942930303165e-19,-0.3933050181831941
47.67935013771057,9.12905862373458,-94.46769243899068,43.21066811502559,-51.65873117360806,-97.23443298859,48.73425468454847,0.6367207401801134,0.6579214307593788,0.0,-0.4021518245290212,2.677250000000001,182.515,-24.699749999999995,104.946,77.569,-102.26875,-0.314,9.1551647,-94.828995,43.316994,-21.86969898314109,-126.44219202511213,39.93904159902389,0.9208625634687393,0.01490101237585167,9.4190140027106e-19,-0.389602488482757
47.73141956329346,9.1551647,-94.828995,43.316994,-50.59522023168245,-98.44005441649908,50.721217555105184,0.5171323400449144,0.7235452485447604,5.754078754186972e-17,-0.4572268760560472,2.3314999999999912,182.61374999999998,-23.760250000000013,104.35275,78.261,-102.02125000000001,-0.314,9.1551647,-94.828995,43.316994,-22.64030126142825,-127.03317948491843,40.01324369502072,0.9235399615547255,0.030801332773021713,2.81751231379826e-18,-0.3822632827135007
47.817071199417114,0,0,0,0,0,0,0,0,0,1,3.0444999999999993,182.58249999999998,-23.078500000000005,104.35275,78.22975,-101.30825,-0.314,0,0,0,0,0,0,0,0,0,1
47.871065855026245,9.1551647,-94.828995,43.316994,-50.59769028711489,-98.54722500952045,50.836579432766776,0.49571928244315855,0.7340285521752637,0.0,-0.4641815136404357,3.0444999999999993,181.92175,-23.73925,104.35275,77.569,-101.30825,-0.314,9.1551647,-94.828995,43.316994,-22.735372030002395,-127.0326287345011,40.14347904213011,0.9239748765568765,0.03310268255658905,0.0,-0.38101789970979394
47.915048122406006,0,0,0,0,0,0,0,0,0,1,3.0444999999999993,181.92175,-23.73925,104.35275,77.569,-101.30825,-0.314,0,0,0,0,0,0,0,0,0,1
48.063366174697876,9.1551647,-94.828995,43.316994,-50.29582557578786,-98.65980494692215,50.936095530711256,0.4962169425804379,0.7338250553517236,3.782315064497983e-17,-0.463971479763748,3.0444999999999993,183.12875,-22.532250000000005,104.35275,78.776,-101.30825,-0.314,9.1551647,-94.828995,43.316994,-22.76075634487077,-127.02718850270827,39.91914438043757,0.924064500653183,0.030702143041182593,2.8159129715792613e-18,-0.38100154467569075
48.15680932998657,9.1551647,-94.828995,43.316994,-50.57739978135865,-98.85841563235236,51.30726902436366,0.4876323881543079,0.7389490804085685,5.634131569718454e-17,-0.4649396848906931,3.0444999999999993,183.08825000000002,-22.57275,104.35275,78.7355,-101.30825,-0.314,9.1551647,-94.828995,43.316994,-22.805805123351064,-127.0737038705889,39.92177651044247,0.9243284477598509,0.03090095102864804,-9.383696240124295e-19,-0.38034464882181523
48.21162724494934,9.1551647,-94.828995,43.316994,-50.62175419685721,-98.83243374947949,51.27324509766258,0.48482991753914717,0.7405456970662923,-1.1243968762056402e-16,-0.46533001366297344,3.0444999999999993,182.26725,-23.393749999999997,104.35275,77.9145,-101.30825,-0.314,9.1551647,-94.828995,43.316994,-22.835551820222605,-127.10924239196756,39.88639081384837,0.9244676650262194,0.030902261844775184,-3.752913252899131e-18,-0.38000603486503565
48.27935528755188,0,0,0,0,0,0,0,0,0,1,3.0444999999999993,182.7735,-22.887500000000003,104.35275,78.42075,-101.30825,-0.314,0,0,0,0,0,0,0,0,0,1
48.348838567733765,9.1551647,-94.828995,43.316994,-50.63033014801417,-99.04753323097849,51.352356829539815,0.48142756789466423,0.7426425257967959,-1.8687036260042744e-17,-0.4655207575921653,3.0444999999999993,183.203,-22.458,104.35275,78.85025,-101.30825,-0.314,9.1551647,-94.828995,43.316994,-22.79541323373735,-127.10832377102949,39.98172207844998,0.9245153984515765,0.03170052799449971,4.690899358956613e-18,-0.37982411001777244
48.4799280166626,9.1551647,-94.828995,43.316994,-50.7482141702593,-99.15692138093709,51.50479563676403,0.478519126374611,0.7442297468087474,-3.7294364723587916e-17,-0.46598447362403256,3.0444999999999993,183.203,-22.458,104.35275,78.85025,-101.30825,-0.314,9.1551647,-94.828995,43.316994,-22.800547288855512,-127.12968143786112,40.01031388751397,0.9245340988061193,0.03200118027235891,-9.381608954266325e-19,-0.3797533733963832
48.55933904647827,9.1551647,-94.828995,43.316994,-50.354108053267595,-98.89713583129969,51.63321618320937,0.4775295979253176,0.7441461231753485,-5.594783353273347e-17,-0.4671317056980649,3.0444999999999993,183.203,-22.458,104.35275,78.85025,-101.30825,-0.314,9.1551647,-94.828995,43.316994,-22.827870399538796,-127.07283246920792,39.93945033986317,0.92448034794461,0.03150273794921594,-1.8764308833969313e-18,-0.37992586614485185
48.65034317970276,0,0,0,0,0,0,0,0,0,1,7.299499999999995,179.56925,-21.83675000000001,104.35275,75.2165,-97.05325,-0.314,0,0,0,0,0,0,0,0,0,1
48.715660572052,9.1551647,-94.828995,43.316994,-50.20488525881726,-98.97768946179107,51.58584878692151,0.47652513873712005,0.7447392881795031,7.453769676493564e-17,-0.46721214110236425,13.633499999999998,173.49625,-21.57575,104.35275,69.1435,-90.71925,-0.314,9.1551647,-94.828995,43.316994,-22.805157229613485,-127.01598972282491,39.96500448034138,0.9244282948971266,0.0316009672422644,0.0,-0.3800443480213125
48.77046060562134,0,0,0,0,0,0,0,0,0,1,17.219499999999996,170.62,-20.866,104.35275,66.26725,-87.13325,-0.314,0,0,0,0,0,0,0,0,0,1
48.929800033569336,9.1551647,-94.828995,43.316994,-47.65103769229992,-98.06668748983788,52.65848013742871,0.48521988663216575,0.7166293708998556,7.746145146347228e-17,-0.5010030003706021,18.28524999999999,167.73925,-20.63300000000001,103.32875,64.4105,-85.04350000000001,-0.314,9.1551647,-94.828995,43.316994,-22.487892612791626,-126.86347542759326,40.149889722215526,0.9201531801231999,0.04480258935932982,-1.885255100400287e-18,-0.3889869574881158
48.97667980194092,9.1551647,-94.828995,43.316994,-45.7362519900511,-97.43914073040514,53.513044809755414,0.4894094563984933,0.6910133518008968,-4.01664823744624e-17,-0.5319576408142112,15.031750000000002,157.94625000000002,-22.477000000000004,97.7275,60.21875,-82.69575,-0.314,9.1551647,-94.828995,43.316994,-22.28647313865426,-126.81866186518766,40.28598505667913,0.9175596477088719,0.054103517101961825,0.0,-0.39389986333276206
49.027021169662476,0,0,0,0,0,0,0,0,0,1,14.53425,147.85750000000002,-22.863249999999994,92.6275,55.230000000000004,-78.09325,-0.314,0,0,0,0,0,0,0,0,0,1
49.097936391830444,9.1551647,-94.828995,43.316994,-43.205640229459505,-97.8979162894982,54.82789427016313,0.48702247069434906,0.6607304853958038,1.2602222644079557e-16,-0.5711780271573808,14.634249999999994,134.99,-22.23075,85.9275,49.0625,-71.29325,-0.314,9.1551647,-94.828995,43.316994,-21.652398776514076,-126.48868506251638,40.40500191672571,0.9131328954432689,0.057702078706687775,-3.7994983745158084e-18,-0.4035576605298424
49.17937088012695,8.954752889596064,-92.05533803143572,42.500748659877935,-33.06146395004603,-91.5189036596026,54.639783983850094,-0.5644130443796326,-0.5247121268355656,0.0,0.6372716055857284,14.434249999999992,126.2405,-18.18025,79.4275,46.813,-64.99325,-0.314,9.1551647,-94.828995,43.316994,-18.04552177951203,-124.39962730942449,41.26312547003496,0.8876326784585421,0.06820251089553017,-5.862977506605495e-18,-0.45547408887889496
49.29896259307861,0,0,0,0,0,0,0,0,0,1,12.07125,115.316,-12.180250000000001,69.78375,45.53225,-57.7125,-0.314,0,0,0,0,0,0,0,0,0,1
49.3580162525177,8.657904002534925,-87.94701236665493,41.291730487267714,-29.152086609530954,-87.50409584283615,52.08023578076845,0.6682066896431873,0.3829038333797912,0.0,-0.6378749676066259,12.953499999999998,112.33850000000001,-10.846000000000004,68.069,44.2695,-55.115500000000004,-0.314,9.1551647,-94.828995,43.316994,-15.983661235414957,-123.37965594125636,41.3879834085609,0.8740185826191778,0.05430115450368575,-5.9543018093906515e-18,-0.482848735999102
49.44336223602295,8.51189750507787,-85.92631339531592,40.69706930968212,-26.307622440182797,-85.60665750078626,50.33247969726777,0.7089039563315573,0.2848015894529941,-5.872920168041956e-17,-0.6452466469052851,11.364500000000007,105.38650000000001,-12.442,64.5965,40.79,-53.232,-0.314,9.1551647,-94.828995,43.316994,-14.633340751733783,-122.98507816602601,41.5719479992987,0.8661465302349178,0.04530243369084607,-2.0028060096324716e-18,-0.49773273718301764
49.52774906158447,0,0,0,0,0,0,0,0,0,1,13.11025,97.87525000000001,-10.799,60.892250000000004,36.983000000000004,-47.782000000000004,-0.314,0,0,0,0,0,0,0,0,0,1
49.58414053916931,8.493448221953285,-84.8250213677915,40.45022037197535,-22.64992139513859,-83.34159510520584,48.4842331203171,0.7256108812858183,0.19980299625262737,3.8251322205153075e-17,-0.6584585117136011,9.4525,87.92175,-15.405749999999998,56.39,31.531750000000002,-46.9375,-0.314,9.1551647,-94.828995,43.316994,-13.649983850118758,-122.39144561466429,41.31058695015432,0.858212235926803,0.03590051185011912,4.042644472677414e-18,-0.512037997959543
49.713141679763794,8.481882325,-83.1765595,40.1010085,-19.119814295305332,-81.95347848098545,45.67121408354012,0.7384019849429638,0.09430025349420572,-1.8794353334364912e-17,-0.6677349555199427,15.314999999999998,70.80775,-18.02925,52.076,18.73175,-36.761,-0.314,9.1551647,-94.828995,43.316994,-11.78020626452306,-121.74453642109194,41.39508710208062,0.8477374197609965,0.022701002039134867,3.0694471581764305e-18,-0.5299301195850139
49.80697154998779,0,0,0,0,0,0,0,0,0,1,15.521249999999998,56.0485,-17.99475,44.78225,11.26625,-29.261,-0.314,0,0,0,0,0,0,0,0,0,1
49.860862731933594,8.499600323765346,-82.54556209753068,39.998390733142585,-17.637932833710124,-81.18145585344608,43.87337972066136,0.7424017240108223,0.042100097765161125,0.0,-0.6686308861800528,16.02125,45.15125,-14.592,37.88225,7.269,-21.861,-0.314,9.1551647,-94.828995,43.316994,-10.907989366486731,-121.5437513437519,40.79933292836681,0.8436144297314998,0.010200174470437763,-1.0281494808765447e-18,-0.5368525406380873
49.90689706802368,0,0,0,0,0,0,0,0,0,1,15.721249999999998,39.491749999999996,-10.5515,32.88225,6.6095,-17.161,-0.314,0,0,0,0,0,0,0,0,0,1
49.9815788269043,8.515186386088144,-81.9904901071405,39.908120554729756,-17.038509087055957,-80.90976161010062,42.14142319404759,0.7485083024661925,-0.011300125341172975,5.7939353186238e-19,-0.663029130812857,15.22225,28.902,-6.840249999999999,25.48225,3.41975,-10.26,-0.314,9.1551647,-94.828995,43.316994,-10.285763524939966,-121.40952208917824,40.6755690025725,0.8415092327415964,-0.0030000329152998074,5.153607971492965e-19,-0.5402344037666955
50.10510611534119,8.520849726204267,-81.78879955789162,39.87532004924563,-16.917397626778154,-80.75988384948829,41.80995875996271,0.7485035893837838,-0.019100091592826017,2.31758872045616e-18,-0.6628556126191718,7.157250000000001,16.67475,-3.03,13.431000000000001,3.24375,-6.27375,-0.314,9.1551647,-94.828995,43.316994,-10.206566343598155,-121.29523629177183,40.32747912484163,0.8409298630842919,-0.005900209528121442,5.15715861729043e-19,-0.5411119596724492
50.17356634140015,8.519555468519762,-81.8348924179186,39.88281603313642,-16.88212276304381,-80.78977887250325,41.92336939256592,0.7486083251288473,-0.019400215746058824,-2.3172644729515045e-18,-0.6627286074833261,6.32925,13.384,-0.56725,10.14025,3.24375,-3.811,-0.314,9.1551647,-94.828995,43.316994,-10.199625755140232,-121.34610672275522,40.49707873416732,0.8410202187266834,-0.00550013222710673,5.156604554059363e-19,-0.5409757298053267
50.223894357681274,0,0,0,0,0,0,0,0,0,1,5.992,12.0775,0.4019999999999997,8.83375,3.24375,-2.84175,-0.314,0,0,0,0,0,0,0,0,0,1
50.306968688964844,0,0,0,0,0,0,0,0,0,1,4.2785,8.4605,2.3055,5.21675,3.24375,-0.93825,-0.314,0,0,0,0,0,0,0,0,0,1
50.348493337631226,8.521953432476915,-81.74949287318341,39.86892768662807,-16.81324730643982,-80.75652145976352,41.60033670695121,0.7488082492764739,-0.024700272111550358,-4.633291574052398e-18,-0.6623262809017298,3.6544999999999996,7.07325,2.69775,4.015,3.05825,-0.3605,-0.314,9.1551647,-94.828995,43.316994,-10.134835202914786,-121.3397540922945,40.464493025205385,0.8408189606309102,-0.0070001578549195665,2.57891941844882e-19,-0.5412711642361542
50.48663830757141,8.5225544563541,-81.72808839571684,39.86544672193666,-16.729209175959568,-80.75663650949036,41.47893827455216,0.7491039882489934,-0.028000149073517305,2.3157311977895993e-18,-0.6618604131093754,0.36500000000000005,1.40625,0.32025,0.7255,0.68075,-0.3605,-0.314,9.1551647,-94.828995,43.316994,-10.09379268083947,-121.33763719674164,40.36851891340998,0.8407259059517569,-0.00830025576234041,-5.158409725738694e-19,-0.5413973188111274
50.53197741508484,0,0,0,0,0,0,0,0,0,1,0.61575,0.3775,0.49375,0.24975,0.12775,0.366,-0.314,0,0,0,0,0,0,0,0,0,1
50.61114811897278,8.52360170071215,-81.69079250928904,39.85938137117101,-16.670317206709882,-80.72849051150752,41.42659767123658,0.749203952295871,-0.03000015826064619,-4.6308444333773114e-18,-0.6616596015842153,0.60075,-0.60075,0.0,0.0,-0.60075,0.60075,-0.314,9.1551647,-94.828995,43.316994,-10.072268069386212,-121.31959664387979,40.37186996611409,0.8406341853484552,-0.009000366010154767,-5.158972553732568e-19,-0.5415285401853002
50.69590091705322,8.524252790665143,-81.66760501082756,39.85561043756365,-16.6886608493746,-80.72082455670514,41.32410501827668,0.7493056080362194,-0.03130023426068819,4.630216182481729e-18,-0.6614842410070687,0.60075,-0.60075,0.0,0.0,-0.60075,0.60075,-0.314,9.1551647,-94.828995,43.316994,-10.057553121756143,-121.3044909461245,40.43476104824479,0.8406159783637233,-0.00880016727290122,-1.54772528772902e-18,-0.5415600926726133
50.77801203727722,0,0,0,0,0,0,0,0,0,1,0.88425,-0.51175,0.7825,-0.20500000000000002,-0.30675,1.08925,-0.314,0,0,0,0,0,0,0,0,0,1
50.94494414329529,8.524445593424785,-81.66073865745805,39.854493777104395,-16.732204267771408,-80.7232106051965,41.25854376838838,0.7493091322552413,-0.032200392444439827,1.3890583215680595e-17,-0.6614370408779067,0.6100000000000001,-0.60075,2.2287500000000002,-1.10975,0.509,1.7197500000000001,-0.314,9.1551647,-94.828995,43.316994,-10.0818954311423,-121.32812777779296,40.360271101524276,0.8406144060921457,-0.009300159382175772,1.031818788379563e-18,-0.5415541776275163
51.03504252433777,8.525330103609061,-81.62923828113861,39.849370937833704,-16.746008134554046,-80.71358808032309,41.116357762477435,0.7493125871881218,-0.03310055603353375,6.945259584467473e-18,-0.6613886904625103,1.2842500000000001,-1.2185000000000001,4.440250000000001,-2.18725,0.96875,3.4715000000000003,-0.314,9.1551647,-94.828995,43.316994,-10.075085767319138,-121.32519292268638,40.30073107209768,0.8405419363659187,-0.009800488966550865,2.5797693739661593e-18,-0.5416578289162343
51.09619355201721,8.525648536514101,-81.61789781664248,39.84752666218826,-16.698472750267,-80.71386345553175,41.05124008892275,0.7494036915804222,-0.033700166007819894,2.314805084984886e-18,-0.6612551745405707,1.3632499999999999,-1.17725,6.5815,-3.19775,2.0205,4.561,-0.314,9.1551647,-94.828995,43.316994,-10.045339070447596,-121.28965440130771,40.33611676869178,0.8404334697520717,-0.009800390294586271,-5.160204639662171e-19,-0.541826111654438
51.14682054519653,0,0,0,0,0,0,0,0,0,1,1.7664999999999997,-1.1055000000000001,9.105,-4.222,3.1165000000000003,5.9885,-0.314,0,0,0,0,0,0,0,0,0,1
51.21562051773071,8.525019328638294,-81.64030602089316,39.85117086083391,-16.675318999352896,-80.72902881738449,41.10352694786917,0.7494092772089805,-0.03390041966557838,-6.944363495621879e-18,-0.661238608052805,1.8417499999999993,-1.3377500000000007,11.9525,-5.7242500000000005,4.3865,7.566,-0.314,9.1551647,-94.828995,43.316994,-10.024408738230392,-121.29101494520646,40.32836627750885,0.8404331281430734,-0.00990039025299432,0.0,-0.5418248235292351
51.354175090789795,8.525974269148852,-81.60629738427141,39.84564010851967,-16.672718019285696,-80.67566351045308,41.217304708959844,0.7493103984602865,-0.03380046906173453,2.315093290499355e-18,-0.661355770406892,2.5230000000000006,-2.5230000000000006,15.537,-7.7685,5.2455,10.291500000000001,-0.314,9.1551647,-94.828995,43.316994,-10.027219290905919,-121.27308127599916,40.3692378361092,0.840414667896426,-0.009800171044008776,-2.0641280337465473e-18,-0.5418552783096685
51.436421394348145,8.526491542447765,-81.5878755459869,39.84264420410109,-16.661091101955748,-80.65669811438298,41.219569338136544,0.7493094454926725,-0.034100429856266025,4.630192469644427e-18,-0.6613414515808619,2.17525,-2.652,14.519750000000002,-7.4982500000000005,4.84625,9.6735,-0.314,9.1551647,-94.828995,43.316994,-10.028083902509223,-121.28302639563833,40.36864873328455,0.840414667896426,-0.009800171044008776,-2.0641280337465473e-18,-0.5418552783096685
51.48553013801575,0,0,0,0,0,0,0,0,0,1,2.2102499999999994,-2.6370000000000005,12.48075,-6.45375,3.81675,8.664,-0.314,0,0,0,0,0,0,0,0,0,1
51.557798624038696,0,0,0,0,0,0,0,0,0,1,3.1685000000000008,-3.3149999999999995,9.0465,-4.5965,1.2815,7.765000000000001,-0.314,0,0,0,0,0,0,0,0,0,1
51.61140418052673,8.525879441110396,-81.60967452898959,39.84618932638963,-16.67017779897739,-80.68414120253895,41.1869455914219,0.749407674536758,-0.034400352287249095,-2.3147927822451466e-18,-0.661214604427278,4.36975,-3.41425,7.726500000000001,-3.3855,-0.02875,7.75525,-0.314,9.1551647,-94.828995,43.316994,-10.028354234876474,-121.27357041851693,40.37916117434696,0.8403437954933606,-0.009800510765006466,-5.160755292297845e-19,-0.5419651791070697
51.725101709365845,8.525816677274364,-81.61190975984329,39.84655283723407,-16.603434160422296,-80.68213741291082,41.22490967365175,0.7494070264530552,-0.03460032441323153,2.3147947840671528e-18,-0.661204904892038,12.917750000000002,-2.1740000000000004,6.88475,1.9295,-4.1035,10.98825,-0.314,9.1551647,-94.828995,43.316994,-9.996931929299848,-121.25645470886332,40.383598650578485,0.8403246618924145,-0.00990029055424837,-2.06434911962503e-18,-0.5419930321160418
51.77211928367615,0,0,0,0,0,0,0,0,0,1,19.00375,-2.6157500000000002,7.8665,4.26075,-6.8765,14.743,-0.314,0,0,0,0,0,0,0,0,0,1
51.84860801696777,8.525248971139108,-81.63212768069633,39.849840834744555,-16.617608443317863,-80.71615506490892,41.140993709396234,0.7495045673637775,-0.03510021389522161,9.257974141923254e-18,-0.6610679832553884,24.484,-2.3732500000000005,10.08925,6.01075,-8.384,18.47325,-0.314,9.1551647,-94.828995,43.316994,-10.007423902659212,-121.27493096241565,40.37141068316403,0.8403243171200887,-0.010000289386172662,1.0321749832980866e-18,-0.5419917308122416
51.941569805145264,8.525734180235597,-81.61484775627633,39.847030637351494,-16.670184944234762,-80.70767115055286,41.07493513880516,0.7495098149713558,-0.03540046357569844,-9.257909323272055e-18,-0.6610460229365498,29.8345,-3.2065,7.375499999999999,9.62625,-12.83275,20.20825,-0.314,9.1551647,-94.828995,43.316994,-10.036846652662035,-121.28161240991231,40.357638971519364,0.840323968878764,-0.010100288094341924,5.160877055224996e-19,-0.5419904164358011
52.02859854698181,0,0,0,0,0,0,0,0,0,1,42.2675,-2.380749999999999,12.008750000000003,13.939,-16.31975,28.328500000000002,-0.314,0,0,0,0,0,0,0,0,0,1
52.16307997703552,8.525460509293206,-81.62459409704915,39.84861566404293,-16.617878775685114,-80.70669908778751,41.15150615045864,0.7495088100694689,-0.03570041963906612,0.0,-0.6610310307889059,52.73225,-4.542249999999999,11.404,18.393,-22.93525,34.33925,-0.314,9.1551647,-94.828995,43.316994,-9.998985099375204,-121.30520202202366,40.36080645997974,0.8403236171683224,-0.010200286677516233,1.0321758430534092e-18,-0.5419890889868939
52.220685958862305,8.526386899044606,-81.59160224878514,39.84325026985889,-16.6130150529342,-80.67588544383446,41.133426782457036,0.7494089493408865,-0.035900428718091584,-4.6295776891976414e-18,-0.6611334100358609,64.2005,-1.6122499999999995,14.66575,23.96125,-25.5735,40.23925,-0.314,9.1551647,-94.828995,43.316994,-9.994715655860347,-121.2937894748312,40.33162554809109,0.8403048294926827,-0.010200058622902972,5.160994603065982e-19,-0.542018221405298
52.27068734169006,0,0,0,0,0,0,0,0,0,1,74.3005,-1.167749999999998,15.01025,29.06125,-30.229,45.23925,-0.314,0,0,0,0,0,0,0,0,0,1
52.3481879234314,8.528784240509996,-81.50622487307095,39.82936552865132,-16.564507828040803,-80.58958959739714,41.1331510637507,0.749210559799509,-0.03590050600213877,-4.63080359262695e-18,-0.661358216667561,89.33250000000001,-1.3357499999999973,15.01025,36.49325,-37.829,52.83925,-0.314,9.1551647,-94.828995,43.316994,-9.982170512425654,-121.22656590811852,40.366605706104295,0.8401073855882017,-0.010000087913203209,0.0,-0.5423279256334538
52.40666437149048,0,0,0,0,0,0,0,0,0,1,98.50125,-4.267000000000003,15.11025,39.562,-43.829,58.93925,-0.314,0,0,0,0,0,0,0,0,0,1
52.525145292282104,8.544896504166147,-80.93241308712494,39.736047737104464,-16.222961145485698,-80.67765717968976,37.02612172801608,0.7427032047558532,-0.08060034778958095,4.6713773816205834e-18,-0.6647522347322977,108.989,-7.9345,12.231499999999997,44.411500000000004,-52.346000000000004,64.5775,-0.314,9.1551647,-94.828995,43.316994,-10.023630791734831,-121.28778332255091,38.575172348870524,0.8379442896662436,-0.061603256048980315,-4.140426750011637e-18,-0.5422678362764091
52.58932828903198,8.5567078465177,-80.51730003404168,39.66905934431206,-16.924778585747305,-81.31875708784001,29.527625666250472,0.7238085131974378,-0.17380204420242437,-1.917328624183911e-17,-0.6677530124634206,109.73349999999999,-6.300750000000001,8.769750000000002,47.3315,-53.63225,62.402,-0.314,9.1551647,-94.828995,43.316994,-10.870448568282058,-121.64932444583141,35.397014443809695,0.8358200489055044,-0.14330343743498306,0.0,-0.529970726235816
52.682475090026855,8.557794360939367,-80.48144574093389,39.663495862815715,-16.860475033612374,-81.53150257033462,27.932287328197702,0.7146069782994015,-0.19450189935521076,3.884033665845347e-17,-0.6719418707842324,112.4205,-6.027250000000002,7.874749999999999,49.25925,-55.286500000000004,63.16125,-0.314,9.1551647,-94.828995,43.316994,-11.047547168805352,-121.74109102061024,34.99937769821637,0.8353153892141978,-0.1523028059108372,1.6613829922216137e-17,-0.528253779781668
52.720622301101685,0,0,0,0,0,0,0,0,0,1,118.808,-3.7777499999999975,5.835750000000004,54.59725,-58.375,64.21075,-0.314,0,0,0,0,0,0,0,0,0,1
52.77950644493103,0,0,0,0,0,0,0,0,0,1,129.0355,-2.743249999999996,5.097749999999998,60.59725,-63.3405,68.43825,-0.314,0,0,0,0,0,0,0,0,0,1
52.92916560173035,8.543685389122029,-80.97554495867834,39.743062181731126,-18.467458167714142,-82.02584636151398,28.621003106174996,0.7200053477936188,-0.18080134289039754,-9.63728106349591e-18,-0.6700023683223956,146.86725,-1.2787500000000023,13.530500000000004,66.029,-67.30775,80.83825,-0.314,9.1551647,-94.828995,43.316994,-12.142512870338692,-122.12308908538422,35.07701525983796,0.8414161575642354,-0.1479028401518308,-4.1233424397234125e-17,-0.519753402744859
52.97163939476013,8.528346995187482,-81.52179664652022,39.831897933081386,-20.25069523824041,-83.42694615943475,23.148125900667154,-0.6768008328712206,0.22980028279226725,-3.9685969566478096e-17,0.699380055944846,157.23825,-3.6415000000000077,13.996749999999992,69.8,-73.4415,87.43825,-0.314,9.1551647,-94.828995,43.316994,-14.24167014139283,-123.19486677575448,32.48648802898221,0.8419382723398322,-0.2154097919729182,2.4724712482626553e-17,-0.4947105892252586
53.033867835998535,0,0,0,0,0,0,0,0,0,1,170.08275,-3.6970000000000027,13.896749999999997,76.2445,-79.9415,93.83825,-0.314,0,0,0,0,0,0,0,0,0,1
53.101420164108276,8.495624815250343,-82.68714329864062,40.02141578305569,-20.35692789061372,-85.6553322978386,16.78831380896672,-0.5988965230014718,0.29709827514399284,-3.7322081191798394e-17,0.743677060049059,182.47750000000002,-3.997,14.19149999999999,82.14450000000001,-86.14150000000001,100.333,-0.314,9.1551647,-94.828995,43.316994,-15.932859294451958,-124.38021085463424,29.856404634251206,0.8293224001573565,-0.29190788448804095,-3.346777515036679e-17,-0.4764600125623955
53.156211137771606,0,0,0,0,0,0,0,0,0,1,192.80700000000002,-3.6970000000000027,12.021,88.5445,-92.2415,104.2625,-0.314,0,0,0,0,0,0,0,0,0,1
53.27433466911316,8.481882325,-83.1765595,40.1010085,-18.55433511539991,-87.44411612435717,16.33190203355703,-0.5195883690107274,0.2727938935067867,-3.4278908442706986e-17,0.8096983502849565,205.25525,-2.929249999999996,1.8419999999999987,100.242,-103.17125,105.01325,-0.314,9.1551647,-94.828995,43.316994,-17.780901723824428,-125.63234746886809,28.414359878172476,0.8158426493975428,-0.3395177487992962,-5.1031119118603845e-17,-0.4681115995937891
53.34168553352356,8.48812886874216,-84.06686564798268,40.28961187787778,-18.286740286217764,-88.44801630275614,20.495083201751072,-0.5196793741441049,0.18659259421837596,-1.664529237165968e-17,0.833736500263751,209.52875,-0.48149999999999693,0.01624999999999943,104.5155,-104.997,105.01325,-0.314,9.1551647,-94.828995,43.316994,-19.478837571230713,-126.68348151777403,27.432712757602488,0.8159206971112217,-0.35690905355925356,0.0,-0.4548509025086963
53.43306350708008,8.500021933333334,-85.76195799999999,40.64870199999999,-22.731223496239835,-89.492267087024,24.10727219118499,-0.5564759732773116,0.10989525510004772,-1.2638170093522816e-17,0.8235639162029649,209.3835,-0.09150000000001057,0.5514999999999901,104.37025,-104.46175000000001,105.01325,-0.314,9.1551647,-94.828995,43.316994,-22.35507528635577,-128.37006467016892,29.741477335499013,0.8410302408337001,-0.33401201003383557,-4.950281381341636e-17,-0.42556328689909956
53.487764835357666,0,0,0,0,0,0,0,0,0,1,208.923,-0.5520000000000067,0.5514999999999901,103.90975,-104.46175000000001,105.01325,-0.314,0,0,0,0,0,0,0,0,0,1
53.55323505401611,0,0,0,0,0,0,0,0,0,1,208.923,-0.5520000000000067,0.5514999999999901,103.90975,-104.46175000000001,105.01325,-0.314,0,0,0,0,0,0,0,0,0,1
53.65884208679199,8.499994198457696,-85.75800500914384,40.6478645943167,-23.06044838237736,-89.5151125680832,23.957642453689644,-0.5578931806385364,0.1025987458926579,-8.425625786574709e-18,0.8235464141979315,208.923,-0.5520000000000067,0.5514999999999901,103.90975,-104.46175000000001,105.01325,-0.314,9.1551647,-94.828995,43.316994,-22.571587269493506,-128.4971540552152,29.488750507943408,0.8405436610178489,-0.33671749038038046,0.0,-0.4243909584270733
53.73814034461975,8.500021933333334,-85.76195799999999,40.64870199999999,-23.051021188112628,-89.61277374215588,24.06475651946552,-0.5580969617201494,0.10249944199303945,0.0,0.8234206978876919,208.923,-0.5520000000000067,0.5514999999999901,103.90975,-104.46175000000001,105.01325,-0.314,9.1551647,-94.828995,43.316994,-22.630912674474644,-128.4297619969484,29.626368845407526,0.8410525590995622,-0.33542096114386816,-1.6500500067049475e-17,-0.42440943869970804
53.777915716171265,0,0,0,0,0,0,0,0,0,1,208.923,-0.5520000000000067,0.5514999999999901,103.90975,-104.46175000000001,105.01325,-0.314,0,0,0,0,0,0,0,0,0,1
53.840665340423584,8.500021933333334,-85.76195799999999,40.64870199999999,-23.07962579575627,-89.6242931730029,24.131457937250417,-0.558180042677807,0.10029641397453251,0.0,0.8236356411059752,208.923,-0.5520000000000067,0.5514999999999901,103.90975,-104.46175000000001,105.01325,-0.314,9.1551647,-94.828995,43.316994,-22.60911773065419,-128.42117742120794,29.619207457049228,0.8410212277193789,-0.33570847341901966,-3.300222955239132e-17,-0.42424416955340705
53.910029888153076,0,0,0,0,0,0,0,0,0,1,208.923,-0.5520000000000067,0.5514999999999901,103.90975,-104.46175000000001,105.01325,-0.314,0,0,0,0,0,0,0,0,0,1
54.05693244934082,8.500021933333334,-85.76195799999999,40.64870199999999,-23.115271075603573,-89.63803832685943,24.076317346302645,-0.5582777953465867,0.0987960705359892,0.0,0.823750714518417,207.01625,-0.3534999999999968,0.23125000000000284,103.21575,-103.56925,103.8005,-0.314,9.1551647,-94.828995,43.316994,-22.596626201720966,-128.39226690549867,29.62206118905057,0.8411301446683852,-0.3354120205941938,0.0,-0.42426272069445564
54.104572057724,8.500021933333334,-85.76195799999999,40.64870199999999,-23.10650832545076,-89.63945231258545,24.08732710806784,-0.5583818401409897,0.0975968259272217,8.422795494028916e-18,0.823823148600289,197.58225,-0.052250000000000796,-0.23900000000000432,98.8845,-98.93675,98.69775,-0.314,9.1551647,-94.828995,43.316994,-22.63935147775868,-128.39949093734037,29.636973068591786,0.8412618575174107,-0.3351246415288685,-1.649639489037127e-17,-0.42422866679009696
54.15924048423767,0,0,0,0,0,0,0,0,0,1,188.7165,-0.6862500000000011,0.3497500000000002,93.84025,-94.5265,94.87625,-0.314,0,0,0,0,0,0,0,0,0,1
54.22640633583069,8.500021933333334,-85.76195799999999,40.64870199999999,-23.03840587980207,-89.66119846055047,24.184739437602374,-0.5583934091283567,0.0964988609972894,1.6843107081597508e-17,0.8239446404147778,185.906,-1.042500000000004,0.4510000000000076,92.20625,-93.24875,93.69975000000001,-0.314,9.1551647,-94.828995,43.316994,-22.627554311807216,-128.44307767238462,29.67648285729912,0.8410440681621528,-0.33571759058505907,0.0,-0.4241916722202579
54.29284405708313,0,0,0,0,0,0,0,0,0,1,183.53125,-0.941749999999999,0.3930000000000007,91.09825000000001,-92.04,92.433,-0.314,0,0,0,0,0,0,0,0,0,1
54.4125440120697,8.497201268685648,-85.35993486834664,40.56353700278344,-21.529246904890954,-88.96013066563533,24.563214186268794,-0.5517757192900643,0.09149597374962103,-1.6741235352593068e-17,0.8289584081180074,176.71425,-0.9025000000000034,0.5452499999999958,87.63325,-88.53575000000001,89.081,-0.314,9.1551647,-94.828995,43.316994,-21.873018642986352,-127.81991602472655,29.591951884483606,0.8386253872482096,-0.33041000232149836,3.309651250447303e-17,-0.4330550660466841
54.473021507263184,8.493127736223302,-84.77934324121117,40.44054387025995,-19.983008792765304,-88.16016475941173,25.424435557049804,-0.5447731187034774,0.0868957122161017,0.0,0.8340691723931195,167.02675,-1.1585000000000036,0.7312500000000028,82.5685,-83.727,84.45825,-0.314,9.1551647,-94.828995,43.316994,-20.896394095061282,-127.32133666556476,29.58714407750621,0.8387216293077944,-0.3169081725618697,3.309271472888552e-17,-0.44284900213817235
54.52657604217529,0,0,0,0,0,0,0,0,0,1,156.32675,-0.9585000000000008,0.6312500000000085,77.3685,-78.327,78.95825,-0.314,0,0,0,0,0,0,0,0,0,1
54.599992990493774,8.481882325,-83.1765595,40.1010085,-17.20714851009845,-85.67816892377525,26.640205421372755,-0.5606867629479657,0.09209782569557275,8.43234441314507e-18,0.8228902383411044,142.02675,-0.9585000000000008,0.7312500000000028,70.1685,-71.127,71.85825,-0.314,9.1551647,-94.828995,43.316994,-18.326001492461785,-125.34537843192805,30.311071509936568,0.8376076107645056,-0.2748024969413636,0.0,-0.4721197708888798
54.68282985687256,0,0,0,0,0,0,0,0,0,1,129.02675,-0.8584999999999923,0.6312500000000085,63.7685,-64.627,65.25825,-0.314,0,0,0,0,0,0,0,0,0,1
54.80551719665527,8.50634448821801,-82.30537976611637,39.959330390909976,-17.18645610635977,-83.82324658932157,26.189833400069915,-0.6499949818687408,0.12499903497475785,9.256947021972316e-18,0.7495877298894603,105.52674999999999,-0.8584999999999994,0.7312500000000028,51.9685,-52.827,53.55825,-0.314,9.1551647,-94.828995,43.316994,-15.079448156126176,-123.61769532189464,32.02720160571407,0.8373278761535795,-0.22270741433106672,-2.4860848784047375e-17,-0.49928292121612416
54.86133575439453,8.538330360383355,-81.16625550499921,39.774077032668735,-16.908529090521313,-82.34396492045377,28.13867467580758,-0.6962003033923623,0.14350006253490946,1.9730752034262838e-17,0.7033582796902728,89.62675,-1.0585000000000022,0.8312500000000043,43.8685,-44.927,45.758250000000004,-0.314,9.1551647,-94.828995,43.316994,-13.028533585015225,-122.5905747560524,33.91467949041332,0.8391336588728115,-0.17050683927757643,0.0,-0.5165095549031973
54.91006946563721,0,0,0,0,0,0,0,0,0,1,79.242,-1.0432500000000005,0.8312499999999972,38.68375,-39.727000000000004,40.55825,-0.314,0,0,0,0,0,0,0,0,0,1
54.97222113609314,8.553131866850249,-80.63912418182123,39.68835078559794,-15.439236210153496,-81.30164671933346,31.471969022143313,0.7086008781368653,-0.1283001589965564,9.79238682592627e-18,-0.693847147940468,69.42150000000001,0.16825000000000045,0.014749999999999375,34.7875,-34.61925,34.634,-0.314,9.1551647,-94.828995,43.316994,-11.372729150231748,-121.87753416845528,35.912799805657244,0.8396214957009275,-0.11900304667509572,-1.6528623765437415e-17,-0.5299754889039515
55.03987908363342,0,0,0,0,0,0,0,0,0,1,64.946,0.5504999999999995,-1.5515000000000008,33.524,-32.9735,31.422,-0.314,0,0,0,0,0,0,0,0,0,1
55.18750047683716,8.55322341206003,-80.63586394965021,39.68782058096712,-15.164338534053968,-81.08447428903668,32.83423456277556,0.7125011311665786,-0.11990019035350569,0.0,-0.6913509112162498,48.4095,-0.7757499999999986,0.777750000000001,23.428,-24.20375,24.9815,-0.314,9.1551647,-94.828995,43.316994,-11.0635342584213,-121.72573328378873,36.63082140024392,0.8398274794199171,-0.10140331794853492,0.0,-0.533298389197096
55.276421546936035,8.554880190481668,-80.57761153466187,39.678417830803724,-15.08544386380882,-80.92845572147058,32.800562057945484,0.7123027183241284,-0.1195004560434274,1.9482991501794977e-17,-0.691624521307241,37.17075,0.6965000000000003,-1.7067499999999995,19.787,-19.0905,17.38375,-0.314,9.1551647,-94.828995,43.316994,-10.79741717054685,-121.70413329690143,36.89409907895536,0.8394324243295391,-0.09600370828643767,0.0,-0.534917276762945
55.34705185890198,8.554592880000001,-80.58709259999999,39.679888999999996,-14.956852488178924,-80.92298499312908,33.19847452224515,0.7134029067701229,-0.11930048609149937,-4.863236354981044e-17,-0.6905242114729007,30.31275,-0.9452499999999997,0.041999999999999815,14.66275,-15.608,15.65,-0.314,9.1551647,-94.828995,43.316994,-10.853946313367175,-121.70173480386973,36.766824952585644,0.8393398800959194,-0.09610456627811015,0.0,-0.5350443701423873
55.40643095970154,0,0,0,0,0,0,0,0,0,1,19.2335,-0.6427500000000013,0.6942499999999985,8.94825,-9.591000000000001,10.28525,-0.314,0,0,0,0,0,0,0,0,0,1
55.46864652633667,8.554592880000001,-80.58709259999999,39.679888999999996,-14.898270175283244,-80.87663617300045,33.34854083921361,0.713902192445547,-0.11940036668720874,-1.9439340507240406e-17,-0.6899907333119781,11.95625,0.33175000000000043,-0.5049999999999999,6.3965000000000005,-6.06475,5.55975,-0.314,9.1551647,-94.828995,43.316994,-10.755773223978139,-121.6590853565741,36.921236963663745,0.8391313987718176,-0.09360350247293785,4.134569338046006e-18,-0.5358142214611809
55.60650563240051,8.554592880000001,-80.58709259999999,39.679888999999996,-14.825574339250892,-80.85811269989101,33.438386241808956,0.7143047303264115,-0.11930079004331635,0.0,-0.689591236696315,1.85325,-0.53375,0.033500000000000085,0.643,-1.17675,1.21025,-0.314,9.1551647,-94.828995,43.316994,-10.725432247870543,-121.60414573843485,36.9677242041449,0.8389294024481546,-0.09200322449067852,4.13556485424055e-18,-0.5364073679502364
55.715087890625,8.554592880000001,-80.58709259999999,39.679888999999996,-14.823297306052467,-80.8336044668416,33.530550017950176,0.7146029363010279,-0.11910048938350463,-2.913041726287088e-17,-0.6893168479433525,0.60075,-0.60075,0.0,0.0,-0.60075,0.60075,-0.314,9.1551647,-94.828995,43.316994,-10.69968466214658,-121.58947574137005,37.02177837156525,0.8389079012643241,-0.09090085615082497,-1.2407012545923528e-17,-0.5366288918305966
55.80033326148987,0,0,0,0,0,0,0,0,0,1,0.60075,-0.60075,0.0,0.0,-0.60075,0.60075,-0.314,0,0,0,0,0,0,0,0,0,1
55.85432028770447,8.55505844929461,-80.57172910585946,39.67750505911144,-14.801495216974587,-80.80148994308728,33.635399082208636,0.7151030504809661,-0.11840050507194291,1.94066964173632e-17,-0.6889186799554253,0.60075,-0.60075,0.0,0.0,-0.60075,0.60075,-0.314,9.1551647,-94.828995,43.316994,-10.64229090772298,-121.5819291147626,37.14964160075961,0.8389273109667268,-0.08910290071180756,1.6542300657517714e-17,-0.5369000279371183
55.93101501464844,8.554592880000001,-80.58709259999999,39.679888999999996,-14.789644436521627,-80.8067636271281,33.70703529692781,0.7154028667144188,-0.11780047204215613,1.9398563317966583e-17,-0.6887102344843126,0.60075,-0.60075,0.0,0.0,-0.60075,0.60075,-0.314,9.1551647,-94.828995,43.316994,-10.638932545055525,-121.59524479019883,37.1997556126512,0.8389237441370018,-0.08800249074270611,8.271185494988282e-18,-0.5370870629108789
56.0539448261261,0,0,0,0,0,0,0,0,0,1,0.60075,-0.60075,0.0,0.0,-0.60075,0.60075,-0.314,0,0,0,0,0,0,0,0,0,1
56.10547995567322,8.554592880000001,-80.58709259999999,39.679888999999996,-14.74387759942789,-80.81818239659074,33.83263389694548,0.7156014478459352,-0.1175002377332272,-4.8482950424389954e-17,-0.6885551989299307,0.60075,-0.60075,0.0,0.0,-0.60075,0.60075,-0.314,9.1551647,-94.828995,43.316994,-10.601017377267198,-121.58052135130677,37.23504952712344,0.8388340237322341,-0.08740354515283415,2.0680175420859555e-17,-0.5373249490986864
56.15223145484924,0,0,0,0,0,0,0,0,0,1,0.60075,-0.60075,0.0,0.0,-0.60075,0.60075,-0.314,0,0,0,0,0,0,0,0,0,1
56.231690406799316,8.554592880000001,-80.58709259999999,39.679888999999996,-14.670324297049632,-80.81324375185602,33.81105794974873,0.7156039999480305,-0.11750065678297035,1.9393111006677305e-17,-0.6885524750619592,0.60075,-0.60075,0.0,0.0,-0.60075,0.60075,-0.314,9.1551647,-94.828995,43.316994,-10.547212993891492,-121.55894991716603,37.13141670626697,0.8387163383448736,-0.0877017084450285,0.0,-0.5374600581710149
56.281736612319946,0,0,0,0,0,0,0,0,0,1,0.60075,-0.60075,0.0,0.0,-0.60075,0.60075,-0.314,0,0,0,0,0,0,0,0,0,1
56.43325209617615,8.554738202756687,-80.58229704035573,39.679144876910875,-14.697153212242569,-80.79008984043517,33.79905354657801,0.7156039999480305,-0.11750065678297035,1.9393111006677305e-17,-0.6885524750619592,0.60075,-0.60075,0.0,0.0,-0.60075,0.60075,-0.314,9.1551647,-94.828995,43.316994,-10.557381020382081,-121.54856909683637,37.14084272380195,0.8386203391854216,-0.08730211735140388,-8.27417793211073e-18,-0.5376748710982225
56.55785894393921,8.555088934628225,-80.57072310900827,39.67734895939835,-14.71467156729085,-80.76373192096925,33.88904447566439,0.7156018814497015,-0.11740030866712549,-9.696584209435104e-18,-0.6885717934903455,0.60075,-0.60075,0.0,0.0,-0.60075,0.60075,-0.314,9.1551647,-94.828995,43.316994,-10.569865404057879,-121.55394966453176,37.24999944441737,0.8386418566861924,-0.08660432242907733,8.273965636923441e-18,-0.5377541515883779
56.65446877479553,8.554592880000001,-80.58709259999999,39.679888999999996,-14.700010234162278,-80.78693927421739,33.919809131783225,0.7157043548557848,-0.11740071434968444,-9.695195867999744e-18,-0.688465212418644,0.28025000000000005,1.3215,0.32025,0.64075,0.68075,-0.3605,-0.314,9.1551647,-94.828995,43.316994,-10.56310220947887,-121.5657979124147,37.27034344159567,0.8387213796669509,-0.08630219991088334,-4.136590572343942e-18,-0.5376786936266937
56.7254695892334,8.554592880000001,-80.58709259999999,39.679888999999996,-14.734520570039024,-80.80019528555617,33.8547452025977,0.7159011626523135,-0.11750019082504103,-3.877012227888888e-17,-0.6882435836745191,0.28025000000000005,1.3215,0.32025,0.64075,0.68075,-0.3605,-0.314,9.1551647,-94.828995,43.316994,-10.555204070929307,-121.57715701777988,37.2807641005362,0.838835870260893,-0.0861036819616868,4.1360259795215405e-18,-0.5375318955339217
56.77936387062073,0,0,0,0,0,0,0,0,0,1,0.28025000000000005,1.3215,0.32025,0.64075,0.68075,-0.3605,-0.314,0,0,0,0,0,0,0,0,0,1
56.9317569732666,8.554592880000001,-80.58709259999999,39.679888999999996,-14.763078708438542,-80.79693161341365,33.841562593777695,0.7161035853413892,-0.11750058829439076,0.0,-0.6880328966057363,-0.047250000000000014,3.0475000000000003,0.4617500000000001,1.26925,1.77825,-1.3165,-0.314,9.1551647,-94.828995,43.316994,-10.551799239017726,-121.5756895902266,37.25099408582291,0.8390396898548993,-0.08590406359777814,1.2405063767198933e-17,-0.5372456521048664
56.980459213256836,8.554592880000001,-80.58709259999999,39.679888999999996,-14.772428592570009,-80.79138877643433,33.93146174074222,0.7164020076170063,-0.11720032843762312,0.0,-0.6877733976364859,-0.36749999999999994,4.73175,0.64425,1.86,2.87175,-2.2275,-0.314,9.1551647,-94.828995,43.316994,-10.570189350926654,-121.58280673841375,37.228385459467916,0.8392083461766718,-0.08560085132593316,4.134190237454119e-18,-0.5370305819594362
57.053194761276245,0,0,0,0,0,0,0,0,0,1,-0.3602500000000002,5.166,0.9612499999999997,1.92225,3.24375,-2.2825,-0.314,0,0,0,0,0,0,0,0,0,1
57.106786012649536,8.554592880000001,-80.58709259999999,39.679888999999996,-14.746186811355756,-80.8104138366019,34.04437505264265,0.7165032628241353,-0.116900532343533,0.0,-0.687718939611355,-0.3602500000000002,5.166,0.9612499999999997,1.92225,3.24375,-2.2825,-0.314,9.1551647,-94.828995,43.316994,-10.59598340589477,-121.61225983846806,37.254215318652456,0.8392334936877092,-0.0854034084377149,8.268132714075508e-18,-0.5370227191655328
57.15856647491455,0,0,0,0,0,0,0,0,0,1,-0.027499999999999858,4.00075,1.0752500000000003,1.449,2.55175,-1.4765,-0.314,0,0,0,0,0,0,0,0,0,1
57.31149673461914,8.554592880000001,-80.58709259999999,39.679888999999996,-14.754362427529884,-80.81312870212918,33.93245638214776,0.7164046658029553,-0.1172007633055644,-1.937143694096417e-17,-0.6877705546883708,0.5705,-0.47750000000000004,0.09299999999999997,0.0,-0.47750000000000004,0.5705,-0.314,9.1551647,-94.828995,43.316994,-10.569648686192181,-121.60171869265658,37.20736057734311,0.839217448198892,-0.08530177351211331,1.2402436196004948e-17,-0.5370639459824391
57.430991888046265,0,0,0,0,0,0,0,0,0,1,0.82225,0.09300000000000003,0.21825,0.34850000000000003,-0.2555,0.47375,-0.314,0,0,0,0,0,0,0,0,0,1
57.55568766593933,8.554592880000001,-80.58709259999999,39.679888999999996,-14.791135506090313,-80.8038330504896,33.9992495820545,0.7165023598506008,-0.11710038567830473,-9.684397836950699e-18,-0.6876858788738595,0.60075,0.22375,0.8245,0.0,0.22375,0.60075,-0.314,9.1551647,-94.828995,43.316994,-10.583221544594295,-121.5928052998802,37.246556609591394,0.8392265157593655,-0.08500268570012635,-1.2402302191849792e-17,-0.5370971966694305
57.68539786338806,8.554592880000001,-80.58709259999999,39.679888999999996,-14.826773640680244,-80.79404825633223,34.0561194437235,0.7165032628241353,-0.116900532343533,0.0,-0.687718939611355,0.60075,-0.60075,0.0,0.0,-0.60075,0.60075,-0.314,9.1551647,-94.828995,43.316994,-10.604415063921408,-121.55845883084616,37.37682999445347,0.8392314593352812,-0.08420315642996981,8.268152756574718e-18,-0.5372154001042826
57.73117804527283,8.554592880000001,-80.58709259999999,39.679888999999996,-14.792587251672273,-80.80964931887547,34.099569387959576,0.7165041612546353,-0.11670067776471171,-1.9368746977705954e-17,-0.687751945627236,0.60075,-0.60075,0.0,0.0,-0.60075,0.60075,-0.314,9.1551647,-94.828995,43.316994,-10.57131714963981,-121.55976593291763,37.35031925032243,0.8392153805219743,-0.08410154135116543,-4.13415558446473e-18,-0.5372564339658632
57.840821504592896,8.554592880000001,-80.58709259999999,39.679888999999996,-14.759219005023397,-80.82041239806833,34.062546202766114,0.7165032628241353,-0.116900532343533,0.0,-0.687718939611355,0.587,-0.60075,-0.01375000000000004,0.0,-0.60075,0.587,-0.314,9.1551647,-94.828995,43.316994,-10.564237153449398,-121.56628705493246,37.28026677983343,0.8391361677299086,-0.08440363789346239,0.0,-0.5373327813542664
57.941800117492676,8.554592880000001,-80.58709259999999,39.679888999999996,-14.763665842417197,-80.79280276216035,33.9424715025074,0.7164024582541958,-0.11710040181681507,2.905724494922861e-17,-0.6877899488228116,-0.18525000000000003,-0.049,-0.27375000000000005,0.01975,-0.06875,-0.20500000000000002,-0.314,9.1551647,-94.828995,43.316994,-10.558338570473637,-121.58808042245458,37.30002167418711,0.8392314593352812,-0.08420315642996981,8.268152756574718e-18,-0.5372154001042826
58.03232431411743,0,0,0,0,0,0,0,0,0,1,0.09299999999999997,1.2942500000000001,-1.38725,1.38725,-0.093,-1.2942500000000001,-0.314,0,0,0,0,0,0,0,0,0,1
58.09906768798828,8.554592880000001,-80.58709259999999,39.679888999999996,-14.732243536840627,-80.77568705250675,33.94690897873893,0.7164029077540343,-0.11700047488445285,-3.8742968956734556e-17,-0.6878064863305502,0.09299999999999997,1.2942500000000001,-1.38725,1.38725,-0.093,-1.2942500000000001,-0.314,9.1551647,-94.828995,43.316994,-10.559473514444164,-121.58856956497235,37.30994501242486,0.8392344438414402,-0.08410345177200328,-1.240218502974996e-17,-0.5372263560829672
58.15389657020569,0,0,0,0,0,0,0,0,0,1,-0.09925000000000006,1.23525,-1.724,1.43,-0.19475,-1.52925,-0.314,0,0,0,0,0,0,0,0,0,1
58.28737831115723,8.554592880000001,-80.58709259999999,39.679888999999996,-14.73682978196689,-80.79242672556731,34.06648635829488,0.7165010495651319,-0.1168001710944975,9.684415547079337e-18,-0.6877382976135329,-0.41100000000000003,3.18025,-2.6757500000000003,2.7225,0.45775,-3.1335,-0.314,9.1551647,-94.828995,43.316994,-10.580079899792622,-121.55835194719161,37.33930948855725,0.8391349927575952,-0.08380349468845966,1.2403654889491121e-17,-0.5374285424200244
58.354153633117676,8.554592880000001,-80.58709259999999,39.679888999999996,-14.748403084795257,-80.773079070634,34.09634815513003,0.7165015003204315,-0.11670024436482113,-1.9368818909113353e-17,-0.6877547913346456,-0.6087500000000006,4.8755,-2.7882500000000006,3.5275,1.348,-4.13625,-0.314,9.1551647,-94.828995,43.316994,-10.570452538036534,-121.54982081327844,37.35090835314707,0.8391379593766799,-0.08370378643764521,-1.2403611038633338e-17,-0.5374394489327541
58.40520668029785,0,0,0,0,0,0,0,0,0,1,-0.7404999999999999,6.86875,-3.43175,4.78,2.08875,-5.5205,-0.314,0,0,0,0,0,0,0,0,0,1
58.47656059265137,8.554592880000001,-80.58709259999999,39.679888999999996,-14.751761447462655,-80.75976339519777,34.046234143238436,0.7164038033490265,-0.11680062008817188,9.685730130785821e-18,-0.6878395203054763,-0.8084999999999996,8.509,-4.6209999999999996,6.16075,2.34825,-6.96925,-0.314,9.1551647,-94.828995,43.316994,-10.560554843913167,-121.5507456564867,37.35199477667449,0.8392111894030801,-0.08360111467361475,0.0,-0.5373410771623518
58.52764534950256,0,0,0,0,0,0,0,0,0,1,-1.2069999999999999,10.92,-4.8839999999999995,7.2985,3.6215,-8.5055,-0.314,0,0,0,0,0,0,0,0,0,1
58.680094718933105,8.554592880000001,-80.58709259999999,39.679888999999996,-14.74922122715435,-80.76824108728366,34.01587502570051,0.7165037126063447,-0.11680060520924081,-9.68437955285172e-18,-0.6877354494600956,-0.3955000000000002,16.81675,-6.87125,11.64625,5.1705000000000005,-12.04175,-0.314,9.1551647,-94.828995,43.316994,-10.531726373146427,-121.56346530575061,37.35466494443209,0.8392361667234666,-0.08340359426207947,-1.2402159569095945e-17,-0.5373327618221954
58.7271671295166,8.554592880000001,-80.58709259999999,39.679888999999996,-14.759713200513744,-80.78671734083599,34.00368705828605,0.7165032628241353,-0.116900532343533,0.0,-0.687718939611355,-2.23325,19.310000000000002,-8.60775,12.84225,6.4677500000000006,-15.0755,-0.314,9.1551647,-94.828995,43.316994,-10.535995816661284,-121.57487785294308,37.38384585632074,0.8393093640312145,-0.08330092937424063,1.2401077959942485e-17,-0.5372343498091925
58.78035593032837,0,0,0,0,0,0,0,0,0,1,-1.762249999999998,22.68825,-10.555,15.7405,6.94775,-17.50275,-0.314,0,0,0,0,0,0,0,0,0,1
58.85082650184631,8.554592880000001,-80.58709259999999,39.679888999999996,-14.747592087693533,-80.80144700199824,34.06481083194282,0.7165032628241353,-0.116900532343533,0.0,-0.687718939611355,-1.65625,24.22625,-12.285000000000002,17.427500000000002,6.79875,-19.083750000000002,-0.314,9.1551647,-94.828995,43.316994,-10.526375600162567,-121.58987666704381,37.28343426829381,0.8392463436954527,-0.08370462222034009,8.268006117671247e-18,-0.5372700538953982
58.927637338638306,0,0,0,0,0,0,0,0,0,1,-2.8049999999999997,26.892500000000002,-16.5455,20.3165,6.5760000000000005,-23.1215,-0.314,0,0,0,0,0,0,0,0,0,1
59.06107020378113,8.554592880000001,-80.58709259999999,39.679888999999996,-14.722114834336793,-80.77732102781204,34.12937744042557,0.7166018482506845,-0.11660030073406337,9.683053317328088e-18,-0.6876671876368895,-4.261500000000002,29.960250000000002,-21.119750000000003,23.40925,6.551,-27.67075,-0.314,9.1551647,-94.828995,43.316994,-10.513613738862148,-121.57042212845595,37.27577555923274,0.8392302468808792,-0.08360301315448225,0.0,-0.5373110169275799
59.10810875892639,8.554592880000001,-80.58709259999999,39.679888999999996,-14.794533192744524,-80.781770530029,34.141030049384554,0.7169038132026203,-0.1161006175377657,1.9357949493696084e-17,-0.6874369565443016,-2.6075000000000017,33.45575,-22.96125,26.90475,6.551,-29.51225,-0.314,9.1551647,-94.828995,43.316994,-10.59193068024561,-121.55307826315078,37.26767327383807,0.8394265717785946,-0.08300262742151936,4.133115472628508e-18,-0.5370973789110877
59.21033239364624,8.53903911575556,-81.14101434741868,39.76997211684234,-16.66450251287631,-81.16039431832712,35.2991573173049,0.7291056714378147,-0.09090070708228966,-9.516993456138605e-18,-0.6783376602615787,-5.175499999999996,34.2215,-26.470999999999997,27.7585,6.463,-32.934,-0.314,9.1551647,-94.828995,43.316994,-11.255406356616447,-121.81914666927705,37.47091605999708,0.8453275428190378,-0.07110231668571346,4.10426346736975e-18,-0.5294958034899355
59.27839756011963,0,0,0,0,0,0,0,0,0,1,-2.647500000000001,38.536500000000004,-29.519000000000002,32.704,5.8325000000000005,-35.3515,-0.314,0,0,0,0,0,0,0,0,0,1
59.3560516834259,8.518199997043057,-81.88316530653593,39.89066655044486,-18.972810845980547,-81.64913577535518,36.583113869336046,0.7440024191254356,-0.06670021687589592,-9.326439975912714e-18,-0.6648394403193961,-5.164250000000003,39.71075,-34.0655,34.306,5.40475,-39.47025,-0.314,9.1551647,-94.828995,43.316994,-11.955291840692155,-122.05580919490609,37.57067155179067,0.8522290645252889,-0.05570189966446679,2.035513159766603e-18,-0.5201950787465417
59.48426556587219,8.502656077670391,-82.43673644502869,39.98069264850254,-20.965156157155064,-82.04969653364884,37.27268709964309,0.7556124571219384,-0.04800079134707919,0.0,-0.6532577888339341,-4.359250000000003,44.39625,-39.035000000000004,39.536,4.86025,-43.895250000000004,-0.314,9.1551647,-94.828995,43.316994,-12.709937920394879,-122.27892983324945,37.35243664364218,0.8583344189648389,-0.04620185268108534,-4.042069006317848e-18,-0.5110062759195114
59.527815103530884,0,0,0,0,0,0,0,0,0,1,-4.738750000000003,44.277499999999996,-39.984750000000005,39.76175,4.51575,-44.5005,-0.314,0,0,0,0,0,0,0,0,0,1
59.59384822845459,8.481882325,-83.1765595,40.1010085,-25.224954444033045,-83.34696203062194,38.4346771105616,0.7811157736155123,-0.018000363493892228,1.1104138045679052e-18,-0.6241266979733583,-4.172000000000004,46.2595,-42.284000000000006,42.18575,4.07375,-46.35775,-0.314,9.1551647,-94.828995,43.316994,-14.19565852150987,-122.95755907111095,37.239757218093274,0.8708357582877548,-0.03540145365570341,3.9840428220073005e-18,-0.4902976842352553
59.655259132385254,0,0,0,0,0,0,0,0,0,1,-4.073750000000004,46.384249999999994,-42.310500000000005,42.3105,4.07375,-46.38425,-0.314,0,0,0,0,0,0,0,0,0,1
59.71636438369751,8.489569544103755,-84.2722019402778,40.333110531027046,-29.482867549597728,-84.7339493154588,39.41106958142653,0.8018164553868893,0.009300190864427627,-5.408729966572509e-19,-0.597498015327825,-3.9392500000000013,46.57375,-44.302,43.46825,3.1055,-47.4075,-0.314,9.1551647,-94.828995,43.316994,-15.632116774990806,-123.41555221276431,37.23428289576066,0.880660244956764,-0.027501881372145143,-2.9546981697725658e-18,-0.47294944705928654
59.83837294578552,8.500021933333334,-85.76195799999999,40.64870199999999,-32.66860939706615,-86.20386000414675,40.21375971377479,0.8189177928985026,0.034300745263669115,8.473248431136776e-18,-0.5728848988659083,-3.286999999999999,48.372,-45.085,45.085,3.287,-48.372,-0.314,9.1551647,-94.828995,43.316994,-16.7429229630078,-123.99063640193589,37.199818594984364,0.8888290044713438,-0.026600868045609526,8.782629282601575e-18,-0.45746627704094184
59.91166400909424,0,0,0,0,0,0,0,0,0,1,-3.0032500000000013,48.656,-45.77875,45.71575,2.9402500000000003,-48.719,-0.314,0,0,0,0,0,0,0,0,0,1
59.978044509887695,8.500021933333334,-85.76195799999999,40.64870199999999,-35.18839610761438,-87.47802297781163,40.63871106379749,0.831023538033141,0.05310150405482524,-2.0874540811233043e-18,-0.5536967667433107,-2.9405,48.71875,-45.77875,45.7785,2.9402500000000003,-48.719,-0.314,9.1551647,-94.828995,43.316994,-17.519741547901333,-124.2895117409051,36.93500466423286,0.8939576749340848,-0.02720175495939937,0.0,-0.44732509425872097
60.02949905395508,0,0,0,0,0,0,0,0,0,1,-2.9405,48.71875,-45.77875,45.7785,2.9402500000000003,-48.719,-0.314,0,0,0,0,0,0,0,0,0,1
60.1005973815918,8.500021933333334,-85.76195799999999,40.64870199999999,-36.90421229322655,-88.17196157086309,40.952437132629896,0.83802884052175,0.06690230242351441,0.0,-0.5415087666734529,-2.9405,48.71875,-45.77875,45.7785,2.9402500000000003,-48.719,-0.314,9.1551647,-94.828995,43.316994,-18.036928761874776,-124.54086487421158,37.01462242656884,0.8972252542261829,-0.02690075717642033,0.0,-0.44075298347498076
60.2287802696228,8.500021933333334,-85.76195799999999,40.64870199999999,-37.06543016126017,-88.35503474545177,40.88466537027479,0.8397234497883177,0.0692019325060755,0.0,-0.5385866879277942,-2.808250000000001,48.745000000000005,-45.62025,45.7785,2.9665,-48.58675,-0.314,9.1551647,-94.828995,43.316994,-18.093928404553765,-124.6352027120443,36.99337594244759,0.8979610795433479,-0.027301857079333337,2.8977705974611766e-18,-0.4392271715472129
60.309370040893555,8.500021933333334,-85.76195799999999,40.64870199999999,-37.06955305178519,-88.29856803566179,40.786204654965516,0.8396223526980782,0.06890183432693851,-8.264303447388568e-18,-0.5387827410711361,-3.607750000000003,48.323,-45.50725,45.11125,3.21175,-48.719,-0.314,9.1551647,-94.828995,43.316994,-18.096646018741012,-124.58770283685797,36.874479447838155,0.8978514439309698,-0.02800160439971837,-5.7962488818256404e-18,-0.4394072083866105
60.35810565948486,0,0,0,0,0,0,0,0,0,1,-2.805250000000001,48.80125,-45.1505,45.57325,3.228,-48.3785,-0.314,0,0,0,0,0,0,0,0,0,1
60.43222904205322,0,0,0,0,0,0,0,0,0,1,-3.286999999999999,48.372,-45.085,45.085,3.287,-48.372,-0.314,0,0,0,0,0,0,0,0,0,1
60.484854221343994,8.500021933333334,-85.76195799999999,40.64870199999999,-37.19788257814551,-88.41164933618322,40.84657146817038,0.8402357275709266,0.07040299359794482,0.0,-0.5376312310550825,-3.286999999999999,48.372,-45.085,45.085,3.287,-48.372,-0.314,9.1551647,-94.828995,43.316994,-18.14472921301993,-124.59204545542038,36.84861155090091,0.8981482445047344,-0.028001504115502236,9.657222438448262e-19,-0.4388002354834525
60.5969877243042,8.500021933333334,-85.76195799999999,40.64870199999999,-37.21800191326099,-88.43865672364872,40.822784636166105,0.8405291480726654,0.0709024587725782,1.2383081395484238e-17,-0.5371066864043325,-3.426499999999997,48.23275,-44.39125,44.59875,3.634,-48.02525,-0.314,9.1551647,-94.828995,43.316994,-18.16365998966333,-124.5802506493647,36.847027806670724,0.8983217175315246,-0.02800067693519167,-1.9310715104869217e-18,-0.438445040914346
60.67847800254822,0,0,0,0,0,0,0,0,0,1,-3.3172500000000014,47.35175,-43.2155,43.625,3.72675,-46.94225,-0.314,0,0,0,0,0,0,0,0,0,1
60.725242137908936,8.500021933333334,-85.76195799999999,40.64870199999999,-37.20977982784265,-88.42115875513191,40.8548192800561,0.8406248218126271,0.07140210834811038,0.0,-0.536890722471467,-3.112499999999997,45.502,-42.7815,42.5855,2.9165,-45.698,-0.314,9.1551647,-94.828995,43.316994,-18.18286109867401,-124.55899986618762,36.855956503502945,0.8984236162807373,-0.02780073077983582,-1.930852489339221e-18,-0.4382489304917348
60.806554555892944,0,0,0,0,0,0,0,0,0,1,-2.2212499999999977,41.03325,-40.237,39.5245,1.50875,-41.74575,-0.314,0,0,0,0,0,0,0,0,0,1
60.86035418510437,8.500021933333334,-85.76195799999999,40.64870199999999,-37.263043546483885,-88.46164214351546,40.93742721878775,0.8408183980735865,0.07230158204177009,4.126273830237925e-18,-0.5364670564864399,-1.9597499999999997,37.7875,-40.58025,38.204,-0.4165,-40.16375,-0.314,9.1551647,-94.828995,43.316994,-18.206655598068266,-124.578018704085,36.87245212727436,0.8986272718025257,-0.027400831568427785,9.65207450524612e-19,-0.43785639289852585
60.979445457458496,8.500021933333334,-85.76195799999999,40.64870199999999,-36.161328940886335,-88.13855222265221,40.65611274911097,0.8374269702123681,0.0680021900817304,-8.285968986821087e-18,-0.5423022881244571,-0.11925000000000097,30.989,-35.65475,33.26225,-2.27325,-33.3815,-0.314,9.1551647,-94.828995,43.316994,-17.638234139897236,-124.46536088365207,36.852321022336525,0.8950399259600318,-0.03270145874736653,-8.72168426846717e-18,-0.4447855050844789
61.06160807609558,8.500021933333334,-85.76195799999999,40.64870199999999,-32.50788346466331,-86.18811300446418,40.0515277605281,0.82581931462991,0.049201150738425244,-1.050304494727289e-17,-0.5617843948973669,-1.7632499999999958,28.286,-34.595749999999995,30.559250000000002,-2.27325,-32.3225,-0.314,9.1551647,-94.828995,43.316994,-16.1829961824819,-123.68499934075992,37.32930985834065,0.8853594519159099,-0.03690247800259469,5.8780311394074384e-18,-0.4634402313356357
61.11271953582764,0,0,0,0,0,0,0,0,0,1,-1.5355000000000025,23.68,-29.340500000000002,25.7425,-2.0625,-27.278000000000002,-0.314,0,0,0,0,0,0,0,0,0,1
61.16088843345642,0,0,0,0,0,0,0,0,0,1,1.1340000000000003,22.75975,-25.75075,24.82225,-2.0625,-23.68825,-0.314,0,0,0,0,0,0,0,0,0,1
61.228012800216675,8.489292229818988,-84.23267694488156,40.32473751500416,-29.346483926581044,-84.74183914744467,39.174347681459324,0.8138217080379694,0.028600762902292846,-1.2789460827917896e-17,-0.5804103926426274,-1.027750000000001,19.3595,-24.51225,21.422,-2.0625,-22.44975,-0.314,9.1551647,-94.828995,43.316994,-15.063672543207304,-123.15767990124509,36.9693809774894,0.8767492627031515,-0.0482027084091387,-1.582868489107949e-17,-0.47852610090934844
61.351054668426514,8.481882325,-83.1765595,40.1010085,-23.547348792048524,-82.60248415828896,38.512084952774515,0.7825052515187867,-0.0018000120801710108,0.0,-0.6226413825807208,1.1557499999999994,15.742,-16.630750000000003,16.76425,-1.02225,-15.608500000000001,-0.314,9.1551647,-94.828995,43.316994,-13.217770364839055,-122.3112746233829,37.625310282752096,0.8602312025426674,-0.061402227198465206,4.033156367379653e-18,-0.5061936829584744
61.43790054321289,0,0,0,0,0,0,0,0,0,1,1.0222500000000014,14.237250000000001,-15.2595,15.259500000000001,-1.02225,-14.23725,-0.314,0,0,0,0,0,0,0,0,0,1
61.48872113227844,8.48679854406422,-83.00147643895139,40.07253511378786,-22.174651115966014,-82.42800183872384,38.304824222685866,0.7750127046472931,-0.006400104915797,0.0,-0.631913242694244,1.3057500000000015,14.335,-14.70275,15.171750000000001,-0.83675,-13.866,-0.314,9.1551647,-94.828995,43.316994,-12.675481199019657,-122.30398687291408,37.38537414681585,0.8567347814886297,-0.06370258618048993,-4.049616085301492e-18,-0.5118080643185952
61.53591346740723,0,0,0,0,0,0,0,0,0,1,1.26525,12.5265,-12.24025,13.016,-0.4895,-11.75075,-0.314,0,0,0,0,0,0,0,0,0,1
61.59887504577637,8.486028953325693,-83.02888414810668,40.07699237129349,-21.889887874330128,-82.4558005767986,38.3561771814564,0.7731138444137504,-0.007100127144402572,0.0,-0.6342275394291267,0.9697500000000012,10.758750000000001,-11.7295,11.729000000000001,-0.9702500000000001,-10.75925,-0.314,9.1551647,-94.828995,43.316994,-12.624356443684718,-122.31828705565601,37.551752523311976,0.8559439180865573,-0.062003181354558436,0.0,-0.5133377198224834
61.72608923912048,8.488713294541439,-82.93328574803284,40.06144540661134,-21.872756485769145,-82.37183733702534,38.271579959913666,0.7729076367982618,-0.007800077069512801,1.122206194754931e-18,-0.634470601191762,1.1397499999999994,4.33125,-5.966,5.7185,-1.38725,-4.57875,-0.314,9.1551647,-94.828995,43.316994,-12.685247968508236,-122.3568673157958,37.613427362040696,0.8560425635712073,-0.06150305801358556,0.0,-0.5132333808409318
61.80491042137146,0,0,0,0,0,0,0,0,0,1,1.629,2.939,-4.0845,4.32625,-1.38725,-2.69725,-0.314,0,0,0,0,0,0,0,0,0,1
61.84864139556885,8.490737097200029,-82.86121134292688,40.04972409924842,-21.6868164871195,-82.29897843802127,38.296437508828895,0.7721138662037774,-0.008300149060343674,-1.123359877284587e-18,-0.6354300001899748,1.38725,1.38725,-2.7745,2.7745,-1.38725,-1.38725,-0.314,9.1551647,-94.828995,43.316994,-12.595026632170232,-122.34117181413838,37.72529228816641,0.8558153530290077,-0.06120109792635579,-4.053966711013208e-18,-0.5136482328719174
61.908764362335205,0,0,0,0,0,0,0,0,0,1,1.5045,1.374,-0.9684999999999999,1.9235,-0.5495,-0.419,-0.314,0,0,0,0,0,0,0,0,0,1
61.967379570007324,8.493398925290848,-82.76641471079189,40.03430752438261,-21.65978740443515,-82.21594004145628,38.21292671081356,0.7716046753041474,-0.008600052109403405,-1.6861517932998091e-18,-0.6360442312862342,0.34675,0.34675,-0.6935,0.6935,-0.34675,-0.34675,-0.314,9.1551647,-94.828995,43.316994,-12.560863938793972,-122.22634148858482,37.60385544567394,0.8553377427832788,-0.061402709466728995,0.0,-0.5144191414017855
62.104708194732666,8.494105854666673,-82.74123858307101,40.030213184224124,-21.65324092772184,-82.1800192612144,38.27590957506612,0.7713105999150283,-0.00860011818912128,-2.2490595567698843e-18,-0.6364008142875467,1.0045,-0.9650000000000001,0.27249999999999996,-0.1165,-0.8485,1.121,-0.314,9.1551647,-94.828995,43.316994,-12.584288022075327,-122.20172014961068,37.562081027789915,0.8552381155209096,-0.06110272317390972,-1.2170108729919404e-17,-0.5146204649846098
62.17129731178284,0,0,0,0,0,0,0,0,0,1,2.19275,-4.20725,0.7134999999999998,-1.364,-2.8432500000000003,3.55675,-0.314,0,0,0,0,0,0,0,0,0,1
62.22860670089722,8.493372003387709,-82.76737349011991,40.03446344862757,-21.582011127786217,-82.21437195251862,38.242053878333046,0.7711142475335253,-0.008800162596673614,-3.3744483677849326e-18,-0.6366359826377059,1.3450000000000002,-8.315,0.8360000000000003,-3.903,-4.412,5.248,-0.314,9.1551647,-94.828995,43.316994,-12.517875475646406,-122.25210338187841,37.46642067245355,0.8552232994392295,-0.06170168098152533,2.0283865946054864e-17,-0.5145736202530519
62.307490825653076,0,0,0,0,0,0,0,0,0,1,2.3465,-14.12175,0.6307499999999999,-6.203,-7.91875,8.5495,-0.314,0,0,0,0,0,0,0,0,0,1
62.35939979553223,8.493939078475224,-82.74717804299489,40.03117910597173,-21.553129042517924,-82.18877855077912,38.27685047210251,0.7709179827117846,-0.00890020760946281,-1.1251024848809055e-18,-0.6368722401204979,7.801,-15.135,5.151,-6.2425,-8.8925,14.0435,-0.314,9.1551647,-94.828995,43.316994,-12.499755696104728,-122.23553025656986,37.49954173987096,0.8551187594356079,-0.06160135139893982,-4.057269137965707e-18,-0.5147593425739169
62.48231816291809,8.49517183441918,-82.70327546636553,40.02403932321611,-21.551075872442595,-82.14003123761879,38.29964266270123,0.770801519205511,-0.008800017344328614,-5.626362405735917e-19,-0.6370145820035957,6.547500000000001,-26.377000000000002,3.5005000000000024,-11.665000000000001,-14.712,18.212500000000002,-0.314,9.1551647,-94.828995,43.316994,-12.555128459182441,-122.16205277697871,37.69837563311373,0.8550301000774789,-0.060002112286138866,4.0576898423099135e-18,-0.5150954032824385
62.56523585319519,8.497126102086433,-82.63367743567943,40.01272074336343,-21.515885464098858,-82.10133787155428,38.10402962994729,0.770604860685369,-0.009200058030502719,2.251119301835132e-18,-0.6372468184466034,9.6915,-31.67275,6.796749999999999,-14.389000000000001,-17.28375,24.0805,-0.314,9.1551647,-94.828995,43.316994,-12.552164208259626,-122.08857724118968,37.64187289993221,0.8549230454990828,-0.06000161741717742,-4.058197951522336e-18,-0.5152731238691729
62.65373158454895,0,0,0,0,0,0,0,0,0,1,17.219749999999998,-31.911250000000003,14.4405,-14.566,-17.34525,31.78575,-0.314,0,0,0,0,0,0,0,0,0,1
62.719950675964355,8.496910786201864,-82.64134555698776,40.01396779363903,-21.462444351578682,-82.09987666627117,38.17067730336299,0.7704172042143022,-0.0097002166158862,-5.62916906089194e-19,-0.6374662636157485,16.99225,-35.667,13.967749999999999,-16.32125,-19.34575,33.3135,-0.314,9.1551647,-94.828995,43.316994,-12.54686704977729,-122.15330165348627,37.53851579778207,0.8548414448786321,-0.06150298182035081,0.0,-0.5152314890852637
62.78307056427002,0,0,0,0,0,0,0,0,0,1,17.126250000000002,-44.02525,16.064000000000004,-21.4815,-22.54375,38.60775,-0.314,0,0,0,0,0,0,0,0,0,1
62.93725085258484,8.481882325,-83.1765595,40.1010085,-25.866423233922802,-84.00587161045267,29.450771726086288,0.7951171892150658,-0.11370245807288766,1.7453764043907176e-17,-0.5957016085616323,22.703500000000002,-47.01225,24.244250000000005,-24.276500000000002,-22.73575,46.980000000000004,-0.314,9.1551647,-94.828995,43.316994,-13.776209573211304,-123.04609191250667,34.723743602119455,0.8542605559508524,-0.17341229267370373,-8.122690267706146e-18,-0.4900684434813064
63.03233551979065,0,0,0,0,0,0,0,0,0,1,22.909250000000004,-52.795500000000004,29.335750000000004,-29.611,-23.1845,52.520250000000004,-0.314,0,0,0,0,0,0,0,0,0,1
63.11812925338745,8.481882325,-83.1765595,40.1010085,-28.02348989066303,-85.12209071423972,26.33749076370586,0.8045148978432649,-0.15380284808986228,0.0,-0.5736727839698236,22.834249999999997,-55.67425,30.616,-31.728,-23.94625,54.56225,-0.314,9.1551647,-94.828995,43.316994,-14.259338647130846,-123.10999152817718,33.4560673275719,0.8512191111594517,-0.2123047665638529,1.6303426022603538e-17,-0.4799507379837862
63.199668884277344,8.483167587679144,-83.35974516430446,40.13981474113951,-31.710517505292586,-87.69371788562549,21.012421650506568,0.8068228730130949,-0.24720700819141928,-5.160161519462481e-17,-0.5365869423345511,24.019999999999996,-56.715,32.61,-32.6525,-24.0625,56.6725,-0.314,9.1551647,-94.828995,43.316994,-15.54889041320422,-123.94062280654852,31.88705237480434,0.8438235100306773,-0.27640770108139284,1.6446315660617136e-17,-0.45995724442866054
63.275272369384766,0,0,0,0,0,0,0,0,0,1,24.469500000000004,-57.7705,33.4895,-33.39525,-24.37525,57.86475,-0.314,0,0,0,0,0,0,0,0,0,1
63.416597843170166,8.493010299993886,-84.76260531358894,40.43699809031069,-33.66057649263118,-90.02190126124177,17.006509505263736,0.7879430563481702,-0.334218263017589,1.7612678601589514e-17,-0.5171497777416229,25.017250000000004,-59.76475,34.333000000000006,-34.54025,-25.2245,59.557500000000005,-0.314,9.1551647,-94.828995,43.316994,-16.185128721980305,-124.54589955749466,30.81703327721317,0.8348611178258959,-0.31852331819303775,-1.662286997381589e-17,-0.4489429916033798
63.50347542762756,8.496953807125793,-85.32466471620774,40.55606533716961,-34.3676589225536,-91.05409424536904,14.92985063081818,0.7723279862362994,-0.38111381011867645,0.0,-0.5081945940415029,27.00625000000001,-68.063,37.99025,-39.5235,-28.5395,66.52975,-0.314,9.1551647,-94.828995,43.316994,-16.494061764521234,-124.80531101434114,30.55729096013104,0.8315616219909219,-0.33512483406994337,1.6688826709665014e-17,-0.4429408701185974
63.60143709182739,8.500021933333334,-85.76195799999999,40.64870199999999,-37.329777367911475,-96.67329691999782,8.046035146864867,0.6827283664280623,-0.5507228817810663,-4.065390714735076e-17,-0.4801940078314464,28.506750000000004,-68.77075,40.19550000000001,-40.22975,-28.541,68.7365,-0.314,9.1551647,-94.828995,43.316994,-18.12414535057181,-126.14909315529519,28.984498201964414,0.8079707138538208,-0.4158363941334554,-1.717610251195967e-17,-0.4174487020804267
63.651861906051636,0,0,0,0,0,0,0,0,0,1,28.888749999999995,-68.42525,39.5385,-39.5375,-28.88775,68.42625,-0.314,0,0,0,0,0,0,0,0,0,1
63.77824521064758,8.500021933333334,-85.76195799999999,40.64870199999999,-37.04241419310205,-98.80383440263049,4.718929431553008,0.622335863834608,-0.6148354316013449,-1.3379708881604112e-16,-0.4844331374223071,29.840500000000006,-68.67775,38.847750000000005,-38.8425,-29.835250000000002,68.683,-0.314,9.1551647,-94.828995,43.316994,-18.520492724332627,-126.5920603161141,27.708062205234086,0.7944236629542781,-0.44621329105009955,-1.7469001056950102e-17,-0.4120494419709202
63.93037247657776,8.500021933333334,-85.76195799999999,40.64870199999999,-36.98791770660415,-98.50874448559779,4.749785125112268,0.6244225074302979,-0.6121220640584325,8.889998449880406e-17,-0.485183584746335,30.518250000000002,-68.31125,38.5045,-38.14875,-30.1625,68.667,-0.314,9.1551647,-94.828995,43.316994,-18.50357090838,-126.43679810020214,27.778114303382353,0.7949359446323643,-0.4447201089168604,0.0,-0.4126752581103288
63.97650337219238,8.500021933333334,-85.76195799999999,40.64870199999999,-36.986526720781114,-98.56477121622922,4.50532844057858,0.6192271339044787,-0.6171270418805778,1.7929172735450874e-16,-0.485501772207036,29.65925,-68.77225,38.291,-38.702,-30.07025,68.36125,-0.314,9.1551647,-94.828995,43.316994,-18.51974474684937,-126.48125001435719,27.703532574539963,0.793626774750507,-0.44771510465700853,6.994616738921e-17,-0.4119559775765754
64.06900238990784,8.500021933333334,-85.76195799999999,40.64870199999999,-37.01619610751945,-98.69242807470125,4.666955956724891,-0.617932992421568,0.6190330511554466,-4.483698497813995e-17,0.48472352785284156,30.190499999999993,-68.32575,38.80024999999999,-38.46775,-29.858,68.65825,-0.314,9.1551647,-94.828995,43.316994,-18.500543637838746,-126.50250079753427,27.69460387770775,0.7931409989913961,-0.4488232005388206,-1.7497251844832445e-17,-0.41168566938505374
64.15580534934998,0,0,0,0,0,0,0,0,0,1,28.895250000000004,-66.4715,37.70125,-37.63875,-28.83275,66.534,-0.314,0,0,0,0,0,0,0,0,0,1
64.21519351005554,8.500021933333334,-85.76195799999999,40.64870199999999,-37.08812741569423,-98.75410258216444,4.625457257547197,-0.6172192751674013,0.6200193626114531,1.3429697823657716e-16,0.48437212589982426,27.45975,-60.70625,35.3125,-34.2795,-26.426750000000002,61.73925,-0.314,9.1551647,-94.828995,43.316994,-18.516393529439313,-126.5180956378073,27.6416361338148,0.7928440344629214,-0.44952496656292024,-1.7503805546339736e-17,-0.4114919700956063
64.36840009689331,8.500021933333334,-85.76195799999999,40.64870199999999,-37.20391405847943,-98.59893908383474,4.8919487998869755,0.6196240367557493,-0.6175239552883719,1.3438266094849674e-16,-0.484489646658744,25.93425,-57.68275,32.06399999999999,-31.90625,-25.776500000000002,57.8405,-0.314,9.1551647,-94.828995,43.316994,-18.2574074267186,-126.10271516761779,28.397139451863538,0.8008373645156801,-0.43132012402049574,-1.0397457778114993e-16,-0.41547859898016853
64.44575119018555,8.500021933333334,-85.76195799999999,40.64870199999999,-35.35723325240065,-96.21979177625694,6.661476445702547,0.6412249749763729,-0.585422801545803,2.1642618970550557e-16,-0.49609542922386757,25.48075,-57.4005,31.89275,-31.90625,-25.49425,57.387,-0.314,9.1551647,-94.828995,43.316994,-17.47239271189801,-125.45488923989653,28.700245810898195,0.8091539569287008,-0.4053270284800424,3.4301971062442225e-17,-0.42541729392464184
64.53087997436523,0,0,0,0,0,0,0,0,0,1,24.869,-56.26775,31.02675,-31.21275,-25.055,56.08175,-0.314,0,0,0,0,0,0,0,0,0,1
64.60166907310486,8.500021933333334,-85.76195799999999,40.64870199999999,-34.46452402774008,-95.24646360408752,8.10144259442525,0.6487115633873818,-0.5736102246940067,-4.278569580399865e-17,-0.5001445967457713,23.996250000000003,-55.25175,31.17,-31.21275,-24.039,55.209,-0.314,9.1551647,-94.828995,43.316994,-17.010099693866977,-125.28543822730364,29.235102352235245,0.8144308650469028,-0.3903147920282493,3.407971972431383e-17,-0.4293678250438637
64.65510320663452,0,0,0,0,0,0,0,0,0,1,23.597250000000003,-53.692,29.53275,-29.81375,-23.87825,53.411,-0.314,0,0,0,0,0,0,0,0,0,1
64.78456950187683,8.500021933333334,-85.76195799999999,40.64870199999999,-33.65006378930423,-94.44674173778333,8.173549851771114,0.6525122340885533,-0.5643105803772729,8.507296619318917e-17,-0.5057483101692289,23.83825,-51.8485,27.74475,-27.8775,-23.971,51.71575,-0.314,9.1551647,-94.828995,43.316994,-16.795319193795365,-124.97721784939725,29.65779554526327,0.8181564991599011,-0.37852613975311394,0.0,-0.4328254895521068
64.8596978187561,8.499209267465186,-85.64613052027144,40.62416498654976,-31.93890462017714,-92.47533189087127,9.726088905518381,0.6618244633838799,-0.5353197873215333,8.387594339960134e-17,-0.5248057783301054,23.3705,-51.143,27.7165,-27.744500000000002,-23.398500000000002,51.115,-0.314,9.1551647,-94.828995,43.316994,-16.16835700657498,-124.60844313167289,30.150769807637232,0.8246676758794983,-0.3517288644273824,1.6828339722439057e-17,-0.4429560139428415
64.9326524734497,0,0,0,0,0,0,0,0,0,1,22.853499999999997,-50.0355,27.133999999999997,-27.158,-22.8775,50.0115,-0.314,0,0,0,0,0,0,0,0,0,1
65.02544045448303,8.495598428155157,-85.13148553101138,40.515142058198364,-30.739833779851722,-91.75380677411587,10.553815083534019,0.6663114853528943,-0.5207089755714422,1.249666690088446e-16,-0.5337519716555236,22.239,-46.8545,24.8915,-24.7535,-22.101,46.9925,-0.314,9.1551647,-94.828995,43.316994,-15.75507481404469,-124.3141016241604,30.68617704170549,0.828519122137034,-0.33640776425696833,1.1725078161640046e-16,-0.4476448150050512
65.10184359550476,8.486002414316511,-83.76378677321503,40.22540733467194,-30.022349273698865,-89.9568608038968,12.266269802218304,0.6782263529665142,-0.49201911775217494,4.092376460193265e-17,-0.5458261645506862,21.67825,-46.13525,23.24,-23.8485,-22.28675,45.52675,-0.314,9.1551647,-94.828995,43.316994,-15.439827641011277,-124.09268490201964,31.40832235606463,0.8338468216745655,-0.31381762130184543,3.32861802601694e-17,-0.45411229728303665
65.23293876647949,8.481882325,-83.1765595,40.1010085,-28.407340358576448,-88.49836805644793,14.81040916744854,0.6981182596466374,-0.4460116656673834,1.9878849487247187e-17,-0.5600932865483719,21.153250000000003,-40.122,20.79125,-19.88,-20.242,41.03325,-0.314,9.1551647,-94.828995,43.316994,-14.794360967621543,-123.6166369860874,32.10016854943406,0.8390585942368379,-0.28331978515768313,-3.307942473418543e-17,-0.4644465252055456
65.30268597602844,0,0,0,0,0,0,0,0,0,1,20.549500000000002,-37.698499999999996,17.922500000000003,-17.53575,-20.16275,38.08525,-0.314,0,0,0,0,0,0,0,0,0,1
65.37319159507751,8.481882325,-83.1765595,40.1010085,-27.16682542363739,-86.93507054472022,18.00213653456798,0.716531941708103,-0.3942175735119807,-1.9367996037597326e-17,-0.575477611420585,20.179750000000002,-33.914500000000004,17.668750000000003,-15.70175,-18.21275,35.8815,-0.314,9.1551647,-94.828995,43.316994,-14.234645097544274,-123.31432559581734,32.96511130366504,0.8447577016271172,-0.24581679064750261,-1.6428128185258287e-17,-0.4753509555869561
65.47583389282227,8.490045053026817,-82.88585735862392,40.05373222841482,-25.193162699279014,-84.87155192331699,22.027934138720497,0.7354167678060437,-0.3295075129073856,0.0,-0.5921038562341074,17.877250000000004,-27.438000000000002,11.26875,-10.41475,-17.02325,28.292,-0.314,9.1551647,-94.828995,43.316994,-13.58853186825732,-122.85518817916574,34.280987638117054,0.8504186489940181,-0.19620430260186544,1.6318771729936595e-17,-0.48815160870748403
65.56323862075806,8.506215792428655,-82.30996305511343,39.96007576146126,-24.049593336948845,-83.94744215481737,24.27011393733244,0.7422144799554665,-0.2959057728628704,1.8697813344529655e-17,-0.6012964654235576,17.075,-26.4465,10.581,-9.97625,-16.47025,27.05125,-0.314,9.1551647,-94.828995,43.316994,-13.107464031689688,-122.58791994548639,35.00420366938715,0.8515155896592155,-0.17220315271792944,0.0,-0.4952446615172384
65.67131018638611,0,0,0,0,0,0,0,0,0,1,12.348250000000002,-14.5225,7.536250000000001,-4.85525,-9.667250000000001,17.203500000000002,-0.314,0,0,0,0,0,0,0,0,0,1
65.78087878227234,8.507956595125973,-82.2479672284534,39.94999351189663,-23.506468190698143,-83.74800595856337,25.19862903098135,0.7442203751647248,-0.2838077700507242,-1.8647417177664296e-17,-0.6046397132578306,9.262250000000002,-14.217500000000001,4.60525,-4.78025,-9.43725,14.0425,-0.314,9.1551647,-94.828995,43.316994,-12.802250362812202,-122.53632427419976,35.21296789772818,0.8514251005961715,-0.16370482613060056,0.0,-0.4982730456048661
65.8400731086731,8.509012392753242,-82.21036673140159,39.94387862295242,-23.463696445416275,-83.72599882373214,25.10383312483522,0.7441110547999974,-0.28380421630458186,-7.460062698057634e-17,-0.6047759129894125,8.5315,-8.13075,4.25525,-1.9272500000000001,-6.2035,10.45875,-0.314,9.1551647,-94.828995,43.316994,-12.810649842109484,-122.51480005961614,35.03167764169081,0.8511493259932892,-0.1640095047149564,8.15238136482051e-18,-0.4986438681306772
65.91748547554016,0,0,0,0,0,0,0,0,0,1,3.1982500000000003,-1.1147500000000001,2.0835,0.0,-1.1147500000000001,3.1982500000000003,-0.314,0,0,0,0,0,0,0,0,0,1
65.98152256011963,8.511112663372344,-82.13556904557447,39.93171443423208,-23.25371664847708,-83.58777032289996,25.51759799337178,0.7448166794743712,-0.27970626376071644,9.31624397671131e-17,-0.6058155824917285,0.629,-0.60075,0.028249999999999997,0.0,-0.60075,0.629,-0.314,9.1551647,-94.828995,43.316994,-12.689539719672013,-122.43954694604841,35.28101537878962,0.851248232426125,-0.16010907191191567,8.151434140580628e-18,-0.49974146504257866
66.09940528869629,8.51191478754716,-82.10700271156178,39.927068752027665,-23.1447812533614,-83.53610059917341,25.673685530801933,0.745110747287557,-0.277704005531814,5.587540318671044e-17,-0.6063748507220303,-0.099,-0.017,-0.12100000000000001,0.0025,-0.0195,-0.1015,-0.314,9.1551647,-94.828995,43.316994,-12.62701191013025,-122.41064265260931,35.38028679891996,0.8513197011538657,-0.15810365881877853,0.0,-0.5002579329659932
66.17999601364136,0,0,0,0,0,0,0,0,0,1,0.34675,0.34675,-0.6935,0.6935,-0.34675,-0.34675,-0.314,0,0,0,0,0,0,0,0,0,1
66.23701429367065,8.512379743422482,-82.09044407232287,39.92437585571106,-23.12665432856238,-83.49599752585094,25.81881705083609,0.7455197180225499,-0.27580729474261473,1.8614917181029795e-17,-0.6067377408784935,0.34675,0.34675,-0.6935,0.6935,-0.34675,-0.34675,-0.314,9.1551647,-94.828995,43.316994,-12.633497627084637,-122.38472043383389,35.461440813296,0.8514532040752076,-0.15610975470535582,8.149471833209904e-18,-0.5006567544295157
66.31630873680115,8.512946187462255,-82.0702710989259,39.92109516790986,-23.08306444092139,-83.47882837437008,25.804494274119506,0.7456287107615757,-0.27471057785166947,3.722439226794221e-17,-0.6071012469962753,0.5177499999999999,0.38549999999999995,-0.45625000000000004,0.67975,-0.29425,-0.162,-0.314,9.1551647,-94.828995,43.316994,-12.62337606983823,-122.40988435715306,35.53189882236589,0.8516176056911733,-0.15490320235035548,-3.259159443175494e-17,-0.5007518862455121
66.4048273563385,0,0,0,0,0,0,0,0,0,1,0.0,0.0,0.0,0.0,0.0,0.0,-0.314,0,0,0,0,0,0,0,0,0,1
66.52762508392334,8.514395257099057,-82.01866486568652,39.91270255584803,-23.044231047028234,-83.41584676483544,25.872503717428245,0.7457201797983577,-0.27370740674642685,-5.582973956089132e-17,-0.6074419058096429,0.0,0.0,0.0,0.0,0.0,0.0,-0.314,9.1551647,-94.828995,43.316994,-12.617694204728195,-122.38390869655036,35.59429258379383,0.8516258638222495,-0.15380467103788392,1.6295639197156905e-17,-0.5010763527007992
66.59738636016846,8.513884021434377,-82.03687168355212,39.915663491952735,-23.04822301291847,-83.4131853411354,26.00318264087123,0.7461152757406888,-0.2727055832924352,1.8600058541942594e-17,-0.6074073263861149,0.0,0.0,0.0,0.0,0.0,0.0,-0.314,9.1551647,-94.828995,43.316994,-12.598763428084794,-122.39570350260604,35.59587632802401,0.8516371530951548,-0.15330668808065667,-8.14771159136118e-18,-0.501209755349714
66.64678144454956,0,0,0,0,0,0,0,0,0,1,0.0,0.0,0.0,0.0,0.0,0.0,-0.314,0,0,0,0,0,0,0,0,0,1
66.72300410270691,8.514512965022977,-82.01447289145585,39.912020823985756,-22.951739822749175,-83.3991729781425,25.964521967078426,0.7460048772748018,-0.2725017815782621,1.1161686656937798e-16,-0.6076343490281643,-0.13524999999999998,-0.058499999999999996,-0.60375,0.20500000000000002,-0.2635,-0.34025,-0.314,9.1551647,-94.828995,43.316994,-12.585414432805692,-122.38037781527149,35.48730871023324,0.8514260530307048,-0.1536047001944048,-1.6299463421885665e-17,-0.5014770905023902
66.81214261054993,8.515839286909907,-81.96723811756436,39.904339133069456,-22.922811268236757,-83.3587964734135,25.91943453424298,0.745809010500939,-0.27230328983562024,0.0,-0.6079636816457942,0.34675,0.34675,-0.6935,0.6935,-0.34675,-0.34675,-0.314,9.1551647,-94.828995,43.316994,-12.581685654025335,-122.3500533138362,35.479152680469404,0.8513261092555954,-0.15350470782419107,8.150688471160174e-18,-0.501677346882974
66.93362808227539,0,0,0,0,0,0,0,0,0,1,0.30725,1.34325,-1.9155000000000002,1.7830000000000001,-0.43975000000000003,-1.4757500000000001,-0.314,0,0,0,0,0,0,0,0,0,1
67.03716039657593,8.515731761111224,-81.97106747214134,39.90496189286792,-22.955909182518354,-83.35748937134204,25.945945278374026,0.7459103841019012,-0.27200378666807495,1.8605167730066846e-17,-0.6079733866931861,0.37849999999999984,3.5135,-4.064500000000001,3.97825,-0.46475,-3.5997500000000002,-0.314,9.1551647,-94.828995,43.316994,-12.568159264867319,-122.37374980960209,35.51984067482601,0.8514160430915821,-0.15310288489231996,-2.444948257744134e-17,-0.5016475139018652
67.10735702514648,8.514046755608149,-82.0310761734438,39.91472098045777,-22.975527176886118,-83.39466186802598,26.09302804346659,0.7463077081141585,-0.2714028031383928,-5.578578778001172e-17,-0.6077543280454816,0.37875000000000014,6.416,-6.734249999999999,6.7645,-0.34850000000000003,-6.38575,-0.314,9.1551647,-94.828995,43.316994,-12.554903208076553,-122.38799032824657,35.57104111024501,0.8515400300817938,-0.15250716921605814,-2.4445922653480142e-17,-0.5016185208961111
67.17724847793579,0,0,0,0,0,0,0,0,0,1,0.30825000000000014,7.63975,-7.481,7.7145,-0.07475,-7.40625,-0.314,0,0,0,0,0,0,0,0,0,1
67.22994804382324,8.513449876221973,-82.05233305167556,39.91817794139924,-23.007806948808593,-83.39819274930485,26.20001191702717,0.7465221733515487,-0.27080804359490873,1.8589920438008463e-17,-0.6077562407896591,0.18349999999999866,12.302,-12.268,12.37675,-0.07475,-12.19325,-0.314,9.1551647,-94.828995,43.316994,-12.576374205028287,-122.36771783010502,35.599816483552765,0.8515574122593592,-0.15191024183464083,8.14847455263985e-18,-0.5017701187315611
67.35039329528809,8.51463571277285,-82.01010143210796,39.91130990284023,-22.941834983368466,-83.37656787333685,26.07761884322258,0.7463104198145806,-0.2709037822963552,-1.8595195027911263e-17,-0.6079735997670568,0.1595000000000013,15.11625,-17.100749999999998,16.18825,-1.072,-16.02875,-0.314,9.1551647,-94.828995,43.316994,-12.567024320896792,-122.37326066708434,35.50991733658824,0.851431679681764,-0.15220566319892476,-8.149677853777708e-18,-0.5018939439009654
67.44041395187378,8.515152986071762,-81.99167959382346,39.90831399842166,-22.930208066038546,-83.35760247726677,26.079883472399274,0.7463091208417415,-0.27070330833694134,-7.438090957356697e-17,-0.6080644826034997,0.4397500000000001,20.855,-22.55925,21.927,-1.072,-21.48725,-0.314,9.1551647,-94.828995,43.316994,-12.550540826073387,-122.34701157507509,35.382092145146586,0.8512289692903005,-0.15270519691098317,1.6303237211704453e-17,-0.5020860132261707
67.5380585193634,0,0,0,0,0,0,0,0,0,1,0.7162499999999987,22.9315,-28.38475,26.01625,-3.08475,-25.3,-0.314,0,0,0,0,0,0,0,0,0,1
67.60477113723755,8.514669039070755,-82.0089145707874,39.91111688610544,-22.90704716986707,-83.34923789110559,26.24418078396245,0.7465182205510561,-0.2702065950340192,3.7180037742602746e-17,-0.6080287348352923,1.4837500000000006,27.34725,-32.16,30.4955,-3.14825,-29.01175,-0.314,9.1551647,-94.828995,43.316994,-12.513436655386784,-122.30392020481878,35.44892338280603,0.8512399315777169,-0.15220714002129754,4.075756814560173e-17,-0.5022186430371748
67.66812634468079,0,0,0,0,0,0,0,0,0,1,2.4810000000000016,28.84225,-33.91825,32.62075,-3.7785,-30.13975,-0.314,0,0,0,0,0,0,0,0,0,1
67.81318831443787,8.517083487074583,-81.92292797382522,39.89713306854075,-22.890780392909363,-83.27521977097152,26.158994459595064,0.7465207806547448,-0.26970750775965796,-1.8589955119056138e-17,-0.6082471408142454,3.607499999999998,30.147249999999996,-34.24725,34.001,-3.8537500000000002,-30.3935,-0.314,9.1551647,-94.828995,43.316994,-12.491093901574402,-122.29071763530727,35.53274756493968,0.8515089365337949,-0.15100158475232303,2.444681531641859e-17,-0.5021265302743647
67.85923290252686,8.49860255939797,-82.58109583542223,40.0041695094359,-24.778948140556395,-83.65292299452949,27.667789618541278,0.7609138852741102,-0.2504045694212607,0.0,-0.5985880142552232,4.125250000000001,30.555500000000002,-34.68075,34.68075,-4.12525,-30.555500000000002,-0.314,9.1551647,-94.828995,43.316994,-13.125207587701425,-122.61194759295417,35.60562518411473,0.8570539429402497,-0.14030883103210853,8.096216067920223e-18,-0.4957539418148631
67.94843292236328,8.48534598318981,-83.0532070068795,40.080947946135936,-25.93879378524602,-83.9209133626355,28.80173813725669,0.7719106651207023,-0.23610326212592023,5.393546857774435e-17,-0.5902619542935271,4.027249999999999,30.505,-35.32475,34.9285,-4.4235,-30.90125,-0.314,9.1551647,-94.828995,43.316994,-13.585017597625523,-122.70179276354253,35.760229841533274,0.8611295634202687,-0.13000446318039127,8.057897671457304e-18,-0.49148216097514225
68.0255913734436,0,0,0,0,0,0,0,0,0,1,4.69125,31.1215,-36.76175,36.28725,-5.16575,-31.596,-0.314,0,0,0,0,0,0,0,0,0,1
68.10642099380493,8.481882325,-83.1765595,40.1010085,-26.658861624055675,-84.04540504260888,28.90471448953909,0.7774105486539694,-0.22840309919290788,-3.570259712025481e-17,-0.5860587539834288,5.165499999999998,31.59575,-36.76175,36.7615,-5.16575,-31.596,-0.314,9.1551647,-94.828995,43.316994,-13.84566013313875,-122.82713934582685,35.54285067281907,0.8637295400538751,-0.12510427863927265,0.0,-0.4881805005369105
68.22115278244019,8.481882325,-83.1765595,40.1010085,-27.178229385181766,-84.14177366987803,29.596357617446216,0.7824161448092176,-0.22030454588633772,0.0,-0.5824868096392364,5.165499999999998,31.59575,-36.76175,36.7615,-5.16575,-31.596,-0.314,9.1551647,-94.828995,43.316994,-14.016607706533733,-122.87081857618318,35.68238221758888,0.8657373866889541,-0.12080521694816407,2.404503031957057e-17,-0.48570039823649264
68.28220915794373,0,0,0,0,0,0,0,0,0,1,5.165499999999998,31.59575,-36.76175,36.7615,-5.16575,-31.596,-0.314,0,0,0,0,0,0,0,0,0,1
68.35194420814514,8.481882325,-83.1765595,40.1010085,-27.140545225773877,-84.12634109888893,29.450269493759208,0.7818144038631792,-0.22140407906793033,0.0,-0.5828777502050865,5.165499999999998,31.59575,-36.76175,36.7615,-5.16575,-31.596,-0.314,9.1551647,-94.828995,43.316994,-14.01043879119075,-122.90206792082671,35.69162467088014,0.8656436835028015,-0.12100610640461992,-4.007938852986946e-18,-0.48581738896883403
68.4054536819458,0,0,0,0,0,0,0,0,0,1,5.165499999999998,31.59575,-36.76175,36.7615,-5.16575,-31.596,-0.314,0,0,0,0,0,0,0,0,0,1
68.47585964202881,8.481882325,-83.1765595,40.1010085,-27.28380641762999,-84.20675906904081,29.490384091907643,0.7829222817440363,-0.22000626131522294,0.0,-0.5819191917532964,5.165499999999998,31.59575,-36.76175,36.7615,-5.16575,-31.596,-0.314,9.1551647,-94.828995,43.316994,-14.0566153683842,-122.92554248321122,35.81619059173955,0.8661063564346604,-0.12010088143147753,1.602319126826707e-17,-0.48521702115945925
68.59366059303284,8.481882325,-83.1765595,40.1010085,-27.30874300625223,-84.24979699746984,29.404792601300073,0.7831065620514391,-0.22010184434621596,-3.544291027637406e-17,-0.5816350149254853,6.069249999999997,29.984499999999997,-36.49625,36.275,-6.2905,-30.205750000000002,-0.314,9.1551647,-94.828995,43.316994,-14.063378562963209,-122.91369423532826,35.79584659456125,0.8661175780521491,-0.12030244156526214,0.0,-0.48514705352348164
68.65632629394531,0,0,0,0,0,0,0,0,0,1,7.036250000000003,28.458000000000006,-36.46575,35.980000000000004,-7.522,-28.94375,-0.314,0,0,0,0,0,0,0,0,0,1
68.72674107551575,8.481882325,-83.1765595,40.1010085,-27.34459785870783,-84.19224317518767,29.50430133004332,0.7833261411571041,-0.21930731872303455,-5.314946257499323e-17,-0.5816394557923611,5.324250000000003,24.398250000000004,-36.365,33.04375,-8.6455,-27.7195,-0.314,9.1551647,-94.828995,43.316994,-14.080363398534331,-122.92977821811907,35.75280218890609,0.8661399718587682,-0.12070557049226803,2.002821174796986e-17,-0.4850069220131071
68.81506943702698,8.481882325,-83.1765595,40.1010085,-27.36302729460354,-84.19061347835046,29.67358718290997,0.783726152826664,-0.21840728821914435,-1.7707445078566614e-17,-0.5814392262552261,7.605,21.7785,-34.089,31.736250000000002,-9.95775,-24.13125,-0.314,9.1551647,-94.828995,43.316994,-14.082362954108135,-122.940212480276,35.76213642431921,0.8661565534890439,-0.1204078617250674,-8.011131331808367e-18,-0.48505130829921306
68.90423488616943,0,0,0,0,0,0,0,0,0,1,11.522499999999997,19.315999999999995,-34.0355,32.437,-13.121,-20.9145,-0.314,0,0,0,0,0,0,0,0,0,1
69.03937125205994,8.487073499307751,-82.99168435990445,40.070942648778086,-25.915216003717404,-83.8541254966133,28.827881380559532,0.7760023456745488,-0.22400067710193158,-3.5767386233223384e-17,-0.5896134803118686,16.960250000000002,17.989250000000002,-35.551500000000004,35.2505,-17.26125,-18.29025,-0.314,9.1551647,-94.828995,43.316994,-13.501296268756704,-122.70723493913748,35.72922787680154,0.8601282797217793,-0.13430441572681662,-1.613455589706157e-17,-0.4920789228763319
69.10855412483215,8.491822618858288,-82.82255227336957,40.04343705690683,-25.52405624943384,-83.74715217183099,28.484878823114514,0.7737124065639162,-0.2249036063541744,3.5873246157305915e-17,-0.5922731462576706,19.365750000000002,16.81425,-36.0085,36.09425,-19.28,-16.7285,-0.314,9.1551647,-94.828995,43.316994,-13.351048019198458,-122.66290429697946,35.778828861373896,0.8585245568406039,-0.13650390449474945,-8.082347614426508e-18,-0.4942694299259596
69.16003632545471,0,0,0,0,0,0,0,0,0,1,21.75725,16.883499999999998,-37.62325,38.132,-21.2485,-16.37475,-0.314,0,0,0,0,0,0,0,0,0,1
69.22670388221741,8.491131909241933,-82.84715076101784,40.047437456687646,-25.463574464710064,-83.74346524353834,28.67336850526287,0.7740121050223343,-0.22440350951810317,-3.585935599137434e-17,-0.5920712171646695,27.536750000000005,16.910750000000004,-43.3755,43.911500000000004,-27.00075,-16.37475,-0.314,9.1551647,-94.828995,43.316994,-13.319077903630017,-122.64117059355479,35.87425190809736,0.8587403898232054,-0.13570638278678118,-1.6160632447568425e-17,-0.49411407646131345
69.30618572235107,0,0,0,0,0,0,0,0,0,1,30.6045,16.52,-46.834,46.97925,-30.45925,-16.37475,-0.314,0,0,0,0,0,0,0,0,0,1
69.43810677528381,8.491944113068655,-82.81822545677069,40.04273339591672,-25.519811839391025,-83.67993288358636,28.871613295681,0.7746199738204146,-0.22270574253783412,-5.374682403050907e-17,-0.5919172648260331,32.945750000000004,16.01225,-47.7015,48.329750000000004,-32.3175,-15.384,-0.314,9.1551647,-94.828995,43.316994,-13.594090004132397,-122.68217595567073,35.95162700005214,0.8610298932046769,-0.12990451002007844,-1.6117660858628916e-17,-0.4916831716505926
69.52920079231262,8.486997048459191,-82.99440703121157,40.07138543102779,-26.009407870173504,-83.79656973052901,29.182726735727073,0.7773135301111842,-0.2195038207376881,-1.785352662757514e-17,-0.5895776018368118,39.362500000000004,15.463000000000001,-54.667500000000004,54.746500000000005,-39.283500000000004,-15.384,-0.314,9.1551647,-94.828995,43.316994,-13.699898044961088,-122.74645222273648,35.664271436354355,0.8615396074451988,-0.13020598594238525,-2.416218770655393e-17,-0.490709594391575
69.60748720169067,8.481882325,-83.1765595,40.1010085,-29.252228980456124,-84.79135556961631,31.554205679562898,0.8016165503333678,-0.15050310731683117,4.328063025284067e-17,-0.5785842383954213,39.87050000000001,15.218000000000004,-54.913,55.000750000000004,-39.78275,-15.13025,-0.314,9.1551647,-94.828995,43.316994,-15.117387535652199,-123.29961166251451,36.04928855021397,0.8730606757328332,-0.10820752017673836,1.1921669530155218e-17,-0.4754536665818546
69.65760040283203,0,0,0,0,0,0,0,0,0,1,40.358999999999995,15.130249999999997,-55.48925,55.48925,-40.359,-15.13025,-0.314,0,0,0,0,0,0,0,0,0,1
69.72826480865479,8.481882325,-83.1765595,40.1010085,-29.58406558961815,-84.76469972052696,31.930734470665513,0.8036286706319348,-0.1391049627736462,8.634452897817619e-18,-0.5786456334148664,40.358999999999995,15.130249999999997,-55.48925,55.48925,-40.359,-15.13025,-0.314,9.1551647,-94.828995,43.316994,-15.268176449944889,-123.3250303504297,36.020712447766414,0.8740122635799343,-0.10720150418280201,0.0,-0.4739307972824981
69.84360957145691,8.481882325,-83.1765595,40.1010085,-29.843481580512872,-84.93461560135913,32.12446608168743,0.8052249977203415,-0.13140407935972784,2.5852006297190765e-17,-0.5782263146674479,40.358999999999995,15.130249999999997,-55.48925,55.48925,-40.359,-15.13025,-0.314,9.1551647,-94.828995,43.316994,-15.26508841964474,-123.32889004874453,36.08133890072041,0.8742171491993054,-0.10680209509778749,1.1905898740826384e-17,-0.4736429969170477
69.93130946159363,8.481882325,-83.1765595,40.1010085,-29.792758082179887,-84.88565452088969,32.0722172604937,0.8051225997882523,-0.13120368288686965,8.618431411231235e-18,-0.5784143781988199,40.358999999999995,15.130249999999997,-55.48925,55.48925,-40.359,-15.13025,-0.314,9.1551647,-94.828995,43.316994,-15.333931697519319,-123.39442425452253,36.10046665449674,0.874760344152214,-0.10630733346676614,0.0,-0.47275055912170627
70.05604219436646,0,0,0,0,0,0,0,0,0,1,40.358999999999995,15.130249999999997,-55.48925,55.48925,-40.359,-15.13025,-0.314,0,0,0,0,0,0,0,0,0,1
70.11039614677429,8.481882325,-83.1765595,40.1010085,-29.82190335455806,-84.87826199749387,32.159943560403406,0.8054103792453486,-0.12970167145284547,3.4461407911871294e-17,-0.5783524854500082,39.8255,15.515999999999998,-55.637,55.48925,-39.97325,-15.66375,-0.314,9.1551647,-94.828995,43.316994,-15.371306200573173,-123.42805964765742,36.044147857899695,0.874934022626004,-0.10650414151293795,-7.930762462615198e-18,-0.4723847202144362
70.16664934158325,0,0,0,0,0,0,0,0,0,1,38.8855,15.902749999999997,-54.95225,54.87025,-38.9675,-15.98475,-0.314,0,0,0,0,0,0,0,0,0,1
70.33343434333801,8.481882325,-83.1765595,40.1010085,-29.89446826595568,-84.95059075669326,32.299237796560305,0.8062134266231238,-0.12820213506956646,-8.606770458997721e-18,-0.577567418831954,33.1265,17.209249999999997,-48.852250000000005,49.594,-32.384750000000004,-16.4675,-0.314,9.1551647,-94.828995,43.316994,-15.381026500817597,-123.46615698754961,36.19231704651965,0.8754488885159086,-0.10520587511066205,-7.926098250773136e-18,-0.4717212815195645
70.41327476501465,0,0,0,0,0,0,0,0,0,1,32.51775,16.627249999999997,-47.7855,48.46525,-31.838,-15.9475,-0.314,0,0,0,0,0,0,0,0,0,1
70.47340607643127,8.481882325,-83.1765595,40.1010085,-29.91312156497446,-84.9247219797451,32.39915206388446,0.8064199313626925,-0.1272031439351866,-8.604566472187573e-18,-0.5775000038735885,33.01775000000001,16.876250000000002,-40.9315,45.41275,-28.5365,-12.395,-0.314,9.1551647,-94.828995,43.316994,-15.380485836083096,-123.48506894179243,36.17129216439484,0.8755522110327887,-0.10520627367292902,7.92516290458819e-18,-0.4715293901078191
70.53957915306091,0,0,0,0,0,0,0,0,0,1,31.161499999999997,16.8675,-30.027,39.028,-22.1605,-7.8665,-0.314,0,0,0,0,0,0,0,0,0,1
70.65533971786499,8.481882325,-83.1765595,40.1010085,-27.781153162095393,-84.24348031461736,31.68899678310474,0.7975220137444572,-0.13530373474561141,8.700567237421228e-18,-0.5879213697059115,20.245,16.7395,-18.0715,27.528000000000002,-10.7885,-7.283,-0.314,9.1551647,-94.828995,43.316994,-14.426157572726197,-122.98490904915263,36.002776148678926,0.8668227053796995,-0.12000314333821409,8.004974789934399e-18,-0.4839603734058881
70.78196597099304,8.490634889715478,-82.8648512944879,40.050316056836834,-25.222667945667354,-83.35272750466328,31.22941781396206,0.7857161392303036,-0.14100289631089827,2.6493896042550368e-17,-0.6023025251358027,8.712250000000001,8.712250000000001,-14.566,15.99525,-7.283,-7.283,-0.314,9.1551647,-94.828995,43.316994,-13.333191426766689,-122.6133452465356,35.934472822470454,0.859240048507238,-0.12520583574616645,-1.211342613038499e-17,-0.4960141507420765
70.84761595726013,8.495446508814844,-82.69349338925373,40.0224484847998,-24.778614888855543,-83.24891096836893,30.86207735944079,0.7830226388013879,-0.1425041200883752,4.4308386246207015e-17,-0.60544869549975,7.283,7.283,-14.566,14.566,-7.283,-7.283,-0.314,9.1551647,-94.828995,43.316994,-13.128506528450231,-122.61141356554526,36.280450222035434,0.8587426687483657,-0.12260609198619962,-4.040147390149371e-18,-0.49752263775511396
70.93680953979492,0,0,0,0,0,0,0,0,0,1,7.28575,7.283,-14.56325,14.566,-7.283,-7.2802500000000006,-0.314,0,0,0,0,0,0,0,0,0,1
70.98071956634521,8.491984560721738,-82.81678498009106,40.04249913425495,-24.769212728062826,-83.29076540138946,31.38510680967181,0.783625435036478,-0.14080457025668214,0.0,-0.6050663191409035,8.042250000000001,7.58175,-10.2305,12.92725,-5.3455,-4.885,-0.314,9.1551647,-94.828995,43.316994,-13.170544586763583,-122.56967029464734,36.14669559225392,0.8585310645457761,-0.12300445071535288,8.082286349857819e-18,-0.49778942969302864
71.05815482139587,0,0,0,0,0,0,0,0,0,1,7.432250000000001,6.468500000000001,-2.18125,8.041,-1.5725,-0.60875,-0.314,0,0,0,0,0,0,0,0,0,1
71.18212342262268,8.493367719839778,-82.76752604163849,40.034488257756905,-24.625172717834374,-83.20643856956355,31.617359820174556,0.7830136036778729,-0.13980242885589608,0.0,-0.6060899086285656,0.631,-0.5705,0.0,0.03025,-0.60075,0.60075,-0.314,9.1551647,-94.828995,43.316994,-13.087039975760433,-122.52734344211747,36.158332494596436,0.8581279490562196,-0.12220398015927049,8.086083096977222e-18,-0.49868087017831225
71.23081874847412,8.493947492687518,-82.74687838465469,40.03113037317256,-24.56065249797618,-83.1906299619814,31.595286552275027,0.7826184840328251,-0.13970329953920993,1.773250707842007e-17,-0.6066228618738503,0.60075,-0.60075,0.0,0.0,-0.60075,0.60075,-0.314,9.1551647,-94.828995,43.316994,-13.063291945610331,-122.52310770720962,36.221720897429925,0.8580261190887204,-0.12130369259377825,-8.087042747925652e-18,-0.49907573886601947
71.31039905548096,8.496046125894626,-82.6721390125643,40.01897566789132,-24.391110200919,-83.13798389702144,31.47619078680539,0.7820217574354336,-0.13990389241076365,-8.873018989475018e-18,-0.6073457596673524,0.60075,-0.60075,0.0,0.0,-0.60075,0.60075,-0.314,9.1551647,-94.828995,43.316994,-13.027052386526975,-122.48996145659248,36.287963032264734,0.8578289046660243,-0.12060406377095192,8.088901954881929e-18,-0.4995840571129357
71.36345863342285,0,0,0,0,0,0,0,0,0,1,0.60075,-0.60075,0.0,0.0,-0.60075,0.60075,-0.314,0,0,0,0,0,0,0,0,0,1
71.4117534160614,0,0,0,0,0,0,0,0,0,1,0.60075,-0.60075,0.0,0.0,-0.60075,0.60075,-0.314,0,0,0,0,0,0,0,0,0,1
71.53907084465027,8.497755904426388,-82.61124806056527,40.00907310174523,-24.320584169081997,-83.0673425549546,31.53812526528324,0.781812554705681,-0.13960224179702357,1.775078658469338e-17,-0.6076844110143208,0.60075,-0.60075,0.0,0.0,-0.60075,0.60075,-0.314,9.1551647,-94.828995,43.316994,-12.987685473156745,-122.46942174931456,36.2229371408319,0.8576226092275996,-0.12090318733164268,1.2136271530008876e-17,-0.499865861441541
71.60670781135559,8.497688996099347,-82.61363089065375,40.009460616339624,-24.305598889084678,-83.06169283432074,31.59050390635153,0.7817093765669634,-0.13940167211645735,3.550625903647618e-17,-0.6078631625608062,0.60075,-0.60075,0.0,0.0,-0.60075,0.60075,-0.314,9.1551647,-94.828995,43.316994,-12.973294472395423,-122.48317312544128,36.26421423801315,0.8576166995686735,-0.12060234837684466,0.0,-0.4999486675519057
71.65819931030273,0,0,0,0,0,0,0,0,0,1,0.60075,-0.60075,0.0,0.0,-0.60075,0.60075,-0.314,0,0,0,0,0,0,0,0,0,1
71.72337436676025,8.49800869109987,-82.60224547870156,40.007609030984895,-24.28747910954303,-83.04511970901217,31.62362497376894,0.7816185777009232,-0.13920330861817878,0.0,-0.6080253595554529,0.60075,-0.60075,0.0,0.0,-0.60075,0.60075,-0.314,9.1551647,-94.828995,43.316994,-12.952958419414216,-122.5039347661006,36.24536220294317,0.8575534572171017,-0.1206075182978221,4.045750061124499e-17,-0.5000558914211861
71.78348755836487,0,0,0,0,0,0,0,0,0,1,0.60075,-0.60075,0.0,0.0,-0.60075,0.60075,-0.314,0,0,0,0,0,0,0,0,0,1
71.93261933326721,8.497999506782909,-82.60257256305358,40.0076622240181,-24.256651083202456,-83.04740509611916,31.61696090611342,0.7815220862156609,-0.13920393397468975,4.4393460058865446e-17,-0.6081492362266775,0.60075,-0.60075,0.0,0.0,-0.60075,0.60075,-0.314,9.1551647,-94.828995,43.316994,-12.943277443156632,-122.45709058118403,36.28908749354484,0.8575046308908124,-0.12030064967482769,2.8321862983347194e-17,-0.500213516099501
71.9912416934967,8.497774008773103,-82.61060330401563,40.008968246357504,-24.262603280679713,-83.06392477960046,31.565079585747895,0.7815040471712794,-0.13940072191385325,4.4394484769612826e-17,-0.6081273410929715,0.60075,-0.60075,0.0,0.0,-0.60075,0.60075,-0.314,9.1551647,-94.828995,43.316994,-12.937008444067942,-122.43524377183464,36.25057234624307,0.8573514514326093,-0.12040722588648799,4.046703304877211e-18,-0.5004503858333195
72.03341245651245,0,0,0,0,0,0,0,0,0,1,0.60075,-0.60075,0.0,0.0,-0.60075,0.60075,-0.314,0,0,0,0,0,0,0,0,0,1
72.10550546646118,8.498201229572306,-82.59538853748647,40.00649390120431,-24.211385586856466,-83.04865875636335,31.571689909034248,0.7814075638573222,-0.1394013493751097,4.439996632265902e-17,-0.6082511676429099,0.60075,-0.60075,0.0,0.0,-0.60075,0.60075,-0.314,9.1551647,-94.828995,43.316994,-12.91126800360135,-122.44410372278374,36.19261606104667,0.8573145617447829,-0.12070205016049845,8.0937548637753e-18,-0.5004425614467691
72.17450046539307,0,0,0,0,0,0,0,0,0,1,0.60075,-0.60075,0.0,0.0,-0.60075,0.60075,-0.314,0,0,0,0,0,0,0,0,0,1
72.30386137962341,8.498888161458192,-82.57092458749933,40.002515380997465,-24.218696591427317,-83.04142850225148,31.46036034136401,0.7812184167847507,-0.1397032934265613,-3.5528573084416175e-17,-0.608424831086059,0.60075,-0.60075,0.0,0.0,-0.60075,0.60075,-0.314,9.1551647,-94.828995,43.316994,-12.933927559025165,-122.46263341816335,36.19918834658033,0.8573462989759681,-0.12050650767129849,-8.093455249290962e-18,-0.5004353157412826
72.3515989780426,8.498325861909427,-82.59094996166152,40.005772065048724,-24.21052812051056,-83.06224358473807,31.460268559242138,0.7812212461001093,-0.13960379666612296,-8.882111103028099e-18,-0.6084440357158546,0.60075,-0.60075,0.0,0.0,-0.60075,0.60075,-0.314,9.1551647,-94.828995,43.316994,-12.957127779183423,-122.46225115930014,36.22678551423879,0.8573403234135579,-0.12020565365019208,-4.046755829866694e-18,-0.5005179024567111
72.4262638092041,0,0,0,0,0,0,0,0,0,1,0.60075,-0.60075,0.0,0.0,-0.60075,0.60075,-0.314,0,0,0,0,0,0,0,0,0,1
72.47474980354309,8.497994466956955,-82.6027520481708,40.00769141330135,-24.174064698304164,-83.05333641423186,31.59588227961943,0.7813138935744629,-0.13930247712136523,1.776211574111966e-17,-0.6083941317726235,0.60075,-0.60075,0.0,0.0,-0.60075,0.60075,-0.314,9.1551647,-94.828995,43.316994,-12.936738111700691,-122.44469974895605,36.240059905180665,0.8572504126756159,-0.1203070749473596,-2.428308158726863e-17,-0.5006475184050119
72.52604079246521,0,0,0,0,0,0,0,0,0,1,0.60075,-0.60075,0.0,0.0,-0.60075,0.60075,-0.314,0,0,0,0,0,0,0,0,0,1
72.67316770553589,8.498556135457981,-82.58274914773665,40.00443838410473,-24.167525366848224,-83.04094558200389,31.54685469125525,0.7812145583061372,-0.13940259783394204,0.0,-0.6084987507034796,0.60075,-0.60075,0.0,0.0,-0.60075,0.60075,-0.314,9.1551647,-94.828995,43.316994,-12.915537447116208,-122.45551626997619,36.22179697293532,0.8572401208664832,-0.1205056399491498,-4.047228853972397e-18,-0.5006173847533298
72.71967935562134,8.499213263045203,-82.55934662885629,40.00063248218351,-24.178234058073315,-83.0116528074314,31.57730559091506,0.7812078677375613,-0.13920140193173133,-2.664678963360727e-17,-0.6085533970697835,0.60075,-0.60075,0.0,0.0,-0.60075,0.60075,-0.314,9.1551647,-94.828995,43.316994,-12.929110305518407,-122.44660287719982,36.26099300518361,0.8573240475222352,-0.12010336884103634,4.046832655611042e-18,-0.5005703330533343
72.8038649559021,8.499316644352879,-82.55566487351412,40.000033726134994,-24.196894502349465,-83.00931397849715,31.56520940562247,0.7811236685312947,-0.139204217974083,-2.664966195540097e-17,-0.608660825220776,0.60075,-0.60075,0.0,0.0,-0.60075,0.60075,-0.314,9.1551647,-94.828995,43.316994,-12.924300197269048,-122.45410228425018,36.21078721117014,0.8572504126756159,-0.1203070749473596,-2.428308158726863e-17,-0.5006475184050119
72.84848046302795,0,0,0,0,0,0,0,0,0,1,0.60075,-0.60075,0.0,0.0,-0.60075,0.60075,-0.314,0,0,0,0,0,0,0,0,0,1
72.92254781723022,0,0,0,0,0,0,0,0,0,1,0.60075,-0.60075,0.0,0.0,-0.60075,0.60075,-0.314,0,0,0,0,0,0,0,0,0,1
73.05324244499207,8.49902360696829,-82.56610091829266,40.00173091792343,-24.173153617456705,-83.02860819160318,31.516587355839178,0.7811180361040789,-0.13940321883613951,1.7766569412520044e-17,-0.6086225071840755,1.53775,-1.31875,0.04349999999999987,0.08775000000000001,-1.4065,1.45,-0.314,9.1551647,-94.828995,43.316994,-12.90423447665512,-122.4654079477881,36.202447617162576,0.8572452691421931,-0.12040635838161463,-4.047204547918164e-18,-0.5006324573922543
73.10028386116028,8.498781633467788,-82.57471840677462,40.003132361765324,-24.16157316937094,-83.0244258985226,31.598736011620773,0.7811236685312947,-0.139204217974083,-2.664966195540097e-17,-0.608660825220776,2.773,-1.5590000000000002,-0.506,0.86,-2.419,1.913,-0.314,9.1551647,-94.828995,43.316994,-12.887843920320023,-122.46872506175788,36.23439047893069,0.8572452691421931,-0.12040635838161463,-4.047204547918164e-18,-0.5006324573922543
73.18112540245056,0,0,0,0,0,0,0,0,0,1,6.733750000000001,-3.5265000000000004,-0.95425,2.08075,-5.6072500000000005,4.6530000000000005,-0.314,0,0,0,0,0,0,0,0,0,1
73.30344414710999,8.49969091668075,-82.5423357797586,39.99786604393841,-24.124468998684364,-82.9813345282663,31.66556724928023,0.781116973510511,-0.1390030205069274,8.883296790648806e-18,-0.6087153965390808,9.70975,-5.155750000000001,-1.6550000000000011,3.1045000000000003,-8.260250000000001,6.60525,-0.314,9.1551647,-94.828995,43.316994,-12.867994917571792,-122.43226169717097,36.26868975199738,0.8572392779850327,-0.12010550313346062,-8.094465666829118e-18,-0.5007149772043554
73.35089755058289,8.499996020777823,-82.5314699988493,39.9960989650761,-24.097863946614495,-82.98024935957623,31.60820006690848,0.7810176285317343,-0.13910313972953164,3.553770696291159e-17,-0.6088199901777638,18.897750000000002,-6.56625,-1.2810000000000006,6.80625,-13.3725,12.0915,-0.314,9.1551647,-94.828995,43.316994,-12.872541838711271,-122.4577482152559,36.19637265233169,0.8572238619714853,-0.12040335158815543,0.0,-0.5006698347144862
73.4770131111145,8.499808249288158,-82.5381571718086,39.99718648580596,-24.10183087903272,-83.03339467692837,31.322963605896334,0.780820968975299,-0.14010376249159762,0.0,-0.6088427959204027,32.52125,-18.542749999999998,-1.2809999999999988,7.6297500000000005,-26.1725,24.8915,-0.314,9.1551647,-94.828995,43.316994,-12.88139752735242,-122.48590043550894,36.34513094377629,0.8573496663071578,-0.11960692883510565,1.618684692278464e-17,-0.5006453158251248
73.55191040039062,0,0,0,0,0,0,0,0,0,1,37.69775,-23.94275,-1.5045000000000002,7.6297500000000005,-31.5725,30.068,-0.314,0,0,0,0,0,0,0,0,0,1
73.61180543899536,8.498157823622494,-82.59693436904146,40.006745296505606,-24.081000630561164,-83.08785137482002,31.362970715306417,0.7809175135861379,-0.14010314208402866,1.777113147851522e-17,-0.6087191031605846,40.45675,-31.103499999999997,-5.90625,7.6297500000000005,-38.73325,32.827,-0.314,9.1551647,-94.828995,43.316994,-12.863455141689684,-122.43030512709993,36.228996399046316,0.857149350101904,-0.12020692087533409,-8.095314898252311e-18,-0.5008445744874901
73.68638777732849,0,0,0,0,0,0,0,0,0,1,40.45675,-32.82725,-7.630000000000003,7.6297500000000005,-40.457,32.827,-0.314,0,0,0,0,0,0,0,0,0,1
73.73691511154175,8.499198407854548,-82.55987567205356,40.000718519354606,-24.050111844461725,-83.02829376290971,31.50044352627951,0.7808132998020706,-0.13950237618133818,2.666025504047963e-17,-0.6089907042738519,40.45675,-32.82725,-7.630000000000003,7.6297500000000005,-40.457,32.827,-0.314,9.1551647,-94.828995,43.316994,-12.85324064595494,-122.42590284444006,36.13968635490644,0.8570277325106981,-0.12050389937869206,4.04823183701387e-18,-0.5009813129669625
73.84802222251892,8.499891377374665,-82.53519670164754,39.9967050308339,-24.04978789759295,-82.99943668902772,31.52205751122895,0.7807100859613085,-0.13930179963418762,8.887926553892522e-18,-0.6091689177042463,41.77775,-36.2455,-7.14875,6.3405000000000005,-42.586,35.43725,-0.314,9.1551647,-94.828995,43.316994,-12.865995361997989,-122.42182743501404,36.25935551658425,0.8571107765298889,-0.11970150501764983,0.0,-0.501031602249639
73.92755270004272,0,0,0,0,0,0,0,0,0,1,47.29475,-41.63975,-6.829999999999998,6.2425,-47.88225,41.05225,-0.314,0,0,0,0,0,0,0,0,0,1
73.98455214500427,8.49927198486356,-82.55725534781816,40.00029238159171,-24.072169975392086,-83.00389241351485,31.630127808316942,0.780808366796782,-0.13880148733528871,1.7773615650082254e-17,-0.6091571566136718,54.89475,-49.13975,-6.729999999999997,6.2425,-55.38225,48.65225,-0.314,9.1551647,-94.828995,43.316994,-12.861224577735413,-122.42057999704002,36.40104420179242,0.8572149282858599,-0.11890207066400928,0.0,-0.5010437748497422
74.06041717529297,8.50002079380651,-82.53058774815273,39.99595548651987,-24.046955909145254,-82.94678051419334,31.817217310478867,0.7808183664065482,-0.13800324611181308,8.886694015461157e-18,-0.6093256787177214,59.861000000000004,-53.96775,-6.5917499999999976,6.2425,-60.21025,53.618500000000004,-0.314,9.1551647,-94.828995,43.316994,-12.854461383156405,-122.43242824492297,36.42138819897073,0.8572250674457411,-0.11870347119203155,0.0,-0.5010735172303633
74.1100082397461,0,0,0,0,0,0,0,0,0,1,62.58475,-56.347,-6.247250000000001,6.2425,-62.5895,56.34225,-0.314,0,0,0,0,0,0,0,0,0,1
74.2261278629303,8.507348937342014,-82.26960796160543,39.95351289834819,-23.400500744490017,-83.0907689491289,29.39497391835343,0.7718223332325831,-0.16460476295683232,8.990273545007983e-18,-0.6141624849625191,62.929,-56.2485,-5.5064999999999955,6.0935,-62.342,56.8355,-0.314,9.1551647,-94.828995,43.316994,-12.788616744651137,-122.48339466795883,35.31790874410851,0.8508283182211415,-0.1493049693352332,0.0,-0.5037848737752942
74.30881881713867,8.511355814158243,-82.12690963000829,39.93030617187757,-23.266193987180372,-83.01697470617833,28.970573041058955,0.7702089268590913,-0.16910195992193242,-3.603642420611252e-17,-0.6149656381759293,61.46425,-57.47225,-3.4679999999999964,3.73,-61.20225,57.73425,-0.314,9.1551647,-94.828995,43.316994,-12.804156979897726,-122.51719233037767,35.062534079931524,0.8497567281074677,-0.15501034818954626,-8.165741646272289e-18,-0.5038703156470389
74.40864729881287,0,0,0,0,0,0,0,0,0,1,60.855500000000006,-58.080999999999996,-2.774499999999996,2.7745,-60.8555,58.081,-0.314,0,0,0,0,0,0,0,0,0,1
74.47637033462524,8.509665896419182,-82.18709327252095,39.94009370978474,-23.407124481194103,-83.31089451047896,27.519073904132952,0.7665079931110276,-0.18650194483392904,9.052604755945632e-18,-0.6145588019628936,60.855500000000006,-58.080999999999996,-2.774499999999996,2.7745,-60.8555,58.081,-0.314,9.1551647,-94.828995,43.316994,-12.889543174514301,-122.5961939801376,34.48454797533721,0.8468493798271107,-0.17491019902191984,1.6387551480108172e-17,-0.5022474989131854
74.52443885803223,0,0,0,0,0,0,0,0,0,1,60.855500000000006,-58.080999999999996,-2.774499999999996,2.7745,-60.8555,58.081,-0.314,0,0,0,0,0,0,0,0,0,1
74.68499374389648,8.509622123708835,-82.1886521656496,39.940347229262,-23.38166866360953,-83.35735838033443,27.247609154765456,0.7656172564172183,-0.18990428029470974,9.06313676415611e-18,-0.614627188628944,60.571250000000006,-58.364999999999995,-2.0807499999999948,2.1435,-60.5085,58.42775,-0.314,9.1551647,-94.828995,43.316994,-12.870295596259496,-122.60266166032517,34.395735251900106,0.8461296513671729,-0.17880626600218708,-3.280298187255531e-17,-0.5020885701901823
74.8164873123169,0,0,0,0,0,0,0,0,0,1,60.855500000000006,-58.080999999999996,-2.774499999999996,2.7745,-60.8555,58.081,-0.314,0,0,0,0,0,0,0,0,0,1
74.91519546508789,8.509151761247024,-82.20540335157936,39.94307143903783,-23.422138342220933,-83.4106640231684,27.01865345259766,0.7651109466020877,-0.19240275274636218,-1.8138268534056012e-17,-0.6144806100482582,61.26575,-57.731750000000005,-3.402000000000001,3.468,-61.19975,57.79775,-0.314,9.1551647,-94.828995,43.316994,-12.882694186704327,-122.6020059700554,34.23311346668899,0.8456280749903385,-0.1820060426303709,0.0,-0.5017837773724513
75.03183245658875,8.508550728813862,-82.22680813375297,39.9465524532831,-23.471100438617896,-83.47201165739774,26.768175547602283,0.7646149266559097,-0.19490380487213813,-1.8150035166733942e-17,-0.6143097921906677,60.61025,-58.326,-2.0807499999999948,2.1825,-60.5085,58.42775,-0.314,9.1551647,-94.828995,43.316994,-12.922292108455082,-122.62183654523629,34.11675731996257,0.8451375996406731,-0.18500823089992255,1.6420743573253476e-17,-0.5015121057092062
75.09636163711548,8.508622412679651,-82.22425523070166,39.94613728008412,-23.449035162430164,-83.47288305877872,26.75050171818158,0.764413766361764,-0.19540351903072825,-3.6309622925463395e-17,-0.6144013822795572,60.43525,-58.534,-0.7267499999999956,1.314,-59.848,59.12125,-0.314,9.1551647,-94.828995,43.316994,-12.893463637688342,-122.63455619450022,34.11942748772019,0.8450552544361607,-0.18551212982000925,0.0,-0.5014647212311948
75.228271484375,8.509091768777209,-82.2075398847806,39.943418898892766,-23.46371078607342,-83.49673560155838,26.495716156829246,0.7638231594224497,-0.1981060066530339,-3.6337698423043055e-17,-0.6142704544888148,59.4175,-59.518750000000004,2.0807499999999948,-1.091,-58.42775,60.5085,-0.314,9.1551647,-94.828995,43.316994,-12.989537087757867,-122.61367522564598,33.90792364063593,0.8437234075421047,-0.1956054267100103,-2.4672400369172952e-17,-0.49986931152765735
75.30440831184387,0,0,0,0,0,0,0,0,0,1,58.683499999999995,-60.401250000000005,2.724249999999998,-2.221,-58.18025,60.9045,-0.314,0,0,0,0,0,0,0,0,0,1
75.41280221939087,8.496862353877395,-82.64307039461414,40.01424830031738,-24.22776160196466,-84.37989733737356,23.684248266362076,0.7581260967052537,-0.22950790026890341,3.661076400911681e-17,-0.6103858985990875,56.997,-61.9395,5.5489999999999995,-5.24575,-56.69375,62.24275,-0.314,9.1551647,-94.828995,43.316994,-13.334058197944643,-122.97491537043943,32.87322041631249,0.8399107724295926,-0.22380287042474434,4.1307327704794356e-17,-0.4944311575400261
75.5285394191742,8.486446098817021,-83.01402819710651,40.07457637954739,-24.939946830295014,-85.19007890218766,20.922618669080165,0.7503161900610708,-0.2623056599400492,1.8495919442555142e-17,-0.6068124551256792,56.83525,-62.17425,6.091999999999999,-5.7155000000000005,-56.45875,62.55075,-0.314,9.1551647,-94.828995,43.316994,-13.832996917458814,-123.33880255059042,31.770339518712333,0.8351551771595547,-0.25341674277599224,3.323403407499475e-17,-0.48815549217887483
75.59322237968445,8.483527757106815,-83.11796014015749,40.09147861061729,-25.480603258953664,-85.3569691524649,20.459543868953347,0.7480119880095599,-0.27620442658855676,-3.710578982762798e-17,-0.6034808866292888,56.347,-62.5895,6.2425,-6.2425,-56.347,62.5895,-0.314,9.1551647,-94.828995,43.316994,-14.066325747405699,-123.34350681740338,31.682958016153876,0.834132223078323,-0.2625101409400069,1.6637395635669342e-17,-0.48508953846282077
75.72456407546997,8.481882325,-83.1765595,40.1010085,-25.729932081048446,-85.59507404964107,19.58287905477775,0.7450100581248731,-0.28760388284122623,5.588295482645026e-17,-0.6018671114684897,55.951,-62.99175,7.623249999999999,-7.332,-55.65975,63.283,-0.314,9.1551647,-94.828995,43.316994,-14.132596626242588,-123.44979550830554,31.367821720553877,0.8325191538565393,-0.2707062281669251,-5.0008895567846214e-17,-0.4833528695411134
75.81320214271545,8.481882325,-83.1765595,40.1010085,-25.928085158845022,-86.23473849084658,18.45041944824999,0.7406170348598967,-0.30520702003678174,-1.8738142865482064e-17,-0.5986109609718168,55.856500000000004,-63.4005,8.646500000000003,-8.09525,-55.30525,63.951750000000004,-0.314,9.1551647,-94.828995,43.316994,-14.285098213367547,-123.64906577160976,31.39094374656885,0.8315375928701919,-0.2797126454910315,3.337861794056222e-17,-0.4799021437710562
75.90338587760925,0,0,0,0,0,0,0,0,0,1,54.592499999999994,-63.777750000000005,10.851249999999993,-10.01825,-53.7595,64.61075,-0.314,0,0,0,0,0,0,0,0,0,1
75.97321653366089,8.481882325,-83.1765595,40.1010085,-26.655524711842077,-86.69016603392694,16.68202541700603,0.7321097140214394,-0.3335044251142604,-1.8955885357106533e-17,-0.5939614171515291,53.68625000000001,-64.02275,12.713500000000003,-11.525,-52.49775,65.21125,-0.314,9.1551647,-94.828995,43.316994,-14.614985283757335,-123.77668529646071,30.974065133941096,0.8282272697863748,-0.2969097758990276,0.0,-0.4752727370234871
76.06042218208313,0,0,0,0,0,0,0,0,0,1,52.332499999999996,-64.62425,14.086749999999995,-13.18925,-51.435,65.52175,-0.314,0,0,0,0,0,0,0,0,0,1
76.19051051139832,8.481882325,-83.1765595,40.1010085,-27.97722209318198,-88.33112370919021,14.07174306826407,0.7160066262429389,-0.3824035389319829,-5.81466174997622e-17,-0.5840394204062769,47.0275,-65.32300000000001,15.171,-16.73325,-48.58975,63.76075,-0.314,9.1551647,-94.828995,43.316994,-15.101147851456346,-124.07405804199605,30.087546432513378,0.8215102972979771,-0.32640409134273846,-1.6893017474594997e-17,-0.4675266843594177
76.2855052947998,8.481882325,-83.1765595,40.1010085,-29.01944942798974,-89.43495865089622,11.489668204119283,0.6986080544850957,-0.42710492423501933,1.986491240505806e-17,-0.5740454423673687,37.865750000000006,-58.0945,14.452250000000006,-17.3405,-40.754,55.206250000000004,-0.314,9.1551647,-94.828995,43.316994,-15.52288313778547,-124.3851883859283,29.33872251639589,0.8156442576434617,-0.3502190032206231,3.402902105363877e-17,-0.46051177482926486
76.35299634933472,8.48390863954455,-83.46536565764877,40.16218949600669,-29.292649187735293,-89.59928680985792,12.458047338264194,0.7026303583149638,-0.4306186055941126,3.9502385980292484e-17,-0.566461116132756,37.548500000000004,-55.01025,17.219250000000002,-17.3405,-37.66975,54.889,-0.314,9.1551647,-94.828995,43.316994,-15.406778405690943,-124.18407699314372,30.01693627243266,0.8186387289673357,-0.3457163554898706,1.6952273715806803e-17,-0.458596590678067
76.40466547012329,0,0,0,0,0,0,0,0,0,1,34.49375,-55.20175,16.399,-18.5535,-36.64825,53.04725,-0.314,0,0,0,0,0,0,0,0,0,1
76.4761278629303,8.481882325,-83.1765595,40.1010085,-28.392960050629995,-88.68557591369627,13.87571861709091,0.7115107504667512,-0.40860617377472175,-3.90093552309944e-17,-0.5716585053363785,28.143749999999997,-53.41425,18.768499999999996,-22.0195,-31.394750000000002,50.16325,-0.314,9.1551647,-94.828995,43.316994,-15.027551677533836,-123.92793970917799,30.738033201017103,0.8265456350631302,-0.3183175748827517,-1.679010476748147e-17,-0.46421571998247824
76.60647225379944,8.481882325,-83.1765595,40.1010085,-28.567760182182752,-88.682244411384,13.906277005489045,0.7122248359733253,-0.40781422087885716,-5.845536594711312e-17,-0.571334704242391,25.7975,-49.939,21.713,-22.92725,-27.01175,48.72475,-0.314,9.1551647,-94.828995,43.316994,-14.929709680270975,-123.93767728377826,30.758820774529013,0.8277428106172352,-0.31431625634529053,3.3531642026503387e-17,-0.4648087030903806
76.69023847579956,8.481882325,-83.1765595,40.1010085,-28.509009880525042,-88.49742649023126,14.264733053109822,0.7143083986589245,-0.40300473842859674,9.714142962527988e-17,-0.5721456915938643,20.39075,-46.86,22.083750000000002,-24.276500000000002,-22.5835,44.66725,-0.314,9.1551647,-94.828995,43.316994,-14.915290098480142,-123.85730886784941,31.248139682177253,0.8303504312143175,-0.3061185920687734,-3.342633973831834e-17,-0.46562814452310425
76.77629041671753,0,0,0,0,0,0,0,0,0,1,19.98025,-44.4435,24.089750000000002,-24.276500000000002,-20.167,44.256750000000004,-0.314,0,0,0,0,0,0,0,0,0,1
76.84880328178406,8.481882325,-83.1765595,40.1010085,-27.791225904634928,-87.51805622869037,16.198930575278823,0.7222182602995278,-0.38200965859099933,0.0,-0.5766016000958647,15.666999999999998,-40.76925,23.45075,-24.276500000000002,-16.49275,39.9435,-0.314,9.1551647,-94.828995,43.316994,-14.612765462760365,-123.66409352932087,31.786049226375837,0.8348575817996812,-0.2876198377163253,-4.9868821139164106e-17,-0.46934810861835097
76.92662405967712,0,0,0,0,0,0,0,0,0,1,9.569999999999997,-34.567750000000004,23.55525,-24.276500000000002,-10.29125,33.8465,-0.314,0,0,0,0,0,0,0,0,0,1
77.05159139633179,8.481882325,-83.1765595,40.1010085,-25.708389631523005,-85.38004706764372,20.674208207637477,0.7358101468132289,-0.32360446250171365,0.0,-0.5948643372195643,5.882499999999997,-30.159000000000002,24.2765,-24.276500000000002,-5.8825,30.159,-0.314,9.1551647,-94.828995,43.316994,-13.836788766000097,-122.95362570070299,33.42140717819679,0.8462429726829078,-0.22401137542067048,3.279858918961929e-17,-0.48341673002383223
77.1134102344513,8.496217343787224,-82.6660413687549,40.017984021034515,-24.700400040365196,-84.49994534653635,23.009562130412647,0.7421108627324469,-0.29560432694207145,1.870042402656194e-17,-0.6015725636260585,4.08325,-29.89475,23.9145,-24.863,-5.03175,28.94625,-0.314,9.1551647,-94.828995,43.316994,-13.394615083084517,-122.8111820755756,33.932476887529546,0.8482374906289994,-0.20290896822521096,-8.180366914414244e-18,-0.48920456876975155
77.19413423538208,8.498826325880042,-82.57312675997429,40.00287351562802,-24.427597068044918,-84.39807527043864,23.096170593562007,0.7428125146423344,-0.2903048909540518,1.8682759827352443e-17,-0.6032848733217895,-3.3297500000000007,-24.521250000000002,23.4765,-25.66375,1.1425,22.334,-0.314,9.1551647,-94.828995,43.316994,-13.275203342964602,-122.86272064136911,34.45753365832435,0.8493598236498244,-0.195513770780102,8.169557483999866e-18,-0.49026753452057675
77.23801779747009,0,0,0,0,0,0,0,0,0,1,-7.12425,-19.90775,24.2955,-25.66375,5.756,18.5395,-0.314,0,0,0,0,0,0,0,0,0,1
77.30889844894409,0,0,0,0,0,0,0,0,0,1,-8.625,-17.336750000000002,25.36575,-25.66375,8.327,17.03875,-0.314,0,0,0,0,0,0,0,0,0,1
77.4347972869873,8.509266441522206,-82.20131920208185,39.94240724248281,-23.460006990622702,-83.68692747727249,25.287571574293025,0.7472138529795129,-0.26190485558797433,-1.1143627291552605e-16,-0.610800543987113,-10.4005,-16.746499999999997,25.302,-26.2245,9.478,15.824,-0.314,9.1551647,-94.828995,43.316994,-12.920381943812146,-122.49104195595066,35.13114833268136,0.8510278825723613,-0.16900553719709643,-1.6307089452658975e-17,-0.49718072315921913
77.48978853225708,0,0,0,0,0,0,0,0,0,1,-13.17875,-13.36625,26.17,-26.3575,12.99125,13.17875,-0.314,0,0,0,0,0,0,0,0,0,1
77.56248021125793,8.508422182049035,-82.23138611548647,39.94729696072539,-23.503049068271793,-83.69947863498231,25.392879921501546,0.7474169595628443,-0.2615059338047682,3.71353302336929e-17,-0.6107229610410353,-13.17875,-13.17875,26.3575,-26.3575,13.17875,13.17875,-0.314,9.1551647,-94.828995,43.316994,-12.89809994975866,-122.53968238545646,35.070835636186395,0.851013755710992,-0.16890273012877377,1.630736015097671e-17,-0.4972398368450769
77.61235690116882,0,0,0,0,0,0,0,0,0,1,-13.17875,-13.17875,26.3575,-26.3575,13.17875,13.17875,-0.314,0,0,0,0,0,0,0,0,0,1
77.69652032852173,8.50858176954008,-82.22570266931125,39.94637267394977,-23.39189025445924,-83.66161372920973,25.60900480906109,0.7476163894524683,-0.2600056999165888,1.856271211226138e-17,-0.6111192766006811,-13.17875,-13.17875,26.3575,-26.3575,13.17875,13.17875,-0.314,9.1551647,-94.828995,43.316994,-12.850557420214244,-122.51642781265124,35.11772841524846,0.8509301780299309,-0.16770594765027547,-1.6308961846839468e-17,-0.49778765276036463
77.78454685211182,0,0,0,0,0,0,0,0,0,1,-17.76625,-10.652250000000002,25.683500000000002,-27.051000000000002,16.39875,9.28475,-0.314,0,0,0,0,0,0,0,0,0,1
77.84745454788208,8.509548776763122,-82.19126429655876,39.94077203456166,-23.338943337429384,-83.62645746669429,25.616793337996725,0.7475039258365289,-0.25960136340757584,-1.8565504913280386e-17,-0.611428665484294,-23.77975,-4.548250000000003,25.774,-27.051000000000002,22.50275,3.27125,-0.314,9.1551647,-94.828995,43.316994,-12.87425183586285,-122.48235049655568,35.08646643842684,0.8507463984655347,-0.16730912479520854,0.0,-0.4982351074123371
77.90565729141235,0,0,0,0,0,0,0,0,0,1,-27.075000000000003,-0.5157500000000006,26.51125,-27.051000000000002,26.53525,-0.024,-0.314,0,0,0,0,0,0,0,0,0,1
77.97837090492249,8.51015106273579,-82.16981487163612,39.937283760160966,-23.284320811694556,-83.60972401590391,25.593633646569785,0.7473236494640791,-0.25930820594946574,-1.8569983457323334e-17,-0.6117733381563466,-28.885,0.38124999999999787,26.63825,-27.571,27.95225,-1.314,-0.314,9.1551647,-94.828995,43.316994,-12.832661503795663,-122.47561560723175,35.08147789712337,0.8506330912847998,-0.16710650076850464,-8.157328905964255e-18,-0.4984965009026353
78.03499293327332,0,0,0,0,0,0,0,0,0,1,-34.5275,2.3610000000000007,26.067,-29.11675,31.47775,-5.41075,-0.314,0,0,0,0,0,0,0,0,0,1
78.19416213035583,8.504113611554377,-82.38482877153872,39.97225101385324,-24.145297658603397,-84.2338687743378,22.96523828254891,0.7429192515660714,-0.2853073932855031,5.60402268963691e-17,-0.6055333822252407,-39.2575,10.068000000000001,29.074,-29.13175,39.19975,-10.12575,-0.314,9.1551647,-94.828995,43.316994,-13.153404664962437,-122.66387557801714,33.977402714916735,0.8451454590363734,-0.20771117245515888,-1.642059086921886e-17,-0.4925294122258093
78.2837507724762,0,0,0,0,0,0,0,0,0,1,-43.27275,18.2515,27.69375,-26.3575,44.609,-16.91525,-0.314,0,0,0,0,0,0,0,0,0,1
78.35443902015686,8.484982088628184,-83.06616651354835,40.0830555231699,-25.145376158537232,-85.1528943518272,21.445128095131466,0.743122292564204,-0.30570917082072013,7.469988693208499e-17,-0.5952404229974885,-45.616,19.258499999999998,26.357499999999998,-26.3575,45.616,-19.2585,-0.314,9.1551647,-94.828995,43.316994,-13.460853783192022,-122.94974755951603,33.313435660091145,0.8435296356386452,-0.2280080105816373,1.6452045336033085e-17,-0.486281915055391
78.46676635742188,8.481882325,-83.1765595,40.1010085,-26.420318918285716,-85.69409826920389,20.90985313851469,0.7479384125754708,-0.3193163994322073,5.566415994076565e-17,-0.5819150866301165,-48.595,24.347250000000003,25.692750000000004,-24.97025,49.3175,-23.62475,-0.314,9.1551647,-94.828995,43.316994,-13.843456762231199,-123.11323247897946,33.070150556687,0.8441375917420096,-0.23861062597991173,1.6440196412975138e-17,-0.48010071378563385
78.52583980560303,0,0,0,0,0,0,0,0,0,1,-51.429249999999996,26.555750000000003,25.067000000000004,-24.97025,51.526,-26.459,-0.314,0,0,0,0,0,0,0,0,0,1
78.68991255760193,8.491620762020917,-84.56455752088084,40.39504344047408,-34.557458043688314,-89.02131571625526,20.782609616560762,0.7910406788444618,-0.35031801491683306,7.01748376737686e-17,-0.501529593182718,-53.1325,31.648250000000004,23.527750000000005,-22.506,54.154250000000005,-30.6265,-0.314,9.1551647,-94.828995,43.316994,-16.178983552411438,-124.17039439583986,32.277292881003405,0.8537291408710721,-0.2663090900948419,1.6255492688998235e-17,-0.4474662250498897
78.77968263626099,0,0,0,0,0,0,0,0,0,1,-54.55200000000001,32.296499999999995,22.049999999999997,-22.15275,54.44925,-32.39925,-0.314,0,0,0,0,0,0,0,0,0,1
78.84814214706421,8.500021933333334,-85.76195799999999,40.64870199999999,-39.03837641042358,-90.88327064160457,22.46587859287503,0.8193121175654566,-0.3434050789356497,3.387668145090197e-17,-0.4591302710251282,-55.689750000000004,36.13225,20.784999999999997,-20.17125,56.3035,-35.5185,-0.314,9.1551647,-94.828995,43.316994,-17.709707800602928,-124.9553805456371,32.66816373003819,0.8703223089491606,-0.24840636739396935,7.97278644079036e-18,-0.4252450530970748
78.92819094657898,0,0,0,0,0,0,0,0,0,1,-56.324,36.195750000000004,20.101250000000007,-20.11475,56.310500000000005,-36.20925,-0.314,0,0,0,0,0,0,0,0,0,1
78.96770143508911,8.500021933333334,-85.76195799999999,40.64870199999999,-42.14573022961349,-92.76181935988802,23.771331370803594,0.8411323691369414,-0.33221278448138375,-1.6498934432940685e-17,-0.4267680909079329,-56.85275,38.3185,18.972750000000005,-18.7535,57.072,-38.09925,-0.314,9.1551647,-94.828995,43.316994,-18.61384382524446,-125.56515868768919,32.74632168818023,0.8775225046120715,-0.2453062910328674,0.0,-0.41204256755710933
79.11021280288696,8.500021933333334,-85.76195799999999,40.64870199999999,-44.14583334958584,-93.38231758303102,24.62048946241741,0.8552596565637715,-0.3179221758905787,1.6226402942437487e-17,-0.40921438138391425,-62.46275,39.5585,17.343250000000005,-20.12375,59.68225,-42.339,-0.314,9.1551647,-94.828995,43.316994,-19.122028797586893,-125.72048034376022,32.549539531873705,0.8806744454865557,-0.244520669908543,2.3637204211393757e-17,-0.40573656854469603
79.17552447319031,0,0,0,0,0,0,0,0,0,1,-66.215,42.9465,18.262500000000003,-20.7655,63.712,-45.4495,-0.314,0,0,0,0,0,0,0,0,0,1
79.22312879562378,8.663697338507161,-88.02719090831988,41.31532582070423,-49.22138516171103,-97.6009107602179,22.9956370359413,0.8673511733843992,-0.35922119391176777,-4.800058465476012e-17,-0.3444736214477244,-65.70824999999999,48.5695,20.429249999999996,-18.784,67.3535,-46.92425,-0.314,9.1551647,-94.828995,43.316994,-20.673969288575506,-126.89265763381127,31.6995506418765,0.8782627146545281,-0.29312093106950826,3.160281673410991e-17,-0.3778024931317997
79.30512118339539,0,0,0,0,0,0,0,0,0,1,-67.02975,48.3025,18.72775,-18.7275,67.03,-48.30225,-0.314,0,0,0,0,0,0,0,0,0,1
79.36911344528198,8.899232201218522,-91.28694347471038,42.27462175110347,-53.95812866993336,-100.82469177672803,25.298004707470426,0.8992354109506375,-0.34291350357537104,-1.5432875127930502e-17,-0.27163579432413215,-67.22625000000001,48.20150000000001,18.226750000000003,-18.62575,66.82725,-48.600500000000004,-0.314,9.1551647,-94.828995,43.316994,-22.105514168182594,-127.7817211398436,31.834625953877676,0.8874092842059551,-0.2926030612560992,1.563854250210168e-17,-0.356213715132691
79.47607898712158,9.01610147210792,-92.90438940746284,42.750611651971404,-56.158163285976144,-101.99245395923208,27.87091729310697,0.9379750350604963,-0.2395191607815213,2.5892084283574695e-17,-0.2506659235352434,-66.219,49.11300000000001,18.034000000000006,-17.57,66.683,-48.649,-0.314,9.1551647,-94.828995,43.316994,-22.76832540044157,-128.14403673431653,32.133973044047394,0.8958337289655377,-0.2773104409936855,3.872869305735955e-17,-0.3472475332721416
79.55073738098145,9.02664832881436,-93.05035566833993,42.79356731721996,-56.5643154655144,-102.12860695266215,28.049530756866957,0.9416579359535036,-0.22661394253086653,-2.2106415628136922e-17,-0.2488502616161065,-66.68299999999999,48.64900000000001,18.034000000000006,-18.034,66.683,-48.649,-0.314,9.1551647,-94.828995,43.316994,-22.875254094726017,-128.16174224787227,32.08056172382085,0.8966641981575098,-0.2758197477714044,-3.095425876561352e-17,-0.34629002654114793
79.60473799705505,0,0,0,0,0,0,0,0,0,1,-66.68299999999999,48.64900000000001,18.034000000000006,-18.034,66.683,-48.649,-0.314,0,0,0,0,0,0,0,0,0,1
79.65386700630188,0,0,0,0,0,0,0,0,0,1,-66.68299999999999,48.64900000000001,18.034000000000006,-18.034,66.683,-48.649,-0.314,0,0,0,0,0,0,0,0,0,1
79.72093653678894,9.032092998429729,-93.12570874154333,42.81574258819371,-56.48182201910441,-102.16410447675389,28.188220183582757,0.9422955631379933,-0.22402271931958234,1.1045728392479555e-17,-0.24878282279753874,-66.8285,48.570750000000004,17.439749999999997,-17.84875,66.4195,-48.97975,-0.314,9.1551647,-94.828995,43.316994,-22.837292457693536,-128.13223570599067,32.0359716116882,0.8964450960205563,-0.2763139000786253,7.740456091187219e-18,-0.34646330028451044
79.85369944572449,9.043740217028908,-93.28690377773853,42.86317985193482,-56.586449984558755,-102.28773314535698,28.391859426225977,0.9439332607998216,-0.21810768532730285,0.0,-0.24782864393968285,-65.9895,49.34275000000001,16.646750000000004,-16.64675,65.9895,-49.34275,-0.314,9.1551647,-94.828995,43.316994,-22.908081676640393,-128.1698911229222,32.09656002688949,0.8970691109465783,-0.27512119556455267,7.735071712128598e-18,-0.34579667137878384
79.92968535423279,9.046690521746696,-93.32773536956631,42.87519597250665,-56.636579203655685,-102.31729312906583,28.455209791306757,0.9444992774264066,-0.21592269588771829,7.34663759914617e-18,-0.247585347590635,-66.59025,49.93825000000001,16.641500000000008,-16.64675,66.58500000000001,-49.9435,-0.314,9.1551647,-94.828995,43.316994,-22.9423610041367,-128.18385626635802,32.21287813586321,0.8976631561892873,-0.27381926488929015,-3.091981153983798e-17,-0.3452880944889008
79.9883942604065,0,0,0,0,0,0,0,0,0,1,-65.9895,49.34275000000001,16.646750000000004,-16.64675,65.9895,-49.34275,-0.314,0,0,0,0,0,0,0,0,0,1
80.08274340629578,9.048557870621378,-93.3535790821128,42.88280138665001,-56.68357392320823,-102.3359297081,28.499302582736632,0.9451695163030314,-0.21311567445156693,1.4682855898798468e-17,-0.2474596830890795,-65.90175,49.348,16.739749999999994,-16.64675,65.99475,-49.255,-0.314,9.1551647,-94.828995,43.316994,-22.930193422072307,-128.18380282453074,32.19411788291508,0.8978437492875829,-0.2735133275007285,-3.8641990376460654e-17,-0.3450609533759147
80.16778016090393,0,0,0,0,0,0,0,0,0,1,-66.334,48.981750000000005,18.017750000000007,-17.685,66.66675000000001,-48.649,-0.314,0,0,0,0,0,0,0,0,0,1
80.29264974594116,9.05384615358482,-93.42676779720763,42.904339719732555,-56.838401272635366,-102.37347007530468,28.681289430336975,0.946755193095931,-0.20621202156584026,3.6645660644420344e-18,-0.24724725783639318,-60.022,46.725750000000005,18.652250000000002,-15.97425,62.7,-44.04775,-0.314,9.1551647,-94.828995,43.316994,-22.92424836985242,-128.19081308906334,32.13398875066386,0.8979669528645585,-0.27332037890398014,3.0909350869859146e-17,-0.3448932038166659
80.36503410339355,9.055936572324015,-93.45569874938803,42.91285366185669,-56.86218862677228,-102.36895896518817,28.809795506725138,0.9476330635555398,-0.202407062118659,-7.322342550894489e-18,-0.24702825356795893,-57.24425000000001,41.99925,16.661499999999997,-15.95325,57.9525,-41.291000000000004,-0.314,9.1551647,-94.828995,43.316994,-22.931328366042834,-128.1842919670485,32.20404122115285,0.8983363670428038,-0.2724110279221416,7.724160079090515e-18,-0.34465055275559786
80.43388104438782,0,0,0,0,0,0,0,0,0,1,-57.01375,41.238749999999996,16.063000000000002,-15.919,57.15775,-41.09475,-0.314,0,0,0,0,0,0,0,0,0,1
80.50433492660522,8.99973824297575,-92.67792578528818,42.68396682948533,-55.561892027365815,-101.09970019509215,29.91795205167098,0.9495983549193223,-0.16761736101577507,0.0,-0.26489126943073105,-48.659000000000006,40.665499999999994,16.814499999999995,-12.404,53.0695,-36.255,-0.314,9.1551647,-94.828995,43.316994,-22.400434743494202,-127.57008510031756,32.76866666018101,0.9031557628011821,-0.24291499810032913,1.5365885243063516e-17,-0.3539801856275742
80.60359191894531,8.88722078785597,-91.12070806019963,42.22570118017652,-53.3632887434369,-99.0388723213461,30.603540904182793,0.9420636741145091,-0.15501047716321548,0.0,-0.29746896625279134,-35.25475,34.778,14.78275,-7.6297500000000005,42.40775,-27.625,-0.314,9.1551647,-94.828995,43.316994,-21.535335877937143,-127.00308429069213,33.469961202221654,0.9029497364351627,-0.22231224544195002,7.684695641312124e-18,-0.36777579990835196
80.72628259658813,8.500021933333334,-85.76195799999999,40.64870199999999,-41.9113315199227,-90.96086348626378,29.520097776403446,0.8830247202955067,-0.16180452972119252,7.858096998218926e-18,-0.44055265009842554,-34.45,26.8375,7.6469999999999985,-7.6297500000000005,34.46725,-26.82025,-0.314,9.1551647,-94.828995,43.316994,-18.11205748892752,-125.02693078963142,33.787581119080116,0.8867139863704033,-0.191203015894915,0.0,-0.4209272064001055
80.79798650741577,0,0,0,0,0,0,0,0,0,1,-33.89,26.726250000000004,7.831750000000003,-7.49775,34.224000000000004,-26.39225,-0.314,0,0,0,0,0,0,0,0,0,1
80.86000680923462,8.484074616861266,-83.48902203973759,40.16720088852647,-32.37541977880679,-86.01320006575274,29.605032710234894,0.8369216870002634,-0.16400424981245457,-2.4872914676561763e-17,-0.5221730516525025,-23.89175,26.228,8.32975,-2.99675,29.22475,-20.895,-0.314,9.1551647,-94.828995,43.316994,-14.516965992900396,-123.2727988177583,34.37591619405539,0.8638497980444237,-0.1762101579247829,0.0,-0.47192531894647416
80.91038131713867,0,0,0,0,0,0,0,0,0,1,-15.639249999999999,23.4805,8.32975,-0.24425,23.72475,-15.395,-0.314,0,0,0,0,0,0,0,0,0,1
80.97873377799988,8.481882325,-83.1765595,40.1010085,-26.93824551167819,-83.94989787377176,29.23017266509727,0.8051212512397041,-0.16840444504877183,0.0,-0.5687000208282293,-10.563,17.32475,6.761750000000001,0.0,17.32475,-10.563,-0.314,9.1551647,-94.828995,43.316994,-12.948274300259413,-122.50940082511022,34.63326785668838,0.8530372122274356,-0.16670727230751875,-4.0671695234657535e-17,-0.4945060160554489
81.10676002502441,8.500470706105176,-82.51456486116888,39.993349718454176,-24.74322786057786,-83.2539518274263,29.706991930578653,0.7917255116690388,-0.16510532016743498,-1.7528534325689032e-17,-0.588141944962955,-9.611,9.611,0.0,0.0,9.611,-9.611,-0.314,9.1551647,-94.828995,43.316994,-12.244514822253791,-122.24915918810807,34.97851687911672,0.8499236370167311,-0.15700436640972676,-2.4492414147686425e-17,-0.5029706156114214
81.17657852172852,0,0,0,0,0,0,0,0,0,1,-8.917,9.21175,0.2947500000000005,0.0,9.21175,-8.917,-0.314,0,0,0,0,0,0,0,0,0,1
81.22327780723572,8.49984926719295,-82.53669638655168,39.996948921403416,-24.41235954446475,-83.21725236505391,30.129578379549812,0.7911116035701189,-0.16150236882388347,-3.508427318013525e-17,-0.5899656054050858,-4.6855,5.3557500000000005,0.6702500000000002,0.0,5.3557500000000005,-4.6855,-0.314,9.1551647,-94.828995,43.316994,-12.17000530762428,-122.27933386479977,35.3785641527185,0.8506263298297824,-0.15180469888097925,-1.631478749381238e-17,-0.5033787643494406
81.3057792186737,0,0,0,0,0,0,0,0,0,1,-0.03325,0.35225,0.319,0.0,0.35225,-0.03325,-0.314,0,0,0,0,0,0,0,0,0,1
81.43284463882446,8.498559418286655,-82.58263223518948,40.00441937086559,-24.444963263256,-83.24964032021478,30.21494826816094,0.7909057940681548,-0.16080117800753482,0.0,-0.5904328971702124,1.5465,-0.8244999999999999,-0.6619999999999999,0.6920000000000001,-1.5165,0.8545,-0.314,9.1551647,-94.828995,43.316994,-12.191259586710288,-122.30683039478302,35.36470065895199,0.8505451664237904,-0.15140804020759777,0.0,-0.5036353097565948
81.56337761878967,8.501756990783639,-82.4687559466467,39.98589991201752,-24.2433972361288,-83.13694750082675,30.223401975426626,0.7898217059002669,-0.15990439449664814,-6.149774938381342e-17,-0.5921252042511386,3.99175,-1.5535,-1.61925,2.02875,-3.58225,1.963,-0.314,9.1551647,-94.828995,43.316994,-12.156108502353334,-122.25939018369414,35.36098210541968,0.8504128078119617,-0.14980225612680137,-2.4478325726632927e-17,-0.5043385176334401
81.66254687309265,8.502720851323952,-82.43442963782732,39.98031749734875,-24.151987341318772,-83.08244980564817,30.357469989326418,0.7893264422808931,-0.15890532329714163,8.790905172080786e-18,-0.5930538472550522,7.14025,-3.4765000000000006,-3.2722500000000005,3.468,-6.944500000000001,3.67225,-0.314,9.1551647,-94.828995,43.316994,-12.143346641052887,-122.23993564510629,35.35332339635861,0.8503201451390568,-0.14890352770928558,-4.8961986448803793e-17,-0.5047607256972588
81.74272179603577,8.503580332748312,-82.4038206196518,39.975339617759104,-24.13213833857054,-83.04598644106126,30.39176926239311,0.7891124873765162,-0.15840250665370698,0.0,-0.593472938011726,9.535,-3.8530000000000006,-3.125000000000001,4.4035,-8.2565,5.1315,-0.314,9.1551647,-94.828995,43.316994,-12.13857585679034,-122.23868820713227,35.49501208156677,0.8504378310497253,-0.14770657060917733,2.447760547767134e-17,-0.5049141159824263
81.80584645271301,0,0,0,0,0,0,0,0,0,1,11.7745,-5.23525,-4.53925,5.53925,-10.7745,6.23525,-0.314,0,0,0,0,0,0,0,0,0,1
81.8591787815094,8.50351216232579,-82.40624839719635,39.97573444206277,-24.087737453827827,-83.05718522094462,30.345909162489306,0.7888122671279472,-0.15840246337863442,-1.7593270777016762e-17,-0.5938719279643114,11.735,-6.29425,-5.743250000000001,5.5920000000000005,-11.88625,6.143,-0.314,9.1551647,-94.828995,43.316994,-12.121644635720713,-122.26091727534488,35.505930061210094,0.8505181996857522,-0.14710314776457872,-1.6316861664973177e-17,-0.5049549048390948
81.98632979393005,8.502546152911025,-82.44065123464715,39.98132930242027,-24.05046303451968,-83.07664598180264,30.449985559679376,0.7888204885223291,-0.15780409874343754,-8.79654370654802e-18,-0.5940202886326068,16.045250000000003,-6.6259999999999994,-7.66075,8.540000000000001,-15.166,7.50525,-0.314,9.1551647,-94.828995,43.316994,-12.091033327245896,-122.21543363432704,35.54190486062884,0.8504271676214248,-0.14650468021700228,0.0,-0.5052821105540101
82.06305384635925,8.50297400475797,-82.42541399438998,39.978851302412444,-24.013953143069102,-83.05295570830694,30.505715253451783,0.7887156774529577,-0.15730312674445318,-8.797712664106509e-18,-0.5942922735963683,16.523,-7.50525,-9.01625,9.017,-16.52225,7.506,-0.314,9.1551647,-94.828995,43.316994,-12.063610132816905,-122.21918644898732,35.565010807686605,0.8503326518268002,-0.14630561797278707,-3.264084421079282e-17,-0.5054988104702154
82.12120771408081,0,0,0,0,0,0,0,0,0,1,21.323,-8.032499999999999,-8.485,10.88775,-18.92025,10.43525,-0.314,0,0,0,0,0,0,0,0,0,1
82.19195556640625,8.504934310059454,-82.355600943285,39.967497754245905,-23.97112778328568,-82.99263552247231,30.443045773317536,0.7884117157800253,-0.1574023389951497,0.0,-0.5946692106538327,24.814999999999998,-10.56025,-10.71525,12.485,-23.04525,12.33,-0.314,9.1551647,-94.828995,43.316994,-12.073507826940272,-122.21826160577908,35.56392438415919,0.850323785630987,-0.14610408688778925,1.6320592275936843e-17,-0.5055720081104895
82.24111485481262,0,0,0,0,0,0,0,0,0,1,24.927,-12.384250000000002,-12.42725,12.485,-24.86925,12.442,-0.314,0,0,0,0,0,0,0,0,0,1
82.353031873703,8.505132519405585,-82.34854204322464,39.96634978032743,-23.992328447870165,-82.98181900145217,30.46130870556287,0.7883060818085257,-0.1573012135842713,-2.6406851592422345e-17,-0.5948359854519609,28.90775,-14.263250000000001,-14.4875,14.566,-28.829250000000002,14.341750000000001,-0.314,9.1551647,-94.828995,43.316994,-12.092701790693525,-122.1734808745881,35.68486353360816,0.8504129500575768,-0.14500220808836858,-8.159440544076185e-18,-0.5057392352031498
82.40950322151184,0,0,0,0,0,0,0,0,0,1,29.85,-14.529250000000001,-14.351750000000001,14.83625,-29.3655,15.01375,-0.314,0,0,0,0,0,0,0,0,0,1
82.48810052871704,8.503852852624528,-82.39411527220875,39.97376125772579,-23.96553885666401,-82.99622606784865,30.665207587955237,0.7884168350878182,-0.15650334182045095,8.801047358576932e-18,-0.5948996538485621,31.21375,-15.31025,-15.025500000000001,15.464500000000001,-30.77475,15.74925,-0.314,9.1551647,-94.828995,43.316994,-12.058198600074121,-122.18375481126321,35.637917010176935,0.8503272464709706,-0.1450046462875347,8.160262925485494e-18,-0.5058826212315699
82.5681414604187,8.50396100947095,-82.39026344390375,39.97313484307269,-23.94714874475514,-82.9891089196615,30.68781621431023,0.7883147680940974,-0.15630292814043822,0.0,-0.5950875742774961,32.9855,-16.241000000000003,-16.549000000000003,16.64675,-32.887750000000004,16.33875,-0.314,9.1551647,-94.828995,43.316994,-12.028829464572908,-122.21538641476995,35.61956229580973,0.8503272464709706,-0.1450046462875347,8.160262925485494e-18,-0.5058826212315699
82.65603995323181,0,0,0,0,0,0,0,0,0,1,35.44725,-17.360500000000002,-17.98125,18.034,-35.3945,17.41325,-0.314,0,0,0,0,0,0,0,0,0,1
82.81751680374146,8.504742138347552,-82.36244482292646,39.96861075985052,-23.94229216726157,-82.98182522372235,30.55772639369188,0.7881056391592411,-0.1568011219644322,8.804522590790885e-18,-0.5952334917291696,35.44725,-17.413250000000005,-18.034000000000002,18.034,-35.447250000000004,17.41325,-0.314,9.1551647,-94.828995,43.316994,-12.049165517554115,-122.19462477411062,35.6384143308797,0.8503242772770382,-0.14470413139125884,0.0,-0.5059736532978611
82.91225576400757,8.505811264782789,-82.32436964228785,39.96241867412317,-23.878590089762497,-82.96117863278987,30.455179996362816,0.7878217109144439,-0.15710432950578715,-2.642308713168016e-17,-0.595529328801173,35.549,-17.42725,-17.94625,18.034,-35.46125,17.515,-0.314,9.1551647,-94.828995,43.316994,-12.052794212588736,-122.17185312155299,35.59881276005052,0.8502385385581327,-0.14470655907946575,-1.6322228619922293e-17,-0.5061170213595982
82.99671959877014,8.505155399291048,-82.34772721371216,39.966217266335114,-23.89729700328283,-82.97362290684512,30.52296783767511,0.7880136490427314,-0.15670271421953805,1.7611100803486094e-17,-0.595381178975779,36.048,-18.014000000000003,-18.034000000000002,18.034,-36.048,18.014,-0.314,9.1551647,-94.828995,43.316994,-12.038086410216067,-122.1802773718116,35.54969338956448,0.8502115491923569,-0.1448019669760683,2.448412013633091e-17,-0.5061350728607868
83.06045794487,0,0,0,0,0,0,0,0,0,1,36.048,-18.014000000000003,-18.034000000000002,18.034,-36.048,18.014,-0.314,0,0,0,0,0,0,0,0,0,1
83.11481142044067,8.503798642057713,-82.39604589243844,39.974075230391676,-23.91491544207679,-83.00036114137212,30.66071636735454,0.7881170970211882,-0.1561033864293966,-8.804394588232973e-18,-0.5954016914051972,36.048,-18.014000000000003,-18.034000000000002,18.034,-36.048,18.014,-0.314,9.1551647,-94.828995,43.316994,-12.01802068960211,-122.19158303534951,35.541353795556894,0.8502115491923569,-0.1448019669760683,2.448412013633091e-17,-0.5061350728607868
83.30979609489441,8.50473772956934,-82.36260183431565,39.968636294279136,-23.874413584735976,-82.97933229157644,30.585767137683945,0.7879287918183622,-0.15640571524354846,-8.806498729274538e-18,-0.5955715500784184,33.77825,-17.36475,-17.6705,17.042,-34.40675,16.736250000000002,-0.314,9.1551647,-94.828995,43.316994,-12.01293310372813,-122.18500847150739,35.59264601309778,0.8502235455301463,-0.14460400456793598,4.080629112418056e-17,-0.5061715168686038
83.40723395347595,8.505327317781783,-82.3416046192518,39.96522156180695,-23.85542919359102,-82.9528140466287,30.61947730792599,0.7879223029321905,-0.15620442152304623,-8.806571254658847e-18,-0.5956329601681591,32.351,-15.704249999999998,-16.646749999999997,16.64675,-32.351,15.70425,-0.314,9.1551647,-94.828995,43.316994,-12.030188271666503,-122.19163647717679,35.560114048505014,0.8501527724178524,-0.14470898267128957,-1.6323875258732305e-17,-0.5062603815078559
83.46827840805054,8.504678112416038,-82.3647250012362,39.96898158040425,-23.84613292396108,-82.99666993461142,30.497451734949607,0.7878123798551256,-0.15660246088513924,-1.761560006250029e-17,-0.5956738397745208,32.351,-15.704249999999998,-16.646749999999997,16.64675,-32.351,15.70425,-0.314,9.1551647,-94.828995,43.316994,-12.027053772122173,-122.18071307250209,35.540856474854124,0.8501497487373578,-0.14440845043838899,-3.264786663390948e-17,-0.5063512655892063
83.53256440162659,0,0,0,0,0,0,0,0,0,1,30.02825,-15.43875,-17.002000000000002,15.79575,-31.2345,14.2325,-0.314,0,0,0,0,0,0,0,0,0,1
83.60115122795105,8.50539737279155,-82.3391097252302,39.96481582249322,-23.908877451368568,-82.97780519992571,30.44081918189353,0.7877267957378625,-0.15670533057270922,-1.761751394379717e-17,-0.5957599639507993,21.39675,-13.331000000000001,-17.323750000000004,12.69475,-26.025750000000002,8.702,-0.314,9.1551647,-94.828995,43.316994,-12.045443884031073,-122.18783022068924,35.518247848499115,0.8501347477876317,-0.1443058982540352,-2.4486332038414456e-17,-0.5064056855260964
83.72389721870422,8.506927941658843,-82.28460103085945,39.955951189344574,-23.89351461000092,-82.90498535440643,30.54693823392313,0.787728096406913,-0.15590556078435663,8.808742427187513e-18,-0.595968037941345,17.6555,-5.212,-12.526499999999999,12.485,-17.697,5.1705000000000005,-0.314,9.1551647,-94.828995,43.316994,-12.033315625953463,-122.1790299338376,35.69138207477265,0.8503357497716583,-0.14310601645575013,-1.6320362646802844e-17,-0.5064087091613241
83.82527136802673,8.507189281601544,-82.27529383837177,39.95443758040568,-23.876529774429798,-82.88890137161563,30.58998263957831,0.7877251445014355,-0.15560496697273504,0.0,-0.596050493644294,16.295749999999998,-4.709500000000002,-13.717250000000002,12.65175,-17.361250000000002,3.644,-0.314,9.1551647,-94.828995,43.316994,-12.030451458776383,-122.15865055204148,35.68263694218417,0.8503206953376125,-0.14300348045781322,1.6320651589344655e-17,-0.5064629499356403
83.90651798248291,0,0,0,0,0,0,0,0,0,1,16.3555,11.783499999999998,-13.8815,21.01025,-9.226750000000001,-4.65475,-0.314,0,0,0,0,0,0,0,0,0,1
83.97579765319824,8.506775389610306,-82.2900339213141,39.95683472877573,-23.90681713603584,-82.90552793875148,30.57562182510901,0.787711552687004,-0.1556022820846741,-5.285356458392115e-17,-0.596069156703709,16.01625,20.256,-18.46975,27.371000000000002,-7.115,-11.354750000000001,-0.314,9.1551647,-94.828995,43.316994,-12.033870581202734,-122.20717787562255,35.48838605166395,0.8501526478473712,-0.14400891811554106,2.4485816475935895e-17,-0.5064601730257721
84.06005930900574,0,0,0,0,0,0,0,0,0,1,11.669749999999997,20.954749999999997,-27.0075,29.816,-8.86125,-18.146250000000002,-0.314,0,0,0,0,0,0,0,0,0,1
84.19816279411316,8.505067239934563,-82.35086686428342,39.96672786103657,-23.90182963390754,-82.95204952890228,30.674671643242917,0.7878248971089711,-0.15510490167758495,-2.6422980268980186e-17,-0.5960489920894306,14.60875,29.119500000000002,-32.47175,38.1,-8.980500000000001,-23.49125,-0.314,9.1551647,-94.828995,43.316994,-12.000865605409444,-122.23805118367305,35.62164336074269,0.8503357497716583,-0.14310601645575013,-1.6320362646802844e-17,-0.5064087091613241
84.27983617782593,8.504208125270738,-82.3814628208853,39.97170361645025,-23.816749497945096,-82.9812416420904,30.703117925815903,0.7878183659547624,-0.1549036111784625,2.6423199320180613e-17,-0.5961099676303355,12.431999999999999,35.3675,-40.8965,44.348,-8.980500000000001,-31.916,-0.314,9.1551647,-94.828995,43.316994,-11.981063071905368,-122.21637092207565,35.73582666041426,0.850515156799076,-0.1419025288063361,1.6316920041782294e-17,-0.5064460883187965
84.34208083152771,8.50617320611097,-82.31147969681749,39.96032240967912,-23.736873581976624,-82.91614313700288,30.675153257329228,0.7876169939090026,-0.15480334009283087,-1.7619970004631245e-17,-0.5964020429222636,10.164749999999998,35.22575,-45.350500000000004,45.3705,-10.14475,-35.20575,-0.314,9.1551647,-94.828995,43.316994,-12.008980461824677,-122.17892305018304,35.65386156887642,0.8504142858757744,-0.1418023820992296,-1.6318855454695025e-17,-0.5066434908388548
84.4143579006195,0,0,0,0,0,0,0,0,0,1,14.029499999999999,36.00925,-51.655750000000005,50.84725,-14.838000000000001,-36.817750000000004,-0.314,0,0,0,0,0,0,0,0,0,1
84.47576832771301,8.507190543697027,-82.27524889091569,39.9544302706964,-23.905945379175193,-82.8720528710984,30.688221380550402,0.7882198225142704,-0.1532038528408859,-1.7606494294379667e-17,-0.596018532321169,15.545000000000002,37.16975,-52.71475,52.71475,-15.545,-37.16975,-0.314,9.1551647,-94.828995,43.316994,-12.258900015598044,-122.28650251101207,35.63005240573591,0.852840720087763,-0.13830660364462669,8.136213176117072e-18,-0.503521587966667
84.59448051452637,8.483627558268775,-83.42530376130527,40.153702742330225,-30.49127540418752,-85.0472351500349,33.78819081831456,0.8214109267645694,-0.10030133425187038,1.2671295835883191e-17,-0.5614478887119139,15.806000000000004,36.73275,-52.557249999999996,52.548,-15.81525,-36.742,-0.314,9.1551647,-94.828995,43.316994,-14.944486875927566,-123.26028127299078,35.980306796635915,0.8750284615071646,-0.0998032462381886,0.0,-0.47367130332407104
84.64931750297546,0,0,0,0,0,0,0,0,0,1,16.455,31.20725,-51.79925,49.73075,-18.523500000000002,-33.27575,-0.314,0,0,0,0,0,0,0,0,0,1
84.72252488136292,8.490849928868643,-84.45469236618639,40.37176949214363,-33.19729125598653,-86.02981847733332,34.31706529749435,0.8356257347196697,-0.08490261474114406,8.303829831467605e-18,-0.5426980536949889,18.20275,26.0015,-46.87675,45.5405,-19.539,-27.33775,-0.314,9.1551647,-94.828995,43.316994,-15.89598181299641,-123.63316034375158,35.86318044041806,0.8827217972366667,-0.09520235085185302,0.0,-0.46015078080510735
84.77965497970581,0,0,0,0,0,0,0,0,0,1,19.090249999999997,26.16725,-44.0155,44.6365,-18.46925,-25.54625,-0.314,0,0,0,0,0,0,0,0,0,1
84.86058688163757,8.500021933333334,-85.76195799999999,40.64870199999999,-36.98934022636561,-87.80863651247375,35.96229203083717,0.8565118720865719,-0.04640064315798826,-6.07600501234431e-18,-0.5140373462009166,16.999999999999996,25.979499999999998,-35.7995,39.3895,-13.41,-22.3895,-0.314,9.1551647,-94.828995,43.316994,-17.06612055125194,-124.16438242267026,35.85432402448913,0.8922251508328592,-0.088402491967748,1.5554132042635263e-17,-0.4428535645506014
84.98501968383789,8.500021933333334,-85.76195799999999,40.64870199999999,-36.95739154656931,-87.85749265309077,35.7216837197104,0.8567313739083717,-0.047201728549638305,0.0,-0.5135984324187526,16.689,14.498750000000001,-21.99125,26.5895,-12.09075,-9.900500000000001,-0.314,9.1551647,-94.828995,43.316994,-17.059024004687217,-124.32486488079577,35.83714788811193,0.8921444850255276,-0.089504462963552,-7.777769207090575e-18,-0.44279472551978566
85.05999875068665,8.497139612431138,-85.35114713792835,40.561675400856366,-34.59203807370358,-86.70766125785585,35.58533596236114,0.8496409167084992,-0.050502432078365356,2.0417136720499637e-18,-0.5249379172901414,17.2335,11.974249999999998,-13.17125,21.1895,-9.215250000000001,-3.956,-0.314,9.1551647,-94.828995,43.316994,-16.161720417481348,-123.86323608493655,36.0633007727299,0.8861073674237299,-0.0922007665912063,7.830759746509479e-18,-0.45421663557974273
85.18381834030151,0,0,0,0,0,0,0,0,0,1,14.12575,14.884500000000001,-1.07125,15.040750000000001,-0.15625,-0.915,-0.314,0,0,0,0,0,0,0,0,0,1
85.24518489837646,8.481882325,-83.1765595,40.1010085,-28.96060251063801,-84.50158328337952,33.19404897214622,0.82003370341705,-0.08170335801118657,8.461717945241903e-18,-0.5664532518662186,10.36275,10.36275,0.0,10.36275,0.0,0.0,-0.314,9.1551647,-94.828995,43.316994,-14.178522197408626,-122.92536776938692,35.82241108306147,0.8661510142453251,-0.12210719182467866,4.005591282458445e-18,-0.48463620812572994
85.32050943374634,8.481882325,-83.1765595,40.1010085,-26.280149705426652,-83.54916218823246,32.87238639031021,0.8052129656557745,-0.09030145404708949,-8.617464198749103e-18,-0.5860697290739507,4.96325,4.96325,0.0,4.96325,0.0,0.0,-0.314,9.1551647,-94.828995,43.316994,-13.215507572012939,-122.61014940456283,35.8775492164323,0.8589212223919683,-0.12680313307637858,0.0,-0.4961605578506831
85.45938467979431,8.483274664865599,-83.12697360431378,40.09294445114174,-25.86317446040286,-83.34214591935415,32.83958533153087,0.8030086514193302,-0.09120098257713938,3.888503880050585e-17,-0.5889477791134566,0.0,0.0,0.0,0.0,0.0,0.0,-0.314,9.1551647,-94.828995,43.316994,-12.993057681912688,-122.51360023206304,35.958136459119935,0.8578161344859386,-0.1261023718333841,1.6178044746303312e-17,-0.4982465968108531
85.53027963638306,0,0,0,0,0,0,0,0,0,1,0.0,0.0,0.0,0.0,0.0,0.0,-0.314,0,0,0,0,0,0,0,0,0,1
85.60175919532776,8.481882325,-83.1765595,40.1010085,-25.833080121030832,-83.40818171219028,33.06147179980297,0.8032226636160137,-0.09010254232047164,4.319408688413464e-18,-0.5888250033082697,0.0,0.0,0.0,0.0,0.0,0.0,-0.314,9.1551647,-94.828995,43.316994,-13.01344734939542,-122.53115164240714,35.944862068178054,0.8578270164368322,-0.12590396522429143,0.0,-0.49827803625273653
85.65268754959106,0,0,0,0,0,0,0,0,0,1,0.0,0.0,0.0,0.0,0.0,0.0,-0.314,0,0,0,0,0,0,0,0,0,1
85.71603536605835,8.481882325,-83.1765595,40.1010085,-25.738002207199315,-83.38520251459371,33.04324690531034,0.8026106437654595,-0.09010119487075491,4.322702394870635e-18,-0.589659163582876,0.0,0.0,0.0,0.0,0.0,0.0,-0.314,9.1551647,-94.828995,43.316994,-12.981754711451572,-122.52349190987495,35.938787103347174,0.8575251858924342,-0.12560368903567318,8.091766886923395e-18,-0.49887299872891094
85.83921408653259,8.481882325,-83.1765595,40.1010085,-25.60901538198445,-83.39189835043285,32.966973943499426,0.8021110884626858,-0.09060125248063745,0.0,-0.5902619882849863,0.0,0.0,0.0,0.0,0.0,0.0,-0.314,9.1551647,-94.828995,43.316994,-12.94611657686167,-122.53327670403229,35.881917241678195,0.8572390882729313,-0.12580573647309232,-1.6188934916364888e-17,-0.4993135910502103
85.90633225440979,0,0,0,0,0,0,0,0,0,1,0.0,0.0,0.0,0.0,0.0,0.0,-0.314,0,0,0,0,0,0,0,0,0,1
85.96799683570862,8.483086109070294,-83.13368870902923,40.09403651435376,-25.5433066036542,-83.33728754932955,32.96710376337401,0.8017150252322758,-0.09070169987347812,-8.655062815988596e-18,-0.590784410726005,0.0,0.0,0.0,0.0,0.0,0.0,-0.314,9.1551647,-94.828995,43.316994,-12.906472185866761,-122.49866302586189,35.91838936179971,0.8570376443724581,-0.12560551707489,-8.09637003633375e-18,-0.49970964590335637
86.02763891220093,0,0,0,0,0,0,0,0,0,1,0.0,0.0,0.0,0.0,0.0,0.0,-0.314,0,0,0,0,0,0,0,0,0,1
86.09808444976807,8.484481599188024,-83.08399062229151,40.085954220103176,-25.468557597546493,-83.27001676305977,33.07974135656809,0.8015053642692087,-0.09030060435871436,3.030064394618088e-17,-0.5911302326054166,0.0,0.0,0.0,0.0,0.0,0.0,-0.314,9.1551647,-94.828995,43.316994,-12.885488239148003,-122.46171051875722,35.942765296628636,0.856926202047502,-0.125303831388204,0.0,-0.4999764335285017
86.22004699707031,8.485830434199881,-83.03595408046118,40.07814213937053,-25.449526737157413,-83.22871541512252,33.03356750020525,0.8012183369130141,-0.09040206896771899,1.2990642345958747e-17,-0.5915037130235952,0.0,0.0,0.0,0.0,0.0,0.0,-0.314,9.1551647,-94.828995,43.316994,-12.882353739603673,-122.45078711408252,35.923507722977746,0.8568254118447473,-0.12520371330877958,-8.098375477645758e-18,-0.5001742134404493
86.29799485206604,8.486217037527442,-83.02218583842053,40.075903039421405,-25.446392237613054,-83.21779201044782,33.01430992655436,0.8010184843966991,-0.09020208151383555,-1.2993883485348107e-17,-0.591804842955333,0.0,0.0,0.0,0.0,0.0,0.0,-0.314,9.1551647,-94.828995,43.316994,-12.867098127239132,-122.45459337057007,35.96537392298363,0.8568200530885671,-0.12490292323851779,4.049213063405027e-18,-0.5002585895232365
86.34092307090759,0,0,0,0,0,0,0,0,0,1,0.0,0.0,0.0,0.0,0.0,0.0,-0.314,0,0,0,0,0,0,0,0,0,1
86.42834091186523,8.485790183488774,-83.03738754337604,40.07837526039864,-25.392680792725685,-83.22578678228614,33.070445158907674,0.8010228043111963,-0.09000256228215692,-2.1656355682264307e-17,-0.5918293721640328,0.0,0.0,0.0,0.0,0.0,0.0,-0.314,9.1551647,-94.828995,43.316994,-12.847302738992425,-122.45644305698656,35.96754677003845,0.8567406255969817,-0.1248059181446286,-4.049588461544103e-18,-0.5004188078477552
86.46834683418274,0,0,0,0,0,0,0,0,0,1,0.0,0.0,0.0,0.0,0.0,0.0,-0.314,0,0,0,0,0,0,0,0,0,1
86.59901142120361,8.486757190711819,-83.00294917062354,40.072774621010524,-25.339733875695828,-83.19063051977068,33.07823368784331,0.8009136060584017,-0.09000152896148852,0.0,-0.5919772972125888,0.0,0.0,0.0,0.0,0.0,0.0,-0.314,9.1551647,-94.828995,43.316994,-12.839628463565987,-122.44356308224081,35.908595843436515,0.8566398118988052,-0.12510581422897565,1.6200260150241345e-17,-0.5005165011426541
86.67344236373901,0,0,0,0,0,0,0,0,0,1,0.0,0.0,0.0,0.0,0.0,0.0,-0.314,0,0,0,0,0,0,0,0,0,1
86.7134997844696,8.48527705468087,-83.05566178242573,40.08134716106726,-25.3525493514978,-83.24839810936194,33.05376597089251,0.8009213166106571,-0.09030240340859325,1.732727987131439e-17,-0.5919210424856369,0.0,0.0,0.0,0.0,0.0,0.0,-0.314,9.1551647,-94.828995,43.316994,-12.842762963110317,-122.45448648691551,35.927853417087405,0.8566504937483749,-0.12490736244358162,-8.100029072002612e-18,-0.5005477823026022
86.7724506855011,0,0,0,0,0,0,0,0,0,1,0.0,0.0,0.0,0.0,0.0,0.0,-0.314,0,0,0,0,0,0,0,0,0,1
86.84127044677734,8.485447344315585,-83.04959719699508,40.080360890424345,-25.386195075771298,-83.25170900106156,32.989291144531634,0.8008176356154845,-0.0907019974404651,8.664761607771291e-18,-0.5920002214083497,0.0,0.0,0.0,0.0,0.0,0.0,-0.314,9.1551647,-94.828995,43.316994,-12.856065489145237,-122.45502907126055,35.95653700827329,0.8566344307540612,-0.12480501629477798,-1.2150271436905463e-17,-0.5006007989948933
86.96235156059265,8.48660400761554,-83.00840453480622,40.07366181529632,-25.33832859935805,-83.19959735437433,33.05779790854314,0.800634054256247,-0.09040384524702065,-8.66674839400024e-18,-0.5922940620416162,0.0,0.0,0.0,0.0,0.0,0.0,-0.314,9.1551647,-94.828995,43.316994,-12.823508239598112,-122.4374242190892,35.95105114626705,0.8565442812674724,-0.12490645736171317,-1.62020669699397e-17,-0.5007297386188838
87.04759073257446,8.486563756904435,-83.00983799772106,40.07389493632442,-25.281482654926293,-83.19666872153795,33.09467556724556,0.8006242119614405,-0.09020272785276283,-4.333427468367281e-18,-0.5923380277417979,0.0,0.0,0.0,0.0,0.0,0.0,-0.314,9.1551647,-94.828995,43.316994,-12.788410769742683,-122.42829705900371,35.91520616672287,0.8564273936150398,-0.12510400156613907,-2.4306417411349973e-17,-0.5008803332712205
87.16044402122498,0,0,0,0,0,0,0,0,0,1,0.0,0.0,0.0,0.0,0.0,0.0,-0.314,0,0,0,0,0,0,0,0,0,1
87.2237765789032,8.48607440331694,-83.02726552137587,40.076729137467424,-25.28066451256717,-83.20150670488829,33.17514869667508,0.8006165114658199,-0.08990185408540745,-1.3000407444513716e-17,-0.5923941746846494,0.0,0.0,0.0,0.0,0.0,0.0,-0.314,9.1551647,-94.828995,43.316994,-12.77937768722262,-122.43916702185113,35.915703487425645,0.8564327282631514,-0.12500477701178644,-8.102088669566995e-18,-0.5008959848950364
87.27657628059387,0,0,0,0,0,0,0,0,0,1,0.0,0.0,0.0,0.0,0.0,0.0,-0.314,0,0,0,0,0,0,0,0,0,1
87.43094205856323,8.48732967238582,-82.98256117680768,40.06945896489546,-25.28850903661518,-83.1518345485197,33.19685446374642,0.8005278700386201,-0.08960311949464134,-3.0337642913673515e-17,-0.5925592040195301,0.0,0.0,0.0,0.0,0.0,0.0,-0.314,9.1551647,-94.828995,43.316994,-12.785863404177007,-122.41324480307571,35.996857501801685,0.8564326447405214,-0.12460474957341079,-8.102089459714075e-18,-0.5009957898091594
87.47652220726013,8.488295681800587,-82.94815833935684,40.063864104537956,-25.32578345592333,-83.13237378766165,33.092778066556335,0.8004242469608467,-0.09000272641988533,4.334510061541557e-18,-0.5926386201675932,0.0,0.0,0.0,0.0,0.0,0.0,-0.314,9.1551647,-94.828995,43.316994,-12.808793291968044,-122.4223185213339,36.01394222839774,0.8564432613427112,-0.12440628410910004,-8.101989024968911e-18,-0.501026961924033
87.5267014503479,0,0,0,0,0,0,0,0,0,1,0.0,0.0,0.0,0.0,0.0,0.0,-0.314,0,0,0,0,0,0,0,0,0,1
87.59641861915588,8.487565608252094,-82.9741587087446,40.06809248936743,-25.307724436140575,-83.1776436613704,32.98176225534513,0.800411347568698,-0.09060128446992008,-2.6007479497827868e-17,-0.5925648335293462,0.0,0.0,0.0,0.0,0.0,0.0,-0.314,9.1551647,-94.828995,43.316994,-12.802577907380908,-122.43878476298792,35.9433006550841,0.8563318244201579,-0.12490464191297179,1.6206086720193336e-17,-0.5010934412999595
87.65182948112488,0,0,0,0,0,0,0,0,0,1,0.0,0.0,0.0,0.0,0.0,0.0,-0.314,0,0,0,0,0,0,0,0,0,1
87.80142402648926,8.486401389491197,-83.01562044625575,40.07483532364341,-25.249249352247972,-83.20792094324857,33.06757572028987,0.8004178096746143,-0.09030200926239093,4.3345449214379825e-18,-0.5926017862602743,0.0,0.0,0.0,0.0,0.0,0.0,-0.314,9.1551647,-94.828995,43.316994,-12.766399108056504,-122.4674815113881,35.86540591129031,0.8563318606843905,-0.12530466208543045,-8.103043016946236e-18,-0.50099349899621
87.84828019142151,0,0,0,0,0,0,0,0,0,1,0.0,0.0,0.0,0.0,0.0,0.0,-0.314,0,0,0,0,0,0,0,0,0,1
