Time(s),Proj_X,Proj_Y,Proj_Z,Raw_X,Raw_Y,Raw_Z,Q0,QX,QY,QZ,Axis_0,Axis_1,Axis_2,Axis_3,Axis_4,Axis_5,Axis_6
0.09204936027526855,10.534995227500104,-154.877678639638,50.08873515557798,10.534995227500104,-154.877678639638,50.08873515557798,2.784803127647583e-17,-0.658541567320091,0.7475099946941756,-0.08690116192498176,0.60075,-0.60075,0.0,0.0,-0.60075,0.60075,-0.00825
0.2010362148284912,10.484354182823097,-154.8825234269083,50.11893470243432,10.484354182823097,-154.8825234269083,50.11893470243432,-9.282698471082448e-18,-0.6585171248379972,0.747508273108659,-0.08710096399700895,0.60075,-0.60075,0.0,0.0,-0.60075,0.60075,-0.00825
0.26854395866394043,10.47370318448634,-154.91204274774873,50.122829048534854,10.47370318448634,-154.91204274774873,50.122829048534854,2.784437059656381e-17,-0.6584168195109364,0.7476082693099412,-0.08700096231937518,0.60075,-0.60075,0.0,0.0,-0.60075,0.60075,-0.00825
0.32747769355773926,10.47370318448634,-154.91204274774873,50.122829048534854,10.47370318448634,-154.91204274774873,50.122829048534854,2.784437059656381e-17,-0.6584168195109364,0.7476082693099412,-0.08700096231937518,0.60075,-0.60075,0.0,0.0,-0.60075,0.60075,-0.00825
0.39635443687438965,10.573668619303675,-154.9140047390241,50.12457902911025,10.573668619303675,-154.9140047390241,50.12457902911025,-4.640717735630377e-18,-0.6584412331919578,0.7476099925914452,-0.0868011601885199,0.60075,-0.60075,0.0,0.0,-0.60075,0.60075,-0.00825
0.521583080291748,10.635678798747591,-154.79088066669794,50.1489757596117,10.635678798747591,-154.79088066669794,50.1489757596117,9.284000038328714e-18,-0.6586493551155305,0.7474034764390578,-0.08700040466978597,0.60075,-0.60075,0.0,0.0,-0.60075,0.60075,-0.00825
0.5780777931213379,10.635678798747591,-154.79088066669794,50.1489757596117,10.635678798747591,-154.79088066669794,50.1489757596117,9.284000038328714e-18,-0.6586493551155305,0.7474034764390578,-0.08700040466978597,0.60075,-0.60075,0.0,0.0,-0.60075,0.60075,-0.00825
0.6426069736480713,10.56540567152885,-154.76289794213545,50.19456802558914,10.56540567152885,-154.76289794213545,50.19456802558914,9.285161444528862e-18,-0.658742109172042,0.7473099897466905,-0.08710116433418535,0.60075,-0.60075,0.0,0.0,-0.60075,0.60075,-0.00825
0.7025377750396729,10.56540567152885,-154.76289794213545,50.19456802558914,10.56540567152885,-154.76289794213545,50.19456802558914,9.285161444528862e-18,-0.658742109172042,0.7473099897466905,-0.08710116433418535,0.60075,-0.60075,0.0,0.0,-0.60075,0.60075,-0.00825
0.7764015197753906,10.454356807551306,-154.83415535540576,50.172420094233665,10.454356807551306,-154.83415535540576,50.172420094233665,-1.3924153324665093e-17,-0.6585368673608789,0.7475026030791848,-0.08700030296707569,0.60075,-0.60075,0.0,0.0,-0.60075,0.60075,-0.00825
0.9049999713897705,10.433423560126073,-154.9085383576288,50.141941115698934,10.433423560126073,-154.9085383576288,50.141941115698934,4.640723079864567e-18,-0.6584290332270031,0.747609131647404,-0.0869010614501865,0.60075,-0.60075,0.0,0.0,-0.60075,0.60075,-0.00825
0.950509786605835,10.433423560126073,-154.9085383576288,50.141941115698934,10.433423560126073,-154.9085383576288,50.141941115698934,4.640723079864567e-18,-0.6584290332270031,0.747609131647404,-0.0869010614501865,0.60075,-0.60075,0.0,0.0,-0.60075,0.60075,-0.00825
1.0240297317504883,10.492748366161436,-154.93943107236197,50.14706044820224,10.492748366161436,-154.93943107236197,50.14706044820224,4.640148516734747e-18,-0.6583240218037649,0.7477017038228444,-0.08690019802354577,0.60075,-0.60075,0.0,0.0,-0.60075,0.60075,-0.00825
1.072437047958374,10.492748366161436,-154.93943107236197,50.14706044820224,10.492748366161436,-154.93943107236197,50.14706044820224,4.640148516734747e-18,-0.6583240218037649,0.7477017038228444,-0.08690019802354577,0.60075,-0.60075,0.0,0.0,-0.60075,0.60075,-0.00825
1.161510705947876,10.492748366161436,-154.93943107236197,50.14706044820224,10.492748366161436,-154.93943107236197,50.14706044820224,4.640148516734747e-18,-0.6583240218037649,0.7477017038228444,-0.08690019802354577,0.60075,-0.60075,0.0,0.0,-0.60075,0.60075,-0.00825
1.2901976108551025,10.491868014861495,-154.93127229153265,50.206496626384954,10.491868014861495,-154.93127229153265,50.206496626384954,-9.281407749643867e-18,-0.6583725548274066,0.7476122255455782,-0.08730142762189534,0.60075,-0.60075,0.0,0.0,-0.60075,0.60075,-0.00825
1.42995023727417,10.45348807349123,-154.89766578575632,50.15084069345844,10.45348807349123,-154.89766578575632,50.15084069345844,-3.248923557929519e-17,-0.6584851049378817,0.747513083353442,-0.0873015279956595,0.60075,-0.60075,0.0,0.0,-0.60075,0.60075,-0.00825
1.5289835929870605,10.45348807349123,-154.89766578575632,50.15084069345844,10.45348807349123,-154.89766578575632,50.15084069345844,-3.248923557929519e-17,-0.6584851049378817,0.747513083353442,-0.0873015279956595,0.60075,-0.60075,0.0,0.0,-0.60075,0.60075,-0.00825
1.6398231983184814,10.454154145586102,-154.93961947696826,50.065755770342435,10.454154145586102,-154.93961947696826,50.065755770342435,2.784440276596212e-17,-0.6584045920447936,0.7476074055777077,-0.08710086279536965,0.60075,-0.60075,0.0,0.0,-0.60075,0.60075,-0.00825
1.7032530307769775,10.473849909703006,-154.9134025445536,50.11292301883773,10.473849909703006,-154.9134025445536,50.11292301883773,2.784440276596212e-17,-0.6584045920447936,0.7476074055777077,-0.08710086279536965,0.60075,-0.60075,0.0,0.0,-0.60075,0.60075,-0.00825
1.8313992023468018,10.525141536821735,-154.85495250025537,50.1056593208093,10.525141536821735,-154.85495250025537,50.1056593208093,-9.282698471082448e-18,-0.6585171248379972,0.747508273108659,-0.08710096399700895,0.8634999999999999,-0.48450000000000004,0.5169999999999999,-0.069,-0.41550000000000004,0.9325,-0.00825
1.8950409889221191,10.525141536821735,-154.85495250025537,50.1056593208093,10.525141536821735,-154.85495250025537,50.1056593208093,-9.282698471082448e-18,-0.6585171248379972,0.747508273108659,-0.08710096399700895,0.7157499999999999,-0.5712500000000001,2.382,-1.1187500000000001,0.5475,1.8345,-0.00825
1.9566113948822021,10.536300264796864,-154.79435786264213,50.10760166024782,10.536300264796864,-154.79435786264213,50.10760166024782,9.284000038328714e-18,-0.6586493551155305,0.7474034764390578,-0.08700040466978597,0.7834999999999996,-0.5025000000000004,6.372999999999999,-3.0460000000000003,2.5435,3.8295,-0.00825
2.0112390518188477,10.536300264796864,-154.79435786264213,50.10760166024782,10.536300264796864,-154.79435786264213,50.10760166024782,9.284000038328714e-18,-0.6586493551155305,0.7474034764390578,-0.08700040466978597,0.9337500000000003,-0.4790000000000001,7.72575,-3.6355,3.1565,4.56925,-0.00825
2.0748536586761475,10.544837300938582,-154.8287355678407,50.1528265693046,10.544837300938582,-154.8287355678407,50.1528265693046,4.6419595416360937e-17,-0.6586418593146828,0.7474099937395793,-0.08700116330658739,1.3415000000000008,-0.5592499999999996,14.795250000000001,-7.0065,6.44725,8.348,-0.00825
2.2201004028320312,10.515216419741648,-154.8434913310003,50.11403390439619,10.515216419741648,-154.8434913310003,50.11403390439619,2.784803127647583e-17,-0.658541567320091,0.7475099946941756,-0.08690116192498176,2.2337500000000006,-1.745,19.04375,-9.2775,7.5325,11.51125,-0.00825
2.2625555992126465,10.515216419741648,-154.8434913310003,50.11403390439619,10.515216419741648,-154.8434913310003,50.11403390439619,2.784803127647583e-17,-0.658541567320091,0.7475099946941756,-0.08690116192498176,2.2482500000000005,-1.736749999999999,23.071,-11.27975,9.543000000000001,13.528,-0.00825
2.3384451866149902,10.51609289862833,-154.82776037476967,50.081602919199455,10.51609289862833,-154.82776037476967,50.081602919199455,-4.641379092775297e-18,-0.6585490798301271,0.7475034645099567,-0.08690040276376622,1.8819999999999997,-1.8822500000000009,24.41525,-12.20775,10.3255,14.08975,-0.00825
2.404038667678833,10.51609289862833,-154.82776037476967,50.081602919199455,10.51609289862833,-154.82776037476967,50.081602919199455,-4.641379092775297e-18,-0.6585490798301271,0.7475034645099567,-0.08690040276376622,2.244999999999999,-1.7102500000000003,25.49125,-12.478250000000001,10.768,14.72325,-0.00825
2.4710869789123535,10.515359272545027,-154.82096139074523,50.13113306768505,10.515359272545027,-154.82096139074523,50.13113306768505,2.320982439094034e-17,-0.6586296305494433,0.7474091344930359,-0.08710106450942391,2.295,-2.1645000000000003,26.765500000000003,-13.3175,11.153,15.6125,-0.00825
2.5830886363983154,10.495215587951634,-154.7953194586253,50.16769429425307,10.495215587951634,-154.7953194586253,50.16769429425307,2.785206430630586e-17,-0.658624887632961,0.7474017538803641,-0.08720020462719796,2.7510000000000012,-2.4380000000000006,29.536500000000004,-14.61175,12.17375,17.362750000000002,-0.00825
2.67875337600708,10.495215587951634,-154.7953194586253,50.16769429425307,10.495215587951634,-154.7953194586253,50.16769429425307,2.785206430630586e-17,-0.658624887632961,0.7474017538803641,-0.08720020462719796,2.562750000000001,-2.500250000000001,33.2995,-16.6185,14.11825,19.181250000000002,-0.00825
2.7601351737976074,10.534618733425248,-154.81455480497587,50.18101321228573,10.534618733425248,-154.81455480497587,50.18101321228573,2.320982439094034e-17,-0.6586296305494433,0.7474091344930359,-0.08710106450942391,2.8637499999999996,-3.231,35.59725,-17.98225,14.75125,20.846,-0.00825
2.832808256149292,10.563807183798758,-154.84349912552153,50.19551358031354,10.563807183798758,-154.84349912552153,50.19551358031354,-1.3924153324665093e-17,-0.6585368673608789,0.7475026030791848,-0.08700030296707569,3.16,-3.200000000000001,37.6925,-18.86625,15.66625,22.02625,-0.00825
2.890554189682007,10.563807183798758,-154.84349912552153,50.19551358031354,10.563807183798758,-154.84349912552153,50.19551358031354,-1.3924153324665093e-17,-0.6585368673608789,0.7475026030791848,-0.08700030296707569,3.3230000000000004,-3.089500000000001,39.7755,-19.771,16.6815,23.094,-0.00825
3.0163052082061768,10.564461638653796,-154.8137836055536,50.19144423615547,10.564461638653796,-154.8137836055536,50.19144423615547,4.6419595416360937e-17,-0.6586418593146828,0.7474099937395793,-0.08700116330658739,3.9570000000000007,-3.2137499999999974,51.00325,-25.13,21.91625,29.087,-0.00825
3.087480306625366,10.554901398408703,-154.79377705978075,50.18855634199255,10.554901398408703,-154.79377705978075,50.18855634199255,9.284010728220986e-18,-0.6586371282486196,0.7474026158559671,-0.08710030484486854,3.896000000000001,-3.5227499999999985,53.889250000000004,-26.758,23.23525,30.654,-0.00825
3.1519129276275635,10.554901398408703,-154.79377705978075,50.18855634199255,10.554901398408703,-154.79377705978075,50.18855634199255,9.284010728220986e-18,-0.6586371282486196,0.7474026158559671,-0.08710030484486854,4.009749999999997,-3.8922500000000007,55.6065,-27.744500000000002,23.85225,31.75425,-0.00825
3.260810613632202,10.574973656600463,-154.83068396202822,50.1434455337801,10.574973656600463,-154.83068396202822,50.1434455337801,0.0,-0.6585048829714962,0.7475074102261163,-0.087200864443769,4.296750000000003,-4.536749999999998,53.3995,-26.81975,22.283,31.116500000000002,-0.00825
3.325352668762207,10.525431114841751,-154.8337823568052,50.11285245440104,10.525431114841751,-154.8337823568052,50.11285245440104,-9.282698471082448e-18,-0.6585171248379972,0.747508273108659,-0.08710096399700895,5.082000000000001,-5.039249999999999,53.312250000000006,-26.63475,21.5955,31.71675,-0.00825
3.466498613357544,10.515505997761693,-154.8223211875501,50.121227037987936,10.515505997761693,-154.8223211875501,50.121227037987936,4.6419595416360937e-17,-0.6586418593146828,0.7474099937395793,-0.08700116330658739,5.5425,-5.7835,50.6605,-25.45075,19.66725,30.99325,-0.00825
3.508084535598755,10.515505997761693,-154.8223211875501,50.121227037987936,10.515505997761693,-154.8223211875501,50.121227037987936,4.6419595416360937e-17,-0.6586418593146828,0.7474099937395793,-0.08700116330658739,5.38025,-5.88325,47.7855,-24.14425,18.261,29.5245,-0.00825
3.5760304927825928,10.514415239669972,-154.87184705416337,50.128009278251376,10.514415239669972,-154.87184705416337,50.128009278251376,3.2489407205371867e-17,-0.6585293529545407,0.7475091345975615,-0.08700106315717439,5.422499999999999,-5.8125,45.478,-22.934,17.1215,28.3565,-0.00825
3.636960983276367,10.514415239669972,-154.87184705416337,50.128009278251376,10.514415239669972,-154.87184705416337,50.128009278251376,3.2489407205371867e-17,-0.6585293529545407,0.7475091345975615,-0.08700106315717439,5.193000000000001,-5.962,38.426,-19.5975,13.6355,24.7905,-0.00825
3.7033257484436035,10.50391483896317,-154.92661590886865,50.094992401668804,10.50391483896317,-154.92661590886865,50.094992401668804,1.39222174937165e-17,-0.6583923508296108,0.7476065404493522,-0.08720076287745251,5.592750000000002,-5.776249999999999,35.276,-17.72975,11.9535,23.3225,-0.00825
3.843085765838623,10.574326946572,-154.9081789561161,50.09350449196621,10.574326946572,-154.9081789561161,50.09350449196621,2.784440276596212e-17,-0.6584045920447936,0.7476074055777077,-0.08710086279536965,5.28275,-5.8515000000000015,27.43025,-13.999500000000001,8.148,19.28225,-0.00825
3.8890867233276367,10.574326946572,-154.9081789561161,50.09350449196621,10.574326946572,-154.9081789561161,50.09350449196621,2.784440276596212e-17,-0.6584045920447936,0.7476074055777077,-0.08710086279536965,4.928499999999998,-6.051500000000001,21.451,-11.287,5.2355,16.2155,-0.00825
3.9705400466918945,10.535209506705144,-154.84388372925537,50.11438390051127,10.535209506705144,-154.84388372925537,50.11438390051127,-1.3924153324665093e-17,-0.6585368673608789,0.7475026030791848,-0.08700030296707569,6.6579999999999995,-5.907,7.789,-3.519,-2.388,10.177,-0.00825
4.013116359710693,10.535209506705144,-154.84388372925537,50.11438390051127,10.535209506705144,-154.84388372925537,50.11438390051127,-1.3924153324665093e-17,-0.6585368673608789,0.7475026030791848,-0.08700030296707569,8.91525,-5.426,4.937749999999999,-0.7242500000000001,-4.7017500000000005,9.6395,-0.00825
4.075015068054199,10.494128702273201,-154.86873506229853,50.14747134153053,10.494128702273201,-154.86873506229853,50.14747134153053,-9.282698471082448e-18,-0.6585171248379972,0.747508273108659,-0.08710096399700895,11.16425,-5.39275,5.153499999999999,0.309,-5.7017500000000005,10.85525,-0.00825
4.211199760437012,10.52353143185178,-154.8638844724616,50.187620454491636,10.52353143185178,-154.8638844724616,50.187620454491636,0.0,-0.658480357992773,0.7475056802746989,-0.08740066415519555,23.192,-5.346500000000001,8.606,4.61975,-9.96625,18.57225,-0.00825
4.30594539642334,10.584089848782241,-154.8227213803264,50.203056710020356,10.584089848782241,-154.8227213803264,50.203056710020356,1.856790230903092e-17,-0.6586051317673817,0.7474074118251194,-0.08730086573766781,26.950000000000003,-7.078500000000001,7.515500000000001,6.178,-13.2565,20.772000000000002,-0.00825
4.387878894805908,10.584089848782241,-154.8227213803264,50.203056710020356,10.584089848782241,-154.8227213803264,50.203056710020356,1.856790230903092e-17,-0.6586051317673817,0.7474074118251194,-0.08730086573766781,29.648250000000004,-8.116249999999999,7.7215000000000025,6.9052500000000006,-15.0215,22.743000000000002,-0.00825
4.4500532150268555,10.563517605778742,-154.86466926897174,50.1883204467218,10.563517605778742,-154.86466926897174,50.1883204467218,-4.641359959665516e-18,-0.6584926273560756,0.747506545948581,-0.08730076449673728,34.377250000000004,-9.12275,8.399999999999999,8.42725,-17.55,25.95,-0.00825
4.510441780090332,10.563517605778742,-154.86466926897174,50.1883204467218,10.563517605778742,-154.86466926897174,50.1883204467218,-4.641359959665516e-18,-0.6584926273560756,0.747506545948581,-0.08730076449673728,36.676500000000004,-9.284500000000001,8.078,9.657,-18.9415,27.0195,-0.00825
4.64162015914917,10.531917870363571,-154.87301264379533,50.26975658623151,10.531917870363571,-154.87301264379533,50.26975658623151,1.85677616708608e-17,-0.6585853560409541,0.7474130729280886,-0.0874015287314891,41.891,-10.958499999999999,9.905000000000001,10.51375,-21.47225,31.37725,-0.00825
4.713213205337524,10.513523271130168,-154.79201906215414,50.268461035392036,10.513523271130168,-154.79201906215414,50.268461035392036,-2.321295698139035e-17,-0.6587176090932538,0.7473082715689869,-0.08730096628927148,45.61025,-10.00125,10.101999999999997,12.7535,-22.75475,32.85675,-0.00825
4.771687030792236,10.513523271130168,-154.79201906215414,50.268461035392036,10.513523271130168,-154.79201906215414,50.268461035392036,-2.321295698139035e-17,-0.6587176090932538,0.7473082715689869,-0.08730096628927148,48.798,-12.4395,10.294000000000004,13.03225,-25.47175,35.765750000000004,-0.00825
4.893882513046265,10.515355400131739,-154.79707165368526,50.15813826067103,10.515355400131739,-154.79707165368526,50.15813826067103,9.284010728220986e-18,-0.6586371282486196,0.7474026158559671,-0.08710030484486854,53.94875,-12.854249999999999,12.354,14.37025,-27.2245,39.5785,-0.00825
4.967527151107788,10.514641136114875,-154.90972135496065,50.07264244422673,10.514641136114875,-154.90972135496065,50.07264244422673,4.640723079864567e-18,-0.6584290332270031,0.747609131647404,-0.0869010614501865,58.655,-13.728,13.285999999999998,15.820500000000001,-29.5485,42.8345,-0.00825
5.077253580093384,10.50310591406489,-154.90719215791177,50.16297816149595,10.50310591406489,-154.90719215791177,50.16297816149595,-9.281527408124503e-18,-0.6584365643514627,0.7476025872458589,-0.08690030073791484,62.9415,-15.463250000000002,14.662749999999996,16.40775,-31.871000000000002,46.53375,-0.00825
5.143209934234619,10.50310591406489,-154.90719215791177,50.16297816149595,10.50310591406489,-154.90719215791177,50.16297816149595,-9.281527408124503e-18,-0.6584365643514627,0.7476025872458589,-0.08690030073791484,64.80925,-15.632000000000001,15.119250000000001,17.029,-32.661,47.78025,-0.00825
5.215791940689087,10.533599401735216,-154.85281570146157,50.196345034193605,10.533599401735216,-154.85281570146157,50.196345034193605,-1.855795665491731e-17,-0.6584124861360088,0.7478079653848774,-0.08530090859498539,70.899,-17.323999999999998,16.2795,18.647750000000002,-35.97175,52.25125,-0.00825
5.271979093551636,10.533599401735216,-154.85281570146157,50.196345034193605,10.533599401735216,-154.85281570146157,50.196345034193605,-1.855795665491731e-17,-0.6584124861360088,0.7478079653848774,-0.08530090859498539,71.941,-18.25525,16.33925,18.67325,-36.9285,53.26775,-0.00825
5.340390682220459,10.6409492893074,-154.768164140494,49.873374269473345,10.6409492893074,-154.768164140494,49.873374269473345,0.0,-0.6577022188150284,0.7504073671083216,-0.06570064501468112,74.2645,-18.815750000000005,18.102249999999998,18.67325,-37.489000000000004,55.59125,-0.00825
5.45316481590271,10.42047328356216,-154.97341620600835,49.66610169412212,10.42047328356216,-154.97341620600835,49.66610169412212,1.3833446179332987e-17,-0.6560542022342752,0.7524040445836833,-0.0590003171590076,81.74275,-19.629,18.972250000000003,21.57075,-41.19975,60.172000000000004,-0.00825
5.516880989074707,10.42047328356216,-154.97341620600835,49.66610169412212,10.42047328356216,-154.97341620600835,49.66610169412212,1.3833446179332987e-17,-0.6560542022342752,0.7524040445836833,-0.0590003171590076,84.57600000000001,-20.00375,19.650750000000002,22.46075,-42.4645,62.11525,-0.00825
5.5980260372161865,10.505938146007452,-154.96625383656203,49.363538547405405,10.505938146007452,-154.96625383656203,49.363538547405405,-4.594029952226397e-18,-0.6534984503704945,0.7552077343928119,-0.05100052231731118,85.9105,-20.73775,20.13725,22.51775,-43.2555,63.39275,-0.00825
5.673434257507324,10.505938146007452,-154.96625383656203,49.363538547405405,10.505938146007452,-154.96625383656203,49.363538547405405,-4.594029952226397e-18,-0.6534984503704945,0.7552077343928119,-0.05100052231731118,84.81625,-20.6365,19.948749999999997,22.1155,-42.752,62.70075,-0.00825
5.761228322982788,10.31486099742753,-155.14276557517945,49.223420278001264,10.31486099742753,-155.14276557517945,49.223420278001264,0.0,-0.6513232672706445,0.7572100945131841,-0.049100654570255316,79.57875,-20.195,19.442749999999997,19.9705,-40.1655,59.60825,-0.00825
5.897664546966553,10.288199578006015,-154.88677545958964,49.31911891662666,10.288199578006015,-154.88677545958964,49.31911891662666,0.0,-0.652006773099039,0.7566086322350205,-0.049300562475795014,60.90425,-16.627000000000002,17.182249999999996,13.5475,-30.174500000000002,47.35675,-0.00825
5.972414493560791,10.140240040958133,-155.19147564049476,49.429417489386985,10.140240040958133,-155.19147564049476,49.429417489386985,-1.3785736342670974e-17,-0.6531007870490787,0.7550079732515933,-0.05850061779499101,58.898,-16.238500000000002,15.564500000000002,13.5475,-29.786,45.350500000000004,-0.00825
6.020472288131714,10.140240040958133,-155.19147564049476,49.429417489386985,10.140240040958133,-155.19147564049476,49.429417489386985,-1.3785736342670974e-17,-0.6531007870490787,0.7550079732515933,-0.05850061779499101,55.667500000000004,-15.7035,15.275500000000001,12.34425,-28.04775,43.32325,-0.00825
6.09294867515564,10.22272780252419,-154.89433022729105,49.62203205945845,10.22272780252419,-154.89433022729105,49.62203205945845,1.8446854158626857e-17,-0.6552570298812754,0.7523118949430396,-0.06830107992105489,51.253,-15.512749999999999,13.975750000000001,10.88225,-26.395,40.37075,-0.00825
6.137957811355591,10.22272780252419,-154.89433022729105,49.62203205945845,10.22272780252419,-154.89433022729105,49.62203205945845,1.8446854158626857e-17,-0.6552570298812754,0.7523118949430396,-0.06830107992105489,46.87425,-17.14475,14.997000000000003,7.36625,-24.511,39.508,-0.00825
6.268983364105225,10.359808588510447,-154.81083663473134,49.885162593822784,10.359808588510447,-154.81083663473134,49.885162593822784,0.0,-0.6562739900917394,0.7507054855000785,-0.07580055388424933,30.220750000000002,-10.04675,15.894000000000002,2.14,-12.18675,28.080750000000002,-0.00825
6.335346698760986,10.526251656979866,-154.92487531894196,49.96385111561595,10.526251656979866,-154.92487531894196,49.96385111561595,-1.3885062380903085e-17,-0.6567964006995444,0.7496070647961963,-0.08190077188741787,23.62075,-7.257,12.08375,2.14,-9.397,21.48075,-0.00825
6.395409345626831,10.526251656979866,-154.92487531894196,49.96385111561595,10.526251656979866,-154.92487531894196,49.96385111561595,-1.3885062380903085e-17,-0.6567964006995444,0.7496070647961963,-0.08190077188741787,19.12275,-7.2195,7.623249999999999,2.14,-9.3595,16.98275,-0.00825
6.472440242767334,10.476404047548016,-154.85358490892926,50.03408567458907,10.476404047548016,-154.85358490892926,50.03408567458907,1.8515885560070016e-17,-0.6569973610942629,0.7495071063596476,-0.0812007698951346,17.383,-7.09,6.4435,1.92475,-9.01475,15.45825,-0.00825
6.515088796615601,10.476404047548016,-154.85358490892926,50.03408567458907,10.476404047548016,-154.85358490892926,50.03408567458907,1.8515885560070016e-17,-0.6569973610942629,0.7495071063596476,-0.0812007698951346,13.2655,-6.91775,6.26025,0.043750000000000004,-6.9615,13.22175,-0.00825
6.640939712524414,10.423799638305894,-154.94757625610342,50.07649325391962,10.423799638305894,-154.94757625610342,50.07649325391962,1.3892531169107916e-17,-0.657155918640997,0.7492040672188892,-0.08270044895755761,3.67475,-1.39725,4.524,-1.12325,-0.274,4.798,-0.00825
6.708256006240845,10.374185670145522,-154.96193962100793,50.03735059289613,10.374185670145522,-154.96193962100793,50.03735059289613,0.0,-0.6573157785906231,0.7490083925349048,-0.08320093225487861,2.08275,-1.2415,3.06075,-1.10975,-0.13175,3.1925,-0.00825
6.77095103263855,10.374185670145522,-154.96193962100793,50.03735059289613,10.374185670145522,-154.96193962100793,50.03735059289613,0.0,-0.6573157785906231,0.7490083925349048,-0.08320093225487861,1.4407499999999998,-1.1695000000000002,2.68025,-1.2045000000000001,0.035,2.64525,-0.00825
6.8388588428497314,10.405408911485807,-154.8904724115222,50.04819251009417,10.405408911485807,-154.8904724115222,50.04819251009417,-9.266590173206508e-18,-0.6575063976346661,0.7488076815968836,-0.08350085658832768,1.4747499999999998,-1.1364999999999998,8.22425,-3.943,2.8065,5.41775,-0.00825
6.884382963180542,10.405408911485807,-154.8904724115222,50.04819251009417,10.405408911485807,-154.8904724115222,50.04819251009417,-9.266590173206508e-18,-0.6575063976346661,0.7488076815968836,-0.08350085658832768,1.4692500000000006,-1.1357499999999998,9.4815,-4.574,3.43825,6.0432500000000005,-0.00825
7.016375780105591,10.415405454967555,-154.89066861064975,50.04836750815171,10.415405454967555,-154.89066861064975,50.04836750815171,9.26782708008962e-18,-0.6576074890551511,0.7487077438911527,-0.08360086468452034,1.5284999999999993,-1.0875000000000004,23.9235,-11.74125,10.65375,13.26975,-0.00825
7.0772340297698975,10.446429906755924,-154.9485552597865,49.92553990847253,10.446429906755924,-154.9485552597865,49.92553990847253,-9.266590173206508e-18,-0.6575063976346661,0.7488076815968836,-0.08350085658832768,1.4842500000000012,-1.1412499999999994,26.069000000000003,-12.863,11.72175,14.34725,-0.00825
7.138446569442749,10.446429906755924,-154.9485552597865,49.92553990847253,10.446429906755924,-154.9485552597865,49.92553990847253,-9.266590173206508e-18,-0.6575063976346661,0.7488076815968836,-0.08350085658832768,1.565999999999999,-1.1167499999999997,28.23675,-13.89375,12.777000000000001,15.45975,-0.00825
7.2041826248168945,10.516179814683142,-154.912054352882,49.982131728899965,10.516179814683142,-154.912054352882,49.982131728899965,0.0,-0.6576773447277292,0.74861275724691,-0.0839014297796096,2.2414999999999985,-0.834500000000002,37.244,-17.9185,17.084,20.16,-0.00825
7.266674518585205,10.516179814683142,-154.912054352882,49.982131728899965,10.516179814683142,-154.912054352882,49.982131728899965,0.0,-0.6576773447277292,0.74861275724691,-0.0839014297796096,1.4207499999999982,-1.1587500000000013,44.019999999999996,-21.879,20.72025,23.29975,-0.00825
7.397025108337402,10.495227205191469,-154.8669886698052,50.08667871529513,10.495227205191469,-154.8669886698052,50.08667871529513,9.270343880229784e-18,-0.6577623598855176,0.7485044776715698,-0.08420050370066293,2.5199999999999996,-0.691749999999999,56.210750000000004,-27.19125,26.4995,29.71125,-0.00825
7.5216145515441895,10.506100227559898,-154.85145391270208,50.054422728155934,10.506100227559898,-154.85145391270208,50.054422728155934,-2.3175807275833974e-17,-0.6577859803130527,0.748506170823076,-0.08400069251721894,1.6645000000000039,-1.005749999999999,76.80075,-38.071,37.06525,39.7355,-0.00825
7.59809422492981,10.535947005201734,-154.8745724503398,50.037848559039695,10.535947005201734,-154.8745724503398,50.037848559039695,2.3172713185085946e-17,-0.6576850018505602,0.7486061136307864,-0.08390068519051962,1.5945000000000036,-1.0812499999999972,79.41475,-39.45075,38.3695,41.04525,-0.00825
7.646259307861328,10.535947005201734,-154.8745724503398,50.037848559039695,10.535947005201734,-154.8745724503398,50.037848559039695,2.3172713185085946e-17,-0.6576850018505602,0.7486061136307864,-0.08390068519051962,1.6355000000000004,-1.0919999999999987,81.04599999999999,-40.25125,39.15925,41.88675,-0.00825
7.70828914642334,10.525581712471705,-154.85903189067005,50.07594123171794,10.525581712471705,-154.85903189067005,50.07594123171794,0.0,-0.6572363960252628,0.7489099011511665,-0.0847011198123966,1.9739999999999966,-0.90625,88.03975,-43.486000000000004,42.579750000000004,45.46,-0.00825
7.830692529678345,10.48639284620316,-154.80600163393686,50.088271058618574,10.48639284620316,-154.80600163393686,50.088271058618574,-4.631434992690375e-18,-0.6568150175728282,0.7491084204850795,-0.08620096895716707,1.9492499999999993,-1.0107500000000016,96.06800000000001,-47.564750000000004,46.554,49.514,-0.00825
7.886106967926025,10.48639284620316,-154.80600163393686,50.088271058618574,10.48639284620316,-154.80600163393686,50.088271058618574,-4.631434992690375e-18,-0.6568150175728282,0.7491084204850795,-0.08620096895716707,2.120999999999995,-1.2139999999999986,104.8875,-51.99025,50.776250000000005,54.11125,-0.00825
7.94974946975708,10.118098140080065,-155.03997263473897,49.72123348530303,10.118098140080065,-155.03997263473897,49.72123348530303,0.0,-0.6537354809885536,0.7523105568968789,-0.08160114507880543,1.902000000000001,-1.8262499999999946,108.79225,-54.35825,52.532000000000004,56.26025,-0.00825
8.020313024520874,10.118098140080065,-155.03997263473897,49.72123348530303,10.118098140080065,-155.03997263473897,49.72123348530303,0.0,-0.6537354809885536,0.7523105568968789,-0.08160114507880543,1.9014999999999986,-1.8105000000000047,111.0685,-55.48875,53.67825,57.39025,-0.00825
8.100377559661865,10.344651705003429,-155.06098936227986,49.899086737688236,10.344651705003429,-155.06098936227986,49.899086737688236,0.0,-0.6484974146953503,0.757708377473244,-0.07300080712095397,2.2802500000000023,-1.944749999999999,116.63650000000001,-58.1505,56.20575,60.43075,-0.00825
8.220051765441895,9.593329802076312,-154.99287299103824,49.46471873915372,9.593329802076312,-154.99287299103824,49.46471873915372,-4.565578404964984e-18,-0.646156240072407,0.7599140008592675,-0.07080130446221361,2.4662500000000023,-2.514249999999997,122.011,-61.0295,58.51525,63.49575,-0.00825
8.27074408531189,9.593329802076312,-154.99287299103824,49.46471873915372,9.593329802076312,-154.99287299103824,49.46471873915372,-4.565578404964984e-18,-0.646156240072407,0.7599140008592675,-0.07080130446221361,2.1837500000000034,-2.5987500000000026,121.09700000000001,-60.756,58.15725,62.939750000000004,-0.00825
8.33055853843689,9.907896638596725,-155.15258154475075,49.60234462055902,9.907896638596725,-155.15258154475075,49.60234462055902,0.0,-0.6429953513755724,0.7626090088276967,-0.07060083401945368,1.820999999999998,-2.4922499999999985,115.07025,-57.87075,55.3785,59.69175,-0.00825
8.393085479736328,9.907896638596725,-155.15258154475075,49.60234462055902,9.907896638596725,-155.15258154475075,49.60234462055902,0.0,-0.6429953513755724,0.7626090088276967,-0.07060083401945368,1.8719999999999999,-2.165999999999997,112.73,-56.512,54.346000000000004,58.384,-0.00825
8.458081245422363,9.875793045956499,-155.21588997340714,49.65093888154371,9.875793045956499,-155.21588997340714,49.65093888154371,-1.3648450517634645e-17,-0.6430252080624718,0.7626023805715247,-0.07040021976427399,1.8780000000000001,-2.238500000000002,110.3555,-55.358000000000004,53.1195,57.236000000000004,-0.00825
8.577648878097534,9.905271074350026,-155.22366415050263,49.672632383163254,9.905271074350026,-155.22366415050263,49.672632383163254,-1.3643049508412233e-17,-0.6426450375973756,0.7629042795339205,-0.07060039603499123,1.8937500000000043,-2.5790000000000006,104.02825,-52.35675,49.77775,54.2505,-0.00825
8.648054361343384,9.905271074350026,-155.22366415050263,49.672632383163254,9.905271074350026,-155.22366415050263,49.672632383163254,-1.3643049508412233e-17,-0.6426450375973756,0.7629042795339205,-0.07060039603499123,1.4107500000000002,-3.582500000000003,92.21925,-47.1955,43.613,48.60625,-0.00825
8.717911958694458,9.945618252698722,-155.19201383343506,49.689075090629586,9.945618252698722,-155.19201383343506,49.689075090629586,9.101248792813345e-18,-0.6430184882480381,0.7624111879444957,-0.07250106391130107,1.9107500000000002,-3.282500000000006,79.21925,-40.295500000000004,37.013,42.206250000000004,-0.00825
8.76074504852295,9.945618252698722,-155.19201383343506,49.689075090629586,9.945618252698722,-155.19201383343506,49.689075090629586,9.101248792813345e-18,-0.6430184882480381,0.7624111879444957,-0.07250106391130107,2.0107500000000016,-3.1824999999999974,69.61925,-35.3955,32.213,37.40625,-0.00825
8.829843759536743,10.081822559798297,-155.124251197106,49.98463661019066,10.081822559798297,-155.124251197106,49.98463661019066,-1.3824200631749994e-17,-0.6523907118556541,0.752907248174339,-0.08670083466159538,2.0107500000000016,-3.282499999999999,55.319250000000004,-28.2955,25.013,30.306250000000002,-0.00825
8.950556755065918,10.509179600829697,-155.109571213907,50.16056403151592,10.509179600829697,-155.109571213907,50.16056403151592,9.2529795289371e-18,-0.6553211692758218,0.7499091381545836,-0.09050110281769544,1.6607500000000002,-2.478500000000002,33.02075,-16.91925,14.44075,18.580000000000002,-0.00825
9.02209997177124,10.509179600829697,-155.109571213907,50.16056403151592,10.509179600829697,-155.109571213907,50.16056403151592,9.2529795289371e-18,-0.6553211692758218,0.7499091381545836,-0.09050110281769544,1.2657500000000006,-1.5257500000000004,28.5905,-14.42525,12.8995,15.691,-0.00825
9.147009134292603,10.460573347119492,-155.0140044711459,50.187105127542495,10.460573347119492,-155.0140044711459,50.187105127542495,4.627729584771473e-18,-0.6555095347572899,0.7497082291434157,-0.09080099667363228,1.317499999999999,-1.3890000000000011,19.945999999999998,-10.008750000000001,8.61975,11.32625,-0.00825
9.214838981628418,10.390672841562349,-155.02525584418558,50.16742452979816,10.390672841562349,-155.02525584418558,50.16742452979816,-9.260434662266261e-18,-0.6558727111012377,0.749305422150574,-0.09150066212034902,1.40475,-1.7110000000000012,16.21575,-8.261000000000001,6.55,9.665750000000001,-0.00825
9.26924753189087,10.390672841562349,-155.02525584418558,50.16742452979816,10.390672841562349,-155.02525584418558,50.16742452979816,-9.260434662266261e-18,-0.6558727111012377,0.749305422150574,-0.09150066212034902,1.440999999999999,-1.9930000000000003,14.1885,-7.37025,5.37725,8.81125,-0.00825
9.396261930465698,10.34054339893703,-155.02291505174298,50.17645556920758,10.34054339893703,-155.02291505174298,50.17645556920758,-1.389252361959469e-17,-0.6559601094348649,0.7492044743534151,-0.09170054764843592,1.065,-0.90625,0.76975,-0.3055,-0.60075,1.3705,-0.00825
9.470455884933472,10.391620746850691,-154.9982599178274,50.14354312624585,10.391620746850691,-154.9982599178274,50.14354312624585,4.6314534463183774e-18,-0.6560731926608782,0.7491054357269938,-0.0917006654067085,0.60075,-0.60075,0.0,0.0,-0.60075,0.60075,-0.00825
9.55232858657837,10.391620746850691,-154.9982599178274,50.14354312624585,10.391620746850691,-154.9982599178274,50.14354312624585,4.6314534463183774e-18,-0.6560731926608782,0.7491054357269938,-0.0917006654067085,0.60075,-0.60075,0.0,0.0,-0.60075,0.60075,-0.00825
9.680159330368042,10.431678347179314,-154.98777974421,50.15279270012044,10.431678347179314,-154.98777974421,50.15279270012044,-2.779239532778716e-17,-0.6561862489307446,0.7490063906405692,-0.09170078240552766,0.60075,-0.60075,0.0,0.0,-0.60075,0.60075,-0.00825
9.769941568374634,10.440730857786008,-155.0388616067557,50.14984390874431,10.440730857786008,-155.0388616067557,50.14984390874431,-1.389616238831853e-17,-0.656211965096939,0.749008292002284,-0.09150101297491187,0.60075,-0.60075,0.0,0.0,-0.60075,0.60075,-0.00825
9.893750667572021,10.478964073939608,-155.07110831572712,50.21540587136794,10.478964073939608,-155.07110831572712,50.21540587136794,9.262883322950719e-18,-0.6560989073889865,0.7491073418483721,-0.09150089678163936,0.60075,-0.60075,0.0,0.0,-0.60075,0.60075,-0.00825
9.958011865615845,10.51865292501995,-155.04528378156752,50.262923115978325,10.51865292501995,-155.04528378156752,50.262923115978325,-2.779239532778716e-17,-0.6561862489307446,0.7490063906405692,-0.09170078240552766,0.60075,-0.60075,0.0,0.0,-0.60075,0.60075,-0.00825
10.012311935424805,10.51865292501995,-155.04528378156752,50.262923115978325,10.51865292501995,-155.04528378156752,50.262923115978325,-2.779239532778716e-17,-0.6561862489307446,0.7490063906405692,-0.09170078240552766,0.60075,-0.60075,0.0,0.0,-0.60075,0.60075,-0.00825
10.089621543884277,10.520251412750042,-154.9646825981814,50.26197756125393,10.520251412750042,-154.9646825981814,50.26197756125393,-9.2665593418787e-18,-0.6564379996037276,0.7488101730000296,-0.09150124309495551,0.60075,-0.60075,0.0,0.0,-0.60075,0.60075,-0.00825
10.143531799316406,10.520251412750042,-154.9646825981814,50.26197756125393,10.520251412750042,-154.9646825981814,50.26197756125393,-9.2665593418787e-18,-0.6564379996037276,0.7488101730000296,-0.09150124309495551,0.60075,-0.60075,0.0,0.0,-0.60075,0.60075,-0.00825
10.273891687393188,10.47982119075985,-154.93592867419665,50.31800085110111,10.47982119075985,-154.93592867419665,50.31800085110111,9.267785488938402e-18,-0.6565509763877091,0.748711103875804,-0.0915013570250248,0.88175,-0.49100000000000005,1.52925,-0.56925,0.07825,1.451,-0.00825
10.343438625335693,10.43889485637115,-155.0099192781646,50.287171876451296,10.43889485637115,-155.0099192781646,50.287171876451296,-9.2665593418787e-18,-0.6564379996037276,0.7488101730000296,-0.09150124309495551,0.9075000000000002,-0.42674999999999996,3.7402500000000005,-1.62975,1.203,2.5372500000000002,-0.00825
10.390032529830933,10.43889485637115,-155.0099192781646,50.287171876451296,10.43889485637115,-155.0099192781646,50.287171876451296,-9.2665593418787e-18,-0.6564379996037276,0.7488101730000296,-0.09150124309495551,0.7845,-0.5177500000000002,4.85425,-2.29375,1.776,3.07825,-0.00825
10.461780548095703,10.419924973510973,-154.99515572048378,50.24448486544236,10.419924973510973,-154.99515572048378,50.24448486544236,9.266666847508558e-18,-0.6564201485939845,0.7488014858085486,-0.09170018195598814,0.8947499999999997,-0.48824999999999985,7.583,-3.58825,3.1,4.483,-0.00825
10.51655650138855,10.419924973510973,-154.99515572048378,50.24448486544236,10.419924973510973,-154.99515572048378,50.24448486544236,9.266666847508558e-18,-0.6564201485939845,0.7488014858085486,-0.09170018195598814,1.0749999999999993,-0.3647500000000008,13.28225,-6.2860000000000005,5.92125,7.361,-0.00825
10.642955541610718,10.390736523137463,-154.9662113999381,50.229984497414556,10.390736523137463,-154.9662113999381,50.229984497414556,-1.8535641110139174e-17,-0.6565123751394473,0.7487082710197261,-0.09180101413064093,1.1777499999999996,-0.33975000000000044,21.655,-10.4085,10.06875,11.58625,-0.00825
10.715421676635742,10.380529572863963,-155.02369984825316,50.17715556143774,10.380529572863963,-155.02369984825316,50.17715556143774,0.0,-0.6563994004977471,0.7488073330097745,-0.09180089899879448,0.7844999999999995,-0.535499999999999,24.814500000000002,-12.28275,11.747250000000001,13.06725,-0.00825
10.803678035736084,10.380529572863963,-155.02369984825316,50.17715556143774,10.380529572863963,-155.02369984825316,50.17715556143774,0.0,-0.6563994004977471,0.7488073330097745,-0.09180089899879448,1.709999999999999,-0.12950000000000017,30.7915,-14.605500000000001,14.476,16.3155,-0.00825
10.890954971313477,10.431666729939451,-154.9161105330301,50.23380827907839,10.431666729939451,-154.9161105330301,50.23380827907839,-4.1711088741650855e-17,-0.656633155281745,0.7486024342587491,-0.09180029851049044,1.6507499999999986,-0.15075000000000216,52.7655,-25.63275,25.482,27.2835,-0.00825
10.952612400054932,10.45246486938791,-154.91203694518208,50.1931777083523,10.45246486938791,-154.91203694518208,50.1931777083523,-4.1711088741650855e-17,-0.656633155281745,0.7486024342587491,-0.09180029851049044,1.1829999999999998,-0.28200000000000003,63.83,-31.4645,31.1825,32.6475,-0.00825
11.093092203140259,10.442844819981048,-154.9749645807167,50.10072465358701,10.442844819981048,-154.9749645807167,50.10072465358701,-4.6339405412930804e-18,-0.6565459702569705,0.7487033812879873,-0.0916004136850269,1.0607499999999987,-0.3714999999999975,73.35025,-36.3305,35.959,37.39125,-0.00825
11.13444447517395,10.442844819981048,-154.9749645807167,50.10072465358701,10.442844819981048,-154.9749645807167,50.10072465358701,-4.6339405412930804e-18,-0.6565459702569705,0.7487033812879873,-0.0916004136850269,0.6369999999999933,-0.5800000000000054,75.4665,-37.704750000000004,37.12475,38.34175,-0.00825
11.202534437179565,10.451667561729494,-154.9642824054051,50.18014788922151,10.451667561729494,-154.9642824054051,50.18014788922151,2.780360818442318e-17,-0.6565588216327867,0.748704325483342,-0.0915005286252515,0.6347500000000039,-0.5810000000000031,77.69675000000001,-38.8215,38.2405,39.456250000000004,-0.00825
11.27804160118103,10.451667561729494,-154.9642824054051,50.18014788922151,10.451667561729494,-154.9642824054051,50.18014788922151,2.780360818442318e-17,-0.6565588216327867,0.748704325483342,-0.0915005286252515,1.525500000000001,-0.21300000000000097,83.5865,-41.137,40.924,42.6625,-0.00825
11.391419172286987,10.43087329469435,-154.9922457303131,50.193773266961614,10.43087329469435,-154.9922457303131,50.193773266961614,-2.779239532778716e-17,-0.6561862489307446,0.7490063906405692,-0.09170078240552766,0.8909999999999982,-0.47025000000000006,92.04575,-45.8125,45.34225,46.7035,-0.00825
11.517258644104004,10.439782952497666,-155.06585753311387,50.17372531229662,10.439782952497666,-155.06585753311387,50.17372531229662,9.256689567585084e-18,-0.6554139873248838,0.7496085780175376,-0.09230105623134834,0.6007499999999979,-0.600750000000005,95.44149999999999,-47.72075,47.12,48.3215,-0.00825
11.587928295135498,10.301016762726476,-155.14565833094736,50.01101152295616,10.301016762726476,-155.14565833094736,50.01101152295616,-9.233273981041168e-18,-0.6536228945584928,0.7515095856740494,-0.08950114160722211,0.6007499999999979,-0.600750000000005,95.44149999999999,-47.72075,47.12,48.3215,-0.00825
11.637218952178955,10.301016762726476,-155.14565833094736,50.01101152295616,10.301016762726476,-155.14565833094736,50.01101152295616,-9.233273981041168e-18,-0.6536228945584928,0.7515095856740494,-0.08950114160722211,0.9497500000000016,-0.4264999999999972,96.82025,-48.1485,47.722,49.09825,-0.00825
11.705724239349365,10.389296377863872,-155.11984159130898,50.140008443483886,10.389296377863872,-155.11984159130898,50.140008443483886,-4.617227023027153e-18,-0.6537742337987277,0.7514135507417545,-0.0892016086321061,0.6007499999999979,-0.6007499999999979,97.661,-48.8305,48.22975,49.43125,-0.00825
11.77211880683899,10.389296377863872,-155.11984159130898,50.140008443483886,10.389296377863872,-155.11984159130898,50.140008443483886,-4.617227023027153e-18,-0.6537742337987277,0.7514135507417545,-0.0892016086321061,0.9302500000000009,-0.45574999999999477,99.081,-49.30325,48.847500000000004,50.2335,-0.00825
11.902564287185669,10.348873900700255,-155.13886714144414,50.142021347359105,10.348873900700255,-155.13886714144414,50.142021347359105,9.224669978464063e-18,-0.6530334528372876,0.752210531120006,-0.08790123063739501,0.6469999999999985,-0.5810000000000031,104.344,-52.139,51.558,52.786,-0.00825
12.014985799789429,10.357858857318519,-155.22510371117733,50.10351778135256,10.357858857318519,-155.22510371117733,50.10351778135256,9.19538069528616e-18,-0.6507787117372159,0.7546064849130523,-0.08400072188271453,0.7439999999999998,-0.5114999999999981,108.64,-54.20375,53.69225,54.94775,-0.00825
12.077670812606812,10.282724569201037,-155.24451767565836,49.80222400987328,10.282724569201037,-155.24451767565836,49.80222400987328,1.37420476806715e-17,-0.6480958122821171,0.7574082915241523,-0.07940086921972234,0.744250000000001,-0.525749999999995,110.8455,-55.3135,54.78775,56.05775,-0.00825
12.140114784240723,10.282724569201037,-155.24451767565836,49.80222400987328,10.282724569201037,-155.24451767565836,49.80222400987328,1.37420476806715e-17,-0.6480958122821171,0.7574082915241523,-0.07940086921972234,1.2379999999999995,-0.339500000000001,113.8785,-56.49,56.1505,57.728,-0.00825
12.202329635620117,10.15503406376348,-155.2033195948262,49.713918557284856,10.15503406376348,-155.2033195948262,49.713918557284856,-3.1976092834380264e-17,-0.6458995090955302,0.759508949059692,-0.0772009096345072,0.8390000000000057,-0.46999999999999886,119.535,-59.583,59.113,60.422000000000004,-0.00825
12.344006776809692,10.206588455179997,-155.65120279022722,49.695404022371456,10.206588455179997,-155.65120279022722,49.695404022371456,1.817618212297493e-17,-0.641455006863711,0.7635150062824665,-0.07470146819816666,0.6005000000000038,-0.6007499999999979,122.07625,-61.03825,60.4375,61.63875,-0.00825
12.403326988220215,10.206588455179997,-155.65120279022722,49.695404022371456,10.206588455179997,-155.65120279022722,49.695404022371456,1.817618212297493e-17,-0.641455006863711,0.7635150062824665,-0.07470146819816666,0.6005000000000038,-0.6007499999999979,122.07625,-61.03825,60.4375,61.63875,-0.00825
12.522140979766846,9.94560276304557,-155.0964548851952,49.79709586257351,9.94560276304557,-155.0964548851952,49.79709586257351,1.8183321877197292e-17,-0.6418581109876538,0.7632152090547233,-0.07430148065089878,0.6005000000000038,-0.6007499999999979,122.07625,-61.03825,60.4375,61.63875,-0.00825
12.578189373016357,9.851869357449573,-155.36990095789983,49.70201014336301,9.851869357449573,-155.36990095789983,49.70201014336301,-1.8168992150693578e-17,-0.6411763525242866,0.7638171502696525,-0.074001661586743,0.6005000000000038,-0.6007499999999979,122.07625,-61.03825,60.4375,61.63875,-0.00825
12.643416404724121,9.851869357449573,-155.36990095789983,49.70201014336301,9.851869357449573,-155.36990095789983,49.70201014336301,-1.8168992150693578e-17,-0.6411763525242866,0.7638171502696525,-0.074001661586743,0.6005000000000038,-0.6007499999999979,122.07625,-61.03825,60.4375,61.63875,-0.00825
12.769836902618408,9.840202899836072,-155.46157091228594,49.69423111838543,9.840202899836072,-155.46157091228594,49.69423111838543,-1.3617959520440207e-17,-0.6406005567082925,0.7643098689079072,-0.07390095422254918,0.6005000000000038,-0.6007499999999979,122.07625,-61.03825,60.4375,61.63875,-0.00825
12.835119724273682,9.832102166931008,-155.40738286044206,49.64629331322328,9.832102166931008,-155.40738286044206,49.64629331322328,9.078615696904723e-18,-0.6406211664157931,0.7643118880197765,-0.0737011463392091,0.6432500000000019,-0.602249999999998,122.1175,-61.03825,60.436,61.6815,-0.00825
12.906358003616333,9.832102166931008,-155.40738286044206,49.64629331322328,9.832102166931008,-155.40738286044206,49.64629331322328,9.078615696904723e-18,-0.6406211664157931,0.7643118880197765,-0.0737011463392091,1.5435000000000016,-1.1117500000000007,122.78925000000001,-61.17875,60.067,62.72225,-0.00825
12.97591233253479,9.753224449582149,-155.38017713786846,49.61110589551354,9.753224449582149,-155.38017713786846,49.61110589551354,4.5393138393927795e-18,-0.6406108684272664,0.7643108792886898,-0.07380105049261458,1.2852499999999978,-1.2147500000000022,126.5215,-63.225500000000004,62.01075,64.51075,-0.00825
13.01612114906311,9.753224449582149,-155.38017713786846,49.61110589551354,9.753224449582149,-155.38017713786846,49.61110589551354,4.5393138393927795e-18,-0.6406108684272664,0.7643108792886898,-0.07380105049261458,1.5022499999999965,-1.1117500000000007,128.1735,-63.8915,62.77975,65.39375,-0.00825
13.138111114501953,9.753224449582149,-155.38017713786846,49.61110589551354,9.753224449582149,-155.38017713786846,49.61110589551354,0.0,-0.6400856489535721,0.7648084748823331,-0.07320081114198064,1.241500000000002,-1.241500000000002,130.9545,-65.47725,64.23575,66.71875,-0.00825
13.211997032165527,9.669024177338173,-155.50640159692617,49.70794442136782,9.669024177338173,-155.50640159692617,49.70794442136782,-4.520367256756047e-18,-0.6368384476924169,0.7675143975897648,-0.07320137316426159,1.241500000000002,-1.241500000000002,130.9545,-65.47725,64.23575,66.71875,-0.00825
13.274059057235718,9.669024177338173,-155.50640159692617,49.70794442136782,9.669024177338173,-155.50640159692617,49.70794442136782,-4.520367256756047e-18,-0.6368384476924169,0.7675143975897648,-0.07320137316426159,1.241500000000002,-1.241500000000002,130.9545,-65.47725,64.23575,66.71875,-0.00825
13.336649179458618,9.72031967687019,-155.47184128968792,49.67367553035341,9.72031967687019,-155.47184128968792,49.67367553035341,-9.041961894837904e-18,-0.6369984407239834,0.7674102130278465,-0.0729009701977196,1.241500000000002,-1.241500000000002,130.9545,-65.47725,64.23575,66.71875,-0.00825
13.392558097839355,9.72031967687019,-155.47184128968792,49.67367553035341,9.72031967687019,-155.47184128968792,49.67367553035341,-9.041961894837904e-18,-0.6369984407239834,0.7674102130278465,-0.0729009701977196,1.241500000000002,-1.241500000000002,130.9545,-65.47725,64.23575,66.71875,-0.00825
13.521453380584717,9.670122680256469,-155.50465520443285,49.647151795132416,9.670122680256469,-155.50465520443285,49.647151795132416,9.037218705911198e-18,-0.6365243083389219,0.7678129886763205,-0.07280123153898953,1.241500000000002,-1.241500000000002,130.9545,-65.47725,64.23575,66.71875,-0.00825
13.582491159439087,9.642032732801226,-155.47396449139384,49.5718588008692,9.642032732801226,-155.47396449139384,49.5718588008692,4.517484763779405e-18,-0.6363394072695687,0.7680041291497383,-0.07240038925838681,1.241500000000002,-1.241500000000002,130.9545,-65.47725,64.23575,66.71875,-0.00825
13.638453960418701,9.642032732801226,-155.47396449139384,49.5718588008692,9.642032732801226,-155.47396449139384,49.5718588008692,4.517484763779405e-18,-0.6363394072695687,0.7680041291497383,-0.07240038925838681,1.241500000000002,-1.241500000000002,130.9545,-65.47725,64.23575,66.71875,-0.00825
13.72344422340393,9.632028444492931,-155.42598881814638,49.62569418878362,9.632028444492931,-155.42598881814638,49.62569418878362,0.0,-0.6363482474629991,0.7680155318108401,-0.07220146015200866,1.241500000000002,-1.241500000000002,130.9545,-65.47725,64.23575,66.71875,-0.00825
13.770792007446289,9.632028444492931,-155.42598881814638,49.62569418878362,9.632028444492931,-155.42598881814638,49.62569418878362,0.0,-0.6363482474629991,0.7680155318108401,-0.07220146015200866,1.241500000000002,-1.241500000000002,130.9545,-65.47725,64.23575,66.71875,-0.00825
13.899383068084717,9.649824525619835,-155.4298740013881,49.74762943736951,9.649824525619835,-155.4298740013881,49.74762943736951,1.355066787727646e-17,-0.6362512454532877,0.7681053768069187,-0.07210050471003623,1.241500000000002,-1.241500000000002,130.9545,-65.47725,64.23575,66.71875,-0.00825
13.965460777282715,9.650054294478025,-155.49163803924534,49.66525741035888,9.650054294478025,-155.49163803924534,49.66525741035888,-9.032503283840719e-18,-0.6361315361651129,0.7682138257642278,-0.0720012958279412,1.241500000000002,-1.241500000000002,130.9545,-65.47725,64.23575,66.71875,-0.00825
14.012675285339355,9.650054294478025,-155.49163803924534,49.66525741035888,9.650054294478025,-155.49163803924534,49.66525741035888,-9.032503283840719e-18,-0.6361315361651129,0.7682138257642278,-0.0720012958279412,0.9710000000000036,-1.3477499999999978,129.37325,-64.875,63.52725,65.846,-0.00825
14.084141969680786,9.629557350289474,-155.54621069482306,49.63206553571877,9.629557350289474,-155.54621069482306,49.63206553571877,-1.3545314936817245e-17,-0.6358845784081492,0.7684089225249493,-0.07210083721245295,0.8969999999999985,-1.3745000000000047,126.9435,-63.7105,62.336,64.6075,-0.00825
14.136856079101562,9.629557350289474,-155.54621069482306,49.63206553571877,9.629557350289474,-155.54621069482306,49.63206553571877,-1.3545314936817245e-17,-0.6358845784081492,0.7684089225249493,-0.07210083721245295,0.2804999999999964,-1.6397499999999994,119.93675,-60.648,59.008250000000004,60.9285,-0.00825
14.273527383804321,9.639911025779611,-155.49008204331292,49.674988441998465,9.639911025779611,-155.49008204331292,49.674988441998465,-4.516264043109564e-18,-0.6361114366871248,0.7682117163293247,-0.07220110117023855,0.4657499999999999,-0.6337500000000063,106.3605,-53.264250000000004,52.6305,53.730000000000004,-0.00825
14.334170579910278,9.58123292977271,-155.38169433449184,49.71981015130905,9.58123292977271,-155.38169433449184,49.71981015130905,-4.520388399870003e-18,-0.6367037334195497,0.7675108077114324,-0.07440104767912778,0.15899999999999892,-0.8037500000000009,101.45425,-51.0495,50.24575,51.2085,-0.00825
14.397951364517212,9.58123292977271,-155.38169433449184,49.71981015130905,9.58123292977271,-155.38169433449184,49.71981015130905,-4.520388399870003e-18,-0.6367037334195497,0.7675108077114324,-0.07440104767912778,0.33525000000000205,-0.6982500000000016,99.2955,-49.82925,49.131,50.164500000000004,-0.00825
14.451785802841187,9.777943589467526,-155.403482261455,49.88723237982452,9.777943589467526,-155.403482261455,49.88723237982452,-4.538097134895e-18,-0.639558501596894,0.764515797882737,-0.08050166347882319,-0.05975000000000108,-0.9249999999999972,93.27725000000001,-47.131,46.206,47.07125,-0.00825
14.521293640136719,9.777943589467526,-155.403482261455,49.88723237982452,9.777943589467526,-155.403482261455,49.88723237982452,-4.538097134895e-18,-0.639558501596894,0.764515797882737,-0.08050166347882319,0.5685000000000002,-0.6177500000000009,88.77475,-44.412,43.79425,44.9805,-0.00825
14.654890537261963,9.942703110431978,-155.28426658263714,49.752169719642076,9.942703110431978,-155.28426658263714,49.752169719642076,0.0,-0.6428506303398117,0.76120478529722,-0.0855005374972574,-0.3305000000000007,-0.9580000000000055,81.4005,-41.344500000000004,40.3865,41.014,-0.00825
14.7656729221344,9.889032900540457,-155.1298419815774,50.133971436712265,9.889032900540457,-155.1298419815774,50.133971436712265,0.0,-0.6452157231228912,0.7591105152082464,-0.08630119544522677,-0.5489999999999995,-1.150500000000001,60.2145,-30.957,29.8065,30.408,-0.00825
14.830918788909912,10.17019296340382,-155.20661817263993,49.98715714743292,10.17019296340382,-155.20661817263993,49.98715714743292,-4.5909560522189215e-18,-0.6490575593119453,0.7557133879068055,-0.08730154659820581,0.19525000000000148,-0.8039999999999985,50.45225000000001,-25.5305,24.7265,25.72575,-0.00825
14.891629457473755,10.17019296340382,-155.20661817263993,49.98715714743292,10.17019296340382,-155.20661817263993,49.98715714743292,-4.5909560522189215e-18,-0.6490575593119453,0.7557133879068055,-0.08730154659820581,0.3880000000000017,-0.6862499999999976,48.36975,-24.334,23.647750000000002,24.722,-0.00825
14.958924531936646,10.327496605211763,-155.18528101619256,50.16826565090171,10.327496605211763,-155.18528101619256,50.16826565090171,-9.201397082989975e-18,-0.65065854716409,0.7541130810162201,-0.08920154731023316,0.3694999999999986,-0.6864999999999988,46.015,-23.166,22.4795,23.5355,-0.00825
15.090262413024902,10.29764595515664,-155.1382727414949,50.21184501300393,10.29764595515664,-155.1382727414949,50.21184501300393,-3.220943178898343e-17,-0.650781878691154,0.7540067400997079,-0.0892007973698859,-0.34949999999999903,-0.9510000000000005,25.762,-13.53125,12.58025,13.181750000000001,-0.00825
15.15484619140625,10.29764595515664,-155.1382727414949,50.21184501300393,10.29764595515664,-155.1382727414949,50.21184501300393,-3.220943178898343e-17,-0.650781878691154,0.7540067400997079,-0.0892007973698859,0.6822500000000007,-1.2337499999999997,14.7345,-7.643,6.40925,8.32525,-0.00825
15.264447689056396,10.238178296317898,-155.12990996701677,50.189626517211764,10.238178296317898,-155.12990996701677,50.189626517211764,-1.3813189231055414e-17,-0.6512912474125941,0.7535074400096075,-0.08970088569192008,1.68675,-1.6757500000000003,9.2525,-4.62075,2.945,6.3075,-0.00825
15.332851648330688,10.248694186677852,-155.17070006055138,50.114622621850415,10.248694186677852,-155.17070006055138,50.114622621850415,1.842470612613673e-17,-0.6516002935498957,0.7532162365470704,-0.08990193795217953,1.6332499999999999,-1.4985,6.375249999999999,-3.12025,1.62175,4.7535,-0.00825
15.396404266357422,10.248694186677852,-155.17070006055138,50.114622621850415,10.248694186677852,-155.17070006055138,50.114622621850415,1.842470612613673e-17,-0.6516002935498957,0.7532162365470704,-0.08990193795217953,2.5229999999999997,-2.5145,4.4475,-2.2195,-0.295,4.7425,-0.00825
15.523755550384521,10.328230231295038,-155.19208000021698,50.11873550241611,10.328230231295038,-155.19208000021698,50.11873550241611,4.60682650602074e-18,-0.651723220131733,0.7531099657040121,-0.08990118963854826,2.0687499999999996,-2.21625,4.2915,-2.2195,0.0032500000000000003,4.28825,-0.00825
15.640819787979126,10.339825262506878,-155.1116750159584,50.11796494574926,10.339825262506878,-155.1116750159584,50.11796494574926,-1.3825981188375558e-17,-0.65202792164177,0.752810286232115,-0.09020123248955471,2.5555000000000003,-2.0585,1.7135000000000002,-0.60825,-1.45025,3.1637500000000003,-0.00825
15.702763080596924,10.310636812133367,-155.08273069541275,50.103464577721454,10.310636812133367,-155.08273069541275,50.103464577721454,3.22649044508442e-17,-0.6521294048855887,0.7527103853871745,-0.09030124591532064,2.7902500000000003,-1.713,0.9977500000000001,0.03975,-1.75275,2.7505,-0.00825
15.823535919189453,10.31983604795667,-155.1351723547633,50.0906097566482,10.31983604795667,-155.1351723547633,50.0906097566482,-1.8434821556742325e-17,-0.6520365287484916,0.7528029368279301,-0.09020035188878758,0.7065,-0.732,0.237,-0.13125,-0.60075,0.83775,-0.00825
15.88547682762146,10.31983604795667,-155.1351723547633,50.0906097566482,10.31983604795667,-155.1351723547633,50.0906097566482,-1.8434821556742325e-17,-0.6520365287484916,0.7528029368279301,-0.09020035188878758,0.60075,-0.60075,0.0,0.0,-0.60075,0.60075,-0.00825
16.02315616607666,10.377404023805468,-155.1736372448978,50.18759625253096,10.377404023805468,-155.1736372448978,50.18759625253096,-1.8434666447987576e-17,-0.6520152688563288,0.7528092708902487,-0.09030111206348229,0.60075,-0.60075,0.0,0.0,-0.60075,0.60075,-0.00825
16.09153461456299,10.386083912750564,-155.18548500984133,50.24992032487659,10.386083912750564,-155.18548500984133,50.24992032487659,-9.218568997515881e-18,-0.6521040566996459,0.7527083548191745,-0.0905010045318657,0.60075,-0.60075,0.0,0.0,-0.60075,0.60075,-0.00825
16.142556190490723,10.386083912750564,-155.18548500984133,50.24992032487659,10.386083912750564,-155.18548500984133,50.24992032487659,-9.218568997515881e-18,-0.6521040566996459,0.7527083548191745,-0.0905010045318657,0.60075,-0.60075,0.0,0.0,-0.60075,0.60075,-0.00825
16.205708026885986,10.377396278978892,-155.12585777077788,50.241606638502915,10.377396278978892,-155.12585777077788,50.241606638502915,4.609890127348106e-18,-0.6522181644481578,0.7526094670610848,-0.09050113841220857,0.60075,-0.60075,0.0,0.0,-0.60075,0.60075,-0.00825
16.274815320968628,10.377396278978892,-155.12585777077788,50.241606638502915,10.377396278978892,-155.12585777077788,50.241606638502915,4.609890127348106e-18,-0.6522181644481578,0.7526094670610848,-0.09050113841220857,0.60075,-0.60075,0.0,0.0,-0.60075,0.60075,-0.00825
16.43726372718811,10.368494366002153,-155.10002544209704,50.207644207195955,10.368494366002153,-155.10002544209704,50.207644207195955,4.6104897621953515e-18,-0.6523449279371174,0.7525115835636489,-0.09040139156698185,0.60075,-0.60075,0.0,0.0,-0.60075,0.60075,-0.00825
16.533493280410767,10.340408290960227,-155.09322446611802,50.10534601994676,10.340408290960227,-155.09322446611802,50.10534601994676,0.0,-0.6523788014986305,0.752506294486955,-0.09020075450195791,0.60075,-0.60075,0.0,0.0,-0.60075,0.60075,-0.00825
16.613577842712402,10.379740010032123,-155.12372478259613,50.11011535633499,10.379740010032123,-155.12372478259613,50.11011535633499,0.0,-0.6523788014986305,0.752506294486955,-0.09020075450195791,0.60075,-0.60075,0.0,0.0,-0.60075,0.60075,-0.00825
16.664127111434937,10.379740010032123,-155.12372478259613,50.11011535633499,10.379740010032123,-155.12372478259613,50.11011535633499,0.0,-0.6523788014986305,0.752506294486955,-0.09020075450195791,0.60075,-0.60075,0.0,0.0,-0.60075,0.60075,-0.00825
16.817240476608276,10.327718629243378,-155.19926557992986,50.13990400986304,10.327718629243378,-155.19926557992986,50.13990400986304,1.3829651755248288e-17,-0.6522308461585032,0.7526104807310803,-0.09040125891322036,0.60075,-0.60075,0.0,0.0,-0.60075,0.60075,-0.00825
16.947953462600708,10.406739199395616,-155.20394136224837,50.19219059086164,10.406739199395616,-155.20394136224837,50.19219059086164,-9.219869991312331e-18,-0.65222673919528,0.7526021419440393,-0.09050025756834378,0.60075,-0.60075,0.0,0.0,-0.60075,0.60075,-0.00825
17.0369930267334,10.406739199395616,-155.20394136224837,50.19219059086164,10.406739199395616,-155.20394136224837,50.19219059086164,-9.219869991312331e-18,-0.65222673919528,0.7526021419440393,-0.09050025756834378,0.60075,-0.60075,0.0,0.0,-0.60075,0.60075,-0.00825
17.103906869888306,10.388419898977219,-155.13557254753962,50.17243942868062,10.388419898977219,-155.13557254753962,50.17243942868062,-3.2277983629488083e-17,-0.6524675174686259,0.7524053838817957,-0.09040064686724392,0.60075,-0.60075,0.0,0.0,-0.60075,0.60075,-0.00825
17.15812373161316,10.388419898977219,-155.13557254753962,50.17243942868062,10.388419898977219,-155.13557254753962,50.17243942868062,-3.2277983629488083e-17,-0.6524675174686259,0.7524053838817957,-0.09040064686724392,0.60075,-0.60075,0.0,0.0,-0.60075,0.60075,-0.00825
17.232914209365845,10.368283959210373,-155.15771008953962,50.15499026927668,10.368283959210373,-155.15771008953962,50.15499026927668,-1.3833287424457517e-17,-0.6524589829650037,0.7524126793938145,-0.09040152341467418,0.60075,-0.60075,0.0,0.0,-0.60075,0.60075,-0.00825
17.35895013809204,10.33961098330181,-155.14546992634104,50.092316200815965,10.33961098330181,-155.14546992634104,50.092316200815965,-4.6111467096914965e-18,-0.6524548361995066,0.7524043736586582,-0.090500526071383,0.60075,-0.60075,0.0,0.0,-0.60075,0.60075,-0.00825
17.412853002548218,10.33961098330181,-155.14546992634104,50.092316200815965,10.33961098330181,-155.14546992634104,50.092316200815965,-4.6111467096914965e-18,-0.6524548361995066,0.7524043736586582,-0.090500526071383,0.60075,-0.60075,0.0,0.0,-0.60075,0.60075,-0.00825
17.485008239746094,10.349897104803574,-155.1244959820184,50.099684332465245,10.349897104803574,-155.1244959820184,50.099684332465245,0.0,-0.6524421412412309,0.7524033618870358,-0.09060040482052821,0.60075,-0.60075,0.0,0.0,-0.60075,0.60075,-0.00825
17.543399572372437,10.349897104803574,-155.1244959820184,50.099684332465245,10.349897104803574,-155.1244959820184,50.099684332465245,0.0,-0.6524421412412309,0.7524033618870358,-0.09060040482052821,0.60075,-0.60075,0.0,0.0,-0.60075,0.60075,-0.00825
17.65674638748169,10.40796506546414,-155.0841060812601,50.25651789985902,10.40796506546414,-155.0841060812601,50.25651789985902,3.2286289039749066e-17,-0.6526489173082979,0.7522118331337362,-0.0907014268349241,0.60075,-0.60075,0.0,0.0,-0.60075,0.60075,-0.00825
17.788482189178467,10.437954695909355,-155.0846946786427,50.25704289403164,10.437954695909355,-155.0846946786427,50.25704289403164,9.224666382018356e-18,-0.6526361914485972,0.7522108243863668,-0.09080130663956672,0.60075,-0.60075,0.0,0.0,-0.60075,0.60075,-0.00825
17.858384609222412,10.428406072904153,-155.13635734404977,50.17313942091078,10.428406072904153,-155.13635734404977,50.17313942091078,-3.689386400581969e-17,-0.6525094542341634,0.7523087202590305,-0.09090105366415774,0.60075,-0.60075,0.0,0.0,-0.60075,0.60075,-0.00825
17.906248331069946,10.428406072904153,-155.13635734404977,50.17313942091078,10.428406072904153,-155.13635734404977,50.17313942091078,-3.689386400581969e-17,-0.6525094542341634,0.7523087202590305,-0.09090105366415774,0.60075,-0.60075,0.0,0.0,-0.60075,0.60075,-0.00825
17.982251167297363,10.358291288141913,-155.18140362747206,50.12781007823316,10.358291288141913,-155.18140362747206,50.12781007823316,4.611120596826153e-18,-0.6524081678204535,0.7524086345392148,-0.09080104202041557,0.60075,-0.60075,0.0,0.0,-0.60075,0.60075,-0.00825
18.030524015426636,10.358291288141913,-155.18140362747206,50.12781007823316,10.358291288141913,-155.18140362747206,50.12781007823316,4.611120596826153e-18,-0.6524081678204535,0.7524086345392148,-0.09080104202041557,0.60075,-0.60075,0.0,0.0,-0.60075,0.60075,-0.00825
18.15736436843872,10.397397110768907,-155.1740296431529,50.187946248646035,10.397397110768907,-155.1740296431529,50.187946248646035,0.0,-0.6524421412412309,0.7524033618870358,-0.09060040482052821,0.60075,-0.60075,0.0,0.0,-0.60075,0.60075,-0.00825
18.23145842552185,10.46715089110944,-155.16141847330834,50.21753287608749,10.46715089110944,-155.16141847330834,50.21753287608749,4.6117205944509925e-17,-0.6525349181054968,0.7523107440915201,-0.09070129534640554,0.60075,-0.60075,0.0,0.0,-0.60075,0.60075,-0.00825
18.28289532661438,10.46715089110944,-155.16141847330834,50.21753287608749,10.46715089110944,-155.16141847330834,50.21753287608749,4.6117205944509925e-17,-0.6525349181054968,0.7523107440915201,-0.09070129534640554,0.60075,-0.60075,0.0,0.0,-0.60075,0.60075,-0.00825
18.35232710838318,10.46875325125282,-155.1047070269822,50.18958212837711,10.46875325125282,-155.1047070269822,50.18958212837711,3.2286289039749066e-17,-0.6526489173082979,0.7522118331337362,-0.0907014268349241,0.60075,-0.60075,0.0,0.0,-0.60075,0.60075,-0.00825
18.414402961730957,10.46875325125282,-155.1047070269822,50.18958212837711,10.46875325125282,-155.1047070269822,50.18958212837711,3.2286289039749066e-17,-0.6526489173082979,0.7522118331337362,-0.0907014268349241,0.60075,-0.60075,0.0,0.0,-0.60075,0.60075,-0.00825
18.54659080505371,10.478964073939608,-155.07110831572712,50.21540587136794,10.478964073939608,-155.07110831572712,50.21540587136794,9.224743182068421e-18,-0.652657419534565,0.7522045618999392,-0.0907005500722208,0.60075,-0.60075,0.0,0.0,-0.60075,0.60075,-0.00825
18.625410556793213,10.468828550067798,-155.11733179391462,50.17112651703557,10.468828550067798,-155.11733179391462,50.17112651703557,-2.305882627381004e-17,-0.6525434394410514,0.7523034587181427,-0.09070041699552774,0.60075,-0.60075,0.0,0.0,-0.60075,0.60075,-0.00825
18.660938501358032,10.468828550067798,-155.11733179391462,50.17112651703557,10.468828550067798,-155.11733179391462,50.17112651703557,-2.305882627381004e-17,-0.6525434394410514,0.7523034587181427,-0.09070041699552774,0.60075,-0.60075,0.0,0.0,-0.60075,0.60075,-0.00825
18.73039412498474,10.378645379527114,-155.1493609121494,50.143902789584416,10.378645379527114,-155.1493609121494,50.143902789584416,-2.305882627381004e-17,-0.6525434394410514,0.7523034587181427,-0.09070041699552774,0.60075,-0.60075,0.0,0.0,-0.60075,0.60075,-0.00825
18.780390739440918,10.378645379527114,-155.1493609121494,50.143902789584416,10.378645379527114,-155.1493609121494,50.143902789584416,-2.305882627381004e-17,-0.6525434394410514,0.7523034587181427,-0.09070041699552774,0.60075,-0.60075,0.0,0.0,-0.60075,0.60075,-0.00825
18.916783094406128,10.347410520946966,-155.14915891045524,50.21407645134432,10.347410520946966,-155.14915891045524,50.21407645134432,-2.305882627381004e-17,-0.6525434394410514,0.7523034587181427,-0.09070041699552774,0.60075,-0.60075,0.0,0.0,-0.60075,0.60075,-0.00825
18.982407808303833,10.387253842070521,-155.17247364722044,50.19767728028562,10.387253842070521,-155.17247364722044,50.19767728028562,-4.6117267928335975e-18,-0.6525221930143162,0.7523097329496988,-0.09080117473326153,0.60075,-0.60075,0.0,0.0,-0.60075,0.60075,-0.00825
19.030560970306396,10.387253842070521,-155.17247364722044,50.19767728028562,10.387253842070521,-155.17247364722044,50.19767728028562,-4.6117267928335975e-18,-0.6525221930143162,0.7523097329496988,-0.09080117473326153,0.60075,-0.60075,0.0,0.0,-0.60075,0.60075,-0.00825
19.106993436813354,10.379529603240343,-155.18140943003868,50.05746141841571,10.379529603240343,-155.18140943003868,50.05746141841571,0.0,-0.6524421412412309,0.7524033618870358,-0.09060040482052821,0.60075,-0.60075,0.0,0.0,-0.60075,0.60075,-0.00825
19.16552448272705,10.379529603240343,-155.18140943003868,50.05746141841571,10.379529603240343,-155.18140943003868,50.05746141841571,0.0,-0.6524421412412309,0.7524033618870358,-0.09060040482052821,0.60075,-0.60075,0.0,0.0,-0.60075,0.60075,-0.00825
19.290691375732422,10.339547301726697,-155.20451437058853,50.02975623319958,10.339547301726697,-155.20451437058853,50.02975623319958,2.305557192696366e-17,-0.6524208921412867,0.7524096480764528,-0.0907011630522784,0.60075,-0.60075,0.0,0.0,-0.60075,0.60075,-0.00825
19.35721755027771,10.327793928058355,-155.21189034686228,50.12144839852149,10.327793928058355,-155.21189034686228,50.12144839852149,0.0,-0.6524167102616562,0.7524013336927877,-0.0908001609506979,0.60075,-0.60075,0.0,0.0,-0.60075,0.60075,-0.00825
19.41329312324524,10.327793928058355,-155.21189034686228,50.12144839852149,10.327793928058355,-155.21189034686228,50.12144839852149,0.0,-0.6524167102616562,0.7524013336927877,-0.0908001609506979,0.60075,-0.60075,0.0,0.0,-0.60075,0.60075,-0.00825
19.487503051757812,10.369374717302094,-155.10818422292638,50.14820802901323,10.369374717302094,-155.10818422292638,50.14820802901323,2.3064698956750577e-17,-0.6527501631152449,0.7521119088654258,-0.09080143774096619,0.60075,-0.60075,0.0,0.0,-0.60075,0.60075,-0.00825
19.6124107837677,10.390244283152214,-155.0928456649508,50.11612703993158,10.390244283152214,-155.0928456649508,50.11612703993158,1.3838952930086681e-17,-0.6527586482284561,0.7521046504343917,-0.09080056144055675,0.60075,-0.60075,0.0,0.0,-0.60075,0.60075,-0.00825
19.729329109191895,10.438838919622583,-155.116743196532,50.170601522862945,10.438838919622583,-155.116743196532,50.170601522862945,0.0,-0.6526701297177833,0.7522055704388444,-0.09060067094091905,0.60075,-0.60075,0.0,0.0,-0.60075,0.60075,-0.00825
19.780805587768555,10.438838919622583,-155.116743196532,50.170601522862945,10.438838919622583,-155.116743196532,50.170601522862945,0.0,-0.6526701297177833,0.7522055704388444,-0.09060067094091905,0.60075,-0.60075,0.0,0.0,-0.60075,0.60075,-0.00825
19.86543583869934,10.489701988331177,-155.12588297299902,50.11204033496793,10.489701988331177,-155.12588297299902,50.11204033496793,1.3837059201079173e-17,-0.6526955090128036,0.7522075828835855,-0.09040091131703819,0.60075,-0.60075,0.0,0.0,-0.60075,0.60075,-0.00825
19.906474113464355,10.489701988331177,-155.12588297299902,50.11204033496793,10.489701988331177,-155.12588297299902,50.11204033496793,1.3837059201079173e-17,-0.6526955090128036,0.7522075828835855,-0.09040091131703819,0.60075,-0.60075,0.0,0.0,-0.60075,0.60075,-0.00825
19.98753809928894,10.489701988331177,-155.12588297299902,50.11204033496793,10.489701988331177,-155.12588297299902,50.11204033496793,1.3837059201079173e-17,-0.6526955090128036,0.7522075828835855,-0.09040091131703819,0.60075,-0.60075,0.0,0.0,-0.60075,0.60075,-0.00825
20.118706464767456,10.41965088514408,-155.11188481217383,50.1292709599067,10.41965088514408,-155.11188481217383,50.1292709599067,4.1516347106438785e-17,-0.652775602675894,0.7521139200307877,-0.0906016768445544,0.60075,-0.60075,0.0,0.0,-0.60075,0.60075,-0.00825
20.171826124191284,10.35929900259211,-155.07147351980643,50.19349383528323,10.35929900259211,-155.07147351980643,50.19349383528323,-2.3064828983239393e-17,-0.6527967810741413,0.7521076688829496,-0.0905009227947174,0.60075,-0.60075,0.0,0.0,-0.60075,0.60075,-0.00825
20.216352701187134,10.35929900259211,-155.07147351980643,50.19349383528323,10.35929900259211,-155.07147351980643,50.19349383528323,-2.3064828983239393e-17,-0.6527967810741413,0.7521076688829496,-0.0905009227947174,0.60075,-0.60075,0.0,0.0,-0.60075,0.60075,-0.00825
20.283179759979248,10.329459969776849,-155.09613445628867,50.1560576184275,10.329459969776849,-155.09613445628867,50.1560576184275,-2.7674155393273957e-17,-0.6526828262108992,0.7522065774329306,-0.09050079135559722,0.60075,-0.60075,0.0,0.0,-0.60075,0.60075,-0.00825
20.371225595474243,10.329459969776849,-155.09613445628867,50.1560576184275,10.329459969776849,-155.09613445628867,50.1560576184275,-2.7674155393273957e-17,-0.6526828262108992,0.7522065774329306,-0.09050079135559722,0.60075,-0.60075,0.0,0.0,-0.60075,0.60075,-0.00825
20.472712516784668,10.367260755107054,-155.17208124896538,50.19732728417054,10.367260755107054,-155.17208124896538,50.19732728417054,-4.6117267928335975e-18,-0.6525221930143162,0.7523097329496988,-0.09080117473326153,0.60075,-0.60075,0.0,0.0,-0.60075,0.60075,-0.00825
20.60271692276001,10.387829125697294,-155.1062436232601,50.23906874045508,10.387829125697294,-155.1062436232601,50.23906874045508,2.3064698956750577e-17,-0.6527501631152449,0.7521119088654258,-0.09080143774096619,0.60075,-0.60075,0.0,0.0,-0.60075,0.60075,-0.00825
20.668474435806274,10.427811427210969,-155.08313868271028,50.26677392567122,10.427811427210969,-155.08313868271028,50.26677392567122,-2.3064828983239393e-17,-0.6527967810741413,0.7521076688829496,-0.0905009227947174,0.60075,-0.60075,0.0,0.0,-0.60075,0.60075,-0.00825
20.724841833114624,10.427811427210969,-155.08313868271028,50.26677392567122,10.427811427210969,-155.08313868271028,50.26677392567122,-2.3064828983239393e-17,-0.6527967810741413,0.7521076688829496,-0.0905009227947174,0.60075,-0.60075,0.0,0.0,-0.60075,0.60075,-0.00825
20.794427394866943,10.428465882065979,-155.05342316274235,50.262704581513155,10.428465882065979,-155.05342316274235,50.262704581513155,-2.7677831749776158e-17,-0.652784083816337,0.7521066642761871,-0.09060080279673255,0.60075,-0.60075,0.0,0.0,-0.60075,0.60075,-0.00825
20.914700508117676,10.43905319882765,-155.0829482861494,50.19625026779624,10.43905319882765,-155.0829482861494,50.19625026779624,4.1516347106438785e-17,-0.652775602675894,0.7521139200307877,-0.0906016768445544,0.60075,-0.60075,0.0,0.0,-0.60075,0.60075,-0.032
20.97435426712036,10.43905319882765,-155.0829482861494,50.19625026779624,10.43905319882765,-155.0829482861494,50.19625026779624,4.1516347106438785e-17,-0.652775602675894,0.7521139200307877,-0.0906016768445544,0.60075,-0.60075,0.0,0.0,-0.60075,0.60075,-0.062
21.04375433921814,10.359814477057029,-155.08817767715354,50.145320134850316,10.359814477057029,-155.08817767715354,50.145320134850316,2.3064698956750577e-17,-0.6527501631152449,0.7521119088654258,-0.09080143774096619,0.60075,-0.60075,0.0,0.0,-0.60075,0.60075,-0.096
21.12606143951416,10.359814477057029,-155.08817767715354,50.145320134850316,10.359814477057029,-155.08817767715354,50.145320134850316,2.3064698956750577e-17,-0.6527501631152449,0.7521119088654258,-0.09080143774096619,0.60075,-0.60075,0.0,0.0,-0.60075,0.60075,-0.1265
21.223366260528564,10.286600956958551,-154.75565797407106,50.128875453742616,10.286600956958551,-154.75565797407106,50.128875453742616,4.613583748412071e-18,-0.6527874561645401,0.7520069302194304,-0.09140084231656372,0.60075,-0.60075,0.0,0.0,-0.60075,0.60075,-0.186
21.34600329399109,10.146135436858572,-153.81191391806698,50.06791157574904,10.146135436858572,-153.81191391806698,50.06791157574904,-2.3061782244046396e-17,-0.652287918961494,0.7522070313644739,-0.09330087214345305,0.60075,-0.60075,0.0,0.0,-0.60075,0.60075,-0.2485
21.41413712501526,10.41496840553603,-153.03800299849217,49.86471038600122,10.41496840553603,-153.03800299849217,49.86471038600122,-2.306772156927081e-17,-0.6523673071186286,0.7520133580455917,-0.09430167508470648,0.60075,-0.60075,0.0,0.0,-0.60075,0.60075,-0.28150000000000003
21.47616410255432,10.41496840553603,-153.03800299849217,49.86471038600122,10.41496840553603,-153.03800299849217,49.86471038600122,-2.306772156927081e-17,-0.6523673071186286,0.7520133580455917,-0.09430167508470648,0.60075,-0.60075,0.0,0.0,-0.60075,0.60075,-0.3125
21.555076122283936,10.05299407448095,-152.4956642616105,50.00698926052172,10.05299407448095,-152.4956642616105,50.00698926052172,-2.306163031262304e-17,-0.6519489822057772,0.7522119869501536,-0.09560152346774088,0.60075,-0.60075,0.0,0.0,-0.60075,0.60075,-0.35150000000000003
21.600170850753784,10.05299407448095,-152.4956642616105,50.00698926052172,10.05299407448095,-152.4956642616105,50.00698926052172,-2.306163031262304e-17,-0.6519489822057772,0.7522119869501536,-0.09560152346774088,0.60075,-0.60075,0.0,0.0,-0.60075,0.60075,-0.3755
21.75800395011902,10.031641576581336,-151.76112344784727,49.76451480052752,10.031641576581336,-151.76112344784727,49.76451480052752,9.224708023168516e-18,-0.6517920752014661,0.7522074288399915,-0.09670095502370005,0.60075,-0.60075,0.0,0.0,-0.60075,0.60075,-0.441
21.84201741218567,9.929870826484688,-151.22660548189137,49.891531565149826,9.929870826484688,-151.22660548189137,49.891531565149826,-9.223490139042028e-18,-0.6514832148870181,0.7523067514904849,-0.09800087949763057,0.60075,-0.60075,0.0,0.0,-0.60075,0.60075,-0.48575
21.91340661048889,10.120629274018313,-150.65058442194214,49.926330317850585,10.120629274018313,-150.65058442194214,49.926330317850585,-1.8439656288329372e-17,-0.6511680988743218,0.7526055578702859,-0.09780072224251121,0.60075,-0.60075,0.0,0.0,-0.60075,0.60075,-0.48575
21.9667751789093,10.120629274018313,-150.65058442194214,49.926330317850585,10.120629274018313,-150.65058442194214,49.926330317850585,-1.8439656288329372e-17,-0.6511680988743218,0.7526055578702859,-0.09780072224251121,0.60075,-0.60075,0.0,0.0,-0.60075,0.60075,-0.48575
22.033272981643677,10.022488223375944,-150.60589554807794,49.86826794852614,10.022488223375944,-150.60589554807794,49.86826794852614,0.0,-0.6515106596669339,0.7523089738593886,-0.097801166613649,0.60075,-0.60075,0.0,0.0,-0.60075,0.60075,-0.48575
22.154717683792114,10.01875052283782,-150.353604029781,49.793201182310206,10.01875052283782,-150.353604029781,49.793201182310206,-9.227191622805353e-18,-0.6518616171239386,0.7520049639759827,-0.097800645580919,0.60075,-0.60075,0.0,0.0,-0.60075,0.60075,-0.48575
22.2206768989563,10.01875052283782,-150.353604029781,49.793201182310206,10.01875052283782,-150.353604029781,49.793201182310206,-9.227191622805353e-18,-0.6518616171239386,0.7520049639759827,-0.097800645580919,0.60075,-0.60075,0.0,0.0,-0.60075,0.60075,-0.48575
22.286656856536865,10.00941230662437,-150.34758204774548,49.76195164710862,10.00941230662437,-150.34758204774548,49.76195164710862,0.0,-0.6519756512979487,0.7519060814954716,-0.09780079102308432,0.60075,-0.60075,0.0,0.0,-0.60075,0.60075,-0.48575
22.35119104385376,10.00941230662437,-150.34758204774548,49.76195164710862,10.00941230662437,-150.34758204774548,49.76195164710862,0.0,-0.6519756512979487,0.7519060814954716,-0.09780079102308432,0.60075,-0.60075,0.0,0.0,-0.60075,0.60075,-0.48575
22.42358708381653,9.957605205040693,-150.3893279346966,49.81738904556996,9.957605205040693,-150.3893279346966,49.81738904556996,-2.7681263335656533e-17,-0.6518666844987668,0.7520134272523427,-0.09770174447148121,0.60075,-0.60075,0.0,0.0,-0.60075,0.60075,-0.48575
22.530360221862793,9.97745543920081,-150.41225027320675,49.80063987839618,9.97745543920081,-150.41225027320675,49.80063987839618,9.225978568396207e-18,-0.6517475562201429,0.7521038394427408,-0.0978004992653903,0.60075,-0.60075,0.0,0.0,-0.60075,0.60075,-0.48575
22.59988760948181,9.97745543920081,-150.41225027320675,49.80063987839618,9.97745543920081,-150.41225027320675,49.80063987839618,9.225978568396207e-18,-0.6517475562201429,0.7521038394427408,-0.0978004992653903,0.60075,-0.60075,0.0,0.0,-0.60075,0.60075,-0.48575
22.665306091308594,9.986936508217582,-150.39574231498722,49.848988576886626,9.986936508217582,-150.39574231498722,49.848988576886626,-1.8454410339218162e-17,-0.6518479011698753,0.7520038599294744,-0.09790050250943555,0.60075,-0.60075,0.0,0.0,-0.60075,0.60075,-0.48575
22.72190284729004,9.986936508217582,-150.39574231498722,49.848988576886626,9.986936508217582,-150.39574231498722,49.848988576886626,-1.8454410339218162e-17,-0.6518479011698753,0.7520038599294744,-0.09790050250943555,0.60075,-0.60075,0.0,0.0,-0.60075,0.60075,-0.48575
22.782803058624268,9.956653427339063,-150.39243412399483,49.868275642108244,9.956653427339063,-150.39243412399483,49.868275642108244,0.0,-0.6519395818536596,0.751911227992112,-0.09800146341697967,0.60075,-0.60075,0.0,0.0,-0.60075,0.60075,-0.48575
22.907968997955322,9.986571631382589,-150.40428769150498,49.860251054636436,9.986571631382589,-150.40428769150498,49.860251054636436,9.227178096050492e-18,-0.6518753194480139,0.7520060663917695,-0.09770078814690943,0.28025000000000005,1.31925,0.318,0.64075,0.6785,-0.3605,-0.48575
22.964962482452393,9.986571631382589,-150.40428769150498,49.860251054636436,9.986571631382589,-150.40428769150498,49.860251054636436,9.227178096050492e-18,-0.6518753194480139,0.7520060663917695,-0.09770078814690943,0.5405,0.857,1.983,-0.29275,1.14975,0.83325,-0.48575
23.028688192367554,9.986424906165922,-150.40292789470007,49.870157084333556,9.986424906165922,-150.40292789470007,49.870157084333556,-3.69133135886414e-17,-0.6519533144204004,0.7519123296525075,-0.09790160536371921,-0.276,0.4257500000000001,2.07125,-0.96075,1.3865,0.68475,-0.48575
23.086695671081543,9.986424906165922,-150.40292789470007,49.870157084333556,9.986424906165922,-150.40292789470007,49.870157084333556,-3.69133135886414e-17,-0.6519533144204004,0.7519123296525075,-0.09790160536371921,-0.5947500000000001,2.134,1.1957499999999999,0.17175,1.96225,-0.7665000000000001,-0.48575
23.157402992248535,9.987162404662513,-150.4336166157845,49.79362174286198,9.987162404662513,-150.4336166157845,49.79362174286198,-1.8454256730889143e-17,-0.651825530205749,0.7520101194097676,-0.09800131875286869,-0.5947500000000001,2.134,1.1957499999999999,0.17175,1.96225,-0.7665000000000001,-0.48575
23.29064702987671,10.027942013834547,-150.35826621501164,49.834356747208915,10.027942013834547,-150.35826621501164,49.834356747208915,-9.22830141550649e-18,-0.6519807386567988,0.7519145280893916,-0.0977018877434946,-1.5265,4.7642500000000005,1.2697500000000002,0.984,3.78025,-2.5105,-0.48575
23.349149703979492,10.027942013834547,-150.35826621501164,49.834356747208915,10.027942013834547,-150.35826621501164,49.834356747208915,-9.22830141550649e-18,-0.6519807386567988,0.7519145280893916,-0.0977018877434946,-2.111,6.76625,2.68725,0.984,5.78225,-3.095,-0.48575
23.41804814338684,9.9483345428157,-150.3481512454736,49.821694284998784,9.9483345428157,-150.3481512454736,49.821694284998784,0.0,-0.6519893544577071,0.751907181333201,-0.0977009331244231,-3.6595000000000004,8.23625,3.04075,0.768,7.46825,-4.4275,-0.48575
23.480433464050293,9.9483345428157,-150.3481512454736,49.821694284998784,9.9483345428157,-150.3481512454736,49.821694284998784,0.0,-0.6519893544577071,0.751907181333201,-0.0977009331244231,-4.318250000000001,9.356,3.603749999999999,0.717,8.639,-5.0352500000000004,-0.48575
23.584217071533203,9.887129415856748,-150.46680933169662,49.75631698765617,9.887129415856748,-150.46680933169662,49.75631698765617,2.7677704922782903e-17,-0.6517251827124696,0.7521101106395001,-0.0979013160904229,-5.561,11.73425,4.3847499999999995,0.89425,10.84,-6.45525,-0.48575
23.72106432914734,9.967756218565654,-150.43866340474898,49.75364762795842,9.967756218565654,-150.43866340474898,49.75364762795842,1.845420257495394e-17,-0.6518529800327921,0.7520123262681315,-0.09780160307050967,-6.748749999999999,15.043750000000001,4.953500000000002,1.67075,13.373000000000001,-8.4195,-0.48575
23.77961802482605,9.977304841570856,-150.38700073934191,49.83755110107928,9.977304841570856,-150.38700073934191,49.83755110107928,-1.845662979265933e-17,-0.6519670333551822,0.7519134296844379,-0.09780174680560984,-7.15225,16.723000000000003,4.986750000000001,2.2920000000000003,14.431000000000001,-9.44425,-0.48575
23.854384422302246,9.977304841570856,-150.38700073934191,49.83755110107928,9.977304841570856,-150.38700073934191,49.83755110107928,-1.845662979265933e-17,-0.6519670333551822,0.7519134296844379,-0.09780174680560984,-7.825749999999999,19.30575,5.232000000000001,3.124,16.18175,-10.94975,-0.48575
23.922909259796143,9.976499789085892,-150.391466725445,49.87853166792045,9.976499789085892,-150.391466725445,49.87853166792045,9.227178096050492e-18,-0.6518753194480139,0.7520060663917695,-0.09770078814690943,-8.72975,21.683249999999997,6.705499999999999,3.124,18.55925,-11.85375,-0.48575
23.964831113815308,9.976499789085892,-150.391466725445,49.87853166792045,9.976499789085892,-150.391466725445,49.87853166792045,9.227178096050492e-18,-0.6518753194480139,0.7520060663917695,-0.09770078814690943,-9.1445,22.50275,6.76675,3.29575,19.207,-12.44025,-0.48575
24.09787678718567,10.017437740714456,-150.38914533265694,49.82834506361232,10.017437740714456,-150.38914533265694,49.82834506361232,9.227178096050492e-18,-0.6518753194480139,0.7520060663917695,-0.09770078814690943,-10.273249999999999,26.906750000000002,8.798500000000002,3.9175,22.989250000000002,-14.19075,-0.48575
24.1652991771698,10.048002654786416,-150.32350390607922,49.870261517954404,10.048002654786416,-150.32350390607922,49.870261517954404,-1.8459057820795343e-17,-0.6520810599309255,0.7518145261011219,-0.09780188966838217,-11.12125,27.853,9.797250000000002,3.46725,24.38575,-14.5885,-0.48575
24.214248180389404,10.048002654786416,-150.32350390607922,49.870261517954404,10.048002654786416,-150.32350390607922,49.870261517954404,-1.8459057820795343e-17,-0.6520810599309255,0.7518145261011219,-0.09780188966838217,-11.24425,28.576,10.42525,3.45325,25.12275,-14.6975,-0.48575
24.28799843788147,10.00823076006455,-150.28892419918645,49.895210270657536,10.00823076006455,-150.28892419918645,49.895210270657536,-1.8461540477577793e-17,-0.6521676049132821,0.7517134241679091,-0.09800175012432502,-11.9965,29.49375,11.50075,2.99825,26.4955,-14.99475,-0.48575
24.3498694896698,10.00823076006455,-150.28892419918645,49.895210270657536,10.00823076006455,-150.28892419918645,49.895210270657536,-1.8461540477577793e-17,-0.6521676049132821,0.7517134241679091,-0.09800175012432502,-11.994,30.58975,12.59925,2.99825,27.5915,-14.99225,-0.48575
24.500749826431274,9.927976579017212,-150.35630422373626,49.83260676663351,9.927976579017212,-150.35630422373626,49.83260676663351,-1.8459138777040358e-17,-0.6520398597245125,0.7518112288681511,-0.09810146521942757,-12.663250000000001,30.2845,16.45925,0.581,29.703500000000002,-13.244250000000001,-0.48575
24.549658060073853,9.967018720069092,-150.40797468366455,49.83018296943,9.967018720069092,-150.40797468366455,49.83018296943,0.0,-0.6519395818536596,0.751911227992112,-0.09800146341697967,-8.56775,32.424,25.76025,-0.9520000000000001,33.376,-7.61575,-0.48575
24.5969078540802,9.967018720069092,-150.40797468366455,49.83018296943,9.967018720069092,-150.40797468366455,49.83018296943,0.0,-0.6519395818536596,0.751911227992112,-0.09800146341697967,-7.34075,29.493499999999997,30.795749999999998,-4.3215,33.815,-3.01925,-0.48575
24.661418676376343,9.976876283160749,-150.45459056010714,49.7862536112127,9.976876283160749,-150.45459056010714,49.7862536112127,-3.6908459265739823e-17,-0.6518392619347169,0.7520112236544361,-0.0979014611645868,-9.7615,22.8005,35.068,-11.0145,33.815,1.2530000000000001,-0.48575
24.72235655784607,9.976876283160749,-150.45459056010714,49.7862536112127,9.976876283160749,-150.45459056010714,49.7862536112127,-3.6908459265739823e-17,-0.6518392619347169,0.7520112236544361,-0.0979014611645868,-14.814,17.756999999999998,35.059,-16.058,33.815,1.244,-0.48575
24.84744358062744,9.997083649329255,-150.4211880479796,49.81225235226107,9.997083649329255,-150.4211880479796,49.81225235226107,-3.69133135886414e-17,-0.6519533144204004,0.7519123296525075,-0.09790160536371921,-17.824,15.101500000000001,36.573,-19.647750000000002,34.74925,1.82375,-0.48575
24.91438889503479,9.976936092322575,-150.3716563787997,49.87581877181507,9.976936092322575,-150.3716563787997,49.87581877181507,0.0,-0.6520673401614087,0.7518134286499196,-0.09790174868958118,-19.26225,17.38775,40.2975,-21.086000000000002,38.47375,1.82375,-0.48575
24.969462633132935,9.976936092322575,-150.3716563787997,49.87581877181507,9.976936092322575,-150.3716563787997,49.87581877181507,0.0,-0.6520673401614087,0.7518134286499196,-0.09790174868958118,-19.26225,19.251499999999997,42.161249999999995,-21.086000000000002,40.3375,1.82375,-0.48575
25.023552894592285,9.976349191455967,-150.36621719158015,49.91544289060355,9.976349191455967,-150.36621719158015,49.91544289060355,9.227155523692515e-18,-0.6517980258599659,0.7520079060215547,-0.09820103240866579,-20.35,19.46225,43.06975,-21.97875,41.441,1.6287500000000001,-0.48575
25.08790946006775,9.976349191455967,-150.36621719158015,49.91544289060355,9.976349191455967,-150.36621719158015,49.91544289060355,9.227155523692515e-18,-0.6517980258599659,0.7520079060215547,-0.09820103240866579,-20.244000000000003,21.355249999999998,47.96925,-23.429000000000002,44.78425,3.185,-0.48575
25.218103170394897,9.973798926024216,-150.44992456426445,49.96727504186623,9.973798926024216,-150.44992456426445,49.96727504186623,-2.7662843962133297e-17,-0.650471401311345,0.7525141572651357,-0.10300193780506174,-26.2945,21.58275,52.96575,-28.83875,50.4215,2.54425,-0.48575
25.289306640625,9.650415236301939,-150.57823922828572,50.010383465853955,9.650415236301939,-150.57823922828572,50.010383465853955,0.0,-0.6486030963827395,0.7532087979118319,-0.10950127903789912,-26.310250000000003,25.503999999999998,56.90275,-28.8545,54.3585,2.54425,-0.48575
25.353091716766357,9.650415236301939,-150.57823922828572,50.010383465853955,9.650415236301939,-150.57823922828572,50.010383465853955,0.0,-0.6486030963827395,0.7532087979118319,-0.10950127903789912,-25.7605,25.591499999999996,58.9655,-29.56725,55.15875,3.80675,-0.48575
25.474597930908203,9.327908025466286,-150.69082293607633,50.02106090464494,9.327908025466286,-150.69082293607633,50.02106090464494,1.831786069759916e-17,-0.6416005462821759,0.7576096377691831,-0.11990152530164344,-25.6695,25.66925,62.14775,-31.074,56.74325,5.4045000000000005,-0.48575
25.544081211090088,9.243605347514375,-150.63719446878184,50.32539139274264,9.243605347514375,-150.63719446878184,50.32539139274264,0.0,-0.6394790135945854,0.7588078255179943,-0.12360127468901433,-25.66925,25.66925,62.148,-31.074,56.74325,5.40475,-0.48575
25.653955698013306,9.383132270261797,-150.73142081439258,50.249538682695636,9.383132270261797,-150.73142081439258,50.249538682695636,9.144496621120126e-18,-0.6396552021396816,0.7588054533128877,-0.1227008818153549,-25.21475,24.9445,60.17725,-30.22375,55.16825,5.009,-0.48575
25.71567726135254,9.383132270261797,-150.73142081439258,50.249538682695636,9.383132270261797,-150.73142081439258,50.249538682695636,9.144496621120126e-18,-0.6396552021396816,0.7588054533128877,-0.1227008818153549,-24.9255,24.90375,58.768249999999995,-29.395,54.29875,4.4695,-0.48575
25.778440713882446,9.414803432078656,-150.71181246944147,50.176652124830355,9.414803432078656,-150.71181246944147,50.176652124830355,9.14313507033723e-18,-0.6393860214580248,0.758918450895345,-0.12340300018511735,-23.842000000000002,24.217000000000002,58.056000000000004,-28.840500000000002,53.057500000000005,4.9985,-0.48575
25.83860945701599,9.414803432078656,-150.71181246944147,50.176652124830355,9.414803432078656,-150.71181246944147,50.176652124830355,9.14313507033723e-18,-0.6393860214580248,0.758918450895345,-0.12340300018511735,-23.106250000000003,24.384,56.76675,-27.744500000000002,52.1285,4.63825,-0.48575
25.9206759929657,9.375257433801693,-150.71510706334598,50.146234043508834,9.375257433801693,-150.71510706334598,50.146234043508834,-1.828648340270565e-17,-0.6393968044131626,0.7589096001782998,-0.12340156102517086,-23.106250000000003,23.106499999999997,55.48925,-27.744500000000002,50.851,4.63825,-0.48575
26.030010223388672,9.384155474365116,-150.71704965496684,50.207201667801776,9.384155474365116,-150.71704965496684,50.207201667801776,0.0,-0.6397546948572609,0.7587053947073779,-0.12280087316471072,-23.106250000000003,23.106499999999997,55.48925,-27.744500000000002,50.851,4.63825,-0.48575
26.122743844985962,9.384155474365116,-150.71704965496684,50.207201667801776,9.384155474365116,-150.71704965496684,50.207201667801776,0.0,-0.6397546948572609,0.7587053947073779,-0.12280087316471072,-23.106250000000003,23.106499999999997,55.48925,-27.744500000000002,50.851,4.63825,-0.48575
26.17071771621704,9.444932042913933,-150.66598138950903,50.22128147527781,9.444932042913933,-150.66598138950903,50.22128147527781,4.574019677387933e-17,-0.640118190291634,0.7585115930097831,-0.12210186619181876,-23.106250000000003,23.106499999999997,55.48925,-27.744500000000002,50.851,4.63825,-0.48575
26.219851970672607,9.444932042913933,-150.66598138950903,50.22128147527781,9.444932042913933,-150.66598138950903,50.22128147527781,4.574019677387933e-17,-0.640118190291634,0.7585115930097831,-0.12210186619181876,-23.106250000000003,23.106499999999997,55.48925,-27.744500000000002,50.851,4.63825,-0.48575
26.28951621055603,9.445368346150616,-150.64617104286373,50.218568579172434,9.445368346150616,-150.64617104286373,50.218568579172434,0.0,-0.6402858074289032,0.7584181785832574,-0.12180291950348204,-23.106250000000003,23.106499999999997,55.48925,-27.744500000000002,50.851,4.63825,-0.48575
26.41237783432007,9.476083857852558,-150.60577915015085,50.22357381083142,9.476083857852558,-150.60577915015085,50.22357381083142,0.0,-0.6404129262753756,0.7583110261811856,-0.12180177105218043,-23.1065,23.106250000000003,57.70875,-28.8545,51.960750000000004,5.748,-0.48575
26.47498059272766,9.476083857852558,-150.60577915015085,50.22357381083142,9.476083857852558,-150.60577915015085,50.22357381083142,0.0,-0.6404129262753756,0.7583110261811856,-0.12180177105218043,-23.378500000000003,22.956,55.8415,-28.132,51.088,4.7535,-0.48575
26.60054898262024,9.445816266627162,-150.6980299073983,50.13484010410912,9.445816266627162,-150.6980299073983,50.13484010410912,9.148104806370246e-18,-0.6401629045523722,0.7585061661159979,-0.12190099096841149,-23.74725,23.747249999999998,53.2695,-26.63475,50.382,2.8875,-0.48575
26.670027494430542,9.40635331199175,-150.7617287423552,50.03195602547409,9.40635331199175,-150.7617287423552,50.03195602547409,-4.5734062745581676e-17,-0.6400356921381041,0.758613327500364,-0.1219021416059773,-24.38775,24.388,53.26975,-26.63475,51.02275,2.247,-0.48575
26.726595401763916,9.40635331199175,-150.7617287423552,50.03195602547409,9.40635331199175,-150.7617287423552,50.03195602547409,-4.5734062745581676e-17,-0.6400356921381041,0.758613327500364,-0.1219021416059773,-25.0245,24.99175,53.23675,-26.63475,51.6265,1.61025,-0.48575
26.847574472427368,9.476095475092421,-150.67744836133073,50.14255823187348,9.476095475092421,-150.67744836133073,50.14255823187348,9.149186150879752e-18,-0.6402687933916611,0.7584165180899735,-0.1219026550041769,-25.47275,25.2655,53.06225,-26.63475,51.90025,1.162,-0.48575
26.918400287628174,9.494681119051137,-150.58130861022948,50.33153368556212,9.494681119051137,-150.58130861022948,50.33153368556212,9.151666637205096e-18,-0.640512379106808,0.7582109553354924,-0.1219017613497712,-25.66925,25.669500000000003,53.26975,-26.63475,52.30425,0.9655,-0.48575
26.96945810317993,9.494681119051137,-150.58130861022948,50.33153368556212,9.494681119051137,-150.58130861022948,50.33153368556212,9.151666637205096e-18,-0.640512379106808,0.7582109553354924,-0.1219017613497712,-25.66925,25.669500000000003,53.26975,-26.63475,52.30425,0.9655,-0.48575
27.05026078224182,9.485041707577835,-150.52478756046426,50.37410659572674,9.485041707577835,-150.52478756046426,50.37410659572674,2.7454939966513448e-17,-0.6405293930054314,0.7582126108129034,-0.12180202584675764,-25.66925,25.669500000000003,53.26975,-26.63475,52.30425,0.9655,-0.48575
27.133647203445435,9.503075302389504,-150.63821625568318,50.35965943133004,9.503075302389504,-150.63821625568318,50.35965943133004,-9.14808471992707e-18,-0.6401799146329132,0.7585078315674525,-0.12180125759382432,-25.66925,25.669500000000003,53.26975,-26.63475,52.30425,0.9655,-0.48575
27.225258111953735,9.503075302389504,-150.63821625568318,50.35965943133004,9.503075302389504,-150.63821625568318,50.35965943133004,-9.14808471992707e-18,-0.6401799146329132,0.7585078315674525,-0.12180125759382432,-25.66925,25.669500000000003,53.26975,-26.63475,52.30425,0.9655,-0.48575
27.282309532165527,9.502496146349444,-150.68055654258356,50.345273164146555,9.502496146349444,-150.68055654258356,50.345273164146555,-2.7440694684959024e-17,-0.6400633697401669,0.7586062215521044,-0.12180099892571362,-25.66925,25.669500000000003,53.26975,-26.63475,52.30425,0.9655,-0.48575
27.3447585105896,9.502496146349444,-150.68055654258356,50.345273164146555,9.502496146349444,-150.68055654258356,50.345273164146555,-2.7440694684959024e-17,-0.6400633697401669,0.7586062215521044,-0.12180099892571362,-25.03425,25.065749999999998,53.300999999999995,-26.63475,51.7005,1.6005,-0.48575
27.41055655479431,9.504316658111179,-150.61393992293478,50.31596596838349,9.504316658111179,-150.61393992293478,50.31596596838349,2.7447754787535086e-17,-0.6403134315108029,0.758411093106064,-0.12170178010417722,-22.9205,24.602500000000003,53.228,-25.773,50.3755,2.8525,-0.48575
27.462578773498535,9.504316658111179,-150.61393992293478,50.31596596838349,9.504316658111179,-150.61393992293478,50.31596596838349,2.7447754787535086e-17,-0.6403134315108029,0.758411093106064,-0.12170178010417722,-22.6205,22.901000000000003,50.789500000000004,-25.2545,48.1555,2.634,-0.48575
27.587167978286743,9.465290006712422,-150.65782841124633,50.21036899364309,9.465290006712422,-150.65782841124633,50.21036899364309,2.7447754787535086e-17,-0.6403134315108029,0.758411093106064,-0.12170178010417722,-18.0595,24.988000000000003,48.719,-20.89525,45.883250000000004,2.83575,-0.48575
27.6551775932312,9.60906808832965,-150.76759912713885,49.87424661536559,9.60906808832965,-150.76759912713885,49.87424661536559,-9.160226250229806e-18,-0.6422258920231534,0.7575024583844914,-0.11720038035995033,-16.98175,22.900750000000002,43.62200000000001,-18.8515,41.752250000000004,1.86975,-0.48575
27.71533966064453,9.60906808832965,-150.76759912713885,49.87424661536559,9.60906808832965,-150.76759912713885,49.87424661536559,-9.160226250229806e-18,-0.6422258920231534,0.7575024583844914,-0.11720038035995033,-15.88525,19.15425,38.779,-17.755,36.90925,1.86975,-0.48575
27.78312659263611,9.536993518244856,-150.2309501649558,50.02160043355476,9.536993518244856,-150.2309501649558,50.02160043355476,1.8397974304230704e-17,-0.6477227198398756,0.7543106419397048,-0.10710151100588945,-14.917500000000002,18.779,37.1555,-16.647000000000002,35.426,1.7295,-0.48575
27.84965705871582,9.536993518244856,-150.2309501649558,50.02160043355476,9.536993518244856,-150.2309501649558,50.02160043355476,1.8397974304230704e-17,-0.6477227198398756,0.7543106419397048,-0.10710151100588945,-15.7185,18.589,31.613999999999997,-14.37175,32.96075,-1.3467500000000001,-0.48575
27.975574493408203,9.77388354604264,-150.5415595299536,49.85575430877151,9.77388354604264,-150.5415595299536,49.85575430877151,0.0,-0.6486844049856448,0.7538071987924257,-0.10480100084033726,-4.496,28.3975,28.6255,-2.362,30.7595,-2.134,-0.48575
28.055133819580078,9.801604744249602,-150.5569058824504,49.96931497377051,9.801604744249602,-150.5569058824504,49.96931497377051,2.7618819129473597e-17,-0.6487605825392171,0.7537136766831218,-0.10500190533597956,-1.1544999999999999,25.858,22.7445,0.9795,24.8785,-2.134,-0.48575
28.101635217666626,9.801604744249602,-150.5569058824504,49.96931497377051,9.801604744249602,-150.5569058824504,49.96931497377051,2.7618819129473597e-17,-0.6487605825392171,0.7537136766831218,-0.10500190533597956,-1.7839999999999998,20.628500000000003,18.1445,0.35000000000000003,20.2785,-2.134,-0.48575
28.21399712562561,9.762717073240935,-150.5543746934469,49.907822355304944,9.762717073240935,-150.5543746934469,49.907822355304944,0.0,-0.6492782874031918,0.7534066072156813,-0.10400091206587583,-1.7907499999999998,9.32275,6.8454999999999995,0.34325,8.9795,-2.134,-0.48575
28.27533984184265,9.835969024301534,-150.43106022455987,49.8616954279314,9.835969024301534,-150.43106022455987,49.8616954279314,0.0,-0.6498800542373646,0.752915031644912,-0.10380207236650535,-1.7907499999999998,6.299250000000001,3.8220000000000005,0.34325,5.956,-2.134,-0.48575
28.42667269706726,9.885936252057093,-150.3364822719577,49.97059119016303,9.885936252057093,-150.3364822719577,49.97059119016303,0.0,-0.6501885525075348,0.7526073508118611,-0.10410101676789092,0.6507499999999999,4.2475,1.7627499999999998,1.56775,2.67975,-0.917,-0.48575
28.468676567077637,9.885936252057093,-150.3364822719577,49.97059119016303,9.885936252057093,-150.3364822719577,49.97059119016303,0.0,-0.6501885525075348,0.7526073508118611,-0.10410101676789092,0.66475,3.0220000000000002,-0.55525,2.121,0.901,-1.45625,-0.48575
28.533955335617065,9.874043897998632,-150.3902779255465,50.0181789992101,9.874043897998632,-150.3902779255465,50.0181789992101,0.0,-0.6501885525075348,0.7526073508118611,-0.10410101676789092,0.8312499999999998,4.2325,-1.4267500000000002,3.24525,0.9872500000000001,-2.414,-0.48575
28.60102367401123,9.874043897998632,-150.3902779255465,50.0181789992101,9.874043897998632,-150.3902779255465,50.0181789992101,0.0,-0.6501885525075348,0.7526073508118611,-0.10410101676789092,1.3290000000000002,7.0345,-1.7810000000000001,5.07225,1.96225,-3.74325,-0.48575
28.7133948802948,9.871640357783576,-150.47534509503572,50.06010512077566,9.871640357783576,-150.47534509503572,50.06010512077566,2.7652068106060153e-17,-0.6499889108872506,0.7528074078177015,-0.10390102241267163,3.255000000000001,10.978000000000002,-3.7984999999999998,9.01575,1.96225,-5.76075,-0.48575
28.842927932739258,9.892652776437075,-150.43747659680506,50.045123294982865,9.892652776437075,-150.43747659680506,50.045123294982865,-3.687414626085709e-17,-0.6501324031399135,0.752711002968826,-0.10370151588663115,3.7262499999999994,13.6475,-5.9967500000000005,11.68525,1.96225,-7.9590000000000005,-0.48575
28.90771198272705,9.885507693646957,-150.4040720927229,49.91929370029644,9.885507693646957,-150.4040720927229,49.91929370029644,-1.8439523694294082e-17,-0.6502322463860366,0.7526109696699372,-0.10380151295740035,5.479749999999999,15.45225,-6.048000000000001,13.49,1.96225,-8.010250000000001,-0.48575
28.972313165664673,9.885507693646957,-150.4040720927229,49.91929370029644,9.885507693646957,-150.4040720927229,49.91929370029644,-1.8439523694294082e-17,-0.6502322463860366,0.7526109696699372,-0.10380151295740035,6.0387499999999985,16.5745,-6.611250000000001,14.61225,1.96225,-8.573500000000001,-0.48575
29.045895099639893,9.904402277692128,-150.40621088347132,49.98043632264693,9.904402277692128,-150.40621088347132,49.98043632264693,-5.531865962084778e-17,-0.6502176953298399,0.7526097651099474,-0.10390134811974955,6.005750000000001,17.7525,-7.8222499999999995,15.79025,1.96225,-9.7845,-0.48575
29.138505935668945,9.904402277692128,-150.40621088347132,49.98043632264693,9.904402277692128,-150.40621088347132,49.98043632264693,-5.531865962084778e-17,-0.6502176953298399,0.7526097651099474,-0.10390134811974955,7.1072500000000005,19.804000000000002,-8.77225,17.84175,1.96225,-10.7345,-0.48575
29.294769525527954,9.834061596484986,-150.41338286609633,49.99047381399396,9.834061596484986,-150.41338286609633,49.99047381399396,-9.219854413864384e-18,-0.6502411585255552,0.7526034135064915,-0.10380047079720149,6.833250000000001,22.960250000000002,-12.2025,20.998,1.96225,-14.16475,-0.48575
29.3542799949646,9.834061596484986,-150.41338286609633,49.99047381399396,9.834061596484986,-150.41338286609633,49.99047381399396,-9.219854413864384e-18,-0.6502411585255552,0.7526034135064915,-0.10380047079720149,8.743,25.344250000000002,-12.676750000000002,23.382,1.96225,-14.639000000000001,-0.48575
29.412043809890747,9.81436583236811,-150.43959979851098,49.94330656549866,9.81436583236811,-150.43959979851098,49.94330656549866,-1.8439523694294082e-17,-0.6502322463860366,0.7526109696699372,-0.10380151295740035,9.0175,26.589000000000002,-13.647000000000002,24.62675,1.96225,-15.609250000000001,-0.48575
29.478054761886597,9.81436583236811,-150.43959979851098,49.94330656549866,9.81436583236811,-150.43959979851098,49.94330656549866,-1.8439523694294082e-17,-0.6502322463860366,0.7526109696699372,-0.10380151295740035,11.0565,28.767500000000002,-13.7865,26.80525,1.96225,-15.748750000000001,-0.48575
29.54049801826477,9.894699184643713,-150.40873427795356,49.96044926519515,9.894699184643713,-150.40873427795356,49.96044926519515,1.8439464795941995e-17,-0.6502613077820552,0.7526133736196382,-0.10360184096066237,12.149750000000001,29.860750000000003,-13.7865,27.898500000000002,1.96225,-15.748750000000001,-0.48575
29.68418049812317,10.004288541281227,-150.3716583707543,50.02764710754986,10.004288541281227,-150.3716583707543,50.02764710754986,-9.221035762102784e-18,-0.6503845510941209,0.7525069941085304,-0.10360096290982555,14.229750000000003,33.09275,-14.938499999999998,31.1305,1.96225,-16.90075,-0.48575
29.79530119895935,9.904620429310484,-150.39630571014868,49.97907987459424,9.904620429310484,-150.39630571014868,49.97907987459424,2.7662830142050628e-17,-0.6503756627683084,0.7525145332139384,-0.10360200085177937,15.459500000000002,34.246,-16.176,32.94075,1.30525,-17.48125,-0.48575
29.83723020553589,9.904620429310484,-150.39630571014868,49.97907987459424,9.904620429310484,-150.39630571014868,49.97907987459424,2.7662830142050628e-17,-0.6503756627683084,0.7525145332139384,-0.10360200085177937,15.856749999999998,34.2085,-16.99025,33.52775,0.68075,-17.671,-0.48575
29.928768157958984,9.82371179340808,-150.49340125466645,49.920545714728284,9.82371179340808,-150.49340125466645,49.920545714728284,9.218614498643092e-18,-0.6501558530027636,0.7527046396102773,-0.1036006385859237,16.913500000000003,35.71125000000001,-17.43625,35.0305,0.68075,-18.117,-0.48575
29.973283052444458,9.82371179340808,-150.49340125466645,49.920545714728284,9.82371179340808,-150.49340125466645,49.920545714728284,9.218614498643092e-18,-0.6501558530027636,0.7527046396102773,-0.1036006385859237,17.239750000000004,36.59075000000001,-17.9895,35.910000000000004,0.68075,-18.67025,-0.48575
30.106319427490234,9.905504653023712,-150.42835422803796,49.892638503425545,9.905504653023712,-150.42835422803796,49.892638503425545,9.219824927343921e-18,-0.6502702153732342,0.7526058204563119,-0.10360080122146419,18.4655,38.35775,-18.53075,37.677,0.68075,-19.2115,-0.48575
30.171382904052734,9.90571893222878,-150.39455931765534,49.91828724835884,9.90571893222878,-150.39455931765534,49.91828724835884,2.7663151395064592e-17,-0.6503700285439067,0.7525057942399004,-0.10370079848860816,18.92625,39.212,-18.92425,38.53125,0.68075,-19.605,-0.48575
30.219884872436523,9.90571893222878,-150.39455931765534,49.91828724835884,9.90571893222878,-150.39455931765534,49.91828724835884,2.7663151395064592e-17,-0.6503700285439067,0.7525057942399004,-0.10370079848860816,19.696,40.158500000000004,-19.101,39.47775,0.68075,-19.78175,-0.48575
30.29161834716797,9.834291365343176,-150.47514690395357,49.90810178698333,9.834291365343176,-150.47514690395357,49.90810178698333,9.219810215807253e-18,-0.6502847234394575,0.7526070213474219,-0.10350096559853594,19.7015,40.164,-19.101,39.48325,0.68075,-19.78175,-0.48575
30.34442901611328,9.834291365343176,-150.47514690395357,49.90810178698333,9.834291365343176,-150.47514690395357,49.90810178698333,9.219810215807253e-18,-0.6502847234394575,0.7526070213474219,-0.10350096559853594,19.69775,40.164,-19.10475,39.48325,0.68075,-19.7855,-0.48575
30.47454524040222,9.833640782901426,-150.5287521609815,49.88516593815542,9.833640782901426,-150.5287521609815,49.88516593815542,-1.8439523694294082e-17,-0.6502322463860366,0.7526109696699372,-0.10380151295740035,20.602,39.947,-19.6035,40.07625,-0.12925,-19.47425,-0.48575
30.537802934646606,9.912725034628806,-150.47438349905252,50.000012486770416,9.912725034628806,-150.47438349905252,50.000012486770416,0.0,-0.6504172266837637,0.7524096903229951,-0.10410134072650684,20.701,35.987,-24.5745,40.63125,-4.64425,-19.93025,-0.48575
30.58640456199646,9.912725034628806,-150.47438349905252,50.000012486770416,9.912725034628806,-150.47438349905252,50.000012486770416,0.0,-0.6504172266837637,0.7524096903229951,-0.10410134072650684,21.131749999999997,31.217749999999995,-29.774500000000003,41.062,-9.84425,-19.93025,-0.48575
30.659395456314087,9.974227484434351,-150.38233474349923,50.01857253173281,9.974227484434351,-150.38233474349923,50.01857253173281,1.84469759152855e-17,-0.6505840802445467,0.7523069294146513,-0.10380095609895093,21.131749999999997,24.383249999999997,-36.609,41.062,-16.67875,-19.93025,-0.48575
30.712743997573853,9.974227484434351,-150.38233474349923,50.01857253173281,9.974227484434351,-150.38233474349923,50.01857253173281,1.84469759152855e-17,-0.6505840802445467,0.7523069294146513,-0.10380095609895093,21.131749999999997,20.935999999999996,-40.056250000000006,41.062,-20.126,-19.93025,-0.48575
30.839307069778442,9.926144450015641,-150.35125163220516,49.942929541354516,9.926144450015641,-150.35125163220516,49.942929541354516,-9.224685316304406e-18,-0.6507128730030752,0.7522092804231385,-0.10370127942020667,21.1045,24.38575,-43.06975,44.28,-19.89425,-23.1755,-0.48575
30.915420293807983,9.85405855586174,-150.43766500141135,49.96381861712306,9.85405855586174,-150.43766500141135,49.96381861712306,1.84469759152855e-17,-0.6505840802445467,0.7523069294146513,-0.10380095609895093,23.58575,33.695,-37.222750000000005,47.25175,-13.556750000000001,-23.666,-0.48575
30.963069677352905,9.85405855586174,-150.43766500141135,49.96381861712306,9.85405855586174,-150.43766500141135,49.96381861712306,1.84469759152855e-17,-0.6505840802445467,0.7523069294146513,-0.10380095609895093,23.58575,38.595,-32.32275,47.25175,-8.65675,-23.666,-0.48575
31.02903127670288,9.984637096673055,-150.21938217362165,50.17806579160085,9.984637096673055,-150.21938217362165,50.17806579160085,-2.782582555592508e-17,-0.6551865318091127,0.7481065267905087,-0.10520091781628328,23.58575,44.78675,-26.131,47.25175,-2.465,-23.666,-0.48575
31.099036931991577,9.984637096673055,-150.21938217362165,50.17806579160085,9.984637096673055,-150.21938217362165,50.17806579160085,-2.782582555592508e-17,-0.6551865318091127,0.7481065267905087,-0.10520091781628328,23.58575,47.8845,-23.03325,47.25175,0.63275,-23.666,-0.48575
31.22078227996826,10.043458045483334,-150.30523994218765,50.15034324557913,10.043458045483334,-150.30523994218765,50.15034324557913,-1.8540644670981338e-17,-0.6546816080011798,0.7485062172371548,-0.10550087631064775,23.29975,52.1195,-23.22125,49.32025,2.7992500000000002,-26.020500000000002,-0.48575
31.28028392791748,10.16312698924412,-150.3287644751683,50.14525008867787,10.16312698924412,-150.3287644751683,50.14525008867787,0.0,-0.655247156598734,0.7480110853893451,-0.1055015635141389,24.339000000000002,55.389,-24.562500000000004,52.145250000000004,3.24375,-27.806250000000002,-0.48575
31.343385219573975,10.16312698924412,-150.3287644751683,50.14525008867787,10.16312698924412,-150.3287644751683,50.14525008867787,0.0,-0.655247156598734,0.7480110853893451,-0.1055015635141389,24.949,56.5275,-24.7005,53.0885,3.439,-28.1395,-0.48575
31.407986640930176,10.095400255043842,-150.19318464086152,50.166015396378604,10.095400255043842,-150.19318464086152,50.166015396378604,-2.796774947098354e-17,-0.6594480597083178,0.7443102182146951,-0.105501448369811,25.310499999999998,59.24075,-24.87975,54.7155,4.52525,-29.405,-0.48575
31.466857194900513,10.095400255043842,-150.19318464086152,50.166015396378604,10.095400255043842,-150.19318464086152,50.166015396378604,-2.796774947098354e-17,-0.6594480597083178,0.7443102182146951,-0.105501448369811,26.20425,60.30175,-25.047,55.7765,4.52525,-29.57225,-0.48575
31.598555088043213,10.408142707389231,-150.39562007716285,50.35995366653296,10.408142707389231,-150.39562007716285,50.35995366653296,2.80206474711684e-17,-0.6606758463563343,0.7429050928655675,-0.10770073832497189,26.446999999999996,61.26675,-26.047250000000002,56.8805,4.38625,-30.433500000000002,-0.48575
31.66316533088684,10.60740363251577,-150.33370063144167,50.47554374378574,10.60740363251577,-150.33370063144167,50.47554374378574,1.8703019268355407e-17,-0.6615197309551831,0.7420078869990258,-0.10870115541346913,26.856250000000003,60.95825000000001,-25.6395,56.727000000000004,4.23125,-29.87075,-0.48575
31.756709814071655,10.60740363251577,-150.33370063144167,50.47554374378574,10.60740363251577,-150.33370063144167,50.47554374378574,1.8703019268355407e-17,-0.6615197309551831,0.7420078869990258,-0.10870115541346913,26.8295,59.5455,-26.2285,56.30175,3.24375,-29.47225,-0.48575
31.84420943260193,10.467971370649735,-150.3715477380632,50.3979148775613,10.467971370649735,-150.3715477380632,50.3979148775613,-9.355314501059204e-18,-0.6616931024001615,0.7417061075949514,-0.10970090333445623,26.8295,59.5455,-26.2285,56.30175,3.24375,-29.47225,-0.48575
31.90887141227722,10.457824229538033,-150.3461020050708,50.434651102186855,10.457824229538033,-150.3461020050708,50.434651102186855,1.8720779663296777e-17,-0.6620606412459628,0.7413039444624573,-0.11020058637496671,26.67425,59.9035,-26.741750000000003,56.65975,3.24375,-29.985500000000002,-0.48575
32.033642053604126,10.396678911740935,-150.38182590998642,50.45883896544661,10.396678911740935,-150.38182590998642,50.45883896544661,-1.8723389121693092e-17,-0.6621096930958036,0.7412006297372478,-0.11060009396780844,28.182249999999996,60.44325,-26.981,57.80325,2.64,-29.621000000000002,-0.48575
32.100909948349,10.396678911740935,-150.38182590998642,50.45883896544661,10.396678911740935,-150.38182590998642,50.45883896544661,-1.8723389121693092e-17,-0.6621096930958036,0.7412006297372478,-0.11060009396780844,27.99975,59.951499999999996,-28.02725,57.98925,1.96225,-29.9895,-0.48575
32.15672421455383,10.456519192241245,-150.4294227820667,50.41578459751701,10.456519192241245,-150.4294227820667,50.41578459751701,0.0,-0.6622626761122962,0.7410040572784796,-0.11100060777046054,28.756999999999998,60.95325,-28.27175,58.991,1.96225,-30.234,-0.48575
32.21677112579346,10.456519192241245,-150.4294227820667,50.41578459751701,10.456519192241245,-150.4294227820667,50.41578459751701,0.0,-0.6622626761122962,0.7410040572784796,-0.11100060777046054,29.447499999999998,62.695499999999996,-29.3235,60.73325,1.96225,-31.28575,-0.48575
32.27873611450195,10.455710267342994,-150.40999903110983,50.483770357344156,10.455710267342994,-150.40999903110983,50.483770357344156,0.0,-0.6628691862535864,0.7403107969068485,-0.11200163346422669,29.7625,63.49075,-29.80375,61.5285,1.96225,-31.766000000000002,-0.48575
32.4224534034729,10.493796758279956,-150.44088594327636,50.55923834966491,10.493796758279956,-150.44088594327636,50.55923834966491,-2.814554808158611e-17,-0.6634322456067504,0.7396083263818464,-0.11330127552604544,30.478999999999996,64.28175,-29.87825,62.3195,1.96225,-31.840500000000002,-0.48575
32.47568440437317,10.493796758279956,-150.44088594327636,50.55923834966491,10.493796758279956,-150.44088594327636,50.55923834966491,-2.814554808158611e-17,-0.6634322456067504,0.7396083263818464,-0.11330127552604544,30.478999999999996,64.28175,-29.87825,62.3195,1.96225,-31.840500000000002,-0.48575
32.55382752418518,10.52218402858179,-150.4981859869851,50.5877140915479,10.52218402858179,-150.4981859869851,50.5877140915479,3.751737021475092e-17,-0.6631947773484802,0.7398060007072697,-0.11340091981644278,30.478999999999996,64.28175,-29.87825,62.3195,1.96225,-31.840500000000002,-0.48575
32.600143909454346,10.52218402858179,-150.4981859869851,50.5877140915479,10.52218402858179,-150.4981859869851,50.5877140915479,3.751737021475092e-17,-0.6631947773484802,0.7398060007072697,-0.11340091981644278,30.478999999999996,64.28175,-29.87825,62.3195,1.96225,-31.840500000000002,-0.48575
32.658894777297974,10.474236102139884,-150.39679346131604,50.583180650430435,10.474236102139884,-150.39679346131604,50.583180650430435,-3.750206001131685e-17,-0.6629259630682436,0.7401080262591768,-0.11300122546586537,30.478999999999996,64.28175,-29.87825,62.3195,1.96225,-31.840500000000002,-0.48575
32.788376331329346,10.4866323134234,-150.28803275389438,50.568434719908396,10.4866323134234,-150.28803275389438,50.568434719908396,1.8753671562566493e-17,-0.6630594757505374,0.7400037780076831,-0.11290057640144245,30.478999999999996,64.28175,-29.87825,62.3195,1.96225,-31.840500000000002,-0.48575
32.83546710014343,10.4866323134234,-150.28803275389438,50.568434719908396,10.4866323134234,-150.28803275389438,50.568434719908396,1.8753671562566493e-17,-0.6630594757505374,0.7400037780076831,-0.11290057640144245,30.786,62.981750000000005,-29.82225,61.795,1.18675,-31.009,-0.48575
32.913869857788086,10.455924546548061,-150.3762041207272,50.50941910227745,10.455924546548061,-150.3762041207272,50.50941910227745,-2.812292007828214e-17,-0.6628536298666639,0.7402034231785665,-0.1128005216624457,30.478999999999996,63.9995,-30.160500000000003,62.3195,1.68,-31.840500000000002,-0.48575
32.971972703933716,10.455924546548061,-150.3762041207272,50.50941910227745,10.455924546548061,-150.3762041207272,50.50941910227745,-2.812292007828214e-17,-0.6628536298666639,0.7402034231785665,-0.1128005216624457,30.830750000000002,63.346000000000004,-29.66375,61.92025,1.42575,-31.0895,-0.48575
33.033053398132324,10.455198665291334,-150.4171846108227,50.504938864791086,10.455198665291334,-150.4171846108227,50.504938864791086,2.811892084548111e-17,-0.662735913451014,0.7403086991180551,-0.11280132549036415,30.49775,61.2165,-29.35725,60.53575,0.68075,-30.038,-0.48575
33.16376852989197,10.495030369175055,-150.36883013640804,50.56955527269032,10.495030369175055,-150.36883013640804,50.56955527269032,3.749687423819173e-17,-0.6628626883437412,0.7402103823192546,-0.1127015807719265,29.21125,57.199,-27.39675,56.9035,0.2955,-27.69225,-0.48575
33.21312475204468,10.495030369175055,-150.36883013640804,50.56955527269032,10.495030369175055,-150.36883013640804,50.56955527269032,3.749687423819173e-17,-0.6628626883437412,0.7402103823192546,-0.1127015807719265,31.194250000000004,53.45975000000001,-27.425,56.039500000000004,-2.57975,-24.84525,-0.48575
33.30432891845703,10.474811385766685,-150.33056343735566,50.6245721105999,10.474811385766685,-150.33056343735566,50.6245721105999,-3.7496925336520055e-17,-0.662846830692327,0.7402093736095322,-0.1128014284560325,30.250500000000002,40.38875,-31.92725,51.28325,-10.8945,-21.03275,-0.48575
33.35177755355835,10.474811385766685,-150.33056343735566,50.6245721105999,10.474811385766685,-150.33056343735566,50.6245721105999,-3.7496925336520055e-17,-0.662846830692327,0.7402093736095322,-0.1128014284560325,26.657500000000002,30.405250000000002,-35.73675,46.399750000000004,-15.9945,-19.742250000000002,-0.48575
33.425605058670044,10.435114789859767,-150.3086084973953,50.63106525196148,10.435114789859767,-150.3086084973953,50.63106525196148,-9.372999288779988e-18,-0.6627041589088872,0.7403066713355543,-0.1130010183181381,27.522250000000003,21.823750000000004,-37.245000000000005,43.295500000000004,-21.47175,-15.77325,-0.48575
33.53515291213989,10.268905362661798,-150.2802235881019,50.4429995101717,10.268905362661798,-150.2802235881019,50.4429995101717,0.0,-0.6608407859648289,0.7419094078560562,-0.11340143799821639,24.588250000000002,17.974500000000003,-32.25125,37.407000000000004,-19.4325,-12.81875,-0.48575
33.6003201007843,10.268905362661798,-150.2802235881019,50.4429995101717,10.268905362661798,-150.2802235881019,50.4429995101717,0.0,-0.6608407859648289,0.7419094078560562,-0.11340143799821639,21.6175,16.1675,-28.0255,32.90525,-16.737750000000002,-11.28775,-0.48575
33.7177677154541,10.104230741618892,-150.23028193966988,50.19142824604114,10.104230741618892,-150.23028193966988,50.19142824604114,-2.8013041292684887e-17,-0.659699325796515,0.743106808511991,-0.11220102801109591,24.409,15.002500000000001,-18.375999999999998,28.89375,-13.89125,-4.48475,-0.48575
33.77653741836548,10.149989407050782,-150.38294672444556,50.26353655365747,10.149989407050782,-150.38294672444556,50.26353655365747,-5.601113799176435e-17,-0.6593735994478792,0.7433050803139362,-0.11280077096651689,23.494,15.007750000000001,-14.799249999999999,26.6505,-11.64275,-3.1565,-0.48575
33.83771634101868,10.149989407050782,-150.38294672444556,50.26353655365747,10.149989407050782,-150.38294672444556,50.26353655365747,-5.601113799176435e-17,-0.6593735994478792,0.7433050803139362,-0.11280077096651689,24.811500000000002,18.021,-7.1935,25.013,-6.992,-0.2015,-0.48575
33.970388412475586,10.199821526829481,-150.35867818621838,50.30132276662826,10.199821526829481,-150.35867818621838,50.30132276662826,0.0,-0.6589736403799701,0.7437051275623695,-0.11250077564981391,13.51075,10.431000000000001,-1.87825,12.91,-2.479,0.60075,-0.48575
34.02833914756775,10.238126169384799,-150.37965992506227,50.375434310896324,10.238126169384799,-150.37965992506227,50.375434310896324,-1.865530543925629e-17,-0.6587813340715394,0.7439056869372653,-0.1123008585065935,10.7345,8.978250000000001,-0.55475,10.133750000000001,-1.1555,0.60075,-0.48575
34.092177391052246,10.238126169384799,-150.37965992506227,50.375434310896324,10.238126169384799,-150.37965992506227,50.375434310896324,-1.865530543925629e-17,-0.6587813340715394,0.7439056869372653,-0.1123008585065935,9.439,8.2375,0.0,8.83825,-0.60075,0.60075,-0.48575
34.15378665924072,10.19887362154114,-150.38567411257657,50.32520417018057,10.19887362154114,-150.38567411257657,50.32520417018057,-2.798279757135821e-17,-0.6587422777546873,0.7439099560591687,-0.11250150565486816,4.86675,3.66525,0.0,4.266,-0.60075,0.60075,-0.48575
34.21662354469299,10.19887362154114,-150.38567411257657,50.32520417018057,10.19887362154114,-150.38567411257657,50.32520417018057,-2.798279757135821e-17,-0.6587422777546873,0.7439099560591687,-0.11250150565486816,1.8235000000000001,0.622,0.0,1.22275,-0.60075,0.60075,-0.48575
34.3850998878479,10.188662798854324,-150.41927282383165,50.29938042718974,10.188662798854324,-150.41927282383165,50.29938042718974,3.7305748365488694e-17,-0.6586377743478938,0.7440026492352962,-0.11250040059001457,0.60075,-0.60075,0.0,0.0,-0.60075,0.60075,-0.48575
34.43796133995056,10.189614576555954,-150.41616663453343,50.248493830651455,10.189614576555954,-150.41616663453343,50.248493830651455,-9.326423220507695e-18,-0.6586535689235502,0.7440037557645278,-0.11240056740313563,0.60075,-0.60075,0.0,0.0,-0.60075,0.60075,-0.48575
34.486796140670776,10.189614576555954,-150.41616663453343,50.248493830651455,10.189614576555954,-150.41616663453343,50.248493830651455,-9.326423220507695e-18,-0.6586535689235502,0.7440037557645278,-0.11240056740313563,0.60075,-0.60075,0.0,0.0,-0.60075,0.60075,-0.48575
34.55773973464966,10.209246659097744,-150.44899414636623,50.23310111153036,10.209246659097744,-150.44899414636623,50.23310111153036,0.0,-0.6585415584871404,0.7441029206817344,-0.11240044118347932,0.60075,-0.60075,0.0,0.0,-0.60075,0.60075,-0.48575
34.63750338554382,10.209246659097744,-150.44899414636623,50.23310111153036,10.209246659097744,-150.44899414636623,50.23310111153036,0.0,-0.6585415584871404,0.7441029206817344,-0.11240044118347932,0.60075,-0.60075,0.0,0.0,-0.60075,0.60075,-0.48575
34.76685953140259,10.167654252614113,-150.48103105912224,50.28735705999655,10.167654252614113,-150.48103105912224,50.28735705999655,-9.323923889039813e-18,-0.6584453003029673,0.7442031902538193,-0.11230048141024444,0.60075,-0.60075,0.0,0.0,-0.60075,0.60075,-0.48575
34.86653995513916,10.207553510486264,-150.39752187752006,50.38752824252621,10.207553510486264,-150.39752187752006,50.38752824252621,9.32636794445632e-18,-0.6587166116955279,0.7440081653685745,-0.11200122919526925,0.7842500000000001,-0.493,2.07975,-0.89425,0.40125,1.6785,-0.48575
34.94176387786865,10.268916979901661,-150.3518927992818,50.36198393121376,10.268916979901661,-150.3518927992818,50.36198393121376,-2.797914519720367e-17,-0.658700871334823,0.7440070654410905,-0.11210106456444388,0.5305,-0.6565,0.02100000000000002,-0.0735,-0.583,0.604,-0.48575
34.99839758872986,10.268916979901661,-150.3518927992818,50.36198393121376,10.268916979901661,-150.3518927992818,50.36198393121376,-2.797914519720367e-17,-0.658700871334823,0.7440070654410905,-0.11210106456444388,0.6819999999999999,-0.5552500000000001,2.17275,-1.0230000000000001,0.46775,1.705,-0.48575
35.0703821182251,10.220258661856207,-150.3870397119481,50.24494948066601,10.220258661856207,-150.3870397119481,50.24494948066601,-1.8652791082087497e-17,-0.6586851174183617,0.7440059638657225,-0.11220089938942747,0.875,-0.47399999999999975,5.9445,-2.77175,2.29775,3.64675,-0.48575
35.17673301696777,10.261482319091527,-150.33965843864988,50.2289612029356,10.261482319091527,-150.33965843864988,50.2289612029356,9.32759765478182e-18,-0.6588443258926487,0.7439100785345287,-0.11190151604787438,1.3542500000000004,-0.3672500000000003,13.458,-6.2355,5.86825,7.58975,-0.48575
35.25051784515381,10.261482319091527,-150.33965843864988,50.2289612029356,10.261482319091527,-150.33965843864988,50.2289612029356,9.32759765478182e-18,-0.6588443258926487,0.7439100785345287,-0.11190151604787438,0.6852499999999999,-0.5540000000000003,19.924750000000003,-9.89675,9.34275,10.582,-0.48575
35.35271596908569,10.25090274715646,-150.35791278936273,50.241405130680555,10.25090274715646,-150.35791278936273,50.241405130680555,9.326354177187545e-18,-0.6587323384991326,0.7440092636498735,-0.11190139328282377,0.8937500000000007,-0.51525,23.3005,-11.461,10.94575,12.354750000000001,-0.48575
35.42656373977661,10.169831896384267,-150.35808958883578,50.300797772455645,10.169831896384267,-150.35808958883578,50.300797772455645,0.0,-0.658812857095628,0.7439078860268823,-0.11210118836350794,1.6295000000000002,-0.20049999999999812,33.8155,-16.19325,15.992750000000001,17.82275,-0.48575
35.480865478515625,10.169831896384267,-150.35808958883578,50.300797772455645,10.169831896384267,-150.35808958883578,50.300797772455645,0.0,-0.658812857095628,0.7439078860268823,-0.11210118836350794,1.1927500000000002,-0.3760000000000012,41.85725,-20.52025,20.14425,21.713,-0.48575
35.61408543586731,10.159688627685881,-150.35653359290333,50.31052880409522,10.159688627685881,-150.35653359290333,50.31052880409522,9.32763892239639e-18,-0.6587971023612953,0.7439067873056708,-0.11220102370707927,1.973749999999999,-0.05975000000000108,51.742999999999995,-24.9145,24.85475,26.88825,-0.48575
35.670459508895874,10.1509450571657,-150.4037302722073,50.1856447641332,10.1509450571657,-150.4037302722073,50.1856447641332,-2.797914519720367e-17,-0.658700871334823,0.7440070654410905,-0.11210106456444388,1.5727500000000028,-0.30049999999999955,63.01225000000001,-30.87,30.5695,32.442750000000004,-0.48575
35.73185586929321,10.1509450571657,-150.4037302722073,50.1856447641332,10.1509450571657,-150.4037302722073,50.1856447641332,-2.797914519720367e-17,-0.658700871334823,0.7440070654410905,-0.11210106456444388,1.5727499999999992,-0.3924999999999983,75.12025,-36.97,36.5775,38.54275,-0.48575
35.802380084991455,10.230830488964699,-150.3210058871153,50.28651593889301,10.230830488964699,-150.3210058871153,50.28651593889301,0.0,-0.6588600399526526,0.7439111723243624,-0.11180167907764987,1.8787500000000037,-1.4192499999999981,83.5245,-41.5325,40.11325,43.41125,-0.48575
35.85884189605713,10.230830488964699,-150.3210058871153,50.28651593889301,10.230830488964699,-150.3210058871153,50.28651593889301,0.0,-0.6588600399526526,0.7439111723243624,-0.11180167907764987,1.8285000000000053,-1.2659999999999982,85.67500000000001,-42.55625,41.29025,44.384750000000004,-0.48575
35.99724268913269,10.246925676653575,-150.2256393273909,50.61688870444671,10.246925676653575,-150.2256393273909,50.61688870444671,-9.31255272451543e-18,-0.6573652587329044,0.7451119053146932,-0.11260179913895377,1.9867500000000007,-1.2412500000000009,94.55449999999999,-46.9045,45.66325,48.89125,-0.48575
36.062161445617676,9.816503029042849,-150.51904119483177,49.732156152425475,9.816503029042849,-150.51904119483177,49.732156152425475,-3.7120790776968376e-17,-0.6554293621175497,0.7477097075434581,-0.10650138271148624,1.8755000000000024,-1.319499999999998,103.26500000000001,-51.3545,50.035000000000004,53.230000000000004,-0.48575
36.11645007133484,9.816503029042849,-150.51904119483177,49.732156152425475,9.816503029042849,-150.51904119483177,49.732156152425475,-3.7120790776968376e-17,-0.6554293621175497,0.7477097075434581,-0.10650138271148624,2.4052500000000023,-2.299999999999997,106.61675,-53.25575,50.95575,55.661,-0.48575
36.17460298538208,9.650395874235528,-150.4587905429859,50.14540943078386,9.650395874235528,-150.4587905429859,50.14540943078386,-9.19165800418354e-18,-0.6483409278626316,0.7549121062542822,-0.09880158444552005,2.170499999999997,-1.1472499999999997,110.13675,-54.55675,53.4095,56.72725,-0.48575
36.232248306274414,9.650395874235528,-150.4587905429859,50.14540943078386,9.650395874235528,-150.4587905429859,50.14540943078386,-9.19165800418354e-18,-0.6483409278626316,0.7549121062542822,-0.09880158444552005,2.5745000000000005,-3.5420000000000016,115.1425,-58.055,54.513,60.6295,-0.48575
36.36581897735596,9.283473759397623,-150.57428605960462,49.832793136768565,9.283473759397623,-150.57428605960462,49.832793136768565,9.116762928821272e-18,-0.6418436302315659,0.7611137810736485,-0.09350169298434652,4.416749999999993,-4.496000000000002,120.70525,-60.392250000000004,55.89625,64.809,-0.48575
36.42382025718689,9.073363046382383,-150.79507868478868,49.58742788873909,9.073363046382383,-150.79507868478868,49.58742788873909,1.8128631887258952e-17,-0.6372712638988609,0.7655176570476867,-0.08870204595706045,4.738999999999997,-5.568749999999994,121.24674999999999,-61.03825,55.469500000000004,65.77725,-0.48575
36.48426270484924,9.073363046382383,-150.79507868478868,49.58742788873909,9.073363046382383,-150.79507868478868,49.58742788873909,1.8128631887258952e-17,-0.6372712638988609,0.7655176570476867,-0.08870204595706045,5.639000000000003,-5.726749999999996,121.98875000000001,-61.03825,55.3115,66.67725,-0.48575
36.54804253578186,9.002296483918514,-150.8432311575092,49.59298514259976,9.002296483918514,-150.8432311575092,49.59298514259976,0.0,-0.6351260409355143,0.7674134173775397,-0.08770153336462111,5.726500000000009,-5.726749999999996,122.07625000000002,-61.03825,55.3115,66.76475,-0.48575
36.6065239906311,9.002296483918514,-150.8432311575092,49.59298514259976,9.002296483918514,-150.8432311575092,49.59298514259976,0.0,-0.6351260409355143,0.7674134173775397,-0.08770153336462111,5.726500000000009,-5.726749999999996,122.07625000000002,-61.03825,55.3115,66.76475,-0.48575
36.732993602752686,8.85605690920434,-150.67190022411103,49.56730055484094,8.85605690920434,-150.67190022411103,49.56730055484094,1.809328817813887e-17,-0.6356233077803457,0.7670130310853186,-0.08760148829605464,5.726500000000009,-5.726749999999996,122.07625000000002,-61.03825,55.3115,66.76475,-0.48575
36.79749369621277,8.81447999237389,-150.7994960851069,49.51353573136321,8.81447999237389,-150.7994960851069,49.51353573136321,0.0,-0.6347123815404268,0.7678013261207214,-0.087300150781895,5.726500000000009,-5.726749999999996,122.07625000000002,-61.03825,55.3115,66.76475,-0.48575
36.85967516899109,8.81447999237389,-150.7994960851069,49.51353573136321,8.81447999237389,-150.7994960851069,49.51353573136321,0.0,-0.6347123815404268,0.7678013261207214,-0.087300150781895,5.726500000000009,-5.726749999999996,122.07625000000002,-61.03825,55.3115,66.76475,-0.48575
36.92296028137207,8.795577663502144,-150.74957782023858,49.50640349498469,8.795577663502144,-150.74957782023858,49.50640349498469,1.3555889763198292e-17,-0.6346886106311114,0.7678094937093356,-0.08740108068532941,5.726500000000009,-5.726749999999996,122.07625000000002,-61.03825,55.3115,66.76475,-0.48575
36.99570322036743,8.795577663502144,-150.74957782023858,49.50640349498469,8.795577663502144,-150.74957782023858,49.50640349498469,1.3555889763198292e-17,-0.6346886106311114,0.7678094937093356,-0.08740108068532941,5.726500000000009,-5.726749999999996,122.07625000000002,-61.03825,55.3115,66.76475,-0.48575
37.11437439918518,8.747054453433464,-150.71441531852983,49.46047859369776,8.747054453433464,-150.71441531852983,49.46047859369776,-1.8072151124618714e-17,-0.6345943596011125,0.7679101238208159,-0.08720114962517923,5.726500000000009,-5.726749999999996,122.07625000000002,-61.03825,55.3115,66.76475,-0.48575
37.182316064834595,8.8042614248605,-150.78531532224207,49.541722374344346,8.8042614248605,-150.78531532224207,49.541722374344346,1.3550463385665966e-17,-0.6343576102672469,0.7681169683740158,-0.08710192415750136,5.726500000000009,-5.726749999999996,122.07625000000002,-61.03825,55.3115,66.76475,-0.48575
37.23934555053711,8.8042614248605,-150.78531532224207,49.541722374344346,8.8042614248605,-150.78531532224207,49.541722374344346,1.3550463385665966e-17,-0.6343576102672469,0.7681169683740158,-0.08710192415750136,5.726500000000009,-5.726749999999996,122.07625000000002,-61.03825,55.3115,66.76475,-0.48575
37.30834078788757,8.833949860045834,-150.73540485189497,49.616069813883165,8.833949860045834,-150.73540485189497,49.616069813883165,0.0,-0.6344519613758096,0.7680163373610923,-0.08730185709846791,5.265749999999997,-5.6965,120.70025,-60.5655,54.869,65.83125,-0.48575
37.367708683013916,8.833949860045834,-150.73540485189497,49.616069813883165,8.833949860045834,-150.73540485189497,49.616069813883165,0.0,-0.6344519613758096,0.7680163373610923,-0.08730185709846791,5.246750000000006,-5.025750000000002,120.1465,-59.96275,54.937,65.2095,-0.48575
37.49944257736206,8.834382290869257,-150.6917047681897,49.64036211076377,8.834382290869257,-150.6917047681897,49.64036211076377,-1.806962114422934e-17,-0.6344641152510937,0.7680176411582609,-0.08720200300651089,4.830250000000007,-5.179499999999997,119.43075000000002,-59.89,54.7105,64.72025000000001,-0.48575
37.57268261909485,8.805626271319113,-150.61906036393876,49.65015403961656,8.805626271319113,-150.61906036393876,49.65015403961656,-1.8072151124618714e-17,-0.6345943596011125,0.7679101238208159,-0.08720114962517923,4.473750000000003,-4.552999999999997,115.38725,-57.73325,53.18025,62.207,-0.48575
37.620227575302124,8.805626271319113,-150.61906036393876,49.65015403961656,8.805626271319113,-150.61906036393876,49.65015403961656,-1.8072151124618714e-17,-0.6345943596011125,0.7679101238208159,-0.08720114962517923,4.597999999999999,-5.41075,112.82124999999999,-56.817,51.40625,61.415,-0.48575
37.69531774520874,8.825627103109184,-150.66723223631377,49.59649364975968,8.825627103109184,-150.66723223631377,49.59649364975968,1.355238347152719e-17,-0.6344757614609291,0.7680081424590881,-0.08720092450837562,4.254749999999994,-4.379750000000001,105.3885,-52.756750000000004,48.377,57.0115,-0.48575
37.742517948150635,8.825627103109184,-150.66723223631377,49.59649364975968,8.825627103109184,-150.66723223631377,49.59649364975968,1.355238347152719e-17,-0.6344757614609291,0.7680081424590881,-0.08720092450837562,3.7989999999999995,-3.8045000000000044,104.31450000000001,-52.160000000000004,48.3555,55.959,-0.48575
37.86866545677185,9.347142235733457,-150.28762662258492,49.94580947314799,9.347142235733457,-150.28762662258492,49.94580947314799,-4.531567888910113e-18,-0.6370676870361341,0.7656173397389068,-0.08930202251656788,2.6427499999999995,-3.8655000000000044,89.03775,-45.130250000000004,41.26475,47.773,-0.48575
37.949074029922485,9.067920579992915,-150.41964568646569,49.74780383247694,9.067920579992915,-150.41964568646569,49.74780383247694,-1.8140781099236964e-17,-0.6375484835434247,0.7650049759102261,-0.09110059255610664,2.536999999999999,-2.613749999999996,82.14025000000001,-41.1085,38.49475,43.6455,-0.48575
37.9980685710907,9.067920579992915,-150.41964568646569,49.74780383247694,9.067920579992915,-150.41964568646569,49.74780383247694,-1.8140781099236964e-17,-0.6375484835434247,0.7650049759102261,-0.09110059255610664,2.5784999999999982,-3.3485000000000014,79.9305,-40.35025,37.00175,42.92875,-0.48575
38.10678029060364,9.316310978121123,-150.51777661497266,49.734668727298285,9.316310978121123,-150.51777661497266,49.734668727298285,-2.748033454290389e-17,-0.64533199530577,0.7575119465602382,-0.09860155502421056,2.7729999999999997,-4.279,60.0695,-30.78775,26.50875,33.56075,-0.48575
38.17349886894226,9.573858015526582,-150.40556209517055,50.00573592389216,9.573858015526582,-150.40556209517055,50.00573592389216,0.0,-0.6499849882067281,0.7529070824045289,-0.10320097078516052,2.352999999999998,-2.5425000000000004,49.985,-25.08725,22.54475,27.44025,-0.48575
38.309144735336304,9.817715421591572,-150.55709827096587,50.191666967380286,9.817715421591572,-150.55709827096587,50.191666967380286,-1.846421686052922e-17,-0.6511547502058713,0.751604463522137,-0.10530062534443987,0.5414999999999992,-1.5862499999999997,43.09125,-22.068,20.48175,22.6095,-0.48575
38.36298727989197,9.817715421591572,-150.55709827096587,50.191666967380286,9.817715421591572,-150.55709827096587,50.191666967380286,-1.846421686052922e-17,-0.6511547502058713,0.751604463522137,-0.10530062534443987,0.432500000000001,-1.384249999999998,35.23125,-18.0915,16.707250000000002,18.524,-0.48575
38.420416593551636,9.701040791325767,-150.47783549277554,50.088204690941524,9.701040791325767,-150.47783549277554,50.088204690941524,1.847380978715752e-17,-0.6514749619053397,0.7512141765940403,-0.10610200231180464,0.5742499999999993,-0.6732499999999995,31.12,-15.6095,14.936250000000001,16.18375,-0.48575
38.479318618774414,9.701040791325767,-150.47783549277554,50.088204690941524,9.701040791325767,-150.47783549277554,50.088204690941524,1.847380978715752e-17,-0.6514749619053397,0.7512141765940403,-0.10610200231180464,0.45775000000000077,-1.2902500000000003,27.7465,-14.2895,12.99925,14.747250000000001,-0.48575
38.54697346687317,9.713516173837547,-150.40558928934632,50.02799795609196,9.713516173837547,-150.40558928934632,50.02799795609196,1.848618980710961e-17,-0.6520384016223333,0.7507110958298824,-0.10620156970445384,0.24975000000000058,-1.51825,17.7405,-9.5045,7.98625,9.75425,-0.48575
38.672975063323975,9.743795382302778,-150.38500774327875,50.035716083856315,9.743795382302778,-150.38500774327875,50.035716083856315,0.0,-0.6522746281100679,0.7505059563391926,-0.10620084285572581,0.11624999999999996,-0.8192499999999994,10.4755,-5.58925,4.7700000000000005,5.7055,-0.48575
38.73086357116699,9.743795382302778,-150.38500774327875,50.035716083856315,9.743795382302778,-150.38500774327875,50.035716083856315,0.0,-0.6522746281100679,0.7505059563391926,-0.10620084285572581,0.10349999999999993,-0.7947500000000001,2.54225,-1.6167500000000001,0.8220000000000001,1.72025,-0.48575
38.79541873931885,9.67381957793063,-150.38363434938597,50.03449109745354,9.67381957793063,-150.38363434938597,50.03449109745354,0.0,-0.6524574088791226,0.7503045658627265,-0.10650064809326985,0.60075,-0.60075,0.0,0.0,-0.60075,0.60075,-0.48575
38.86270260810852,9.67381957793063,-150.38363434938597,50.03449109745354,9.67381957793063,-150.38363434938597,50.03449109745354,0.0,-0.6524574088791226,0.7503045658627265,-0.10650064809326985,0.60075,-0.60075,0.0,0.0,-0.60075,0.60075,-0.48575
38.99540877342224,9.69359451327577,-150.3939319209637,50.036197541621306,9.69359451327577,-150.3939319209637,50.036197541621306,0.0,-0.6526549167962531,0.7501043510749321,-0.10670061893040296,0.60075,-0.60075,0.0,0.0,-0.60075,0.60075,-0.48575
39.10777568817139,9.803477320346587,-150.3595756073742,50.083583324581774,9.803477320346587,-150.3595756073742,50.083583324581774,0.0,-0.6528971627516744,0.7499076627398765,-0.1066010892759979,0.60075,-0.60075,0.0,0.0,-0.60075,0.60075,-0.48575
39.170161724090576,9.843031063450127,-150.40406048758965,50.05999101993133,9.843031063450127,-150.40406048758965,50.05999101993133,9.252894139068365e-18,-0.6529036446473241,0.7499160586533928,-0.1065022806328662,0.60075,-0.60075,0.0,0.0,-0.60075,0.60075,-0.48575
39.23636507987976,9.843031063450127,-150.40406048758965,50.05999101993133,9.843031063450127,-150.40406048758965,50.05999101993133,9.252894139068365e-18,-0.6529036446473241,0.7499160586533928,-0.1065022806328662,2.08275,-0.7725000000000001,0.2457499999999999,0.53225,-1.30475,1.5505,-0.48575
39.31612205505371,9.841729898566626,-150.5112710016455,50.01411932227551,9.841729898566626,-150.5112710016455,50.01411932227551,0.0,-0.6526613700415571,0.75011278399494,-0.10660181678957553,3.0852500000000003,-1.7525,0.9017500000000003,0.2155,-1.968,2.8697500000000002,-0.48575
39.374608278274536,9.841729898566626,-150.5112710016455,50.01411932227551,9.841729898566626,-150.5112710016455,50.01411932227551,0.0,-0.6526613700415571,0.75011278399494,-0.10660181678957553,4.26875,-1.9445,1.3922500000000002,0.466,-2.4105,3.80275,-0.48575
39.49567461013794,9.791675754756284,-150.52155497613535,50.004694750343376,9.791675754756284,-150.52155497613535,50.004694750343376,0.0,-0.6526549167962531,0.7501043510749321,-0.10670061893040296,8.615499999999999,-3.1235,2.0454999999999997,1.72325,-4.84675,6.89225,-0.48575
39.61058044433594,9.752415462086049,-150.4797896895297,50.008474995599585,9.752415462086049,-150.4797896895297,50.008474995599585,-9.253012265403887e-18,-0.6528822074433792,0.7499064850320235,-0.10670092272691943,10.834750000000001,-3.3270000000000004,3.4242500000000007,2.04175,-5.36875,8.793000000000001,-0.48575
39.67547249794006,9.8428129118318,-150.4139656609123,50.06134746798402,9.8428129118318,-150.4139656609123,50.06134746798402,-1.8510818694687266e-17,-0.6530560047401219,0.7497122648496082,-0.10700175048540493,11.61275,-3.8967500000000004,3.2619999999999996,2.227,-6.12375,9.38575,-0.48575
39.735143184661865,9.8428129118318,-150.4139656609123,50.06134746798402,9.8428129118318,-150.4139656609123,50.06134746798402,-1.8510818694687266e-17,-0.6530560047401219,0.7497122648496082,-0.10700175048540493,9.719750000000001,-3.7560000000000002,3.10325,1.43025,-5.18625,8.2895,-0.48575
39.80517935752869,9.873821873967017,-150.3762933618092,50.046540640248764,9.873821873967017,-150.3762933618092,50.046540640248764,1.8510996458981805e-17,-0.6530644382112446,0.7497050652333065,-0.10700072292912334,7.751,-3.64625,2.6232499999999996,0.74075,-4.3870000000000005,7.01025,-0.48575
39.92222023010254,9.832229467483415,-150.4083302745652,50.100796588714964,9.832229467483415,-150.4083302745652,50.100796588714964,-9.255483696027879e-18,-0.6530794359860163,0.7497062424609049,-0.10690089011480693,4.437,-2.85,2.402,-0.40750000000000003,-2.4425,4.8445,-0.48575
39.99529004096985,9.832229467483415,-150.4083302745652,50.100796588714964,9.832229467483415,-150.4083302745652,50.100796588714964,-9.255483696027879e-18,-0.6530794359860163,0.7497062424609049,-0.10690089011480693,1.1452500000000003,-2.4965,3.0032500000000004,-2.17725,-0.31925000000000003,3.3225000000000002,-0.48575
40.07530426979065,9.801807406214806,-150.45144176088786,50.07597929766174,9.801807406214806,-150.45144176088786,50.07597929766174,2.776618450087493e-17,-0.6530710048567374,0.749713440500467,-0.1069019164859276,1.54525,-1.82125,-0.5694999999999999,0.14675,-1.968,1.3985,-0.48575
40.16656422615051,9.801807406214806,-150.45144176088786,50.07597929766174,9.801807406214806,-150.45144176088786,50.07597929766174,2.776618450087493e-17,-0.6530710048567374,0.749713440500467,-0.1069019164859276,0.60075,-0.6275000000000001,-0.02675000000000005,0.0,-0.6275000000000001,0.60075,-0.48575
40.2336688041687,9.852741901325118,-150.44931656722733,50.025967691411154,9.852741901325118,-150.44931656722733,50.025967691411154,-1.8508495595699996e-17,-0.6529808427931265,0.7498063651936479,-0.10680090664534755,0.60075,-0.60075,0.0,0.0,-0.60075,0.60075,-0.48575
40.36516261100769,9.883382114212083,-150.39629990758203,50.04942853441169,9.883382114212083,-150.39629990758203,50.04942853441169,3.7021876734453857e-17,-0.6530944201976224,0.7497074179872301,-0.10680105674407922,0.60075,-0.60075,0.0,0.0,-0.60075,0.60075,-0.48575
40.44517660140991,9.794654578598113,-150.3702577826858,50.00416008894728,9.794654578598113,-150.3702577826858,50.00416008894728,0.0,-0.6532680981030279,0.749513161425617,-0.1071018807053817,0.60075,-0.60075,0.0,0.0,-0.60075,0.60075,-0.48575
40.4873251914978,9.794654578598113,-150.3702577826858,50.00416008894728,9.794654578598113,-150.3702577826858,50.00416008894728,0.0,-0.6532680981030279,0.749513161425617,-0.1071018807053817,0.60075,-0.60075,0.0,0.0,-0.60075,0.60075,-0.48575
40.56430006027222,9.803770770779892,-150.362295200984,50.06377126518754,9.803770770779892,-150.362295200984,50.06377126518754,0.0,-0.6532614692152864,0.7495048133502155,-0.1072006884471556,0.60075,-0.60075,0.0,0.0,-0.60075,0.60075,-0.48575
40.613564014434814,9.803770770779892,-150.362295200984,50.06377126518754,9.803770770779892,-150.362295200984,50.06377126518754,0.0,-0.6532614692152864,0.7495048133502155,-0.1072006884471556,0.60075,-0.60075,0.0,0.0,-0.60075,0.60075,-0.48575
40.74289107322693,9.823105530475033,-150.36851338214706,50.09519579844667,9.823105530475033,-150.36851338214706,50.09519579844667,-9.25792762409775e-18,-0.653306508543289,0.7495083333602399,-0.1069011885739955,0.60075,-0.60075,0.0,0.0,-0.60075,0.60075,-0.48575
40.819034814834595,9.823474279723342,-150.38385774268926,50.056928127710876,9.823474279723342,-150.38385774268926,50.056928127710876,0.0,-0.6532915089975279,0.7495071617220701,-0.10700102242062907,0.60075,-0.60075,0.0,0.0,-0.60075,0.60075,-0.48575
40.86348271369934,9.823474279723342,-150.38385774268926,50.056928127710876,9.823474279723342,-150.38385774268926,50.056928127710876,0.0,-0.6532915089975279,0.7495071617220701,-0.10700102242062907,0.60075,-0.60075,0.0,0.0,-0.60075,0.60075,-0.48575
40.954559564590454,9.823541833711744,-150.34870303550176,50.09248290234129,9.823541833711744,-150.34870303550176,50.09248290234129,-9.25917910086781e-18,-0.6533899901468475,0.7494070293182779,-0.10710100459032232,0.60075,-0.60075,0.0,0.0,-0.60075,0.60075,-0.48575
40.99568176269531,9.823541833711744,-150.34870303550176,50.09248290234129,9.823541833711744,-150.34870303550176,50.09248290234129,-9.25917910086781e-18,-0.6533899901468475,0.7494070293182779,-0.10710100459032232,0.60075,-0.60075,0.0,0.0,-0.60075,0.60075,-0.48575
41.112300872802734,9.803481192759875,-150.3834653444342,50.0565781315958,9.803481192759875,-150.3834653444342,50.0565781315958,-9.25917910086781e-18,-0.6533899901468475,0.7494070293182779,-0.10710100459032232,0.60075,-0.60075,0.0,0.0,-0.60075,0.60075,-0.48575
41.17730093002319,9.803481192759875,-150.3834653444342,50.0565781315958,9.803481192759875,-150.3834653444342,50.0565781315958,-9.25917910086781e-18,-0.6533899901468475,0.7494070293182779,-0.10710100459032232,0.60075,-0.60075,0.0,0.0,-0.60075,0.60075,-0.48575
41.23975992202759,9.823260000518275,-150.41765265307188,50.03127938277758,9.823260000518275,-150.41765265307188,50.03127938277758,0.0,-0.6532915089975279,0.7495071617220701,-0.10700102242062907,0.60075,-0.60075,0.0,0.0,-0.60075,0.60075,-0.48575
41.29127550125122,9.823260000518275,-150.41765265307188,50.03127938277758,9.823260000518275,-150.41765265307188,50.03127938277758,0.0,-0.6532915089975279,0.7495071617220701,-0.10700102242062907,0.60075,-0.60075,0.0,0.0,-0.60075,0.60075,-0.48575
41.36186671257019,9.792834066836406,-150.43687440233458,50.03346728471034,9.792834066836406,-150.43687440233458,50.03346728471034,3.7031414059587297e-17,-0.6532831135566186,0.7495143331812116,-0.10700204623134041,0.60075,-0.60075,0.0,0.0,-0.60075,0.60075,-0.48575
41.48373794555664,9.74153856730436,-150.47143470957283,50.06773617572476,9.74153856730436,-150.47143470957283,50.06773617572476,0.0,-0.6531094329174724,0.7496085939653889,-0.1074012313125437,0.60075,-0.60075,0.0,0.0,-0.60075,0.60075,-0.48575
41.547985792160034,9.74153856730436,-150.47143470957283,50.06773617572476,9.74153856730436,-150.47143470957283,50.06773617572476,0.0,-0.6531094329174724,0.7496085939653889,-0.1074012313125437,0.60075,-0.60075,0.0,0.0,-0.60075,0.60075,-0.48575
41.61946249008179,9.761535526681115,-150.49571684488788,50.041080978853856,9.761535526681115,-150.49571684488788,50.041080978853856,1.8506050631401668e-17,-0.6527686596520639,0.7499054273776912,-0.10740077730412592,0.60075,-0.60075,0.0,0.0,-0.60075,0.60075,-0.48575
41.671773195266724,9.761535526681115,-150.49571684488788,50.041080978853856,9.761535526681115,-150.49571684488788,50.041080978853856,1.8506050631401668e-17,-0.6527686596520639,0.7499054273776912,-0.10740077730412592,0.60075,-0.60075,0.0,0.0,-0.60075,0.60075,-0.48575
41.74265432357788,9.86960943923006,-150.5996463621271,50.03675837861945,9.86960943923006,-150.5996463621271,50.03675837861945,9.244294539604353e-18,-0.6519703983038777,0.7506136757304365,-0.10730195497718606,0.60075,-0.60075,0.0,0.0,-0.60075,0.60075,-0.48575
41.8620171546936,10.130842112838394,-150.8704370160493,50.23931679485492,10.130842112838394,-150.8704370160493,50.23931679485492,-1.8444490748518145e-17,-0.6497992715228416,0.7524082934590869,-0.10790118934640548,0.60075,-0.60075,0.0,0.0,-0.60075,0.60075,-0.48575
41.91924047470093,10.130842112838394,-150.8704370160493,50.23931679485492,10.130842112838394,-150.8704370160493,50.23931679485492,-1.8444490748518145e-17,-0.6497992715228416,0.7524082934590869,-0.10790118934640548,0.60075,-0.60075,0.0,0.0,-0.60075,0.60075,-0.48575
41.98246765136719,10.090427380501353,-150.93724204030437,50.187319312758184,10.090427380501353,-150.93724204030437,50.187319312758184,-1.843949165615527e-17,-0.6495462874052154,0.7526122773119901,-0.10800176182526561,0.60075,-0.60075,0.0,0.0,-0.60075,0.60075,-0.48575
42.040141582489014,10.090427380501353,-150.93724204030437,50.187319312758184,10.090427380501353,-150.93724204030437,50.187319312758184,-1.843949165615527e-17,-0.6495462874052154,0.7526122773119901,-0.10800176182526561,0.60075,-0.60075,0.0,0.0,-0.60075,0.60075,-0.48575
42.107574462890625,10.225797805260413,-151.1479974678656,50.218254694670215,10.225797805260413,-151.1479974678656,50.218254694670215,-9.20762980136724e-18,-0.6484305488941204,0.7536026158302841,-0.10780037418591376,0.60075,-0.60075,0.0,0.0,-0.60075,0.60075,-0.48575
42.233423709869385,10.323359699862692,-151.23502662863015,50.26193079681117,10.323359699862692,-151.23502662863015,50.26193079681117,-3.681040056005857e-17,-0.6479679037123778,0.7540144957223133,-0.10770207054282908,0.60075,-0.60075,0.0,0.0,-0.60075,0.60075,-0.515
42.2990620136261,10.323359699862692,-151.23502662863015,50.26193079681117,10.323359699862692,-151.23502662863015,50.26193079681117,-3.681040056005857e-17,-0.6479679037123778,0.7540144957223133,-0.10770207054282908,0.60075,-0.60075,0.0,0.0,-0.60075,0.60075,-0.5475
42.3773078918457,10.343713791247865,-151.2029839133075,50.27802350816243,10.343713791247865,-151.2029839133075,50.27802350816243,-9.202679870208233e-18,-0.6479922739098203,0.7540079630902361,-0.10760113637733341,0.60075,-0.60075,0.0,0.0,-0.60075,0.60075,-0.587
42.46197962760925,10.343713791247865,-151.2029839133075,50.27802350816243,10.343713791247865,-151.2029839133075,50.27802350816243,-9.202679870208233e-18,-0.6479922739098203,0.7540079630902361,-0.10760113637733341,0.60075,-0.60075,0.0,0.0,-0.60075,0.60075,-0.6185
42.545339584350586,10.122872322326174,-150.02731827020122,50.49697405331814,10.122872322326174,-150.02731827020122,50.49697405331814,-2.764090675195049e-17,-0.6489342337568946,0.7531113902496253,-0.1082016364692729,0.60075,-0.60075,0.0,0.0,-0.60075,0.60075,-0.6715
42.672805070877075,10.362065340911016,-149.84344597105536,50.182525842213245,10.362065340911016,-149.84344597105536,50.182525842213245,-9.199005684737262e-18,-0.6472043064673266,0.7543091222804713,-0.11020133272611417,0.60075,-0.60075,0.0,0.0,-0.60075,0.60075,-0.735
42.74669909477234,10.211392870537509,-148.95719036336632,50.06873302824285,10.211392870537509,-148.95719036336632,50.06873302824285,-2.762646281492016e-17,-0.648359956563352,0.753505139299964,-0.1089007427601408,0.60075,-0.60075,0.0,0.0,-0.60075,0.60075,-0.7715
42.81307768821716,10.211392870537509,-148.95719036336632,50.06873302824285,10.211392870537509,-148.95719036336632,50.06873302824285,-2.762646281492016e-17,-0.648359956563352,0.753505139299964,-0.1089007427601408,0.60075,-0.60075,0.0,0.0,-0.60075,0.60075,-0.8055
42.918516635894775,10.053366926715427,-148.3486662044,50.063619415680286,10.053366926715427,-148.3486662044,50.063619415680286,1.8407898963706597e-17,-0.6478457096726609,0.753903953687284,-0.10920057267893807,0.60075,-0.60075,0.0,0.0,-0.60075,0.60075,-0.858
42.988526344299316,10.112797717701312,-147.88857003997614,50.04172191433277,10.112797717701312,-147.88857003997614,50.04172191433277,9.197752882600742e-18,-0.6471354945996619,0.7544118647755186,-0.10990172844489597,0.60075,-0.60075,0.0,0.0,-0.60075,0.60075,-0.8925000000000001
43.11643934249878,9.932286214512487,-147.02697536876937,49.89049288350666,9.932286214512487,-147.02697536876937,49.89049288350666,2.759711572932934e-17,-0.6471734305853855,0.7543064252036447,-0.11040094039835922,0.60075,-0.60075,0.0,0.0,-0.60075,0.60075,-0.9565
43.17745637893677,9.932286214512487,-147.02697536876937,49.89049288350666,9.932286214512487,-147.02697536876937,49.89049288350666,2.759711572932934e-17,-0.6471734305853855,0.7543064252036447,-0.11040094039835922,0.60075,-0.60075,0.0,0.0,-0.60075,0.60075,-0.987
43.23688268661499,10.048829316044078,-146.5057057558255,50.103320739077176,10.048829316044078,-146.5057057558255,50.103320739077176,1.8388109275663908e-17,-0.646473036212733,0.7547153217205033,-0.11170226770396206,0.60075,-0.60075,0.0,0.0,-0.60075,0.60075,-1.0170000000000001
43.3080620765686,10.048829316044078,-146.5057057558255,50.103320739077176,10.048829316044078,-146.5057057558255,50.103320739077176,1.8388109275663908e-17,-0.646473036212733,0.7547153217205033,-0.11170226770396206,0.60075,-0.60075,0.0,0.0,-0.60075,0.60075,-1.0525
43.425517320632935,9.572558937495955,-146.09697888611143,49.76759931811717,9.572558937495955,-146.09697888611143,49.76759931811717,-2.755342749083124e-17,-0.6453270333717191,0.7555024404368097,-0.11300036501569753,0.60075,-0.60075,0.0,0.0,-0.60075,0.60075,-1.111
43.55106854438782,9.293725099899376,-145.66905945326505,49.603780363159,9.293725099899376,-145.66905945326505,49.603780363159,9.174680038756024e-18,-0.6440986616253037,0.7563090892102714,-0.11460137726232594,0.635,-0.601,0.03400000000000003,0.0,-0.601,0.635,-1.1745
43.62975549697876,9.288670451653815,-144.73368795821492,49.798342992609726,9.288670451653815,-144.73368795821492,49.798342992609726,0.0,-0.6446191661714046,0.7559108838887636,-0.11430164575801782,2.523,-0.9209999999999999,0.3205,0.64075,-1.56175,1.88225,-1.2135
43.674684286117554,9.288670451653815,-144.73368795821492,49.798342992609726,9.288670451653815,-144.73368795821492,49.798342992609726,0.0,-0.6446191661714046,0.7559108838887636,-0.11430164575801782,2.523,-0.9209999999999999,0.3205,0.64075,-1.56175,1.88225,-1.2365
43.73839282989502,9.47690372451541,-144.15515112500754,49.40877481165779,9.47690372451541,-144.15515112500754,49.40877481165779,9.169778443212625e-18,-0.6446462406112969,0.7567133652005875,-0.10870191991185922,2.523,-0.9209999999999999,0.3205,0.64075,-1.56175,1.88225,-1.2675
43.801504373550415,9.47690372451541,-144.15515112500754,49.40877481165779,9.47690372451541,-144.15515112500754,49.40877481165779,9.169778443212625e-18,-0.6446462406112969,0.7567133652005875,-0.10870191991185922,4.25225,-1.1725000000000003,0.5907499999999999,1.2445,-2.4170000000000003,3.00775,-1.2995
43.926039934158325,9.548989325498553,-143.37400621323212,49.59536605726781,9.548989325498553,-143.37400621323212,49.59536605726781,-1.8329836527432016e-17,-0.6443595232868368,0.7571146522253637,-0.10760208239261539,4.4695,-1.9385,1.4049999999999998,0.5630000000000001,-2.5015,3.9065,-1.362
43.99975562095642,9.138874007142903,-142.65395697806156,49.25826885380816,9.138874007142903,-142.65395697806156,49.25826885380816,0.0,-0.6435788642200736,0.7577073374365768,-0.10810104682182126,5.2575,-2.1165000000000003,1.516,0.8125,-2.9290000000000003,4.445,-1.3975
44.04639387130737,9.138874007142903,-142.65395697806156,49.25826885380816,9.138874007142903,-142.65395697806156,49.25826885380816,0.0,-0.6435788642200736,0.7577073374365768,-0.10810104682182126,5.2575,-2.1165000000000003,1.516,0.8125,-2.9290000000000003,4.445,-1.422
44.11354994773865,8.924467522578453,-142.34296681994198,49.28306766284145,8.924467522578453,-142.34296681994198,49.28306766284145,-1.82961743920851e-17,-0.6418797990272447,0.7585076262619124,-0.11250113111992767,7.1705,-2.4365000000000006,1.8274999999999997,1.45325,-3.8897500000000003,5.71725,-1.4555
44.175387382507324,8.924467522578453,-142.34296681994198,49.28306766284145,8.924467522578453,-142.34296681994198,49.28306766284145,-1.82961743920851e-17,-0.6418797990272447,0.7585076262619124,-0.11250113111992767,8.875250000000001,-2.6765,2.07625,2.0612500000000002,-4.73775,6.814,-1.487
44.313063621520996,9.186626723275396,-142.21386155684394,49.30960790644101,9.186626723275396,-142.21386155684394,49.30960790644101,1.8301023840294163e-17,-0.642169749215891,0.7583066351325723,-0.11220098175112045,10.05475,-3.6627500000000004,3.142499999999999,1.6247500000000001,-5.2875000000000005,8.43,-1.5555
44.42075514793396,9.287118956626813,-141.6094653740771,49.389648929004125,9.287118956626813,-141.6094653740771,49.389648929004125,9.162562121058757e-18,-0.6430997433798626,0.75730934341599,-0.1136014015740875,11.8365,-3.953,3.3525,2.2655,-6.2185,9.571,-1.609
44.48510241508484,9.491078667928889,-140.92021762060315,49.36872118434167,9.491078667928889,-140.92021762060315,49.36872118434167,1.835172804333042e-17,-0.6444254920015895,0.7562115009032118,-0.1134017246792174,11.8365,-3.953,3.3525,2.2655,-6.2185,9.571,-1.6415
44.54542779922485,9.491078667928889,-140.92021762060315,49.36872118434167,9.491078667928889,-140.92021762060315,49.36872118434167,1.835172804333042e-17,-0.6444254920015895,0.7562115009032118,-0.1134017246792174,11.837,-3.953,3.3530000000000006,2.2655,-6.2185,9.5715,-1.67
44.620827436447144,9.606112054065107,-140.33428160085543,49.1688554773376,9.606112054065107,-140.33428160085543,49.1688554773376,-9.184428825810878e-18,-0.6452698007701064,0.7555063069798036,-0.11330094583826834,13.758750000000001,-4.2735,3.6727500000000006,2.90625,-7.17975,10.852500000000001,-1.709
44.75113773345947,9.720268961314673,-139.76407653733835,49.001420755530276,9.720268961314673,-139.76407653733835,49.001420755530276,9.19419956303485e-18,-0.6461384776958922,0.7547034253862569,-0.11370051605461431,13.758750000000001,-4.2735,3.6727500000000006,2.90625,-7.17975,10.852500000000001,-1.7745
44.80314064025879,9.720268961314673,-139.76407653733835,49.001420755530276,9.720268961314673,-139.76407653733835,49.001420755530276,9.19419956303485e-18,-0.6461384776958922,0.7547034253862569,-0.11370051605461431,13.758750000000001,-4.2735,3.6727500000000006,2.90625,-7.17975,10.852500000000001,-1.8
44.85943150520325,9.934078490881888,-139.07366518618704,48.99057403862248,9.934078490881888,-139.07366518618704,48.99057403862248,-1.8415149899789813e-17,-0.6473815539218982,0.7536071052005314,-0.11390107388845615,15.52075,-4.523499999999999,3.946250000000001,3.5255,-8.049,11.99525,-1.8285
44.92601299285889,9.934078490881888,-139.07366518618704,48.99057403862248,9.934078490881888,-139.07366518618704,48.99057403862248,-1.8415149899789813e-17,-0.6473815539218982,0.7536071052005314,-0.11390107388845615,17.2295,-4.736750000000001,4.259749999999999,4.1165,-8.853250000000001,13.113,-1.8615
44.988587617874146,10.006992378829722,-138.43139271066835,48.974153559475454,10.006992378829722,-138.43139271066835,48.974153559475454,1.843956998106442e-17,-0.648506320576405,0.7526090804756047,-0.11410137667056407,19.52525,-5.234500000000001,4.633749999999999,4.8285,-10.063,14.69675,-1.893
45.1221387386322,10.050150277603848,-137.87418541268426,48.8478308661592,10.050150277603848,-137.87418541268426,48.8478308661592,-1.8449478504390497e-17,-0.6489576301022321,0.7522048823500297,-0.11420074124484629,18.281750000000002,-5.55475,3.7104999999999997,4.50825,-10.063,13.7735,-1.9595
45.164433002471924,10.050150277603848,-137.87418541268426,48.8478308661592,10.050150277603848,-137.87418541268426,48.8478308661592,-1.8449478504390497e-17,-0.6489576301022321,0.7522048823500297,-0.11420074124484629,17.83025,-4.642250000000001,4.025,4.5815,-9.22375,13.248750000000001,-1.981
45.23371863365173,10.228556673509274,-136.74541905694483,48.493630820915286,10.228556673509274,-136.74541905694483,48.493630820915286,-9.229582692697763e-18,-0.6492203453739097,0.7518101451539216,-0.11530155591413561,15.48375,-5.140000000000001,3.6442499999999995,3.3497500000000002,-8.48975,12.134,-2.0155
45.29950952529907,10.228556673509274,-136.74541905694483,48.493630820915286,10.228556673509274,-136.74541905694483,48.493630820915286,-9.229582692697763e-18,-0.6492203453739097,0.7518101451539216,-0.11530155591413561,15.67425,-4.6005,3.9932499999999997,3.54025,-8.14075,12.134,-2.048
45.362688064575195,10.309801063220306,-136.21909867112728,48.442776119919785,10.309801063220306,-136.21909867112728,48.442776119919785,-1.8454458578922e-17,-0.6491224267850157,0.7520018942016077,-0.11460028866423438,17.485500000000002,-4.878750000000001,4.28125,4.16275,-9.041500000000001,13.322750000000001,-2.08
45.480878829956055,9.90921113339013,-135.30404834818984,48.351613547496875,9.90921113339013,-135.30404834818984,48.351613547496875,9.23455882450342e-18,-0.6497601879980274,0.7514050249477253,-0.1149007683876679,17.01025,-4.69275,3.9475,4.1850000000000005,-8.87775,12.82525,-2.1395
45.548134326934814,9.90921113339013,-135.30404834818984,48.351613547496875,9.90921113339013,-135.30404834818984,48.351613547496875,9.23455882450342e-18,-0.6497601879980274,0.7514050249477253,-0.1149007683876679,18.33275,-5.0200000000000005,4.4857499999999995,4.4135,-9.4335,13.91925,-2.1725
45.61390209197998,9.982144383404375,-134.781224557971,48.20016710341995,9.982144383404375,-134.781224557971,48.20016710341995,-1.846416558378245e-17,-0.649277804194738,0.7516065507993318,-0.11630101364816695,23.958000000000002,-5.32875,4.703250000000001,6.963,-12.29175,16.995,-2.206
45.67673134803772,9.982144383404375,-134.781224557971,48.20016710341995,9.982144383404375,-134.781224557971,48.20016710341995,-1.846416558378245e-17,-0.649277804194738,0.7516065507993318,-0.11630101364816695,25.286,-5.455,4.917999999999999,7.4565,-12.9115,17.8295,-2.237
45.7435348033905,10.098540759719299,-134.2585951482222,48.42290098868759,10.098540759719299,-134.2585951482222,48.42290098868759,-4.6142000048380106e-17,-0.6488765893453712,0.7519064948021068,-0.11660100717372741,26.707500000000003,-5.7067499999999995,5.163750000000002,7.9185,-13.62525,18.789,-2.2705
45.8680100440979,9.805824229923587,-134.01810843835344,47.69910324376099,9.805824229923587,-134.01810843835344,47.69910324376099,-9.216120887799574e-18,-0.6476958410987151,0.7529082993141974,-0.11670128639921215,28.323999999999998,-5.961,5.360499999999998,8.50125,-14.462250000000001,19.82275,-2.3315
45.92992424964905,9.805824229923587,-134.01810843835344,47.69910324376099,9.805824229923587,-134.01810843835344,47.69910324376099,-9.216120887799574e-18,-0.6476958410987151,0.7529082993141974,-0.11670128639921215,28.185000000000002,-5.9297499999999985,5.266750000000002,8.494250000000001,-14.424,19.69075,-2.364
45.9936044216156,9.988888991445151,-132.73569084622832,48.39393589447413,9.988888991445151,-132.73569084622832,48.39393589447413,-1.8471451118067798e-17,-0.6496207187366432,0.7513101011452175,-0.11630156364060801,26.40175,-5.640750000000001,5.040000000000001,7.8605,-13.50125,18.54125,-2.3955
46.04148602485657,9.988888991445151,-132.73569084622832,48.39393589447413,9.988888991445151,-132.73569084622832,48.39393589447413,-1.8471451118067798e-17,-0.6496207187366432,0.7513101011452175,-0.11630156364060801,24.7895,-5.41025,4.79125,7.2940000000000005,-12.70425,17.4955,-2.4195
46.112674951553345,9.614678647842993,-132.1455802564508,48.145871163862125,9.614678647842993,-132.1455802564508,48.145871163862125,9.234510895541444e-18,-0.6495064405265685,0.7514089248903724,-0.11630138137443481,23.173250000000003,-5.129999999999999,4.4307500000000015,6.80625,-11.93625,16.367,-2.455
46.24084758758545,9.864537861247044,-131.3330160421352,47.92698815609135,9.864537861247044,-131.3330160421352,47.92698815609135,-3.693314746692899e-17,-0.6493014469665381,0.7515085368903925,-0.1168013268247477,18.73375,-4.377,3.7832500000000007,5.2867500000000005,-9.66375,13.447000000000001,-2.5185
46.29751944541931,9.864537861247044,-131.3330160421352,47.92698815609135,9.864537861247044,-131.3330160421352,47.92698815609135,-3.693314746692899e-17,-0.6493014469665381,0.7515085368903925,-0.1168013268247477,17.038,-4.0840000000000005,3.6404999999999994,4.65675,-8.74075,12.38125,-2.5475
46.3680100440979,9.310030746685271,-131.02526028700197,47.947193479220964,9.310030746685271,-131.02526028700197,47.947193479220964,-1.8432380468259533e-17,-0.6476303865417945,0.7529026341286703,-0.11710040969115058,15.104,-3.8064999999999998,3.1825,4.0575,-7.864,11.0465,-2.583
46.4259512424469,9.310030746685271,-131.02526028700197,47.947193479220964,9.310030746685271,-131.02526028700197,47.947193479220964,-1.8432380468259533e-17,-0.6476303865417945,0.7529026341286703,-0.11710040969115058,13.390749999999999,-3.5362500000000003,3.103999999999999,3.37525,-6.9115,10.0155,-2.612
46.485862016677856,8.99661246128511,-130.47964038000651,47.605187784141066,8.99661246128511,-130.47964038000651,47.605187784141066,0.0,-0.6467117123074098,0.7534098366761979,-0.11890155240350396,12.295,-3.2165000000000004,2.6534999999999993,3.2125,-6.429,9.0825,-2.642
46.62240171432495,8.99482650807218,-130.06653309062582,47.59892856440887,8.99482650807218,-130.06653309062582,47.59892856440887,9.198955982124939e-18,-0.6455469384963254,0.7543131978662166,-0.11950209087234907,6.89225,-1.56175,1.4859999999999998,1.92225,-3.484,4.97,-2.71
46.6672248840332,8.99482650807218,-130.06653309062582,47.59892856440887,8.99482650807218,-130.06653309062582,47.59892856440887,9.198955982124939e-18,-0.6455469384963254,0.7543131978662166,-0.11950209087234907,6.3095,-1.5525000000000002,0.9124999999999996,1.92225,-3.4747500000000002,4.38725,-2.732
46.72750973701477,9.192515759190854,-129.55771144514136,47.733908166862754,9.192515759190854,-129.55771144514136,47.733908166862754,0.0,-0.6447055634461459,0.7548096144646338,-0.12090153999572625,2.9210000000000003,-1.08175,0.5097500000000001,0.6647500000000001,-1.7465,2.25625,-2.7625
46.792720794677734,9.192515759190854,-129.55771144514136,47.733908166862754,9.192515759190854,-129.55771144514136,47.733908166862754,0.0,-0.6447055634461459,0.7548096144646338,-0.12090153999572625,1.15675,-0.73875,0.4179999999999999,0.0,-0.73875,1.15675,-2.795
46.879759073257446,8.843304372534277,-128.66850505601803,47.536010706111924,8.843304372534277,-128.66850505601803,47.536010706111924,-2.758949657798284e-17,-0.6448622516204464,0.7545147354495026,-0.12190238071742132,0.60075,-0.60075,0.0,0.0,-0.60075,0.60075,-2.838
47.00957703590393,8.66785496924686,-128.09532981141214,47.34368898124169,8.66785496924686,-128.09532981141214,47.34368898124169,-2.7571202996434142e-17,-0.6440669166060718,0.7550153583945524,-0.1230025020960662,0.60075,-0.60075,0.0,0.0,-0.60075,0.60075,-2.86625
47.086456298828125,8.66785496924686,-128.09532981141214,47.34368898124169,8.66785496924686,-128.09532981141214,47.34368898124169,-2.7571202996434142e-17,-0.6440669166060718,0.7550153583945524,-0.1230025020960662,0.60075,-0.60075,0.0,0.0,-0.60075,0.60075,-2.86625
47.178730964660645,8.353285983275725,-127.4704512834327,47.72771134821444,8.353285983275725,-127.4704512834327,47.72771134821444,-2.7563940619593733e-17,-0.6432532804766704,0.7552142851782311,-0.12600238338513914,0.60075,-0.60075,0.0,0.0,-0.60075,0.60075,-2.86625
47.23963713645935,8.530530647711828,-127.58022018066777,47.76559430122398,8.530530647711828,-127.58022018066777,47.76559430122398,-2.755316094497753e-17,-0.6430041699441718,0.755509749073498,-0.12550161946886035,0.60075,-0.60075,0.0,0.0,-0.60075,0.60075,-2.86625
47.303149461746216,8.530530647711828,-127.58022018066777,47.76559430122398,8.530530647711828,-127.58022018066777,47.76559430122398,-2.755316094497753e-17,-0.6430041699441718,0.755509749073498,-0.12550161946886035,0.60075,-0.60075,0.0,0.0,-0.60075,0.60075,-2.86625
47.431161642074585,8.471344822066527,-127.50290778861954,47.804579324995515,8.471344822066527,-127.50290778861954,47.804579324995515,-2.7553213824533633e-17,-0.6428885211444295,0.7555082991148683,-0.12610138519971525,0.60075,-0.60075,0.0,0.0,-0.60075,0.60075,-2.86625
47.50021171569824,8.441422745609742,-127.46716448404942,47.839609105453306,8.441422745609742,-127.46716448404942,47.839609105453306,9.18430220238437e-18,-0.6428783455344186,0.7555167231001827,-0.1261027912414732,0.60075,-0.60075,0.0,0.0,-0.60075,0.60075,-2.86625
47.53788495063782,8.441422745609742,-127.46716448404942,47.839609105453306,8.441422745609742,-127.46716448404942,47.839609105453306,9.18430220238437e-18,-0.6428783455344186,0.7555167231001827,-0.1261027912414732,0.60075,-0.60075,0.0,0.0,-0.60075,0.60075,-2.86625
47.61998987197876,8.44967407614476,-127.54660206975817,47.85063568793236,8.44967407614476,-127.54660206975817,47.85063568793236,0.0,-0.6425661252696585,0.7558156573594562,-0.12590260817882454,0.60075,-0.60075,0.0,0.0,-0.60075,0.60075,-2.86625
47.670567750930786,8.44967407614476,-127.54660206975817,47.85063568793236,8.44967407614476,-127.54660206975817,47.85063568793236,0.0,-0.6425661252696585,0.7558156573594562,-0.12590260817882454,0.60075,-0.60075,0.0,0.0,-0.60075,0.60075,-2.86625
47.803754806518555,8.381030415962329,-127.6291360582893,47.67924085529756,8.381030415962329,-127.6291360582893,47.67924085529756,9.177060722055435e-18,-0.6422360298515384,0.7561128899616879,-0.12580214463322356,2.523,-0.9209999999999999,0.3205,0.64075,-1.56175,1.88225,-2.86625
47.91837787628174,8.331928049853616,-127.63631384348093,47.618929686827144,8.331928049853616,-127.63631384348093,47.618929686827144,-9.174753391246852e-18,-0.6420320013766891,0.7563030424912849,-0.12570050567387878,4.49275,-1.2485000000000002,0.6812499999999999,1.2815,-2.5300000000000002,3.21125,-2.86625
47.99083852767944,8.351623813970491,-127.61009691106628,47.66609693532244,8.351623813970491,-127.61009691106628,47.66609693532244,1.835173048676964e-17,-0.6421200830167165,0.7562114002175117,-0.12580189651859683,8.02375,-1.77625,1.1559999999999997,2.54575,-4.322,5.478,-2.86625
48.04861545562744,8.351623813970491,-127.61009691106628,47.66609693532244,8.351623813970491,-127.61009691106628,47.66609693532244,1.835173048676964e-17,-0.6421200830167165,0.7562114002175117,-0.12580189651859683,9.1755,-2.0277499999999997,1.4577499999999999,2.845,-4.87275,6.3305,-2.86625
48.10995316505432,8.321340733091972,-127.60678872007388,47.68538400054406,8.321340733091972,-127.60678872007388,47.68538400054406,9.176997864220987e-18,-0.6421905534913682,0.7561180689559039,-0.12600301109435774,14.57525,-2.6785000000000005,2.0162499999999994,4.94025,-7.61875,9.635,-2.86625
48.24115061759949,8.401888364572642,-127.54212828913384,47.72817544517385,8.401888364572642,-127.54212828913384,47.72817544517385,9.178256611074925e-18,-0.6423519504808125,0.7560143715675179,-0.125802391459251,17.917,-3.484000000000001,2.9000000000000004,5.7665,-9.2505,12.150500000000001,-2.86625
48.3322217464447,8.401888364572642,-127.54212828913384,47.72817544517385,8.401888364572642,-127.54212828913384,47.72817544517385,9.178256611074925e-18,-0.6423519504808125,0.7560143715675179,-0.125802391459251,19.8225,-3.8045,3.2035,6.40725,-10.21175,13.41525,-2.86625
48.41873383522034,8.432088401809608,-127.48503223907386,47.781354377265735,8.432088401809608,-127.48503223907386,47.781354377265735,2.7531250009425024e-17,-0.6423165081140519,0.7561110267276391,-0.12540182879466466,19.8225,-3.8045,3.2035,6.40725,-10.21175,13.41525,-2.86625
48.48702025413513,8.442453694539637,-127.5005727987436,47.74326170458749,8.442453694539637,-127.5005727987436,47.74326170458749,-3.670355141927936e-17,-0.6422005760682452,0.7562095367438932,-0.1254015814700929,21.717,-4.11575,3.50525,7.048,-11.16375,14.669,-2.86625
48.54163074493408,8.442453694539637,-127.5005727987436,47.74326170458749,8.442453694539637,-127.5005727987436,47.74326170458749,-3.670355141927936e-17,-0.6422005760682452,0.7562095367438932,-0.1254015814700929,23.21625,-4.263750000000001,3.783999999999999,7.58425,-11.848,15.632,-2.86625
48.67996668815613,8.432393469482776,-127.55942104386354,47.68052673891356,8.432393469482776,-127.55942104386354,47.68052673891356,1.835169009177156e-17,-0.6421376524677257,0.756213064759464,-0.12570217170095824,30.15725,-5.02125,4.5600000000000005,10.288,-15.30925,19.86925,-2.86625
48.745166063308716,8.451291925941263,-127.5854495716719,47.71466416827806,8.451291925941263,-127.5854495716719,47.71466416827806,-1.8349466325256907e-17,-0.6420495534926489,0.7563047100019764,-0.1256007821978689,32.86475,-5.109499999999999,4.53875,11.60825,-16.71775,21.2565,-2.86625
48.83615756034851,8.451291925941263,-127.5854495716719,47.71466416827806,8.451291925941263,-127.5854495716719,47.71466416827806,-1.8349466325256907e-17,-0.6420495534926489,0.7563047100019764,-0.1256007821978689,34.512,-5.5184999999999995,4.989000000000001,12.00225,-17.52075,22.50975,-2.86625
48.92203760147095,8.451284181114687,-127.53767009755197,47.768674554250026,8.451284181114687,-127.53767009755197,47.768674554250026,-3.670355141927936e-17,-0.6422005760682452,0.7562095367438932,-0.1254015814700929,39.801,-5.610999999999999,5.0715,14.55925,-20.17025,25.24175,-2.86625
48.98861885070801,8.610190183065981,-127.45962149477846,47.92183231000844,8.610190183065981,-127.45962149477846,47.92183231000844,9.177123571928484e-18,-0.6422814387161333,0.756107711694361,-0.1256012810326832,44.06975,-5.663499999999999,5.1022500000000015,16.652,-22.3155,27.41775,-2.86625
49.110573053359985,8.580644600684053,-127.48700202487048,47.86458403375848,8.580644600684053,-127.48700202487048,47.86458403375848,9.177020425081878e-18,-0.6422711579883053,0.7561162101091564,-0.12560269275189795,47.513000000000005,-6.0497499999999995,5.33625,18.0635,-24.11325,29.4495,-2.86625
49.17511034011841,8.580644600684053,-127.48700202487048,47.86458403375848,8.580644600684053,-127.48700202487048,47.86458403375848,9.177020425081878e-18,-0.6422711579883053,0.7561162101091564,-0.12560269275189795,48.532000000000004,-6.3622499999999995,5.81925,18.175250000000002,-24.5375,30.35675,-2.86625
49.23367691040039,8.47098769005811,-127.55923263925723,47.76183141677336,8.47098769005811,-127.55923263925723,47.76183141677336,9.174672632793011e-18,-0.6421021300365161,0.7563096997167569,-0.1253016070005416,51.836749999999995,-6.894500000000001,6.246749999999995,19.34775,-26.242250000000002,32.489,-2.86625
49.30241274833679,8.47098769005811,-127.55923263925723,47.76183141677336,8.47098769005811,-127.55923263925723,47.76183141677336,9.174672632793011e-18,-0.6421021300365161,0.7563096997167569,-0.1253016070005416,53.35625,-7.09825,6.5539999999999985,19.852,-26.95025,33.50425,-2.86625
49.36535573005676,8.62857703747278,-127.49283560229969,47.97713824681988,8.62857703747278,-127.49283560229969,47.97713824681988,1.8351815991000533e-17,-0.6421830492858511,0.7562078769000259,-0.12550130726124475,55.017,-6.710750000000001,6.109750000000002,21.09825,-27.809,33.91875,-2.86625
49.48775315284729,8.52897647949041,-127.48232823450655,47.96412578849466,8.52897647949041,-127.48232823450655,47.96412578849466,1.8354161819071868e-17,-0.6422184458307552,0.7561112266861463,-0.1259018693820736,56.851,-6.9730000000000025,6.404999999999998,21.7365,-28.709500000000002,35.1145,-2.86625
49.558719873428345,8.52897647949041,-127.48232823450655,47.96412578849466,8.52897647949041,-127.48232823450655,47.96412578849466,1.8354161819071868e-17,-0.6422184458307552,0.7561112266861463,-0.1259018693820736,55.27925,-6.797500000000003,6.148749999999996,21.1665,-27.964000000000002,34.11275,-2.86625
49.66827845573425,8.53926647340549,-127.48524402724387,47.94448872715797,8.53926647340549,-127.48524402724387,47.94448872715797,9.177040560578232e-18,-0.6422536005712655,0.756114551102084,-0.12570241908944846,55.017,-6.710750000000001,6.109750000000002,21.09825,-27.809,33.91875,-2.86625
49.73794078826904,8.451208882299738,-127.52504533061955,47.78713016559157,8.451208882299738,-127.52504533061955,47.78713016559157,9.174712960028268e-18,-0.6420670923090258,0.7563063753752408,-0.12550105792621016,55.12025,-6.731749999999998,6.188499999999998,21.1,-27.83175,34.02025,-2.86625
49.80276417732239,8.451208882299738,-127.52504533061955,47.78713016559157,8.451208882299738,-127.52504533061955,47.78713016559157,9.174712960028268e-18,-0.6420670923090258,0.7563063753752408,-0.12550105792621016,56.68225,-7.151,6.4417500000000025,21.54475,-28.69575,35.1375,-2.86625
49.917420864105225,8.241372257651392,-127.62910886411355,47.65697882309776,8.241372257651392,-127.62910886411355,47.65697882309776,-2.7516782891832504e-17,-0.6417896510029477,0.7565085567434,-0.1257014217880309,56.83925000000001,-7.030999999999999,6.330250000000003,21.739,-28.77,35.10025,-2.86625
49.98813223838806,8.349359254145526,-127.64874440324043,47.752127413162846,8.349359254145526,-127.64874440324043,47.752127413162846,-9.172281269483632e-18,-0.6417720853738106,0.7565068819894425,-0.12580114442071627,55.93325,-6.90475,6.213000000000001,21.40775,-28.3125,34.5255,-2.86625
50.052576541900635,8.349359254145526,-127.64874440324043,47.752127413162846,8.349359254145526,-127.64874440324043,47.752127413162846,-9.172281269483632e-18,-0.6417720853738106,0.7565068819894425,-0.12580114442071627,56.12375,-6.69725,6.023000000000003,21.70175,-28.399,34.422000000000004,-2.86625
50.17818331718445,8.372497252233899,-127.61864809015067,47.607010753254805,8.372497252233899,-127.61864809015067,47.607010753254805,1.8344440862134985e-17,-0.6418247423676758,0.7565118998235479,-0.12550197412803077,55.017,-6.710750000000001,6.109750000000002,21.09825,-27.809,33.91875,-2.86625
50.30541682243347,8.25473573628966,-127.61280091563357,47.483325524093516,8.25473573628966,-127.61280091563357,47.483325524093516,4.585503111274244e-17,-0.6417262114292287,0.7566120593012761,-0.12540199872638125,57.1055,-7.000250000000001,7.572749999999999,21.26625,-28.2665,35.83925,-2.86625
50.42435669898987,8.330976272151986,-127.63942003277916,47.66981628336543,8.330976272151986,-127.63942003277916,47.66981628336543,2.7513140325705412e-17,-0.6416911492156568,0.7566087137015307,-0.12560144652512858,61.670500000000004,-8.19125,9.76625,21.8565,-30.04775,39.814,-2.86625
50.50630450248718,8.418962436856106,-127.61088369953102,47.818625263287394,8.418962436856106,-127.61088369953102,47.818625263287394,0.0,-0.6419232312811266,0.7564117368046827,-0.12560194889300388,65.934,-9.03275,8.910249999999998,23.9955,-33.02825,41.9385,-2.86625
50.55050730705261,8.418962436856106,-127.61088369953102,47.818625263287394,8.418962436856106,-127.61088369953102,47.818625263287394,0.0,-0.6419232312811266,0.7564117368046827,-0.12560194889300388,68.31700000000001,-9.44425,9.656750000000002,24.608,-34.05225,43.709,-2.86625
50.62238812446594,8.351838093175559,-127.57630200068365,47.691745680255735,8.351838093175559,-127.57630200068365,47.691745680255735,3.669365914655351e-17,-0.6419407715879039,0.7564134038737832,-0.12550222393728155,70.185,-10.119250000000001,9.798250000000003,25.13375,-35.253,45.05125,-2.86625
50.67218613624573,8.351838093175559,-127.57630200068365,47.691745680255735,8.351838093175559,-127.57630200068365,47.691745680255735,3.669365914655351e-17,-0.6419407715879039,0.7564134038737832,-0.12550222393728155,71.8735,-9.97925,9.63825,26.128,-36.10725,45.7455,-2.86625
50.804604291915894,8.351469343927278,-127.56095764014145,47.73001335099152,8.351469343927278,-127.56095764014145,47.73001335099152,9.16611947201695e-18,-0.6415610405760555,0.7570154333129551,-0.12380252396848591,78.06625,-12.630500000000001,10.67575,27.38,-40.0105,50.68625,-2.86625
50.918377161026,8.347129546040094,-127.90239952895429,47.59511115412943,8.347129546040094,-127.90239952895429,47.59511115412943,1.8152658452405008e-17,-0.6360423011274204,0.7645044302574764,-0.10480060731325509,81.16875,-13.281999999999996,12.716250000000002,27.585250000000002,-40.86725,53.5835,-2.86625
50.977407455444336,6.866890112191015,-127.72927148935685,46.63078864563795,6.866890112191015,-127.72927148935685,46.63078864563795,1.3502993762420295e-17,-0.6306523247631368,0.7708172749681576,-0.0901020192976531,87.91275,-13.498250000000002,13.106499999999997,30.654,-44.15225,57.25875,-2.86625
51.0426070690155,6.866890112191015,-127.72927148935685,46.63078864563795,6.866890112191015,-127.72927148935685,46.63078864563795,1.3502993762420295e-17,-0.6306523247631368,0.7708172749681576,-0.0901020192976531,95.96825,-15.403500000000001,14.32125,33.12175,-48.52525,62.8465,-2.86625
51.11098599433899,5.498529712100037,-127.66549110920336,46.58157606014997,5.498529712100037,-127.66549110920336,46.58157606014997,3.087402429031159e-17,-0.6131420943721171,0.786620119078432,-0.0727018594673303,96.05425000000001,-17.278249999999996,15.931500000000007,31.422250000000002,-48.7005,64.632,-2.86625
51.22913980484009,3.784111167645449,-128.11925818784002,45.72002832915896,3.784111167645449,-128.11925818784002,45.72002832915896,-4.343304933223279e-18,-0.59822074368884,0.7988034469822152,-0.06360027444675623,89.61225,-14.9515,14.77525,29.94275,-44.89425,59.6695,-2.86625
51.29351997375488,3.784111167645449,-128.11925818784002,45.72002832915896,3.784111167645449,-128.11925818784002,45.72002832915896,-4.343304933223279e-18,-0.59822074368884,0.7988034469822152,-0.06360027444675623,87.594,-14.6065,14.682499999999997,29.1525,-43.759,58.4415,-2.86625
51.36630368232727,4.187484711008096,-128.34152337044117,45.85746185170114,4.187484711008096,-128.34152337044117,45.85746185170114,1.3036288935101163e-17,-0.5986778073355696,0.7984128694659123,-0.06420103484432811,81.8905,-13.561500000000002,17.9745,25.17725,-38.73875,56.71325,-2.86625
51.420846700668335,4.187484711008096,-128.34152337044117,45.85746185170114,4.187484711008096,-128.34152337044117,45.85746185170114,1.3036288935101163e-17,-0.5986778073355696,0.7984128694659123,-0.06420103484432811,76.388,-11.392500000000002,16.403999999999996,24.29575,-35.688250000000004,52.09225,-2.86625
51.4858500957489,4.954727676343651,-127.45095368316457,47.0286253177669,4.954727676343651,-127.45095368316457,47.0286253177669,-8.755432816663989e-18,-0.6053580288489321,0.792524373061331,-0.07380226969328231,67.08525,-14.054749999999999,12.287000000000006,20.37175,-34.4265,46.7135,-2.86625
51.61561608314514,5.713812542233768,-127.74903164218763,47.33315724831152,5.713812542233768,-127.74903164218763,47.33315724831152,1.3313061611151286e-17,-0.6159040308516633,0.7818142182368182,-0.09710176591301489,56.23425,-9.81375,18.7795,13.820500000000001,-23.63425,42.41375,-2.86625
51.67561388015747,5.713812542233768,-127.74903164218763,47.33315724831152,5.713812542233768,-127.74903164218763,47.33315724831152,1.3313061611151286e-17,-0.6159040308516633,0.7818142182368182,-0.09710176591301489,47.8555,-9.28575,15.97175,11.299,-20.58475,36.5565,-2.86625
51.80078601837158,5.963115993930813,-127.60515901079671,47.53918747645438,5.963115993930813,-127.60515901079671,47.53918747645438,1.782839330554458e-17,-0.618570634482407,0.7784093367234894,-0.10700128343963694,32.4455,-9.064499999999999,11.848000000000003,5.7665,-14.831,26.679000000000002,-2.86625
51.86215877532959,5.738373472980015,-127.91102642669406,46.89139435888599,5.738373472980015,-127.91102642669406,46.89139435888599,1.786495773691794e-17,-0.6195237836802724,0.7768161566448046,-0.11290234820442638,30.918750000000003,-4.665,15.436250000000001,5.40875,-10.07375,25.51,-2.86625
51.953070640563965,5.738373472980015,-127.91102642669406,46.89139435888599,5.738373472980015,-127.91102642669406,46.89139435888599,1.786495773691794e-17,-0.6195237836802724,0.7768161566448046,-0.11290234820442638,22.7605,-6.9475,11.959500000000002,1.92675,-8.87425,20.833750000000002,-2.86625
52.06356596946716,5.992910707237371,-127.75899120386178,47.37903776076381,5.992910707237371,-127.75899120386178,47.37903776076381,3.575718645173862e-17,-0.6200828680536247,0.7762237012996127,-0.11390347794128562,12.136000000000001,-0.86975,11.266250000000001,0.0,-0.86975,12.136000000000001,-2.86625
52.16854977607727,6.034875735382542,-127.76618838870793,47.25950894857584,6.034875735382542,-127.76618838870793,47.25950894857584,0.0,-0.6203211140376883,0.7759156492677294,-0.11470231340508902,6.78875,-0.60075,6.188000000000001,0.0,-0.60075,6.78875,-2.86625
52.23470067977905,6.074346434844529,-127.750269027871,47.30838264123891,6.074346434844529,-127.750269027871,47.30838264123891,0.0,-0.6204846240193339,0.775710911357889,-0.11520162045691484,1.5545,-0.60075,0.95375,0.0,-0.60075,1.5545,-2.86625
52.31288409233093,6.074346434844529,-127.750269027871,47.30838264123891,6.074346434844529,-127.750269027871,47.30838264123891,0.0,-0.6204846240193339,0.775710911357889,-0.11520162045691484,0.60075,-0.60075,0.0,0.0,-0.60075,0.60075,-2.86625
52.42166352272034,6.132572737961624,-127.7829081350975,47.374294599977624,6.132572737961624,-127.7829081350975,47.374294599977624,0.0,-0.6203790498948615,0.7758102060935587,-0.11510151420645608,0.60075,-0.60075,0.0,0.0,-0.60075,0.60075,-2.86625
52.54809927940369,6.12163603401811,-127.85748733644807,47.34399061950043,6.12163603401811,-127.85748733644807,47.34399061950043,8.942812403653129e-18,-0.620243325818486,0.7759185355462337,-0.1151027496344522,0.60075,-0.60075,0.0,0.0,-0.60075,0.60075,-2.86625
52.617281913757324,6.120902407934835,-127.85068835242363,47.393520767986026,6.120902407934835,-127.85068835242363,47.393520767986026,-3.578059777110569e-17,-0.6204225801645288,0.7757158165211732,-0.11550235504472796,0.60075,-0.60075,0.0,0.0,-0.60075,0.60075,-2.86625
52.672423124313354,6.120902407934835,-127.85068835242363,47.393520767986026,6.120902407934835,-127.85068835242363,47.393520767986026,-3.578059777110569e-17,-0.6204225801645288,0.7757158165211732,-0.11550235504472796,0.60075,-0.60075,0.0,0.0,-0.60075,0.60075,-2.86625
52.75084161758423,6.269732695176145,-127.73592904653019,47.591964330014434,6.269732695176145,-127.73592904653019,47.591964330014434,3.5794536608896855e-17,-0.6207068953776359,0.7754137431333631,-0.11600205597558694,0.60075,-0.60075,0.0,0.0,-0.60075,0.60075,-2.86625
52.80734395980835,6.269732695176145,-127.73592904653019,47.591964330014434,6.269732695176145,-127.73592904653019,47.591964330014434,3.5794536608896855e-17,-0.6207068953776359,0.7754137431333631,-0.11600205597558694,0.60075,-0.60075,0.0,0.0,-0.60075,0.60075,-2.86625
52.93262052536011,6.040121135182687,-127.82969500844646,47.46010654335285,6.040121135182687,-127.82969500844646,47.46010654335285,-8.946271061152246e-18,-0.6205440808610114,0.7756185629159243,-0.11550276433314763,0.60075,-0.60075,0.0,0.0,-0.60075,0.60075,-2.86625
53.012555837631226,5.968392373037233,-127.85978352701498,47.52374352734355,5.968392373037233,-127.85978352701498,47.52374352734355,1.7892684686327673e-17,-0.6204960621521739,0.7756123829991194,-0.11580184882838838,0.60075,-0.60075,0.0,0.0,-0.60075,0.60075,-2.86625
53.13773441314697,6.019767043797515,-127.86173772376912,47.4440138320016,6.019767043797515,-127.86173772376912,47.4440138320016,1.789278001205622e-17,-0.6204639835940597,0.7756082508399228,-0.11600123400906528,0.60075,-0.60075,0.0,0.0,-0.60075,0.60075,-2.86625
53.18598961830139,6.019767043797515,-127.86173772376912,47.4440138320016,6.019767043797515,-127.86173772376912,47.4440138320016,1.789278001205622e-17,-0.6204639835940597,0.7756082508399228,-0.11600123400906528,0.60075,-0.60075,0.0,0.0,-0.60075,0.60075,-2.86625
53.23356318473816,6.019767043797515,-127.86173772376912,47.4440138320016,6.019767043797515,-127.86173772376912,47.4440138320016,1.789278001205622e-17,-0.6204639835940597,0.7756082508399228,-0.11600123400906528,0.60075,-0.60075,0.0,0.0,-0.60075,0.60075,-2.86625
53.358625411987305,6.090758307446379,-127.8009604841162,47.45691218948249,6.090758307446379,-127.8009604841162,47.45691218948249,-8.948554280783574e-18,-0.6206606430827846,0.7754206641857267,-0.11620309669639085,0.60075,-0.60075,0.0,0.0,-0.60075,0.60075,-2.87075
53.42864751815796,6.1413838624702635,-127.70055674860603,47.53473341457006,6.1413838624702635,-127.70055674860603,47.53473341457006,0.0,-0.6209014728371934,0.7752130138822133,-0.1163019524180875,0.60075,-0.60075,0.0,0.0,-0.60075,0.60075,-2.9050000000000002
53.481401205062866,6.1413838624702635,-127.70055674860603,47.53473341457006,6.1413838624702635,-127.70055674860603,47.53473341457006,0.0,-0.6209014728371934,0.7752130138822133,-0.1163019524180875,0.60075,-0.60075,0.0,0.0,-0.60075,0.60075,-2.932
53.561755657196045,6.092710054771629,-127.64014471303244,47.52571973596623,6.092710054771629,-127.64014471303244,47.52571973596623,2.6852614869253665e-17,-0.6208551700815484,0.7752199110991181,-0.1165029923155925,0.60075,-0.60075,0.0,0.0,-0.60075,0.60075,-2.972
53.64113759994507,6.092710054771629,-127.64014471303244,47.52571973596623,6.092710054771629,-127.64014471303244,47.52571973596623,2.6852614869253665e-17,-0.6208551700815484,0.7752199110991181,-0.1165029923155925,0.60075,-0.60075,0.0,0.0,-0.60075,0.60075,-3.0
53.74307346343994,5.424076559242479,-126.91596750166234,47.103467897380895,5.424076559242479,-126.91596750166234,47.103467897380895,0.0,-0.6194373337999273,0.7758048713143604,-0.12010075411814213,0.60075,-0.60075,0.0,0.0,-0.60075,0.60075,-3.0620000000000003
53.81179714202881,5.3940074643983,-126.18413285771814,47.35588402891437,5.3940074643983,-126.18413285771814,47.35588402891437,1.7860480696096445e-17,-0.617981918644318,0.7770108791555405,-0.1198016773781644,0.60075,-0.60075,0.0,0.0,-0.60075,0.60075,-3.097
53.87472748756409,5.3940074643983,-126.18413285771814,47.35588402891437,5.3940074643983,-126.18413285771814,47.35588402891437,1.7860480696096445e-17,-0.617981918644318,0.7770108791555405,-0.1198016773781644,0.60075,-0.60075,0.0,0.0,-0.60075,0.60075,-3.128
53.98065233230591,5.523419495278802,-124.82500671337559,47.201518715362724,5.523419495278802,-124.82500671337559,47.201518715362724,-1.789044305701603e-17,-0.6200738426130503,0.7757095653576929,-0.11740144768981967,0.60075,-0.60075,0.0,0.0,-0.60075,0.60075,-3.181
54.052130699157715,5.340765359892771,-124.7843740196595,47.3951328962167,5.340765359892771,-124.7843740196595,47.3951328962167,0.0,-0.6187538425169511,0.7771070908186871,-0.11510105025509061,0.60075,-0.60075,0.0,0.0,-0.60075,0.60075,-3.217
54.19611430168152,4.890316496561638,-124.42109561809863,47.247740140346295,4.890316496561638,-124.42109561809863,47.247740140346295,0.0,-0.617985168764834,0.7775246064112545,-0.11640368384086171,0.60075,-0.60075,0.0,0.0,-0.60075,0.60075,-3.2880000000000003
54.24355983734131,4.890316496561638,-124.42109561809863,47.247740140346295,4.890316496561638,-124.42109561809863,47.247740140346295,0.0,-0.617985168764834,0.7775246064112545,-0.11640368384086171,0.60075,-0.60075,0.0,0.0,-0.60075,0.60075,-3.3125
54.314509868621826,4.676614515054183,-123.69622497922148,47.12488241778233,4.676614515054183,-123.69622497922148,47.12488241778233,1.7846633956112088e-17,-0.6177030778360105,0.777613741725319,-0.11730207292229929,0.60075,-0.60075,0.0,0.0,-0.60075,0.60075,-3.3475
54.36304306983948,4.676614515054183,-123.69622497922148,47.12488241778233,4.676614515054183,-123.69622497922148,47.12488241778233,1.7846633956112088e-17,-0.6177030778360105,0.777613741725319,-0.11730207292229929,0.60075,-0.60075,0.0,0.0,-0.60075,0.60075,-3.3725
54.43382811546326,5.219361781059547,-122.3445525830679,47.35117236170423,5.219361781059547,-122.3445525830679,47.35117236170423,4.4725744625426825e-17,-0.6201225133506798,0.7757158614149078,-0.11710239444590133,0.60075,-0.60075,0.0,0.0,-0.60075,0.60075,-3.4075
54.56941103935242,5.420447090361051,-122.23990625475793,47.41045005020798,5.420447090361051,-122.23990625475793,47.41045005020798,0.0,-0.6188569780915257,0.7769206445888538,-0.11580307715714927,0.60075,-0.60075,0.0,0.0,-0.60075,0.60075,-3.475
54.61695313453674,5.420447090361051,-122.23990625475793,47.41045005020798,5.420447090361051,-122.23990625475793,47.41045005020798,0.0,-0.6188569780915257,0.7769206445888538,-0.11580307715714927,0.60075,-0.60075,0.0,0.0,-0.60075,0.60075,-3.4995000000000003
54.67807412147522,4.921003995322394,-121.8579867334986,46.654081043638264,4.921003995322394,-121.8579867334986,46.654081043638264,-8.922239223815748e-18,-0.6182578995865325,0.7777076729108023,-0.11370112178212446,0.60075,-0.60075,0.0,0.0,-0.60075,0.60075,-3.5295
54.74368500709534,4.921003995322394,-121.8579867334986,46.654081043638264,4.921003995322394,-121.8579867334986,46.654081043638264,-8.922239223815748e-18,-0.6182578995865325,0.7777076729108023,-0.11370112178212446,0.60075,-0.60075,0.0,0.0,-0.60075,0.60075,-3.5625
54.81329965591431,5.152567302641103,-121.60340500049855,46.85474637678358,5.152567302641103,-121.60340500049855,46.85474637678358,0.0,-0.6186368494142118,0.7773180505870101,-0.11430265429318828,0.60075,-0.60075,0.0,0.0,-0.60075,0.60075,-3.5975
54.944037199020386,5.88346896345044,-120.3314128097144,46.52944862270251,5.88346896345044,-120.3314128097144,46.52944862270251,4.4703213286277606e-17,-0.6213535319985614,0.7761068381674072,-0.10760094805671049,0.60075,-0.60075,0.0,0.0,-0.60075,0.60075,-3.6625
54.99307680130005,5.88346896345044,-120.3314128097144,46.52944862270251,5.88346896345044,-120.3314128097144,46.52944862270251,4.4703213286277606e-17,-0.6213535319985614,0.7761068381674072,-0.10760094805671049,0.60075,-0.60075,0.0,0.0,-0.60075,0.60075,-3.6870000000000003
55.05316996574402,5.50380684552303,-120.2423828583654,46.60245782742124,5.50380684552303,-120.2423828583654,46.60245782742124,8.9383414921777e-18,-0.6210518353188865,0.7763066459230419,-0.10790092373450502,0.60075,-0.60075,0.0,0.0,-0.60075,0.60075,-3.7175000000000002
55.11664438247681,5.50380684552303,-120.2423828583654,46.60245782742124,5.50380684552303,-120.2423828583654,46.60245782742124,8.9383414921777e-18,-0.6210518353188865,0.7763066459230419,-0.10790092373450502,0.60075,-0.60075,0.0,0.0,-0.60075,0.60075,-3.7495000000000003
55.183056116104126,5.659397523628968,-118.87238033153834,46.67916908718134,5.659397523628968,-118.87238033153834,46.67916908718134,8.945203374468419e-18,-0.6220879872691087,0.7757111396385197,-0.10620152511229956,0.60075,-0.60075,0.0,0.0,-0.60075,0.60075,-3.7825
55.30912637710571,5.8517622037192325,-118.26353756232294,46.65901189918574,5.8517622037192325,-118.26353756232294,46.65901189918574,2.686319938075977e-17,-0.6232158542420162,0.7749144625949216,-0.10540196716673728,0.60075,-0.60075,0.0,0.0,-0.60075,0.60075,-3.8445
55.36180806159973,5.8517622037192325,-118.26353756232294,46.65901189918574,5.8517622037192325,-118.26353756232294,46.65901189918574,2.686319938075977e-17,-0.6232158542420162,0.7749144625949216,-0.10540196716673728,0.60075,-0.60075,0.0,0.0,-0.60075,0.60075,-3.872
55.4244921207428,5.513966420788961,-117.54272873286337,46.19164839996095,5.513966420788961,-117.54272873286337,46.19164839996095,0.0,-0.6235604485327559,0.7749199491510821,-0.1033026593719277,0.60075,-0.60075,0.0,0.0,-0.60075,0.60075,-3.9025000000000003
55.491628646850586,5.513966420788961,-117.54272873286337,46.19164839996095,5.513966420788961,-117.54272873286337,46.19164839996095,0.0,-0.6235604485327559,0.7749199491510821,-0.1033026593719277,0.60075,-0.60075,0.0,0.0,-0.60075,0.60075,-3.9365
55.56086230278015,5.615331260613715,-116.89871185680595,46.266263630313304,5.615331260613715,-116.89871185680595,46.266263630313304,1.7913466031349764e-17,-0.6238016373938391,0.774712597971124,-0.10340168146406897,0.60075,-0.60075,0.0,0.0,-0.60075,0.60075,-3.9715000000000003
55.67795443534851,5.563429338295293,-116.32537141786031,45.8738519440331,5.563429338295293,-116.32537141786031,45.8738519440331,-4.477253359509934e-17,-0.6238420372400413,0.7749052093700075,-0.10170068369199868,0.60075,-0.60075,0.0,0.0,-0.60075,0.60075,-4.0305
55.73081851005554,5.563429338295293,-116.32537141786031,45.8738519440331,5.563429338295293,-116.32537141786031,45.8738519440331,-4.477253359509934e-17,-0.6238420372400413,0.7749052093700075,-0.10170068369199868,0.60075,-0.60075,0.0,0.0,-0.60075,0.60075,-4.056
55.800750732421875,5.811466183657643,-115.80898539149575,45.99844405902488,5.811466183657643,-115.80898539149575,45.99844405902488,1.7904391267424813e-17,-0.6236423173179132,0.7751052577287927,-0.1014006878256994,0.60075,-0.60075,0.0,0.0,-0.60075,0.60075,-4.0905000000000005
55.86781358718872,5.811466183657643,-115.80898539149575,45.99844405902488,5.811466183657643,-115.80898539149575,45.99844405902488,1.7904391267424813e-17,-0.6236423173179132,0.7751052577287927,-0.1014006878256994,0.60075,-0.60075,0.0,0.0,-0.60075,0.60075,-4.125
55.94455885887146,5.172716040452485,-114.88165411409611,45.81121436984155,5.172716040452485,-114.88165411409611,45.81121436984155,2.687727316880029e-17,-0.6241704557226053,0.7745086929386173,-0.10270115269825177,0.60075,-0.60075,0.0,0.0,-0.60075,0.60075,-4.1635
56.12082290649414,5.592138142691169,-114.23886301858877,46.001752312756196,5.592138142691169,-114.23886301858877,46.001752312756196,-1.7920230567841335e-17,-0.6242635877087964,0.7744201591199824,-0.10280267608152659,0.60075,-0.60075,0.0,0.0,-0.60075,0.60075,-4.2515
56.232542276382446,5.699964780595479,-113.93201824436863,45.90065977746283,5.699964780595479,-113.93201824436863,45.90065977746283,8.951047924745787e-18,-0.6234372689639208,0.7752046422100118,-0.10190061021826653,0.60075,-0.60075,0.0,0.0,-0.60075,0.60075,-4.307
56.30482339859009,5.519024718996604,-113.13801339392708,45.698133256770134,5.519024718996604,-113.13801339392708,45.698133256770134,-2.686659652037457e-17,-0.6240332912803289,0.7748164787428559,-0.10120215236032139,0.60075,-0.60075,0.0,0.0,-0.60075,0.60075,-4.343
56.36508393287659,5.519024718996604,-113.13801339392708,45.698133256770134,5.519024718996604,-113.13801339392708,45.698133256770134,-2.686659652037457e-17,-0.6240332912803289,0.7748164787428559,-0.10120215236032139,0.60075,-0.60075,0.0,0.0,-0.60075,0.60075,-4.373
56.42669916152954,5.599946535248023,-112.18829394971775,45.568964232057226,5.599946535248023,-112.18829394971775,45.568964232057226,-2.68702981245764e-17,-0.6242790342081372,0.7747097414108,-0.10050126373019933,0.60075,-0.60075,0.0,0.0,-0.60075,0.60075,-4.404
56.5489227771759,5.247314292819624,-111.67586693193158,45.71548744879334,5.247314292819624,-111.67586693193158,45.71548744879334,0.0,-0.6246955237753006,0.7741117069228456,-0.1025015501351139,0.60075,-0.60075,0.0,0.0,-0.60075,0.60075,-4.4645
56.620776653289795,5.247314292819624,-111.67586693193158,45.71548744879334,5.247314292819624,-111.67586693193158,45.71548744879334,0.0,-0.6246955237753006,0.7741117069228456,-0.1025015501351139,0.60075,-0.60075,0.0,0.0,-0.60075,0.60075,-4.5015
56.68921160697937,5.762977469539976,-110.41313528337565,46.24633608250158,5.762977469539976,-110.41313528337565,46.24633608250158,-8.979952966336103e-18,-0.6264783458917061,0.7727093816548525,-0.10220124085042825,0.60075,-0.60075,0.0,0.0,-0.60075,0.60075,-4.5355
56.74450898170471,5.762977469539976,-110.41313528337565,46.24633608250158,5.762977469539976,-110.41313528337565,46.24633608250158,-8.979952966336103e-18,-0.6264783458917061,0.7727093816548525,-0.10220124085042825,0.60075,-0.60075,0.0,0.0,-0.60075,0.60075,-4.5635
56.86006808280945,5.591040003663181,-110.26609592517408,45.37563697548037,5.591040003663181,-110.26609592517408,45.37563697548037,-4.481852361760982e-18,-0.6251824731957376,0.7741100491294229,-0.09950129167856553,0.60075,-0.60075,0.0,0.0,-0.60075,0.60075,-4.6215
56.988176107406616,5.441578202875775,-109.85917763082611,45.226711921072706,5.441578202875775,-109.85917763082611,45.226711921072706,-1.792056425509997e-17,-0.6251470631530761,0.7744057391421147,-0.0974007218394137,0.60075,-0.60075,0.0,0.0,-0.60075,0.60075,-4.6845
57.06112575531006,5.549420330433236,-109.64789180484583,45.01759861383542,5.549420330433236,-109.64789180484583,45.01759861383542,-8.961456520401784e-18,-0.6253349655828375,0.7743042537906691,-0.09700053289125003,0.60075,-0.60075,0.0,0.0,-0.60075,0.60075,-4.722
57.11715817451477,5.549420330433236,-109.64789180484583,45.01759861383542,5.549420330433236,-109.64789180484583,45.01759861383542,-8.961456520401784e-18,-0.6253349655828375,0.7743042537906691,-0.09700053289125003,0.60075,-0.60075,0.0,0.0,-0.60075,0.60075,-4.7495
57.19324541091919,5.518870319672914,-108.41962909452505,45.28262203030655,5.518870319672914,-108.41962909452505,45.28262203030655,-2.2412135211324553e-17,-0.6255890993550743,0.7740108024603898,-0.09770136356638255,0.60075,-0.60075,0.0,0.0,-0.60075,0.60075,-4.7875000000000005
57.23289656639099,5.518870319672914,-108.41962909452505,45.28262203030655,5.518870319672914,-108.41962909452505,45.28262203030655,-2.2412135211324553e-17,-0.6255890993550743,0.7740108024603898,-0.09770136356638255,0.60075,-0.60075,0.0,0.0,-0.60075,0.60075,-4.8075
57.36740851402283,6.033222863720567,-107.65760872311199,45.32696629693885,6.033222863720567,-107.65760872311199,45.32696629693885,-3.587340677497816e-17,-0.6257739498973488,0.7737089423853811,-0.09890114308118675,0.60075,-0.60075,0.0,0.0,-0.60075,0.60075,-4.8745
57.48925971984863,5.787797656061031,-107.08306008461332,45.13341958566584,5.787797656061031,-107.08306008461332,45.13341958566584,2.6908410494238113e-17,-0.6260033600026355,0.7736124627717846,-0.09820158201162002,0.60075,-0.60075,0.0,0.0,-0.60075,0.60075,-4.9355
57.54935073852539,5.969202397728054,-106.4054580943887,45.24498957510893,5.969202397728054,-106.4054580943887,45.24498957510893,8.967243372584702e-18,-0.6261379550141039,0.7738045702117679,-0.0958005658132429,0.60075,-0.60075,0.0,0.0,-0.60075,0.60075,-4.965
57.6127450466156,5.969202397728054,-106.4054580943887,45.24498957510893,5.969202397728054,-106.4054580943887,45.24498957510893,8.967243372584702e-18,-0.6261379550141039,0.7738045702117679,-0.0958005658132429,0.60075,-0.60075,0.0,0.0,-0.60075,0.60075,-4.997
57.67707705497742,6.056234475426493,-105.43184510250735,45.36500273893424,6.056234475426493,-105.43184510250735,45.36500273893424,2.2443996567669778e-17,-0.627101128995838,0.7729120215940726,-0.0967015040602236,0.60075,-0.60075,0.0,0.0,-0.60075,0.60075,-5.0295000000000005
57.8042426109314,5.877072622213944,-105.00316806732658,45.2227458239457,5.877072622213944,-105.00316806732658,45.2227458239457,-8.969515623963053e-18,-0.6260709006052593,0.7736085419561793,-0.09780107989053044,0.60075,-0.60075,0.0,0.0,-0.60075,0.60075,-5.093
57.86722683906555,5.877072622213944,-105.00316806732658,45.2227458239457,5.877072622213944,-105.00316806732658,45.2227458239457,-8.969515623963053e-18,-0.6260709006052593,0.7736085419561793,-0.09780107989053044,0.60075,-0.60075,0.0,0.0,-0.60075,0.60075,-5.1245
57.946268796920776,5.3239456839105515,-104.14170342846539,44.6420313793906,5.3239456839105515,-104.14170342846539,44.6420313793906,0.0,-0.6275801283888858,0.7727094669876966,-0.09520116637405034,0.60075,-0.60075,0.0,0.0,-0.60075,0.60075,-5.164
57.99469780921936,5.3239456839105515,-104.14170342846539,44.6420313793906,5.3239456839105515,-104.14170342846539,44.6420313793906,0.0,-0.6275801283888858,0.7727094669876966,-0.09520116637405034,0.60075,-0.60075,0.0,0.0,-0.60075,0.60075,-5.1875
58.11174464225769,5.76036298037522,-104.22588478193204,44.76099962336776,5.76036298037522,-104.22588478193204,44.76099962336776,0.0,-0.6271390672410316,0.7731165281298191,-0.09480202673225566,0.60075,-0.60075,0.0,0.0,-0.60075,0.60075,-5.2465
58.301042556762695,5.621057628635299,-102.96789858382493,44.41464035274166,5.621057628635299,-102.96789858382493,44.41464035274166,0.0,-0.6282106811712482,0.7725129721103413,-0.0926015549740034,0.60075,-0.60075,0.0,0.0,-0.60075,0.60075,-5.339
58.36449337005615,5.621057628635299,-102.96789858382493,44.41464035274166,5.621057628635299,-102.96789858382493,44.41464035274166,0.0,-0.6282106811712482,0.7725129721103413,-0.0926015549740034,0.60075,-0.60075,0.0,0.0,-0.60075,0.60075,-5.373
58.436537742614746,5.697406005728084,-102.27396725351122,44.25994635116326,5.697406005728084,-102.27396725351122,44.25994635116326,-4.494033403230355e-18,-0.6290020017642795,0.7720118300544325,-0.09140140060489005,0.60075,-0.60075,0.0,0.0,-0.60075,0.60075,-5.4095
58.48466444015503,5.697406005728084,-102.27396725351122,44.25994635116326,5.697406005728084,-102.27396725351122,44.25994635116326,-4.494033403230355e-18,-0.6290020017642795,0.7720118300544325,-0.09140140060489005,0.60075,-0.60075,0.0,0.0,-0.60075,0.60075,-5.433
58.550822257995605,5.894794061586907,-101.71464654029703,44.46874839898334,5.894794061586907,-101.71464654029703,44.46874839898334,4.4952380530286534e-18,-0.629342818682394,0.7718049435927168,-0.09080058159914317,0.60075,-0.60075,0.0,0.0,-0.60075,0.60075,-5.466
58.6717004776001,6.411129039095329,-100.28819675171074,44.573338989590106,6.411129039095329,-100.28819675171074,44.573338989590106,-9.005623218160085e-18,-0.6309601971745951,0.7705067973435485,-0.09060079927232381,0.60075,-0.60075,0.0,0.0,-0.60075,0.60075,-5.5265
58.74402928352356,6.411129039095329,-100.28819675171074,44.573338989590106,6.411129039095329,-100.28819675171074,44.573338989590106,-9.005623218160085e-18,-0.6309601971745951,0.7705067973435485,-0.09060079927232381,0.553,-0.5982500000000001,-0.04525000000000001,0.0,-0.5982500000000001,0.553,-5.5625
58.853076457977295,5.514081019785692,-99.81200229905583,43.77794996885035,5.514081019785692,-99.81200229905583,43.77794996885035,-4.49868164747756e-18,-0.6302240446255579,0.7712141520169484,-0.08970164605280118,0.28025000000000005,1.3215,0.32025,0.64075,0.68075,-0.3605,-5.618
58.918511390686035,5.87461260309243,-98.86505683680778,43.6734929491428,5.87461260309243,-98.86505683680778,43.6734929491428,9.004430303509018e-18,-0.6308785020486842,0.7706088747450406,-0.09030103995520006,0.0020000000000000018,2.2279999999999998,0.14400000000000013,1.043,1.185,-1.041,-5.6505
58.9770450592041,5.87461260309243,-98.86505683680778,43.6734929491428,5.87461260309243,-98.86505683680778,43.6734929491428,9.004430303509018e-18,-0.6308785020486842,0.7706088747450406,-0.09030103995520006,-0.22024999999999983,3.5215000000000005,0.5347500000000003,1.38325,2.13825,-1.6035,-5.68
59.11639070510864,6.085692306424988,-98.29543673335843,44.25459388408214,6.085692306424988,-98.29543673335843,44.25459388408214,-9.00789642844879e-18,-0.6310095055616884,0.7703123541688129,-0.09190147390382178,-0.8055000000000003,7.9145,0.532,3.2885,4.626,-4.094,-5.7490000000000006
59.24010705947876,5.834886590988447,-97.72769088949624,43.7893400287713,5.834886590988447,-97.72769088949624,43.7893400287713,9.004364175548113e-18,-0.6308284792369535,0.7706145340889486,-0.090601708783362,-2.0535000000000005,13.55725,0.26674999999999915,5.6185,7.93875,-7.672000000000001,-5.811
59.30900526046753,5.818505404522142,-97.1733857871616,43.63224925801845,5.818505404522142,-97.1733857871616,43.63224925801845,4.500386210650901e-18,-0.6306944859824866,0.770922047477303,-0.08890254250970585,-1.9612500000000006,17.802500000000002,1.8637499999999996,6.9887500000000005,10.81375,-8.950000000000001,-5.8455
59.359726428985596,5.818505404522142,-97.1733857871616,43.63224925801845,5.818505404522142,-97.1733857871616,43.63224925801845,4.500386210650901e-18,-0.6306944859824866,0.770922047477303,-0.08890254250970585,-2.98025,19.545,0.818249999999999,7.8732500000000005,11.67175,-10.8535,-5.871
59.423680543899536,6.071221833847005,-96.39323564140892,44.35668017703789,6.071221833847005,-96.39323564140892,44.35668017703789,-4.500435156641625e-18,-0.6305202579713468,0.7709136630562256,-0.09020159866087889,-2.9044999999999987,23.52925,2.709250000000001,8.95775,14.5715,-11.86225,-5.9030000000000005
59.552091121673584,5.605465329525515,-95.77184755986723,43.65879212670302,5.605465329525515,-95.77184755986723,43.65879212670302,2.2507933158693667e-17,-0.6309457799627899,0.7707164686095451,-0.0889018996488758,-2.1875,29.6055,1.9425000000000008,12.73775,16.86775,-14.92525,-5.9675
59.612542152404785,5.605465329525515,-95.77184755986723,43.65879212670302,5.605465329525515,-95.77184755986723,43.65879212670302,2.2507933158693667e-17,-0.6309457799627899,0.7707164686095451,-0.0889018996488758,-3.7440000000000015,33.2755,2.1839999999999975,13.67375,19.60175,-17.41775,-5.9975000000000005
59.67984056472778,5.276749030777523,-95.05763008346844,43.80825446759179,5.276749030777523,-95.05763008346844,43.80825446759179,2.70306026922526e-17,-0.6316370874248891,0.7701153373723364,-0.08920177651423501,-4.028500000000001,35.63725,2.3912499999999994,14.60875,21.0285,-18.63725,-6.031
59.732097148895264,5.276749030777523,-95.05763008346844,43.80825446759179,5.276749030777523,-95.05763008346844,43.80825446759179,2.70306026922526e-17,-0.6316370874248891,0.7701153373723364,-0.08920177651423501,-4.420999999999999,38.4345,3.9450000000000003,15.03425,23.40025,-19.45525,-6.057
59.793153524398804,5.933742429391316,-94.16822944984153,43.84732091204181,5.933742429391316,-94.16822944984153,43.84732091204181,-2.2540073561291148e-17,-0.6322576640145566,0.7696174865000921,-0.08910202448955067,-5.032749999999998,39.89875,3.9125000000000014,15.476750000000001,24.422,-20.5095,-6.0875
59.92665338516235,6.010834193527273,-93.78232788303443,43.87624911001936,6.010834193527273,-93.78232788303443,43.87624911001936,-4.5051014324312285e-18,-0.631735757727688,0.7701151692119148,-0.08850174324796056,-5.277999999999999,47.11025,2.7947500000000005,19.51875,27.5915,-24.79675,-6.154
59.98868155479431,6.010834193527273,-93.78232788303443,43.87624911001936,6.010834193527273,-93.78232788303443,43.87624911001936,-4.5051014324312285e-18,-0.631735757727688,0.7701151692119148,-0.08850174324796056,-5.3507500000000014,50.18275,3.7669999999999995,20.5325,29.65025,-25.88325,-6.1855
60.06035351753235,6.38163468572003,-93.16012976543081,43.39253793851294,6.38163468572003,-93.16012976543081,43.39253793851294,-9.01132841567266e-18,-0.632170836133543,0.7700189787599996,-0.08620212463521035,-5.081250000000001,53.679,4.21725,22.19025,31.48875,-27.2715,-6.2205
60.12176966667175,6.38163468572003,-93.16012976543081,43.39253793851294,6.38163468572003,-93.16012976543081,43.39253793851294,-9.01132841567266e-18,-0.632170836133543,0.7700189787599996,-0.08620212463521035,-5.859000000000002,56.87325,2.728749999999998,24.14275,32.7305,-30.00175,-6.252
60.23455238342285,5.891882773319196,-92.00928609594017,42.94465188973151,5.891882773319196,-92.00928609594017,42.94465188973151,4.507431749167799e-18,-0.6327544755481358,0.7697170240224213,-0.08460187116057795,-5.6072500000000005,64.78450000000001,4.634749999999997,27.271250000000002,37.51325,-32.8785,-6.308
60.35948181152344,5.836915270957462,-91.98596174599625,43.25357671615989,5.836915270957462,-91.98596174599625,43.25357671615989,1.7999395455035716e-17,-0.6310249507873238,0.7710141066950027,-0.08570156802044325,-5.2955000000000005,70.44200000000001,3.5519999999999996,30.797250000000002,39.64475,-36.09275,-6.3705
60.42577528953552,6.528346232304813,-90.72988891604902,42.879405269415756,6.528346232304813,-90.72988891604902,42.879405269415756,0.0,-0.6330028145783341,0.7696112922425251,-0.0837012281194119,-4.22175,73.719,5.423750000000005,32.03675,41.68225,-36.2585,-6.4035
60.487969636917114,6.528346232304813,-90.72988891604902,42.879405269415756,6.528346232304813,-90.72988891604902,42.879405269415756,0.0,-0.6330028145783341,0.7696112922425251,-0.0837012281194119,-3.5474999999999994,73.15350000000001,4.184000000000005,32.711,40.4425,-36.2585,-6.4350000000000005
60.546873569488525,6.304126797328166,-90.8885212945087,42.93823904783406,6.304126797328166,-90.8885212945087,42.93823904783406,4.507458306899129e-18,-0.6328134119808284,0.769712488886091,-0.0842013662000895,-3.266750000000002,73.1765,2.8832499999999968,33.51325,39.66325,-36.78,-6.464
60.61396098136902,6.304126797328166,-90.8885212945087,42.93823904783406,6.304126797328166,-90.8885212945087,42.93823904783406,4.507458306899129e-18,-0.6328134119808284,0.769712488886091,-0.0842013662000895,-2.555000000000007,72.334,3.3604999999999947,33.20925,39.12475,-35.764250000000004,-6.49325
60.727357149124146,6.436591387756323,-90.3150158345205,42.871571067165696,6.436591387756323,-90.3150158345205,42.871571067165696,1.3536418446461262e-17,-0.6339286164757553,0.7689139410862278,-0.08310150670342764,-2.2227500000000013,67.104,3.53425,30.6735,36.4305,-32.89625,-6.4935
60.798746824264526,6.4544220274320026,-89.83917710873274,42.957939900256335,6.4544220274320026,-89.83917710873274,42.957939900256335,2.708332412389252e-17,-0.6342501727036071,0.7686162014860468,-0.08340175800668266,-1.443999999999999,60.206250000000004,4.258750000000003,27.25175,32.9545,-28.69575,-6.4935
60.86431956291199,6.4544220274320026,-89.83917710873274,42.957939900256335,6.4544220274320026,-89.83917710873274,42.957939900256335,2.708332412389252e-17,-0.6342501727036071,0.7686162014860468,-0.08340175800668266,-2.573999999999998,54.4855,3.3019999999999996,24.304750000000002,30.18075,-26.87875,-6.4935
60.91815161705017,6.304539413061093,-89.54762810926992,42.70370697001013,6.304539413061093,-89.54762810926992,42.70370697001013,2.2563646341235073e-17,-0.6340242489583942,0.7688134487405964,-0.08330145718014008,-1.7414999999999985,52.10475,4.036750000000001,23.16325,28.9415,-24.90475,-6.4935
60.98164963722229,6.304539413061093,-89.54762810926992,42.70370697001013,6.304539413061093,-89.54762810926992,42.70370697001013,2.2563646341235073e-17,-0.6340242489583942,0.7688134487405964,-0.08330145718014008,-1.0012500000000024,42.21025,4.6469999999999985,18.281,23.92925,-19.28225,-6.4935
61.113611459732056,6.09520664563783,-89.59672658893112,42.606397506041354,6.09520664563783,-89.59672658893112,42.606397506041354,-1.3527698530503956e-17,-0.6332875837328233,0.7694095808234347,-0.08340103852440142,-1.6962499999999991,29.350500000000004,3.3942500000000013,12.13,17.2205,-13.82625,-6.4935
61.17247724533081,6.170130526963533,-89.63499727189267,42.85503733960137,6.170130526963533,-89.63499727189267,42.85503733960137,2.254601042191368e-17,-0.6331352898380729,0.7694148292820516,-0.08450162863833291,-1.1839999999999993,23.394,4.4085,8.90075,14.49325,-10.08475,-6.4935
61.23315954208374,6.170130526963533,-89.63499727189267,42.85503733960137,6.170130526963533,-89.63499727189267,42.85503733960137,2.254601042191368e-17,-0.6331352898380729,0.7694148292820516,-0.08450162863833291,-1.4492500000000001,14.745249999999999,3.2295,5.03325,9.712,-6.4825,-6.4935
61.30123543739319,6.231407080324146,-89.50507421554208,42.92896421858841,6.231407080324146,-89.50507421554208,42.92896421858841,-9.020881785346261e-18,-0.6334321277373602,0.769203506821133,-0.08420038387199613,-1.9922499999999994,13.213750000000001,1.6380000000000008,4.79175,8.422,-6.784,-6.4935
61.35425305366516,6.231407080324146,-89.50507421554208,42.92896421858841,6.231407080324146,-89.50507421554208,42.92896421858841,-9.020881785346261e-18,-0.6334321277373602,0.769203506821133,-0.08420038387199613,-1.6130000000000004,15.88625,1.7952499999999993,6.239,9.64725,-7.852,-6.4935
61.48081827163696,6.358296405690027,-89.5746280195373,43.03124504503202,6.358296405690027,-89.5746280195373,43.03124504503202,0.0,-0.6330751179779521,0.7695082413443103,-0.08410090071092462,-2.5482500000000012,31.466749999999998,0.599499999999999,14.1595,17.30725,-16.70775,-6.4935
61.54287242889404,6.251566254570719,-89.62627509590189,42.784382220076466,6.251566254570719,-89.62627509590189,42.784382220076466,9.016003572732366e-18,-0.6329792479831915,0.7696196932411311,-0.0838021443523997,-1.6910000000000025,38.17725,1.7842500000000001,17.351,20.82625,-19.042,-6.4935
61.612539291381836,6.251566254570719,-89.62627509590189,42.784382220076466,6.251566254570719,-89.62627509590189,42.784382220076466,9.016003572732366e-18,-0.6329792479831915,0.7696196932411311,-0.0838021443523997,-1.8512500000000003,40.238,2.0127500000000005,18.187,22.051000000000002,-20.03825,-6.4935
61.67829513549805,6.067247933746131,-89.47183672445712,42.629219254024946,6.067247933746131,-89.47183672445712,42.629219254024946,9.019613893821985e-18,-0.6334065354948499,0.7693116341332579,-0.08340126125921446,-1.6724999999999994,42.72475,2.40475,19.32375,23.401,-20.99625,-6.4935
61.73853611946106,6.067247933746131,-89.47183672445712,42.629219254024946,6.067247933746131,-89.47183672445712,42.629219254024946,9.019613893821985e-18,-0.6334065354948499,0.7693116341332579,-0.08340126125921446,-2.9559999999999995,48.667500000000004,2.7865,21.462500000000002,27.205000000000002,-24.4185,-6.4935
61.862274408340454,6.0281266214659865,-89.38365176053645,42.677103855555984,6.0281266214659865,-89.38365176053645,42.677103855555984,9.024269970206813e-18,-0.6338355181331093,0.7689147074295924,-0.08380160291663394,-1.4830000000000005,56.2205,0.5154999999999994,27.111,29.1095,-28.594,-6.4935
61.934529304504395,6.30773251610799,-89.36253600543775,42.72882105354732,6.30773251610799,-89.36253600543775,42.72882105354732,-9.02549445879212e-18,-0.6338958148021542,0.7688103887923565,-0.08430113914567593,-1.2429999999999986,59.06875,0.4262499999999996,28.69975,30.369,-29.94275,-6.4935
61.98758149147034,6.30773251610799,-89.36253600543775,42.72882105354732,6.30773251610799,-89.36253600543775,42.72882105354732,-9.02549445879212e-18,-0.6338958148021542,0.7688103887923565,-0.08430113914567593,-1.5897500000000022,62.00625,-0.7240000000000038,30.57025,31.436,-32.160000000000004,-6.4935
62.046531200408936,6.63197533878386,-89.35249300524826,43.07547034330628,6.63197533878386,-89.35249300524826,43.07547034330628,-9.026682615989296e-18,-0.6338847793391273,0.7687091924131807,-0.08530102005053244,0.6805000000000021,64.96875,-1.416249999999998,33.53275,31.436,-32.85225,-6.4935
62.108168601989746,6.63197533878386,-89.35249300524826,43.07547034330628,6.63197533878386,-89.35249300524826,43.07547034330628,-9.026682615989296e-18,-0.6338847793391273,0.7687091924131807,-0.08530102005053244,1.579500000000003,65.8755,-1.4239999999999995,34.4395,31.436,-32.86,-6.4935
62.240149974823,6.3603195794169665,-89.40254727832598,43.108602173160186,6.3603195794169665,-89.40254727832598,43.108602173160186,0.0,-0.6336234760053715,0.768913438380131,-0.08540149257076755,2.500499999999999,64.3685,-1.5589999999999975,34.214,30.154500000000002,-31.7135,-6.4935
62.3651819229126,6.178223515041992,-89.64140584961663,42.95698553073548,6.178223515041992,-89.64140584961663,42.95698553073548,-4.508658495617367e-18,-0.6329691226458778,0.7695075941826339,-0.08490083787668051,2.5619999999999976,59.873999999999995,-1.9295000000000009,32.18275,27.69125,-29.62075,-6.4935
62.432841777801514,6.215584124722255,-89.71327325187866,43.02797328556987,6.215584124722255,-89.71327325187866,43.02797328556987,9.016086592365686e-18,-0.6328144976711814,0.7696126066249958,-0.08510139400180242,3.4229999999999983,58.47025,-1.6917500000000025,31.7925,26.67775,-28.369500000000002,-6.4935
62.48103618621826,6.215584124722255,-89.71327325187866,43.02797328556987,6.215584124722255,-89.71327325187866,43.02797328556987,9.016086592365686e-18,-0.6328144976711814,0.7696126066249958,-0.08510139400180242,4.85125,57.698750000000004,-2.687999999999999,32.619,25.07975,-27.76775,-6.4935
62.54305362701416,6.051841919314484,-89.54077672884857,42.86054138983092,6.051841919314484,-89.54077672884857,42.86054138983092,-2.254884331189904e-17,-0.6332660298684636,0.7693181650082213,-0.08440199288534234,5.088000000000001,56.34425,-4.300750000000001,32.8665,23.47775,-27.7785,-6.4935
62.65429759025574,6.051841919314484,-89.54077672884857,42.86054138983092,6.051841919314484,-89.54077672884857,42.86054138983092,-2.254884331189904e-17,-0.6332660298684636,0.7693181650082213,-0.08440199288534234,7.39575,58.634,-7.889749999999999,36.95975,21.67425,-29.564,-6.4935
62.72550344467163,5.912774534283443,-89.57007845895234,42.77165004585666,5.912774534283443,-89.57007845895234,42.77165004585666,0.0,-0.6330868176089841,0.7695095234731969,-0.08400103959941334,8.63925,59.43175,-10.979499999999998,39.52525,19.9065,-30.886,-6.4935
62.80604958534241,5.923282679816822,-89.563089078367,42.750656536467275,5.923282679816822,-89.563089078367,42.750656536467275,-4.509228585653466e-18,-0.633194108828149,0.7694103073399261,-0.0841011266536103,7.559249999999999,58.636250000000004,-15.6765,40.936,17.70025,-33.37675,-6.4935
62.864235162734985,5.923282679816822,-89.563089078367,42.750656536467275,5.923282679816822,-89.563089078367,42.750656536467275,-4.509228585653466e-18,-0.633194108828149,0.7694103073399261,-0.0841011266536103,9.463500000000003,61.388000000000005,-17.245,44.04825,17.33975,-34.58475,-6.4935
62.92640781402588,6.0633771413644695,-89.54330592589744,42.7702056725617,6.0633771413644695,-89.54330592589744,42.7702056725617,9.019605342641093e-18,-0.6333130742703977,0.769312363491439,-0.08410135157887695,9.769750000000002,61.702,-18.897249999999996,45.1845,16.517500000000002,-35.41475,-6.4935
63.05671668052673,6.210334852508822,-89.62587689508017,42.85438088377884,6.210334852508822,-89.62587689508017,42.85438088377884,-9.020836891098112e-18,-0.6334672301143516,0.7692073349374741,-0.08390080005363244,12.561749999999996,66.2755,-21.596750000000004,50.217,16.0585,-37.65525,-6.4935
63.114728689193726,6.210334852508822,-89.62587689508017,42.85438088377884,6.210334852508822,-89.62587689508017,42.85438088377884,-9.020836891098112e-18,-0.6334672301143516,0.7692073349374741,-0.08390080005363244,13.375499999999995,69.0105,-23.518000000000004,52.952,16.0585,-39.5765,-6.4935
63.1767783164978,6.172319787973549,-89.58372501278609,42.787462473102515,6.172319787973549,-89.58372501278609,42.787462473102515,1.354180791214815e-17,-0.6342734641443696,0.7686079232096975,-0.08330085870851911,14.191749999999999,70.06425,-23.7555,54.00575,16.0585,-39.814,-6.4935
63.237632036209106,6.172319787973549,-89.58372501278609,42.787462473102515,6.172319787973549,-89.58372501278609,42.787462473102515,1.354180791214815e-17,-0.6342734641443696,0.7686079232096975,-0.08330085870851911,16.372500000000002,73.179,-24.6895,57.1205,16.0585,-40.748,-6.4935
63.30651116371155,5.980113157169058,-89.57086524741709,42.92417837382162,5.980113157169058,-89.57086524741709,42.92417837382162,9.032590624616482e-18,-0.6347597382106215,0.7682063975086714,-0.08330069371579323,18.630750000000006,75.43725,-24.6895,59.378750000000004,16.0585,-40.748,-6.4935
63.423927783966064,5.2401044522603115,-89.49129350948702,42.427836299056544,5.2401044522603115,-89.49129350948702,42.427836299056544,9.064417126652329e-18,-0.6374886498447481,0.7655091118329749,-0.08720103795145057,23.0225,79.829,-24.6895,63.7705,16.0585,-40.748,-6.4935
63.4769549369812,5.2401044522603115,-89.49129350948702,42.427836299056544,5.2401044522603115,-89.49129350948702,42.427836299056544,9.064417126652329e-18,-0.6374886498447481,0.7655091118329749,-0.08720103795145057,24.681000000000004,80.93275,-24.13475,64.87425,16.0585,-40.19325,-6.4935
63.552106857299805,5.993136716414597,-89.26516086060774,43.09439945004337,5.993136716414597,-89.26516086060774,43.09439945004337,1.3625184264965624e-17,-0.6395461216318971,0.763904594128959,-0.08620051841067713,25.909750000000003,81.79025,-23.763500000000004,65.73175,16.0585,-39.822,-6.4935
63.608192443847656,5.993136716414597,-89.26516086060774,43.09439945004337,5.993136716414597,-89.26516086060774,43.09439945004337,1.3625184264965624e-17,-0.6395461216318971,0.763904594128959,-0.08620051841067713,27.668000000000006,80.84725,-21.062250000000002,64.78875000000001,16.0585,-37.12075,-6.4935
63.670336961746216,5.83272301520131,-89.53199436193964,42.81571086572387,5.83272301520131,-89.53199436193964,42.81571086572387,1.815718622545713e-17,-0.6391375493724868,0.7643137893445858,-0.08560154437772671,25.671,77.72725,-19.939250000000005,61.66875,16.0585,-35.99775,-6.4935
63.79857563972473,5.853965202713027,-89.55588990156625,42.71835701292045,5.853965202713027,-89.55588990156625,42.71835701292045,1.36179544432906e-17,-0.6393015246574,0.7643101538637402,-0.08440112126926556,24.957,72.2175,-16.249000000000002,56.71175,15.50575,-31.75475,-6.4935
63.85839080810547,5.853965202713027,-89.55588990156625,42.71835701292045,5.853965202713027,-89.55588990156625,42.71835701292045,1.36179544432906e-17,-0.6393015246574,0.7643101538637402,-0.08440112126926556,25.683999999999997,69.70949999999999,-14.4895,54.9415,14.768,-29.2575,-6.4935
63.91873121261597,5.9625352276604815,-89.5570748908527,42.80088667718303,5.9625352276604815,-89.5570748908527,42.80088667718303,-4.5411189099087254e-18,-0.6395709915804844,0.7640070697957893,-0.08510078748641581,25.314750000000004,65.91725,-14.811,53.0215,12.89575,-27.70675,-6.4935
63.98108220100403,5.9625352276604815,-89.5570748908527,42.80088667718303,5.9625352276604815,-89.5570748908527,42.80088667718303,-4.5411189099087254e-18,-0.6395709915804844,0.7640070697957893,-0.08510078748641581,25.2355,59.74825,-10.084750000000001,47.53425,12.214,-22.298750000000002,-6.4935
64.04478669166565,6.142818525100296,-89.43261241333079,42.92780012939885,6.142818525100296,-89.43261241333079,42.92780012939885,-1.3641184111537579e-17,-0.6405878087577604,0.7630086047337761,-0.08640097437614451,28.337249999999997,56.72425,-3.9590000000000014,44.51025,12.214,-16.173000000000002,-6.4935
64.17749071121216,5.276765994406077,-89.07663801869515,42.51278778688127,5.276765994406077,-89.07663801869515,42.51278778688127,-9.103715920370622e-18,-0.6411470997587805,0.7622045727921548,-0.08930053575221651,26.6455,47.56725,-1.6197499999999998,37.91625,9.651,-11.27075,-6.4935
64.23775005340576,5.276765994406077,-89.07663801869515,42.51278778688127,5.276765994406077,-89.07663801869515,42.51278778688127,-9.103715920370622e-18,-0.6411470997587805,0.7622045727921548,-0.08930053575221651,23.76425,41.46725,1.5990000000000002,31.81625,9.651,-8.052,-6.4935
64.29609990119934,5.670450078093467,-89.62654711232068,42.83638140702725,5.670450078093467,-89.62654711232068,42.83638140702725,-9.067928597523256e-18,-0.6376236036357582,0.7652126755610388,-0.0888014709746736,18.567750000000004,35.36725,2.5024999999999995,25.716250000000002,9.651,-7.1485,-6.4935
64.35890626907349,5.670450078093467,-89.62654711232068,42.83638140702725,5.670450078093467,-89.62654711232068,42.83638140702725,-9.067928597523256e-18,-0.6376236036357582,0.7652126755610388,-0.0888014709746736,16.625,29.26725,6.65975,19.61625,9.651,-2.99125,-6.4935
64.42030835151672,5.897096287764896,-89.52618598673158,42.57359034912749,5.897096287764896,-89.52618598673158,42.57359034912749,1.3598430471771734e-17,-0.6374730938939615,0.7654075135705528,-0.08820086581777208,16.713,24.194000000000003,11.821,14.543000000000001,9.651,2.17,-6.4935
64.54614925384521,5.761303193142311,-89.66036142235781,42.75151501837641,5.761303193142311,-89.66036142235781,42.75151501837641,-1.359480290670547e-17,-0.6372138711743046,0.7656117508498086,-0.08830135527695673,16.48925,19.367,15.645750000000001,10.10525,9.261750000000001,6.384,-6.4935
64.61043310165405,5.761303193142311,-89.66036142235781,42.75151501837641,5.761303193142311,-89.66036142235781,42.75151501837641,-1.359480290670547e-17,-0.6372138711743046,0.7656117508498086,-0.08830135527695673,18.58175,15.8915,21.21375,6.6297500000000005,9.261750000000001,11.952,-6.4935
64.6705379486084,5.769610460425838,-89.63297508969916,42.879111954443815,5.769610460425838,-89.63297508969916,42.879111954443815,3.625763741703947e-17,-0.6372947782662087,0.7655097682284459,-0.08860113058790374,20.228,14.11625,23.09475,5.62475,8.4915,14.603250000000001,-6.4935
64.72985887527466,5.769610460425838,-89.63297508969916,42.879111954443815,5.769610460425838,-89.63297508969916,42.879111954443815,3.625763741703947e-17,-0.6372947782662087,0.7655097682284459,-0.08860113058790374,17.51625,5.968500000000001,20.22075,1.6320000000000001,4.3365,15.88425,-6.4935
64.7904896736145,5.6927038524686395,-89.56440228134161,42.7777061182879,5.6927038524686395,-89.56440228134161,42.7777061182879,2.7193328110997358e-17,-0.6373675201662891,0.7655069518064298,-0.0881008000707334,16.45525,-6.079,18.80775,-4.21575,-1.86325,20.671,-6.4935
64.92668533325195,5.715473101308731,-89.51896160770968,42.67085712911565,5.715473101308731,-89.51896160770968,42.67085712911565,1.3596456724596735e-17,-0.6373809291881232,0.7655186249393625,-0.08790213864424556,29.436750000000004,-14.528500000000001,23.810250000000003,-4.4510000000000005,-10.0775,33.887750000000004,-6.4935
64.98670434951782,5.715473101308731,-89.51896160770968,42.67085712911565,5.715473101308731,-89.51896160770968,42.67085712911565,1.3596456724596735e-17,-0.6373809291881232,0.7655186249393625,-0.08790213864424556,37.336999999999996,-11.2825,24.209999999999997,0.92225,-12.20475,36.41475,-6.4935
65.05750393867493,5.744368101248909,-89.54518633464556,42.7051695565377,5.744368101248909,-89.54518633464556,42.7051695565377,1.8128668675025425e-17,-0.6373563826827889,0.7655161036139897,-0.08810185333558783,43.0885,-14.10725,19.579250000000002,4.7010000000000005,-18.80825,38.3875,-6.4935
65.11179089546204,5.744368101248909,-89.54518633464556,42.7051695565377,5.744368101248909,-89.54518633464556,42.7051695565377,1.8128668675025425e-17,-0.6373563826827889,0.7655161036139897,-0.08810185333558783,48.567,-18.597250000000003,18.947749999999996,5.511,-24.10825,43.056,-6.4935
65.17941999435425,5.642502983441602,-89.57332645902659,42.77818757605289,5.642502983441602,-89.57332645902659,42.77818757605289,1.3594780396259628e-17,-0.6372261774632686,0.7656130185614854,-0.08820149978725572,59.98,-18.607,20.724999999999998,10.324,-28.931,49.656,-6.4935
65.30963230133057,5.204004560368162,-89.51459845977642,42.1781291163457,5.204004560368162,-89.51459845977642,42.1781291163457,0.0,-0.6330310729768275,0.7707144111346348,-0.07260135753000453,77.45025,-12.364999999999998,22.11875,21.48325,-33.84825,55.967,-6.4935
65.35766959190369,5.204004560368162,-89.51459845977642,42.1781291163457,5.204004560368162,-89.51459845977642,42.1781291163457,0.0,-0.6330310729768275,0.7707144111346348,-0.07260135753000453,80.59375,-16.454750000000004,19.237499999999997,22.45075,-38.9055,58.143,-6.4935
65.42493224143982,4.705961323361009,-89.664444487418,41.88847569918739,4.705961323361009,-89.664444487418,41.88847569918739,-1.3405702072164647e-17,-0.6272962856293745,0.7764114702707389,-0.060700896761249144,85.2635,-20.011000000000003,14.100999999999999,25.57575,-45.58675,59.68775,-6.4935
65.48657631874084,4.705961323361009,-89.664444487418,41.88847569918739,4.705961323361009,-89.664444487418,41.88847569918739,-1.3405702072164647e-17,-0.6272962856293745,0.7764114702707389,-0.060700896761249144,94.03800000000001,-17.525,13.763000000000005,31.375,-48.9,62.663000000000004,-6.4935
65.55131530761719,4.548700144781833,-89.73685008262035,42.21912105526438,4.548700144781833,-89.73685008262035,42.21912105526438,-8.91769394929111e-18,-0.6254332819123658,0.7781040640510901,-0.05820030398120222,102.78025000000001,-12.091000000000001,14.476750000000003,38.10625,-50.197250000000004,64.674,-6.4935
65.67124843597412,4.681960479759113,-90.03539227328052,42.27217049934774,4.681960479759113,-90.03539227328052,42.27217049934774,-1.3333490108168001e-17,-0.6222288187350068,0.7806163856142038,-0.05890123637288828,106.5795,-12.054250000000003,9.64125,42.442,-54.49625,64.1375,-6.4935
65.81499910354614,4.475579429284778,-89.7659654000724,42.36336272488472,4.475579429284778,-89.7659654000724,42.36336272488472,0.0,-0.622547333310927,0.7806186719245823,-0.05540132516605416,103.20725,-11.86025,-5.470000000000006,48.408500000000004,-60.268750000000004,54.79875,-6.4935
65.89940857887268,4.475579429284778,-89.7659654000724,42.36336272488472,4.475579429284778,-89.7659654000724,42.36336272488472,0.0,-0.622547333310927,0.7806186719245823,-0.05540132516605416,104.8165,-6.514249999999997,-3.96425,51.133250000000004,-57.6475,53.68325,-6.4935
65.94802761077881,4.3126732556682725,-89.78012078741895,41.93890871841677,4.3126732556682725,-89.78012078741895,41.93890871841677,-4.4456191882533385e-18,-0.622752578367005,0.7804192858265807,-0.055901381442472926,103.67,2.4665000000000035,-4.2515,55.194,-52.7275,48.476,-6.4935
66.03733515739441,4.872290528735988,-90.00997390776104,42.85700242319491,4.872290528735988,-90.00997390776104,42.85700242319491,4.466888853597654e-18,-0.6257265028335047,0.7767032191005391,-0.07210029882470563,98.118,2.6525000000000034,-7.8675,54.319,-51.6665,43.799,-6.4935
66.13458919525146,4.872290528735988,-90.00997390776104,42.85700242319491,4.872290528735988,-90.00997390776104,42.85700242319491,4.466888853597654e-18,-0.6257265028335047,0.7767032191005391,-0.07210029882470563,88.34424999999999,6.504249999999999,-3.025500000000001,48.937,-42.43275,39.40725,-6.4935
66.24695777893066,4.482342289306786,-89.9419179007347,42.92264349626436,4.482342289306786,-89.9419179007347,42.92264349626436,0.0,-0.6277171067421603,0.7746138466221488,-0.07710137822691412,69.28625,1.939,-10.859250000000003,41.04225,-39.10325,28.244,-6.4935
66.31245517730713,4.4706583259068395,-89.6845776015187,42.7357225092172,4.4706583259068395,-89.6845776015187,42.7357225092172,-1.7941157498018837e-17,-0.6289449831311558,0.7735168597314258,-0.07810170232065203,60.57025,4.444500000000005,-10.864749999999997,37.939750000000004,-33.49525,22.6305,-6.4935
66.37556982040405,4.4706583259068395,-89.6845776015187,42.7357225092172,4.4706583259068395,-89.6845776015187,42.7357225092172,-1.7941157498018837e-17,-0.6289449831311558,0.7735168597314258,-0.07810170232065203,57.72025,9.480249999999998,-6.150500000000001,36.6755,-27.19525,21.04475,-6.4935
66.43603944778442,4.7327693346817625,-89.710075730908,42.591682013256445,4.7327693346817625,-89.710075730908,42.591682013256445,-4.489951787324852e-18,-0.6297184915689528,0.772713631747199,-0.07980140780823929,50.4245,10.024000000000001,-3.085000000000001,31.766750000000002,-21.74275,18.65775,-6.4935
66.5757827758789,5.024109240925668,-89.5621353142357,42.68673301085577,5.024109240925668,-89.5621353142357,42.68673301085577,-4.497513908313325e-18,-0.6310274056621679,0.7714143908572683,-0.0820015297514856,23.892500000000002,1.921750000000003,-11.53925,18.676750000000002,-16.755,5.21575,-6.4935
66.65770363807678,5.024109240925668,-89.5621353142357,42.68673301085577,5.024109240925668,-89.5621353142357,42.68673301085577,-4.497513908313325e-18,-0.6310274056621679,0.7714143908572683,-0.0820015297514856,18.07575,5.9407499999999995,-9.790000000000001,16.90325,-10.9625,1.1725,-6.4935
66.74465751647949,5.164782858513405,-89.50001187486578,42.72066841413367,5.164782858513405,-89.50001187486578,42.72066841413367,-4.499270671286339e-18,-0.631317240051588,0.7711131882096129,-0.0826014127170458,12.24925,8.97225,0.19100000000000006,10.51525,-1.543,1.734,-6.4935
66.80914664268494,5.222866308827122,-89.55518092234735,42.769481209583525,5.222866308827122,-89.55518092234735,42.769481209583525,1.3496040153611841e-17,-0.6311279119905361,0.7712144256680606,-0.08310155442559111,10.442,4.109500000000001,5.5,4.52575,-0.41625,5.91625,-6.4935
66.87346887588501,5.222866308827122,-89.55518092234735,42.769481209583525,5.222866308827122,-89.55518092234735,42.769481209583525,1.3496040153611841e-17,-0.6311279119905361,0.7712144256680606,-0.08310155442559111,12.9605,1.59525,13.664750000000002,0.4455,1.14975,12.515,-6.4935
67.03481483459473,5.01337132653407,-89.5073606569638,42.79009854725579,5.01337132653407,-89.5073606569638,42.79009854725579,8.997490792640016e-18,-0.6311285843511713,0.7712032236346683,-0.08320034777801405,23.434250000000002,5.3695,33.11475,-2.1555,7.525,25.589750000000002,-6.4935
67.12963700294495,4.8264313138761,-89.44789462833089,42.67821815082251,4.8264313138761,-89.44789462833089,42.67821815082251,0.0,-0.6313057434399215,0.7711118967190612,-0.08270127591579089,15.94025,7.041000000000002,47.949250000000006,-12.484,19.525000000000002,28.42425,-6.4935
67.20129466056824,4.817096970075966,-89.46576238335534,42.61996342263494,4.817096970075966,-89.46576238335534,42.61996342263494,2.6988595767996763e-17,-0.6311241008578439,0.7713139983520828,-0.08220149185082486,8.641000000000002,6.741000000000003,54.95,-19.784,26.525000000000002,28.425,-6.4935
67.2515778541565,4.817096970075966,-89.46576238335534,42.61996342263494,4.817096970075966,-89.46576238335534,42.61996342263494,2.6988595767996763e-17,-0.6311241008578439,0.7713139983520828,-0.08220149185082486,3.841000000000001,7.041,60.05,-24.584,31.625,28.425,-6.4935
67.31683301925659,5.000266579926944,-89.52309923441851,42.37817554134805,5.000266579926944,-89.52309923441851,42.37817554134805,8.994968006776029e-18,-0.6310729172434028,0.7714195201895181,-0.08160206487874597,-2.4877499999999984,6.469249999999999,65.807,-30.91275,37.382,28.425,-6.4935
67.44662594795227,5.1198602248727525,-89.53399900046674,42.39153799578834,5.1198602248727525,-89.53399900046674,42.39153799578834,0.0,-0.6310965059164203,0.7714108909412338,-0.08150115065038963,-8.851499999999998,6.603749999999998,67.91575,-35.08175,41.6855,26.23025,-6.4935
67.50873017311096,5.1198602248727525,-89.53399900046674,42.39153799578834,5.1198602248727525,-89.53399900046674,42.39153799578834,0.0,-0.6310965059164203,0.7714108909412338,-0.08150115065038963,-13.923749999999998,7.394750000000002,63.551,-35.04,42.43475,21.11625,-6.4935
67.58170533180237,5.375088621984617,-89.33769432290393,42.31789738963477,5.375088621984617,-89.33769432290393,42.31789738963477,4.509810761006708e-18,-0.6343017849792387,0.7693109835010332,-0.0763010893554255,-11.23875,8.600250000000003,57.037000000000006,-29.83775,38.438,18.599,-6.4935
67.62623977661133,5.375088621984617,-89.33769432290393,42.31789738963477,5.375088621984617,-89.33769432290393,42.31789738963477,4.509810761006708e-18,-0.6343017849792387,0.7693109835010332,-0.0763010893554255,-8.817499999999999,7.7747500000000045,51.16225,-26.1025,33.877250000000004,17.285,-6.4935
67.74462723731995,5.293222479687387,-89.64356788796223,42.65142294629258,5.293222479687387,-89.64356788796223,42.65142294629258,1.8015867958755797e-17,-0.6327829302344217,0.7703091430057791,-0.07880093530943194,-14.665499999999998,7.181750000000001,37.28375,-22.38375,29.5655,7.71825,-6.4935
67.87848806381226,5.079964839413947,-89.64139791912888,42.26436162027271,5.079964839413947,-89.64139791912888,42.26436162027271,0.0,-0.632687136742393,0.7705096213613051,-0.07760096900407172,-5.680250000000001,7.74925,23.3655,-10.64825,18.3975,4.968,-6.4935
67.99476051330566,5.002614183393462,-89.54485598329673,42.21967906619414,5.002614183393462,-89.54485598329673,42.21967906619414,1.3504909241037261e-17,-0.6323716443603072,0.7707079455397672,-0.07820080620372362,-7.2090000000000005,3.681,12.0915,-7.80975,11.49075,0.60075,-6.4935
68.05742502212524,5.328772178712427,-89.60026981569071,42.38353958391858,5.328772178712427,-89.60026981569071,42.38353958391858,4.500993105309807e-18,-0.6321627366742124,0.7708180996457692,-0.07880185035299249,-5.3535,3.97175,10.52675,-5.95425,9.926,0.60075,-6.4935
68.12420630455017,5.328772178712427,-89.60026981569071,42.38353958391858,5.328772178712427,-89.60026981569071,42.38353958391858,4.500993105309807e-18,-0.6321627366742124,0.7708180996457692,-0.07880185035299249,-0.85275,7.231249999999999,9.285499999999999,-1.4535,8.68475,0.60075,-6.4935
68.18586373329163,5.368976504257716,-89.5911494388782,42.38288312809605,5.368976504257716,-89.5911494388782,42.38288312809605,1.8004286473069016e-17,-0.6321418350388116,0.770804654134613,-0.07910047761033716,0.60075,3.7755,4.37625,0.0,3.7755,0.60075,-6.4935
68.2942533493042,5.368976504257716,-89.5911494388782,42.38288312809605,5.368976504257716,-89.5911494388782,42.38288312809605,1.8004286473069016e-17,-0.6321418350388116,0.770804654134613,-0.07910047761033716,0.60075,-0.5835,0.017249999999999988,0.0,-0.5835,0.60075,-6.4935
68.37886214256287,4.998822562240065,-89.65283968872944,42.31520468040337,4.998822562240065,-89.65283968872944,42.31520468040337,-4.500421654420997e-18,-0.632043400914398,0.7709159759609184,-0.07880163303375326,-0.09850000000000003,-0.9457499999999999,-4.08925,1.5225,-2.46825,-1.621,-6.4935
68.44797921180725,5.0261074572103155,-89.68799638787155,42.43147824150775,5.0261074572103155,-89.68799638787155,42.43147824150775,0.0,-0.6319994309397017,0.7709110836665859,-0.07920113870332544,1.9285,0.7925000000000004,-7.8565000000000005,5.28875,-4.49625,-3.36025,-6.4935
68.50979495048523,5.0261074572103155,-89.68799638787155,42.43147824150775,5.0261074572103155,-89.68799638787155,42.43147824150775,0.0,-0.6319994309397017,0.7709110836665859,-0.07920113870332544,3.3499999999999996,2.7175000000000002,-9.447,7.75725,-5.03975,-4.40725,-6.4935
68.57784986495972,5.1483266664028235,-89.62781354816788,42.37455293334381,5.1483266664028235,-89.62781354816788,42.37455293334381,-1.3503086328045852e-17,-0.6321077352991857,0.770811990903351,-0.07930123362563016,2.8645000000000005,1.904,-12.992,8.88025,-6.97625,-6.01575,-6.4935
68.71509552001953,5.201601020153078,-89.59966562926562,42.22005523791127,5.201601020153078,-89.59966562926562,42.22005523791127,3.600788803083499e-17,-0.6321736960300623,0.7708193158082671,-0.07870197217710252,14.66225,0.5507500000000007,-11.4175,13.31525,-12.7645,1.347,-6.4935
68.75778555870056,5.201601020153078,-89.59966562926562,42.22005523791127,5.201601020153078,-89.59966562926562,42.22005523791127,3.600788803083499e-17,-0.6321736960300623,0.7708193158082671,-0.07870197217710252,16.66575,-1.2677500000000013,-14.018500000000001,14.70825,-15.976,1.9575,-6.4935
68.83412146568298,5.121041771432601,-89.59265684902577,42.25827937223943,5.121041771432601,-89.59265684902577,42.25827937223943,4.500464619039349e-18,-0.6320773744467332,0.7709086162517567,-0.07860087850225463,24.455750000000002,3.715,-14.413250000000001,21.292,-17.577,3.1637500000000003,-6.4935
68.87734937667847,5.121041771432601,-89.59265684902577,42.25827937223943,5.121041771432601,-89.59265684902577,42.25827937223943,4.500464619039349e-18,-0.6320773744467332,0.7709086162517567,-0.07860087850225463,29.149250000000002,6.393750000000001,-16.428,25.985500000000002,-19.59175,3.1637500000000003,-6.4935
68.944748878479,4.981823788771607,-89.59670904526469,42.20629925094826,4.981823788771607,-89.59670904526469,42.20629925094826,-4.499893415283855e-18,-0.6319580322490918,0.7710064732132683,-0.07860065991512695,33.22925,10.192250000000001,-16.7095,30.0655,-19.87325,3.1637500000000003,-6.4935
69.06478333473206,5.09301937796576,-89.52681142879928,42.21854115260662,5.09301937796576,-89.52681142879928,42.21854115260662,9.00208624615216e-18,-0.6321857473592226,0.7708095339425546,-0.07870097343186175,40.32575,11.165250000000004,-17.79,34.6405,-23.47525,5.68525,-6.4935
69.12098860740662,5.09301937796576,-89.52681142879928,42.21854115260662,5.09301937796576,-89.52681142879928,42.21854115260662,9.00208624615216e-18,-0.6321857473592226,0.7708095339425546,-0.07870097343186175,42.877,12.98675,-18.43725,37.1505,-24.16375,5.7265,-6.4935
69.20480132102966,5.1019849725175845,-89.49359931323261,42.31506355152998,5.1019849725175845,-89.49359931323261,42.31506355152998,-2.700960337985953e-17,-0.6323269142188235,0.7707140833931766,-0.07850143447043513,46.37350000000001,12.947500000000002,-19.424500000000002,39.37275,-26.425250000000002,7.00075,-6.4935
69.24885940551758,5.1019849725175845,-89.49359931323261,42.31506355152998,5.1019849725175845,-89.49359931323261,42.31506355152998,-2.700960337985953e-17,-0.6323269142188235,0.7707140833931766,-0.07850143447043513,50.013250000000006,13.646000000000004,-22.35125,43.005250000000004,-29.35925,7.008,-6.4935
69.31924033164978,4.969182318976721,-89.5481467665892,42.41143798042486,4.969182318976721,-89.5481467665892,42.41143798042486,9.00208624615216e-18,-0.6321857473592226,0.7708095339425546,-0.07870097343186175,51.86375,14.551749999999998,-22.980500000000003,44.698,-30.146250000000002,7.16575,-6.4935
69.43768095970154,5.067910270485669,-89.59827482767294,42.42987623096082,5.067910270485669,-89.59827482767294,42.42987623096082,-3.151170257866698e-17,-0.6322169874758109,0.7707018877525423,-0.07950019472729614,61.52025,19.353249999999996,-23.025000000000006,51.94925,-32.596000000000004,9.571,-6.4935
69.5031111240387,5.067910270485669,-89.59827482767294,42.42987623096082,5.067910270485669,-89.59827482767294,42.42987623096082,-3.151170257866698e-17,-0.6322169874758109,0.7707018877525423,-0.07950019472729614,63.288000000000004,20.963750000000005,-23.043749999999996,53.64775,-32.684,9.64025,-6.4935
69.5681140422821,5.017574293481857,-89.67750841973293,42.35924813946499,5.017574293481857,-89.67750841973293,42.35924813946499,3.152351340884584e-17,-0.6326188302449987,0.7704131309443555,-0.07910134820573538,68.29275,20.840249999999997,-23.6815,56.40725,-35.567,11.8855,-6.4935
69.62510466575623,5.017574293481857,-89.67750841973293,42.35924813946499,5.017574293481857,-89.67750841973293,42.35924813946499,3.152351340884584e-17,-0.6326188302449987,0.7704131309443555,-0.07910134820573538,69.87425,20.84825,-24.569,57.64575,-36.7975,12.2285,-6.4935
69.69209885597229,4.886821920560948,-89.72720329129797,42.343943345586176,4.886821920560948,-89.72720329129797,42.343943345586176,-4.5068668920870285e-18,-0.6333233558261188,0.7698134946131039,-0.07930139013096799,75.149,20.790000000000006,-25.336499999999997,60.637750000000004,-39.84775,14.51125,-6.4935
69.82000160217285,4.96692937639159,-89.65846346994326,42.416452879307315,4.96692937639159,-89.65846346994326,42.416452879307315,9.02069542848363e-18,-0.633778529207286,0.7692193976527651,-0.08140205274172528,79.39125,20.748500000000007,-29.249249999999996,64.6945,-43.946,14.69675,-6.4935
69.86814713478088,4.96692937639159,-89.65846346994326,42.416452879307315,4.96692937639159,-89.65846346994326,42.416452879307315,9.02069542848363e-18,-0.633778529207286,0.7692193976527651,-0.08140205274172528,83.396,22.034250000000007,-31.968249999999998,68.69925,-46.665,14.69675,-6.4935
69.94099593162537,5.08396501107913,-89.70529113455585,42.53565787098225,5.08396501107913,-89.70529113455585,42.53565787098225,1.3529516086529626e-17,-0.6335570558345409,0.7693062182928837,-0.08230066523528445,86.99024999999999,25.052749999999996,-32.544,72.2935,-47.24075,14.69675,-6.4935
70.037912607193,5.08396501107913,-89.70529113455585,42.53565787098225,5.08396501107913,-89.70529113455585,42.53565787098225,1.3529516086529626e-17,-0.6335570558345409,0.7693062182928837,-0.08230066523528445,88.56025,26.622750000000003,-32.544,73.8635,-47.24075,14.69675,-6.4935
70.12300109863281,4.9490020597012006,-89.7487774381365,42.19640288847462,4.9490020597012006,-89.7487774381365,42.19640288847462,1.8090893911220885e-17,-0.6364391430730104,0.7671145425935394,-0.0805015261097379,93.833,31.945749999999997,-32.58925,79.184,-47.23825,14.649000000000001,-6.4935
70.25361561775208,3.191471658943783,-90.13997844800299,42.153406838738235,3.191471658943783,-90.13997844800299,42.153406838738235,4.493486379451839e-18,-0.6304510355192195,0.7721058124976118,-0.07990060150052997,89.01450000000001,31.268500000000003,-31.800500000000007,76.04175000000001,-44.773250000000004,12.97275,-6.4935
70.31072664260864,2.5920845072874954,-90.12899692613038,41.54742462067673,2.5920845072874954,-90.12899692613038,41.54742462067673,2.2447100483541864e-17,-0.6297447374094196,0.7728051457018693,-0.07870052402528095,87.0215,31.36075000000001,-31.656749999999995,75.01950000000001,-43.65875,12.002,-6.4935
70.38111782073975,2.5920845072874954,-90.12899692613038,41.54742462067673,2.5920845072874954,-90.12899692613038,41.54742462067673,2.2447100483541864e-17,-0.6297447374094196,0.7728051457018693,-0.07870052402528095,82.09225,30.328249999999997,-30.059000000000005,71.23975,-40.911500000000004,10.852500000000001,-6.4935
70.4489643573761,2.935515364441841,-90.12381231029906,41.93540447339193,2.935515364441841,-90.12381231029906,41.93540447339193,0.0,-0.629830243378932,0.77271496260413,-0.07890152782382018,79.87750000000001,28.151500000000006,-30.022000000000002,69.02550000000001,-40.874,10.852,-6.4935
70.50875473022461,2.935515364441841,-90.12381231029906,41.93540447339193,2.935515364441841,-90.12381231029906,41.93540447339193,0.0,-0.629830243378932,0.77271496260413,-0.07890152782382018,76.17675,28.541249999999998,-29.994999999999997,67.3565,-38.81525,8.82025,-6.4935
70.63343358039856,2.9250863901367268,-90.16731619487679,41.910937178453786,2.9250863901367268,-90.16731619487679,41.910937178453786,0.0,-0.6296663682238272,0.7728076412466901,-0.079300784097907,65.93525,26.69225,-30.633999999999997,61.63075,-34.9385,4.3045,-6.4935
70.70185995101929,3.404667314068746,-89.48861841911705,41.56240960912921,3.404667314068746,-89.48861841911705,41.56240960912921,-1.8065018194992794e-17,-0.635125100458714,0.7682133313135027,-0.08040139525853375,58.816,29.290499999999998,-28.161500000000004,58.134,-28.843500000000002,0.682,-6.4935
70.75896191596985,3.404667314068746,-89.48861841911705,41.56240960912921,3.404667314068746,-89.48861841911705,41.56240960912921,-1.8065018194992794e-17,-0.635125100458714,0.7682133313135027,-0.08040139525853375,49.29825,28.544000000000004,-27.05825,52.450250000000004,-23.90625,-3.152,-6.4935
70.82783246040344,3.5192975522612358,-89.8500748215211,42.03770864936919,3.5192975522612358,-89.8500748215211,42.03770864936919,9.05381322125071e-18,-0.6366545854641507,0.7664056828144592,-0.08540063323637108,41.51175,23.134750000000004,-26.054,45.35025,-22.2155,-3.8385000000000002,-6.4935
70.8735671043396,3.5192975522612358,-89.8500748215211,42.03770864936919,3.5192975522612358,-89.8500748215211,42.03770864936919,9.05381322125071e-18,-0.6366545854641507,0.7664056828144592,-0.08540063323637108,37.9845,20.93775,-24.72375,41.823,-20.88525,-3.8385000000000002,-6.4935
70.99851727485657,4.270837606806623,-89.90828601944008,42.47072019985102,4.270837606806623,-89.90828601944008,42.47072019985102,1.8112116025591627e-17,-0.6361498731994307,0.7662157082146419,-0.09070185948194734,35.94475,19.230999999999998,-20.067249999999998,37.6215,-18.3905,-1.67675,-6.4935
71.07082295417786,4.044423022273406,-89.84084961458416,42.336971303740654,4.044423022273406,-89.84084961458416,42.336971303740654,-1.8107480183066375e-17,-0.6360130419184074,0.766411873298229,-0.09000139430694233,36.76925,23.958000000000002,-11.60975,36.1685,-12.2105,0.60075,-6.4935
71.11766767501831,4.044423022273406,-89.84084961458416,42.336971303740654,4.044423022273406,-89.84084961458416,42.336971303740654,-1.8107480183066375e-17,-0.6360130419184074,0.766411873298229,-0.09000139430694233,34.35275,26.289,-6.86225,33.752,-7.463,0.60075,-6.4935
71.18205761909485,4.069171125331735,-89.8018213292882,42.109893510150286,4.069171125331735,-89.8018213292882,42.109893510150286,1.3568125224397738e-17,-0.63526097904562,0.7671170986205904,-0.08930199049252871,28.25175,22.603749999999998,-4.4465,27.651,-5.04725,0.60075,-6.4935
71.24257826805115,4.069171125331735,-89.8018213292882,42.109893510150286,4.069171125331735,-89.8018213292882,42.109893510150286,1.3568125224397738e-17,-0.63526097904562,0.7671170986205904,-0.08930199049252871,22.45175,18.506999999999998,-2.7432499999999997,21.851,-3.344,0.60075,-6.4935
71.38442373275757,3.902811100503868,-89.74818688612993,41.95873899104361,3.902811100503868,-89.74818688612993,41.95873899104361,-2.2598949789019605e-17,-0.6348162455278907,0.7676124298571061,-0.08820142823527456,10.21975,9.01825,0.0,9.619,-0.60075,0.60075,-6.4935
71.49996018409729,3.851567665307101,-89.65203353794081,42.136583428632356,3.851567665307101,-89.65203353794081,42.136583428632356,1.3557522712226058e-17,-0.6347589741539964,0.7677170141470382,-0.08770194365076886,6.3395,5.138000000000001,0.0,5.7387500000000005,-0.60075,0.60075,-6.4935
71.55545282363892,4.178312561492703,-89.71288655755436,42.26081982756831,4.178312561492703,-89.71288655755436,42.26081982756831,1.806731519527117e-17,-0.6343454710094804,0.7681156639945453,-0.08720177828449988,1.85325,0.6517499999999999,0.0,1.2525,-0.60075,0.60075,-6.4935
71.62479782104492,4.178312561492703,-89.71288655755436,42.26081982756831,4.178312561492703,-89.71288655755436,42.26081982756831,1.806731519527117e-17,-0.6343454710094804,0.7681156639945453,-0.08720177828449988,0.60075,-0.60075,0.0,0.0,-0.60075,0.60075,-6.4935
71.68720936775208,4.131411073633814,-89.74046129481931,42.0519182136411,4.131411073633814,-89.74046129481931,42.0519182136411,-1.354343619967373e-17,-0.6339432460714647,0.768515515738287,-0.08660174842281805,0.60075,-0.60075,0.0,0.0,-0.60075,0.60075,-6.4935
71.8202691078186,4.072153821586852,-89.67441387289863,42.0823536557682,4.072153821586852,-89.67441387289863,42.0823536557682,-4.515069795596097e-18,-0.6340378484296582,0.7684149102938872,-0.08680168429660258,0.60075,-0.60075,0.0,0.0,-0.60075,0.60075,-6.4935
71.88224649429321,4.072153821586852,-89.67441387289863,42.0823536557682,4.072153821586852,-89.67441387289863,42.0823536557682,-4.515069795596097e-18,-0.6340378484296582,0.7684149102938872,-0.08680168429660258,0.60075,-0.60075,0.0,0.0,-0.60075,0.60075,-6.4935
71.95240139961243,4.009548996449752,-89.74431928388529,42.151591430027196,4.009548996449752,-89.74431928388529,42.151591430027196,-9.026671081734e-18,-0.633693599755411,0.7687101746676567,-0.08670114757862081,0.60075,-0.60075,0.0,0.0,-0.60075,0.60075,-6.4935
72.00666928291321,4.009548996449752,-89.74431928388529,42.151591430027196,4.009548996449752,-89.74431928388529,42.151591430027196,-9.026671081734e-18,-0.633693599755411,0.7687101746676567,-0.08670114757862081,0.60075,-0.60075,0.0,0.0,-0.60075,0.60075,-6.4935
72.12864780426025,3.949212603550933,-89.79946693975776,42.107793533459805,3.949212603550933,-89.79946693975776,42.107793533459805,-9.024324778390049e-18,-0.633492067278804,0.7689100375158633,-0.08640112789877825,0.60075,-0.60075,0.0,0.0,-0.60075,0.60075,-6.51225
72.25256180763245,4.030049813051619,-89.7136363653675,42.157778111681324,4.030049813051619,-89.7136363653675,42.157778111681324,9.027934212911759e-18,-0.6338241623284232,0.7686026216255784,-0.08670029572591417,0.60075,-0.60075,0.0,0.0,-0.60075,0.60075,-6.57375
72.32728934288025,3.6903775816110453,-89.16626807392416,41.60315145463124,3.6903775816110453,-89.16626807392416,41.60315145463124,2.2569669828959145e-17,-0.6337761219990978,0.7686082645971998,-0.0870009354930476,0.60075,-0.60075,0.0,0.0,-0.60075,0.60075,-6.61125
72.40960621833801,3.6903775816110453,-89.16626807392416,41.60315145463124,3.6903775816110453,-89.16626807392416,41.60315145463124,2.2569669828959145e-17,-0.6337761219990978,0.7686082645971998,-0.0870009354930476,0.60075,-0.60075,0.0,0.0,-0.60075,0.60075,-6.64075
72.51198315620422,4.117983460396317,-88.63806927131307,41.769161205394525,4.117983460396317,-88.63806927131307,41.769161205394525,4.508644614350195e-18,-0.6327904739212111,0.7695099633515127,-0.08620111610253461,0.60075,-0.60075,0.0,0.0,-0.60075,0.60075,-6.70325
72.63415241241455,4.044966713716434,-87.92274440424588,41.599223307150524,4.044966713716434,-87.92274440424588,41.599223307150524,1.8036672472166828e-17,-0.6330880477211178,0.7694206250753777,-0.0848022732082038,0.60075,-0.60075,0.0,0.0,-0.60075,0.60075,-6.76375
72.76071810722351,4.2156471743651025,-87.51548827329148,42.0203059880492,4.2156471743651025,-87.51548827329148,42.0203059880492,-4.506301041662241e-18,-0.6326920844977232,0.7699101591033156,-0.0833010991730175,0.60075,-0.60075,0.0,0.0,-0.60075,0.60075,-6.82775
72.87225985527039,4.015992249377263,-87.1652736307484,41.817852005434574,4.015992249377263,-87.1652736307484,41.817852005434574,-2.2548938531982525e-17,-0.6333364639404131,0.7693149163169448,-0.08390162677627931,0.60075,-0.60075,0.0,0.0,-0.60075,0.60075,-6.88375
72.93780636787415,3.906952632582744,-86.04459824369607,41.87439436853026,3.906952632582744,-86.04459824369607,41.87439436853026,1.3523993186129865e-17,-0.6328853238988115,0.7696203859770931,-0.08450223832518758,0.60075,-0.60075,0.0,0.0,-0.60075,0.60075,-6.91625
73.0126748085022,3.906952632582744,-86.04459824369607,41.87439436853026,3.906952632582744,-86.04459824369607,41.87439436853026,1.3523993186129865e-17,-0.6328853238988115,0.7696203859770931,-0.08450223832518758,0.60075,-0.60075,0.0,0.0,-0.60075,0.60075,-6.95375
73.12232255935669,4.321791534702925,-85.35636448260219,41.806254986537866,4.321791534702925,-85.35636448260219,41.806254986537866,1.3534645717230622e-17,-0.6336346224332785,0.7690146512376189,-0.08440160801619642,0.60075,-0.60075,0.0,0.0,-0.60075,0.60075,-7.00875
73.25177812576294,3.9995252569412116,-84.42463702319627,41.25969447972585,3.9995252569412116,-84.42463702319627,41.25969447972585,9.025482733536634e-18,-0.6341053206873126,0.7688113875753019,-0.08270122496420068,0.60075,-0.60075,0.0,0.0,-0.60075,0.60075,-7.07325
73.32502865791321,3.6774329711425366,-84.14451039367951,41.11552225332785,3.6774329711425366,-84.14451039367951,41.11552225332785,0.0,-0.6332174964918065,0.7694128649386215,-0.083901402870224,0.60075,-0.60075,0.0,0.0,-0.60075,0.60075,-7.10975
73.38368487358093,3.6774329711425366,-84.14451039367951,41.11552225332785,3.6774329711425366,-84.14451039367951,41.11552225332785,0.0,-0.6332174964918065,0.7694128649386215,-0.083901402870224,0.60075,-0.60075,0.0,0.0,-0.60075,0.60075,-7.1392500000000005
73.49721193313599,3.629797697347044,-83.68227327325553,40.354820126873236,3.629797697347044,-83.68227327325553,40.354820126873236,0.0,-0.6329321531436667,0.7701145375165883,-0.07950150075648459,0.60075,-0.60075,0.0,0.0,-0.60075,0.60075,-7.19575
73.5644302368164,4.116071777861947,-82.74951273107867,41.05166680267595,4.116071777861947,-82.74951273107867,41.05166680267595,-4.5110021133170224e-18,-0.6337718752491742,0.7691078090412301,-0.08250083766207447,0.60075,-0.60075,0.0,0.0,-0.60075,0.60075,-7.22925
73.69640016555786,3.555311389196504,-82.00516759020803,40.204260112965486,3.555311389196504,-82.00516759020803,40.204260112965486,-9.022038340276247e-18,-0.6340452736029953,0.7691049009324831,-0.08040051233255967,0.60075,-0.60075,0.0,0.0,-0.60075,0.60075,-7.29525
73.75672912597656,3.555311389196504,-82.00516759020803,40.204260112965486,3.555311389196504,-82.00516759020803,40.204260112965486,-9.022038340276247e-18,-0.6340452736029953,0.7691049009324831,-0.08040051233255967,0.60075,-0.60075,0.0,0.0,-0.60075,0.60075,-7.32575
73.8840491771698,3.083765207290355,-81.84891501412773,40.45848310720088,3.083765207290355,-81.84891501412773,40.45848310720088,-9.0089979067549e-18,-0.6325643793759845,0.770218172512226,-0.0814019205952937,0.60075,-0.60075,0.0,0.0,-0.60075,0.60075,-7.3892500000000005
73.99540710449219,3.7182962810171887,-80.84978229062018,40.189402975471474,3.7182962810171887,-80.84978229062018,40.189402975471474,-4.508661430055296e-18,-0.6333649024187575,0.7695070933527745,-0.08190075496503214,0.60075,-0.60075,0.0,0.0,-0.60075,0.60075,-7.445250000000001
74.06474161148071,3.6882869953348347,-80.03501346536855,40.53138426760732,3.6882869953348347,-80.03501346536855,40.53138426760732,-9.030101898345832e-18,-0.6345686984030274,0.7684181177599252,-0.08280195230416679,0.60075,-0.60075,0.0,0.0,-0.60075,0.60075,-7.47975
74.19269943237305,3.7261031104648055,-79.72350633262062,39.86330250039343,3.7261031104648055,-79.72350633262062,39.86330250039343,0.0,-0.6334614178079118,0.7696067048016542,-0.08020069870724099,0.60075,-0.60075,0.0,0.0,-0.60075,0.60075,-7.5432500000000005
74.25533556938171,3.7261031104648055,-79.72350633262062,39.86330250039343,3.7261031104648055,-79.72350633262062,39.86330250039343,0.0,-0.6334614178079118,0.7696067048016542,-0.08020069870724099,0.60075,-0.60075,0.0,0.0,-0.60075,0.60075,-7.5752500000000005
74.32631182670593,4.580880580932018,-78.940370379406,40.48519763203889,4.580880580932018,-78.940370379406,40.48519763203889,9.025482733536634e-18,-0.6341053206873126,0.7688113875753019,-0.08270122496420068,0.60075,-0.60075,0.0,0.0,-0.60075,0.60075,-7.61025
74.40612077713013,4.580880580932018,-78.940370379406,40.48519763203889,4.580880580932018,-78.940370379406,40.48519763203889,9.025482733536634e-18,-0.6341053206873126,0.7688113875753019,-0.08270122496420068,0.60075,-0.60075,0.0,0.0,-0.60075,0.60075,-7.63875
74.49533987045288,4.2149197115848835,-78.65925894363951,40.562327410905425,4.2149197115848835,-78.65925894363951,40.562327410905425,-9.027769704189024e-18,-0.6343543368831854,0.7686166275029673,-0.08260178692654839,0.60075,-0.60075,0.0,0.0,-0.60075,0.60075,-7.69475
74.63633966445923,4.467701678764854,-77.5905027853371,41.035150370541764,4.467701678764854,-77.5905027853371,41.035150370541764,1.3541618055940302e-17,-0.6342733782378905,0.7686186992473187,-0.08320202417040973,0.60075,-0.60075,0.0,0.0,-0.60075,0.60075,-7.765750000000001
74.75231218338013,3.9091655626823183,-77.49290589256407,40.47845273847163,3.9091655626823183,-77.49290589256407,40.47845273847163,-1.3534855100086608e-17,-0.6339254094946921,0.7690027546578051,-0.08230029480928132,0.60075,-0.60075,0.0,0.0,-0.60075,0.60075,-7.82325
74.81540441513062,4.437055124307193,-76.1884339863265,40.357681646879264,4.437055124307193,-76.1884339863265,40.357681646879264,9.030257160855404e-18,-0.6345456661387885,0.7684049058963827,-0.08310053055698777,0.60075,-0.60075,0.0,0.0,-0.60075,0.60075,-7.85525
74.87828946113586,4.437055124307193,-76.1884339863265,40.357681646879264,4.437055124307193,-76.1884339863265,40.357681646879264,9.030257160855404e-18,-0.6345456661387885,0.7684049058963827,-0.08310053055698777,0.60075,-0.60075,0.0,0.0,-0.60075,0.60075,-7.88625
74.95261144638062,4.032361053994663,-75.95393063248136,40.30940239161116,4.032361053994663,-75.95393063248136,40.30940239161116,-4.516860298428162e-18,-0.6350966989992133,0.7681103073214284,-0.08160109501032234,0.60075,-0.60075,0.0,0.0,-0.60075,0.60075,-7.92375
75.06289720535278,3.722342246166505,-74.65863136348668,39.470839249960704,3.722342246166505,-74.65863136348668,39.470839249960704,0.0,-0.6354186893115008,0.7680019831603663,-0.08010020683742884,0.60075,-0.60075,0.0,0.0,-0.60075,0.60075,-7.97925
75.16024875640869,3.722342246166505,-74.65863136348668,39.470839249960704,3.722342246166505,-74.65863136348668,39.470839249960704,0.0,-0.6354186893115008,0.7680019831603663,-0.08010020683742884,0.60075,-0.60075,0.0,0.0,-0.60075,0.60075,-8.01675
75.26336717605591,3.7705427494581727,-74.05867613789894,40.2472608099218,3.7705427494581727,-74.05867613789894,40.2472608099218,4.0640985024515444e-17,-0.6349275072082912,0.7683136259799552,-0.08100143655391955,0.60075,-0.60075,0.0,0.0,-0.60075,0.60075,-8.076
75.3719117641449,3.9510671398252555,-73.37291536684499,40.4182669775476,3.9510671398252555,-73.37291536684499,40.4182669775476,4.5192009097311605e-18,-0.6353175237887069,0.7677124830814402,-0.08360135936643014,0.60075,-0.60075,0.0,0.0,-0.60075,0.60075,-8.077
75.43896245956421,3.74862271275839,-73.43814482221599,39.90938450378617,3.74862271275839,-73.43814482221599,39.90938450378617,1.3545373453506149e-17,-0.6347523000921756,0.7684056029600793,-0.08150059427543786,0.60075,-0.60075,0.0,0.0,-0.60075,0.60075,-8.077
75.54399538040161,3.74862271275839,-73.43814482221599,39.90938450378617,3.74862271275839,-73.43814482221599,39.90938450378617,1.3545373453506149e-17,-0.6347523000921756,0.7684056029600793,-0.08150059427543786,0.60075,-0.60075,0.0,0.0,-0.60075,0.60075,-8.077
75.64245104789734,3.854402942456062,-73.16004236684736,39.892965998280516,3.854402942456062,-73.16004236684736,39.892965998280516,0.0,-0.6349553760608114,0.7682059146958696,-0.08180062981270785,0.60075,-0.60075,0.0,0.0,-0.60075,0.60075,-8.077
75.7773289680481,3.9129265684197208,-73.2192908047436,39.91206070463901,3.9129265684197208,-73.2192908047436,39.91206070463901,4.5156806688403564e-18,-0.6348023914085845,0.7683109604923817,-0.08200116980395065,0.60075,-0.60075,0.0,0.0,-0.60075,0.60075,-8.077
75.886483669281,3.9543722496866565,-73.1858940951827,39.86771078586994,3.9543722496866565,-73.1858940951827,39.86771078586994,-9.031289838319852e-18,-0.6348593360729698,0.7683170430944904,-0.08150180790342443,0.60075,-0.60075,0.0,0.0,-0.60075,0.60075,-8.077
75.9575719833374,4.142553618066302,-73.22108379106719,39.935897719356674,4.142553618066302,-73.22108379106719,39.935897719356674,2.7097370023843978e-17,-0.634966580921128,0.7682177898963746,-0.08160188968438449,0.60075,-0.60075,0.0,0.0,-0.60075,0.60075,-8.077
76.08778595924377,3.7497616627721015,-73.23401556311539,40.07318300308304,3.7497616627721015,-73.23401556311539,40.07318300308304,9.026652781288058e-18,-0.634509120120334,0.7687117331344923,-0.08050122872034166,0.60075,-0.60075,0.0,0.0,-0.60075,0.60075,-8.08025
76.14335703849792,3.7497616627721015,-73.23401556311539,40.07318300308304,3.7497616627721015,-73.23401556311539,40.07318300308304,9.026652781288058e-18,-0.634509120120334,0.7687117331344923,-0.08050122872034166,0.60075,-0.60075,0.0,0.0,-0.60075,0.60075,-8.10725
76.20694541931152,3.6293070285927342,-73.33440570153769,39.98423076189557,3.6293070285927342,-73.33440570153769,39.98423076189557,-3.6106791394220433e-17,-0.634373293144189,0.768707895215295,-0.08160083810272935,0.60075,-0.60075,0.0,0.0,-0.60075,0.60075,-8.13875
76.26441073417664,3.6293070285927342,-73.33440570153769,39.98423076189557,3.6293070285927342,-73.33440570153769,39.98423076189557,-3.6106791394220433e-17,-0.634373293144189,0.768707895215295,-0.08160083810272935,0.60075,-0.60075,0.0,0.0,-0.60075,0.60075,-8.16775
76.34307336807251,3.804999381087441,-73.11672108430928,39.9064772751763,3.804999381087441,-73.11672108430928,39.9064772751763,-9.027820166654003e-18,-0.6345147056785093,0.7686123311956718,-0.08140130595801151,0.60075,-0.60075,0.0,0.0,-0.60075,0.60075,-8.20675
76.45649838447571,4.143037820054246,-72.35193850936537,40.31124588419017,4.143037820054246,-72.35193850936537,40.31124588419017,0.0,-0.6337621844584757,0.7693067587882039,-0.0807007090006604,0.60075,-0.60075,0.0,0.0,-0.60075,0.60075,-8.26325
76.52370071411133,4.143037820054246,-72.35193850936537,40.31124588419017,4.143037820054246,-72.35193850936537,40.31124588419017,0.0,-0.6337621844584757,0.7693067587882039,-0.0807007090006604,0.60075,-0.60075,0.0,0.0,-0.60075,0.60075,-8.29675
76.59638381004333,3.2324949266894123,-71.5032382829609,38.990064759194865,3.2324949266894123,-71.5032382829609,38.990064759194865,9.01968891747849e-18,-0.634248480367577,0.7693052351795567,-0.07680052263328993,0.60075,-0.60075,0.0,0.0,-0.60075,0.60075,-8.33375
76.63845038414001,3.2324949266894123,-71.5032382829609,38.990064759194865,3.2324949266894123,-71.5032382829609,38.990064759194865,9.01968891747849e-18,-0.634248480367577,0.7693052351795567,-0.07680052263328993,0.60075,-0.60075,0.0,0.0,-0.60075,0.60075,-8.35425
76.71091842651367,3.91617255271629,-70.10671597580972,39.78769271087374,3.91617255271629,-70.10671597580972,39.78769271087374,-4.52453498312451e-18,-0.636771253872455,0.7668074100197841,-0.08080078081585626,0.60075,-0.60075,0.0,0.0,-0.60075,0.60075,-8.39125
76.83419990539551,4.316352833178627,-70.03106038857854,39.298681488865725,4.316352833178627,-70.03106038857854,39.298681488865725,1.8084050511857902e-17,-0.6358458719845019,0.7674048354772424,-0.08240051921204687,0.60075,-0.60075,0.0,0.0,-0.60075,0.60075,-8.45175
76.88811874389648,4.316352833178627,-70.03106038857854,39.298681488865725,4.316352833178627,-70.03106038857854,39.298681488865725,1.8084050511857902e-17,-0.6358458719845019,0.7674048354772424,-0.08240051921204687,0.60075,-0.60075,0.0,0.0,-0.60075,0.60075,-8.479750000000001
76.95126342773438,4.302659036254198,-69.5761898045468,39.448030850124525,4.302659036254198,-69.5761898045468,39.448030850124525,-1.806262853316127e-17,-0.6351404409294041,0.7683149649197601,-0.07930154460254714,0.60075,-0.60075,0.0,0.0,-0.60075,0.60075,-8.51125
77.01992726325989,4.302659036254198,-69.5761898045468,39.448030850124525,4.302659036254198,-69.5761898045468,39.448030850124525,-1.806262853316127e-17,-0.6351404409294041,0.7683149649197601,-0.07930154460254714,0.60075,-0.60075,0.0,0.0,-0.60075,0.60075,-8.54575
77.09793496131897,4.117888922539805,-69.34600283150748,39.403601552122296,4.117888922539805,-69.34600283150748,39.403601552122296,0.0,-0.6353443334086298,0.7681153331580236,-0.07960158901103848,0.60075,-0.60075,0.0,0.0,-0.60075,0.60075,-8.58425
77.22144985198975,4.8548252528104,-67.34276078354969,39.55342191929956,4.8548252528104,-67.34276078354969,39.55342191929956,-1.3591246552471774e-17,-0.6380184064184493,0.7658120846882825,-0.08040126875024535,0.60075,-0.60075,0.0,0.0,-0.60075,0.60075,-8.64575
77.31291151046753,4.39022936987314,-67.58487497613866,38.9639888159666,4.39022936987314,-67.58487497613866,38.9639888159666,-9.035968802146408e-18,-0.6355813327563266,0.7679191966952076,-0.07960198991657574,0.60075,-0.60075,0.0,0.0,-0.60075,0.60075,-8.69025
77.39402318000793,4.39022936987314,-67.58487497613866,38.9639888159666,4.39022936987314,-67.58487497613866,38.9639888159666,-9.035968802146408e-18,-0.6355813327563266,0.7679191966952076,-0.07960198991657574,0.60075,-0.60075,0.0,0.0,-0.60075,0.60075,-8.73225
77.46425127983093,4.367724155269315,-66.5176242360292,39.16037968401153,4.367724155269315,-66.5176242360292,39.16037968401153,2.2613822758550417e-17,-0.6366727216920592,0.7671075759718238,-0.07870077725066162,0.60075,-0.60075,0.0,0.0,-0.60075,0.60075,-8.76775
77.52847075462341,4.367724155269315,-66.5176242360292,39.16037968401153,4.367724155269315,-66.5176242360292,39.16037968401153,2.2613822758550417e-17,-0.6366727216920592,0.7671075759718238,-0.07870077725066162,0.60075,-0.60075,0.0,0.0,-0.60075,0.60075,-8.79975
77.6487352848053,4.19430381425542,-66.0497092926342,39.305572628297,4.19430381425542,-66.0497092926342,39.305572628297,1.3559254126485508e-17,-0.636080610410775,0.7676189824873969,-0.07850194127834893,0.60075,-0.60075,0.0,0.0,-0.60075,0.60075,-8.85975
77.72605061531067,3.8658366464320295,-65.51670453939249,39.237636977245245,3.8658366464320295,-65.51670453939249,39.237636977245245,1.3559459051068571e-17,-0.6358700291361149,0.7676073814346306,-0.08030077218499326,0.60075,-0.60075,0.0,0.0,-0.60075,0.60075,-8.89825
77.7835066318512,3.8658366464320295,-65.51670453939249,39.237636977245245,3.8658366464320295,-65.51670453939249,39.237636977245245,1.3559459051068571e-17,-0.6358700291361149,0.7676073814346306,-0.08030077218499326,0.60075,-0.60075,0.0,0.0,-0.60075,0.60075,-8.92775
77.89637756347656,4.003193217211788,-64.60390741317596,38.70048282913275,4.003193217211788,-64.60390741317596,38.70048282913275,9.038429266460499e-18,-0.6358963338426531,0.7677101517689412,-0.07910104598791616,0.60075,-0.60075,0.0,0.0,-0.60075,0.60075,-8.98375
77.95942735671997,3.78824600756937,-63.87942336998724,38.64832376250131,3.78824600756937,-63.87942336998724,38.64832376250131,-1.8114536227406336e-17,-0.6375297352081399,0.7661133375757143,-0.08140141715006284,0.60075,-0.60075,0.0,0.0,-0.60075,0.60075,-9.01525
78.0932948589325,3.6778977742355323,-63.51291056544001,38.505524492534576,3.6778977742355323,-63.51291056544001,38.505524492534576,4.518047364136547e-18,-0.6357804638982675,0.7679084950488709,-0.07810086399702675,0.60075,-0.60075,0.0,0.0,-0.60075,0.60075,-9.08225
78.14482831954956,3.6778977742355323,-63.51291056544001,38.505524492534576,3.6778977742355323,-63.51291056544001,38.505524492534576,4.518047364136547e-18,-0.6357804638982675,0.7679084950488709,-0.07810086399702675,0.60075,-0.60075,0.0,0.0,-0.60075,0.60075,-9.10775
78.21253108978271,4.2263192916219054,-62.85188651082892,38.7762291997215,4.2263192916219054,-62.85188651082892,38.7762291997215,0.0,-0.6360618400165554,0.7674064994254268,-0.08070068348140728,0.60075,-0.60075,0.0,0.0,-0.60075,0.60075,-9.14175
78.30908918380737,4.161152290642491,-62.2390985407508,39.18579502557968,4.161152290642491,-62.2390985407508,39.18579502557968,0.0,-0.6366192805410739,0.7669124323665135,-0.0810013131069078,0.60075,-0.60075,0.0,0.0,-0.60075,0.60075,-9.17775
78.39694142341614,4.161152290642491,-62.2390985407508,39.18579502557968,4.161152290642491,-62.2390985407508,39.18579502557968,0.0,-0.6366192805410739,0.7669124323665135,-0.0810013131069078,0.60075,-0.60075,0.0,0.0,-0.60075,0.60075,-9.23325
78.52626752853394,3.5730605380474003,-61.17291985601845,38.5461770905966,3.5730605380474003,-61.17291985601845,38.5461770905966,0.0,-0.6371234913155767,0.7667024307002003,-0.0790002504569138,0.60075,-0.60075,0.0,0.0,-0.60075,0.60075,-9.29825
78.60228681564331,3.4784662765352152,-61.76937450209829,37.56669060224735,3.4784662765352152,-61.76937450209829,37.56669060224735,1.3524198479337413e-17,-0.633880170287512,0.7696087033743958,-0.07680086852800624,0.60075,-0.60075,0.0,0.0,-0.60075,0.60075,-9.33625
78.68386268615723,3.4784662765352152,-61.76937450209829,37.56669060224735,3.4784662765352152,-61.76937450209829,37.56669060224735,1.3524198479337413e-17,-0.633880170287512,0.7696087033743958,-0.07680086852800624,0.60075,-0.60075,0.0,0.0,-0.60075,0.60075,-9.36575
78.7704246044159,4.10337329512447,-60.597561008160696,38.04097359113021,4.10337329512447,-60.597561008160696,38.04097359113021,9.050215365815704e-18,-0.6372002544676408,0.7667103625087952,-0.07830105828151646,0.60075,-0.60075,0.0,0.0,-0.60075,0.60075,-9.42025
78.83438372612,3.8852943547062466,-59.05094177662525,37.94657799594302,3.8852943547062466,-59.05094177662525,37.94657799594302,9.06208785933833e-18,-0.638357838215411,0.7657058739236139,-0.078700603732256,0.60075,-0.60075,0.0,0.0,-0.60075,0.60075,-9.45225
78.96100401878357,3.9051346680531083,-58.28962046198873,37.095345819714694,3.9051346680531083,-58.28962046198873,37.095345819714694,-4.529839637662258e-18,-0.6383929994985788,0.7659094426009556,-0.07640094191763024,0.60075,-0.60075,0.0,0.0,-0.60075,0.60075,-9.51575
79.02803158760071,3.9051346680531083,-58.28962046198873,37.095345819714694,3.9051346680531083,-58.28962046198873,37.095345819714694,-4.529839637662258e-18,-0.6383929994985788,0.7659094426009556,-0.07640094191763024,0.60075,-0.60075,0.0,0.0,-0.60075,0.60075,-9.54925
79.1007604598999,4.482750524359545,-57.93488177034551,37.64070843595696,4.482750524359545,-57.93488177034551,37.64070843595696,3.6248240869236605e-17,-0.6382807477655428,0.7657082095585139,-0.0793008502259242,0.60075,-0.60075,0.0,0.0,-0.60075,0.60075,-9.58525
79.19032526016235,3.9709650053352163,-57.08972906387349,37.53730396187569,3.9709650053352163,-57.08972906387349,37.53730396187569,2.264303990633879e-17,-0.6379737255239808,0.7661177488324704,-0.07780180245289936,0.60075,-0.60075,0.0,0.0,-0.60075,0.60075,-9.62925
79.2629919052124,3.9709650053352163,-57.08972906387349,37.53730396187569,3.9709650053352163,-57.08972906387349,37.53730396187569,2.264303990633879e-17,-0.6379737255239808,0.7661177488324704,-0.07780180245289936,0.60075,-0.60075,0.0,0.0,-0.60075,0.60075,-9.66675
79.4031114578247,4.1671677755382746,-56.659579433945,37.09755884383911,4.1671677755382746,-56.659579433945,37.09755884383911,9.060886277099096e-18,-0.6382729220335382,0.7658074157099743,-0.07840075919517103,0.60075,-0.60075,0.0,0.0,-0.60075,0.60075,-9.73675
79.47522640228271,4.453655988672608,-56.16553494322922,37.286356473401824,4.453655988672608,-56.16553494322922,37.286356473401824,-4.5316317455248346e-18,-0.6384646133555139,0.7656065511898289,-0.07880067428651845,0.60075,-0.60075,0.0,0.0,-0.60075,0.60075,-9.77225
79.531747341156,4.453655988672608,-56.16553494322922,37.286356473401824,4.453655988672608,-56.16553494322922,37.286356473401824,-4.5316317455248346e-18,-0.6384646133555139,0.7656065511898289,-0.07880067428651845,0.60075,-0.60075,0.0,0.0,-0.60075,0.60075,-9.80175
79.63644456863403,4.333212545244976,-55.431144081357544,38.13267995702654,4.333212545244976,-55.431144081357544,38.13267995702654,9.060885282970475e-18,-0.6379734363434237,0.7658074997316836,-0.0808007913010186,0.60075,-0.60075,0.0,0.0,-0.60075,0.60075,-9.8165
79.71735906600952,4.330090708746383,-55.12195834139767,37.51478479412078,4.330090708746383,-55.12195834139767,37.51478479412078,4.525061377332622e-18,-0.6372763473895443,0.766718208361351,-0.07760184292270877,0.60075,-0.60075,0.0,0.0,-0.60075,0.60075,-9.8165
79.84611535072327,3.979024251779265,-54.77909248095261,37.38176094462827,3.979024251779265,-54.77909248095261,37.38176094462827,4.530402720713544e-18,-0.6382400394260763,0.7658142478351619,-0.07860146236594896,0.60075,-0.60075,0.0,0.0,-0.60075,0.60075,-9.8165
79.88546466827393,3.979024251779265,-54.77909248095261,37.38176094462827,3.979024251779265,-54.77909248095261,37.38176094462827,4.530402720713544e-18,-0.6382400394260763,0.7658142478351619,-0.07860146236594896,0.60075,-0.60075,0.0,0.0,-0.60075,0.60075,-9.8165
79.96630573272705,3.803889677124886,-54.58153682061855,37.32176392944741,3.803889677124886,-54.58153682061855,37.32176392944741,2.719327900237611e-17,-0.6385823478573658,0.7655083342432795,-0.07880085792079741,0.60075,-0.60075,0.0,0.0,-0.60075,0.60075,-9.8165
80.0137689113617,3.803889677124886,-54.58153682061855,37.32176392944741,3.803889677124886,-54.58153682061855,37.32176392944741,2.719327900237611e-17,-0.6385823478573658,0.7655083342432795,-0.07880085792079741,0.60075,-0.60075,0.0,0.0,-0.60075,0.60075,-9.8165
80.09203815460205,3.8421422553449247,-54.73323221488984,37.25229992714114,3.8421422553449247,-54.73323221488984,37.25229992714114,0.0,-0.6382838515917222,0.7658085258618565,-0.07830087173541836,0.60075,-0.60075,0.0,0.0,-0.60075,0.60075,-9.8165
80.21489572525024,3.7659596723644597,-54.853240484739075,37.46954225547108,3.7659596723644597,-54.853240484739075,37.46954225547108,4.529227186085211e-18,-0.6379272800993782,0.7660130104783711,-0.07920134520872976,3.2192499999999997,-1.004,0.5817499999999998,0.81675,-1.82075,2.4025,-9.8165
80.26813817024231,3.7659596723644597,-54.853240484739075,37.46954225547108,3.7659596723644597,-54.853240484739075,37.46954225547108,4.529227186085211e-18,-0.6379272800993782,0.7660130104783711,-0.07920134520872976,4.640750000000001,-1.291,0.7472500000000002,1.30125,-2.59225,3.3395,-9.8165
80.33493566513062,3.579888393766595,-54.730264025755616,37.37924125981303,3.579888393766595,-54.730264025755616,37.37924125981303,0.0,-0.6383028446836105,0.7657104528731955,-0.07910107982534906,6.80875,-1.42325,0.9050000000000002,2.24025,-3.6635,4.5685,-9.8165
80.38568949699402,3.579888393766595,-54.730264025755616,37.37924125981303,3.579888393766595,-54.730264025755616,37.37924125981303,0.0,-0.6383028446836105,0.7657104528731955,-0.07910107982534906,9.4425,-2.7555,1.218,2.7345,-5.49,6.708,-9.8165
80.45906567573547,3.5350216968745087,-54.65742723298918,37.16668119505605,3.5350216968745087,-54.65742723298918,37.16668119505605,4.531038465918155e-18,-0.6384670337463494,0.7657067972497507,-0.07780069064389528,11.13825,-3.11125,2.5475000000000003,2.73975,-5.851,8.3985,-9.8165
80.59012341499329,3.6919006526855753,-54.727569634367,37.26948701567228,3.6919006526855753,-54.727569634367,37.26948701567228,-1.3591270400146496e-17,-0.6383056696518105,0.7658107409700753,-0.0781010954162482,18.22425,-3.5844999999999994,2.4197500000000005,6.11,-9.6945,12.11425,-9.8165
80.64686584472656,3.6919006526855753,-54.727569634367,37.26948701567228,3.6919006526855753,-54.727569634367,37.26948701567228,-1.3591270400146496e-17,-0.6383056696518105,0.7658107409700753,-0.0781010954162482,21.925,-5.8229999999999995,3.8819999999999997,6.11,-11.933,15.815,-9.8165
80.71716547012329,3.5631116443297515,-54.68811794602816,37.241974189319265,3.5631116443297515,-54.68811794602816,37.241974189319265,-9.058377138036348e-18,-0.6380916179384353,0.7660195417091482,-0.0778019847845584,23.502499999999998,-5.89775,5.383749999999999,6.1105,-12.00825,17.392,-9.8165
80.7636125087738,3.5631116443297515,-54.68811794602816,37.241974189319265,3.5631116443297515,-54.68811794602816,37.241974189319265,-9.058377138036348e-18,-0.6380916179384353,0.7660195417091482,-0.0778019847845584,26.37675,-6.226750000000001,5.6789999999999985,7.2355,-13.462250000000001,19.14125,-9.8165
80.84608864784241,3.471833843284088,-54.74578319381624,37.248537895117536,3.471833843284088,-54.74578319381624,37.248537895117536,1.3582361943541947e-17,-0.6377270048847733,0.7663130241356682,-0.07790132399865399,30.1485,-6.370500000000002,5.501499999999998,9.13825,-15.508750000000001,21.01025,-9.8165
80.96951842308044,3.7932657856811147,-54.77828430087877,37.13662192464607,3.7932657856811147,-54.77828430087877,37.13662192464607,-1.3586087517546201e-17,-0.6380282696703672,0.7661028859425972,-0.07750029194694072,34.949749999999995,-7.702500000000001,7.156749999999999,10.04525,-17.74775,24.9045,-9.8165
81.01462960243225,3.7932657856811147,-54.77828430087877,37.13662192464607,3.7932657856811147,-54.77828430087877,37.13662192464607,-1.3586087517546201e-17,-0.6380282696703672,0.7661028859425972,-0.07750029194694072,38.208,-8.210999999999999,7.574000000000002,11.211500000000001,-19.4225,26.9965,-9.8165
81.08771991729736,3.973195823525799,-54.73403641105449,37.19378227565375,3.973195823525799,-54.73403641105449,37.19378227565375,9.059714020397421e-18,-0.638263952600553,0.7659065052478158,-0.07750065825395709,42.264250000000004,-7.52525,7.254000000000001,13.7425,-21.26775,28.52175,-9.8165
81.14424967765808,3.973195823525799,-54.73403641105449,37.19378227565375,3.973195823525799,-54.73403641105449,37.19378227565375,9.059714020397421e-18,-0.638263952600553,0.7659065052478158,-0.07750065825395709,47.58875,-9.629250000000003,7.798999999999996,15.08025,-24.709500000000002,32.5085,-9.8165
81.20863270759583,3.9801980535125097,-54.789970855391715,37.30251270705131,3.9801980535125097,-54.789970855391715,37.30251270705131,-9.060779134899937e-18,-0.6382619430491407,0.7658164712546942,-0.07840168627104732,50.19675,-10.360500000000002,9.67575,15.08025,-25.44075,35.1165,-9.8165
81.32953786849976,3.889883647408311,-54.91619912506148,37.177174237353356,3.889883647408311,-54.91619912506148,37.177174237353356,-1.3587664001657333e-17,-0.6380371755006758,0.7660140002425215,-0.07830143109528648,55.21225,-11.332250000000002,11.427999999999997,16.226,-27.55825,38.98625,-9.8165
81.39985609054565,3.889883647408311,-54.91619912506148,37.177174237353356,3.889883647408311,-54.91619912506148,37.177174237353356,-1.3587664001657333e-17,-0.6380371755006758,0.7660140002425215,-0.07830143109528648,57.7185,-13.44275,10.522249999999996,16.87675,-30.3195,40.84175,-9.8165
81.45827674865723,3.8071312652645304,-54.93657286686823,37.30997843116635,3.8071312652645304,-54.93657286686823,37.30997843116635,-4.5286606185572734e-18,-0.6378864603510437,0.7661088441330145,-0.07860090738657473,60.7355,-14.37425,12.60775,16.87675,-31.251,43.85875,-9.8165
81.51782941818237,3.8071312652645304,-54.93657286686823,37.30997843116635,3.8071312652645304,-54.93657286686823,37.30997843116635,-4.5286606185572734e-18,-0.6378864603510437,0.7661088441330145,-0.07860090738657473,62.154250000000005,-14.718249999999998,12.9665,17.234750000000002,-31.953,44.9195,-9.8165
81.58268523216248,4.141057818922377,-54.80455778689668,37.81164074330698,4.141057818922377,-54.80455778689668,37.81164074330698,9.054924147290238e-18,-0.6378137871076349,0.7663116544144383,-0.07720117411039364,64.909,-15.472249999999999,11.77975,18.828500000000002,-34.30075,46.0805,-9.8165
81.70995330810547,4.329061616096453,-54.858988458401214,37.29696426798711,4.329061616096453,-54.858988458401214,37.29696426798711,0.0,-0.6387084979187929,0.7659109668450765,-0.07370105530288827,72.5735,-16.083750000000002,11.39725,22.54625,-38.63,50.02725,-9.8165
81.76687955856323,4.329061616096453,-54.858988458401214,37.29696426798711,4.329061616096453,-54.858988458401214,37.29696426798711,0.0,-0.6387084979187929,0.7659109668450765,-0.07370105530288827,77.983,-15.307749999999999,13.543750000000003,24.56575,-39.8735,53.41725,-9.8165
81.83442759513855,3.744304416095815,-54.99249371411757,37.40757784646401,3.744304416095815,-54.99249371411757,37.40757784646401,4.5262703153762634e-18,-0.6380314212395393,0.7665134227992305,-0.07330128361537326,79.6125,-16.41875,13.329250000000002,24.93225,-41.351,54.68025,-9.8165
81.89638948440552,3.744304416095815,-54.99249371411757,37.40757784646401,3.744304416095815,-54.99249371411757,37.40757784646401,4.5262703153762634e-18,-0.6380314212395393,0.7665134227992305,-0.07330128361537326,83.6025,-17.044999999999998,13.121500000000005,26.718,-43.763,56.8845,-9.8165
81.9536566734314,3.9108729648994824,-54.94671087337572,36.51541258708488,3.9108729648994824,-54.94671087337572,36.51541258708488,-4.519179937697579e-18,-0.6375558094894602,0.7677160457835677,-0.06430134394149198,85.34675,-17.289,13.381249999999994,27.338250000000002,-44.627250000000004,58.0085,-9.8165
82.0904016494751,3.221605854095742,-55.27170884282981,36.095546930219534,3.221605854095742,-55.27170884282981,36.095546930219534,-4.487647398120168e-18,-0.6321934213373818,0.7731104171434974,-0.05130069124235081,91.61175,-17.4085,15.850250000000003,29.1765,-46.585,62.43525,-9.8165
82.14997458457947,3.221605854095742,-55.27170884282981,36.095546930219534,3.221605854095742,-55.27170884282981,36.095546930219534,-4.487647398120168e-18,-0.6321934213373818,0.7731104171434974,-0.05130069124235081,92.56925,-17.415499999999998,16.80075,29.1765,-46.592,63.39275,-9.8165
82.264399766922,3.862291961802299,-55.24793385833664,36.66708525920908,3.862291961802299,-55.24793385833664,36.66708525920908,8.955487795479884e-18,-0.6301771589840829,0.7748203182644621,-0.0503013190613093,93.679,-16.8535,16.253,30.28625,-47.13975,63.39275,-9.8165
82.33357787132263,3.6136775235091534,-54.88236706073012,36.4214192714129,3.6136775235091534,-54.88236706073012,36.4214192714129,0.0,-0.6300318676927688,0.7751151575386036,-0.04750092889057371,93.679,-16.8535,16.253,30.28625,-47.13975,63.39275,-9.8165
82.40399527549744,3.6136775235091534,-54.88236706073012,36.4214192714129,3.6136775235091534,-54.88236706073012,36.4214192714129,0.0,-0.6300318676927688,0.7751151575386036,-0.04750092889057371,93.679,-16.8535,16.253,30.28625,-47.13975,63.39275,-9.8165
82.5201416015625,3.632496808739347,-54.87188108454609,36.50101750510493,3.632496808739347,-54.87188108454609,36.50101750510493,-8.95786992075959e-18,-0.6305250414519672,0.7746142738494731,-0.04910090478441663,93.52125000000001,-16.831000000000003,16.118249999999996,30.286,-47.117000000000004,63.23525,-9.8165
82.61265969276428,3.7997333124538955,-54.90978457147372,36.61974103901487,3.7997333124538955,-54.90978457147372,36.61974103901487,-8.95786992075959e-18,-0.6305250414519672,0.7746142738494731,-0.04910090478441663,91.28275000000001,-16.409249999999997,15.615500000000004,29.629,-46.03825,61.65375,-9.8165
82.71252250671387,3.802874351165542,-54.855406123068946,36.50127957597773,3.802874351165542,-54.855406123068946,36.50127957597773,4.479531173638282e-18,-0.6306981228720042,0.7745111748236199,-0.04850069977914209,89.8345,-16.21275,15.612250000000003,29.00475,-45.2175,60.829750000000004,-9.8165
82.77109670639038,3.802874351165542,-54.855406123068946,36.50127957597773,3.802874351165542,-54.855406123068946,36.50127957597773,4.479531173638282e-18,-0.6306981228720042,0.7745111748236199,-0.04850069977914209,89.82075,-16.21275,15.598500000000001,29.00475,-45.2175,60.816,-9.8165
82.83103251457214,3.6770874011312173,-54.807995663640355,36.31120093031274,3.6770874011312173,-54.807995663640355,36.31120093031274,6.719276861083627e-18,-0.6307182938582314,0.7745134685655946,-0.04820083819865935,87.9195,-15.8935,15.298000000000002,28.364,-44.2575,59.5555,-9.8165
82.95909380912781,3.7474358271649066,-54.848603155135294,36.24715305299375,3.7474358271649066,-54.848603155135294,36.24715305299375,4.478948285887512e-18,-0.6306049599987033,0.7746119692619173,-0.04810074325006226,87.6635,-15.185499999999998,14.5135,28.98225,-44.16775,58.68125,-9.8165
83.02316951751709,3.7474358271649066,-54.848603155135294,36.24715305299375,3.7474358271649066,-54.848603155135294,36.24715305299375,4.478948285887512e-18,-0.6306049599987033,0.7746119692619173,-0.04810074325006226,86.4535,-14.868750000000002,14.234249999999996,28.675250000000002,-43.544000000000004,57.77825,-9.8165
83.14222717285156,3.9634773741415756,-54.85271952620154,36.473005007754324,3.9634773741415756,-54.85271952620154,36.473005007754324,1.343506942190042e-17,-0.6304253904956937,0.7747143337342399,-0.04880090291239307,83.19725,-14.369249999999997,13.725000000000001,27.5515,-41.92075,55.64575,-9.8165
83.2191755771637,3.838700154690798,-54.948830264469606,36.63577285315291,3.838700154690798,-54.948830264469606,36.63577285315291,-1.567015444275935e-17,-0.6301455129112657,0.774916697611015,-0.049201060165778736,82.70400000000001,-12.658999999999999,13.131500000000003,28.45675,-41.11575,54.24725,-9.8165
83.26132202148438,3.838700154690798,-54.948830264469606,36.63577285315291,3.838700154690798,-54.948830264469606,36.63577285315291,-1.567015444275935e-17,-0.6301455129112657,0.774916697611015,-0.049201060165778736,81.6865,-12.625999999999998,12.081000000000003,28.48975,-41.11575,53.19675,-9.8165
83.40518927574158,3.744520684898191,-54.94085590433737,36.310247682006235,3.744520684898191,-54.94085590433737,36.310247682006235,-4.478957114427502e-18,-0.6305915552918689,0.7746104424125698,-0.048300651134168746,80.52300000000001,-10.4295,7.531500000000001,31.281000000000002,-41.7105,49.242000000000004,-9.8165
83.47629857063293,3.706644600753009,-54.85228434472825,36.287433627604756,3.706644600753009,-54.85228434472825,36.287433627604756,-2.241226582596853e-18,-0.6312556779539233,0.7740062916649983,-0.04930040074817109,82.4115,-7.232750000000003,6.22325,34.47775,-41.7105,47.93375,-9.8165
83.52753353118896,3.706644600753009,-54.85228434472825,36.287433627604756,3.706644600753009,-54.85228434472825,36.287433627604756,-2.241226582596853e-18,-0.6312556779539233,0.7740062916649983,-0.04930040074817109,81.095,-6.110250000000001,4.632249999999999,35.17625,-41.286500000000004,45.91875,-9.8165
83.64521956443787,3.5650153330503542,-54.89362423633642,36.33139001385112,3.5650153330503542,-54.89362423633642,36.33139001385112,-4.484725615677376e-18,-0.6316254009692941,0.7736140957710713,-0.05070092380505856,81.13925,-1.1057500000000005,1.9939999999999998,39.01975,-40.1255,42.1195,-9.8165
83.70360779762268,3.536048906708487,-54.87866447952807,36.288528004784645,3.536048906708487,-54.87866447952807,36.288528004784645,8.974166976513516e-18,-0.6319677433015866,0.7732075770449955,-0.052600515458570536,80.10775000000001,1.2587499999999991,-1.402000000000001,41.38425,-40.1255,38.7235,-9.8165
83.83222985267639,3.5217297779553007,-54.874188880246294,36.54007309331316,3.5217297779553007,-54.874188880246294,36.54007309331316,-4.4899700430768244e-18,-0.6321941240384034,0.7727104899738083,-0.057000773817143885,78.6265,5.807249999999996,-4.508749999999999,44.47125,-38.664,34.15525,-9.8165
83.89626479148865,3.5217297779553007,-54.874188880246294,36.54007309331316,3.5217297779553007,-54.874188880246294,36.54007309331316,-4.4899700430768244e-18,-0.6321941240384034,0.7727104899738083,-0.057000773817143885,77.049,4.695500000000003,-9.488499999999998,45.6165,-40.921,31.4325,-9.8165
83.95459270477295,3.578631681709197,-54.87070007916883,36.72214451231193,3.578631681709197,-54.87070007916883,36.72214451231193,0.0,-0.6328953494656077,0.7717105157796722,-0.06250085167322729,81.219,5.887999999999998,-10.540999999999997,48.824,-42.936,32.395,-9.8165
84.01553583145142,3.578631681709197,-54.87070007916883,36.72214451231193,3.578631681709197,-54.87070007916883,36.72214451231193,0.0,-0.6328953494656077,0.7717105157796722,-0.06250085167322729,85.76775,9.36025,-9.472000000000001,52.300000000000004,-42.939750000000004,33.46775,-9.8165
84.07481956481934,3.6073605943663267,-54.776116324000014,36.901388934360995,3.6073605943663267,-54.776116324000014,36.901388934360995,0.0,-0.6343370767610513,0.770104003156235,-0.0675003508804647,89.55625,9.566499999999998,-7.510249999999999,53.3165,-43.75,36.23975,-9.8165
84.2200927734375,4.441560679478187,-55.63006317581139,37.43476027993623,4.441560679478187,-55.63006317581139,37.43476027993623,-1.3525994370200428e-17,-0.6343604523869993,0.7695065198897176,-0.07380062529936474,99.158,11.036999999999999,-10.031500000000001,60.11325,-49.07625,39.04475,-9.8165
84.25978136062622,4.441560679478187,-55.63006317581139,37.43476027993623,4.441560679478187,-55.63006317581139,37.43476027993623,-1.3525994370200428e-17,-0.6343604523869993,0.7695065198897176,-0.07380062529936474,100.601,10.001999999999995,-12.509500000000003,61.55625,-51.55425,39.04475,-9.8165
84.32960987091064,3.939947552178552,-55.2071459300538,37.419751157327035,3.939947552178552,-55.2071459300538,37.419751157327035,-2.258143630919208e-17,-0.6356734304075213,0.768207766868516,-0.07600076839626037,104.47775000000001,12.693750000000009,-13.694499999999998,65.433,-52.73925,39.04475,-9.8165
84.38614392280579,3.939947552178552,-55.2071459300538,37.419751157327035,3.939947552178552,-55.2071459300538,37.419751157327035,-2.258143630919208e-17,-0.6356734304075213,0.768207766868516,-0.07600076839626037,104.64,13.149999999999999,-14.285999999999994,66.038,-52.888,38.602000000000004,-9.8165
84.45203423500061,3.9514036030003012,-55.17316062311028,37.37487624438534,3.9514036030003012,-55.17316062311028,37.37487624438534,1.809327770116972e-17,-0.6370300087978547,0.7670134752266176,-0.07670134752266175,105.182,14.488,-15.167500000000004,67.41875,-52.93075,37.76325,-9.8165
84.5876955986023,3.7284139065054944,-55.23584745764168,37.47103213881505,3.7284139065054944,-55.23584745764168,37.47103213881505,1.3601988411648601e-17,-0.6383719623846823,0.7652073021138033,-0.08330079491123862,106.28475,15.07875,-15.679500000000004,68.5215,-53.442750000000004,37.76325,-9.8165
84.65345478057861,3.7284139065054944,-55.23584745764168,37.47103213881505,3.7284139065054944,-55.23584745764168,37.47103213881505,1.3601988411648601e-17,-0.6383719623846823,0.7652073021138033,-0.08330079491123862,106.28475,15.07875,-15.679500000000004,68.5215,-53.442750000000004,37.76325,-9.8165
84.76495409011841,3.3778883344696453,-55.789488355930246,38.01629682600026,3.3778883344696453,-55.789488355930246,38.01629682600026,4.549441083842057e-18,-0.6396956572690783,0.7626094915869593,-0.09600119484965654,105.175,14.52375,-15.124749999999999,67.41175,-52.888,37.76325,-9.8165
84.8303427696228,3.8321881750919147,-54.78410445451725,37.763878788629384,3.8321881750919147,-54.78410445451725,37.763878788629384,9.121629224410915e-18,-0.6422811872320924,0.760707734681613,-0.09380095374409797,106.32025000000002,14.407500000000006,-14.90025,67.81400000000001,-53.4065,38.50625,-9.8165
84.89735531806946,3.8321881750919147,-54.78410445451725,37.763878788629384,3.8321881750919147,-54.78410445451725,37.763878788629384,9.121629224410915e-18,-0.6422811872320924,0.760707734681613,-0.09380095374409797,105.78800000000001,14.305250000000001,-14.741750000000003,67.4175,-53.11225,38.3705,-9.8165
85.02463173866272,3.8815086928190112,-54.76702149600297,37.822833509047115,3.8815086928190112,-54.76702149600297,37.822833509047115,-2.2818958393003185e-17,-0.6427216751939102,0.7602115075106642,-0.09480143503290049,103.1095,12.944000000000003,-12.738000000000007,64.39575,-51.451750000000004,38.71375,-9.8165
85.08924746513367,3.928365861169169,-54.91793988828529,37.83414919042802,3.928365861169169,-54.91793988828529,37.83414919042802,4.56142878740281e-18,-0.6422557112137334,0.7606053089187983,-0.09480066169537481,100.644,13.01925,-12.570250000000001,63.11675,-50.097500000000004,37.52725,-9.8165
85.14192628860474,3.928365861169169,-54.91793988828529,37.83414919042802,3.928365861169169,-54.91793988828529,37.83414919042802,4.56142878740281e-18,-0.6422557112137334,0.7606053089187983,-0.09480066169537481,96.99475000000001,11.929000000000002,-12.134250000000002,60.529,-48.6,36.46575,-9.8165
85.20630192756653,3.8219311766164594,-55.22575786362192,37.854637040091745,3.8219311766164594,-55.22575786362192,37.854637040091745,0.0,-0.6407972270676067,0.7618094834544967,-0.09500118263084431,93.986,12.817750000000004,-12.214749999999995,59.50925,-46.6915,34.47675,-9.8165
85.26749467849731,3.8219311766164594,-55.22575786362192,37.854637040091745,3.8219311766164594,-55.22575786362192,37.854637040091745,0.0,-0.6407972270676067,0.7618094834544967,-0.09500118263084431,88.927,11.600500000000004,-10.592999999999996,55.56025,-43.95975,33.36675,-9.8165
85.3945894241333,4.0082667826213765,-54.93077445143315,37.82699959324391,4.0082667826213765,-54.93077445143315,37.82699959324391,2.2809810785094974e-17,-0.6422719684542885,0.7605163814468634,-0.0954020549507308,82.94775,11.173249999999996,-8.569000000000003,51.345,-40.17175,31.60275,-9.8165
85.46346092224121,4.562941414258063,-54.22332690889496,38.363985652257924,4.562941414258063,-54.22332690889496,38.363985652257924,0.0,-0.6458725716408724,0.7572065095392984,-0.09740083733376605,82.07675,9.5195,-3.1552500000000023,47.375750000000004,-37.85625,34.701,-9.8165
85.51147866249084,4.562941414258063,-54.22332690889496,38.363985652257924,4.562941414258063,-54.22332690889496,38.363985652257924,0.0,-0.6458725716408724,0.7572065095392984,-0.09740083733376605,82.13900000000001,11.2025,-0.23150000000000404,46.786500000000004,-35.584,35.3525,-9.8165
85.57832312583923,4.139650375917654,-54.708025637540345,38.000266200880546,4.139650375917654,-54.708025637540345,38.000266200880546,-1.8313089963315204e-17,-0.6450770262441404,0.7578070022925923,-0.09800090554852743,80.87950000000001,8.34825,4.002749999999999,42.612500000000004,-34.264250000000004,38.267,-9.8165
85.67672419548035,4.139650375917654,-54.708025637540345,38.000266200880546,4.139650375917654,-54.708025637540345,38.000266200880546,-1.8313089963315204e-17,-0.6450770262441404,0.7578070022925923,-0.09800090554852743,77.9135,7.319249999999997,7.495249999999999,38.86875,-31.549500000000002,39.04475,-9.8165
85.76621723175049,4.599184585441691,-55.083942229824345,37.61450069448749,4.599184585441691,-55.083942229824345,37.61450069448749,4.565004352618301e-18,-0.6429013920090715,0.7600095605524847,-0.09520119758499546,71.422,5.275999999999996,9.380499999999998,33.65875,-28.38275,37.76325,-9.8165
85.83214116096497,4.493850126769843,-54.94873357546069,38.06883897330788,4.493850126769843,-54.94873357546069,38.06883897330788,1.8238532848274473e-17,-0.6422507027958142,0.7609048339174619,-0.09240058700745625,66.1805,0.09324999999999761,9.439249999999998,28.41725,-28.324,37.76325,-9.8165
85.89305138587952,4.493850126769843,-54.94873357546069,38.06883897330788,4.493850126769843,-54.94873357546069,38.06883897330788,1.8238532848274473e-17,-0.6422507027958142,0.7609048339174619,-0.09240058700745625,65.08475,-0.9847500000000018,9.754999999999999,27.1725,-28.15725,37.91225,-9.8165
85.94897055625916,3.8003741604717334,-54.826242739723455,37.819666183205804,3.8003741604717334,-54.826242739723455,37.819666183205804,-4.555457681642652e-18,-0.6416236585061461,0.761602278939965,-0.091000272299812,64.81375,-0.8137499999999989,14.642499999999998,24.67875,-25.4925,40.135,-9.8165
86.01603412628174,3.8003741604717334,-54.826242739723455,37.819666183205804,3.8003741604717334,-54.826242739723455,37.819666183205804,-4.555457681642652e-18,-0.6416236585061461,0.761602278939965,-0.091000272299812,59.9515,-3.2620000000000005,18.2605,19.2145,-22.4765,40.737,-9.8165
86.14955472946167,3.5135401393980885,-54.753549749687636,37.71458538784155,3.5135401393980885,-54.753549749687636,37.71458538784155,-9.101180229034177e-18,-0.6410741598961436,0.762416931572356,-0.08800195432629504,57.88675,-5.144,23.956249999999997,14.39325,-19.53725,43.4935,-9.8165
86.21738529205322,3.932811937177604,-54.78024066288464,37.73455423206073,3.932811937177604,-54.78024066288464,37.73455423206073,0.0,-0.64101672301808,0.7625113587234393,-0.08760130494973542,58.53425,-4.4925000000000015,36.53975,8.751,-13.243500000000001,49.78325,-9.8165
86.27392768859863,3.932811937177604,-54.78024066288464,37.73455423206073,3.932811937177604,-54.78024066288464,37.73455423206073,0.0,-0.64101672301808,0.7625113587234393,-0.08760130494973542,59.603750000000005,-1.11475,45.4315,6.5287500000000005,-7.6435,53.075,-9.8165
86.34122467041016,4.06045037827991,-54.952152399144154,37.67928413807482,4.06045037827991,-54.952152399144154,37.67928413807482,0.0,-0.6402747974520514,0.7634172169179508,-0.08510191925559026,58.8425,3.8012499999999996,53.70825,4.46775,-0.6665,54.37475,-9.8165
86.3835244178772,4.06045037827991,-54.952152399144154,37.67928413807482,4.06045037827991,-54.952152399144154,37.67928413807482,0.0,-0.6402747974520514,0.7634172169179508,-0.08510191925559026,58.075250000000004,3.363,59.63975,0.89925,2.46375,57.176,-9.8165
86.52041363716125,3.3186114006495586,-54.63796650138072,36.97909691103126,3.3186114006495586,-54.63796650138072,36.97909691103126,-2.2619700092233947e-17,-0.6382810825592481,0.7669082564770134,-0.06670071809494953,53.58625000000001,-4.809250000000001,73.1785,-12.200750000000001,7.3915,65.787,-9.8165
86.59310150146484,4.043830088483617,-54.94130269094396,36.355121742520915,4.043830088483617,-54.94130269094396,36.355121742520915,-8.963793327223286e-18,-0.6309211215965655,0.7741023973448404,-0.05200016104112092,46.179750000000006,-5.7995,79.60675,-19.61325,13.81375,65.793,-9.8165
86.64163208007812,4.043830088483617,-54.94130269094396,36.355121742520915,4.043830088483617,-54.94130269094396,36.355121742520915,-8.963793327223286e-18,-0.6309211215965655,0.7741023973448404,-0.05200016104112092,43.925250000000005,-6.66775,80.99300000000001,-21.86775,15.200000000000001,65.793,-9.8165
86.70566511154175,4.01211245770736,-54.67423419117547,36.752070616217964,4.01211245770736,-54.67423419117547,36.752070616217964,4.480074588327756e-18,-0.6305510247396584,0.7744172297918435,-0.051801152509320096,43.76775000000001,-6.718250000000001,82.843,-22.89675,16.1785,66.6645,-9.8165
86.76217317581177,4.01211245770736,-54.67423419117547,36.752070616217964,4.01211245770736,-54.67423419117547,36.752070616217964,4.480074588327756e-18,-0.6305510247396584,0.7744172297918435,-0.051801152509320096,42.3075,-6.744500000000002,90.245,-27.341,20.5965,69.6485,-9.8165
86.88613224029541,3.6890936448200478,-54.794003478678974,36.783916562455886,3.6890936448200478,-54.794003478678974,36.783916562455886,0.0,-0.6297889999060668,0.7750102602214695,-0.05220069107556222,35.657,-6.962499999999999,97.501,-34.40325,27.44075,70.06025,-9.8165
86.96093440055847,3.451377479508295,-54.80969165169138,36.631126163618134,3.451377479508295,-54.80969165169138,36.631126163618134,1.7887910677632343e-17,-0.6288660151104984,0.7758193820348015,-0.05130128164267252,32.67375,-6.8409999999999975,100.60575,-37.3865,30.5455,70.06025,-9.8165
87.01992130279541,3.451377479508295,-54.80969165169138,36.631126163618134,3.451377479508295,-54.80969165169138,36.631126163618134,1.7887910677632343e-17,-0.6288660151104984,0.7758193820348015,-0.05130128164267252,27.216249999999995,-8.898249999999997,104.006,-42.844,33.945750000000004,70.06025,-9.8165
87.13496017456055,3.524521429485077,-54.92391475659913,36.32485333608191,3.524521429485077,-54.92391475659913,36.32485333608191,-1.1167098235141436e-17,-0.6279000620136576,0.7767118366156451,-0.049600755885330236,22.234499999999997,-12.945,103.69800000000001,-47.20425,34.25925,69.43875,-9.8165
87.21113586425781,3.582394473007014,-55.03676845152329,36.32101219361249,3.582394473007014,-55.03676845152329,36.32101219361249,2.2314048983114677e-18,-0.6271098617819185,0.7774131343394892,-0.04860082110740824,12.789750000000005,-17.086,98.39425,-51.34525,34.25925,64.135,-9.8165
87.33457922935486,3.571307171433574,-55.086098119008994,36.32761943581839,3.571307171433574,-55.086098119008994,36.32761943581839,2.0074737316284725e-17,-0.6267609480944233,0.7777193314069578,-0.048201198114716924,2.9819999999999993,-18.376749999999998,81.91125,-48.653,30.27625,51.635,-9.8165
87.42201614379883,3.571307171433574,-55.086098119008994,36.32761943581839,3.571307171433574,-55.086098119008994,36.32761943581839,2.0074737316284725e-17,-0.6267609480944233,0.7777193314069578,-0.048201198114716924,2.950000000000003,-18.351,69.569,-42.485,24.134,45.435,-9.8165
87.51589298248291,3.2813203345550903,-54.51310149253358,35.820685021436226,3.2813203345550903,-54.51310149253358,35.820685021436226,-4.477218055958139e-18,-0.6301987128861346,0.7749113196165606,-0.048600709941108336,2.857749999999996,-18.351000000000003,45.87675,-30.685000000000002,12.334,33.54275,-9.8165
87.57231092453003,3.473139013898191,-54.87418108572504,36.45859341739582,3.473139013898191,-54.87418108572504,36.45859341739582,2.6880875253306776e-17,-0.6299426842222628,0.7744049074131583,-0.0589003732523696,4.85125,-18.335,36.28625,-24.885,6.55,29.736250000000002,-9.8165
87.63287281990051,3.473139013898191,-54.87418108572504,36.45859341739582,3.473139013898191,-54.87418108572504,36.45859341739582,2.6880875253306776e-17,-0.6299426842222628,0.7744049074131583,-0.0589003732523696,9.719250000000002,-16.24,31.348250000000004,-18.9345,2.6945,28.653750000000002,-9.8165
87.76564860343933,3.7713499145653486,-54.876374264824946,36.5642601041459,3.7713499145653486,-54.876374264824946,36.5642601041459,4.487669069745776e-18,-0.6310590663895405,0.7731066836775814,-0.0638005515698224,14.6935,-17.14225,26.13025,-14.2895,-2.85275,28.983,-9.8165
87.8442611694336,3.6811435095449667,-54.76506496069993,36.699067534610634,3.6811435095449667,-54.76506496069993,36.699067534610634,-4.489390083119577e-18,-0.6313915596690218,0.7728103122513188,-0.06410085535107342,25.948000000000004,-18.5945,23.837000000000003,-8.24175,-10.35275,34.189750000000004,-9.8165
87.89234805107117,3.6811435095449667,-54.76506496069993,36.699067534610634,3.6811435095449667,-54.76506496069993,36.699067534610634,-4.489390083119577e-18,-0.6313915596690218,0.7728103122513188,-0.06410085535107342,32.35850000000001,-18.494500000000002,19.547500000000003,-2.84175,-15.652750000000001,35.200250000000004,-9.8165
87.96350860595703,3.567754786927509,-54.86234509921195,36.781405692437104,3.567754786927509,-54.86234509921195,36.781405692437104,8.97869135983806e-18,-0.6312591534318681,0.7728179559601632,-0.06530151724145788,39.758500000000005,-17.380499999999998,13.261500000000005,4.55825,-21.93875,35.200250000000004,-9.8165
88.01164293289185,3.567754786927509,-54.86234509921195,36.781405692437104,3.567754786927509,-54.86234509921195,36.781405692437104,8.97869135983806e-18,-0.6312591534318681,0.7728179559601632,-0.06530151724145788,44.258500000000005,-14.43375,11.708250000000003,9.058250000000001,-23.492,35.200250000000004,-9.8165
88.13093996047974,3.7964339312857476,-54.891134011893726,36.82912411070707,3.7964339312857476,-54.891134011893726,36.82912411070707,8.983485668410676e-18,-0.6316491845091764,0.7724055183064404,-0.06640047438574266,53.914,-5.3995,11.087000000000003,18.71375,-24.11325,35.200250000000004,-9.8165
88.22176766395569,3.744563148126929,-54.991924343092336,36.82200154155203,3.744563148126929,-54.991924343092336,36.82200154155203,-8.983383045064992e-18,-0.6316277938846729,0.7724143420244225,-0.06650123478071479,56.5465,-6.034499999999998,10.3535,20.079250000000002,-26.11375,36.46725,-9.8165
88.26405000686646,3.744563148126929,-54.991924343092336,36.82200154155203,3.744563148126929,-54.991924343092336,36.82200154155203,-8.983383045064992e-18,-0.6316277938846729,0.7724143420244225,-0.06650123478071479,57.583749999999995,-9.2365,6.143249999999998,21.102,-30.3385,36.48175,-9.8165
88.32498383522034,3.715025310571548,-55.067084347304274,36.7107428793301,3.715025310571548,-55.067084347304274,36.7107428793301,-8.981120537749893e-18,-0.6313792703875245,0.7726089272203087,-0.06660076954811361,61.94125,-10.776,0.2462499999999963,25.459500000000002,-36.2355,36.48175,-9.8165
88.39003348350525,3.715025310571548,-55.067084347304274,36.7107428793301,3.715025310571548,-55.067084347304274,36.7107428793301,-8.981120537749893e-18,-0.6313792703875245,0.7726089272203087,-0.06660076954811361,68.74125000000001,-8.265499999999996,-4.0432500000000005,32.2595,-40.525,36.48175,-9.8165
88.5491452217102,4.053355477009092,-54.74630160317709,36.60105637355766,4.053355477009092,-54.74630160317709,36.60105637355766,8.991608403902754e-18,-0.6324698940428712,0.7717077515181202,-0.06670066998348921,81.07925,-0.36274999999999835,-8.478500000000004,44.597500000000004,-44.96025,36.48175,-9.8165
88.63685607910156,3.8735566747279506,-54.69635034156637,36.64201076479678,3.8735566747279506,-54.69635034156637,36.64201076479678,0.0,-0.6325706763798811,0.7716078269332928,-0.06690067861824427,84.34425,2.039500000000004,-9.341250000000002,47.862500000000004,-45.823,36.48175,-9.8165
88.69841694831848,3.670484766381634,-54.74680480742039,36.75697226668312,3.670484766381634,-54.74680480742039,36.75697226668312,4.496960475105928e-18,-0.6325842521717421,0.7715093275023479,-0.06790082091692733,88.721,6.416249999999998,-9.341250000000002,52.23925,-45.823,36.48175,-9.8165
88.7662570476532,3.670484766381634,-54.74680480742039,36.75697226668312,3.670484766381634,-54.74680480742039,36.75697226668312,4.496960475105928e-18,-0.6325842521717421,0.7715093275023479,-0.06790082091692733,90.22825,7.589000000000006,-9.377749999999999,53.597500000000004,-46.0085,36.63075,-9.8165
88.84749555587769,4.30270913676145,-54.70127688466107,37.26483007527434,4.30270913676145,-54.70127688466107,37.26483007527434,-9.031340245398753e-18,-0.6359209815439341,0.7683127548474797,-0.07280120858114865,93.99825,9.094249999999995,-6.844000000000001,54.96825,-45.874,39.03,-9.8165
88.95692205429077,3.674484938046845,-54.810698022847376,37.028268517392654,3.674484938046845,-54.810698022847376,37.028268517392654,-9.036105992469052e-18,-0.6362718804844125,0.7679075377923077,-0.07400072639227866,91.56425,9.903999999999996,-3.570750000000004,52.5195,-42.615500000000004,39.04475,-9.8165
89.02156043052673,3.674484938046845,-54.810698022847376,37.028268517392654,3.674484938046845,-54.810698022847376,37.028268517392654,-9.036105992469052e-18,-0.6362718804844125,0.7679075377923077,-0.07400072639227866,89.36675,8.125250000000001,-3.1509999999999962,50.3215,-42.19625,39.04525,-9.8165
89.0906412601471,3.7281743766873774,-54.87285264030224,37.32025181778413,3.7281743766873774,-54.87285264030224,37.32025181778413,9.032495951200714e-18,-0.6357367268403251,0.7682144494052966,-0.07540141823113691,89.28675,6.726999999999997,0.38674999999999926,47.8135,-41.0865,41.47325,-9.8165
89.13687801361084,3.7281743766873774,-54.87285264030224,37.32025181778413,3.7281743766873774,-54.87285264030224,37.32025181778413,9.032495951200714e-18,-0.6357367268403251,0.7682144494052966,-0.07540141823113691,88.11025000000001,4.150500000000001,1.7867499999999978,45.237,-41.0865,42.87325,-9.8165
89.21172761917114,3.1638038104873942,-54.24113996630423,37.124228958103515,3.1638038104873942,-54.24113996630423,37.124228958103515,4.5209663804346385e-18,-0.6368219741992641,0.7674126856966514,-0.07440122988771287,87.85075,2.7424999999999997,2.7177500000000023,43.93775,-41.19525,43.913000000000004,-9.8165
89.32590913772583,3.8426461125700087,-54.67826716105701,37.28514180566617,3.8426461125700087,-54.67826716105701,37.28514180566617,-9.036035275852143e-18,-0.6360287570378459,0.7679135474880997,-0.07600134081142801,84.37525,0.8447499999999977,4.852000000000004,40.184,-39.33925,44.191250000000004,-9.8165
89.38743090629578,3.8426461125700087,-54.67826716105701,37.28514180566617,3.8426461125700087,-54.67826716105701,37.28514180566617,-9.036035275852143e-18,-0.6360287570378459,0.7679135474880997,-0.07600134081142801,83.087,-0.30324999999999847,5.113250000000001,38.83525,-39.1385,44.25175,-9.8165
89.4486780166626,3.902196815050303,-54.747034176587476,37.23489430414483,3.902196815050303,-54.747034176587476,37.23489430414483,9.032495951200714e-18,-0.6357367268403251,0.7682144494052966,-0.07540141823113691,82.5895,-0.2637499999999946,9.91975,36.203,-36.46675,46.3865,-9.8165
89.51966118812561,3.902196815050303,-54.747034176587476,37.23489430414483,3.902196815050303,-54.747034176587476,37.23489430414483,9.032495951200714e-18,-0.6357367268403251,0.7682144494052966,-0.07540141823113691,79.333,-2.3432500000000047,11.790749999999996,32.5995,-34.942750000000004,46.7335,-9.8165
89.59633803367615,4.050903611554645,-54.774253496248946,37.281212737954476,4.050903611554645,-54.774253496248946,37.281212737954476,-3.612555274767881e-17,-0.6356820282712589,0.7683086763956106,-0.07490084584411198,78.46775,-2.337500000000002,15.176749999999998,30.47675,-32.81425,47.991,-9.8165
89.71285843849182,3.9124153825636654,-54.761214939452344,37.2067076611637,3.9124153825636654,-54.761214939452344,37.2067076611637,-4.514542954335569e-18,-0.6356432973922239,0.7685045833093045,-0.07320043656244773,73.16225,-5.600999999999999,17.416750000000004,25.07225,-30.67325,48.09,-9.8165
89.77510833740234,3.9124153825636654,-54.761214939452344,37.2067076611637,3.9124153825636654,-54.761214939452344,37.2067076611637,-4.514542954335569e-18,-0.6356432973922239,0.7685045833093045,-0.07320043656244773,73.2765,-5.56025,22.706250000000004,22.505,-28.06525,50.7715,-9.8165
89.8890905380249,3.640636132459832,-54.95324783808498,37.08771436279885,3.640636132459832,-54.95324783808498,37.08771436279885,4.5086849066069856e-18,-0.634728760803519,0.7695030865584594,-0.07060028318522056,73.2625,-12.283499999999998,32.0895,14.44475,-26.72825,58.817750000000004,-9.8165
89.96529364585876,3.2961086286671843,-54.730617278107346,36.44635920931957,3.2961086286671843,-54.730617278107346,36.44635920931957,-1.3464632291349938e-17,-0.6323201647549042,0.7730133753854872,-0.051200885924627355,73.259,-12.4075,35.662000000000006,12.59475,-25.00225,60.66425,-9.8165
90.02255392074585,3.2961086286671843,-54.730617278107346,36.44635920931957,3.2961086286671843,-54.730617278107346,36.44635920931957,-1.3464632291349938e-17,-0.6323201647549042,0.7730133753854872,-0.051200885924627355,73.1485,-11.994750000000002,44.43725,8.35825,-20.353,64.79025,-9.8165
90.21627759933472,3.971223124488887,-55.42840240295007,35.95654665631627,3.971223124488887,-55.42840240295007,35.95654665631627,2.2291155313846398e-18,-0.6267962286986098,0.7782115603937607,-0.03890057787113504,65.49025,-2.3575,66.14175,-1.5045,-0.853,66.99475,-9.8165
90.27034020423889,3.971223124488887,-55.42840240295007,35.95654665631627,3.971223124488887,-55.42840240295007,35.95654665631627,2.2291155313846398e-18,-0.6267962286986098,0.7782115603937607,-0.03890057787113504,59.69025,-3.5324999999999998,70.76675,-7.3045,3.7720000000000002,66.99475,-9.8165
90.338050365448,3.696265967820551,-55.206354811085546,35.91189882384887,3.696265967820551,-55.206354811085546,35.91189882384887,0.0,-0.6274139940803937,0.7777135829940204,-0.03890067941168495,52.890249999999995,-8.67575,72.42349999999999,-14.1045,5.42875,66.99475,-9.8165
90.38704752922058,3.696265967820551,-55.206354811085546,35.91189882384887,3.696265967820551,-55.206354811085546,35.91189882384887,0.0,-0.6274139940803937,0.7777135829940204,-0.03890067941168495,47.890249999999995,-11.5975,74.50175,-19.1045,7.507000000000001,66.99475,-9.8165
90.44910049438477,3.9296730213806654,-55.02849488079654,35.92122580331525,3.9296730213806654,-55.02849488079654,35.92122580331525,-2.2314158624275668e-18,-0.627778552589551,0.7774093145011503,-0.039100468480827065,41.890249999999995,-14.637000000000002,77.46225,-25.1045,10.4675,66.99475,-9.8165
90.574697971344,3.7452234649925913,-54.96825566078677,35.66794809501692,3.7452234649925913,-54.96825566078677,35.66794809501692,-1.1154275046981937e-17,-0.627640071093755,0.7776047608070141,-0.03740022897914393,34.77425000000001,-21.5075,77.66225000000001,-32.19775,10.69025,66.97200000000001,-9.8165
90.64771676063538,3.7452234649925913,-54.96825566078677,35.66794809501692,3.7452234649925913,-54.96825566078677,35.66794809501692,-1.1154275046981937e-17,-0.627640071093755,0.7776047608070141,-0.03740022897914393,27.98775,-24.893,74.26125,-35.58325,10.69025,63.571,-9.8165
90.72358989715576,3.6456306518367967,-55.00552776711356,35.60092525071975,3.6456306518367967,-55.00552776711356,35.60092525071975,-4.459947842001493e-18,-0.6273005551592706,0.7779120014095566,-0.036700566206107114,17.740500000000004,-28.089,67.21000000000001,-38.77925,10.69025,56.51975,-9.8165
90.80073380470276,3.6456306518367967,-55.00552776711356,35.60092525071975,3.6456306518367967,-55.00552776711356,35.60092525071975,-4.459947842001493e-18,-0.6273005551592706,0.7779120014095566,-0.036700566206107114,13.165500000000002,-28.435499999999998,60.0385,-37.65425,9.21875,50.81975,-9.8165
90.84471726417542,4.453912251546313,-54.73376985060804,36.019767094841896,4.453912251546313,-54.73376985060804,36.019767094841896,8.941750855762898e-18,-0.6295920427558508,0.7760106511394419,-0.03770051745870743,12.755499999999998,-28.502250000000004,48.38825,-32.0675,3.5652500000000003,44.823,-9.8165
90.95883512496948,4.240892284810968,-55.3241562674164,36.097654016852445,4.240892284810968,-55.3241562674164,36.097654016852445,-4.4737130694722106e-18,-0.6294591307941829,0.7755184335867398,-0.048501152841981796,20.2235,-28.80225,34.15625,-21.3675,-7.43475,41.591,-9.8165
91.02500772476196,4.240892284810968,-55.3241562674164,36.097654016852445,4.240892284810968,-55.3241562674164,36.097654016852445,-4.4737130694722106e-18,-0.6294591307941829,0.7755184335867398,-0.048501152841981796,21.889000000000003,-28.70225,21.921750000000003,-14.3675,-14.33475,36.2565,-9.8165
91.08815050125122,3.2629319170390545,-55.40418049588379,35.87206669024572,3.2629319170390545,-55.40418049588379,35.87206669024572,-8.945151107327307e-18,-0.6290345393271256,0.7757156721727506,-0.05080102635861252,26.158,-28.602249999999998,13.09075,-7.7675,-20.83475,33.9255,-9.8165
91.14324116706848,3.2629319170390545,-55.40418049588379,35.87206669024572,3.2629319170390545,-55.40418049588379,35.87206669024572,-8.945151107327307e-18,-0.6290345393271256,0.7757156721727506,-0.05080102635861252,30.08025,-28.6085,7.006749999999997,-2.7675,-25.841,32.84775,-9.8165
91.21589756011963,3.680108821519184,-54.919485577850466,36.01360914607086,3.680108821519184,-54.919485577850466,36.01360914607086,4.479576753124471e-18,-0.6303287897475353,0.7745032942082535,-0.05320022627744231,37.27,-24.831,3.174000000000003,4.6325,-29.4635,32.6375,-9.8165
91.33050990104675,3.42099987106576,-54.8860286773714,35.995083822719636,3.42099987106576,-54.8860286773714,35.995083822719636,-4.480663691937017e-18,-0.6303347357011841,0.774315411843318,-0.055801110655891974,47.290000000000006,-18.126500000000004,-0.14150000000000063,14.6525,-32.779,32.6375,-9.8165
91.39776182174683,3.42099987106576,-54.8860286773714,35.995083822719636,3.42099987106576,-54.8860286773714,35.995083822719636,-4.480663691937017e-18,-0.6303347357011841,0.774315411843318,-0.055801110655891974,48.97575,-16.517249999999997,0.5805000000000007,15.939,-32.45625,33.03675,-9.8165
91.45731377601624,3.443697693504191,-54.851852973867,35.879685251902956,3.443697693504191,-54.851852973867,35.879685251902956,4.482990334486201e-18,-0.6308192308535414,0.7739135472285713,-0.05590097853737836,56.109,-12.908249999999995,4.223750000000003,19.488500000000002,-32.39675,36.6205,-9.8165
91.52394437789917,3.443697693504191,-54.851852973867,35.879685251902956,3.443697693504191,-54.851852973867,35.879685251902956,4.482990334486201e-18,-0.6308192308535414,0.7739135472285713,-0.05590097853737836,67.5005,-6.677249999999997,9.384250000000002,25.7195,-32.39675,41.781,-9.8165
91.58786201477051,3.4334076995891394,-54.848937181129685,35.89932231323965,3.4334076995891394,-54.848937181129685,35.89932231323965,-4.484164369039822e-18,-0.630996376508793,0.7737109227993161,-0.056700800468813775,73.23700000000001,-2.048999999999996,10.492500000000007,30.34775,-32.39675,42.889250000000004,-9.8165
91.70545697212219,3.421412939822744,-54.722879908366295,36.15440208453013,3.421412939822744,-54.722879908366295,36.15440208453013,-4.485350095579925e-18,-0.6311564960629262,0.773506388135136,-0.05770047652927903,75.2425,-3.677499999999995,6.8585000000000065,32.35325,-36.03075,42.889250000000004,-9.8165
91.76204705238342,3.421412939822744,-54.722879908366295,36.15440208453013,3.421412939822744,-54.722879908366295,36.15440208453013,-4.485350095579925e-18,-0.6311564960629262,0.773506388135136,-0.05770047652927903,79.24225000000001,-5.268999999999998,1.2672500000000042,36.353,-41.622,42.889250000000004,-9.8165
91.8251211643219,3.4290657522512618,-54.725209095675595,36.28606836475561,3.4290657522512618,-54.725209095675595,36.28606836475561,-4.485886000829006e-18,-0.6312237724647978,0.7734139813879467,-0.058201052129271375,85.64000000000001,-5.271249999999995,-5.132749999999994,42.750750000000004,-48.022,42.889250000000004,-9.8165
91.88635540008545,3.4290657522512618,-54.725209095675595,36.28606836475561,3.4290657522512618,-54.725209095675595,36.28606836475561,-4.485886000829006e-18,-0.6312237724647978,0.7734139813879467,-0.058201052129271375,92.04,-4.683250000000001,-10.944749999999999,49.15075,-53.834,42.889250000000004,-9.8165
91.9428882598877,3.5785294093186337,-54.90256582172131,36.120825492163775,3.5785294093186337,-54.90256582172131,36.120825492163775,1.7938987004534682e-17,-0.6309922111771974,0.7736104499270989,-0.05810078482518673,97.64000000000001,-1.3544999999999945,-13.215999999999994,54.750750000000004,-56.10525,42.889250000000004,-9.8165
92.07467675209045,3.3401509110078678,-54.68847137167707,36.83492580584762,3.3401509110078678,-54.68847137167707,36.83492580584762,4.513364729714264e-18,-0.6355490779565135,0.7687052032626798,-0.0719004866847752,109.768,10.701249999999995,-13.288249999999998,66.87875,-56.1775,42.889250000000004,-9.8165
92.13766503334045,3.3401509110078678,-54.68847137167707,36.83492580584762,3.3401509110078678,-54.68847137167707,36.83492580584762,4.513364729714264e-18,-0.6355490779565135,0.7687052032626798,-0.0719004866847752,111.76124999999999,12.687499999999993,-13.28125,68.865,-56.1775,42.89625,-9.8165
92.22015714645386,3.657192714145026,-54.75184778577284,36.939175147331795,3.657192714145026,-54.75184778577284,36.939175147331795,-2.7243081406598642e-17,-0.6397899171431373,0.7641089273653019,-0.0825009638890687,114.70625000000001,12.842500000000008,-13.522749999999995,70.53575000000001,-57.69325,44.170500000000004,-9.8165
92.32404065132141,3.7906498490769422,-54.93887901720812,38.248873017683415,3.7906498490769422,-54.93887901720812,38.248873017683415,0.0,-0.6423935066359238,0.760108886270306,-0.09780114337223514,114.72825,13.069499999999998,-13.317749999999997,70.55775,-57.48825,44.170500000000004,-9.8165
92.42486214637756,3.7906498490769422,-54.93887901720812,38.248873017683415,3.7906498490769422,-54.93887901720812,38.248873017683415,0.0,-0.6423935066359238,0.760108886270306,-0.09780114337223514,113.67625000000001,12.367250000000006,-12.967999999999996,69.50575,-57.1385,44.170500000000004,-9.8165
92.52411794662476,5.13424864605372,-54.928285835020105,37.51020525931463,5.13424864605372,-54.928285835020105,37.51020525931463,1.8264691004336003e-17,-0.643160690016046,0.7598150882771515,-0.09500188653109948,113.67625000000001,12.367250000000006,-12.967999999999996,69.50575,-57.1385,44.170500000000004,-9.8165
92.60686492919922,3.9719620793133004,-54.59437354901816,37.9922763350199,3.9719620793133004,-54.59437354901816,37.9922763350199,-3.656307034638721e-17,-0.6434607707579945,0.7591150128444132,-0.09850194805055289,113.67625000000001,12.367250000000006,-12.967999999999996,69.50575,-57.1385,44.170500000000004,-9.8165
92.64786696434021,3.9719620793133004,-54.59437354901816,37.9922763350199,3.9719620793133004,-54.59437354901816,37.9922763350199,-3.656307034638721e-17,-0.6434607707579945,0.7591150128444132,-0.09850194805055289,113.67625000000001,12.367250000000006,-12.967999999999996,69.50575,-57.1385,44.170500000000004,-9.8165
92.7176342010498,4.107193523682241,-54.85154865389441,37.979107360657096,4.107193523682241,-54.85154865389441,37.979107360657096,-9.135979179356536e-18,-0.6430370209428434,0.7595128850103121,-0.09820166597500021,113.67625000000001,12.367250000000006,-12.967999999999996,69.50575,-57.1385,44.170500000000004,-9.8165
92.77248954772949,4.107193523682241,-54.85154865389441,37.979107360657096,4.107193523682241,-54.85154865389441,37.979107360657096,-9.135979179356536e-18,-0.6430370209428434,0.7595128850103121,-0.09820166597500021,113.67625000000001,12.367250000000006,-12.967999999999996,69.50575,-57.1385,44.170500000000004,-9.8165
92.88683104515076,3.975192050213053,-54.877740384087915,38.06150641569678,3.975192050213053,-54.877740384087915,38.06150641569678,9.132420272964296e-18,-0.6427939119056769,0.7598088673655545,-0.09750113788910446,113.67625000000001,12.367250000000006,-12.967999999999996,69.50575,-57.1385,44.170500000000004,-9.8165
92.95333123207092,3.886091892937543,-54.8124641615895,38.081510833954155,3.886091892937543,-54.8124641615895,38.081510833954155,9.132420272964296e-18,-0.6427939119056769,0.7598088673655545,-0.09750113788910446,113.811,11.935749999999999,-11.359249999999996,68.553,-56.61725,45.258,-9.8165
93.01694321632385,3.886091892937543,-54.8124641615895,38.081510833954155,3.886091892937543,-54.8124641615895,38.081510833954155,9.132420272964296e-18,-0.6427939119056769,0.7598088673655545,-0.09750113788910446,115.36025000000001,11.480250000000005,-11.213000000000001,69.02675,-57.5465,46.3335,-9.8165
93.07411742210388,3.6582100562377207,-54.73142978868472,38.04682223481498,3.6582100562377207,-54.73142978868472,38.04682223481498,3.653902994874748e-17,-0.6430538212073581,0.7596144630703406,-0.09730185262867842,115.33125000000001,10.764000000000003,-10.785250000000005,68.44025,-57.67625,46.891,-9.8165
93.17764091491699,3.6582100562377207,-54.73142978868472,38.04682223481498,3.6582100562377207,-54.73142978868472,38.04682223481498,3.653902994874748e-17,-0.6430538212073581,0.7596144630703406,-0.09730185262867842,114.37025,9.504750000000008,-8.8275,66.35125000000001,-56.8465,48.019,-9.8165
93.27080035209656,3.589114603165541,-54.73821517562128,37.986161070229485,3.589114603165541,-54.73821517562128,37.986161070229485,-2.7397243598556063e-17,-0.6428991280524808,0.7598093449378537,-0.09680119056328539,113.95125000000002,7.5560000000000045,-7.802250000000001,64.65475,-57.09875,49.2965,-9.8165
93.33474850654602,4.350994992998665,-55.10990874805712,38.04846805055686,4.350994992998665,-55.10990874805712,38.04846805055686,-9.13112570367632e-18,-0.6425750902898991,0.7599165895956872,-0.09810214164934454,113.45625000000001,7.286999999999999,-7.576250000000002,64.15975,-56.87275,49.2965,-9.8165
93.39596056938171,4.350994992998665,-55.10990874805712,38.04846805055686,4.350994992998665,-55.10990874805712,38.04846805055686,-9.13112570367632e-18,-0.6425750902898991,0.7599165895956872,-0.09810214164934454,112.48125,6.679250000000003,-7.208999999999996,63.18475,-56.5055,49.2965,-9.8165
93.45706152915955,4.098532703632827,-54.26441803168156,37.989237644760124,4.098532703632827,-54.26441803168156,37.989237644760124,2.7433490860061404e-17,-0.6441587562385686,0.7588054257443154,-0.09630068858615917,111.37425,6.4084999999999965,-6.380749999999999,62.08175,-55.67325,49.292500000000004,-9.8165
93.52484130859375,4.098532703632827,-54.26441803168156,37.989237644760124,4.098532703632827,-54.26441803168156,37.989237644760124,2.7433490860061404e-17,-0.6441587562385686,0.7588054257443154,-0.09630068858615917,109.00300000000001,5.554250000000003,-7.408249999999995,60.98275,-55.4285,48.020250000000004,-9.8165
93.6438627243042,3.8572624308524155,-54.49763342210386,37.795590447149,3.8572624308524155,-54.49763342210386,37.795590447149,-2.7415347089723988e-17,-0.6435816388637339,0.7593076113022964,-0.09620096431882116,101.55275,3.978749999999998,-6.670000000000002,56.10075,-52.122,45.452,-9.8165
93.70837354660034,3.8323155382421703,-54.66601556602231,37.888998723862166,3.8323155382421703,-54.66601556602231,37.888998723862166,0.0,-0.6436574105825322,0.759205345520426,-0.09650067945563894,99.2645,5.90325,-4.548749999999998,54.85825,-48.955,44.40625,-9.8165
93.75814056396484,3.8323155382421703,-54.66601556602231,37.888998723862166,3.8323155382421703,-54.66601556602231,37.888998723862166,0.0,-0.6436574105825322,0.759205345520426,-0.09650067945563894,95.313,4.885999999999996,-2.0859999999999985,51.1425,-46.2565,44.170500000000004,-9.8165
93.8241400718689,3.519853062810256,-54.62419208045311,38.070431900271004,3.519853062810256,-54.62419208045311,38.070431900271004,1.3720369393247407e-17,-0.6444544352490558,0.758605002353901,-0.09590063238299384,90.62,1.1012500000000003,-1.177749999999996,46.4495,-45.34825,44.170500000000004,-9.8165
93.88898158073425,3.519853062810256,-54.62419208045311,38.070431900271004,3.519853062810256,-54.62419208045311,38.070431900271004,1.3720369393247407e-17,-0.6444544352490558,0.758605002353901,-0.09590063238299384,89.10225,0.5100000000000051,-1.1362499999999969,45.37425,-44.86425,43.728,-9.8165
94.01872491836548,3.556373901603365,-54.69723650418322,37.61663597642882,3.556373901603365,-54.69723650418322,37.61663597642882,3.190858166595812e-17,-0.6427679755296052,0.7611158940851678,-0.0869018147365669,79.71025,3.9735000000000014,3.4172499999999957,40.133250000000004,-36.15975,39.577,-9.8165
94.07651400566101,3.605549710247061,-54.93224505422627,37.972659460557175,3.605549710247061,-54.93224505422627,37.972659460557175,4.551806042464951e-18,-0.6411366225842094,0.7622132664674779,-0.0893015543106085,73.49175,-0.78125,3.816499999999998,34.447,-35.22825,39.04475,-9.8165
94.14346861839294,3.605549710247061,-54.93224505422627,37.972659460557175,3.605549710247061,-54.93224505422627,37.972659460557175,4.551806042464951e-18,-0.6411366225842094,0.7622132664674779,-0.0893015543106085,67.65875,-3.0782500000000006,7.352499999999999,28.614,-31.69225,39.04475,-9.8165
94.20235919952393,3.743769579564457,-54.85634087147065,37.590777511826815,3.743769579564457,-54.85634087147065,37.590777511826815,4.5500221013594856e-18,-0.6411246393315602,0.7625121097581019,-0.08680137852721737,65.284,0.25675000000000026,13.062249999999999,26.239250000000002,-25.9825,39.04475,-9.8165
94.26256966590881,3.743769579564457,-54.85634087147065,37.590777511826815,3.743769579564457,-54.85634087147065,37.590777511826815,4.5500221013594856e-18,-0.6411246393315602,0.7625121097581019,-0.08680137852721737,65.32675,1.343,17.441249999999997,24.614250000000002,-23.271250000000002,40.7125,-9.8165
94.39148211479187,3.631465726492081,-54.62675410094724,37.40617588836232,3.631465726492081,-54.62675410094724,37.40617588836232,4.5488617360724746e-18,-0.6410680443536548,0.7627066183262725,-0.08550074192591622,60.9365,-7.550999999999998,28.486500000000003,12.4495,-20.0005,48.487,-9.8165
94.45279049873352,3.7913428682114443,-54.665047994175325,37.37342108265254,3.7913428682114443,-54.665047994175325,37.37342108265254,1.3642913582043402e-17,-0.6410220299529261,0.7629118804622601,-0.08400130811224259,55.62325,-12.882749999999998,28.505,7.11775,-20.0005,48.5055,-9.8165
94.52418518066406,3.7913428682114443,-54.665047994175325,37.37342108265254,3.7913428682114443,-54.665047994175325,37.37342108265254,1.3642913582043402e-17,-0.6410220299529261,0.7629118804622601,-0.08400130811224259,53.965,-14.515249999999998,28.794750000000004,5.3275,-19.84275,48.6375,-9.8165
94.64287734031677,3.7481635912376134,-54.849355301497354,37.34760700688519,3.7481635912376134,-54.849355301497354,37.34760700688519,-1.362669663496588e-17,-0.6403011115293481,0.7638198115567649,-0.08120210617754557,57.2295,-11.026250000000001,45.40525,0.399,-11.42525,56.8305,-9.8165
94.70264267921448,4.2288777364900625,-54.17220009787931,37.50405105684296,4.2288777364900625,-54.17220009787931,37.50405105684296,-9.086925126772742e-18,-0.6415341360192436,0.7636129721662629,-0.07300124013637664,60.70225,-6.545,56.19675,-1.01975,-5.52525,61.722,-9.8165
94.83209729194641,3.654611602724401,-54.856155930882096,36.39823786009075,3.654611602724401,-54.856155930882096,36.39823786009075,-1.3470014561751592e-17,-0.6328407133954886,0.7727044991781642,-0.04940028763996546,52.93,-5.378750000000001,73.33075,-12.889750000000001,7.511,65.81975,-9.8165
94.88483452796936,3.654611602724401,-54.856155930882096,36.39823786009075,3.654611602724401,-54.856155930882096,36.39823786009075,-1.3470014561751592e-17,-0.6328407133954886,0.7727044991781642,-0.04940028763996546,48.444,-7.187000000000001,77.2365,-17.98975,10.80275,66.43375,-9.8165
94.95543694496155,4.049129408899006,-54.644534086952845,36.38512695687277,4.049129408899006,-54.644534086952845,36.38512695687277,-2.237745683288537e-18,-0.6299894457316579,0.7752102881626387,-0.04650061713049883,41.544000000000004,-12.890749999999999,78.43275,-24.88975,11.999,66.43375,-9.8165
95.02250170707703,4.049129408899006,-54.644534086952845,36.38512695687277,4.049129408899006,-54.644534086952845,36.38512695687277,-2.237745683288537e-18,-0.6299894457316579,0.7752102881626387,-0.04650061713049883,37.06400000000001,-12.7515,83.052,-29.36975,16.61825,66.43375,-9.8165
95.09021711349487,3.8731705530105955,-54.543714396326735,35.692325491071415,3.8731705530105955,-54.543714396326735,35.692325491071415,-2.2365964916520072e-18,-0.6298746308040347,0.7756086010380425,-0.04110045577960745,36.383250000000004,-8.521249999999998,89.5925,-30.86525,22.344,67.2485,-9.8165
95.21224188804626,3.4293536073087125,-55.14531918943237,35.798618442955274,3.4293536073087125,-55.14531918943237,35.798618442955274,8.930211101986185e-18,-0.6280135948321884,0.7770134238331651,-0.04300074288909408,26.972999999999992,-14.680000000000003,93.434,-40.5705,25.8905,67.5435,-9.8165
95.29931926727295,3.4293536073087125,-55.14531918943237,35.798618442955274,3.4293536073087125,-55.14531918943237,35.798618442955274,8.930211101986185e-18,-0.6280135948321884,0.7770134238331651,-0.04300074288909408,24.279999999999994,-16.47525,94.33175,-43.2635,26.78825,67.5435,-9.8165
95.343985080719,3.6108976225365836,-55.11602906446187,35.74681246729464,3.6108976225365836,-55.11602906446187,35.74681246729464,-6.695881226331986e-18,-0.6278658910856579,0.7772196447369294,-0.04140104643863727,22.188999999999993,-17.456500000000002,95.44149999999999,-45.3545,27.898,67.5435,-9.8165
95.44097805023193,3.6108976225365836,-55.11602906446187,35.74681246729464,3.6108976225365836,-55.11602906446187,35.74681246729464,-6.695881226331986e-18,-0.6278658910856579,0.7772196447369294,-0.04140104643863727,20.753499999999995,-18.892,95.44149999999999,-46.79,27.898,67.5435,-9.8165
95.49337553977966,3.862695402916785,-54.99527297875406,35.784440190586466,3.862695402916785,-54.99527297875406,35.784440190586466,0.0,-0.6278147441298058,0.777313598199746,-0.04040070676350152,19.822749999999992,-19.822750000000003,95.44149999999999,-47.72075,27.898,67.5435,-9.8165
95.62090396881104,3.725016098824085,-55.00165817291432,35.64194935396854,3.725016098824085,-55.00165817291432,35.64194935396854,0.0,-0.6275131522458992,0.7776134645635943,-0.03930068050070636,19.822749999999992,-19.822750000000003,95.44149999999999,-47.72075,27.898,67.5435,-9.8165
95.69141864776611,3.725016098824085,-55.00165817291432,35.64194935396854,3.725016098824085,-55.00165817291432,35.64194935396854,0.0,-0.6275131522458992,0.7776134645635943,-0.03930068050070636,19.822749999999992,-19.822750000000003,95.44149999999999,-47.72075,27.898,67.5435,-9.8165
95.7363817691803,3.7340763542572972,-55.100519509579925,35.58499017662045,3.7340763542572972,-55.100519509579925,35.58499017662045,2.229963055123751e-18,-0.6271320416422024,0.7779157919190456,-0.039400799847808726,19.822749999999992,-19.822750000000003,95.44149999999999,-47.72075,27.898,67.5435,-9.8165
95.7897698879242,3.7340763542572972,-55.100519509579925,35.58499017662045,3.7340763542572972,-55.100519509579925,35.58499017662045,2.229963055123751e-18,-0.6271320416422024,0.7779157919190456,-0.039400799847808726,19.569500000000005,-19.631999999999998,96.8235,-48.443,28.811,68.0125,-9.8165
95.85854029655457,3.77290034369085,-55.162095142830864,35.58392282746963,3.77290034369085,-55.162095142830864,35.58392282746963,1.1145596266949933e-17,-0.6267854013618879,0.7782102609982324,-0.039100515555166915,19.231250000000003,-19.07175,98.31550000000001,-49.078,30.00625,68.30925,-9.8165
95.97564697265625,3.703273926500543,-55.05661742418047,35.67945613526096,3.703273926500543,-55.05661742418047,35.67945613526096,0.0,-0.627040386248572,0.7780048361075801,-0.03910024304859432,16.330000000000005,-18.037,102.26100000000001,-51.984,33.947,68.31400000000001,-9.8165
96.02723336219788,3.703273926500543,-55.05661742418047,35.67945613526096,3.703273926500543,-55.05661742418047,35.67945613526096,0.0,-0.627040386248572,0.7780048361075801,-0.03910024304859432,16.0505,-17.007999999999996,104.7505,-52.854,35.846000000000004,68.9045,-9.8165
96.09924173355103,3.696783298565464,-54.993497400130394,35.54955719641647,3.696783298565464,-54.993497400130394,35.54955719641647,-6.689112353594279e-18,-0.6270512139403417,0.7780061318799724,-0.03890030659399862,12.482999999999997,-18.314999999999998,105.0315,-55.43175,37.11675,67.91475,-9.8165
96.14740657806396,3.696783298565464,-54.993497400130394,35.54955719641647,3.696783298565464,-54.993497400130394,35.54955719641647,-6.689112353594279e-18,-0.6270512139403417,0.7780061318799724,-0.03890030659399862,10.823249999999994,-15.9285,107.62725,-56.36625,40.43775,67.1895,-9.8165
96.2281289100647,4.087100287242976,-55.07689776769891,35.44564845261123,4.087100287242976,-55.07689776769891,35.44564845261123,8.946332825711662e-18,-0.6300148094347708,0.7756132081253366,-0.038800660746857986,8.7305,-15.793,109.152,-58.10725,42.31425,66.83775,-9.8165
96.35011124610901,4.64373470420216,-54.95114547076609,35.78995135075846,4.64373470420216,-54.95114547076609,35.78995135075846,-4.48354086229215e-18,-0.632366306725931,0.7738185194502509,-0.036300868772349594,6.588000000000001,-14.0195,112.6735,-60.0525,46.033,66.6405,-9.8165
96.41290330886841,4.64373470420216,-54.95114547076609,35.78995135075846,4.64373470420216,-54.95114547076609,35.78995135075846,-4.48354086229215e-18,-0.632366306725931,0.7738185194502509,-0.036300868772349594,5.471499999999999,-13.836000000000006,117.9375,-63.151,49.315,68.6225,-9.8165
96.48590278625488,4.241411471835846,-54.88173728815896,35.42114446242055,4.241411471835846,-54.88173728815896,35.42114446242055,2.243255997795789e-18,-0.6330550254074799,0.7733060683583759,-0.03520027622683931,3.4847500000000053,-14.635499999999993,119.85075,-65.50075,50.86525,68.9855,-9.8165
96.52899837493896,4.241411471835846,-54.88173728815896,35.42114446242055,4.241411471835846,-54.88173728815896,35.42114446242055,2.243255997795789e-18,-0.6330550254074799,0.7733060683583759,-0.03520027622683931,4.234499999999997,-14.01850000000001,123.767,-66.77550000000001,52.757,71.01,-9.8165
96.60282111167908,4.490825074067374,-54.96549705724017,35.365672342348034,4.490825074067374,-54.96549705724017,35.365672342348034,8.97870951352256e-18,-0.633750120090415,0.7728163934312356,-0.03340070851527339,1.444749999999999,-16.542749999999998,126.067,-70.5825,54.03975,72.02725,-9.8165
96.71861171722412,4.7100270218221,-55.034683665201456,35.338036869141575,4.7100270218221,-55.034683665201456,35.338036869141575,-4.493449200340217e-18,-0.6346131294657538,0.7721122009548763,-0.03330052621654888,-0.6807500000000033,-9.4315,131.94025,-71.02625,61.594750000000005,70.3455,-9.8165
96.78638672828674,4.7100270218221,-55.034683665201456,35.338036869141575,4.7100270218221,-55.034683665201456,35.338036869141575,-4.493449200340217e-18,-0.6346131294657538,0.7721122009548763,-0.03330052621654888,-1.319749999999999,-8.109500000000004,132.62325,-71.02625,62.91675,69.7065,-9.8165
96.89757657051086,5.28472399676599,-54.96002665460503,35.16468832499074,5.28472399676599,-54.96002665460503,35.16468832499074,0.0,-0.6362688591556516,0.7707177729568627,-0.034000784067125124,-3.8845000000000027,-1.549500000000009,136.61849999999998,-71.02625,69.47675,67.14175,-9.8165
96.96394181251526,5.912546743963418,-55.08542349660375,35.160916042103985,5.912546743963418,-55.08542349660375,35.160916042103985,-9.011510184577339e-18,-0.6371331739997806,0.7700034469009125,-0.034000152200819506,-4.245750000000001,0.22450000000000614,136.92575,-70.4735,70.69800000000001,66.22775,-9.8165
97.02865886688232,5.912546743963418,-55.08542349660375,35.160916042103985,5.912546743963418,-55.08542349660375,35.160916042103985,-9.011510184577339e-18,-0.6371331739997806,0.7700034469009125,-0.034000152200819506,-6.2734999999999985,2.173500000000004,135.53,-69.815,71.9885,63.5415,-9.8165
97.15193009376526,6.525484679887427,-55.090792669098676,34.99911907460482,6.525484679887427,-55.090792669098676,34.99911907460482,4.514554574337371e-18,-0.6390258043268321,0.768502605257097,-0.032400109837774825,-8.67625000000001,7.030999999999992,135.35525,-68.50025000000001,75.53125,59.824,-9.8165
97.22343134880066,7.304046998422734,-54.889545995365225,34.75084404068443,7.304046998422734,-54.889545995365225,34.75084404068443,-6.794761351580624e-18,-0.6421960912719916,0.7659092289856224,-0.031100374750558633,-9.21725,9.537499999999994,135.12525,-67.4025,76.94,58.18525,-9.8165
97.32120418548584,7.304046998422734,-54.889545995365225,34.75084404068443,7.304046998422734,-54.889545995365225,34.75084404068443,-6.794761351580624e-18,-0.6421960912719916,0.7659092289856224,-0.031100374750558633,-10.210500000000003,10.800249999999991,133.76375,-66.587,77.38725,56.3765,-9.8165
97.45173072814941,7.956828255470327,-54.91822990462538,34.57264790212657,7.956828255470327,-54.91822990462538,34.57264790212657,-4.542294236267089e-18,-0.6447017876672874,0.7638093816671918,-0.030900379541131475,-12.426749999999998,12.12875000000001,132.71300000000002,-66.5055,78.63425000000001,54.07875,-9.8165
97.52785563468933,8.30833674436738,-55.03561358718285,34.36178573552823,8.30833674436738,-55.03561358718285,34.36178573552823,-2.276236085233227e-18,-0.6467195118727959,0.7621017377022492,-0.03090007045663233,-12.803000000000004,14.012999999999991,130.1915,-64.49075,78.50375,51.68775,-9.8165
97.67013216018677,8.748989710048676,-55.03978036269142,34.32850508321882,8.748989710048676,-55.03978036269142,34.32850508321882,0.0,-0.64844617005704,0.7606126292638369,-0.031400521376392966,-15.099250000000005,14.675249999999991,127.816,-64.12,78.79525,49.02075,-9.8165
97.73739457130432,9.096540490509284,-55.14433926857684,34.358100525456734,9.096540490509284,-55.14433926857684,34.358100525456734,-4.565031916122342e-18,-0.6491582782196336,0.7600049716411739,-0.031400205407280085,-15.440750000000001,15.417500000000004,126.49225000000001,-63.25775,78.67525,47.817,-9.8165
97.78894186019897,9.096540490509284,-55.14433926857684,34.358100525456734,9.096540490509284,-55.14433926857684,34.358100525456734,-4.565031916122342e-18,-0.6491582782196336,0.7600049716411739,-0.031400205407280085,-16.060250000000003,16.05825,126.5135,-63.25775,79.316,47.1975,-9.8165
97.85547184944153,9.476567485271715,-55.224823843408075,34.273828842988195,9.476567485271715,-55.224823843408075,34.273828842988195,-4.567404563086e-18,-0.6496202004151364,0.7596101689773365,-0.03140042036056921,-16.09075,16.031499999999994,124.30125,-62.18025,78.21175,46.0895,-9.8165
97.92065906524658,9.476567485271715,-55.224823843408075,34.273828842988195,9.476567485271715,-55.224823843408075,34.273828842988195,-4.567404563086e-18,-0.6496202004151364,0.7596101689773365,-0.03140042036056921,-16.68925,16.63075,124.23750000000001,-62.148,78.77875,45.45875,-9.8165
98.0453999042511,9.634537199174503,-55.24544037817263,34.36985242334097,9.634537199174503,-55.24544037817263,34.36985242334097,2.2848991868155164e-18,-0.6500460525664785,0.7592122602111415,-0.03220051999314903,-16.987249999999996,17.5905,124.23625,-61.8165,79.407,44.82925,-9.8165
98.11076998710632,9.575148711564026,-55.27359210768692,34.30217312322128,9.575148711564026,-55.27359210768692,34.30217312322128,0.0,-0.649962062181352,0.7593052178891981,-0.03170021784154822,-17.293999999999997,17.463,122.24549999999999,-61.03825,78.50125,43.74425,-9.8165
98.16380071640015,9.575148711564026,-55.27359210768692,34.30217312322128,9.575148711564026,-55.27359210768692,34.30217312322128,0.0,-0.649962062181352,0.7593052178891981,-0.03170021784154822,-17.588,18.323999999999998,122.04249999999999,-60.65325,78.97725,43.06525,-9.8165
98.23900389671326,9.694084029241509,-55.29031765664314,34.346610114805614,9.694084029241509,-55.29031765664314,34.346610114805614,-2.2848980517085804e-18,-0.6500505572200092,0.7592126373776856,-0.03210053432537369,-18.58925,18.621250000000003,119.88900000000001,-59.9285,78.54975,41.33925,-9.8165
98.28465008735657,9.694084029241509,-55.29031765664314,34.346610114805614,9.694084029241509,-55.29031765664314,34.346610114805614,-2.2848980517085804e-18,-0.6500505572200092,0.7592126373776856,-0.03210053432537369,-18.978499999999997,19.319499999999998,119.767,-59.713,79.0325,40.734500000000004,-9.8165
98.41117906570435,9.562443560194055,-55.28407427325891,34.44475188508147,9.562443560194055,-55.28407427325891,34.44475188508147,0.0,-0.6501523066938509,0.7591127602721397,-0.032400544635512216,-19.962250000000004,20.341,115.79625,-57.70875,78.04975,37.7465,-9.8165
98.48483180999756,9.394394259167967,-55.20285729831444,34.421019303984664,9.394394259167967,-55.20285729831444,34.421019303984664,-9.142048569780394e-18,-0.6503034773925793,0.7590086457037838,-0.031800362231067615,-20.882749999999994,20.426500000000004,114.39725000000001,-57.42675,77.85325,36.544000000000004,-9.8165
98.53443360328674,9.394394259167967,-55.20285729831444,34.421019303984664,9.394394259167967,-55.20285729831444,34.421019303984664,-9.142048569780394e-18,-0.6503034773925793,0.7590086457037838,-0.031800362231067615,-21.4465,21.956500000000005,111.75150000000001,-55.62075,77.57725,34.17425,-9.8165
98.60652184486389,9.534488720715615,-55.1830741458449,34.44056844007909,9.534488720715615,-55.1830741458449,34.44056844007909,-4.571013186828858e-18,-0.6503255809548505,0.7590104885172174,-0.03130043253042016,-22.418999999999997,22.46575,111.02525,-55.48925,77.955,33.07025,-9.8165
98.67558646202087,9.534488720715615,-55.1830741458449,34.44056844007909,9.534488720715615,-55.1830741458449,34.44056844007909,-4.571013186828858e-18,-0.6503255809548505,0.7590104885172174,-0.03130043253042016,-22.46575,22.46575,110.9785,-55.48925,77.955,33.0235,-9.8165
98.79555892944336,9.535809247665526,-55.19531231708889,34.35141417280501,9.535809247665526,-55.19531231708889,34.35141417280501,-2.2855022203178022e-18,-0.6503430123094216,0.759011940813425,-0.030900486127977377,-21.9865,21.752249999999997,110.22675,-55.2305,76.98275,33.244,-9.8165
98.86842012405396,9.533036958202189,-55.26503512603588,34.43160796510636,9.533036958202189,-55.26503512603588,34.43160796510636,4.5698308587071845e-18,-0.6500818107715918,0.7592068632787711,-0.0316002856686106,-21.090249999999997,21.177250000000008,108.846,-54.3795,75.55675000000001,33.28925,-9.8165
98.92554712295532,9.533036958202189,-55.26503512603588,34.43160796510636,9.533036958202189,-55.26503512603588,34.43160796510636,4.5698308587071845e-18,-0.6500818107715918,0.7592068632787711,-0.0316002856686106,-20.09525,20.290999999999997,106.73775,-53.271,73.562,33.17575,-9.8165
99.03362154960632,9.550408353332273,-55.360399867102814,34.475240530839685,9.550408353332273,-55.360399867102814,34.475240530839685,6.852908350088806e-18,-0.6498243552986128,0.7594104812248044,-0.032000441663410255,-20.898500000000002,19.784749999999995,101.06824999999999,-51.091,70.87575,30.1925,-9.8165
99.09749555587769,9.623890073251033,-55.29884943607301,34.34674157645552,9.623890073251033,-55.29884943607301,34.34674157645552,2.2843180021916855e-18,-0.6498643715064628,0.7594054217987292,-0.03130022346892313,-21.309,19.61425,97.83525,-49.765,69.37925,28.456,-9.8165
99.23450112342834,8.743746326381853,-55.22972504831512,34.41507022245533,8.743746326381853,-55.22972504831512,34.41507022245533,-6.829526375641274e-18,-0.6468174752184879,0.7620104443101683,-0.031100426270401885,-18.551000000000002,21.38825,89.54375,-43.35325,64.7415,24.80225,-9.8165
99.28604102134705,8.743746326381853,-55.22972504831512,34.41507022245533,8.743746326381853,-55.22972504831512,34.41507022245533,-6.829526375641274e-18,-0.6468174752184879,0.7620104443101683,-0.031100426270401885,-18.488750000000003,17.724999999999994,83.84225,-42.303000000000004,60.028,23.81425,-9.8165
99.3578372001648,8.516261935468492,-54.67826428926064,35.45653163946214,8.516261935468492,-54.67826428926064,35.45653163946214,-1.134378672830231e-17,-0.6435483276925439,0.7646139325101815,-0.03480063412418824,-16.206249999999997,18.081500000000005,81.80025,-39.9625,58.044000000000004,23.75625,-9.8165
99.40343880653381,8.516261935468492,-54.67826428926064,35.45653163946214,8.516261935468492,-54.67826428926064,35.45653163946214,-1.134378672830231e-17,-0.6435483276925439,0.7646139325101815,-0.03480063412418824,-16.537249999999997,17.711250000000007,78.682,-38.754,56.465250000000005,22.21675,-9.8165
99.47172474861145,7.482693377170335,-55.301518873198916,34.941274656105875,7.482693377170335,-55.301518873198916,34.941274656105875,-2.252293809513474e-18,-0.6369288984230577,0.7702030119913753,-0.03330013022502312,-12.76325,18.790000000000006,73.55275,-33.763,52.553000000000004,20.99975,-9.8165
99.59987497329712,6.189650698413004,-55.20513039060671,34.626235148526746,6.189650698413004,-55.20513039060671,34.626235148526746,0.0,-0.6336353604328504,0.7729148061226665,-0.03330063791419951,-8.44875,17.443250000000003,67.89150000000001,-29.4485,46.89175,20.99975,-9.8165
99.66263055801392,6.189650698413004,-55.20513039060671,34.626235148526746,6.189650698413004,-55.20513039060671,34.626235148526746,0.0,-0.6336353604328504,0.7729148061226665,-0.03330063791419951,-4.788,15.927250000000004,62.71475,-25.78775,41.715,20.99975,-9.8165
99.73031806945801,5.120254053821498,-55.058072189972705,35.30694411876493,5.120254053821498,-55.058072189972705,35.30694411876493,-2.230559838987143e-18,-0.6277645753652035,0.7777076613934346,-0.03290032410935322,-4.40025,14.909749999999999,61.574,-25.53225,40.442,21.132,-9.8165
99.77663946151733,5.120254053821498,-55.058072189972705,35.30694411876493,5.120254053821498,-55.058072189972705,35.30694411876493,-2.230559838987143e-18,-0.6277645753652035,0.7777076613934346,-0.03290032410935322,-3.8847500000000004,11.36475,61.63850000000001,-27.079250000000002,38.444,23.1945,-9.8165
99.8533194065094,4.772990835247612,-54.678891835274825,34.99737907610525,4.772990835247612,-54.678891835274825,34.99737907610525,2.2305567418901434e-18,-0.6277736851584851,0.7777087412297011,-0.032700367543025875,-5.351999999999997,-1.7042499999999947,60.544250000000005,-33.80025,32.096000000000004,28.44825,-9.8165
99.97233080863953,4.705082817281863,-55.02167611319264,35.06361682899836,4.705082817281863,-55.02167611319264,35.06361682899836,2.2288376747427306e-18,-0.626971527183496,0.7783085756467403,-0.03380037242305,-11.422250000000002,-7.426750000000002,59.1575,-39.00325,31.5765,27.581,-9.8165
100.0268714427948,4.705082817281863,-55.02167611319264,35.06361682899836,4.705082817281863,-55.02167611319264,35.06361682899836,2.2288376747427306e-18,-0.626971527183496,0.7783085756467403,-0.03380037242305,-14.775499999999997,-3.7424999999999997,61.5175,-40.01775,36.27525,25.242250000000002,-9.8165
100.09668612480164,4.649171282045046,-55.04923742666686,35.36941786599307,4.649171282045046,-55.04923742666686,35.36941786599307,4.458250606791704e-18,-0.6269679734435765,0.7782081488797994,-0.03610037801922483,-16.2915,0.040500000000001535,70.61850000000001,-43.43475,43.47525,27.143250000000002,-9.8165
100.16921162605286,4.649171282045046,-55.04923742666686,35.36941786599307,4.649171282045046,-55.04923742666686,35.36941786599307,4.458250606791704e-18,-0.6269679734435765,0.7782081488797994,-0.03610037801922483,-17.62075,-1.5847499999999997,79.997,-49.60125,48.0165,31.9805,-9.8165
100.23558378219604,5.000739580103954,-55.08368692791689,35.24812085999711,5.000739580103954,-55.08368692791689,35.24812085999711,-8.922203708699566e-18,-0.6275905707633821,0.7777107686009773,-0.03600049848223632,-18.955499999999994,-2.953249999999997,82.40875,-52.15875,49.2055,33.203250000000004,-9.8165
100.35558414459229,5.661405434571549,-55.42991536770583,35.406381708667595,5.661405434571549,-55.42991536770583,35.406381708667595,-6.702062496937824e-18,-0.6291242100390398,0.7765028198868944,-0.03530012819318401,-19.26175,1.4495000000000005,88.72725,-53.26975,54.71925,34.008,-9.8165
100.40109872817993,5.661405434571549,-55.42991536770583,35.406381708667595,5.661405434571549,-55.42991536770583,35.406381708667595,-6.702062496937824e-18,-0.6291242100390398,0.7765028198868944,-0.03530012819318401,-18.854750000000003,1.8770000000000024,91.22225,-54.1,55.977000000000004,35.24525,-9.8165
100.47496628761292,5.284517462387498,-55.041601039107576,35.08502919408549,5.284517462387498,-55.041601039107576,35.08502919408549,0.0,-0.6306026447370341,0.7753117161598029,-0.035100530423331715,-18.622750000000003,5.328249999999997,99.9005,-56.597500000000004,61.92575,37.97475,-9.8165
100.538987159729,5.284517462387498,-55.041601039107576,35.08502919408549,5.284517462387498,-55.041601039107576,35.08502919408549,0.0,-0.6306026447370341,0.7753117161598029,-0.035100530423331715,-18.621250000000003,11.866500000000002,106.44325,-56.599000000000004,68.4655,37.97775,-9.8165
100.65859460830688,6.83819039769736,-55.03648783540275,34.34013036522792,6.83819039769736,-55.03648783540275,34.34013036522792,9.023240136333509e-18,-0.6384241870761426,0.7690024646431239,-0.03240010384192096,-18.173000000000002,15.113500000000002,111.2445,-57.152,72.2655,38.979,-9.8165
100.78693175315857,7.262057146152642,-55.39200929427089,33.72894997300463,7.262057146152642,-55.39200929427089,33.72894997300463,-2.2726312582613923e-18,-0.6455163091008917,0.7633105765270096,-0.025800357492986824,-17.98075,15.306250000000006,117.1825,-59.9285,75.23475,41.94775,-9.8165
100.84963297843933,8.919813316671451,-55.3047258340511,34.5592066060278,8.919813316671451,-55.3047258340511,34.5592066060278,-2.2831122991769144e-18,-0.6493760349878739,0.759806460944647,-0.03170026956033866,-17.98075,17.521500000000003,119.39775,-59.9285,77.45,41.94775,-9.8165
100.90628814697266,8.919813316671451,-55.3047258340511,34.5592066060278,8.919813316671451,-55.3047258340511,34.5592066060278,-2.2831122991769144e-18,-0.6493760349878739,0.759806460944647,-0.03170026956033866,-17.902249999999995,18.55025,120.51050000000001,-59.93125,78.4815,42.029,-9.8165
100.96991276741028,8.534707142709323,-55.49326179049076,33.48913771670074,8.534707142709323,-55.49326179049076,33.48913771670074,-9.15291274437681e-18,-0.6515947325125031,0.7581077300414791,-0.02640026919020584,-18.04175,17.17225,121.1925,-61.031,78.20325,42.98925,-9.835
101.03163170814514,8.534707142709323,-55.49326179049076,33.48913771670074,8.534707142709323,-55.49326179049076,33.48913771670074,-9.15291274437681e-18,-0.6515947325125031,0.7581077300414791,-0.02640026919020584,-16.814999999999998,18.795749999999998,121.84025,-59.92975,78.7255,43.11475,-9.866
101.16228175163269,8.575874863196077,-55.552704435559946,33.35657908538198,8.575874863196077,-55.552704435559946,33.35657908538198,4.576443807873728e-18,-0.6516202934234442,0.7581098113746012,-0.02570033261090523,-17.339999999999996,18.4075,120.9245,-59.9285,78.336,42.5885,-9.931000000000001
101.22857451438904,9.688224595145783,-54.78284948550545,32.964531346314374,9.688224595145783,-54.78284948550545,32.964531346314374,-9.172294174172384e-18,-0.653473892020791,0.7565058176443982,-0.02590019917645725,-17.339999999999996,17.339749999999995,119.85675,-59.9285,77.26825,42.5885,-9.964
101.28587222099304,9.688224595145783,-54.78284948550545,32.964531346314374,9.688224595145783,-54.78284948550545,32.964531346314374,-9.172294174172384e-18,-0.653473892020791,0.7565058176443982,-0.02590019917645725,-16.709249999999997,16.745500000000007,119.89325000000001,-59.9285,76.674,43.21925,-9.9925
101.34985065460205,9.521339041722342,-53.716548562948745,32.83587850097762,9.521339041722342,-53.716548562948745,32.83587850097762,0.0,-0.653895313470965,0.7562074436127334,-0.02390023525832364,-17.296999999999997,17.334500000000006,119.89450000000001,-59.9285,77.263,42.6315,-10.0235
101.41263008117676,9.521339041722342,-53.716548562948745,32.83587850097762,9.521339041722342,-53.716548562948745,32.83587850097762,0.0,-0.653895313470965,0.7562074436127334,-0.02390023525832364,-16.819250000000004,16.676750000000006,119.7065,-59.9245,76.60125000000001,43.10525,-10.056000000000001
101.54538774490356,10.353634985089514,-53.18724470821816,33.88598368238656,10.353634985089514,-53.18724470821816,33.88598368238656,4.5873516064851e-18,-0.6534912342112877,0.7563071788630473,-0.030800292356183857,-16.698999999999998,16.699250000000006,117.63725000000001,-58.8185,75.51775,42.1195,-10.1225
101.6195478439331,9.79500219199224,-52.70412305785065,33.195604892574366,9.79500219199224,-52.70412305785065,33.195604892574366,4.577683356487176e-18,-0.6517556859556382,0.7579045298178946,-0.02820016854580371,-16.698999999999998,16.699250000000006,117.63725000000001,-58.8185,75.51775,42.1195,-10.1595
101.66806554794312,9.79500219199224,-52.70412305785065,33.195604892574366,9.79500219199224,-52.70412305785065,33.195604892574366,4.577683356487176e-18,-0.6517556859556382,0.7579045298178946,-0.02820016854580371,-16.698999999999998,16.699250000000006,117.63725000000001,-58.8185,75.51775,42.1195,-10.184000000000001
101.77764296531677,9.650646517444216,-51.712399517987066,33.410653398047444,9.650646517444216,-51.712399517987066,33.410653398047444,6.8664872981776445e-18,-0.6517067978480063,0.7579086950778459,-0.02920033499970062,-16.698999999999998,16.699250000000006,117.63725000000001,-58.8185,75.51775,42.1195,-10.239
101.85474061965942,8.873823363455699,-51.074050889052614,32.78658864550579,8.873823363455699,-51.074050889052614,32.78658864550579,0.0,-0.6505789257056587,0.7589148768135877,-0.028200552808200254,-16.698999999999998,16.699250000000006,117.63725000000001,-58.8185,75.51775,42.1195,-10.277000000000001
102.03260493278503,9.274215773672438,-50.49943041717188,32.84487441680913,9.274215773672438,-50.49943041717188,32.84487441680913,-6.850233847891971e-18,-0.649582371463942,0.7597069740227783,-0.0298002735630891,-16.07625,16.139250000000004,117.7,-58.8185,74.95775,42.74225,-10.366
102.097736120224,8.942879639370972,-49.65062371528268,32.723451400316655,8.942879639370972,-49.65062371528268,32.723451400316655,-2.281897778776053e-18,-0.6489267897295322,0.7602108613766497,-0.03120044577078594,-16.016,17.463,117.5305,-58.04175,75.50475,42.02575,-10.399000000000001
102.15345883369446,8.942879639370972,-49.65062371528268,32.723451400316655,8.942879639370972,-49.65062371528268,32.723451400316655,-2.281897778776053e-18,-0.6489267897295322,0.7602108613766497,-0.03120044577078594,-15.853750000000005,16.123499999999993,115.96775,-57.849000000000004,73.9725,41.99525,-10.4265
102.2209825515747,8.468032060163381,-49.22226927426014,32.899894732230734,8.468032060163381,-49.22226927426014,32.899894732230734,-4.5542509638668585e-18,-0.6470460398714143,0.7618040769997063,-0.03140016804645678,-16.31675,15.982999999999997,117.02375,-58.67875,74.66175,42.362,-10.46
102.29031944274902,8.468032060163381,-49.22226927426014,32.899894732230734,8.468032060163381,-49.22226927426014,32.899894732230734,-4.5542509638668585e-18,-0.6470460398714143,0.7618040769997063,-0.03140016804645678,-16.05825,16.1385,115.49775,-57.70875,73.84725,41.6505,-10.4955
102.44274139404297,8.491480561447446,-48.36615839214858,32.520257635363606,8.491480561447446,-48.36615839214858,32.520257635363606,6.832242281813123e-18,-0.6470851562983916,0.7617075351357931,-0.03290032546405093,-16.05825,16.058500000000002,115.41775000000001,-57.70875,73.76725,41.6505,-10.56
102.54224753379822,8.898406196145373,-48.1174450519776,32.41138522266564,8.898406196145373,-48.1174450519776,32.41138522266564,4.544664778009684e-18,-0.6451198800379545,0.7634109711988576,-0.03200045988782218,-16.05825,16.058500000000002,115.41775000000001,-57.70875,73.76725,41.6505,-10.6205
102.60066080093384,8.200373416962805,-46.51555795603055,32.938270381903365,8.200373416962805,-46.51555795603055,32.938270381903365,4.550039174038324e-18,-0.6460026045930425,0.762509248656502,-0.03550043059318796,-16.05825,16.058500000000002,115.41775000000001,-57.70875,73.76725,41.6505,-10.649000000000001
102.66099905967712,8.200373416962805,-46.51555795603055,32.938270381903365,8.200373416962805,-46.51555795603055,32.938270381903365,4.550039174038324e-18,-0.6460026045930425,0.762509248656502,-0.03550043059318796,-16.05825,16.058500000000002,115.41775000000001,-57.70875,73.76725,41.6505,-10.68
102.72791767120361,8.001953959150029,-45.86372593831686,32.43196539531466,8.001953959150029,-45.86372593831686,32.43196539531466,-2.2735182249236197e-18,-0.6454404982652474,0.7630127865084901,-0.03490058486126645,-16.05825,16.058500000000002,115.41775000000001,-57.70875,73.76725,41.6505,-10.714
102.86649584770203,7.8879800586285285,-45.514286652402404,33.04857072732169,7.8879800586285285,-45.514286652402404,33.04857072732169,-2.2672801386764393e-18,-0.6428273606735264,0.7651121034339761,-0.03710058690027514,-16.05825,16.058500000000002,115.41775000000001,-57.70875,73.76725,41.6505,-10.7825
102.91427874565125,7.8879800586285285,-45.514286652402404,33.04857072732169,7.8879800586285285,-45.514286652402404,33.04857072732169,-2.2672801386764393e-18,-0.6428273606735264,0.7651121034339761,-0.03710058690027514,-16.05825,16.058500000000002,115.41775000000001,-57.70875,73.76725,41.6505,-10.807
102.98806762695312,8.191025146618728,-45.51357365194366,32.881348820038795,8.191025146618728,-45.51357365194366,32.881348820038795,6.777100799924673e-18,-0.6395511736659812,0.767905123675933,-0.036000240203585866,-16.05825,16.058500000000002,115.41775000000001,-57.70875,73.76725,41.6505,-10.8435
103.03360366821289,8.191025146618728,-45.51357365194366,32.881348820038795,8.191025146618728,-45.51357365194366,32.881348820038795,6.777100799924673e-18,-0.6395511736659812,0.767905123675933,-0.036000240203585866,-16.05825,16.058500000000002,115.41775000000001,-57.70875,73.76725,41.6505,-10.8665
103.10919427871704,7.623499908333912,-44.6111189098083,32.597640268339745,7.623499908333912,-44.6111189098083,32.597640268339745,-9.030171933510869e-18,-0.6388200836448537,0.7684121581513937,-0.038100602844310376,-16.05825,16.058500000000002,115.41775000000001,-57.70875,73.76725,41.6505,-10.903500000000001
103.22439289093018,7.938101303403158,-44.29110355449134,32.69969973424979,7.938101303403158,-44.29110355449134,32.69969973424979,0.0,-0.6368354290170811,0.7699141282982072,-0.040900750548638364,-16.05825,16.058500000000002,115.41775000000001,-57.70875,73.76725,41.6505,-10.962
103.28518223762512,7.938101303403158,-44.29110355449134,32.69969973424979,7.938101303403158,-44.29110355449134,32.69969973424979,0.0,-0.6368354290170811,0.7699141282982072,-0.040900750548638364,-15.65625,15.799749999999996,115.561,-57.70875,73.5085,42.0525,-10.993
103.34588527679443,7.257328339024298,-43.69296057891523,32.829596430665575,7.257328339024298,-43.69296057891523,32.829596430665575,4.497519414809831e-18,-0.6351256577780585,0.7714134463831575,-0.03920068330077751,-15.6695,15.323,114.5975,-57.472,72.795,41.8025,-11.0225
103.41273760795593,7.257328339024298,-43.69296057891523,32.829596430665575,7.257328339024298,-43.69296057891523,32.829596430665575,4.497519414809831e-18,-0.6351256577780585,0.7714134463831575,-0.03920068330077751,-15.651499999999999,15.336499999999994,112.63499999999999,-56.475,71.8115,40.8235,-11.056000000000001
103.46983766555786,7.107777606048785,-42.94829700109267,32.4929798325439,7.107777606048785,-42.94829700109267,32.4929798325439,-2.245847227578195e-18,-0.6338269121250067,0.7724138377156861,-0.04050072556639731,-14.98225,15.008499999999998,109.19575,-54.58475,69.59325,39.6025,-11.085
103.59986472129822,7.062644139128224,-42.13351856266236,33.12748678004943,7.062644139128224,-42.13351856266236,33.12748678004943,-2.238023467239927e-18,-0.6301225375896521,0.7751140688958807,-0.04630084039463202,-15.128250000000001,14.606000000000002,105.22075000000001,-52.871500000000005,67.4775,37.74325,-11.1495
103.6587061882019,7.062644139128224,-42.13351856266236,33.12748678004943,7.062644139128224,-42.13351856266236,33.12748678004943,-2.238023467239927e-18,-0.6301225375896521,0.7751140688958807,-0.04630084039463202,-15.049999999999997,14.673250000000003,103.51225,-51.9445,66.61775,36.8945,-11.18
103.77980613708496,5.775927564132189,-41.05514851114407,32.98059060032089,5.775927564132189,-41.05514851114407,32.98059060032089,-8.917515496540037e-18,-0.6263626046492079,0.7781196350709448,-0.04690118350446899,-14.082500000000003,13.791249999999998,87.18675,-43.739000000000004,57.53025,29.6565,-11.24
103.8506600856781,5.599775514067716,-40.66629217899347,32.62175748004841,5.599775514067716,-40.66629217899347,32.62175748004841,-2.211513362710309e-18,-0.6184420148825512,0.7844056044277419,-0.047300337951851346,-13.787000000000003,12.978249999999996,83.28825,-42.048500000000004,55.02675,28.2615,-11.275
103.94654035568237,5.599775514067716,-40.66629217899347,32.62175748004841,5.599775514067716,-40.66629217899347,32.62175748004841,-2.211513362710309e-18,-0.6184420148825512,0.7844056044277419,-0.047300337951851346,-12.828,13.024500000000003,78.812,-39.30775,52.33225,26.47975,-11.3125
104.03445863723755,5.1840113547974624,-40.13539720366697,32.96670775043437,5.1840113547974624,-40.13539720366697,32.96670775043437,-6.628569192373208e-18,-0.6175904003656968,0.7851121828702203,-0.046700724672066346,-11.737000000000002,12.57875,81.35725,-40.25775,52.8365,28.52075,-11.3675
104.11137509346008,4.44388446135693,-39.08568204857565,32.99335873123519,4.44388446135693,-39.08568204857565,32.99335873123519,1.3265564637260364e-17,-0.6179004416203222,0.784613481632426,-0.05080087288672857,-10.850249999999996,9.719500000000004,87.74975,-44.44025,54.15975,33.59,-11.4055
104.16344714164734,4.44388446135693,-39.08568204857565,32.99335873123519,4.44388446135693,-39.08568204857565,32.99335873123519,1.3265564637260364e-17,-0.6179004416203222,0.784613481632426,-0.05080087288672857,-14.253250000000001,9.242749999999994,92.759,-48.884750000000004,58.1275,34.6315,-11.432
104.22629261016846,3.589780221469681,-38.569088081983764,32.64732893325889,3.589780221469681,-38.569088081983764,32.64732893325889,-4.415657399472611e-18,-0.6165077580941715,0.7857147052142205,-0.050700948904621325,-14.439750000000004,13.41075,99.1155,-50.072250000000004,63.483000000000004,35.6325,-11.4635
104.28609871864319,3.589780221469681,-38.569088081983764,32.64732893325889,3.589780221469681,-38.569088081983764,32.64732893325889,-4.415657399472611e-18,-0.6165077580941715,0.7857147052142205,-0.050700948904621325,-15.412000000000006,14.308,100.99600000000001,-51.050000000000004,65.358,35.638,-11.493
104.41437005996704,5.121648892526139,-38.02497966768094,33.18083095586098,5.121648892526139,-38.02497966768094,33.18083095586098,0.0,-0.6125823532397214,0.788126019607853,-0.06000198093702727,-14.378250000000001,14.384500000000003,107.10725,-53.5505,67.935,39.17225,-11.557
104.4826021194458,4.313484308665522,-36.487954831070965,33.0689173416872,4.313484308665522,-36.487954831070965,33.0689173416872,1.3203102870071492e-17,-0.6121769592979238,0.7883253624762894,-0.06150197867853838,-17.213249999999995,12.15975000000001,109.74050000000001,-57.397,69.55675000000001,40.18375,-11.591000000000001
104.5328938961029,4.313484308665522,-36.487954831070965,33.0689173416872,4.313484308665522,-36.487954831070965,33.0689173416872,1.3203102870071492e-17,-0.6121769592979238,0.7883253624762894,-0.06150197867853838,-17.869249999999994,15.096750000000007,113.3605,-58.0665,73.16325,40.197250000000004,-11.616
104.601491689682,4.405723781690114,-36.940132842371526,32.43580840500062,4.405723781690114,-36.940132842371526,32.43580840500062,-4.3849678720249e-18,-0.6081919281342247,0.7912137678562934,-0.06390111193884875,-18.621249999999996,16.865499999999997,115.88125,-58.8185,75.684,40.197250000000004,-11.650500000000001
104.65965461730957,4.405723781690114,-36.940132842371526,32.43580840500062,4.405723781690114,-36.940132842371526,32.43580840500062,-4.3849678720249e-18,-0.6081919281342247,0.7912137678562934,-0.06390111193884875,-18.474249999999998,17.341000000000008,118.37275000000001,-59.753,77.09400000000001,41.27875,-11.6795
104.77582240104675,3.797011754022833,-36.553518312436324,32.21220412817166,3.797011754022833,-36.553518312436324,32.21220412817166,0.0,-0.6124082465579475,0.788215475198979,-0.06060118979581087,-19.26225,19.011750000000006,119.60650000000001,-59.9285,78.94025,40.66625,-11.73775
104.85787749290466,5.5249477941348175,-34.95483814001085,32.442331804854916,5.5249477941348175,-34.95483814001085,32.442331804854916,0.0,-0.617459181527519,0.7841079768842562,-0.06260063684855817,-18.621499999999997,18.621250000000003,119.85675,-59.9285,78.54975,41.307,-11.74225
104.91609144210815,5.5249477941348175,-34.95483814001085,32.442331804854916,5.5249477941348175,-34.95483814001085,32.442331804854916,0.0,-0.617459181527519,0.7841079768842562,-0.06260063684855817,-19.416250000000005,18.332250000000002,116.298,-58.691,77.02325,39.27475,-11.74225
105.02943897247314,5.535290278873276,-35.73349048879463,31.54997898632242,5.535290278873276,-35.73349048879463,31.54997898632242,0.0,-0.6155305693597098,0.785818008590514,-0.06010137734320425,-17.757,17.667750000000005,97.39925000000001,-48.74425,66.412,30.98725,-11.74225
105.09547424316406,5.31089671861622,-35.0288033684605,32.01523546671828,5.31089671861622,-35.0288033684605,32.01523546671828,-4.419556567056172e-18,-0.6164576476066654,0.7850215059617583,-0.06100167116390732,-16.771000000000004,16.261249999999997,92.71225,-46.611000000000004,62.87225,29.84,-11.74225
105.22931480407715,3.6112234187035313,-34.2595547087776,31.682568706821954,3.6112234187035313,-34.2595547087776,31.682568706821954,-4.3882789834922e-18,-0.6094134263312152,0.7906167691263383,-0.05950126203265509,-16.674750000000003,15.89,83.54975,-42.16725,58.05725,25.4925,-11.74225
105.28811979293823,3.6112234187035313,-34.2595547087776,31.682568706821954,3.6112234187035313,-34.2595547087776,31.682568706821954,-4.3882789834922e-18,-0.6094134263312152,0.7906167691263383,-0.05950126203265509,-18.599999999999998,16.921750000000003,78.53875000000001,-40.1085,57.03025,21.5085,-11.74225
105.36170482635498,3.9332346769940045,-34.73272840260424,32.18636966454697,3.9332346769940045,-34.73272840260424,32.18636966454697,0.0,-0.6095429915278637,0.7906063476222362,-0.05830046808294507,-13.719749999999998,18.083000000000006,72.08575,-33.86125,51.944250000000004,20.1415,-11.74225
105.40802669525146,3.9332346769940045,-34.73272840260424,32.18636966454697,3.9332346769940045,-34.73272840260424,32.18636966454697,0.0,-0.6095429915278637,0.7906063476222362,-0.05830046808294507,-11.308250000000001,15.994500000000002,67.58575,-31.44975,47.444250000000004,20.1415,-11.74225
105.47378754615784,4.5898326724906156,-34.838499665249046,32.84659047026908,4.5898326724906156,-34.838499665249046,32.84659047026908,0.0,-0.6112226919922007,0.7894177825708887,-0.05680127951612172,-10.932500000000001,11.621750000000002,62.837250000000004,-31.074,42.695750000000004,20.1415,-11.74225
105.6145851612091,3.150152839915279,-34.82948796650366,32.23852734117672,3.150152839915279,-34.82948796650366,32.23852734117672,-1.3189884271097239e-17,-0.6121072918659154,0.7891154040425097,-0.05120099947658913,-10.932500000000001,10.932500000000001,62.148,-31.074,42.0065,20.1415,-11.74225
105.65930390357971,3.150152839915279,-34.82948796650366,32.23852734117672,3.150152839915279,-34.82948796650366,32.23852734117672,-1.3189884271097239e-17,-0.6121072918659154,0.7891154040425097,-0.05120099947658913,-10.932500000000001,10.932500000000001,62.148,-31.074,42.0065,20.1415,-11.74225
105.73506450653076,3.841590142833354,-35.02850059521232,32.51836377509454,3.841590142833354,-35.02850059521232,32.51836377509454,-8.792264434916919e-18,-0.6118306553899464,0.7892044143202337,-0.053100297010142426,-10.348750000000003,10.300250000000002,62.099500000000006,-31.074,41.37425,20.72525,-11.74225
105.78225922584534,3.841590142833354,-35.02850059521232,32.51836377509454,3.841590142833354,-35.02850059521232,32.51836377509454,-8.792264434916919e-18,-0.6118306553899464,0.7892044143202337,-0.053100297010142426,-10.873250000000002,10.919250000000002,62.194,-31.074,41.99325,20.20075,-11.74225
105.84839129447937,3.72400805437465,-34.77385087677291,32.663374027740375,3.72400805437465,-34.77385087677291,32.663374027740375,-8.79878644845944e-18,-0.6126361218255056,0.7886194243436995,-0.052501293149941966,-10.4405,10.339499999999997,62.047,-31.074,41.4135,20.6335,-11.74225
105.96656274795532,3.5096152031833583,-34.787981235195446,32.89431999182922,3.5096152031833583,-34.787981235195446,32.89431999182922,0.0,-0.6125841797452265,0.7886262964083041,-0.05300176732137983,-10.886000000000003,10.81625,62.07825,-31.074,41.89025,20.188,-11.74225
106.02742338180542,3.5096152031833583,-34.787981235195446,32.89431999182922,3.5096152031833583,-34.787981235195446,32.89431999182922,0.0,-0.6125841797452265,0.7886262964083041,-0.05300176732137983,-10.650750000000002,11.052749999999996,63.754,-31.676000000000002,42.72875,21.02525,-11.74225
106.0962884426117,3.428191092816064,-34.86837262236615,32.883959532396176,3.428191092816064,-34.86837262236615,32.883959532396176,0.0,-0.6122414091923635,0.7889059354070859,-0.05280039724869326,-10.565000000000001,11.085499999999996,65.8965,-32.688,43.7735,22.123,-11.74225
106.1578483581543,3.428191092816064,-34.86837262236615,32.883959532396176,3.428191092816064,-34.86837262236615,32.883959532396176,0.0,-0.6122414091923635,0.7889059354070859,-0.05280039724869326,-10.693250000000003,11.335499999999996,73.36925,-36.3635,47.699,25.67025,-11.74225
106.2249686717987,3.505672984400036,-34.87071540676331,33.026756828721545,3.505672984400036,-34.87071540676331,33.026756828721545,0.0,-0.612050111846668,0.7890071979168338,-0.053500488071673784,-11.878999999999998,12.101500000000001,77.7875,-38.7825,50.884,26.9035,-11.74225
106.3492043018341,3.646358219227608,-34.88026117857328,32.97967665304151,3.646358219227608,-34.88026117857328,32.97967665304151,-8.798728159919312e-18,-0.6124724395278311,0.7886246486754585,-0.05430169721414835,-10.916250000000002,11.657249999999998,84.039,-41.649,53.30625,30.73275,-11.74225
106.40710949897766,3.646358219227608,-34.88026117857328,32.97967665304151,3.646358219227608,-34.88026117857328,32.97967665304151,-8.798728159919312e-18,-0.6124724395278311,0.7886246486754585,-0.05430169721414835,-13.309250000000002,12.348499999999994,88.98425,-44.972500000000004,57.321,31.66325,-11.74225
106.46196818351746,3.7795218771902057,-34.79327861163897,32.899044939382804,3.7795218771902057,-34.79327861163897,32.899044939382804,4.4005018245176255e-18,-0.6126454675272833,0.7884207507024332,-0.05530145549701239,-12.0625,13.719249999999995,93.35775000000001,-45.850500000000004,59.56975,33.788000000000004,-11.74225
106.52382516860962,3.7795218771902057,-34.79327861163897,32.899044939382804,3.7795218771902057,-34.79327861163897,32.899044939382804,4.4005018245176255e-18,-0.6126454675272833,0.7884207507024332,-0.05530145549701239,-13.898249999999997,12.559249999999999,95.494,-48.4165,60.97575,34.51825,-11.74225
106.59194540977478,3.973039273984739,-34.517145768769794,32.440022423348076,3.973039273984739,-34.517145768769794,32.440022423348076,8.79776286187124e-18,-0.6118777071812893,0.7887111772448205,-0.05950084321803832,-12.88675,13.997500000000002,100.27074999999999,-49.58,63.5775,36.69325,-11.74225
106.72068953514099,3.4855680239394644,-35.08397084524306,32.79326612542977,3.4855680239394644,-35.08397084524306,32.79326612542977,1.7544066501696853e-17,-0.6086649240706177,0.791024578393624,-0.061701917176847774,-15.835250000000002,11.776999999999994,104.50575,-54.282000000000004,66.059,38.44675,-11.74225
106.8159692287445,3.7380357488278264,-35.029058187807166,32.718803732619605,3.7380357488278264,-35.029058187807166,32.718803732619605,4.384471120501246e-18,-0.6083228004458647,0.7913034107422692,-0.06150026508359606,-17.49075,15.131749999999997,109.51599999999999,-55.9375,71.06925,38.44675,-11.74225
106.90438079833984,3.7380357488278264,-35.029058187807166,32.718803732619605,3.7380357488278264,-35.029058187807166,32.718803732619605,4.384471120501246e-18,-0.6083228004458647,0.7913034107422692,-0.06150026508359606,-20.3485,15.77075,112.66925,-58.6235,74.39425,38.275,-11.74225
106.96649384498596,3.954828267820915,-34.90597092283544,32.472936839951174,3.954828267820915,-34.90597092283544,32.472936839951174,4.384986548456427e-18,-0.6082694807491559,0.7912103979372309,-0.06320083057334806,-20.5435,18.109250000000003,115.20275000000001,-58.8185,76.92775,38.275,-11.74225
107.02882075309753,3.954828267820915,-34.90597092283544,32.472936839951174,3.954828267820915,-34.90597092283544,32.472936839951174,4.384986548456427e-18,-0.6082694807491559,0.7912103979372309,-0.06320083057334806,-20.316000000000003,18.691999999999993,117.6425,-59.633250000000004,78.32525,39.31725,-11.74225
107.16291093826294,4.029078332225168,-34.854508440465096,32.86067198259915,4.029078332225168,-34.854508440465096,32.86067198259915,-4.4077930576714916e-18,-0.613917906549963,0.7871165698024899,-0.05960125468203329,-20.543749999999996,20.54350000000001,119.85675,-59.9285,80.47200000000001,39.384750000000004,-11.74225
107.23182964324951,3.7472850328531138,-34.697334886368125,32.56236172410718,3.7472850328531138,-34.697334886368125,32.56236172410718,4.42073587456489e-18,-0.6171893385910262,0.7848120879411494,-0.05610086408447818,-20.543749999999996,20.54350000000001,119.85675,-59.9285,80.47200000000001,39.384750000000004,-11.74225
107.28051233291626,3.7472850328531138,-34.697334886368125,32.56236172410718,3.7472850328531138,-34.697334886368125,32.56236172410718,4.42073587456489e-18,-0.6171893385910262,0.7848120879411494,-0.05610086408447818,-20.543749999999996,20.54350000000001,119.85675,-59.9285,80.47200000000001,39.384750000000004,-11.74225
107.33905673027039,3.987051612102192,-34.888512800468845,31.794661917779663,3.987051612102192,-34.888512800468845,31.794661917779663,1.3274141618970563e-17,-0.6181486635732546,0.7841065098315588,-0.05540045994728781,-20.543749999999996,20.54350000000001,119.85675,-59.9285,80.47200000000001,39.384750000000004,-11.74225
107.4081802368164,3.987051612102192,-34.888512800468845,31.794661917779663,3.987051612102192,-34.888512800468845,31.794661917779663,1.3274141618970563e-17,-0.6181486635732546,0.7841065098315588,-0.05540045994728781,-20.543749999999996,20.54350000000001,119.85675,-59.9285,80.47200000000001,39.384750000000004,-11.74225
107.53189778327942,4.366470487651611,-35.073671071082956,32.199208246028995,4.366470487651611,-35.073671071082956,32.199208246028995,-8.848157043661684e-18,-0.6179425645458493,0.7842191170055979,-0.05610136758991845,-20.317999999999998,20.442000000000007,119.98100000000001,-59.9285,80.3705,39.6105,-11.74225
107.61388325691223,4.481042772962212,-35.28850008649219,32.27077419866711,4.481042772962212,-35.28850008649219,32.27077419866711,0.0,-0.6177420481881263,0.7844056521906508,-0.0557004013602999,-19.903,19.902749999999997,119.85675,-59.9285,79.83125,40.0255,-11.74225
107.65965604782104,4.481042772962212,-35.28850008649219,32.27077419866711,4.481042772962212,-35.28850008649219,32.27077419866711,0.0,-0.6177420481881263,0.7844056521906508,-0.0557004013602999,-19.903,19.902749999999997,119.85675,-59.9285,79.83125,40.0255,-11.758000000000001
107.73397016525269,4.380415138463263,-35.26847414106483,32.32710394822174,4.380415138463263,-35.26847414106483,32.32710394822174,-4.423549378731998e-18,-0.6177962211703671,0.7843129249634657,-0.05640092945038821,-19.903,19.902749999999997,119.85675,-59.9285,79.83125,40.0255,-11.7955
107.78490138053894,4.380415138463263,-35.26847414106483,32.32710394822174,4.380415138463263,-35.26847414106483,32.32710394822174,-4.423549378731998e-18,-0.6177962211703671,0.7843129249634657,-0.05640092945038821,-19.903,19.902749999999997,119.85675,-59.9285,79.83125,40.0255,-11.822000000000001
107.94690799713135,4.68850423422694,-33.81770722846652,32.35460802758226,4.68850423422694,-33.81770722846652,32.35460802758226,1.3289388891086705e-17,-0.6191520902520664,0.7832068834137134,-0.05690050008457647,-19.903,19.902749999999997,119.85675,-59.9285,79.83125,40.0255,-11.8885
108.02938604354858,5.804767808128531,-34.41691460086504,31.918367086766548,5.804767808128531,-34.41691460086504,31.918367086766548,-4.4162014112983556e-18,-0.6159304932466804,0.7856179165826596,-0.05860133644570243,-19.903,19.902749999999997,119.85675,-59.9285,79.83125,40.0255,-11.9435
108.12017035484314,4.687254973825361,-33.31119121343049,31.850981215487767,4.687254973825361,-33.31119121343049,31.850981215487767,-4.407245564374175e-18,-0.614002188218967,0.7872143499329317,-0.057401046349276286,-19.903,19.902749999999997,119.85675,-59.9285,79.83125,40.0255,-11.9875
108.16912150382996,4.687254973825361,-33.31119121343049,31.850981215487767,4.687254973825361,-33.31119121343049,31.850981215487767,-4.407245564374175e-18,-0.614002188218967,0.7872143499329317,-0.057401046349276286,-19.903,19.902749999999997,119.85675,-59.9285,79.83125,40.0255,-12.012
108.23749542236328,5.153453057052644,-32.529352700850865,31.811132910097342,5.153453057052644,-32.529352700850865,31.811132910097342,4.404454141084796e-18,-0.6130935084518658,0.7877132649856825,-0.060201013776993884,-19.903,19.902749999999997,119.85675,-59.9285,79.83125,40.0255,-12.0475
108.34543132781982,4.940888302596335,-32.04163304008004,31.35743063143817,4.940888302596335,-32.04163304008004,31.35743063143817,-8.796643810067101e-18,-0.6116798613928474,0.7888115119502943,-0.06020087857429984,-19.903,19.902749999999997,119.85675,-59.9285,79.83125,40.0255,-12.101
108.41695785522461,4.940888302596335,-32.04163304008004,31.35743063143817,4.940888302596335,-32.04163304008004,31.35743063143817,-8.796643810067101e-18,-0.6116798613928474,0.7888115119502943,-0.06020087857429984,-19.903,19.902749999999997,119.85675,-59.9285,79.83125,40.0255,-12.137
108.5378930568695,2.539399386539827,-32.39346796537481,31.572053955894134,2.539399386539827,-32.39346796537481,31.572053955894134,8.734583318299937e-18,-0.6040030063096173,0.7944161330935458,-0.06390129771485092,-19.903,19.902749999999997,119.85675,-59.9285,79.83125,40.0255,-12.1975
108.60878920555115,3.998112170672954,-30.697441487655325,31.29018306296439,3.998112170672954,-30.697441487655325,31.29018306296439,4.373302388680467e-18,-0.605457392802852,0.7933242761656897,-0.06370194931520791,-19.26225,19.262,119.85675,-59.9285,79.1905,40.66625,-12.233
108.6625349521637,3.998112170672954,-30.697441487655325,31.29018306296439,3.998112170672954,-30.697441487655325,31.29018306296439,4.373302388680467e-18,-0.605457392802852,0.7933242761656897,-0.06370194931520791,-19.552500000000002,19.119499999999995,118.351,-59.392,78.5115,39.8395,-12.26
108.78956341743469,3.809289394469971,-29.62762474314256,31.84717327144842,3.809289394469971,-29.62762474314256,31.84717327144842,4.3722689049203315e-18,-0.6046758879492566,0.7935117961407344,-0.06860101980498347,-19.262,19.262249999999995,117.63725,-58.8185,78.08075,39.5565,-12.323500000000001
108.85632538795471,2.925151204628861,-29.288935308715395,31.30303254675321,2.925151204628861,-29.288935308715395,31.30303254675321,4.352542301042609e-18,-0.5999499459368057,0.7971081524291083,-0.06840069956862503,-19.262,19.262249999999995,117.63725,-58.8185,78.08075,39.5565,-12.357000000000001
108.94804525375366,2.925151204628861,-29.288935308715395,31.30303254675321,2.925151204628861,-29.288935308715395,31.30303254675321,4.352542301042609e-18,-0.5999499459368057,0.7971081524291083,-0.06840069956862503,-19.262,19.262249999999995,117.63725,-58.8185,78.08075,39.5565,-12.392
109.02840113639832,3.325510779259332,-28.75275850865721,31.89152778894388,3.325510779259332,-28.75275850865721,31.89152778894388,-8.688495181354699e-18,-0.5972797409942178,0.7986301147749874,-0.07380278295816939,-19.262,19.262249999999995,117.63725,-58.8185,78.08075,39.5565,-12.443
109.09690809249878,3.2566932604313195,-28.395410336203838,30.508933693503494,3.2566932604313195,-28.395410336203838,30.508933693503494,4.32161054782297e-18,-0.59267652928502,0.802813421885358,-0.06500108672464905,-19.262,19.262249999999995,117.63725,-58.8185,78.08075,39.5565,-12.477
109.22368788719177,4.083971530187256,-27.339618389469933,29.578764875706714,4.083971530187256,-27.339618389469933,29.578764875706714,1.2960010699267177e-17,-0.5927687779990171,0.8031120573418492,-0.06030090531404993,-18.957500000000003,18.4215,116.028,-58.282000000000004,76.7035,39.3245,-12.541
109.27870011329651,4.083971530187256,-27.339618389469933,29.578764875706714,4.083971530187256,-27.339618389469933,29.578764875706714,1.2960010699267177e-17,-0.5927687779990171,0.8031120573418492,-0.06030090531404993,-18.878,18.538500000000006,114.928,-57.63375,76.17225,38.75575,-12.568
109.35235214233398,2.1974239418609898,-26.976604767028718,30.89408206441158,2.1974239418609898,-26.976604767028718,30.89408206441158,8.603480491190622e-18,-0.5867172544545057,0.8065217223439028,-0.07270195810837166,-18.051250000000003,17.746250000000003,110.786,-55.545500000000004,73.29175000000001,37.49425,-12.6045
109.40679907798767,2.1974239418609898,-26.976604767028718,30.89408206441158,2.1974239418609898,-26.976604767028718,30.89408206441158,8.603480491190622e-18,-0.5867172544545057,0.8065217223439028,-0.07270195810837166,-17.81725,17.902750000000005,109.19650000000001,-54.5555,72.45825,36.73825,-12.6305
109.47723531723022,2.5962020815237565,-25.69229498772502,31.268814483761794,2.5962020815237565,-25.69229498772502,31.268814483761794,4.3054740341914506e-18,-0.5872209316090435,0.8058222914367571,-0.07630211074289472,-18.441250000000004,17.747000000000007,105.93725,-53.31575,71.06275000000001,34.8745,-12.667
109.59657287597656,3.5341976270324835,-25.71309174864973,30.2356969438174,3.5341976270324835,-25.71309174864973,30.2356969438174,0.0,-0.5855434055380558,0.8075081288540671,-0.07120071674849482,-22.481749999999998,20.067000000000007,91.57575,-46.99525,67.06225,24.5135,-12.727
109.66559267044067,3.5341976270324835,-25.71309174864973,30.2356969438174,3.5341976270324835,-25.71309174864973,30.2356969438174,0.0,-0.5855434055380558,0.8075081288540671,-0.07120071674849482,-17.273249999999997,20.249000000000002,82.96625,-39.99525,60.24425,22.722,-12.7615
109.73021864891052,2.2468977304123428,-23.95844070440269,30.30890001126992,2.2468977304123428,-23.95844070440269,30.30890001126992,1.2910150475722733e-17,-0.5878749739295225,0.8062137521505662,-0.06650113435625486,-15.662249999999997,18.592750000000002,73.2335,-35.1515,53.74425,19.489250000000002,-12.794500000000001
109.78261590003967,2.2468977304123428,-23.95844070440269,30.30890001126992,2.2468977304123428,-23.95844070440269,30.30890001126992,1.2910150475722733e-17,-0.5878749739295225,0.8062137521505662,-0.06650113435625486,-19.51025,14.612250000000003,63.7,-34.299,48.91125,14.78875,-12.82
109.85065960884094,3.0831733202212206,-24.933030497384735,29.445582066764523,3.0831733202212206,-24.933030497384735,29.445582066764523,-4.3028843443525105e-18,-0.5888399791810487,0.8063072753761619,-0.05600050529711653,-19.71275,14.850749999999998,57.472,-31.167,46.01775,11.45425,-12.854000000000001
109.96592116355896,2.433607974212123,-23.95614269517833,30.50315243471383,2.433607974212123,-23.95614269517833,30.50315243471383,8.499322089979995e-18,-0.5718264553114454,0.8164055709910812,-0.08060055000230419,-11.282250000000001,19.789499999999997,48.63275,-20.06275,39.85225,8.7805,-12.90825
110.03543400764465,2.433607974212123,-23.95614269517833,30.50315243471383,2.433607974212123,-23.95614269517833,30.50315243471383,8.499322089979995e-18,-0.5718264553114454,0.8164055709910812,-0.08060055000230419,-11.770500000000002,15.29825,39.03575,-17.754,33.05225,5.9835,-12.90875
110.09757566452026,2.3645310036941396,-21.99818213970717,30.929906269334126,2.3645310036941396,-21.99818213970717,30.929906269334126,2.9594917859022776e-17,-0.562480481883509,0.8206182149031052,-0.10100224190252696,-14.051250000000001,11.432749999999999,28.611,-15.61475,27.0475,1.5635000000000001,-12.90875
110.1559226512909,2.3645310036941396,-21.99818213970717,30.929906269334126,2.3645310036941396,-21.99818213970717,30.929906269334126,2.9594917859022776e-17,-0.562480481883509,0.8206182149031052,-0.10100224190252696,-12.8065,10.978500000000002,24.986500000000003,-13.40725,24.38575,0.60075,-12.90875
110.22499775886536,3.311921155188969,-23.095921380533667,30.438458957814106,3.311921155188969,-23.095921380533667,30.438458957814106,-4.220047769769949e-18,-0.5609506462072098,0.8221345210371271,-0.09710407735397769,-10.767000000000001,11.326249999999998,23.29475,-11.367750000000001,22.694,0.60075,-12.90875
110.34788465499878,2.613478336212353,-24.206547655566183,29.66193664272757,2.613478336212353,-24.206547655566183,29.66193664272757,1.2591487134324937e-17,-0.5554722677037802,0.8266172807727573,-0.09030188779794339,-0.834,16.24175,18.277250000000002,-1.43475,17.6765,0.60075,-12.90875
110.44182872772217,2.613478336212353,-24.206547655566183,29.66193664272757,2.613478336212353,-24.206547655566183,29.66193664272757,1.2591487134324937e-17,-0.5554722677037802,0.8266172807727573,-0.09030188779794339,0.60075,14.37775,14.9785,0.0,14.37775,0.60075,-12.90875
110.53438425064087,2.9725137041795335,-23.308337634151755,30.159744197892568,2.9725137041795335,-23.308337634151755,30.159744197892568,-8.412541184853236e-18,-0.5577162907913656,0.8248273323642913,-0.09280307522236446,0.60075,2.37325,2.974,0.0,2.37325,0.60075,-12.90875
110.60009598731995,2.8252393081221783,-23.07970864899947,30.25741220398555,2.8252393081221783,-23.07970864899947,30.25741220398555,-1.2631305570850332e-17,-0.5584491547895917,0.8240114845990665,-0.09560133243649362,0.60075,-0.5205,0.08025000000000004,0.0,-0.5205,0.60075,-12.90875
110.65424346923828,2.8252393081221783,-23.07970864899947,30.25741220398555,2.8252393081221783,-23.07970864899947,30.25741220398555,-1.2631305570850332e-17,-0.5584491547895917,0.8240114845990665,-0.09560133243649362,0.60075,-0.60075,0.0,0.0,-0.60075,0.60075,-12.90875
110.78729033470154,1.277122409125468,-22.534032572325685,30.15957720826948,1.277122409125468,-22.534032572325685,30.15957720826948,8.418690580816212e-18,-0.5585063347169422,0.8242248408225127,-0.09340281501191783,0.60075,-0.60075,0.0,0.0,-0.60075,0.60075,-12.90875
110.87538266181946,2.5909613710512645,-22.855909035372136,30.748154072122006,2.5909613710512645,-22.855909035372136,30.748154072122006,4.2164963563064755e-18,-0.559316316284701,0.8228269773705545,-0.10060329839994869,0.60075,-0.60075,0.0,0.0,-0.60075,0.60075,-12.90875
110.96597695350647,3.1825719263713665,-22.311808452921184,31.27782520311784,3.1825719263713665,-22.311808452921184,31.27782520311784,0.0,-0.5598968855650901,0.8222223654067722,-0.10230278275494134,0.60075,-0.60075,0.0,0.0,-0.60075,0.60075,-12.90875
111.02982974052429,3.1825719263713665,-22.311808452921184,31.27782520311784,3.1825719263713665,-22.311808452921184,31.27782520311784,0.0,-0.5598968855650901,0.8222223654067722,-0.10230278275494134,0.60075,-0.60075,0.0,0.0,-0.60075,0.60075,-12.90875
111.11667513847351,2.6808723095049913,-22.71104744052515,30.345995967038007,2.6808723095049913,-22.71104744052515,30.345995967038007,-8.426792461108597e-18,-0.5589392173411628,0.8234323956513312,-0.09770384388527455,0.60075,-0.60075,0.0,0.0,-0.60075,0.60075,-12.90875
111.24591088294983,1.8564451807339992,-22.76760533497547,29.947848866179903,1.8564451807339992,-22.76760533497547,29.947848866179903,-2.5298975832749458e-17,-0.5599171194606327,0.8228270523415635,-0.09720319577977635,0.60075,-0.60075,0.0,0.0,-0.60075,0.60075,-12.90875
111.28598642349243,1.8564451807339992,-22.76760533497547,29.947848866179903,1.8564451807339992,-22.76760533497547,29.947848866179903,-2.5298975832749458e-17,-0.5599171194606327,0.8228270523415635,-0.09720319577977635,0.60075,-0.60075,0.0,0.0,-0.60075,0.60075,-12.90875
111.36288404464722,2.437719433032953,-22.416924988732106,31.4225500353572,2.437719433032953,-22.416924988732106,31.4225500353572,2.5329882248368633e-17,-0.5596998721659953,0.8218230747228356,-0.10650299033582623,0.60075,-0.60075,0.0,0.0,-0.60075,0.60075,-12.90875
111.41114330291748,2.437719433032953,-22.416924988732106,31.4225500353572,2.437719433032953,-22.416924988732106,31.4225500353572,2.5329882248368633e-17,-0.5596998721659953,0.8218230747228356,-0.10650299033582623,0.60075,-0.60075,0.0,0.0,-0.60075,0.60075,-12.90875
111.49878215789795,2.2513244443543385,-23.701292793702166,30.34433101783253,2.2513244443543385,-23.701292793702166,30.34433101783253,-4.206334044182144e-18,-0.5563627783218024,0.8248148899995874,-0.10070181792308251,0.60075,-0.60075,0.0,0.0,-0.60075,0.60075,-12.90875
111.59705066680908,2.2513244443543385,-23.701292793702166,30.34433101783253,2.2513244443543385,-23.701292793702166,30.34433101783253,-4.206334044182144e-18,-0.5563627783218024,0.8248148899995874,-0.10070181792308251,0.60075,-0.60075,0.0,0.0,-0.60075,0.60075,-12.90875
111.66836261749268,2.938741920370063,-23.02223197911485,30.695377487349283,2.938741920370063,-23.02223197911485,30.695377487349283,-8.426817650839005e-18,-0.5584281937537439,0.8234299342191612,-0.10060365725339764,0.60075,-0.60075,0.0,0.0,-0.60075,0.60075,-12.90875
111.72043013572693,2.938741920370063,-23.02223197911485,30.695377487349283,2.938741920370063,-23.02223197911485,30.695377487349283,-8.426817650839005e-18,-0.5584281937537439,0.8234299342191612,-0.10060365725339764,0.60075,-0.60075,0.0,0.0,-0.60075,0.60075,-12.90875
111.78429770469666,2.7587482009502935,-23.12552431318656,30.575657168725215,2.7587482009502935,-23.12552431318656,30.575657168725215,2.1059808800682197e-17,-0.5581548344178646,0.8237128325308506,-0.09980155479735205,0.60075,-0.60075,0.0,0.0,-0.60075,0.60075,-12.90875
111.8425145149231,2.7587482009502935,-23.12552431318656,30.575657168725215,2.7587482009502935,-23.12552431318656,30.575657168725215,2.1059808800682197e-17,-0.5581548344178646,0.8237128325308506,-0.09980155479735205,0.60075,-0.60075,0.0,0.0,-0.60075,0.60075,-12.90875
111.96910262107849,3.0085111903636914,-23.105179757510157,30.616943342846813,3.0085111903636914,-23.105179757510157,30.616943342846813,-4.2109350259361576e-18,-0.5578583025225414,0.82391367489274,-0.09980165645623916,0.60075,-0.60075,0.0,0.0,-0.60075,0.60075,-12.90875
112.02989101409912,3.9361278363052747,-23.056609646982807,30.825912963929667,3.9361278363052747,-23.056609646982807,30.825912963929667,1.2640566797137244e-17,-0.558533278353582,0.8234077650867727,-0.10020094493769083,0.60075,-0.60075,0.0,0.0,-0.60075,0.60075,-12.90875
112.08571124076843,3.9361278363052747,-23.056609646982807,30.825912963929667,3.9361278363052747,-23.056609646982807,30.825912963929667,1.2640566797137244e-17,-0.558533278353582,0.8234077650867727,-0.10020094493769083,0.60075,-0.60075,0.0,0.0,-0.60075,0.60075,-12.90875
112.16266179084778,2.947954629713223,-22.91678128134305,30.287339160318602,2.947954629713223,-22.91678128134305,30.287339160318602,0.0,-0.5588299768160738,0.8235302715184706,-0.09750358405956389,0.60075,-0.60075,0.0,0.0,-0.60075,0.60075,-12.90875
112.21669101715088,2.947954629713223,-22.91678128134305,30.287339160318602,2.947954629713223,-22.91678128134305,30.287339160318602,0.0,-0.5588299768160738,0.8235302715184706,-0.09750358405956389,0.60075,-0.60075,0.0,0.0,-0.60075,0.60075,-12.90875
112.34610557556152,4.740565590672759,-22.54053621767288,30.595374214673704,4.740565590672759,-22.54053621767288,30.595374214673704,4.2190608526617285e-18,-0.5606168027217167,0.8223268336518077,-0.097403178399229,0.60075,-0.60075,0.0,0.0,-0.60075,0.60075,-12.90875
112.41677975654602,3.3787754427692676,-23.754134781795557,31.024450103337124,3.3787754427692676,-23.754134781795557,31.024450103337124,0.0,-0.5554297966301235,0.8254310012071991,-0.10080378594825014,0.60075,-0.60075,0.0,0.0,-0.60075,0.60075,-12.90875
112.47158741950989,3.3787754427692676,-23.754134781795557,31.024450103337124,3.3787754427692676,-23.754134781795557,31.024450103337124,0.0,-0.5554297966301235,0.8254310012071991,-0.10080378594825014,0.60075,-0.60075,0.0,0.0,-0.60075,0.60075,-12.90875
112.53313398361206,2.848201617820962,-23.110585947987317,30.625405851675982,2.848201617820962,-23.110585947987317,30.625405851675982,0.0,-0.5575912320118862,0.8240214399026532,-0.10040261233765338,0.60075,-0.60075,0.0,0.0,-0.60075,0.60075,-12.90875
112.60131001472473,2.848201617820962,-23.110585947987317,30.625405851675982,2.848201617820962,-23.110585947987317,30.625405851675982,0.0,-0.5575912320118862,0.8240214399026532,-0.10040261233765338,0.60075,-0.60075,0.0,0.0,-0.60075,0.60075,-12.90875
112.72602105140686,2.7780809445121406,-22.878291188987404,30.31991896797083,2.7780809445121406,-22.878291188987404,30.31991896797083,2.1061708379737057e-17,-0.5585651646458927,0.8236385409484358,-0.0981045906593511,0.60075,-0.60075,0.0,0.0,-0.60075,0.60075,-12.90875
112.79289937019348,2.6112610887971357,-22.00639712754544,30.54098882426398,2.6112610887971357,-22.00639712754544,30.54098882426398,1.2670998992932116e-17,-0.5616323926665595,0.8214301699231935,-0.09910363993107923,0.60075,-0.60075,0.0,0.0,-0.60075,0.60075,-12.90875
112.847092628479,2.6112610887971357,-22.00639712754544,30.54098882426398,2.6112610887971357,-22.00639712754544,30.54098882426398,1.2670998992932116e-17,-0.5616323926665595,0.8214301699231935,-0.09910363993107923,0.60075,-0.60075,0.0,0.0,-0.60075,0.60075,-12.90875
112.91704320907593,3.154122830774355,-22.08399128515765,30.87262156661896,3.154122830774355,-22.08399128515765,30.87262156661896,0.0,-0.5622541183403407,0.8205122659624844,-0.10310154128059981,0.60075,-0.60075,0.0,0.0,-0.60075,0.60075,-12.90875
112.96785879135132,3.154122830774355,-22.08399128515765,30.87262156661896,3.154122830774355,-22.08399128515765,30.87262156661896,0.0,-0.5622541183403407,0.8205122659624844,-0.10310154128059981,0.60075,-0.60075,0.0,0.0,-0.60075,0.60075,-12.90875
113.09614062309265,2.9601599561247554,-23.468166780328346,30.68624398796039,2.9601599561247554,-23.468166780328346,30.68624398796039,8.415673613517749e-18,-0.5570861219036524,0.824520320365273,-0.09910244238714198,0.60075,-0.60075,0.0,0.0,-0.60075,0.60075,-12.90875
113.15430092811584,2.8306836573276257,-23.496874283780002,31.193009976652775,2.8306836573276257,-23.496874283780002,31.193009976652775,-3.365069045841407e-17,-0.5559607435628229,0.8248144462274734,-0.10290180227546919,0.60075,-0.60075,0.0,0.0,-0.60075,0.60075,-12.90875
113.22270560264587,2.8306836573276257,-23.496874283780002,31.193009976652775,2.8306836573276257,-23.496874283780002,31.193009976652775,-3.365069045841407e-17,-0.5559607435628229,0.8248144462274734,-0.10290180227546919,0.60075,-0.60075,0.0,0.0,-0.60075,0.60075,-12.90875
113.29535794258118,2.9917592385158116,-22.282078989271085,30.21095750881624,2.9917592385158116,-22.282078989271085,30.21095750881624,1.688258692236767e-17,-0.5608778677758282,0.8220178502044514,-0.09850213898435337,0.60075,-0.60075,0.0,0.0,-0.60075,0.60075,-12.90875
113.3572006225586,2.9917592385158116,-22.282078989271085,30.21095750881624,2.9917592385158116,-22.282078989271085,30.21095750881624,1.688258692236767e-17,-0.5608778677758282,0.8220178502044514,-0.09850213898435337,0.60075,-0.60075,0.0,0.0,-0.60075,0.60075,-12.90875
113.49559140205383,2.256958932236927,-21.58583626327291,30.679908014080056,2.256958932236927,-21.58583626327291,30.679908014080056,-8.444276656123889e-18,-0.5610198947959063,0.8217274476523764,-0.10010334368991468,0.60075,-0.60075,0.0,0.0,-0.60075,0.60075,-12.90875
113.60388016700745,2.919943853486245,-22.92260507229645,30.166585361727858,2.919943853486245,-22.92260507229645,30.166585361727858,0.0,-0.5600054264104356,0.8226243307869406,-0.09840291046612569,0.60075,-0.60075,0.0,0.0,-0.60075,0.60075,-12.90875
113.67481255531311,2.767794823010348,-22.899265133310053,30.312550836321552,2.767794823010348,-22.899265133310053,30.312550836321552,8.423820044365668e-18,-0.5585983654072836,0.8237229507945576,-0.09720270828849217,0.60075,-0.60075,0.0,0.0,-0.60075,0.60075,-12.90875
113.7319164276123,2.767794823010348,-22.899265133310053,30.312550836321552,2.767794823010348,-22.899265133310053,30.312550836321552,8.423820044365668e-18,-0.5585983654072836,0.8237229507945576,-0.09720270828849217,0.60075,-0.60075,0.0,0.0,-0.60075,0.60075,-12.90875
113.79084062576294,2.814947457927161,-23.306354424564418,30.59121719232174,2.814947457927161,-23.306354424564418,30.59121719232174,-4.2053112018935084e-18,-0.5560652322727658,0.825015506674379,-0.10070189275407265,0.60075,-0.60075,0.0,0.0,-0.60075,0.60075,-12.90875
113.86697292327881,2.814947457927161,-23.306354424564418,30.59121719232174,2.814947457927161,-23.306354424564418,30.59121719232174,-4.2053112018935084e-18,-0.5560652322727658,0.825015506674379,-0.10070189275407265,0.60075,-0.60075,0.0,0.0,-0.60075,0.60075,-12.90875
113.9854485988617,2.8688489997861097,-22.598249952609933,30.020355842619992,2.8688489997861097,-22.598249952609933,30.020355842619992,-4.2099025275065796e-18,-0.5586674751873737,0.8241157436033278,-0.09340178431325181,0.60075,-0.60075,0.0,0.0,-0.60075,0.60075,-12.90875
114.04246497154236,2.58288000021264,-22.9211696688281,30.56519030202995,2.58288000021264,-22.9211696688281,30.56519030202995,0.0,-0.5571726784937604,0.824340710256237,-0.10010494370574949,0.60075,-0.60075,0.0,0.0,-0.60075,0.60075,-12.90875
114.10669350624084,2.58288000021264,-22.9211696688281,30.56519030202995,2.58288000021264,-22.9211696688281,30.56519030202995,0.0,-0.5571726784937604,0.824340710256237,-0.10010494370574949,0.60075,-0.60075,0.0,0.0,-0.60075,0.60075,-12.90875
114.16862630844116,4.340731384784448,-23.606366623465007,29.38304663770011,4.340731384784448,-23.606366623465007,29.38304663770011,-4.206859092190966e-18,-0.5581509865433835,0.8247119468284113,-0.09120132114799456,0.60075,-0.60075,0.0,0.0,-0.60075,0.60075,-12.90875
114.30129623413086,2.546156632771698,-23.16530803556516,30.10351091958934,2.546156632771698,-23.16530803556516,30.10351091958934,4.204256752273103e-18,-0.5567947745907522,0.8252224248858728,-0.09480257619871635,0.60075,-0.60075,0.0,0.0,-0.60075,0.60075,-12.90875
114.35453772544861,2.546156632771698,-23.16530803556516,30.10351091958934,2.546156632771698,-23.16530803556516,30.10351091958934,4.204256752273103e-18,-0.5567947745907522,0.8252224248858728,-0.09480257619871635,0.60075,-0.60075,0.0,0.0,-0.60075,0.60075,-12.90875
114.43139290809631,2.7130282596512814,-23.211756899010567,30.233496931249093,2.7130282596512814,-23.211756899010567,30.233496931249093,-1.683153519812562e-17,-0.5573471794198347,0.8245111122935421,-0.09770131676298248,0.60075,-0.60075,0.0,0.0,-0.60075,0.60075,-12.90875
114.47954559326172,2.7130282596512814,-23.211756899010567,30.233496931249093,2.7130282596512814,-23.211756899010567,30.233496931249093,-1.683153519812562e-17,-0.5573471794198347,0.8245111122935421,-0.09770131676298248,0.60075,-0.60075,0.0,0.0,-0.60075,0.60075,-12.90875
114.54437804222107,2.593982791439231,-22.967398949582233,30.45056228788013,2.593982791439231,-22.967398949582233,30.45056228788013,8.420711185802092e-18,-0.557815332265425,0.8240270626555498,-0.09910325474413223,0.60075,-0.60075,0.0,0.0,-0.60075,0.60075,-12.90875
114.65356040000916,2.593982791439231,-22.967398949582233,30.45056228788013,2.593982791439231,-22.967398949582233,30.45056228788013,8.420711185802092e-18,-0.557815332265425,0.8240270626555498,-0.09910325474413223,0.60075,-0.60075,0.0,0.0,-0.60075,0.60075,-12.90875
114.74219059944153,2.5468166830026178,-22.71820201545023,30.567079437837368,2.5468166830026178,-22.71820201545023,30.567079437837368,-1.2640178678019246e-17,-0.5584415409959008,0.8234330479806049,-0.1005040336677809,0.60075,-0.60075,0.0,0.0,-0.60075,0.60075,-12.90875
114.80230641365051,2.665188334293191,-22.872826799546687,30.489109390294303,2.665188334293191,-22.872826799546687,30.489109390294303,8.424875534483416e-18,-0.558184431447348,0.8236197526605593,-0.10040240792510949,0.60075,-0.60075,0.0,0.0,-0.60075,0.60075,-12.90875
114.86292243003845,2.665188334293191,-22.872826799546687,30.489109390294303,2.665188334293191,-22.872826799546687,30.489109390294303,8.424875534483416e-18,-0.558184431447348,0.8236197526605593,-0.10040240792510949,0.60075,-0.60075,0.0,0.0,-0.60075,0.60075,-12.90875
114.92793679237366,3.976392264183147,-23.65928663143204,30.707341347330946,3.976392264183147,-23.65928663143204,30.707341347330946,4.202777155419807e-18,-0.5560544244035183,0.8255129462382974,-0.0966015149686487,0.60075,-0.60075,0.0,0.0,-0.60075,0.60075,-12.90875
115.05670642852783,3.6232365092924965,-22.387644439609673,31.163528971850493,3.6232365092924965,-22.387644439609673,31.163528971850493,4.223267787244747e-18,-0.5603334287006265,0.8215076871118978,-0.10560098814244237,0.60075,-0.60075,0.0,0.0,-0.60075,0.60075,-12.90875
115.11382794380188,3.6232365092924965,-22.387644439609673,31.163528971850493,3.6232365092924965,-22.387644439609673,31.163528971850493,4.223267787244747e-18,-0.5603334287006265,0.8215076871118978,-0.10560098814244237,0.60075,-0.60075,0.0,0.0,-0.60075,0.60075,-12.90875
115.1797981262207,2.815951140110741,-22.689521706174304,30.082575481344783,2.815951140110741,-22.689521706174304,30.082575481344783,0.0,-0.5592998450698546,0.8232231709816581,-0.09740274156172679,0.60075,-0.60075,0.0,0.0,-0.60075,0.60075,-12.90875
115.23686623573303,2.815951140110741,-22.689521706174304,30.082575481344783,2.815951140110741,-22.689521706174304,30.082575481344783,0.0,-0.5592998450698546,0.8232231709816581,-0.09740274156172679,0.60075,-0.60075,0.0,0.0,-0.60075,0.60075,-12.90875
115.3113739490509,2.6268124251895415,-23.346122904494848,31.007778925394806,2.6268124251895415,-23.346122904494848,31.007778925394806,2.9440058032163286e-17,-0.5563467259758066,0.824934809474312,-0.09980421140203215,0.60075,-0.60075,0.0,0.0,-0.60075,0.60075,-12.90875
115.43223404884338,3.453687253830992,-22.542991837343536,30.96025517622064,3.453687253830992,-22.542991837343536,30.96025517622064,2.1103040415110344e-17,-0.5599099693392607,0.8220253773170518,-0.10380320458091238,0.60075,-0.60075,0.0,0.0,-0.60075,0.60075,-12.90875
115.4907796382904,3.453687253830992,-22.542991837343536,30.96025517622064,3.453687253830992,-22.542991837343536,30.96025517622064,2.1103040415110344e-17,-0.5599099693392607,0.8220253773170518,-0.10380320458091238,0.60075,-0.60075,0.0,0.0,-0.60075,0.60075,-12.90875
115.54988741874695,2.5027142983293515,-22.148550560618787,30.296428002085513,2.5027142983293515,-22.148550560618787,30.296428002085513,0.0,-0.5602956685412462,0.8225220322132409,-0.09760261440001501,0.60075,-0.60075,0.0,0.0,-0.60075,0.60075,-12.90875
115.61155486106873,2.5027142983293515,-22.148550560618787,30.296428002085513,2.5027142983293515,-22.148550560618787,30.296428002085513,0.0,-0.5602956685412462,0.8225220322132409,-0.09760261440001501,0.60075,-0.60075,0.0,0.0,-0.60075,0.60075,-12.90875
115.67965483665466,2.6485234583534236,-22.61703288308442,30.584983026977234,2.6485234583534236,-22.61703288308442,30.584983026977234,-1.2646332091397381e-17,-0.5591394268887601,0.8230323844603983,-0.09990393099343109,0.60075,-0.60075,0.0,0.0,-0.60075,0.60075,-12.90875
115.80926895141602,2.773874105151066,-22.68425368915831,30.777774568747606,2.773874105151066,-22.68425368915831,30.777774568747606,0.0,-0.5587902565681291,0.8232210185812291,-0.10030256093743592,0.60075,-0.60075,0.0,0.0,-0.60075,0.60075,-12.90875
115.8554151058197,2.773874105151066,-22.68425368915831,30.777774568747606,2.773874105151066,-22.68425368915831,30.777774568747606,0.0,-0.5587902565681291,0.8232210185812291,-0.10030256093743592,0.60075,-0.60075,0.0,0.0,-0.60075,0.60075,-12.90875
115.9465606212616,2.9106498234641265,-22.52637129180893,31.14173274146413,2.9106498234641265,-22.52637129180893,31.14173274146413,-4.217974580345454e-18,-0.5592664782631843,0.8225386108584527,-0.10320484454783263,0.60075,-0.60075,0.0,0.0,-0.60075,0.60075,-12.90875
115.98476696014404,2.9106498234641265,-22.52637129180893,31.14173274146413,2.9106498234641265,-22.52637129180893,31.14173274146413,-4.217974580345454e-18,-0.5592664782631843,0.8225386108584527,-0.10320484454783263,0.60075,-0.60075,0.0,0.0,-0.60075,0.60075,-12.90875
116.07123017311096,2.5779872736661673,-21.387985376253525,30.849306451218204,2.5779872736661673,-21.387985376253525,30.849306451218204,2.1131274811077325e-17,-0.5621191059184263,0.8209270342116035,-0.10050330970674402,0.60075,-0.60075,0.0,0.0,-0.60075,0.60075,-12.90875
116.1969575881958,2.5779872736661673,-21.387985376253525,30.849306451218204,2.5779872736661673,-21.387985376253525,30.849306451218204,2.1131274811077325e-17,-0.5621191059184263,0.8209270342116035,-0.10050330970674402,0.60075,-0.60075,0.0,0.0,-0.60075,0.60075,-12.90875
116.32731795310974,3.832260336629247,-22.24026741809881,31.38867126715743,3.832260336629247,-22.24026741809881,31.38867126715743,-8.463881967750293e-18,-0.5621060443078524,0.8198240394119757,-0.10920320212708923,0.60075,-0.60075,0.0,0.0,-0.60075,0.60075,-12.8955
116.37641453742981,3.198685179652159,-23.68362102717748,29.962237644579428,3.198685179652159,-23.68362102717748,29.962237644579428,0.0,-0.5569387743512627,0.8250327963020663,-0.09560380039573031,0.60075,-0.60075,0.0,0.0,-0.60075,0.60075,-12.8595
116.43661308288574,3.198685179652159,-23.68362102717748,29.962237644579428,3.198685179652159,-23.68362102717748,29.962237644579428,0.0,-0.5569387743512627,0.8250327963020663,-0.09560380039573031,0.60075,-0.60075,0.0,0.0,-0.60075,0.60075,-12.829
116.54222750663757,2.961086056725236,-22.16182065183422,31.526517119094606,2.961086056725236,-22.16182065183422,31.526517119094606,1.2664893799608922e-17,-0.5607139531837693,0.8218261456074936,-0.10100321331997669,0.60075,-0.60075,0.0,0.0,-0.60075,0.60075,-12.7775
116.67384552955627,1.9298694007950132,-23.73717193318454,29.80946716382831,1.9298694007950132,-23.73717193318454,29.80946716382831,-2.1049448281031642e-17,-0.5600790316509534,0.8241182632515953,-0.08450187264259167,0.60075,-0.60075,0.0,0.0,-0.60075,0.60075,-12.711
116.79241180419922,3.601048859113888,-23.55064634317732,30.555635658449603,3.601048859113888,-23.55064634317732,30.555635658449603,-4.240237719100232e-18,-0.5681918996692686,0.8182199163800237,-0.08760213233303603,0.60075,-0.60075,0.0,0.0,-0.60075,0.60075,-12.652000000000001
116.86248731613159,2.8742355559630255,-23.351801074060177,31.153551188698362,2.8742355559630255,-23.351801074060177,31.153551188698362,-4.253243645112241e-18,-0.5721852759038365,0.8157178947273918,-0.08490186252587414,0.60075,-0.60075,0.0,0.0,-0.60075,0.60075,-12.6165
116.92938899993896,2.8742355559630255,-23.351801074060177,31.153551188698362,2.8742355559630255,-23.351801074060177,31.153551188698362,-4.253243645112241e-18,-0.5721852759038365,0.8157178947273918,-0.08490186252587414,0.60075,-0.60075,0.0,0.0,-0.60075,0.60075,-12.5835
116.99353051185608,3.4955842042440963,-26.0768443416207,30.890748891900497,3.4955842042440963,-26.0768443416207,30.890748891900497,1.2737884371028696e-17,-0.5708797262708594,0.8171169208863117,-0.08010165874800336,0.60075,-0.60075,0.0,0.0,-0.60075,0.60075,-12.551
117.12495398521423,4.187795420487532,-25.597260214082027,30.744315641852,4.187795420487532,-25.597260214082027,30.744315641852,1.7077888859241057e-17,-0.5778863583655074,0.8126172925820986,-0.07550160668219107,0.60075,-0.60075,0.0,0.0,-0.60075,0.60075,-12.486
117.1783344745636,4.187795420487532,-25.597260214082027,30.744315641852,4.187795420487532,-25.597260214082027,30.744315641852,1.7077888859241057e-17,-0.5778863583655074,0.8126172925820986,-0.07550160668219107,0.60075,-0.60075,0.0,0.0,-0.60075,0.60075,-12.4585
117.2454400062561,3.028851284485455,-26.72253001155339,31.113796862653732,3.028851284485455,-26.72253001155339,31.113796862653732,0.0,-0.5793446981652463,0.8114088368723847,-0.0773008418662008,0.60075,-0.60075,0.0,0.0,-0.60075,0.60075,-12.4255
117.29617857933044,3.028851284485455,-26.72253001155339,31.113796862653732,3.028851284485455,-26.72253001155339,31.113796862653732,0.0,-0.5793446981652463,0.8114088368723847,-0.0773008418662008,0.60075,-0.60075,0.0,0.0,-0.60075,0.60075,-12.4
117.37167501449585,3.441704173902309,-27.36956747314194,30.80493602829429,3.441704173902309,-27.36956747314194,30.80493602829429,0.0,-0.5809337275401599,0.8107065798721317,-0.07260058924228042,0.60075,-0.60075,0.0,0.0,-0.60075,0.60075,-12.3625
117.51062488555908,2.688121450246115,-27.152269662229756,31.238404297005758,2.688121450246115,-27.152269662229756,31.238404297005758,-4.300189492856485e-18,-0.5862675962630768,0.8068125736591591,-0.07310113923461145,0.60075,-0.60075,0.0,0.0,-0.60075,0.60075,-12.2935
117.57453441619873,2.688121450246115,-27.152269662229756,31.238404297005758,2.688121450246115,-27.152269662229756,31.238404297005758,-4.300189492856485e-18,-0.5862675962630768,0.8068125736591591,-0.07310113923461145,0.60075,-0.60075,0.0,0.0,-0.60075,0.60075,-12.2605
117.67366528511047,4.315514098719632,-28.64418816046583,32.03261608382043,4.315514098719632,-28.64418816046583,32.03261608382043,-1.2919690563379408e-17,-0.5882008356039342,0.8056184321753856,-0.07070161762015859,0.60075,-0.60075,0.0,0.0,-0.60075,0.60075,-12.211
117.7558765411377,3.8648414883942905,-28.708205432374598,31.418941913596615,3.8648414883942905,-28.708205432374598,31.418941913596615,-1.2977786935247409e-17,-0.5938692021296289,0.8020120000269074,-0.06400095760813225,0.60075,-0.60075,0.0,0.0,-0.60075,0.60075,-12.171
117.8165693283081,3.8648414883942905,-28.708205432374598,31.418941913596615,3.8648414883942905,-28.708205432374598,31.418941913596615,-1.2977786935247409e-17,-0.5938692021296289,0.8020120000269074,-0.06400095760813225,0.60075,-0.60075,0.0,0.0,-0.60075,0.60075,-12.1405
117.9367835521698,3.911278003014246,-29.457505993206638,31.92628038015199,3.911278003014246,-29.457505993206638,31.92628038015199,8.678833258716623e-18,-0.5970142505923522,0.799519209213764,-0.06590158334857667,0.60075,-0.60075,0.0,0.0,-0.60075,0.60075,-12.08
118.00244808197021,4.064620357143156,-30.094185865596444,32.167371364064444,4.064620357143156,-30.094185865596444,32.167371364064444,8.684229929698461e-18,-0.5977339431909424,0.7990223612317651,-0.06540183031859505,0.60075,-0.60075,0.0,0.0,-0.60075,0.60075,-12.047
118.06307220458984,4.064620357143156,-30.094185865596444,32.167371364064444,4.064620357143156,-30.094185865596444,32.167371364064444,8.684229929698461e-18,-0.5977339431909424,0.7990223612317651,-0.06540183031859505,0.60075,-0.60075,0.0,0.0,-0.60075,0.60075,-12.040750000000001
118.12790989875793,3.1644993061344167,-30.81495957039253,31.919848920626677,3.1644993061344167,-30.81495957039253,31.919848920626677,4.340993990019949e-18,-0.5978720390461847,0.7992286927671307,-0.06150220796443759,0.60075,-0.60075,0.0,0.0,-0.60075,0.60075,-12.040750000000001
118.17245888710022,3.1644993061344167,-30.81495957039253,31.919848920626677,3.1644993061344167,-30.81495957039253,31.919848920626677,4.340993990019949e-18,-0.5978720390461847,0.7992286927671307,-0.06150220796443759,0.60075,-0.60075,0.0,0.0,-0.60075,0.60075,-12.040750000000001
118.29800510406494,3.127134983894223,-31.20221530473502,32.47719701979127,3.127134983894223,-31.20221530473502,32.47719701979127,4.3389404293584076e-18,-0.5972414557076238,0.7996069566842697,-0.06270054550288107,0.60075,-0.60075,0.0,0.0,-0.60075,0.60075,-12.040750000000001
118.36966586112976,3.555897451797051,-31.030616165530134,32.177336249529446,3.555897451797051,-31.030616165530134,32.177336249529446,0.0,-0.5973616667432803,0.7996103371716394,-0.061500795067603566,0.60075,-0.60075,0.0,0.0,-0.60075,0.60075,-12.040750000000001
118.42425417900085,3.555897451797051,-31.030616165530134,32.177336249529446,3.555897451797051,-31.030616165530134,32.177336249529446,0.0,-0.5973616667432803,0.7996103371716394,-0.061500795067603566,0.60075,-0.60075,0.0,0.0,-0.60075,0.60075,-12.040750000000001
118.49385499954224,3.58029229526025,-31.071802467931846,31.88050535473094,3.58029229526025,-31.071802467931846,31.88050535473094,2.1686062527738757e-17,-0.5970517363978133,0.7999255161041398,-0.06040192670670088,0.60075,-0.60075,0.0,0.0,-0.60075,0.60075,-12.040750000000001
118.54753828048706,3.58029229526025,-31.071802467931846,31.88050535473094,3.58029229526025,-31.071802467931846,31.88050535473094,2.1686062527738757e-17,-0.5970517363978133,0.7999255161041398,-0.06040192670670088,0.60075,-0.60075,0.0,0.0,-0.60075,0.60075,-12.040750000000001
118.67743802070618,3.6474572458895693,-31.387014173836448,32.833306724307874,3.6474572458895693,-31.387014173836448,32.833306724307874,-8.674646220586914e-18,-0.5965302909461138,0.799905117449015,-0.06560041968327963,0.60075,-0.60075,0.0,0.0,-0.60075,0.60075,-12.040750000000001
118.74093770980835,3.2450201238928287,-31.27780252260189,31.944196394779755,3.2450201238928287,-31.27780252260189,31.944196394779755,4.335130749920358e-18,-0.5965570757254691,0.800309645105249,-0.060200725522099194,0.60075,-0.60075,0.0,0.0,-0.60075,0.60075,-12.040750000000001
118.80484056472778,3.2450201238928287,-31.27780252260189,31.944196394779755,3.2450201238928287,-31.27780252260189,31.944196394779755,4.335130749920358e-18,-0.5965570757254691,0.800309645105249,-0.060200725522099194,0.60075,-0.60075,0.0,0.0,-0.60075,0.60075,-12.040750000000001
118.86936616897583,3.7223385041331483,-30.891203544378527,31.9688620373091,3.7223385041331483,-30.891203544378527,31.9688620373091,0.0,-0.5981029653754438,0.7991171345923335,-0.06070130155143867,0.60075,-0.60075,0.0,0.0,-0.60075,0.60075,-12.040750000000001
118.92709493637085,3.7223385041331483,-30.891203544378527,31.9688620373091,3.7223385041331483,-30.891203544378527,31.9688620373091,0.0,-0.5981029653754438,0.7991171345923335,-0.06070130155143867,0.60075,-0.60075,0.0,0.0,-0.60075,0.60075,-12.040750000000001
119.04877972602844,3.8401908085455148,-31.00523443406793,31.96607088318492,3.8401908085455148,-31.00523443406793,31.96607088318492,4.3399862351995275e-18,-0.5976854303399564,0.7994142755141961,-0.06090108753917256,0.60075,-0.60075,0.0,0.0,-0.60075,0.60075,-12.040750000000001
119.11657619476318,3.5288423256850194,-31.057223504245272,31.978690661414433,3.5288423256850194,-31.057223504245272,31.978690661414433,-4.3367408882179924e-18,-0.5968742511139439,0.8000125074060495,-0.06100095368971126,0.60075,-0.60075,0.0,0.0,-0.60075,0.60075,-12.040750000000001
119.16956567764282,3.5288423256850194,-31.057223504245272,31.978690661414433,3.5288423256850194,-31.057223504245272,31.978690661414433,-4.3367408882179924e-18,-0.5968742511139439,0.8000125074060495,-0.06100095368971126,0.60075,-0.60075,0.0,0.0,-0.60075,0.60075,-12.040750000000001
119.24330186843872,3.659756913475775,-31.104447377724995,31.876068653652204,3.659756913475775,-31.104447377724995,31.876068653652204,-4.337301907892051e-18,-0.597053686465302,0.7999090276931592,-0.06060068393324846,0.60075,-0.60075,0.0,0.0,-0.60075,0.60075,-12.0135
119.3033754825592,3.659756913475775,-31.104447377724995,31.876068653652204,3.659756913475775,-31.104447377724995,31.876068653652204,-4.337301907892051e-18,-0.597053686465302,0.7999090276931592,-0.06060068393324846,0.60075,-0.60075,0.0,0.0,-0.60075,0.60075,-11.983
119.4332001209259,3.844082979126881,-31.306665223289684,31.977221233731775,3.844082979126881,-31.306665223289684,31.977221233731775,-8.675565098431274e-18,-0.5971213740430761,0.7998203950036556,-0.06110155805791866,0.60075,-0.60075,0.0,0.0,-0.60075,0.60075,-11.918000000000001
119.48860621452332,3.6126335614385994,-31.601050424917148,32.29685934177667,3.6126335614385994,-31.601050424917148,32.29685934177667,-8.719179767646916e-18,-0.6024228874019276,0.7958195712003147,-0.06130150755790308,0.60075,-0.60075,0.0,0.0,-0.60075,0.60075,-11.8905
119.55371642112732,3.6126335614385994,-31.601050424917148,32.29685934177667,3.6126335614385994,-31.601050424917148,32.29685934177667,-8.719179767646916e-18,-0.6024228874019276,0.7958195712003147,-0.06130150755790308,0.60075,-0.60075,0.0,0.0,-0.60075,0.60075,-11.858
119.63184404373169,3.039717077649186,-32.71792389394594,31.200018260862034,3.039717077649186,-32.71792389394594,31.200018260862034,-4.354658571251657e-18,-0.6024303079572556,0.7967207750472141,-0.04810125427359231,0.60075,-0.60075,0.0,0.0,-0.60075,0.60075,-11.82
119.69116544723511,3.039717077649186,-32.71792389394594,31.200018260862034,3.039717077649186,-32.71792389394594,31.200018260862034,-4.354658571251657e-18,-0.6024303079572556,0.7967207750472141,-0.04810125427359231,0.60075,-0.60075,0.0,0.0,-0.60075,0.60075,-11.789
119.84400391578674,4.58395963155769,-34.27720518232907,32.66850619012684,4.58395963155769,-34.27720518232907,32.66850619012684,8.734570687539324e-18,-0.6050114112383503,0.7944172818712436,-0.053501163872245135,0.60075,-0.60075,0.0,0.0,-0.60075,0.60075,-11.726
119.92047882080078,4.58395963155769,-34.27720518232907,32.66850619012684,4.58395963155769,-34.27720518232907,32.66850619012684,8.734570687539324e-18,-0.6050114112383503,0.7944172818712436,-0.053501163872245135,0.60075,-0.60075,0.0,0.0,-0.60075,0.60075,-11.675
119.99457287788391,4.175404822994125,-35.11013335197558,32.78688538005847,4.175404822994125,-35.11013335197558,32.78688538005847,-1.5296904731820476e-17,-0.6060624812540554,0.7938249302538807,-0.05030157973264074,0.60075,-0.60075,0.0,0.0,-0.60075,0.60075,-11.638
120.05836772918701,4.175404822994125,-35.11013335197558,32.78688538005847,4.175404822994125,-35.11013335197558,32.78688538005847,-1.5296904731820476e-17,-0.6060624812540554,0.7938249302538807,-0.05030157973264074,0.60075,-0.60075,0.0,0.0,-0.60075,0.60075,-11.606
120.13537263870239,4.934763777251163,-35.29148221930859,33.20663121613875,4.934763777251163,-35.29148221930859,33.20663121613875,-4.38111182436484e-18,-0.6083678759807829,0.7919101568370958,-0.05260067464279734,0.60075,-0.60075,0.0,0.0,-0.60075,0.60075,-11.5675
120.247065782547,4.183708670888478,-36.236601698490645,33.33533784874629,4.183708670888478,-36.236601698490645,33.33533784874629,8.774384739602253e-18,-0.6100857021206003,0.7908125879857156,-0.04910078157574437,0.60075,-0.60075,0.0,0.0,-0.60075,0.60075,-11.5115
120.30354166030884,4.183708670888478,-36.236601698490645,33.33533784874629,4.183708670888478,-36.236601698490645,33.33533784874629,8.774384739602253e-18,-0.6100857021206003,0.7908125879857156,-0.04910078157574437,0.60075,-0.60075,0.0,0.0,-0.60075,0.60075,-11.4835
120.38177871704102,4.216102134719506,-36.84685466895324,33.086456399974786,4.216102134719506,-36.84685466895324,33.086456399974786,2.194976229434943e-18,-0.6107054469181604,0.7903153814214109,-0.04940096146048043,0.60075,-0.60075,0.0,0.0,-0.60075,0.60075,-11.4445
120.43849778175354,4.216102134719506,-36.84685466895324,33.086456399974786,4.216102134719506,-36.84685466895324,33.086456399974786,2.194976229434943e-18,-0.6107054469181604,0.7903153814214109,-0.04940096146048043,0.60075,-0.60075,0.0,0.0,-0.60075,0.60075,-11.416
120.51377272605896,4.3445146490005015,-36.82318252262992,33.20624728303555,4.3445146490005015,-36.82318252262992,33.20624728303555,-6.586511278808716e-18,-0.6109752451506394,0.7901254864125408,-0.04910158382844672,0.60075,-0.60075,0.0,0.0,-0.60075,0.60075,-11.3785
120.6385109424591,4.675792990273436,-38.00837471118881,33.52526787293917,4.675792990273436,-38.00837471118881,33.52526787293917,1.099283462068354e-17,-0.6123721131344868,0.7890246400654672,-0.049401542736671834,0.60075,-0.60075,0.0,0.0,-0.60075,0.60075,-11.3165
120.7447783946991,4.023591182436633,-38.632082057597444,33.51036995730194,4.023591182436633,-38.632082057597444,33.51036995730194,8.78658334344846e-18,-0.6117017854634205,0.7897146857522357,-0.04660086660257589,0.60075,-0.60075,0.0,0.0,-0.60075,0.60075,-11.262500000000001
120.80370020866394,4.023591182436633,-38.632082057597444,33.51036995730194,4.023591182436633,-38.632082057597444,33.51036995730194,8.78658334344846e-18,-0.6117017854634205,0.7897146857522357,-0.04660086660257589,0.60075,-0.60075,0.0,0.0,-0.60075,0.60075,-11.233
120.86269879341125,4.59091174262295,-39.38654961593309,33.400251451096246,4.59091174262295,-39.38654961593309,33.400251451096246,-4.409518749498095e-18,-0.6155617663441693,0.7868085269732707,-0.04490048660536331,0.60075,-0.60075,0.0,0.0,-0.60075,0.60075,-11.204
120.92526340484619,4.59091174262295,-39.38654961593309,33.400251451096246,4.59091174262295,-39.38654961593309,33.400251451096246,-4.409518749498095e-18,-0.6155617663441693,0.7868085269732707,-0.04490048660536331,0.60075,-0.60075,0.0,0.0,-0.60075,0.60075,-11.1725
121.0543909072876,4.683334675399635,-40.09682769403581,33.610163464243804,4.683334675399635,-40.09682769403581,33.610163464243804,-6.6124907136313456e-18,-0.6152530758991207,0.7870212077882033,-0.04540122342259775,0.60075,-0.60075,0.0,0.0,-0.60075,0.60075,-11.108
121.11504745483398,4.597898776127295,-40.04165665459962,33.40952233305916,4.597898776127295,-40.04165665459962,33.40952233305916,-4.409424469609316e-18,-0.6155836677568441,0.7868253500804414,-0.04430142731134159,0.60075,-0.60075,0.0,0.0,-0.60075,0.60075,-11.0785
121.17533898353577,4.597898776127295,-40.04165665459962,33.40952233305916,4.597898776127295,-40.04165665459962,33.40952233305916,-4.409424469609316e-18,-0.6155836677568441,0.7868253500804414,-0.04430142731134159,0.60075,-0.60075,0.0,0.0,-0.60075,0.60075,-11.0475
121.24178862571716,5.207003240546641,-41.76469838367052,33.82667812087088,5.207003240546641,-41.76469838367052,33.82667812087088,1.322492343246818e-17,-0.6152780339746793,0.7870246590847991,-0.04500140998578904,0.60075,-0.60075,0.0,0.0,-0.60075,0.60075,-11.0145
121.30388116836548,5.207003240546641,-41.76469838367052,33.82667812087088,5.207003240546641,-41.76469838367052,33.82667812087088,1.322492343246818e-17,-0.6152780339746793,0.7870246590847991,-0.04500140998578904,0.60075,-0.60075,0.0,0.0,-0.60075,0.60075,-10.983
121.43779182434082,4.274876543850809,-41.31528062127684,33.862223811917495,4.274876543850809,-41.31528062127684,33.862223811917495,-2.209775187320654e-18,-0.6180686439002108,0.785022605887866,-0.04160119796807036,0.60075,-0.60075,0.0,0.0,-0.60075,0.60075,-10.916500000000001
121.54235291481018,4.629613307221064,-42.42860558087084,34.636090314008534,4.629613307221064,-42.42860558087084,34.636090314008534,-2.2120761322897225e-18,-0.6189455860876996,0.7842060454678805,-0.043900338429023154,0.60075,-0.60075,0.0,0.0,-0.60075,0.60075,-10.8635
121.6154408454895,4.561703699610092,-43.424388764900286,33.398874029118005,4.561703699610092,-43.424388764900286,33.398874029118005,-2.2112263296783134e-18,-0.6190560425056388,0.7845074258993526,-0.03630034360757997,0.60075,-0.60075,0.0,0.0,-0.60075,0.60075,-10.8285
121.6690444946289,4.561703699610092,-43.424388764900286,33.398874029118005,4.561703699610092,-43.424388764900286,33.398874029118005,-2.2112263296783134e-18,-0.6190560425056388,0.7845074258993526,-0.03630034360757997,0.60075,-0.60075,0.0,0.0,-0.60075,0.60075,-10.8
121.74010014533997,4.700579906598392,-43.36050169863424,34.10889645263466,4.700579906598392,-43.36050169863424,34.10889645263466,-8.85161628678097e-18,-0.6194959448306993,0.7839126413861605,-0.04130066601511472,0.60075,-0.60075,0.0,0.0,-0.60075,0.60075,-10.765
121.8681046962738,4.826038847650636,-43.884916473482505,34.354353573189144,4.826038847650636,-43.884916473482505,34.354353573189144,0.0,-0.6199172156831664,0.7835153635137341,-0.04250083337502704,0.60075,-0.60075,0.0,0.0,-0.60075,0.60075,-10.7015
121.92340660095215,4.826038847650636,-43.884916473482505,34.354353573189144,4.826038847650636,-43.884916473482505,34.354353573189144,0.0,-0.6199172156831664,0.7835153635137341,-0.04250083337502704,0.60075,-0.60075,0.0,0.0,-0.60075,0.60075,-10.6735
121.98819327354431,5.344156652153515,-44.72016019601982,34.67857859476996,5.344156652153515,-44.72016019601982,34.67857859476996,0.0,-0.6220927171039482,0.7817118286178293,-0.04390066429106142,0.60075,-0.60075,0.0,0.0,-0.60075,0.60075,-10.641
122.05770635604858,5.344156652153515,-44.72016019601982,34.67857859476996,5.344156652153515,-44.72016019601982,34.67857859476996,0.0,-0.6220927171039482,0.7817118286178293,-0.04390066429106142,0.60075,-0.60075,0.0,0.0,-0.60075,0.60075,-10.605500000000001
122.14123439788818,5.413634781017919,-45.74857122873681,34.69963892229667,5.413634781017919,-45.74857122873681,34.69963892229667,6.6480971759945475e-18,-0.6209464346427787,0.7828060105261451,-0.04050031096871343,0.60075,-0.60075,0.0,0.0,-0.60075,0.60075,-10.565
122.29291605949402,4.6634696270617155,-46.52006739456587,34.400731063750044,4.6634696270617155,-46.52006739456587,34.400731063750044,1.5514108528724037e-17,-0.6210855905954352,0.7827110600235282,-0.04020056805026938,0.60075,-0.60075,0.0,0.0,-0.60075,0.60075,-10.4885
122.36217093467712,4.238070515072906,-47.34600419167246,34.3462884085575,4.238070515072906,-47.34600419167246,34.3462884085575,-8.85615397520869e-18,-0.6201840440225332,0.7835109826829447,-0.03850053967235912,0.60075,-0.60075,0.0,0.0,-0.60075,0.60075,-10.454
122.42828583717346,4.238070515072906,-47.34600419167246,34.3462884085575,4.238070515072906,-47.34600419167246,34.3462884085575,-8.85615397520869e-18,-0.6201840440225332,0.7835109826829447,-0.03850053967235912,0.60075,-0.60075,0.0,0.0,-0.60075,0.60075,-10.421
122.50917148590088,4.952468111556442,-47.322442814006735,34.706955756152254,4.952468111556442,-47.322442814006735,34.706955756152254,1.7732692038269706e-17,-0.6211799673298628,0.7826103209746268,-0.04070053675398325,0.60075,-0.60075,0.0,0.0,-0.60075,0.60075,-10.381
122.55097484588623,4.952468111556442,-47.322442814006735,34.706955756152254,4.952468111556442,-47.322442814006735,34.706955756152254,1.7732692038269706e-17,-0.6211799673298628,0.7826103209746268,-0.04070053675398325,0.60075,-0.60075,0.0,0.0,-0.60075,0.60075,-10.359
122.67876482009888,4.696753363005911,-47.92272279900446,34.926896445850375,4.696753363005911,-47.92272279900446,34.926896445850375,0.0,-0.6233360615952916,0.7809045301980306,-0.04050023495072382,0.60075,-0.60075,0.0,0.0,-0.60075,0.60075,-10.296
122.74669814109802,5.283615377119219,-49.08484702766512,35.52919226482206,5.283615377119219,-49.08484702766512,35.52919226482206,2.219431690755236e-18,-0.6223555043552933,0.7816070587811197,-0.042000379310142055,0.60075,-0.60075,0.0,0.0,-0.60075,0.60075,-10.262
122.80044388771057,5.283615377119219,-49.08484702766512,35.52919226482206,5.283615377119219,-49.08484702766512,35.52919226482206,2.219431690755236e-18,-0.6223555043552933,0.7816070587811197,-0.042000379310142055,0.60075,-0.60075,0.0,0.0,-0.60075,0.60075,-10.2345
122.86874842643738,4.783386751515337,-49.309855051473235,35.280108521176615,4.783386751515337,-49.309855051473235,35.280108521176615,-4.4445380508676105e-18,-0.6235728539558141,0.7806091234332776,-0.04250049672804804,0.60075,-0.60075,0.0,0.0,-0.60075,0.60075,-10.201
122.93265008926392,4.783386751515337,-49.309855051473235,35.280108521176615,4.783386751515337,-49.309855051473235,35.280108521176615,-4.4445380508676105e-18,-0.6235728539558141,0.7806091234332776,-0.04250049672804804,0.60075,-0.60075,0.0,0.0,-0.60075,0.60075,-10.1685
123.06068563461304,5.839348944091,-50.66223058694845,35.158353607932696,5.839348944091,-50.66223058694845,35.158353607932696,-6.663312250625392e-18,-0.6231472653580977,0.7810185433591195,-0.04120097821561552,0.60075,-0.60075,0.0,0.0,-0.60075,0.60075,-10.105
123.16823029518127,5.567903298345158,-49.95986867001439,35.451619697084446,5.567903298345158,-49.95986867001439,35.451619697084446,-2.2308365645236586e-18,-0.6272937864122071,0.7776111901533297,-0.04270061447987034,0.60075,-0.60075,0.0,0.0,-0.60075,0.60075,-10.0505
123.24163126945496,4.979764553047005,-52.09851375280596,35.22164138043136,4.979764553047005,-52.09851375280596,35.22164138043136,6.665988173542767e-18,-0.6235400632553497,0.7807050196377059,-0.04120026490210513,0.60075,-0.60075,0.0,0.0,-0.60075,0.60075,-10.0145
123.30447578430176,4.979764553047005,-52.09851375280596,35.22164138043136,4.979764553047005,-52.09851375280596,35.22164138043136,6.665988173542767e-18,-0.6235400632553497,0.7807050196377059,-0.04120026490210513,0.60075,-0.60075,0.0,0.0,-0.60075,0.60075,-9.983
123.38493037223816,5.010051666192169,-52.60872455452281,35.77667978323676,5.010051666192169,-52.60872455452281,35.77667978323676,0.0,-0.6237316334331661,0.7805039535446429,-0.04210021325333693,0.60075,-0.60075,0.0,0.0,-0.60075,0.60075,-9.943
123.48980593681335,4.9664497193547845,-53.13796272503228,35.959725758630356,4.9664497193547845,-53.13796272503228,35.959725758630356,0.0,-0.6238104606218926,0.7804137909331389,-0.042600752811060634,0.60075,-0.60075,0.0,0.0,-0.60075,0.60075,-9.89
123.55203533172607,4.9664497193547845,-53.13796272503228,35.959725758630356,4.9664497193547845,-53.13796272503228,35.959725758630356,0.0,-0.6238104606218926,0.7804137909331389,-0.042600752811060634,0.60075,-0.60075,0.0,0.0,-0.60075,0.60075,-9.8595
123.62228536605835,5.250822407184842,-53.63210837122698,36.304330248971304,5.250822407184842,-53.63210837122698,36.304330248971304,0.0,-0.6257947963793868,0.7787115344563551,-0.0446006606353582,0.60075,-0.60075,0.0,0.0,-0.60075,0.60075,-9.824
123.67530226707458,5.250822407184842,-53.63210837122698,36.304330248971304,5.250822407184842,-53.63210837122698,36.304330248971304,0.0,-0.6257947963793868,0.7787115344563551,-0.0446006606353582,0.60075,-0.60075,0.0,0.0,-0.60075,0.60075,-9.797
123.74257326126099,4.125661512378656,-54.632140161250646,35.45583194034537,4.125661512378656,-54.632140161250646,35.45583194034537,-4.450262282392037e-18,-0.6249410399974155,0.7796050506238408,-0.0408002643220276,0.60075,-0.60075,0.0,0.0,-0.60075,0.60075,-9.7635
123.87127637863159,5.304134215129437,-55.461882476365034,35.77898790792132,5.304134215129437,-55.461882476365034,35.77898790792132,-2.2236714282284985e-18,-0.6244357434749525,0.7801168167002018,-0.03870083426009206,0.60075,-0.60075,0.0,0.0,-0.60075,0.60075,-9.699
123.92944264411926,5.304134215129437,-55.461882476365034,35.77898790792132,5.304134215129437,-55.461882476365034,35.77898790792132,-2.2236714282284985e-18,-0.6244357434749525,0.7801168167002018,-0.03870083426009206,0.60075,-0.60075,0.0,0.0,-0.60075,0.60075,-9.6705
124.00201368331909,5.853984846891024,-55.9650221043415,35.80572360523973,5.853984846891024,-55.9650221043415,35.80572360523973,0.0,-0.6256864744183775,0.7789105382669619,-0.04260057636432477,0.60075,-0.60075,0.0,0.0,-0.60075,0.60075,-9.634
124.05552864074707,5.853984846891024,-55.9650221043415,35.80572360523973,5.853984846891024,-55.9650221043415,35.80572360523973,0.0,-0.6256864744183775,0.7789105382669619,-0.04260057636432477,0.60075,-0.60075,0.0,0.0,-0.60075,0.60075,-9.6075
124.12723588943481,5.8263216015659225,-56.09630313883953,36.095896027842585,5.8263216015659225,-56.09630313883953,36.095896027842585,8.927857287485078e-18,-0.6278543625205613,0.777218282110541,-0.041600978558670225,0.60075,-0.60075,0.0,0.0,-0.60075,0.60075,-9.571
124.24551153182983,5.411755224703427,-57.59210091911481,36.385936920991576,5.411755224703427,-57.59210091911481,36.385936920991576,0.0,-0.6250546402608227,0.7794067135522219,-0.04280036866825135,0.60075,-0.60075,0.0,0.0,-0.60075,0.60075,-9.513
124.30641531944275,5.411755224703427,-57.59210091911481,36.385936920991576,5.411755224703427,-57.59210091911481,36.385936920991576,0.0,-0.6250546402608227,0.7794067135522219,-0.04280036866825135,0.60075,-0.60075,0.0,0.0,-0.60075,0.60075,-9.482
124.3662269115448,5.844678222861319,-57.81087530868392,36.55361352679773,5.844678222861319,-57.81087530868392,36.55361352679773,8.92216299777876e-18,-0.6272198706643534,0.7777143172159844,-0.041900771366014854,0.60075,-0.60075,0.0,0.0,-0.60075,0.60075,-9.4515
124.42887806892395,5.844678222861319,-57.81087530868392,36.55361352679773,5.844678222861319,-57.81087530868392,36.55361352679773,8.92216299777876e-18,-0.6272198706643534,0.7777143172159844,-0.041900771366014854,0.60075,-0.60075,0.0,0.0,-0.60075,0.60075,-9.421
124.49219965934753,5.786971559793159,-58.51356163843367,36.20504235326157,5.786971559793159,-58.51356163843367,36.20504235326157,-4.458798133868618e-18,-0.6268048005357348,0.7781125872463293,-0.04070065839985298,0.60075,-0.60075,0.0,0.0,-0.60075,0.60075,-9.389
124.61990475654602,5.230306323381029,-58.931208912551256,36.67811166001519,5.230306323381029,-58.931208912551256,36.67811166001519,0.0,-0.6274499875799151,0.7775178593830276,-0.04210096704826427,0.60075,-0.60075,0.0,0.0,-0.60075,0.60075,-9.325000000000001
124.68171191215515,5.230306323381029,-58.931208912551256,36.67811166001519,5.230306323381029,-58.931208912551256,36.67811166001519,0.0,-0.6274499875799151,0.7775178593830276,-0.04210096704826427,0.60075,-0.60075,0.0,0.0,-0.60075,0.60075,-9.2945
124.75857615470886,5.962502310295548,-59.85971556605868,37.24039666883078,5.962502310295548,-59.85971556605868,37.24039666883078,-1.1152804500797722e-17,-0.627161003559338,0.7777072914049233,-0.04290040221328432,0.60075,-0.60075,0.0,0.0,-0.60075,0.60075,-9.256
124.80307722091675,5.962502310295548,-59.85971556605868,37.24039666883078,5.962502310295548,-59.85971556605868,37.24039666883078,-1.1152804500797722e-17,-0.627161003559338,0.7777072914049233,-0.04290040221328432,0.60075,-0.60075,0.0,0.0,-0.60075,0.60075,-9.2335
124.88046193122864,5.53027665670956,-60.56874430675046,36.5641132746422,5.53027665670956,-60.56874430675046,36.5641132746422,-2.2302511895975375e-18,-0.6271278554956288,0.7778152900749485,-0.0414008138455938,0.60075,-0.60075,0.0,0.0,-0.60075,0.60075,-9.195500000000001
124.99644088745117,5.458254444130773,-60.5961132317092,36.64756231802714,5.458254444130773,-60.5961132317092,36.64756231802714,-1.3397202600273673e-17,-0.6283343474760722,0.7769040423146415,-0.04020020916597837,0.60075,-0.60075,0.0,0.0,-0.60075,0.60075,-9.137500000000001
125.06438612937927,5.458254444130773,-60.5961132317092,36.64756231802714,5.458254444130773,-60.5961132317092,36.64756231802714,-1.3397202600273673e-17,-0.6283343474760722,0.7769040423146415,-0.04020020916597837,0.60075,-0.60075,0.0,0.0,-0.60075,0.60075,-9.102500000000001
125.1782500743866,5.499042251153526,-61.74628672128998,37.028137276036546,5.499042251153526,-61.74628672128998,37.028137276036546,-4.462256300421845e-18,-0.6274803538189483,0.7775095643039653,-0.04180051419666335,0.60075,-0.60075,0.0,0.0,-0.60075,0.60075,-9.0465
125.23976230621338,5.6902529446010135,-62.423758679168984,37.34605270032244,5.6902529446010135,-62.423758679168984,37.34605270032244,2.2311029565223693e-18,-0.6273538758172299,0.7775183439677426,-0.04350102631845248,0.60075,-0.60075,0.0,0.0,-0.60075,0.60075,-9.0155
125.2985270023346,5.6902529446010135,-62.423758679168984,37.34605270032244,5.6902529446010135,-62.423758679168984,37.34605270032244,2.2311029565223693e-18,-0.6273538758172299,0.7775183439677426,-0.04350102631845248,0.60075,-0.60075,0.0,0.0,-0.60075,0.60075,-8.986
125.42463779449463,6.143292813630097,-63.19567838400744,37.45872410908388,6.143292813630097,-63.19567838400744,37.45872410908388,8.917515542440328e-18,-0.626763363717001,0.7781196310658023,-0.0412010394549686,0.60075,-0.60075,0.0,0.0,-0.60075,0.60075,-8.923
125.48917651176453,5.408626052218807,-63.353419354505704,38.105471769229446,5.408626052218807,-63.353419354505704,38.105471769229446,4.465099763923025e-18,-0.6279219786592812,0.777014430894903,-0.044300822765307835,0.60075,-0.60075,0.0,0.0,-0.60075,0.60075,-8.8905
125.54521036148071,5.408626052218807,-63.353419354505704,38.105471769229446,5.408626052218807,-63.353419354505704,38.105471769229446,4.465099763923025e-18,-0.6279219786592812,0.777014430894903,-0.044300822765307835,0.60075,-0.60075,0.0,0.0,-0.60075,0.60075,-8.8625
125.62471175193787,5.9836959419949665,-64.01272798408067,37.65937003997828,5.9836959419949665,-64.01272798408067,37.65937003997828,-1.1167098929541727e-17,-0.6284002723445885,0.7767117883176113,-0.04280064959442996,0.60075,-0.60075,0.0,0.0,-0.60075,0.60075,-8.823500000000001
125.6808590888977,5.9836959419949665,-64.01272798408067,37.65937003997828,5.9836959419949665,-64.01272798408067,37.65937003997828,-1.1167098929541727e-17,-0.6284002723445885,0.7767117883176113,-0.04280064959442996,0.60075,-0.60075,0.0,0.0,-0.60075,0.60075,-8.7945
125.7958288192749,5.682954297815883,-64.6967037366294,38.07184020057397,5.682954297815883,-64.6967037366294,38.07184020057397,2.232844996860408e-18,-0.6279992818467371,0.77691173297564,-0.04500067960342877,0.60075,-0.60075,0.0,0.0,-0.60075,0.60075,-8.737
125.8698182106018,5.670278562642949,-65.82259690955257,38.10506502416726,5.670278562642949,-65.82259690955257,38.10506502416726,-4.458803374103078e-18,-0.62659694153975,0.7781116727650097,-0.04380065707120861,0.60075,-0.60075,0.0,0.0,-0.60075,0.60075,-8.7005
125.9317147731781,5.670278562642949,-65.82259690955257,38.10506502416726,5.670278562642949,-65.82259690955257,38.10506502416726,-4.458803374103078e-18,-0.62659694153975,0.7781116727650097,-0.04380065707120861,0.60075,-0.60075,0.0,0.0,-0.60075,0.60075,-8.669
126.04636025428772,5.921929617806484,-65.70048102703988,38.1525987771562,5.921929617806484,-65.70048102703988,38.1525987771562,-4.4628032787426835e-18,-0.6274198122682113,0.7774142697437181,-0.04440081499436723,0.60075,-0.60075,0.0,0.0,-0.60075,0.60075,-8.612
126.11341214179993,5.9313629479254075,-67.01632087754136,38.424217075720776,5.9313629479254075,-67.01632087754136,38.424217075720776,-1.5617807639858332e-17,-0.6272173714238012,0.7775140155297623,-0.04550082020142017,0.60075,-0.60075,0.0,0.0,-0.60075,0.60075,-8.579
126.23558974266052,5.553313244271976,-67.86654180191759,38.49494755939212,5.553313244271976,-67.86654180191759,38.49494755939212,4.463410154357533e-18,-0.6274719879853771,0.7773085672098644,-0.045500501489835116,0.60075,-0.60075,0.0,0.0,-0.60075,0.60075,-8.5175
126.29716181755066,5.553313244271976,-67.86654180191759,38.49494755939212,5.553313244271976,-67.86654180191759,38.49494755939212,4.463410154357533e-18,-0.6274719879853771,0.7773085672098644,-0.045500501489835116,0.60075,-0.60075,0.0,0.0,-0.60075,0.60075,-8.4865
126.36602783203125,5.879098911100158,-68.57745307927858,38.516600619459766,5.879098911100158,-68.57745307927858,38.516600619459766,-4.46396172918014e-18,-0.6276054015960104,0.7772125216205248,-0.04530072983712014,0.60075,-0.60075,0.0,0.0,-0.60075,0.60075,-8.4525
126.42744970321655,5.879098911100158,-68.57745307927858,38.516600619459766,5.879098911100158,-68.57745307927858,38.516600619459766,-4.46396172918014e-18,-0.6276054015960104,0.7772125216205248,-0.04530072983712014,0.60075,-0.60075,0.0,0.0,-0.60075,0.60075,-8.422
126.50729513168335,6.05065227139292,-68.82530779760276,38.72477718676912,6.05065227139292,-68.82530779760276,38.72477718676912,0.0,-0.6293630224081626,0.7757189121000531,-0.04650113370201428,0.60075,-0.60075,0.0,0.0,-0.60075,0.60075,-8.3815
126.61040806770325,6.251749650958374,-69.97007509670638,39.09688963594936,6.251749650958374,-69.97007509670638,39.09688963594936,-1.1161331061905181e-17,-0.6276108938562509,0.7771131715184061,-0.04690079493528922,0.60075,-0.60075,0.0,0.0,-0.60075,0.60075,-8.3305
126.71063923835754,6.251749650958374,-69.97007509670638,39.09688963594936,6.251749650958374,-69.97007509670638,39.09688963594936,-1.1161331061905181e-17,-0.6276108938562509,0.7771131715184061,-0.04690079493528922,0.60075,-0.60075,0.0,0.0,-0.60075,0.60075,-8.291
126.79470944404602,5.819170577923899,-70.2763055514313,37.74952247953965,5.819170577923899,-70.2763055514313,37.74952247953965,2.2348496929175744e-18,-0.6291273814463845,0.7762148306771104,-0.041100785288365416,0.60075,-0.60075,0.0,0.0,-0.60075,0.60075,-8.238
126.86112570762634,6.653075223005146,-71.14537570903049,39.42568479390018,6.653075223005146,-71.14537570903049,39.42568479390018,-2.2348644496769396e-18,-0.6286828985268866,0.7762097053481563,-0.04750059392429454,0.60075,-0.60075,0.0,0.0,-0.60075,0.60075,-8.205
126.92221140861511,6.653075223005146,-71.14537570903049,39.42568479390018,6.653075223005146,-71.14537570903049,39.42568479390018,-2.2348644496769396e-18,-0.6286828985268866,0.7762097053481563,-0.04750059392429454,0.60075,-0.60075,0.0,0.0,-0.60075,0.60075,-8.174
127.05541849136353,5.990633602772618,-71.59372097081689,38.47802576976891,5.990633602772618,-71.59372097081689,38.47802576976891,0.0,-0.6282796400681046,0.7768093779337215,-0.042800516703866226,0.60075,-0.60075,0.0,0.0,-0.60075,0.60075,-8.1075
127.1323516368866,6.328352070754647,-72.0484537279818,38.67668214632175,6.328352070754647,-72.0484537279818,38.67668214632175,-8.937048562979887e-18,-0.6287620195627722,0.776418954759891,-0.04280104490433197,0.60075,-0.60075,0.0,0.0,-0.60075,0.60075,-8.0685
127.21474933624268,6.328352070754647,-72.0484537279818,38.67668214632175,6.328352070754647,-72.0484537279818,38.67668214632175,-8.937048562979887e-18,-0.6287620195627722,0.776418954759891,-0.04280104490433197,0.60075,-0.60075,0.0,0.0,-0.60075,0.60075,-8.0395
127.29733467102051,6.071444451575161,-73.21313819580975,38.90341671714817,6.071444451575161,-73.21313819580975,38.90341671714817,-6.696746765897352e-18,-0.6278620713459113,0.7771191908334123,-0.043301069312941386,0.60075,-0.60075,0.0,0.0,-0.60075,0.60075,-7.986
127.36840415000916,6.208477338810184,-73.97897953830658,38.788486190573636,6.208477338810184,-73.97897953830658,38.788486190573636,8.925609695728708e-18,-0.6275176584079835,0.7774139964049505,-0.04300077417727406,0.60075,-0.60075,0.0,0.0,-0.60075,0.60075,-7.9510000000000005
127.49621677398682,5.941924126440114,-74.11507037137791,39.0051164519157,5.941924126440114,-74.11507037137791,39.0051164519157,4.472567259654671e-18,-0.6296480243129083,0.775717110673813,-0.04250093748051701,0.60075,-0.60075,0.0,0.0,-0.60075,0.60075,-7.8870000000000005
127.55819249153137,5.941924126440114,-74.11507037137791,39.0051164519157,5.941924126440114,-74.11507037137791,39.0051164519157,4.472567259654671e-18,-0.6296480243129083,0.775717110673813,-0.04250093748051701,0.60075,-0.60075,0.0,0.0,-0.60075,0.60075,-7.856
127.62858843803406,5.7614595452348,-74.71789696112442,38.92367544489226,5.7614595452348,-74.71789696112442,38.92367544489226,0.0,-0.6296397460496966,0.7758045954231835,-0.0410002428620141,0.60075,-0.60075,0.0,0.0,-0.60075,0.60075,-7.821
127.68902277946472,5.7614595452348,-74.71789696112442,38.92367544489226,5.7614595452348,-74.71789696112442,38.92367544489226,0.0,-0.6296397460496966,0.7758045954231835,-0.0410002428620141,0.60075,-0.60075,0.0,0.0,-0.60075,0.60075,-7.791
127.79410886764526,5.913643747136945,-75.92227028097952,39.73732455545075,5.913643747136945,-75.92227028097952,39.73732455545075,-2.2319852154763414e-18,-0.6276927482271834,0.7772110065731725,-0.0441006245366404,0.60075,-0.60075,0.0,0.0,-0.60075,0.60075,-7.738
127.92676448822021,5.772676812433332,-76.19339279564437,38.91439022917552,5.772676812433332,-76.19339279564437,38.91439022917552,4.4697202196118376e-18,-0.6291963897465715,0.7762112126684543,-0.04010057926823631,0.60075,-0.60075,0.0,0.0,-0.60075,0.60075,-7.672000000000001
127.99904823303223,5.7876603168548115,-76.95239652810486,39.49325880554349,5.7876603168548115,-76.95239652810486,39.49325880554349,2.2354047742329026e-18,-0.6291898944821861,0.7760220860099447,-0.04370124376112705,0.60075,-0.60075,0.0,0.0,-0.60075,0.60075,-7.6355
128.0534644126892,5.7876603168548115,-76.95239652810486,39.49325880554349,5.7876603168548115,-76.95239652810486,39.49325880554349,2.2354047742329026e-18,-0.6291898944821861,0.7760220860099447,-0.04370124376112705,0.60075,-0.60075,0.0,0.0,-0.60075,0.60075,-7.6085
128.13880133628845,5.945358091841399,-77.55491212882642,38.95242023198256,5.945358091841399,-77.55491212882642,38.95242023198256,6.7080326096158185e-18,-0.629701589015477,0.7758117365843388,-0.03990060362170032,0.60075,-0.60075,0.0,0.0,-0.60075,0.60075,-7.566
128.18132090568542,5.945358091841399,-77.55491212882642,38.95242023198256,5.945358091841399,-77.55491212882642,38.95242023198256,6.7080326096158185e-18,-0.629701589015477,0.7758117365843388,-0.03990060362170032,0.60075,-0.60075,0.0,0.0,-0.60075,0.60075,-7.5445
128.29768681526184,6.485326203069036,-78.30937769520744,38.690473390042065,6.485326203069036,-78.30937769520744,38.690473390042065,4.4685608127840025e-18,-0.6291082318716517,0.776412607394299,-0.03750060893519603,0.60075,-0.60075,0.0,0.0,-0.60075,0.60075,-7.486
128.36696338653564,6.300550520514776,-78.76787542707493,39.58854787303831,6.300550520514776,-78.76787542707493,39.58854787303831,-4.470898112277625e-18,-0.6293578475697376,0.7760067138246995,-0.041500359051192065,0.60075,-0.60075,0.0,0.0,-0.60075,0.60075,-7.452
128.425461769104,6.300550520514776,-78.76787542707493,39.58854787303831,6.300550520514776,-78.76787542707493,39.58854787303831,-4.470898112277625e-18,-0.6293578475697376,0.7760067138246995,-0.041500359051192065,0.60075,-0.60075,0.0,0.0,-0.60075,0.60075,-7.4225
128.49534964561462,6.259827141262008,-79.43113345204956,39.45690290090116,6.259827141262008,-79.43113345204956,39.45690290090116,-4.471472371988126e-18,-0.6294608589184005,0.7759070532758346,-0.04180037998057726,0.60075,-0.60075,0.0,0.0,-0.60075,0.60075,-7.3875
128.55902433395386,6.259827141262008,-79.43113345204956,39.45690290090116,6.259827141262008,-79.43113345204956,39.45690290090116,-4.471472371988126e-18,-0.6294608589184005,0.7759070532758346,-0.04180037998057726,0.60075,-0.60075,0.0,0.0,-0.60075,0.60075,-7.3555
128.68266034126282,5.612752971181635,-80.05465421250935,39.14930433183672,5.612752971181635,-80.05465421250935,39.14930433183672,6.7107048291194204e-18,-0.6300244004890011,0.7755028064039159,-0.040800147648329815,0.60075,-0.60075,0.0,0.0,-0.60075,0.60075,-7.2940000000000005
128.74855732917786,5.830028715394889,-81.37617786184563,38.97051256686558,5.830028715394889,-81.37617786184563,38.97051256686558,-4.464508959733756e-18,-0.628146243285947,0.7771172559502527,-0.03900086601732061,0.60075,-0.60075,0.0,0.0,-0.60075,0.60075,-7.261
128.7944004535675,5.830028715394889,-81.37617786184563,38.97051256686558,5.830028715394889,-81.37617786184563,38.97051256686558,-4.464508959733756e-18,-0.628146243285947,0.7771172559502527,-0.03900086601732061,0.60075,-0.60075,0.0,0.0,-0.60075,0.60075,-7.238
128.8676631450653,5.837094786810127,-81.85608073559987,39.74313362689253,5.837094786810127,-81.85608073559987,39.74313362689253,0.0,-0.6284891076193424,0.7767104641995121,-0.04150055911456128,0.60075,-0.60075,0.0,0.0,-0.60075,0.60075,-7.202
128.93543672561646,5.837094786810127,-81.85608073559987,39.74313362689253,5.837094786810127,-81.85608073559987,39.74313362689253,0.0,-0.6284891076193424,0.7767104641995121,-0.04150055911456128,0.60075,-0.60075,0.0,0.0,-0.60075,0.60075,-7.1675
129.05436491966248,6.465537296996416,-82.21976729775542,40.57966939773453,6.465537296996416,-82.21976729775542,40.57966939773453,1.1184362723036936e-17,-0.6297115692260207,0.7755128830021397,-0.04520075088548899,0.60075,-0.60075,0.0,0.0,-0.60075,0.60075,-7.1080000000000005
129.1358573436737,6.316172466394477,-82.89310530357113,40.35694517969037,6.316172466394477,-82.89310530357113,40.35694517969037,-6.706294354208966e-18,-0.6293104374271862,0.7760128251251319,-0.042100695796092845,0.60075,-0.60075,0.0,0.0,-0.60075,0.60075,-7.0675
129.18445348739624,6.316172466394477,-82.89310530357113,40.35694517969037,6.316172466394477,-82.89310530357113,40.35694517969037,-6.706294354208966e-18,-0.6293104374271862,0.7760128251251319,-0.042100695796092845,0.60075,-0.60075,0.0,0.0,-0.60075,0.60075,-7.043
129.26483178138733,6.316172466394477,-82.89310530357113,40.35694517969037,6.316172466394477,-82.89310530357113,40.35694517969037,-6.706294354208966e-18,-0.6293104374271862,0.7760128251251319,-0.042100695796092845,0.60075,-0.60075,0.0,0.0,-0.60075,0.60075,-7.014
129.32553577423096,6.660236986545613,-83.87476826224815,40.17375827640676,6.660236986545613,-83.87476826224815,40.17375827640676,2.2368782134968343e-18,-0.6299948881327609,0.7755109176305912,-0.041100578613304066,0.60075,-0.60075,0.0,0.0,-0.60075,0.60075,-6.9725
129.45333528518677,5.893275721086127,-84.48466966304994,39.87260931229626,5.893275721086127,-84.48466966304994,39.87260931229626,-4.473202633361854e-18,-0.6299601774938384,0.7756069278145215,-0.039800355501570336,0.60075,-0.60075,0.0,0.0,-0.60075,0.60075,-6.9085
129.53237342834473,6.560236993179473,-84.35253018000226,40.207574711326615,6.560236993179473,-84.35253018000226,40.207574711326615,0.0,-0.6326595876053355,0.7734066066101716,-0.03980033998330078,0.60075,-0.60075,0.0,0.0,-0.60075,0.60075,-6.87
129.58721923828125,6.560236993179473,-84.35253018000226,40.207574711326615,6.560236993179473,-84.35253018000226,40.207574711326615,0.0,-0.6326595876053355,0.7734066066101716,-0.03980033998330078,0.60075,-0.60075,0.0,0.0,-0.60075,0.60075,-6.8415
129.66081929206848,6.560236993179473,-84.35253018000226,40.207574711326615,6.560236993179473,-84.35253018000226,40.207574711326615,0.0,-0.6326595876053355,0.7734066066101716,-0.03980033998330078,0.60075,-0.60075,0.0,0.0,-0.60075,0.60075,-6.816
129.74961185455322,6.061261793561215,-85.80267549847557,40.22763226541112,6.061261793561215,-85.80267549847557,40.22763226541112,-2.238316634724805e-18,-0.6307101168820377,0.7750125469581235,-0.03950063949012372,0.60075,-0.60075,0.0,0.0,-0.60075,0.60075,-6.76
129.88628363609314,6.477489229643766,-86.26926961767187,40.49974373040949,6.477489229643766,-86.26926961767187,40.49974373040949,-1.1196045050717768e-17,-0.6310325046409554,0.7747036869352342,-0.04040019227079316,0.60075,-0.60075,0.0,0.0,-0.60075,0.60075,-6.6925
129.95027208328247,6.255387922446204,-87.0826262497217,40.27497273930596,6.255387922446204,-87.0826262497217,40.27497273930596,1.1187326551456744e-17,-0.6302648010835592,0.7753074284539064,-0.04080039092082985,0.60075,-0.60075,0.0,0.0,-0.60075,0.60075,-6.6595
129.99610829353333,6.255387922446204,-87.0826262497217,40.27497273930596,6.255387922446204,-87.0826262497217,40.27497273930596,1.1187326551456744e-17,-0.6302648010835592,0.7753074284539064,-0.04080039092082985,0.60075,-0.60075,0.0,0.0,-0.60075,0.60075,-6.6370000000000005
130.07704973220825,5.968195206254904,-87.99055122119505,40.23383164134049,5.968195206254904,-87.99055122119505,40.23383164134049,2.233991562086161e-18,-0.6288111211808252,0.7765129937898585,-0.04030067437183683,0.60075,-0.60075,0.0,0.0,-0.60075,0.60075,-6.5975
130.1332905292511,5.968195206254904,-87.99055122119505,40.23383164134049,5.968195206254904,-87.99055122119505,40.23383164134049,2.233991562086161e-18,-0.6288111211808252,0.7765129937898585,-0.04030067437183683,0.60075,-0.60075,0.0,0.0,-0.60075,0.60075,-6.569
130.2579345703125,6.098710065491076,-87.83131283765282,40.38551884820189,6.098710065491076,-87.83131283765282,40.38551884820189,1.5649979794846694e-17,-0.6295352089301114,0.7759156555483977,-0.040500817179675346,0.60075,-0.60075,0.0,0.0,-0.60075,0.60075,-6.507000000000001
130.33214282989502,6.082682591643987,-88.37453756385418,40.69203151829161,6.082682591643987,-88.37453756385418,40.69203151829161,6.7046012877023716e-18,-0.6290754169306289,0.7762087862668208,-0.0420004754228375,0.60075,-0.60075,0.0,0.0,-0.60075,0.60075,-6.4695
130.37882709503174,6.082682591643987,-88.37453756385418,40.69203151829161,6.082682591643987,-88.37453756385418,40.69203151829161,6.7046012877023716e-18,-0.6290754169306289,0.7762087862668208,-0.0420004754228375,0.60075,-0.60075,0.0,0.0,-0.60075,0.60075,-6.4455
130.45039439201355,6.135416673340387,-89.1106401761165,40.85442628682878,6.135416673340387,-89.1106401761165,40.85442628682878,-8.930305323995226e-18,-0.6280442378512908,0.7770052257074359,-0.04270028717851675,0.60075,-0.60075,0.0,0.0,-0.60075,0.60075,-6.41
130.5064196586609,6.135416673340387,-89.1106401761165,40.85442628682878,6.135416673340387,-89.1106401761165,40.85442628682878,-8.930305323995226e-18,-0.6280442378512908,0.7770052257074359,-0.04270028717851675,0.60075,-0.60075,0.0,0.0,-0.60075,0.60075,-6.382000000000001
130.63360381126404,6.179262475433234,-90.14603097624011,41.18900577911457,6.179262475433234,-90.14603097624011,41.18900577911457,-6.693373610363722e-18,-0.6273908332031777,0.7775108235214175,-0.04310059999199111,0.60075,-0.60075,0.0,0.0,-0.60075,0.60075,-6.3180000000000005
130.75358128547668,5.8520893140082535,-90.847499319961,40.805991568933464,5.8520893140082535,-90.847499319961,40.805991568933464,0.0,-0.6276681675508691,0.7773199654279191,-0.04250109163860359,0.60075,-0.60075,0.0,0.0,-0.60075,0.60075,-6.2585
130.8172152042389,5.735567590676425,-91.74166892356695,40.74530048244655,5.735567590676425,-91.74166892356695,40.74530048244655,-1.1149957896498091e-17,-0.6269487337888756,0.7779058414748089,-0.04240031839379342,0.60075,-0.60075,0.0,0.0,-0.60075,0.60075,-6.2275
130.88671231269836,5.735567590676425,-91.74166892356695,40.74530048244655,5.735567590676425,-91.74166892356695,40.74530048244655,-1.1149957896498091e-17,-0.6269487337888756,0.7779058414748089,-0.04240031839379342,0.60075,-0.60075,0.0,0.0,-0.60075,0.60075,-6.1915000000000004
130.9582200050354,5.6400273066919056,-92.40685213246252,40.885669114054686,5.6400273066919056,-92.40685213246252,40.885669114054686,-1.1148360753469622e-17,-0.6268440110852306,0.7780172862799232,-0.041900930970602546,0.60075,-0.60075,0.0,0.0,-0.60075,0.60075,-6.1555
131.06336498260498,6.097536486209037,-93.18441103426011,40.736714406532954,6.097536486209037,-93.18441103426011,40.736714406532954,-6.685606138738867e-18,-0.6264172238569055,0.7784141512278953,-0.04090074355758081,0.60075,-0.60075,0.0,0.0,-0.60075,0.60075,-6.1035
131.13215899467468,6.097536486209037,-93.18441103426011,40.736714406532954,6.097536486209037,-93.18441103426011,40.736714406532954,-6.685606138738867e-18,-0.6264172238569055,0.7784141512278953,-0.04090074355758081,0.60075,-0.60075,0.0,0.0,-0.60075,0.60075,-6.069
131.2576162815094,5.894582633077135,-93.99329024837073,41.13749383524495,5.894582633077135,-93.99329024837073,41.13749383524495,2.2276864189189377e-18,-0.6259889773057745,0.7787108011452714,-0.0418005797969338,0.60075,-0.60075,0.0,0.0,-0.60075,0.60075,-6.007000000000001
131.32651042938232,5.893351038315359,-94.31879736060128,41.41433964623305,5.893351038315359,-94.31879736060128,41.41433964623305,-2.2293975073149715e-18,-0.6266090729337713,0.778113131590455,-0.04360073581460461,0.60075,-0.60075,0.0,0.0,-0.60075,0.60075,-5.9715
131.39166808128357,5.893351038315359,-94.31879736060128,41.41433964623305,5.893351038315359,-94.31879736060128,41.41433964623305,-2.2293975073149715e-18,-0.6266090729337713,0.778113131590455,-0.04360073581460461,0.60075,-0.60075,0.0,0.0,-0.60075,0.60075,-5.9395
131.54443526268005,5.81286738158056,-95.01914488986304,41.226627847841094,5.81286738158056,-95.01914488986304,41.226627847841094,0.0,-0.626221139102496,0.7785025582725572,-0.04220013867578922,0.28025000000000005,1.3215,0.32025,0.64075,0.68075,-0.3605,-5.876
131.62962675094604,5.770049109028463,-95.17101708360734,41.216556487309916,5.770049109028463,-95.17101708360734,41.216556487309916,0.0,-0.6262997105980557,0.7784120541423842,-0.04270066124342216,-0.040000000000000036,3.212,0.609,1.2815,1.9305,-1.3215000000000001,-5.8205
131.69433093070984,5.739272225055458,-96.21863626849911,41.22867370066949,5.739272225055458,-96.21863626849911,41.22867370066949,4.455894456694727e-18,-0.6260619781860944,0.778619643187681,-0.04240106970351615,-0.36175000000000024,5.0735,0.8672499999999999,1.92225,3.15125,-2.2840000000000003,-5.788
131.75929379463196,5.739272225055458,-96.21863626849911,41.22867370066949,5.739272225055458,-96.21863626849911,41.22867370066949,4.455894456694727e-18,-0.6260619781860944,0.778619643187681,-0.04240106970351615,-0.09200000000000008,7.189500000000001,1.1565000000000003,2.9705,4.219,-3.0625,-5.7555000000000005
131.81992483139038,5.777084920796256,-97.0609838149249,40.981447466076006,5.777084920796256,-97.0609838149249,40.981447466076006,0.0,-0.6256120257448697,0.7790136660796325,-0.041800733301833946,-0.08374999999999932,9.558,0.8937500000000007,4.29025,5.26775,-4.374,-5.7250000000000005
131.94306015968323,5.850516459195717,-97.17187967578003,41.80534668152259,5.850516459195717,-97.17187967578003,41.80534668152259,0.0,-0.6263790014628364,0.7783095401893815,-0.04340053198537729,-0.6594999999999995,13.9575,0.22050000000000036,6.53875,7.41875,-7.19825,-5.664
131.99865341186523,5.850516459195717,-97.17187967578003,41.80534668152259,5.850516459195717,-97.17187967578003,41.80534668152259,0.0,-0.6263790014628364,0.7783095401893815,-0.04340053198537729,0.11549999999999905,16.64875,0.20624999999999893,8.279,8.36975,-8.1635,-5.636
132.0727195739746,5.6801201410445685,-98.45836903709574,41.52514993282256,5.6801201410445685,-98.45836903709574,41.52514993282256,0.0,-0.6243417422888372,0.7800051763207083,-0.04230028071585379,0.7160000000000011,20.472250000000003,-0.45425000000000004,10.821250000000001,9.651,-10.10525,-5.5995
132.1378514766693,5.6801201410445685,-98.45836903709574,41.52514993282256,5.6801201410445685,-98.45836903709574,41.52514993282256,0.0,-0.6243417422888372,0.7800051763207083,-0.04230028071585379,0.34699999999999953,22.187,-2.205,12.3695,9.8175,-12.0225,-5.566
132.2009551525116,5.541093496279672,-98.98001944316141,41.453369393002006,5.541093496279672,-98.98001944316141,41.453369393002006,-2.2251172187075475e-18,-0.6247805230089711,0.779609928588129,-0.043100548899625904,1.2934999999999999,25.694000000000003,-2.535499999999999,14.7615,10.932500000000001,-13.468,-5.535
132.3151113986969,6.21234266177828,-99.12016460039277,42.38099210333313,6.21234266177828,-99.12016460039277,42.38099210333313,-6.685659757126291e-18,-0.6261653116498762,0.7784079084167067,-0.04470045414469012,2.0909999999999993,27.7315,-3.775499999999999,16.799,10.932500000000001,-14.708,-5.4795
132.39638829231262,6.21234266177828,-99.12016460039277,42.38099210333313,6.21234266177828,-99.12016460039277,42.38099210333313,-6.685659757126291e-18,-0.6261653116498762,0.7784079084167067,-0.04470045414469012,3.2340000000000018,29.984250000000003,-4.885249999999999,19.051750000000002,10.932500000000001,-15.81775,-5.437
132.46487045288086,5.976592303653064,-100.20660773033742,41.48686510226455,5.976592303653064,-100.20660773033742,41.48686510226455,6.683950152543201e-18,-0.6261578530970341,0.7786070077064035,-0.04120037081621349,3.291499999999999,33.21025,-5.5142500000000005,21.008,12.20225,-17.7165,-5.4025
132.51895928382874,5.976592303653064,-100.20660773033742,41.48686510226455,5.976592303653064,-100.20660773033742,41.48686510226455,6.683950152543201e-18,-0.6261578530970341,0.7786070077064035,-0.04120037081621349,3.241500000000002,34.592,-5.748999999999999,21.79125,12.80075,-18.54975,-5.3755
132.59128999710083,5.910414302151622,-101.06932321600334,41.44279172130152,5.910414302151622,-101.06932321600334,41.44279172130152,-8.910737637479901e-18,-0.6259947705667922,0.778711503604505,-0.04170061602710654,4.420999999999999,37.651250000000005,-6.239250000000002,24.15575,13.4955,-19.734750000000002,-5.3395
132.72367882728577,5.559514385491667,-102.02501025389668,41.55868621681642,5.559514385491667,-102.02501025389668,41.55868621681642,6.6778959337176574e-18,-0.6253052958454686,0.7793128972935647,-0.040800675233642295,4.7925,41.2675,-5.677999999999999,25.869,15.3985,-21.0765,-5.273
132.7665991783142,5.559514385491667,-102.02501025389668,41.55868621681642,5.559514385491667,-102.02501025389668,41.55868621681642,6.6778959337176574e-18,-0.6253052958454686,0.7793128972935647,-0.040800675233642295,5.201250000000002,42.5865,-5.268250000000002,26.528000000000002,16.0585,-21.32675,-5.2515
132.8359236717224,5.8691370174718145,-102.17171125560039,41.42189205807851,5.8691370174718145,-102.17171125560039,41.42189205807851,-4.4571225497387614e-18,-0.6263422604137682,0.7784051062623271,-0.042200276829740764,6.2165,42.6265,-5.0085,26.92575,15.700750000000001,-20.70925,-5.2170000000000005
132.8944435119629,5.8691370174718145,-102.17171125560039,41.42189205807851,5.8691370174718145,-102.17171125560039,41.42189205807851,-4.4571225497387614e-18,-0.6263422604137682,0.7784051062623271,-0.042200276829740764,5.979499999999998,41.47875,-6.193250000000001,26.82575,14.653,-20.84625,-5.187
132.97966647148132,5.777849908490339,-103.10589014013998,41.589153755469674,5.777849908490339,-103.10589014013998,41.589153755469674,6.677943886388455e-18,-0.6252595763420742,0.7793073012395324,-0.041600389749216676,7.93975,39.71475,-7.331999999999999,27.49325,12.2215,-19.5535,-5.1455
133.11726260185242,5.7962328904838785,-103.11521451060125,41.671464885267085,5.7962328904838785,-103.11521451060125,41.671464885267085,-2.0041364897243634e-17,-0.6256178182367986,0.7790143717176925,-0.041700769320446446,10.604,38.82325,-9.686250000000001,29.55675,9.2665,-18.95275,-5.077
133.19847345352173,5.7962328904838785,-103.11521451060125,41.671464885267085,5.7962328904838785,-103.11521451060125,41.671464885267085,-2.0041364897243634e-17,-0.6256178182367986,0.7790143717176925,-0.041700769320446446,12.442999999999998,40.38275,-12.905750000000001,32.86575,7.517,-20.42275,-5.0360000000000005
133.26320552825928,5.62291339206871,-103.7514456044299,41.71585347293007,5.62291339206871,-103.7514456044299,41.71585347293007,-2.2251269333561908e-18,-0.624852964035187,0.7796065249007164,-0.042100352358029954,12.594000000000001,41.267250000000004,-14.497250000000001,34.17925,7.088,-21.585250000000002,-5.0035
133.32584500312805,5.62291339206871,-103.7514456044299,41.71585347293007,5.62291339206871,-103.7514456044299,41.71585347293007,-2.2251269333561908e-18,-0.624852964035187,0.7796065249007164,-0.042100352358029954,14.1695,43.07025,-14.72475,35.98225,7.088,-21.81275,-4.972
133.39020657539368,5.70402312682711,-104.47317904922106,41.987739562308185,5.70402312682711,-104.47317904922106,41.987739562308185,-6.66933897829928e-18,-0.6239024740280452,0.7803127783523628,-0.04310070581441347,15.152250000000002,43.042750000000005,-16.0325,37.11375,5.929,-21.9615,-4.9395
133.49883770942688,5.560110230403808,-105.12844929027274,42.045272069946286,5.560110230403808,-105.12844929027274,42.045272069946286,4.441074901395216e-18,-0.6227409946656332,0.7812178422984147,-0.04350099352276118,16.55825,44.88125,-16.7095,39.0745,5.80675,-22.51625,-4.8855
133.606627702713,5.560110230403808,-105.12844929027274,42.045272069946286,5.560110230403808,-105.12844929027274,42.045272069946286,4.441074901395216e-18,-0.6227409946656332,0.7812178422984147,-0.04350099352276118,17.7075,44.3665,-16.596,39.335,5.0315,-21.6275,-4.8425
133.73226165771484,5.105613456509559,-106.03362548200596,41.84985266344046,5.105613456509559,-106.03362548200596,41.84985266344046,1.1080064217264338e-17,-0.6206995042572161,0.7828129160451334,-0.044000725991295196,17.3445,43.35425,-14.396249999999998,37.5475,5.80675,-20.203,-4.7805
133.77903985977173,5.592309096802893,-106.8579716037468,42.83837723333759,5.592309096802893,-106.8579716037468,42.83837723333759,-8.867472779693343e-18,-0.6207839100015955,0.7825108772588972,-0.048000667231216675,16.454250000000002,41.253750000000004,-13.186,35.447,5.80675,-18.99275,-4.746
133.8381142616272,5.592309096802893,-106.8579716037468,42.83837723333759,5.592309096802893,-106.8579716037468,42.83837723333759,-8.867472779693343e-18,-0.6207839100015955,0.7825108772588972,-0.048000667231216675,18.139249999999997,38.8375,-11.317250000000001,34.147,4.6905,-16.00775,-4.716
134.00485491752625,5.174719416736508,-108.20054683335444,42.330036194323384,5.174719416736508,-108.20054683335444,42.330036194323384,-2.211775539872669e-18,-0.6186949104241606,0.7843126233671409,-0.04550073232590197,20.616750000000003,31.90325,-4.7989999999999995,28.6595,3.24375,-8.04275,-4.6345
134.0695984363556,5.174719416736508,-108.20054683335444,42.330036194323384,5.174719416736508,-108.20054683335444,42.330036194323384,-2.211775539872669e-18,-0.6186949104241606,0.7843126233671409,-0.04550073232590197,15.02975,22.316,-0.7987500000000005,19.07225,3.24375,-4.0425,-4.6000000000000005
134.14511442184448,5.174719416736508,-108.20054683335444,42.330036194323384,5.174719416736508,-108.20054683335444,42.330036194323384,-2.211775539872669e-18,-0.6186949104241606,0.7843126233671409,-0.04550073232590197,11.493,17.29075,0.6897499999999996,14.047,3.24375,-2.5540000000000003,-4.562
134.20430254936218,5.099299582865626,-108.74803355201013,42.595874757279375,5.099299582865626,-108.74803355201013,42.595874757279375,4.4201421889556465e-18,-0.6178302211628331,0.7849174989489073,-0.04680104338235298,11.840750000000002,15.6965,1.35375,13.091750000000001,2.60475,-1.2510000000000001,-4.5325
134.29893231391907,5.196715205275325,-110.01144733220352,43.04330722875189,5.196715205275325,-110.01144733220352,43.04330722875189,2.2081358872310682e-18,-0.6168397150874653,0.7856053995626581,-0.048300331974129807,8.50075,8.50525,3.92,6.543,1.96225,1.95775,-4.486
134.41942048072815,5.259658093525189,-110.4604999278485,42.94436300626639,5.259658093525189,-110.4604999278485,42.94436300626639,4.416835915021193e-18,-0.6170372880120176,0.785505058078882,-0.04740030522334692,3.0555,6.25975,3.94175,2.68675,3.573,0.36875,-4.425
134.46668577194214,5.259658093525189,-110.4604999278485,42.94436300626639,5.259658093525189,-110.4604999278485,42.94436300626639,4.416835915021193e-18,-0.6170372880120176,0.785505058078882,-0.04740030522334692,-0.19524999999999992,5.967499999999999,3.1362499999999995,1.318,4.6495,-1.51325,-4.402
134.53440189361572,5.259658093525189,-110.4604999278485,42.94436300626639,5.259658093525189,-110.4604999278485,42.94436300626639,4.416835915021193e-18,-0.6170372880120176,0.785505058078882,-0.04740030522334692,-0.9450000000000001,4.21525,2.36625,0.452,3.76325,-1.397,-4.3685
134.5897433757782,5.397277881626849,-111.23178045756488,42.78980836090338,5.397277881626849,-111.23178045756488,42.78980836090338,1.324207633417686e-17,-0.6163380201020672,0.7860051998792406,-0.048200318873001774,-3.5140000000000002,0.09024999999999972,2.88325,-3.1535,3.24375,-0.3605,-4.3405000000000005
134.67432498931885,5.397277881626849,-111.23178045756488,42.78980836090338,5.397277881626849,-111.23178045756488,42.78980836090338,1.324207633417686e-17,-0.6163380201020672,0.7860051998792406,-0.048200318873001774,-2.45275,-0.2357499999999999,1.496,-2.09225,1.8565,-0.3605,-4.298
134.80482506752014,4.982342595662686,-112.22922100363346,42.51678626377515,4.982342595662686,-112.22922100363346,42.51678626377515,6.613414690304484e-18,-0.6152812446402789,0.7869112510908975,-0.04690067057588396,0.8827499999999999,0.52975,0.7685,0.322,0.20775000000000002,0.56075,-4.2445
134.8890540599823,5.0447681531676665,-112.89113101023362,42.780183668722046,5.0447681531676665,-112.89113101023362,42.780183668722046,-1.1015299127425521e-17,-0.6147112506377682,0.7874155099691078,-0.04590090412443747,0.60075,-0.60075,0.0,0.0,-0.60075,0.60075,-4.1905
134.95843386650085,4.862782399180588,-113.8406348556609,42.96839533909497,4.862782399180588,-113.8406348556609,42.96839533909497,-1.3216626805179073e-17,-0.6145339152526046,0.787518707253066,-0.04650110461875246,0.60075,-0.60075,0.0,0.0,-0.60075,0.60075,-4.1565
135.0193567276001,4.862782399180588,-113.8406348556609,42.96839533909497,4.862782399180588,-113.8406348556609,42.96839533909497,-1.3216626805179073e-17,-0.6145339152526046,0.787518707253066,-0.04650110461875246,0.60075,-0.60075,0.0,0.0,-0.60075,0.60075,-4.1255
135.0917627811432,4.963645691084309,-114.19976588136771,43.08985110355724,4.963645691084309,-114.19976588136771,43.08985110355724,2.2036159844407227e-18,-0.6149206466869738,0.7872167783431104,-0.046500991098773675,0.60075,-0.60075,0.0,0.0,-0.60075,0.60075,-4.089
135.22189497947693,5.089352040098532,-115.34667361658002,42.62326717677912,5.089352040098532,-115.34667361658002,42.62326717677912,-2.200826288360855e-18,-0.6138038253931845,0.7882146288196172,-0.044300822198311385,0.60075,-0.60075,0.0,0.0,-0.60075,0.60075,-4.024
135.2714011669159,5.089352040098532,-115.34667361658002,42.62326717677912,5.089352040098532,-115.34667361658002,42.62326717677912,-2.200826288360855e-18,-0.6138038253931845,0.7882146288196172,-0.044300822198311385,0.60075,-0.60075,0.0,0.0,-0.60075,0.60075,-3.9995000000000003
135.338476896286,4.885396201209716,-116.05981110711394,42.61718972845559,4.885396201209716,-116.05981110711394,42.61718972845559,-6.604126997703931e-18,-0.6141276582442146,0.7880179211786454,-0.04330098475512101,0.60075,-0.60075,0.0,0.0,-0.60075,0.60075,-3.966
135.3874547481537,4.885396201209716,-116.05981110711394,42.61718972845559,4.885396201209716,-116.05981110711394,42.61718972845559,-6.604126997703931e-18,-0.6141276582442146,0.7880179211786454,-0.04330098475512101,0.60075,-0.60075,0.0,0.0,-0.60075,0.60075,-3.9415
135.46111941337585,4.770266138058787,-116.26022236926717,42.683374277717604,4.770266138058787,-116.26022236926717,42.683374277717604,-6.613407930881675e-18,-0.6154872439897163,0.7869120553760579,-0.04410067561581415,0.60075,-0.60075,0.0,0.0,-0.60075,0.60075,-3.9050000000000002
135.594975233078,5.333511094447488,-116.72645327633873,43.129226114535484,5.333511094447488,-116.72645327633873,43.129226114535484,-2.2067248004387427e-18,-0.6165568199235383,0.7861077537316425,-0.04350042906414764,0.60075,-0.60075,0.0,0.0,-0.60075,0.60075,-3.8385000000000002
135.64474391937256,5.333511094447488,-116.72645327633873,43.129226114535484,5.333511094447488,-116.72645327633873,43.129226114535484,-2.2067248004387427e-18,-0.6165568199235383,0.7861077537316425,-0.04350042906414764,0.60075,-0.60075,0.0,0.0,-0.60075,0.60075,-3.813
135.7160608768463,5.061598752500203,-117.24224689470861,43.226286000923324,5.061598752500203,-117.24224689470861,43.226286000923324,-2.207282413665275e-18,-0.6167673231562296,0.7859091637921551,-0.044100514217119295,0.60075,-0.60075,0.0,0.0,-0.60075,0.60075,-3.7775
135.8031620979309,5.061598752500203,-117.24224689470861,43.226286000923324,5.061598752500203,-117.24224689470861,43.226286000923324,-2.207282413665275e-18,-0.6167673231562296,0.7859091637921551,-0.044100514217119295,0.60075,-0.60075,0.0,0.0,-0.60075,0.60075,-3.745
135.89982914924622,5.330033031988705,-118.82908121948392,43.25628372267644,5.330033031988705,-118.82908121948392,43.25628372267644,-2.2027552968157888e-18,-0.6146747067396322,0.7875243693588894,-0.04450137706218484,0.60075,-0.60075,0.0,0.0,-0.60075,0.60075,-3.685
136.02673935890198,5.434811435782763,-118.93824991420311,43.43433900114825,5.434811435782763,-118.93824991420311,43.43433900114825,4.4077899349502825e-18,-0.6153237020794081,0.7871171274392295,-0.04270092915977017,0.60075,-0.60075,0.0,0.0,-0.60075,0.60075,-3.622
136.09836840629578,5.215343304341076,-119.51658474571632,43.894080843860095,5.215343304341076,-119.51658474571632,43.894080843860095,-1.1020901347880935e-17,-0.615109873364021,0.7870152454954851,-0.047400918216627695,0.60075,-0.60075,0.0,0.0,-0.60075,0.60075,-3.5865
136.18329524993896,5.215343304341076,-119.51658474571632,43.894080843860095,5.215343304341076,-119.51658474571632,43.894080843860095,-1.1020901347880935e-17,-0.615109873364021,0.7870152454954851,-0.047400918216627695,0.60075,-0.60075,0.0,0.0,-0.60075,0.60075,-3.5545
136.26840806007385,5.059902770841035,-119.73409239017455,43.38660802178246,5.059902770841035,-119.73409239017455,43.38660802178246,0.0,-0.615156950703128,0.7871078992070857,-0.04520045361981993,0.60075,-0.60075,0.0,0.0,-0.60075,0.60075,-3.5005
136.33985567092896,5.385839195152414,-120.95326607506492,43.97268052018,5.385839195152414,-120.95326607506492,43.97268052018,6.604221647174743e-18,-0.6138470715641591,0.7880066275723412,-0.04730039782255297,0.60075,-0.60075,0.0,0.0,-0.60075,0.60075,-3.467
136.46299409866333,5.088080087375147,-121.02682149755958,43.756280165380616,5.088080087375147,-121.02682149755958,43.756280165380616,-1.1006767969371544e-17,-0.6138834675093082,0.7880258222958866,-0.04650152377761259,0.60075,-0.60075,0.0,0.0,-0.60075,0.60075,-3.4045
136.52942061424255,5.088080087375147,-121.02682149755958,43.756280165380616,5.088080087375147,-121.02682149755958,43.756280165380616,-1.1006767969371544e-17,-0.6138834675093082,0.7880258222958866,-0.04650152377761259,0.60075,-0.60075,0.0,0.0,-0.60075,0.60075,-3.3705000000000003
136.6039640903473,4.985398593013741,-121.68248993943297,43.74381400931635,4.985398593013741,-121.68248993943297,43.74381400931635,0.0,-0.6123269623851181,0.7892181892070604,-0.046801078630119654,0.60075,-0.60075,0.0,0.0,-0.60075,0.60075,-3.333
136.65265893936157,4.985398593013741,-121.68248993943297,43.74381400931635,4.985398593013741,-121.68248993943297,43.74381400931635,0.0,-0.6123269623851181,0.7892181892070604,-0.046801078630119654,0.60075,-0.60075,0.0,0.0,-0.60075,0.60075,-3.309
136.7285032272339,5.300272806511401,-122.86477014586659,43.860294665004425,5.300272806511401,-122.86477014586659,43.860294665004425,-8.780886464192142e-18,-0.6109859121874507,0.7902270382612925,-0.04730161846337526,0.60075,-0.60075,0.0,0.0,-0.60075,0.60075,-3.2705
136.84535264968872,5.119574584034638,-123.38194296069588,43.8882308779776,5.119574584034638,-123.38194296069588,43.8882308779776,-4.3916353380726114e-18,-0.6112864546141522,0.7900125317500235,-0.04700074555981151,0.60075,-0.60075,0.0,0.0,-0.60075,0.60075,-3.2125
136.90943050384521,5.119574584034638,-123.38194296069588,43.8882308779776,5.119574584034638,-123.38194296069588,43.8882308779776,-4.3916353380726114e-18,-0.6112864546141522,0.7900125317500235,-0.04700074555981151,0.60075,-0.60075,0.0,0.0,-0.60075,0.60075,-3.1805
137.01609444618225,5.246645646190075,-124.1508770687002,44.33888959886327,5.246645646190075,-124.1508770687002,44.33888959886327,-1.535327622958959e-17,-0.6100701153974364,0.7909103015052213,-0.04770062129447347,0.60075,-0.60075,0.0,0.0,-0.60075,0.60075,-3.1275
137.08594131469727,4.718616651150995,-124.32402423601913,44.02170599454635,4.718616651150995,-124.32402423601913,44.02170599454635,6.579144265904392e-18,-0.6098694883163582,0.7910102313609987,-0.048600628627237095,0.60075,-0.60075,0.0,0.0,-0.60075,0.60075,-3.0925000000000002
137.14628386497498,4.718616651150995,-124.32402423601913,44.02170599454635,4.718616651150995,-124.32402423601913,44.02170599454635,6.579144265904392e-18,-0.6098694883163582,0.7910102313609987,-0.048600628627237095,0.60075,-0.60075,0.0,0.0,-0.60075,0.60075,-3.0625
137.27107977867126,4.544289438285688,-125.0701854375134,44.00041082515927,4.544289438285688,-125.0701854375134,44.00041082515927,8.762189941775221e-18,-0.6086885159905826,0.7919132032078968,-0.04870081196644093,0.60075,-0.60075,0.0,0.0,-0.60075,0.60075,-3.0
137.33999586105347,4.4569775435271595,-126.3661993523271,44.106356875783774,4.4569775435271595,-126.3661993523271,44.106356875783774,4.375571040716824e-18,-0.6073856127432504,0.7929129523138163,-0.04870079553245411,0.60075,-0.60075,0.0,0.0,-0.60075,0.60075,-2.9655
137.39190125465393,4.4569775435271595,-126.3661993523271,44.106356875783774,4.4569775435271595,-126.3661993523271,44.106356875783774,4.375571040716824e-18,-0.6073856127432504,0.7929129523138163,-0.04870079553245411,0.60075,-0.60075,0.0,0.0,-0.60075,0.60075,-2.9395000000000002
137.46505570411682,4.852399095334704,-126.78908758525148,44.4731092974802,4.852399095334704,-126.78908758525148,44.4731092974802,0.0,-0.6073299942567676,0.7928045397016613,-0.05110029260690576,0.60075,-0.60075,0.0,0.0,-0.60075,0.60075,-2.9025
137.51530718803406,4.852399095334704,-126.78908758525148,44.4731092974802,4.852399095334704,-126.78908758525148,44.4731092974802,0.0,-0.6073299942567676,0.7928045397016613,-0.05110029260690576,0.60075,-0.60075,0.0,0.0,-0.60075,0.60075,-2.878
137.6442186832428,4.478894000984411,-127.65757247351928,44.263758053526814,4.478894000984411,-127.65757247351928,44.263758053526814,-1.0930579628844434e-17,-0.6065212956777974,0.793518520920468,-0.04960115770340923,0.60075,-0.60075,0.0,0.0,-0.60075,0.60075,-2.813
137.7098410129547,4.995594601522697,-128.0950532672181,44.543456184639645,4.995594601522697,-128.0950532672181,44.543456184639645,8.745615189390251e-18,-0.6065920431548192,0.7934140427679865,-0.05040089205382724,0.60075,-0.60075,0.0,0.0,-0.60075,0.60075,-2.7805
137.76839351654053,4.995594601522697,-128.0950532672181,44.543456184639645,4.995594601522697,-128.0950532672181,44.543456184639645,8.745615189390251e-18,-0.6065920431548192,0.7934140427679865,-0.05040089205382724,0.60075,-0.60075,0.0,0.0,-0.60075,0.60075,-2.7505
137.8387200832367,4.687771396275252,-128.20356719777274,44.29132605715231,4.687771396275252,-128.20356719777274,44.29132605715231,-2.18612742568761e-18,-0.6064939333531036,0.7935143466905543,-0.05000090401326744,0.60075,-0.60075,0.0,0.0,-0.60075,0.60075,-2.716
137.89515447616577,4.687771396275252,-128.20356719777274,44.29132605715231,4.687771396275252,-128.20356719777274,44.29132605715231,-2.18612742568761e-18,-0.6064939333531036,0.7935143466905543,-0.05000090401326744,0.60075,-0.60075,0.0,0.0,-0.60075,0.60075,-2.688
138.01746463775635,4.3678438670683875,-129.34785454023023,44.1408174064137,4.3678438670683875,-129.34785454023023,44.1408174064137,-6.5526296880741006e-18,-0.6056712371909516,0.7942109772206571,-0.0489006758827627,0.60075,-0.60075,0.0,0.0,-0.60075,0.60075,-2.6270000000000002
138.0972204208374,4.922986234272145,-129.98945896376017,44.85289936506892,4.922986234272145,-129.98945896376017,44.85289936506892,4.3678440523927294e-18,-0.6055014771934177,0.7943156647392281,-0.04930097226695701,0.60075,-0.60075,0.0,0.0,-0.60075,0.60075,-2.587
138.13744115829468,4.922986234272145,-129.98945896376017,44.85289936506892,4.922986234272145,-129.98945896376017,44.85289936506892,4.3678440523927294e-18,-0.6055014771934177,0.7943156647392281,-0.04930097226695701,0.60075,-0.60075,0.0,0.0,-0.60075,0.60075,-2.566
138.2104525566101,4.868631176560768,-131.06309507132704,45.0398513274279,4.868631176560768,-131.06309507132704,45.0398513274279,4.362360427406248e-18,-0.6040902834955117,0.7953141446444998,-0.05050089815735853,0.60075,-0.60075,0.0,0.0,-0.60075,0.60075,-2.531
138.27579283714294,4.868631176560768,-131.06309507132704,45.0398513274279,4.868631176560768,-131.06309507132704,45.0398513274279,4.362360427406248e-18,-0.6040902834955117,0.7953141446444998,-0.05050089815735853,0.60075,-0.60075,0.0,0.0,-0.60075,0.60075,-2.4975
138.42915081977844,4.870561838857014,-131.22411085215037,44.74904178344946,4.870561838857014,-131.22411085215037,44.74904178344946,-6.554274808265111e-18,-0.6058756459813389,0.7940116306029505,-0.049600726546481545,0.60075,-0.60075,0.0,0.0,-0.60075,0.60075,-2.4325
138.50898385047913,5.012755066117279,-131.73960326797112,44.62001211495193,5.012755066117279,-131.73960326797112,44.62001211495193,-8.753310183886418e-18,-0.6076097027673357,0.7927165561527492,-0.049101025491484776,0.60075,-0.60075,0.0,0.0,-0.60075,0.60075,-2.3805
138.580735206604,5.23026789752717,-132.26422021781073,45.321129240768336,5.23026789752717,-132.26422021781073,45.321129240768336,6.566726226889574e-18,-0.607940396018374,0.7925060750393813,-0.048400371018178005,0.60075,-0.60075,0.0,0.0,-0.60075,0.60075,-2.345
138.64183020591736,5.23026789752717,-132.26422021781073,45.321129240768336,5.23026789752717,-132.26422021781073,45.321129240768336,6.566726226889574e-18,-0.607940396018374,0.7925060750393813,-0.048400371018178005,0.60075,-0.60075,0.0,0.0,-0.60075,0.60075,-2.3145000000000002
138.70213890075684,4.878128481425506,-133.01462202015023,45.16654927223029,4.878128481425506,-133.01462202015023,45.16654927223029,-2.1891306146346123e-18,-0.60837199917414,0.792425753118596,-0.0441014332566003,0.60075,-0.60075,0.0,0.0,-0.60075,0.60075,-2.2845
138.81053066253662,4.878128481425506,-133.01462202015023,45.16654927223029,4.878128481425506,-133.01462202015023,45.16654927223029,-2.1891306146346123e-18,-0.60837199917414,0.792425753118596,-0.0441014332566003,0.60075,-0.60075,0.0,0.0,-0.60075,0.60075,-2.241
138.86523985862732,4.918528017280181,-133.54698959022446,45.11908720489239,4.918528017280181,-133.54698959022446,45.11908720489239,-2.190007757639353e-18,-0.6087561398093111,0.7921083703587858,-0.044500470244875606,0.60075,-0.60075,0.0,0.0,-0.60075,0.60075,-2.203
138.91431379318237,4.918528017280181,-133.54698959022446,45.11908720489239,4.918528017280181,-133.54698959022446,45.11908720489239,-2.190007757639353e-18,-0.6087561398093111,0.7921083703587858,-0.044500470244875606,0.60075,-0.60075,0.0,0.0,-0.60075,0.60075,-2.178
138.9837851524353,5.199651665314775,-134.33305125861872,45.32200725810779,5.199651665314775,-134.33305125861872,45.32200725810779,1.314499114999178e-17,-0.6088699375771959,0.7918104118211864,-0.048100632493810386,0.60075,-0.60075,0.0,0.0,-0.60075,0.60075,-2.1435
139.03492093086243,5.199651665314775,-134.33305125861872,45.32200725810779,5.199651665314775,-134.33305125861872,45.32200725810779,1.314499114999178e-17,-0.6088699375771959,0.7918104118211864,-0.048100632493810386,0.60075,-0.60075,0.0,0.0,-0.60075,0.60075,-2.1175
139.15592098236084,4.560396394945997,-135.07970968849253,45.001142974641795,4.560396394945997,-135.07970968849253,45.001142974641795,1.0947081015031645e-17,-0.6085498133355702,0.7923223887695843,-0.04350122922059437,0.60075,-0.60075,0.0,0.0,-0.60075,0.60075,-2.0575
139.23913621902466,4.650245667957961,-135.24734384325524,44.823587635954915,4.650245667957961,-135.24734384325524,44.823587635954915,-4.375580900669107e-18,-0.6078741591595131,0.7929111655604564,-0.042200594257348054,0.60075,-0.60075,0.0,0.0,-0.60075,0.60075,-2.0165
139.29210877418518,4.650245667957961,-135.24734384325524,44.823587635954915,4.650245667957961,-135.24734384325524,44.823587635954915,-4.375580900669107e-18,-0.6078741591595131,0.7929111655604564,-0.042200594257348054,0.60075,-0.60075,0.0,0.0,-0.60075,0.60075,-1.9895
139.36342477798462,4.6993446146775,-136.39402073723733,45.30475433704575,4.6993446146775,-136.39402073723733,45.30475433704575,0.0,-0.6065023121723921,0.7942156389306728,-0.0371007305519113,0.60075,-0.60075,0.0,0.0,-0.60075,0.60075,-1.9535
139.4104814529419,4.6993446146775,-136.39402073723733,45.30475433704575,4.6993446146775,-136.39402073723733,45.30475433704575,0.0,-0.6065023121723921,0.7942156389306728,-0.0371007305519113,0.60075,-0.60075,0.0,0.0,-0.60075,0.60075,-1.93
139.5645730495453,5.157436689330609,-136.9414104202898,45.95199168611308,5.157436689330609,-136.9414104202898,45.95199168611308,8.73792650699708e-18,-0.6064797035124656,0.794112184206489,-0.039600607599265786,0.60075,-0.60075,0.0,0.0,-0.60075,0.60075,-1.8655
139.6265094280243,4.5361491827476925,-137.39537201536308,46.07576851901206,4.5361491827476925,-137.39537201536308,46.07576851901206,4.367279715398662e-18,-0.6060191663635183,0.794418305683658,-0.0405009332580415,0.60075,-0.60075,0.0,0.0,-0.60075,0.60075,-1.83425
139.74260807037354,4.6598359372775064,-138.04351868627748,45.712302592498354,4.6598359372775064,-138.04351868627748,45.712302592498354,-2.1814863060057104e-18,-0.6050164313660685,0.7952025512152199,-0.04010012865157233,0.60075,-0.60075,0.0,0.0,-0.60075,0.60075,-1.83425
139.79630136489868,4.6598359372775064,-138.04351868627748,45.712302592498354,4.6598359372775064,-138.04351868627748,45.712302592498354,-2.1814863060057104e-18,-0.6050164313660685,0.7952025512152199,-0.04010012865157233,0.60075,-0.60075,0.0,0.0,-0.60075,0.60075,-1.83425
139.90442299842834,4.688632403923009,-137.91378022392115,45.92710178917783,4.688632403923009,-137.91378022392115,45.92710178917783,1.3093489100720663e-17,-0.6053611314683487,0.7949249261060575,-0.040401266844489525,0.60075,-0.60075,0.0,0.0,-0.60075,0.60075,-1.83425
140.03429460525513,4.6447909272675645,-138.08002357709117,45.95936744354051,4.6447909272675645,-138.08002357709117,45.95936744354051,8.725869938613208e-18,-0.6049605867397763,0.7952094120955943,-0.04080048291436148,0.60075,-0.60075,0.0,0.0,-0.60075,0.60075,-1.83425
140.10412287712097,4.576353801463682,-138.08098318111976,45.86763174181096,4.576353801463682,-138.08098318111976,45.86763174181096,-4.363466302412002e-18,-0.6050810865312257,0.7951125805728811,-0.040900647145555066,0.60075,-0.60075,0.0,0.0,-0.60075,0.60075,-1.83425
140.15099120140076,4.576353801463682,-138.08098318111976,45.86763174181096,4.576353801463682,-138.08098318111976,45.86763174181096,-4.363466302412002e-18,-0.6050810865312257,0.7951125805728811,-0.040900647145555066,0.60075,-0.60075,0.0,0.0,-0.60075,0.60075,-1.83425
140.22467136383057,4.549350739686901,-137.97687686440753,45.81256170027029,4.549350739686901,-137.97687686440753,45.81256170027029,8.729162225543286e-18,-0.6053613558307842,0.7949094912685467,-0.04070048596632263,0.60075,-0.60075,0.0,0.0,-0.60075,0.60075,-1.83425
140.27931237220764,4.549350739686901,-137.97687686440753,45.81256170027029,4.549350739686901,-137.97687686440753,45.81256170027029,8.729162225543286e-18,-0.6053613558307842,0.7949094912685467,-0.04070048596632263,0.60075,-0.60075,0.0,0.0,-0.60075,0.60075,-1.83425
140.4038279056549,4.647111423841096,-137.93455216654962,45.989907319288456,4.647111423841096,-137.93455216654962,45.989907319288456,-6.547585126090076e-18,-0.6054480090595773,0.7948228740384654,-0.04110118284220046,0.60075,-0.60075,0.0,0.0,-0.60075,0.60075,-1.83425
140.46798062324524,4.645505191284428,-137.96737387581578,46.04486325998481,4.645505191284428,-137.96737387581578,46.04486325998481,-2.1822695938850586e-18,-0.6053106620991653,0.7949171270303538,-0.04130088985577254,0.60075,-0.60075,0.0,0.0,-0.60075,0.60075,-1.83425
140.53445386886597,4.645505191284428,-137.96737387581578,46.04486325998481,4.645505191284428,-137.96737387581578,46.04486325998481,-2.1822695938850586e-18,-0.6053106620991653,0.7949171270303538,-0.04130088985577254,0.60075,-0.60075,0.0,0.0,-0.60075,0.60075,-1.83425
140.59457325935364,4.66522418988103,-138.08449536576092,45.92999935056423,4.66522418988103,-138.08449536576092,45.92999935056423,-2.1816977952570372e-18,-0.6050641092223517,0.7951254659321093,-0.0409013099693413,0.60075,-0.60075,0.0,0.0,-0.60075,0.60075,-1.83425
140.65996050834656,4.66522418988103,-138.08449536576092,45.92999935056423,4.66522418988103,-138.08449536576092,45.92999935056423,-2.1816977952570372e-18,-0.6050641092223517,0.7951254659321093,-0.0409013099693413,0.60075,-0.60075,0.0,0.0,-0.60075,0.60075,-1.83425
140.783921957016,4.705349344198055,-138.03886048495602,45.97480369906923,4.705349344198055,-138.03886048495602,45.97480369906923,1.3091781545436182e-17,-0.6051845931417853,0.7950286078130602,-0.04100147537149115,0.60075,-0.60075,0.0,0.0,-0.60075,0.60075,-1.83425
140.8493664264679,4.6539708010245135,-138.0130165511419,46.081538587397155,4.6539708010245135,-138.0130165511419,46.081538587397155,-8.727995683524949e-18,-0.6052015486344254,0.7950157350564637,-0.04100081149347799,0.60075,-0.60075,0.0,0.0,-0.60075,0.60075,-1.83425
140.90431666374207,4.6539708010245135,-138.0130165511419,46.081538587397155,4.6539708010245135,-138.0130165511419,46.081538587397155,-8.727995683524949e-18,-0.6052015486344254,0.7950157350564637,-0.04100081149347799,0.60075,-0.60075,0.0,0.0,-0.60075,0.60075,-1.83425
140.96728420257568,4.701696703434749,-138.1004245130737,46.11443366955329,4.701696703434749,-138.1004245130737,46.11443366955329,-6.5451221704653436e-18,-0.6050415440741527,0.7951219690617961,-0.04130114114231188,0.60075,-0.60075,0.0,0.0,-0.60075,0.60075,-1.83425
141.03804302215576,4.701696703434749,-138.1004245130737,46.11443366955329,4.701696703434749,-138.1004245130737,46.11443366955329,-6.5451221704653436e-18,-0.6050415440741527,0.7951219690617961,-0.04130114114231188,0.60075,-0.60075,0.0,0.0,-0.60075,0.60075,-1.83425
141.19160866737366,4.741690622188287,-138.14898878370377,46.0611232758115,4.741690622188287,-138.14898878370377,46.0611232758115,-2.181446512653018e-18,-0.6049097441715884,0.7952170570834128,-0.041400888032260184,0.60075,-0.60075,0.0,0.0,-0.60075,0.60075,-1.83425
141.28469395637512,4.703239254416275,-138.126647248055,45.99691776124055,4.703239254416275,-138.126647248055,45.99691776124055,2.1814321027541707e-18,-0.6049435876063793,0.7952223100533955,-0.040801144680808,0.60075,-0.60075,0.0,0.0,-0.60075,0.60075,-1.83425
141.3607087135315,4.685078296454407,-138.13130744133105,45.886244990404464,4.685078296454407,-138.13130744133105,45.886244990404464,4.362394341023991e-18,-0.6048511908284324,0.7953079618059531,-0.04050040544843594,0.60075,-0.60075,0.0,0.0,-0.60075,0.60075,-1.83425
141.4020094871521,4.685078296454407,-138.13130744133105,45.886244990404464,4.685078296454407,-138.13130744133105,45.886244990404464,4.362394341023991e-18,-0.6048511908284324,0.7953079618059531,-0.04050040544843594,0.60075,-0.60075,0.0,0.0,-0.60075,0.60075,-1.83425
141.4672451019287,4.723018062174702,-138.1608345566927,45.97161901242234,4.723018062174702,-138.1608345566927,45.97161901242234,-2.1812066962708526e-18,-0.6048288531697373,0.7953044885395845,-0.04090023083272854,0.60075,-0.60075,0.0,0.0,-0.60075,0.60075,-1.83425
141.60209274291992,4.7728424371268545,-138.0887865443456,46.0634156113651,4.7728424371268545,-138.0887865443456,46.0634156113651,0.0,-0.6051619705638601,0.795025107228054,-0.04140130747074393,0.60075,-0.60075,0.0,0.0,-0.60075,0.60075,-1.83425
141.66093945503235,4.7728424371268545,-138.0887865443456,46.0634156113651,4.7728424371268545,-138.0887865443456,46.0634156113651,0.0,-0.6051619705638601,0.795025107228054,-0.04140130747074393,0.60075,-0.60075,0.0,0.0,-0.60075,0.60075,-1.83425
141.77875018119812,4.715131608474735,-138.0728515944662,45.94932995219348,4.715131608474735,-138.0728515944662,45.94932995219348,0.0,-0.6051959143455193,0.7950148628158487,-0.04110076837953632,0.60075,-0.60075,0.0,0.0,-0.60075,0.60075,-1.7985
141.8430438041687,4.715203034876424,-138.06158662433864,45.95787953383791,4.715203034876424,-138.06158662433864,45.95787953383791,-1.0909841912519542e-17,-0.6051733091408471,0.7950268619319464,-0.041201392090058096,0.60075,-0.60075,0.0,0.0,-0.60075,0.60075,-1.7665
141.90760159492493,4.715203034876424,-138.06158662433864,45.95787953383791,4.715203034876424,-138.06158662433864,45.95787953383791,-1.0909841912519542e-17,-0.6051733091408471,0.7950268619319464,-0.041201392090058096,0.60075,-0.60075,0.0,0.0,-0.60075,0.60075,-1.7335
142.06273436546326,4.6505672911858085,-138.25579330241666,46.00377056594069,4.6505672911858085,-138.25579330241666,46.00377056594069,1.0905904521952899e-17,-0.6047892710052568,0.7953138928022515,-0.04130072145446119,0.60075,-0.60075,0.0,0.0,-0.60075,0.60075,-1.6675
142.15520071983337,4.431290337786834,-138.86871347009213,45.84238132911014,4.431290337786834,-138.86871347009213,45.84238132911014,-8.711483956325853e-18,-0.6033430543121503,0.796522606101862,-0.039101109728289785,0.60075,-0.60075,0.0,0.0,-0.60075,0.60075,-1.6105
142.21805357933044,4.103932020183095,-140.02465618897764,45.53184475710739,4.103932020183095,-140.02465618897764,45.53184475710739,4.332890200532184e-18,-0.5981409064508305,0.8007234874143547,-0.03270095920875409,0.60075,-0.60075,0.0,0.0,-0.60075,0.60075,-1.579
142.27703428268433,4.103932020183095,-140.02465618897764,45.53184475710739,4.103932020183095,-140.02465618897764,45.53184475710739,4.332890200532184e-18,-0.5981409064508305,0.8007234874143547,-0.03270095920875409,0.60075,-0.60075,0.0,0.0,-0.60075,0.60075,-1.5495
142.35045337677002,4.152692743936541,-140.1693622026636,45.44138724541173,4.152692743936541,-140.1693622026636,45.44138724541173,0.0,-0.5978457341693595,0.8010076464486405,-0.031100296884585165,0.60075,-0.60075,0.0,0.0,-0.60075,0.60075,-1.5130000000000001
142.47335052490234,4.138831429937113,-140.72969491630326,45.03354522452691,4.138831429937113,-140.72969491630326,45.03354522452691,2.1632404934756527e-18,-0.5968572777272565,0.801909672645619,-0.026500319647223963,0.60075,-0.60075,0.0,0.0,-0.60075,0.60075,-1.451
142.53551077842712,4.138831429937113,-140.72969491630326,45.03354522452691,4.138831429937113,-140.72969491630326,45.03354522452691,2.1632404934756527e-18,-0.5968572777272565,0.801909672645619,-0.026500319647223963,0.60075,-0.60075,0.0,0.0,-0.60075,0.60075,-1.4205
142.6064486503601,4.4670536324199475,-141.80010822601702,45.08439335315466,4.4670536324199475,-141.80010822601702,45.08439335315466,0.0,-0.593387886825998,0.8047153555156862,-0.018000343481151166,0.60075,-0.60075,0.0,0.0,-0.60075,0.60075,-1.3845
142.68863701820374,4.4670536324199475,-141.80010822601702,45.08439335315466,4.4670536324199475,-141.80010822601702,45.08439335315466,0.0,-0.593387886825998,0.8047153555156862,-0.018000343481151166,0.60075,-0.60075,0.0,0.0,-0.60075,0.60075,-1.3545
142.74021244049072,4.34441360964388,-141.97566036060587,45.03601078548006,4.34441360964388,-141.97566036060587,45.03601078548006,1.0779798661087936e-18,-0.5935017234864545,0.8046177533160589,-0.018600410404770937,0.60075,-0.60075,0.0,0.0,-0.60075,0.60075,-1.318
142.84768748283386,4.702324247311992,-142.99616319997253,45.16120635364663,4.702324247311992,-142.99616319997253,45.16120635364663,-1.0773003127637122e-18,-0.592944178322383,0.8051253004496665,-0.01380043366812247,0.60075,-0.60075,0.0,0.0,-0.60075,0.60075,-1.264
142.91809058189392,4.702324247311992,-142.99616319997253,45.16120635364663,4.702324247311992,-142.99616319997253,45.16120635364663,-1.0773003127637122e-18,-0.592944178322383,0.8051253004496665,-0.01380043366812247,0.60075,-0.60075,0.0,0.0,-0.60075,0.60075,-1.2457500000000001
143.03405451774597,4.634545741947164,-143.68602856366232,44.83091579339447,4.634545741947164,-143.68602856366232,44.83091579339447,-5.387249560097995e-19,-0.5931771673592606,0.8050135122871734,-0.009700162818864077,0.60075,-0.60075,0.0,0.0,-0.60075,0.60075,-1.2457500000000001
143.09451532363892,4.439165370162186,-143.97770958742532,44.80749164564647,4.439165370162186,-143.97770958742532,44.80749164564647,3.233114507087846e-18,-0.5934321993015594,0.8048230918703153,-0.009900284057549854,0.60075,-0.60075,0.0,0.0,-0.60075,0.60075,-1.2457500000000001
143.15487408638,4.439165370162186,-143.97770958742532,44.80749164564647,4.439165370162186,-143.97770958742532,44.80749164564647,3.233114507087846e-18,-0.5934321993015594,0.8048230918703153,-0.009900284057549854,0.60075,-0.60075,0.0,0.0,-0.60075,0.60075,-1.2457500000000001
143.2804660797119,4.364376596813287,-143.86912949008877,44.629961361347284,4.364376596813287,-143.86912949008877,44.629961361347284,-5.390517118047779e-19,-0.5938467914421708,0.8045255390103704,-0.009200292055805356,0.60075,-0.60075,0.0,0.0,-0.60075,0.60075,-1.2457500000000001
143.35130071640015,4.465869092959025,-143.80175526810558,44.62221620555386,4.465869092959025,-143.80175526810558,44.62221620555386,0.0,-0.5942746390759177,0.8042129325020727,-0.00890014312269143,0.60075,-0.60075,0.0,0.0,-0.60075,0.60075,-1.2457500000000001
143.40332293510437,4.465869092959025,-143.80175526810558,44.62221620555386,4.465869092959025,-143.80175526810558,44.62221620555386,0.0,-0.5942746390759177,0.8042129325020727,-0.00890014312269143,0.60075,-0.60075,0.0,0.0,-0.60075,0.60075,-1.2457500000000001
143.47401475906372,4.45486096261385,-143.88759943958368,44.58336264343224,4.45486096261385,-143.88759943958368,44.58336264343224,5.391971055935117e-19,-0.5941495727269192,0.8043085997593314,-0.008600091953164555,0.60075,-0.60075,0.0,0.0,-0.60075,0.60075,-1.2457500000000001
143.53089451789856,4.45486096261385,-143.88759943958368,44.58336264343224,4.45486096261385,-143.88759943958368,44.58336264343224,5.391971055935117e-19,-0.5941495727269192,0.8043085997593314,-0.008600091953164555,0.60075,-0.60075,0.0,0.0,-0.60075,0.60075,-1.2457500000000001
143.66032791137695,4.366363195858071,-143.9233213525447,44.4557221709572,4.366363195858071,-143.9233213525447,44.4557221709572,-1.6177518908314286e-18,-0.5942660071341287,0.8042287660773163,-0.008000286158441349,0.60075,-0.60075,0.0,0.0,-0.60075,0.60075,-1.2457500000000001
143.78783226013184,4.467125938333822,-143.87303788359705,44.47050197066339,4.467125938333822,-143.87303788359705,44.47050197066339,5.3933282863047695e-19,-0.5944358125804494,0.804106195603638,-0.007700059328625809,0.60075,-0.60075,0.0,0.0,-0.60075,0.60075,-1.2457500000000001
143.91317462921143,4.48690474609225,-143.90722519223473,44.44520322184518,4.48690474609225,-143.90722519223473,44.44520322184518,-1.6181608891989501e-18,-0.5945475193368698,0.8040254931798961,-0.0075002378095139575,0.60075,-0.60075,0.0,0.0,-0.60075,0.60075,-1.2457500000000001
144.0313160419464,4.4866904668871825,-143.94102010261736,44.41955447691189,4.4866904668871825,-143.94102010261736,44.41955447691189,-1.617997411324686e-18,-0.5944389005059492,0.8041067296377296,-0.007400061931748784,0.60075,-0.60075,0.0,0.0,-0.60075,0.60075,-1.2457500000000001
144.09667801856995,4.477935279127138,-143.91654757074141,44.37568601590781,4.477935279127138,-143.91654757074141,44.37568601590781,5.394598123903319e-19,-0.5946980318271441,0.8039169165772954,-0.007200151510581572,0.60075,-0.60075,0.0,0.0,-0.60075,0.60075,-1.2457500000000001
144.2265043258667,4.449476582423614,-143.8705124971602,44.33866069238039,4.449476582423614,-143.8705124971602,44.33866069238039,-1.0790475035991033e-18,-0.5948255813490249,0.8038216437138925,-0.007300196565204546,0.60075,-0.60075,0.0,0.0,-0.60075,0.60075,-1.2457500000000001
144.27796864509583,4.449476582423614,-143.8705124971602,44.33866069238039,4.449476582423614,-143.8705124971602,44.33866069238039,-1.0790475035991033e-18,-0.5948255813490249,0.8038216437138925,-0.007300196565204546,0.60075,-0.60075,0.0,0.0,-0.60075,0.60075,-1.2457500000000001
144.35558938980103,4.459036822668651,-143.89051904293305,44.341548586543304,4.459036822668651,-143.89051904293305,44.341548586543304,0.0,-0.5947169480400508,0.8039029240752923,-0.007200026189006226,0.60075,-0.60075,0.0,0.0,-0.60075,0.60075,-1.2457500000000001
144.40850496292114,4.459036822668651,-143.89051904293305,44.341548586543304,4.459036822668651,-143.89051904293305,44.341548586543304,0.0,-0.5947169480400508,0.8039029240752923,-0.007200026189006226,0.60075,-0.60075,0.0,0.0,-0.60075,0.60075,-1.2457500000000001
144.46614146232605,4.496536412738976,-143.91596676788004,44.45664069765253,4.496536412738976,-143.91596676788004,44.45664069765253,-1.0790475035991033e-18,-0.5948255813490249,0.8038216437138925,-0.007300196565204546,0.60075,-0.60075,0.0,0.0,-0.60075,0.60075,-1.2457500000000001
144.60311698913574,4.51528039915425,-143.89285602476357,44.55469454268612,4.51528039915425,-143.89285602476357,44.55469454268612,-1.6186001059738486e-18,-0.59484245611699,0.8038073160756517,-0.007500068263955448,0.60075,-0.60075,0.0,0.0,-0.60075,0.60075,-1.2457500000000001
144.66158819198608,4.51528039915425,-143.89285602476357,44.55469454268612,4.51528039915425,-143.89285602476357,44.55469454268612,-1.6186001059738486e-18,-0.59484245611699,0.8038073160756517,-0.007500068263955448,0.60075,-0.60075,0.0,0.0,-0.60075,0.60075,-1.2457500000000001
144.73285102844238,4.457137139678679,-143.92062115858943,44.4163165866339,4.457137139678679,-143.92062115858943,44.4163165866339,5.395330209938555e-19,-0.5948454630718212,0.8038078340327213,-0.007200070172972871,0.60075,-0.60075,0.0,0.0,-0.60075,0.60075,-1.2457500000000001
144.78229022026062,4.457137139678679,-143.92062115858943,44.4163165866339,4.457137139678679,-143.92062115858943,44.4163165866339,5.395330209938555e-19,-0.5948454630718212,0.8038078340327213,-0.007200070172972871,0.60075,-0.60075,0.0,0.0,-0.60075,0.60075,-1.2457500000000001
144.84676551818848,4.458088917380309,-143.91751496929123,44.365429990095606,4.458088917380309,-143.91751496929123,44.365429990095606,5.395870477229009e-19,-0.5949589066781021,0.8037273519154483,-0.006800231420959375,0.60075,-0.60075,0.0,0.0,-0.60075,0.60075,-1.2457500000000001
144.97663950920105,4.556963594105923,-143.96900282717985,44.37396221093445,4.556963594105923,-143.96900282717985,44.37396221093445,1.0790468274855216e-18,-0.5948285069563932,0.803822147375751,-0.0070001928733892235,0.60075,-0.60075,0.0,0.0,-0.60075,0.60075,-1.2457500000000001
145.0386176109314,4.556963594105923,-143.96900282717985,44.37396221093445,4.556963594105923,-143.96900282717985,44.37396221093445,1.0790468274855216e-18,-0.5948285069563932,0.803822147375751,-0.0070001928733892235,0.60075,-0.60075,0.0,0.0,-0.60075,0.60075,-1.2457500000000001
145.11323618888855,4.506397848243921,-143.98647238138258,44.38570614644925,4.506397848243921,-143.98647238138258,44.38570614644925,5.395330209938555e-19,-0.5948454630718212,0.8038078340327213,-0.007200070172972871,0.60075,-0.60075,0.0,0.0,-0.60075,0.60075,-1.2457500000000001
145.16515636444092,4.506397848243921,-143.98647238138258,44.38570614644925,4.506397848243921,-143.98647238138258,44.38570614644925,5.395330209938555e-19,-0.5948454630718212,0.8038078340327213,-0.007200070172972871,0.60075,-0.60075,0.0,0.0,-0.60075,0.60075,-1.2457500000000001
145.22390985488892,4.557170128484415,-143.8874284426773,44.45362134183971,4.557170128484415,-143.8874284426773,44.45362134183971,-1.6190096446161374e-18,-0.5951232057525903,0.803603987974438,-0.0070000347384532886,0.60075,-0.60075,0.0,0.0,-0.60075,0.60075,-1.2457500000000001
145.35053396224976,4.585402928743008,-143.89558921546123,44.546013499391776,4.585402928743008,-143.89558921546123,44.546013499391776,-5.39660736285618e-19,-0.5951024289245141,0.8036176060892342,-0.007200157744950828,0.60075,-0.60075,0.0,0.0,-0.60075,0.60075,-1.2457500000000001
145.4087221622467,4.585402928743008,-143.89558921546123,44.546013499391776,4.585402928743008,-143.89558921546123,44.546013499391776,-5.39660736285618e-19,-0.5951024289245141,0.8036176060892342,-0.007200157744950828,0.60075,-0.60075,0.0,0.0,-0.60075,0.60075,-1.2255
145.4753189086914,4.517104783329245,-143.85012914217475,44.49838215393707,4.517104783329245,-143.85012914217475,44.49838215393707,-2.698991879424452e-18,-0.5953740643564414,0.8034126969783294,-0.007600120110823129,0.60075,-0.60075,0.0,0.0,-0.60075,0.60075,-1.1925000000000001
145.53687000274658,4.517104783329245,-143.85012914217475,44.49838215393707,4.517104783329245,-143.85012914217475,44.49838215393707,-2.698991879424452e-18,-0.5953740643564414,0.8034126969783294,-0.007600120110823129,0.60075,-0.60075,0.0,0.0,-0.60075,0.60075,-1.162
145.60288333892822,4.171666242101082,-144.12295344745726,43.925024401149784,4.171666242101082,-144.12295344745726,43.925024401149784,5.385917339444511e-19,-0.592972008411256,0.8052126344719029,0.004100064333500748,0.60075,-0.60075,0.0,0.0,-0.60075,0.60075,-1.1285
145.73582196235657,4.191598223428258,-145.5540104757006,42.32487487750029,4.191598223428258,-145.5540104757006,42.32487487750029,-4.2969164542801274e-18,-0.5890491789041864,0.8074271373132527,0.032901105793418386,0.60075,-0.60075,0.0,0.0,-0.60075,0.60075,-1.0625
145.79021286964417,4.191598223428258,-145.5540104757006,42.32487487750029,4.191598223428258,-145.5540104757006,42.32487487750029,-4.2969164542801274e-18,-0.5890491789041864,0.8074271373132527,0.032901105793418386,0.60075,-0.60075,0.0,0.0,-0.60075,0.60075,-1.0345
145.86091470718384,4.196345494696544,-145.46681031802964,42.1514574737668,4.196345494696544,-145.46681031802964,42.1514574737668,-1.0751569449300325e-17,-0.5889668664487266,0.8067303495350145,0.048001805848122824,0.60075,-0.60075,0.0,0.0,-0.60075,0.60075,-0.9995
145.9124457836151,4.196345494696544,-145.46681031802964,42.1514574737668,4.196345494696544,-145.46681031802964,42.1514574737668,-1.0751569449300325e-17,-0.5889668664487266,0.8067303495350145,0.048001805848122824,0.60075,-0.60075,0.0,0.0,-0.60075,0.60075,-0.974
145.9808168411255,3.8048204123717824,-146.27569282286083,40.75255890586112,3.8048204123717824,-146.27569282286083,40.75255890586112,-8.597054224793267e-18,-0.5865324570146844,0.8071245943634937,0.06730205079997911,0.60075,-0.60075,0.0,0.0,-0.60075,0.60075,-0.9395
146.09934163093567,4.278098626875561,-147.20532791205147,40.67518751178308,4.278098626875561,-147.20532791205147,40.67518751178308,-8.590722663474099e-18,-0.5825013893447251,0.8077194638595317,0.09100219290728905,0.60075,-0.60075,0.0,0.0,-0.60075,0.60075,-0.88975
146.15844440460205,4.278098626875561,-147.20532791205147,40.67518751178308,4.278098626875561,-147.20532791205147,40.67518751178308,-8.590722663474099e-18,-0.5825013893447251,0.8077194638595317,0.09100219290728905,0.60075,-0.60075,0.0,0.0,-0.60075,0.60075,-0.88975
146.22714185714722,4.289867623514425,-147.50522955292226,39.66666359212569,4.289867623514425,-147.50522955292226,39.66666359212569,3.4482867443545246e-17,-0.5821477090720069,0.8049091526703765,0.1150013076867851,0.60075,-0.60075,0.0,0.0,-0.60075,0.60075,-0.88975
146.28524565696716,4.289867623514425,-147.50522955292226,39.66666359212569,4.289867623514425,-147.50522955292226,39.66666359212569,3.4482867443545246e-17,-0.5821477090720069,0.8049091526703765,0.1150013076867851,0.60075,-0.60075,0.0,0.0,-0.60075,0.60075,-0.88975
146.34510374069214,4.633850529815902,-147.2904764907708,40.258066062926225,4.633850529815902,-147.2904764907708,40.258066062926225,-1.7243457548073428e-17,-0.5823766812342107,0.8048146822714792,0.11450208886690402,0.60075,-0.60075,0.0,0.0,-0.60075,0.60075,-0.88975
146.48080468177795,4.376390408465227,-147.4869849886852,39.88752767603286,4.376390408465227,-147.4869849886852,39.88752767603286,-8.621694416715882e-18,-0.5822933692749128,0.8048178894457205,0.11490255404735746,0.60075,-0.60075,0.0,0.0,-0.60075,0.60075,-0.88975
146.542542219162,4.376390408465227,-147.4869849886852,39.88752767603286,4.376390408465227,-147.4869849886852,39.88752767603286,-8.621694416715882e-18,-0.5822933692749128,0.8048178894457205,0.11490255404735746,0.60075,-0.60075,0.0,0.0,-0.60075,0.60075,-0.88975
146.61361169815063,4.336419724191444,-147.58175914041493,39.77880691185878,4.336419724191444,-147.58175914041493,39.77880691185878,-4.3114159650910064e-17,-0.5823612043533254,0.8047117188518322,0.11530167911472133,0.60075,-0.60075,0.0,0.0,-0.60075,0.60075,-0.88975
146.6950147151947,4.336419724191444,-147.58175914041493,39.77880691185878,4.336419724191444,-147.58175914041493,39.77880691185878,-4.3114159650910064e-17,-0.5823612043533254,0.8047117188518322,0.11530167911472133,0.60075,-0.60075,0.0,0.0,-0.60075,0.60075,-0.88975
146.78696274757385,4.323222332836252,-147.71887557099964,39.80752821623601,4.323222332836252,-147.71887557099964,39.80752821623601,1.724520946806285e-17,-0.5822718184676959,0.8047329221205074,0.11560472946083092,0.60075,-0.60075,0.0,0.0,-0.60075,0.60075,-0.88975
146.9058780670166,4.371087215636578,-147.75986385561637,39.88452765466699,4.371087215636578,-147.75986385561637,39.88452765466699,0.0,-0.5822561772714309,0.8047299287697997,0.11570430316722483,0.60075,-0.60075,0.0,0.0,-0.60075,0.60075,-0.88975
146.973295211792,4.362185302659867,-147.73403152693555,39.85056522336002,4.362185302659867,-147.73403152693555,39.85056522336002,-8.623776568069814e-18,-0.5824231836314726,0.8046235717190319,0.11560338664021885,0.60075,-0.60075,0.0,0.0,-0.60075,0.60075,-0.88975
147.0336880683899,4.362185302659867,-147.73403152693555,39.85056522336002,4.362185302659867,-147.73403152693555,39.85056522336002,-8.623776568069814e-18,-0.5824231836314726,0.8046235717190319,0.11560338664021885,0.60075,-0.60075,0.0,0.0,-0.60075,0.60075,-0.88975
147.0927767753601,4.402750632626862,-147.69247603654532,39.865651482773664,4.402750632626862,-147.69247603654532,39.865651482773664,-8.625798188420623e-18,-0.5826832927204675,0.804434992836035,0.11560502880637205,0.60075,-0.60075,0.0,0.0,-0.60075,0.60075,-0.88975
147.15619778633118,4.402750632626862,-147.69247603654532,39.865651482773664,4.402750632626862,-147.69247603654532,39.865651482773664,-8.625798188420623e-18,-0.5826832927204675,0.804434992836035,0.11560502880637205,0.60075,-0.60075,0.0,0.0,-0.60075,0.60075,-0.88975
147.28239178657532,4.402600034996908,-147.66722650268045,39.90256270545676,4.402600034996908,-147.66722650268045,39.90256270545676,-2.5880625596268422e-17,-0.582881356799595,0.8043345642588764,0.11530495494100265,0.60075,-0.60075,0.0,0.0,-0.60075,0.60075,-0.88975
147.34200024604797,4.39282938796012,-147.7049046043502,39.847020873374575,4.39282938796012,-147.7049046043502,39.847020873374575,-8.626940976887742e-18,-0.582949259714733,0.8043284314216448,0.115004065166591,0.60075,-0.60075,0.0,0.0,-0.60075,0.60075,-0.88975
147.40763092041016,4.39282938796012,-147.7049046043502,39.847020873374575,4.39282938796012,-147.7049046043502,39.847020873374575,-8.626940976887742e-18,-0.582949259714733,0.8043284314216448,0.115004065166591,0.60075,-0.60075,0.0,0.0,-0.60075,0.60075,-0.88975
147.47048902511597,4.490970438602432,-147.7495934782144,39.905083242699014,4.490970438602432,-147.7495934782144,39.905083242699014,-1.725199100602303e-17,-0.5828870508207212,0.804416591857104,0.11470236584536282,0.60075,-0.60075,0.0,0.0,-0.60075,0.60075,-0.88975
147.5646049976349,4.490970438602432,-147.7495934782144,39.905083242699014,4.490970438602432,-147.7495934782144,39.905083242699014,-1.725199100602303e-17,-0.5828870508207212,0.804416591857104,0.11470236584536282,0.60075,-0.60075,0.0,0.0,-0.60075,0.60075,-0.88975
147.66140604019165,4.450984264675498,-147.74880868170425,39.904383250468854,4.450984264675498,-147.74880868170425,39.904383250468854,-8.626943709755271e-18,-0.5830480389325653,0.8043281766242185,0.11450401121903896,0.60075,-0.60075,0.0,0.0,-0.60075,0.60075,-0.88975
147.72861170768738,4.344242496316326,-147.72878654688893,39.73853600447125,4.344242496316326,-147.72878654688893,39.73853600447125,0.0,-0.5832980029505953,0.8041186111166219,0.11470265476318435,0.60075,-0.60075,0.0,0.0,-0.60075,0.60075,-0.88975
147.78787636756897,4.344242496316326,-147.72878654688893,39.73853600447125,4.344242496316326,-147.72878654688893,39.73853600447125,0.0,-0.5832980029505953,0.8041186111166219,0.11470265476318435,0.60075,-0.60075,0.0,0.0,-0.60075,0.60075,-0.88975
147.847660779953,4.344389221532964,-147.7301463436938,39.72862997477413,4.344389221532964,-147.7301463436938,39.72862997477413,8.63134682818772e-18,-0.5835943150578299,0.803917863808533,0.11460254657601428,0.60075,-0.60075,0.0,0.0,-0.60075,0.60075,-0.88975
147.90906381607056,4.344389221532964,-147.7301463436938,39.72862997477413,4.344389221532964,-147.7301463436938,39.72862997477413,8.63134682818772e-18,-0.5835943150578299,0.803917863808533,0.11460254657601428,0.60075,-0.60075,0.0,0.0,-0.60075,0.60075,-0.88975
148.0320041179657,4.422668420775352,-147.68024366786796,39.88445709023029,4.422668420775352,-147.68024366786796,39.88445709023029,2.589689200135293e-17,-0.5837551455792985,0.8038293441017617,0.11440417636880011,0.60075,-0.60075,0.0,0.0,-0.60075,0.60075,-0.88975
148.09617495536804,4.442522527348757,-147.7270557434381,39.84070273007053,4.442522527348757,-147.7270557434381,39.84070273007053,-8.632332383214617e-18,-0.583837981965198,0.8038260803534113,0.11400369888067792,0.60075,-0.60075,0.0,0.0,-0.60075,0.60075,-0.88975
148.15469908714294,4.442522527348757,-147.7270557434381,39.84070273007053,4.442522527348757,-147.7270557434381,39.84070273007053,-8.632332383214617e-18,-0.583837981965198,0.8038260803534113,0.11400369888067792,0.60075,-0.60075,0.0,0.0,-0.60075,0.60075,-0.88975
148.22467970848083,4.452820266090356,-147.77775101029533,39.76705528276187,4.452820266090356,-147.77775101029533,39.76705528276187,0.0,-0.5840041644834234,0.8037196595669672,0.11390278614492666,0.60075,-0.60075,0.0,0.0,-0.60075,0.60075,-0.88975
148.27696013450623,4.452820266090356,-147.77775101029533,39.76705528276187,4.452820266090356,-147.77775101029533,39.76705528276187,0.0,-0.5840041644834234,0.8037196595669672,0.11390278614492666,0.60075,-0.60075,0.0,0.0,-0.60075,0.60075,-0.88975
148.40372705459595,4.482354231232478,-147.6787012690234,39.90531913796977,4.482354231232478,-147.6787012690234,39.90531913796977,-2.5906620101030538e-17,-0.5843461500935947,0.8035275010997524,0.11350388472286484,0.60075,-0.60075,0.0,0.0,-0.60075,0.60075,-0.88975
148.4700915813446,4.512264690449399,-147.64277536241363,39.951304936469924,4.512264690449399,-147.64277536241363,39.951304936469924,-8.635736027166738e-18,-0.584449276519742,0.8035092645350093,0.11310130406833799,0.60075,-0.60075,0.0,0.0,-0.60075,0.60075,-0.88975
148.53118896484375,4.512264690449399,-147.64277536241363,39.951304936469924,4.512264690449399,-147.64277536241363,39.951304936469924,-8.635736027166738e-18,-0.584449276519742,0.8035092645350093,0.11310130406833799,0.60075,-0.60075,0.0,0.0,-0.60075,0.60075,-0.88975
148.59761881828308,4.552108011572955,-147.66609009917886,39.93490576541122,4.552108011572955,-147.66609009917886,39.93490576541122,-1.727318257956402e-17,-0.5845580979966534,0.8034296947820913,0.11310418033340122,0.60075,-0.60075,0.0,0.0,-0.60075,0.60075,-0.88975
148.65576338768005,4.552108011572955,-147.66609009917886,39.93490576541122,4.552108011572955,-147.66609009917886,39.93490576541122,-1.727318257956402e-17,-0.5845580979966534,0.8034296947820913,0.11310418033340122,0.60075,-0.60075,0.0,0.0,-0.60075,0.60075,-0.88975
148.7767562866211,4.531234573309547,-147.65753892009445,39.99399194747886,4.531234573309547,-147.65753892009445,39.99399194747886,3.455082000449229e-17,-0.5847392005093509,0.8033261037515212,0.11290366875830543,0.60075,-0.60075,0.0,0.0,-0.60075,0.60075,-0.88975
148.8536319732666,4.502490170999266,-147.6565637270234,39.922768297373715,4.502490170999266,-147.6565637270234,39.922768297373715,-8.638751812741806e-18,-0.584853524525694,0.8032287597002893,0.11300404612317319,0.60075,-0.60075,0.0,0.0,-0.60075,0.60075,-0.88975
148.90247178077698,4.502490170999266,-147.6565637270234,39.922768297373715,4.502490170999266,-147.6565637270234,39.922768297373715,-8.638751812741806e-18,-0.584853524525694,0.8032287597002893,0.11300404612317319,0.60075,-0.60075,0.0,0.0,-0.60075,0.60075,-0.88975
148.96598958969116,4.621933218315178,-147.64221395920677,39.9730419744971,4.621933218315178,-147.64221395920677,39.9730419744971,2.5917028300958124e-17,-0.5849256755235824,0.8032048068933937,0.11280067507168177,0.60075,-0.60075,0.0,0.0,-0.60075,0.60075,-0.88975
149.02793741226196,4.621933218315178,-147.64221395920677,39.9730419744971,4.621933218315178,-147.64221395920677,39.9730419744971,2.5917028300958124e-17,-0.5849256755235824,0.8032048068933937,0.11280067507168177,0.60075,-0.60075,0.0,0.0,-0.60075,0.60075,-0.88975
149.15901851654053,4.670603153600496,-147.6787362577204,40.00906084608692,4.670603153600496,-147.6787362577204,40.00906084608692,-8.63897868849363e-18,-0.5849409489807921,0.803207665409481,0.11270107556231142,0.60075,-0.60075,0.0,0.0,-0.60075,0.60075,-0.88975
149.23836374282837,4.622087688358391,-147.6913532301316,39.90912555882802,4.622087688358391,-147.6913532301316,39.90912555882802,8.64002572255111e-18,-0.5850552380182406,0.8031103293820296,0.11280145082093505,0.60075,-0.60075,0.0,0.0,-0.60075,0.60075,-0.88975
149.28613305091858,4.622087688358391,-147.6913532301316,39.90912555882802,4.622087688358391,-147.6913532301316,39.90912555882802,8.64002572255111e-18,-0.5850552380182406,0.8031103293820296,0.11280145082093505,0.60075,-0.60075,0.0,0.0,-0.60075,0.60075,-0.88975
149.36229491233826,4.741086687610988,-147.6490343348403,40.01612251802875,4.741086687610988,-147.6490343348403,40.01612251802875,-2.5922668063274406e-17,-0.5852610418969166,0.8030300608297897,0.11230420402389213,0.60075,-0.60075,0.0,0.0,-0.60075,0.60075,-0.88975
149.40681552886963,4.741086687610988,-147.6490343348403,40.01612251802875,4.741086687610988,-147.6490343348403,40.01612251802875,-2.5922668063274406e-17,-0.5852610418969166,0.8030300608297897,0.11230420402389213,0.60075,-0.60075,0.0,0.0,-0.60075,0.60075,-0.88975
149.53062510490417,4.660606610118776,-147.67854005859286,40.00888584802938,4.660606610118776,-147.67854005859286,40.00888584802938,-2.5922780252182453e-17,-0.5853425184424574,0.8030265854670088,0.11190370474938763,0.60075,-0.60075,0.0,0.0,-0.60075,0.60075,-0.88975
149.59576177597046,4.601424656886763,-147.6251174036046,40.02086567881493,4.601424656886763,-147.6251174036046,40.02086567881493,1.7284267195330883e-17,-0.5854775334132503,0.8029144453149485,0.11200201503957435,0.60075,-0.60075,0.0,0.0,-0.60075,0.60075,-0.88975
149.664160490036,4.601424656886763,-147.6251174036046,40.02086567881493,4.601424656886763,-147.6251174036046,40.02086567881493,1.7284267195330883e-17,-0.5854775334132503,0.8029144453149485,0.11200201503957435,0.60075,-0.60075,0.0,0.0,-0.60075,0.60075,-0.88975
149.7334702014923,4.659793812807237,-147.635226570576,40.10387680084251,4.659793812807237,-147.635226570576,40.10387680084251,0.0,-0.5854927060201637,0.8029172700362238,0.11190240692122735,0.60075,-0.60075,0.0,0.0,-0.60075,0.60075,-0.88975
149.77610778808594,4.659793812807237,-147.635226570576,40.10387680084251,4.659793812807237,-147.635226570576,40.10387680084251,0.0,-0.5854927060201637,0.8029172700362238,0.11190240692122735,0.60075,-0.60075,0.0,0.0,-0.60075,0.60075,-0.88975
149.9110825061798,4.680520525853979,-147.64241795285554,40.05469664847199,4.680520525853979,-147.64241795285554,40.05469664847199,0.0,-0.5856221806524261,0.8028227340654058,0.11190316883647101,0.60075,-0.60075,0.0,0.0,-0.60075,0.60075,-0.88975
149.97932362556458,4.690441770520749,-147.62998938505064,40.07332725787108,4.690441770520749,-147.62998938505064,40.07332725787108,-1.728643834196068e-17,-0.5856731254243381,0.8028136006552521,0.11170189236820087,0.60075,-0.60075,0.0,0.0,-0.60075,0.60075,-0.88975
150.0350410938263,4.690441770520749,-147.62998938505064,40.07332725787108,4.690441770520749,-147.62998938505064,40.07332725787108,-1.728643834196068e-17,-0.5856731254243381,0.8028136006552521,0.11170189236820087,0.60075,-0.60075,0.0,0.0,-0.60075,0.60075,-0.88975
150.1075518131256,4.6107706179267325,-147.67891885976005,39.99810482804456,4.6107706179267325,-147.67891885976005,39.99810482804456,-1.7288474414897956e-17,-0.5858025604737604,0.8027190528653925,0.11170265130816535,0.60075,-0.60075,0.0,0.0,-0.60075,0.60075,-0.88975
150.15545654296875,4.6107706179267325,-147.67891885976005,39.99810482804456,4.6107706179267325,-147.67891885976005,39.99810482804456,-1.7288474414897956e-17,-0.5858025604737604,0.8027190528653925,0.11170265130816535,0.60075,-0.60075,0.0,0.0,-0.60075,0.60075,-0.88975
150.2878704071045,4.630184548850167,-147.72165154491552,39.984068556976155,4.630184548850167,-147.72165154491552,39.984068556976155,0.0,-0.5858658886367814,0.8026307979503401,0.11200429774537515,0.60075,-0.60075,0.0,0.0,-0.60075,0.60075,-0.88975
150.3447277545929,4.6112185384032784,-147.73077772429465,39.914376352981236,4.6112185384032784,-147.73077772429465,39.914376352981236,1.7290753758110528e-17,-0.5858712919267907,0.8026132349091396,0.11210184853390799,0.60075,-0.60075,0.0,0.0,-0.60075,0.60075,-0.88975
150.41437077522278,4.6112185384032784,-147.73077772429465,39.914376352981236,4.6112185384032784,-147.73077772429465,39.914376352981236,1.7290753758110528e-17,-0.5858712919267907,0.8026132349091396,0.11210184853390799,0.60075,-0.60075,0.0,0.0,-0.60075,0.60075,-0.88975
150.5411126613617,4.661934881895263,-147.7385577039568,39.86572119478334,4.661934881895263,-147.7385577039568,39.86572119478334,8.646395630181398e-18,-0.5860006765357259,0.8025186679737498,0.11210260770075688,0.60075,-0.60075,0.0,0.0,-0.60075,0.60075,-0.88975
150.66121554374695,4.632675005120063,-147.72087835353864,39.842671245111106,4.632675005120063,-147.72087835353864,39.842671245111106,1.729286640297263e-17,-0.5860819247719581,0.8025151807932128,0.11170211301508023,0.60075,-0.60075,0.0,0.0,-0.60075,0.60075,-0.88975
150.78663778305054,4.623186191276687,-147.68960683763825,39.84833293259261,4.623186191276687,-147.68960683763825,39.84833293259261,-8.647520500296268e-18,-0.5862771764397183,0.8024142762852657,0.1114019820266433,0.60075,-0.60075,0.0,0.0,-0.60075,0.60075,-0.88975
150.85226893424988,4.731673172582617,-147.63038758587237,40.00332859416871,4.731673172582617,-147.63038758587237,40.00332859416871,2.5942856456555092e-17,-0.5863278700078868,0.8024051532868826,0.11120071416438353,0.60075,-0.60075,0.0,0.0,-0.60075,0.60075,-0.88975
150.90934491157532,4.731673172582617,-147.63038758587237,40.00332859416871,4.731673172582617,-147.63038758587237,40.00332859416871,2.5942856456555092e-17,-0.5863278700078868,0.8024051532868826,0.11120071416438353,0.60075,-0.60075,0.0,0.0,-0.60075,0.60075,-0.88975
150.96895718574524,4.720589743422437,-147.70360699041805,39.982930643388634,4.720589743422437,-147.70360699041805,39.982930643388634,1.7295177591782535e-17,-0.5863429414716682,0.8024079391013723,0.11110109924496818,0.60075,-0.60075,0.0,0.0,-0.60075,0.60075,-0.88975
151.0345139503479,4.720589743422437,-147.70360699041805,39.982930643388634,4.720589743422437,-147.70360699041805,39.982930643388634,1.7295177591782535e-17,-0.5863429414716682,0.8024079391013723,0.11110109924496818,0.60075,-0.60075,0.0,0.0,-0.60075,0.60075,-0.88975
151.1584165096283,4.719423686515739,-147.74050809009887,40.00816849499363,4.719423686515739,-147.74050809009887,40.00816849499363,2.5942201149754136e-17,-0.5863374975094204,0.8024254222513796,0.11100351678701788,0.60075,-0.60075,0.0,0.0,-0.60075,0.60075,-0.88975
151.21942257881165,4.739254558609417,-147.64398174330918,40.12644529274975,4.739254558609417,-147.64398174330918,40.12644529274975,-8.647597523579518e-18,-0.5864385914498352,0.802407129261839,0.11060098267243189,0.60075,-0.60075,0.0,0.0,-0.60075,0.60075,-0.88975
151.27907013893127,4.739254558609417,-147.64398174330918,40.12644529274975,4.739254558609417,-147.64398174330918,40.12644529274975,-8.647597523579518e-18,-0.5864385914498352,0.802407129261839,0.11060098267243189,0.60075,-0.60075,0.0,0.0,-0.60075,0.60075,-0.88975
151.34677720069885,4.751150785081137,-147.61407582678035,40.051852290716695,4.751150785081137,-147.61407582678035,40.051852290716695,8.649667120699652e-18,-0.5866821283002969,0.8022151381180502,0.11070208899235623,0.60075,-0.60075,0.0,0.0,-0.60075,0.60075,-0.88975
151.40559649467468,4.751150785081137,-147.61407582678035,40.051852290716695,4.751150785081137,-147.61407582678035,40.051852290716695,8.649667120699652e-18,-0.5866821283002969,0.8022151381180502,0.11070208899235623,0.60075,-0.60075,0.0,0.0,-0.60075,0.60075,-0.88975
151.53416228294373,4.770711441221209,-147.6581683087407,40.027909989951176,4.770711441221209,-147.6581683087407,40.027909989951176,1.7298958311431626e-17,-0.5866766981220664,0.802232571347584,0.11060449063954471,0.60075,-0.60075,0.0,0.0,-0.60075,0.60075,-0.88975
151.59525108337402,4.819960532546617,-147.65235032035395,40.078315128724476,4.819960532546617,-147.65235032035395,40.078315128724476,-8.649607542535217e-18,-0.5867121335104681,0.8022206637451005,0.1105028463523231,0.51325,-0.5837500000000001,-0.07150000000000001,0.0005,-0.58425,0.51275,-0.88975
151.6607415676117,4.819960532546617,-147.65235032035395,40.078315128724476,4.819960532546617,-147.65235032035395,40.078315128724476,-8.649607542535217e-18,-0.5867121335104681,0.8022206637451005,0.1105028463523231,0.38700000000000007,1.2125,0.534,0.5327500000000001,0.67975,-0.14575,-0.88975
151.7384819984436,4.860014260461952,-147.6179804096766,40.11456989558505,4.860014260461952,-147.6179804096766,40.11456989558505,0.0,-0.5868767675055699,0.8021141255911746,0.11040194422798363,0.60075,-0.60075,0.0,0.0,-0.60075,0.60075,-0.88975
151.78707337379456,4.860014260461952,-147.6179804096766,40.11456989558505,4.860014260461952,-147.6179804096766,40.11456989558505,0.0,-0.5868767675055699,0.8021141255911746,0.11040194422798363,0.60075,-0.60075,0.0,0.0,-0.60075,0.60075,-0.88975
151.91465282440186,4.818279001174972,-147.6725472626877,40.15172668076238,4.818279001174972,-147.6725472626877,40.15172668076238,2.595218013631501e-17,-0.586891737715194,0.8021168781343654,0.11030232098020257,0.60075,-0.60075,0.0,0.0,-0.60075,0.60075,-0.88975
151.97997283935547,4.816898665063206,-147.74324327275113,40.151315787434086,4.816898665063206,-147.74324327275113,40.151315787434086,1.7299353008395827e-17,-0.5867774675953257,0.8022142678445375,0.11020196000556974,0.60075,-0.60075,0.0,0.0,-0.60075,0.60075,-0.88975
152.03094100952148,4.816898665063206,-147.74324327275113,40.151315787434086,4.816898665063206,-147.74324327275113,40.151315787434086,1.7299353008395827e-17,-0.5867774675953257,0.8022142678445375,0.11020196000556974,0.60075,-0.60075,0.0,0.0,-0.60075,0.60075,-0.88975
152.09049272537231,4.830179100059951,-147.66653108321879,40.05012848574334,4.830179100059951,-147.66653108321879,40.05012848574334,0.0,-0.5871351510885988,0.8019248095542402,0.11040341560641993,0.28475,1.11475,0.12300000000000005,0.63825,0.47650000000000003,-0.3535,-0.88975
152.15108489990234,4.830179100059951,-147.66653108321879,40.05012848574334,4.830179100059951,-147.66653108321879,40.05012848574334,0.0,-0.5871351510885988,0.8019248095542402,0.11040341560641993,0.28025000000000005,1.3215,0.32025,0.64075,0.68075,-0.3605,-0.88975
152.2850730419159,4.811498795219848,-147.63059738208779,40.01463460832615,4.811498795219848,-147.63059738208779,40.01463460832615,-2.596184544870995e-17,-0.5872996133365115,0.8018182587538694,0.11030251177419781,0.28025000000000005,1.3215,0.32025,0.64075,0.68075,-0.3605,-0.88975
152.352148771286,4.809095255004763,-147.71566455157696,40.056560729891714,4.809095255004763,-147.71566455157696,40.056560729891714,0.0,-0.5870712153533415,0.8020130813510832,0.11010179583136444,0.28025000000000005,1.3215,0.32025,0.64075,0.68075,-0.3605,-0.88975
152.41064262390137,4.809095255004763,-147.71566455157696,40.056560729891714,4.809095255004763,-147.71566455157696,40.056560729891714,0.0,-0.5870712153533415,0.8020130813510832,0.11010179583136444,0.28025000000000005,1.3215,0.32025,0.64075,0.68075,-0.3605,-0.88975
152.48350501060486,4.76933884993602,-147.77664379292406,39.973488710650926,4.76933884993602,-147.77664379292406,39.973488710650926,0.0,-0.5871351510885988,0.8019248095542402,0.11040341560641993,0.28025000000000005,1.3215,0.32025,0.64075,0.68075,-0.3605,-0.88975
152.53904390335083,4.76933884993602,-147.77664379292406,39.973488710650926,4.76933884993602,-147.77664379292406,39.973488710650926,0.0,-0.5871351510885988,0.8019248095542402,0.11040341560641993,0.28025000000000005,1.3215,0.32025,0.64075,0.68075,-0.3605,-0.88975
152.66823172569275,4.77831218931442,-147.79121115147737,40.01600072360232,4.77831218931442,-147.79121115147737,40.01600072360232,-2.5958869285739807e-17,-0.5871555015854283,0.8019101865564335,0.11040140241405445,0.28025000000000005,1.3215,0.32025,0.64075,0.68075,-0.3605,-0.88975
152.78205156326294,4.868848619450262,-147.6789674455449,40.112977552261604,4.868848619450262,-147.6789674455449,40.112977552261604,8.654882069019278e-18,-0.5874735849807005,0.8017317681017814,0.11000435885143564,0.28025000000000005,1.3215,0.32025,0.64075,0.68075,-0.3605,-0.88975
152.83881187438965,4.7918030311029725,-147.65681431450244,39.96746735983085,4.7918030311029725,-147.65681431450244,39.96746735983085,-8.657114484871765e-18,-0.5877370732941721,0.8015250249991367,0.11010343761996874,-0.03574999999999995,2.734,0.29675000000000007,1.20075,1.53325,-1.2365,-0.88975
152.94075632095337,4.7918030311029725,-147.65681431450244,39.96746735983085,4.7918030311029725,-147.65681431450244,39.96746735983085,-8.657114484871765e-18,-0.5877370732941721,0.8015250249991367,0.11010343761996874,-0.3534999999999999,4.8555,0.7150000000000003,1.8935,2.962,-2.247,-0.88975
153.02787566184998,4.722271274794082,-147.6834100480843,39.90951909135073,4.722271274794082,-147.6834100480843,39.90951909135073,-8.657114484871765e-18,-0.5877370732941721,0.8015250249991367,0.11010343761996874,-1.5589999999999997,6.7532499999999995,1.0012499999999998,2.0965000000000003,4.65675,-3.6555,-0.88975
153.1556911468506,4.71154110522906,-147.67641486493233,39.95887424177879,4.71154110522906,-147.67641486493233,39.95887424177879,-3.463357365484992e-17,-0.5879363914063566,0.8014066319645344,0.1099009094745475,-1.7880000000000003,10.93975,1.4742499999999996,3.83875,7.101,-5.62675,-0.88975
153.21291708946228,4.961736525465881,-147.61237022555065,40.02445271278099,4.961736525465881,-147.61237022555065,40.02445271278099,1.733395095131996e-17,-0.5887723303354614,0.8006130770064099,0.11120181634163476,-3.0217500000000004,11.89225,1.7764999999999995,3.547,8.34525,-6.5687500000000005,-0.88975
153.2770209312439,4.961736525465881,-147.61237022555065,40.02445271278099,4.961736525465881,-147.61237022555065,40.02445271278099,1.733395095131996e-17,-0.5887723303354614,0.8006130770064099,0.11120181634163476,-3.2375000000000007,13.937750000000001,2.00425,4.348,9.58975,-7.585500000000001,-0.88975
153.3398895263672,5.112565028991838,-147.62347199329304,39.96764150546137,5.112565028991838,-147.62347199329304,39.96764150546137,2.6039520803604956e-17,-0.5898478522175126,0.7994264513823078,0.11400377215109217,-4.295750000000001,15.75225,1.4859999999999989,4.98525,10.767,-9.281,-0.88975
153.40168166160583,5.112565028991838,-147.62347199329304,39.96764150546137,5.112565028991838,-147.62347199329304,39.96764150546137,2.6039520803604956e-17,-0.5898478522175126,0.7994264513823078,0.11400377215109217,-4.5512500000000005,17.76125,1.783999999999999,5.713,12.04825,-10.26425,-0.88975
153.53021454811096,5.21306530034056,-147.76158682721535,39.78619182067396,5.21306530034056,-147.76158682721535,39.78619182067396,-8.701774246164178e-18,-0.5914647116951675,0.797411390782283,0.11960170847449342,-5.1805,24.142500000000002,2.394,8.284,15.858500000000001,-13.464500000000001,-0.88975
153.5947425365448,5.648314523765208,-147.62921797500059,39.643235182242606,5.648314523765208,-147.62921797500059,39.643235182242606,-8.733369771596416e-18,-0.5940546358442159,0.7945265213062005,0.12580419934590312,-5.0685,26.7485,2.599000000000002,9.5405,17.208000000000002,-14.609,-0.88975
153.65821933746338,5.648314523765208,-147.62921797500059,39.643235182242606,5.648314523765208,-147.62921797500059,39.643235182242606,-8.733369771596416e-18,-0.5940546358442159,0.7945265213062005,0.12580419934590312,-4.5252500000000015,28.9565,3.9277499999999996,10.25175,18.70475,-14.777000000000001,-0.88975
153.7837462425232,5.7272869019954555,-147.78849714980643,39.524941023680896,5.7272869019954555,-147.78849714980643,39.524941023680896,-2.624700820660606e-17,-0.5945401164581854,0.7931068389913627,0.1323011408379237,-4.231,29.033500000000004,5.227,9.78775,19.24575,-14.01875,-0.88975
153.85438513755798,5.639150139661439,-147.79178394918972,39.41304326644204,5.639150139661439,-147.79178394918972,39.41304326644204,-8.748867371293742e-18,-0.5946121666909877,0.7931191101004353,0.1319031781896954,-3.915000000000001,27.458,4.984500000000001,9.27925,18.17875,-13.19425,-0.88975
153.97867274284363,5.730729135966982,-147.78461776913136,39.33265711527756,5.730729135966982,-147.78461776913136,39.33265711527756,0.0,-0.5952422580112671,0.7921240726745693,0.13500410277877395,-3.037,20.57875,4.716749999999999,6.4125000000000005,14.16625,-9.4495,-0.88975
154.03320789337158,5.730729135966982,-147.78461776913136,39.33265711527756,5.730729135966982,-147.78461776913136,39.33265711527756,0.0,-0.5952422580112671,0.7921240726745693,0.13500410277877395,-2.4080000000000004,18.5685,3.5939999999999994,6.28325,12.28525,-8.69125,-0.88975
154.09843277931213,5.72108972449368,-147.72809671936614,39.37523002544218,5.72108972449368,-147.72809671936614,39.37523002544218,-1.7526494594360907e-17,-0.5956046927324161,0.7918176525886468,0.1352030141828556,-1.5762500000000004,13.996250000000002,5.8580000000000005,3.281,10.715250000000001,-4.8572500000000005,-0.88975
154.15825176239014,5.72108972449368,-147.72809671936614,39.37523002544218,5.72108972449368,-147.72809671936614,39.37523002544218,-1.7526494594360907e-17,-0.5956046927324161,0.7918176525886468,0.1352030141828556,-0.4882500000000001,8.06225,3.8075,1.88325,6.179,-2.3715,-0.88975
154.23208117485046,5.645986282365101,-147.7269099114222,39.666705692466614,5.645986282365101,-147.7269099114222,39.666705692466614,2.6220164879581398e-17,-0.5938094372297795,0.7939187952220847,0.13070309426316473,-0.5032500000000001,3.3052500000000005,2.7145,0.043750000000000004,3.2615000000000003,-0.547,-0.88975
154.35643219947815,5.289786592265642,-147.801621137073,39.35874463399523,5.289786592265642,-147.801621137073,39.35874463399523,-2.6105292512420927e-17,-0.5908696031230196,0.7974123140668538,0.12250189173964084,2.523,0.059250000000000025,1.3007499999999999,0.64075,-0.5815,1.88225,-0.88975
154.40321254730225,5.289786592265642,-147.801621137073,39.35874463399523,5.289786592265642,-147.801621137073,39.35874463399523,-2.6105292512420927e-17,-0.5908696031230196,0.7974123140668538,0.12250189173964084,4.64125,-0.012249999999999872,1.6870000000000003,1.471,-1.48325,3.1702500000000002,-0.88975
154.47152876853943,5.2163569366821605,-147.73245791267541,39.630819134953725,5.2163569366821605,-147.73245791267541,39.630819134953725,8.698457182079766e-18,-0.5906873021385685,0.7977154751307481,0.12140235512206694,12.9225,1.646,5.156999999999999,4.70575,-3.05975,8.21675,-0.88975
154.53337931632996,5.2163569366821605,-147.73245791267541,39.630819134953725,5.2163569366821605,-147.73245791267541,39.630819134953725,8.698457182079766e-18,-0.5906873021385685,0.7977154751307481,0.12140235512206694,16.573,-1.4055,3.6239999999999997,5.77175,-7.17725,10.80125,-0.88975
154.59676098823547,5.184388452018709,-147.72545692695678,39.75052294519923,5.184388452018709,-147.72545692695678,39.75052294519923,1.738378837827659e-17,-0.5901999656587782,0.7983178065580138,0.11980267221050993,20.77175,-0.22724999999999973,3.982000000000001,8.28125,-8.5085,12.4905,-0.88975
154.74023985862732,5.145195713336875,-147.64853693316363,39.789857965085844,5.145195713336875,-147.64853693316363,39.789857965085844,-8.690825490494965e-18,-0.5903898139774274,0.7984159745810337,0.11820236497429636,27.3205,-4.065250000000001,4.59925,9.328,-13.39325,17.9925,-0.88975
154.78551864624023,5.145195713336875,-147.64853693316363,39.789857965085844,5.145195713336875,-147.64853693316363,39.789857965085844,-8.690825490494965e-18,-0.5903898139774274,0.7984159745810337,0.11820236497429636,30.503750000000004,-2.3689999999999998,4.60675,11.764000000000001,-14.133000000000001,18.73975,-0.88975
154.85486960411072,5.2394427371178836,-147.62135658610833,40.15093791086292,5.2394427371178836,-147.62135658610833,40.15093791086292,8.684296570609056e-18,-0.5912918816099464,0.7990162297532619,0.10930222016524596,40.192499999999995,0.4159999999999968,4.8664999999999985,17.871,-17.455000000000002,22.3215,-0.88975
154.90908551216125,5.2394427371178836,-147.62135658610833,40.15093791086292,5.2394427371178836,-147.62135658610833,40.15093791086292,8.684296570609056e-18,-0.5912918816099464,0.7990162297532619,0.10930222016524596,47.72425,-3.3134999999999977,5.035250000000001,19.68775,-23.00125,28.0365,-0.88975
154.96543550491333,4.947206989920915,-147.66557927371144,40.223343863390234,4.947206989920915,-147.66557927371144,40.223343863390234,-1.7294855367566556e-17,-0.5880255328003513,0.8024228889383948,0.10170290105313401,54.709250000000004,-6.362500000000001,5.944750000000003,21.201,-27.5635,33.508250000000004,-0.88975
155.09467935562134,4.841434371732447,-147.77974253429534,40.994562965315495,4.841434371732447,-147.77974253429534,40.994562965315495,-1.7220083525531444e-17,-0.5861382444988369,0.8059071134723874,0.08340073615038732,65.2415,-5.193000000000001,6.609499999999997,26.7195,-31.9125,38.522,-0.88975
155.16050720214844,4.841434371732447,-147.77974253429534,40.994562965315495,4.841434371732447,-147.77974253429534,40.994562965315495,-1.7220083525531444e-17,-0.5861382444988369,0.8059071134723874,0.08340073615038732,71.74625,-8.557500000000005,6.21575,28.4865,-37.044000000000004,43.259750000000004,-0.88975
155.23342728614807,4.789175477258908,-147.7457398196519,41.16073403182614,4.789175477258908,-147.7457398196519,41.16073403182614,4.29804479744426e-18,-0.5850807161315623,0.8072151677005893,0.07800146565986867,77.0595,-10.017249999999997,10.062750000000001,28.48975,-38.507,48.56975,-0.88975
155.29475116729736,4.789175477258908,-147.7457398196519,41.16073403182614,4.789175477258908,-147.7457398196519,41.16073403182614,4.29804479744426e-18,-0.5850807161315623,0.8072151677005893,0.07800146565986867,78.18525,-12.302500000000002,8.72775,28.5775,-40.88,49.60775,-0.88975
155.40210437774658,4.915101407683352,-147.74673060176542,41.39491703376598,4.915101407683352,-147.74673060176542,41.39491703376598,0.0,-0.5886866415066409,0.8058157774641024,0.06410125507005329,87.92225,-10.252000000000002,8.244250000000001,34.713,-44.965,53.209250000000004,-0.88975
155.54488682746887,4.809083530983543,-147.7035708762522,42.35652893464579,4.809083530983543,-147.7035708762522,42.35652893464579,4.2863468301112215e-18,-0.5853966094446066,0.8094181571078298,0.04640104088189191,100.54225,-13.782000000000004,11.245750000000001,37.75725,-51.53925,62.785000000000004,-0.88975
155.61286330223083,4.694248641228455,-147.46542149480825,42.89754447990563,4.694248641228455,-147.46542149480825,42.89754447990563,2.1378801594258736e-18,-0.5836162768344729,0.8114222251085701,0.031400860079380206,102.47325000000001,-15.04,11.91875000000001,37.75725,-52.79725,64.71600000000001,-0.88975
155.69199895858765,4.694248641228455,-147.46542149480825,42.89754447990563,4.694248641228455,-147.46542149480825,42.89754447990563,2.1378801594258736e-18,-0.5836162768344729,0.8114222251085701,0.031400860079380206,103.812,-14.719999999999999,14.858999999999995,37.1165,-51.8365,66.6955,-0.88975
155.78046321868896,4.762988978425568,-147.76841226387162,43.20262047028249,4.762988978425568,-147.76841226387162,43.20262047028249,1.0693409615495517e-18,-0.5846952076218517,0.8111180336078536,0.01480032905609201,103.0455,-14.719999999999999,14.092500000000001,37.1165,-51.8365,65.929,-0.88975
155.84541773796082,4.93757322689541,-147.73425613331887,43.55383792277008,4.93757322689541,-147.73425613331887,43.55383792277008,0.0,-0.5860524527834213,0.810228527946565,0.008500299293440882,98.28325000000001,-14.388750000000002,13.725500000000004,35.0845,-49.47325,63.198750000000004,-0.88975
155.9671790599823,4.845237370026894,-147.591284906993,43.84578538033603,4.845237370026894,-147.591284906993,43.84578538033603,-1.3394753373242468e-19,-0.5872243309888356,0.8094230198006638,-0.0014000398168037183,88.96025,-13.96425,13.046500000000002,30.97475,-44.939,57.9855,-0.88975
156.0359706878662,4.845237370026894,-147.591284906993,43.84578538033603,4.845237370026894,-147.591284906993,43.84578538033603,-1.3394753373242468e-19,-0.5872243309888356,0.8094230198006638,-0.0014000398168037183,79.87275,-14.796750000000003,13.630000000000003,25.723,-40.51975,54.149750000000004,-0.88975
156.10037922859192,5.573982925119196,-147.29814705082188,44.26051434389248,5.573982925119196,-147.29814705082188,44.26051434389248,-2.6856429374084755e-18,-0.5899334842412144,0.8074060459665653,-0.00860006439845487,70.22575,-12.32125,13.038499999999999,22.433,-34.75425,47.79275,-0.88975
156.16040015220642,5.573982925119196,-147.29814705082188,44.26051434389248,5.573982925119196,-147.29814705082188,44.26051434389248,-2.6856429374084755e-18,-0.5899334842412144,0.8074060459665653,-0.00860006439845487,65.78325,-10.617999999999999,10.657249999999998,22.254,-32.872,43.52925,-0.88975
156.22846603393555,5.551974116084608,-146.82288332532886,44.33627715505584,5.551974116084608,-146.82288332532886,44.33627715505584,-5.3980239336040196e-18,-0.5952391387722344,0.803406717584989,-0.01510012625782093,64.5095,-10.523500000000002,9.829999999999998,22.078,-32.6015,42.4315,-0.88975
156.36135482788086,5.9740414378071875,-146.92318985193864,44.11402104905778,5.9740414378071875,-146.92318985193864,44.11402104905778,0.0,-0.5967166254421354,0.8024197320425858,-0.007200177057211635,50.929249999999996,-9.03725,8.592499999999998,16.64975,-25.687,34.2795,-0.88975
156.41076135635376,5.9740414378071875,-146.92318985193864,44.11402104905778,5.9740414378071875,-146.92318985193864,44.11402104905778,0.0,-0.5967166254421354,0.8024197320425858,-0.007200177057211635,48.51525,-9.700500000000002,8.79675,15.009,-24.709500000000002,33.50625,-0.88975
156.47261381149292,5.857403515540909,-146.82937313898577,43.45334410874571,5.857403515540909,-146.82937313898577,43.45334410874571,-1.0843010638674003e-18,-0.6000652395920555,0.7999270376944624,0.006200209568328124,39.695,-10.680250000000001,9.587249999999997,9.713750000000001,-20.394000000000002,29.98125,-0.88975
156.5355429649353,5.857403515540909,-146.82937313898577,43.45334410874571,5.857403515540909,-146.82937313898577,43.45334410874571,-1.0843010638674003e-18,-0.6000652395920555,0.7999270376944624,0.006200209568328124,28.97275,-8.66575,9.650500000000001,5.32825,-13.994,23.6445,-0.88975
156.59634017944336,6.690817457210159,-146.6294902459664,43.49881971659778,6.690817457210159,-146.6294902459664,43.49881971659778,3.263955128605495e-18,-0.6035167770009922,0.7972184394204389,0.014500335388354697,21.819000000000003,-4.75075,8.71925,4.1745,-8.92525,17.6445,-0.88975
156.72798132896423,6.44575569659375,-147.1824080107261,42.59188715080432,6.44575569659375,-147.1824080107261,42.59188715080432,1.0885536501974138e-17,-0.6030126840737702,0.7968020113947565,0.038500097187121156,13.4155,-2.5227500000000003,3.2037499999999994,3.8445,-6.36725,9.571,-0.88975
156.7840919494629,6.44575569659375,-147.1824080107261,42.59188715080432,6.44575569659375,-147.1824080107261,42.59188715080432,1.0885536501974138e-17,-0.6030126840737702,0.7968020113947565,0.038500097187121156,11.03125,-2.29525,3.375,2.6805,-4.97575,8.35075,-0.88975
156.84962010383606,6.543989391984155,-147.10571903146032,42.2093052098438,6.543989391984155,-147.10571903146032,42.2093052098438,-6.526299080406565e-18,-0.6014947515303584,0.797415252321875,0.04830092386148302,7.281750000000001,-1.123,4.898250000000001,0.63025,-1.75325,6.6515,-0.88975
156.9090337753296,6.543989391984155,-147.10571903146032,42.2093052098438,6.543989391984155,-147.10571903146032,42.2093052098438,-6.526299080406565e-18,-0.6014947515303584,0.797415252321875,0.04830092386148302,2.7935,-0.7897500000000001,2.0037499999999997,0.0,-0.7897500000000001,2.7935,-0.88975
157.02817106246948,6.588871578529364,-147.27411477246665,42.31384450265686,6.588871578529364,-147.27411477246665,42.31384450265686,0.0,-0.6005706512711709,0.7981114807553427,0.04830069480075561,0.60075,-0.60075,0.0,0.0,-0.60075,0.60075,-0.88975
157.19141054153442,6.390407961061271,-147.28378875796477,42.211284244534866,6.390407961061271,-147.28378875796477,42.211284244534866,-6.5131924495732815e-18,-0.5993209731933817,0.7990199073990785,0.04880121587118276,0.60075,-0.60075,0.0,0.0,-0.60075,0.60075,-0.88975
157.23840260505676,6.283233761878677,-147.3074667068547,42.02114470165665,6.283233761878677,-147.3074667068547,42.02114470165665,6.511516617863168e-18,-0.5990548256042786,0.7992255465729322,0.048701556704331586,0.60075,-0.60075,0.0,0.0,-0.60075,0.60075,-0.88975
157.29647850990295,6.283233761878677,-147.3074667068547,42.02114470165665,6.283233761878677,-147.3074667068547,42.02114470165665,6.511516617863168e-18,-0.5990548256042786,0.7992255465729322,0.048701556704331586,0.60075,-0.60075,0.0,0.0,-0.60075,0.60075,-0.88975
157.3636507987976,6.23258884478841,-147.28842175706507,42.078349441498986,6.23258884478841,-147.28842175706507,42.078349441498986,-6.5090947879856195e-18,-0.5987384158926525,0.7995229133144897,0.04770136706078941,0.60075,-0.60075,0.0,0.0,-0.60075,0.60075,-0.88975
157.45112895965576,6.241344032548454,-147.31289428894098,42.12221790250307,6.241344032548454,-147.31289428894098,42.12221790250307,4.338331330428144e-18,-0.5985158481521136,0.7997192209870284,0.04720113446365854,0.60075,-0.60075,0.0,0.0,-0.60075,0.60075,-0.88975
157.58345818519592,6.241344032548454,-147.31289428894098,42.12221790250307,6.241344032548454,-147.31289428894098,42.12221790250307,4.338331330428144e-18,-0.5985158481521136,0.7997192209870284,0.04720113446365854,0.60075,-0.60075,0.0,0.0,-0.60075,0.60075,-0.88975
157.6739022731781,6.201730480283089,-147.35134359003303,42.05624504655114,6.201730480283089,-147.35134359003303,42.05624504655114,-6.5066360513773736e-18,-0.5983506639942618,0.7998250381360676,0.047501487011081804,0.60075,-0.60075,0.0,0.0,-0.60075,0.60075,-0.88975
157.73572421073914,6.234187332518502,-147.20782057367896,42.07740388677459,6.234187332518502,-147.20782057367896,42.07740388677459,-1.51860131120309e-17,-0.598630429534411,0.799621615117498,0.047401281336379955,0.60075,-0.60075,0.0,0.0,-0.60075,0.60075,-0.88975
157.79321217536926,6.234187332518502,-147.20782057367896,42.07740388677459,6.234187332518502,-147.20782057367896,42.07740388677459,-1.51860131120309e-17,-0.598630429534411,0.799621615117498,0.047401281336379955,0.60075,-0.60075,0.0,0.0,-0.60075,0.60075,-0.88975
157.87410306930542,6.195656793518253,-147.1489645340378,42.05865917653117,6.195656793518253,-147.1489645340378,42.05865917653117,8.678905120345856e-18,-0.5987760758461583,0.7995125891675506,0.04740074637466153,0.60075,-0.60075,0.0,0.0,-0.60075,0.60075,-0.88975
157.98978805541992,6.184644790759762,-147.21091896845593,42.04681080739553,6.184644790759762,-147.21091896845593,42.04681080739553,-1.735583148671254e-17,-0.5986225804995556,0.7996037423179154,0.04780022371535311,0.60075,-0.60075,0.0,0.0,-0.60075,0.60075,-0.88975
158.04833841323853,6.184644790759762,-147.21091896845593,42.04681080739553,6.184644790759762,-147.21091896845593,42.04681080739553,-1.735583148671254e-17,-0.5986225804995556,0.7996037423179154,0.04780022371535311,0.60075,-0.60075,0.0,0.0,-0.60075,0.60075,-0.88975
158.10925674438477,6.262935607242042,-147.23268550380996,42.121622343893755,6.262935607242042,-147.23268550380996,42.121622343893755,4.3388901538525026e-18,-0.5985978571779101,0.7996162218748707,0.0479009717706432,0.60075,-0.60075,0.0,0.0,-0.60075,0.60075,-0.88975
158.16964173316956,6.262935607242042,-147.23268550380996,42.121622343893755,6.262935607242042,-147.23268550380996,42.121622343893755,4.3388901538525026e-18,-0.5985978571779101,0.7996162218748707,0.0479009717706432,0.60075,-0.60075,0.0,0.0,-0.60075,0.60075,-0.88975
158.23696875572205,6.291239833902324,-147.22958130646634,42.222564083090255,6.291239833902324,-147.22958130646634,42.222564083090255,-4.338354640249795e-18,-0.5984899293751181,0.7997149241247483,0.04760088831854198,0.60075,-0.60075,0.0,0.0,-0.60075,0.60075,-0.88975
158.3661012649536,6.281108182443774,-147.29969452171383,42.1512795357719,6.281108182443774,-147.29969452171383,42.1512795357719,-6.507447884346176e-18,-0.5984521361983266,0.799725256417217,0.047901512795279114,0.60075,-0.60075,0.0,0.0,-0.60075,0.60075,-0.88975
158.4190981388092,6.281108182443774,-147.29969452171383,42.1512795357719,6.281108182443774,-147.29969452171383,42.1512795357719,-6.507447884346176e-18,-0.5984521361983266,0.799725256417217,0.047901512795279114,0.60075,-0.60075,0.0,0.0,-0.60075,0.60075,-0.88975
158.48398613929749,6.291473475173802,-147.31523508138358,42.113186863093645,6.291473475173802,-147.31523508138358,42.113186863093645,2.169155197048793e-18,-0.5984390120803736,0.7997230803664742,0.04810138822761961,0.60075,-0.60075,0.0,0.0,-0.60075,0.60075,-0.88975
158.5435667037964,6.291473475173802,-147.31523508138358,42.113186863093645,6.291473475173802,-147.31523508138358,42.113186863093645,2.169155197048793e-18,-0.5984390120803736,0.7997230803664742,0.04810138822761961,0.60075,-0.60075,0.0,0.0,-0.60075,0.60075,-0.88975
158.60214710235596,6.312176953740817,-147.1790880413033,42.22603786863901,6.312176953740817,-147.1790880413033,42.22603786863901,-6.508445629414092e-18,-0.5986160399418208,0.7996026584920424,0.04790015925683945,0.60075,-0.60075,0.0,0.0,-0.60075,0.60075,-0.88975
158.73297333717346,6.272710126692118,-147.21889713920018,42.150158982989964,6.272710126692118,-147.21889713920018,42.150158982989964,-8.677803899871038e-18,-0.5985847333387188,0.7996140479747816,0.04810084505701225,0.60075,-0.60075,0.0,0.0,-0.60075,0.60075,-0.88975
158.80285716056824,6.272710126692118,-147.21889713920018,42.150158982989964,6.272710126692118,-147.21889713920018,42.150158982989964,-8.677803899871038e-18,-0.5985847333387188,0.7996140479747816,0.04810084505701225,0.60075,-0.60075,0.0,0.0,-0.60075,0.60075,-0.88975
158.87094736099243,6.221930101625048,-147.27016160378554,42.13625417357147,6.221930101625048,-147.27016160378554,42.13625417357147,-4.338316315721406e-18,-0.598432429688966,0.7997219887772731,0.048201325320826015,0.60075,-0.60075,0.0,0.0,-0.60075,0.60075,-0.88975
158.92997121810913,6.221930101625048,-147.27016160378554,42.13625417357147,6.221930101625048,-147.27016160378554,42.13625417357147,-4.338316315721406e-18,-0.598432429688966,0.7997219887772731,0.048201325320826015,0.60075,-0.60075,0.0,0.0,-0.60075,0.60075,-0.88975
159.04590106010437,6.33152333067585,-147.25697543364626,42.1764468229402,6.33152333067585,-147.25697543364626,42.1764468229402,-4.338316315721406e-18,-0.598432429688966,0.7997219887772731,0.048201325320826015,0.60075,-0.60075,0.0,0.0,-0.60075,0.60075,-0.88975
159.17978239059448,6.4009952778228865,-147.3133138813718,42.14482993081795,6.4009952778228865,-147.3133138813718,42.14482993081795,8.67559719089494e-18,-0.5983048781634306,0.7998174363362114,0.048201050801957225,0.60075,-0.60075,0.0,0.0,-0.60075,0.60075,-0.88975
159.2422649860382,6.351151540804324,-147.26591320841908,42.188059296805086,6.351151540804324,-147.26591320841908,42.188059296805086,2.168930236916325e-18,-0.5983362634774247,0.799806027160721,0.048000361720073284,0.60075,-0.60075,0.0,0.0,-0.60075,0.60075,-0.88975
159.30111932754517,6.351151540804324,-147.26591320841908,42.188059296805086,6.351151540804324,-147.26591320841908,42.188059296805086,2.168930236916325e-18,-0.5983362634774247,0.799806027160721,0.048000361720073284,0.60075,-0.60075,0.0,0.0,-0.60075,0.60075,-0.88975
159.36863946914673,6.331158453840857,-147.26552081016402,42.18770930069,6.331158453840857,-147.26552081016402,42.18770930069,2.169155197048793e-18,-0.5984390120803736,0.7997230803664742,0.04810138822761961,0.60075,-0.60075,0.0,0.0,-0.60075,0.60075,-0.88975
159.42562246322632,6.331158453840857,-147.26552081016402,42.18770930069,6.331158453840857,-147.26552081016402,42.18770930069,2.169155197048793e-18,-0.5984390120803736,0.7997230803664742,0.04810138822761961,0.60075,-0.60075,0.0,0.0,-0.60075,0.60075,-0.88975
159.55496859550476,6.350937261599256,-147.2997081188017,42.162410551871794,6.350937261599256,-147.2997081188017,42.162410551871794,0.0,-0.5982982831163135,0.7998163408506656,0.04830098682556532,0.60075,-0.60075,0.0,0.0,-0.60075,0.60075,-0.88975
159.62133693695068,6.29198894963875,-147.33193923873066,42.06501316266074,6.29198894963875,-147.33193923873066,42.06501316266074,8.675632916617345e-18,-0.598285052368716,0.7998141427372336,0.04850085761784926,0.60075,-0.60075,0.0,0.0,-0.60075,0.60075,-0.88975
159.68038201332092,6.29198894963875,-147.33193923873066,42.06501316266074,6.29198894963875,-147.33193923873066,42.06501316266074,8.675632916617345e-18,-0.598285052368716,0.7998141427372336,0.04850085761784926,0.60075,-0.60075,0.0,0.0,-0.60075,0.60075,-0.88975
159.79701042175293,6.192764885731236,-147.38455570559967,41.959722647627785,6.192764885731236,-147.38455570559967,41.959722647627785,-4.337754673264046e-18,-0.5982535183563326,0.799825534933479,0.04870155482778247,0.60075,-0.60075,0.0,0.0,-0.60075,0.60075,-0.88975
159.86275100708008,6.192899993708039,-147.31424629122463,42.0308321968886,6.192899993708039,-147.31424629122463,42.0308321968886,2.1691332135030623e-18,-0.5983877396715944,0.7997311853315358,0.048601895219598144,0.60075,-0.60075,0.0,0.0,-0.60075,0.60075,-0.88975
159.9876570701599,6.16298566207783,-147.32628246077445,42.01185159137444,6.16298566207783,-147.32628246077445,42.01185159137444,8.675632916617345e-18,-0.598285052368716,0.7998141427372336,0.04850085761784926,0.60075,-0.60075,0.0,0.0,-0.60075,0.60075,-0.88975
160.04614424705505,6.16298566207783,-147.32628246077445,42.01185159137444,6.16298566207783,-147.32628246077445,42.01185159137444,8.675632916617345e-18,-0.598285052368716,0.7998141427372336,0.04850085761784926,0.60075,-0.60075,0.0,0.0,-0.60075,0.60075,-0.88975
160.1109323501587,6.133293354479207,-147.3523031940616,41.96450934482159,6.133293354479207,-147.3523031940616,41.96450934482159,8.675632916617345e-18,-0.598285052368716,0.7998141427372336,0.04850085761784926,0.60075,-0.60075,0.0,0.0,-0.60075,0.60075,-0.88975
160.16783452033997,6.133293354479207,-147.3523031940616,41.96450934482159,6.133293354479207,-147.3523031940616,41.96450934482159,8.675632916617345e-18,-0.598285052368716,0.7998141427372336,0.04850085761784926,0.60075,-0.60075,0.0,0.0,-0.60075,0.60075,-0.88975
160.24598121643066,6.094040806635547,-147.3583173815759,41.91427920410584,6.094040806635547,-147.3583173815759,41.91427920410584,-4.337828431550571e-18,-0.5982717674214934,0.7998119350961626,0.04870072673066156,0.60075,-0.60075,0.0,0.0,-0.60075,0.60075,-0.88975
160.3605637550354,6.223254500988247,-147.3062895120895,42.020094713311416,6.223254500988247,-147.3062895120895,42.020094713311416,-2.1691670790331984e-18,-0.5984126011937152,0.7997186997462528,0.048501134097403094,0.60075,-0.60075,0.0,0.0,-0.60075,0.60075,-0.88975
160.45663809776306,6.223254500988247,-147.3062895120895,42.020094713311416,6.223254500988247,-147.3062895120895,42.020094713311416,-2.1691670790331984e-18,-0.5984126011937152,0.7997186997462528,0.048501134097403094,0.60075,-0.60075,0.0,0.0,-0.60075,0.60075,-0.88975
160.55606508255005,6.3218916640291525,-147.24823385800096,42.16500934713285,6.3218916640291525,-147.24823385800096,42.16500934713285,8.676791857876979e-18,-0.5984440496295261,0.7997073132056232,0.048300441700427174,0.60075,-0.60075,0.0,0.0,-0.60075,0.60075,-0.88975
160.67832708358765,6.231573385511666,-147.35057239061075,42.066676070420876,6.231573385511666,-147.35057239061075,42.066676070420876,0.0,-0.5982784166696925,0.7998130401079926,0.048600792384656706,0.60075,-0.60075,0.0,0.0,-0.60075,0.60075,-0.88975
160.7454550266266,6.250908145206779,-147.35679057177381,42.09810060368001,6.250908145206779,-147.35679057177381,42.09810060368001,8.675632916617345e-18,-0.598285052368716,0.7998141427372336,0.04850085761784926,0.60075,-0.60075,0.0,0.0,-0.60075,0.60075,-0.88975
160.86084651947021,6.231193019023522,-147.26355881888864,42.185959320114605,6.231193019023522,-147.26355881888864,42.185959320114605,8.676791857876979e-18,-0.5984440496295261,0.7997073132056232,0.048300441700427174,0.60075,-0.60075,0.0,0.0,-0.60075,0.60075,-0.88975
160.92882370948792,6.231193019023522,-147.26355881888864,42.185959320114605,6.231193019023522,-147.26355881888864,42.185959320114605,8.676791857876979e-18,-0.5984440496295261,0.7997073132056232,0.048300441700427174,0.60075,-0.60075,0.0,0.0,-0.60075,0.60075,-0.88975
161.04788827896118,6.232581099961834,-147.24064228294512,42.13235982747094,6.232581099961834,-147.24064228294512,42.13235982747094,0.0,-0.59854675208671,0.7996243386466707,0.04840147322473594,0.60075,-0.60075,0.0,0.0,-0.60075,0.60075,-0.88975
161.11636424064636,6.1650996242728695,-147.26238543473545,41.96273233621713,6.1650996242728695,-147.26238543473545,41.96273233621713,8.67774000488509e-18,-0.598520174958897,0.7996199356054703,0.048801216680273825,0.60075,-0.60075,0.0,0.0,-0.60075,0.60075,-0.88975
161.16729521751404,6.1650996242728695,-147.26238543473545,41.96273233621713,6.1650996242728695,-147.26238543473545,41.96273233621713,8.67774000488509e-18,-0.598520174958897,0.7996199356054703,0.048801216680273825,0.60075,-0.60075,0.0,0.0,-0.60075,0.60075,-0.88975
161.33136320114136,6.155103080791122,-147.2621892356079,41.96255733815959,6.155103080791122,-147.2621892356079,41.96255733815959,1.5186281767445426e-17,-0.5985450365365028,0.7996074692798425,0.04870045491987035,0.60075,-0.60075,0.0,0.0,-0.60075,0.60075,-0.88975
161.3766598701477,6.213250212679952,-147.258313838842,42.073930101225834,6.213250212679952,-147.258313838842,42.073930101225834,-6.508260255507373e-18,-0.5985533624844056,0.799625433467659,0.048301536313766796,0.60075,-0.60075,0.0,0.0,-0.60075,0.60075,-0.88975
161.42385625839233,6.213250212679952,-147.258313838842,42.073930101225834,6.213250212679952,-147.258313838842,42.073930101225834,-6.508260255507373e-18,-0.5985533624844056,0.799625433467659,0.048301536313766796,0.60075,-0.60075,0.0,0.0,-0.60075,0.60075,-0.88975
161.48229503631592,6.192241666439742,-147.32007207413264,42.06190673403265,6.192241666439742,-147.32007207413264,42.06190673403265,2.1691332135030623e-18,-0.5983877396715944,0.7997311853315358,0.048601895219598144,0.60075,-0.60075,0.0,0.0,-0.60075,0.60075,-0.88975
161.54928827285767,6.192241666439742,-147.32007207413264,42.06190673403265,6.192241666439742,-147.32007207413264,42.06190673403265,2.1691332135030623e-18,-0.5983877396715944,0.7997311853315358,0.048601895219598144,0.60075,-0.60075,0.0,0.0,-0.60075,0.60075,-0.88975
161.67275738716125,6.173565234012898,-147.30802811006157,41.99940766362947,6.173565234012898,-147.30802811006157,41.99940766362947,6.507426624931434e-18,-0.5983677454161008,0.7997278690768571,0.04890170413637404,0.60075,-0.60075,0.0,0.0,-0.60075,0.60075,-0.8515
161.73657321929932,6.203991167694795,-147.2888063607989,41.99721976169671,6.203991167694795,-147.2888063607989,41.99721976169671,0.0,-0.5983926507322156,0.7997153893058757,0.04880093909982087,0.60075,-0.60075,0.0,0.0,-0.60075,0.60075,-0.8195
161.79712843894958,6.203991167694795,-147.2888063607989,41.99721976169671,6.203991167694795,-147.2888063607989,41.99721976169671,0.0,-0.5983926507322156,0.7997153893058757,0.04880093909982087,0.60075,-0.60075,0.0,0.0,-0.60075,0.60075,-0.789
161.8746943473816,5.724734646966368,-147.89004742188834,40.699752084334634,5.724734646966368,-147.89004742188834,40.699752084334634,4.3285724635542115e-18,-0.594028317916045,0.8015222064931851,0.06850189787246812,0.60075,-0.60075,0.0,0.0,-0.60075,0.60075,-0.7505000000000001
161.93060398101807,5.724734646966368,-147.89004742188834,40.699752084334634,5.724734646966368,-147.89004742188834,40.699752084334634,4.3285724635542115e-18,-0.594028317916045,0.8015222064931851,0.06850189787246812,0.60075,-0.60075,0.0,0.0,-0.60075,0.60075,-0.722
162.05603218078613,5.915099680980148,-148.29135535881323,40.232726288916425,5.915099680980148,-148.29135535881323,40.232726288916425,4.343180780573299e-18,-0.5924503071724795,0.7988262812987602,0.10430343157168338,0.60075,-0.60075,0.0,0.0,-0.60075,0.60075,-0.66
162.17703294754028,5.923040481783488,-148.92551330878396,39.068131664949995,5.923040481783488,-148.92551330878396,39.068131664949995,-1.7471194000022794e-17,-0.5936391672706469,0.7943239487694059,0.12900388945140792,0.60075,-0.60075,0.0,0.0,-0.60075,0.60075,-0.63825
162.29175639152527,6.013053985798564,-149.44351751395368,39.05981225863558,6.013053985798564,-149.44351751395368,39.05981225863558,0.0,-0.5922287458895168,0.7931223932359038,0.1422040150272923,0.60075,-0.60075,0.0,0.0,-0.60075,0.60075,-0.63825
162.36132216453552,6.178755683358105,-149.50297774001996,39.24204131488631,6.178755683358105,-149.50297774001996,39.24204131488631,3.497751313634021e-17,-0.591950611689999,0.7935262723636002,0.1411046717460668,0.60075,-0.60075,0.0,0.0,-0.60075,0.60075,-0.63825
162.4601399898529,6.178755683358105,-149.50297774001996,39.24204131488631,6.178755683358105,-149.50297774001996,39.24204131488631,3.497751313634021e-17,-0.591950611689999,0.7935262723636002,0.1411046717460668,0.60075,-0.60075,0.0,0.0,-0.60075,0.60075,-0.63825
162.59320187568665,6.147968745254531,-149.55463460286038,39.22848650158289,6.147968745254531,-149.55463460286038,39.22848650158289,-8.747720107502298e-18,-0.5923330710135816,0.7932231276988655,0.1412041170336357,0.60075,-0.60075,0.0,0.0,-0.60075,0.60075,-0.63825
162.63605308532715,6.1875900423464145,-149.56396477588828,39.240448971562856,6.1875900423464145,-149.56396477588828,39.240448971562856,0.0,-0.5927415509845115,0.7930245089352107,0.1406043454682101,0.60075,-0.60075,0.0,0.0,-0.60075,0.60075,-0.63825
162.6886818408966,6.1875900423464145,-149.56396477588828,39.240448971562856,6.1875900423464145,-149.56396477588828,39.240448971562856,0.0,-0.5927415509845115,0.7930245089352107,0.1406043454682101,0.60075,-0.60075,0.0,0.0,-0.60075,0.60075,-0.63825
162.81165027618408,6.234352549815242,-149.58280971593837,39.40524622921523,6.234352549815242,-149.58280971593837,39.40524622921523,8.749891762140208e-18,-0.5929519163021973,0.7930262559282206,0.13970462541383658,0.60075,-0.60075,0.0,0.0,-0.60075,0.60075,-0.63825
162.88680458068848,6.163210688536395,-149.61833742172644,39.429259094417446,6.163210688536395,-149.61833742172644,39.429259094417446,-2.6249732165695355e-17,-0.5931422079439255,0.7930245375579913,0.1389042979404855,0.60075,-0.60075,0.0,0.0,-0.60075,0.60075,-0.63825
163.00258946418762,6.124398316342706,-149.6284309996554,39.34931086461033,6.124398316342706,-149.6284309996554,39.34931086461033,2.6250116175737736e-17,-0.5932750606627534,0.7930129364898572,0.1384022577682172,0.60075,-0.60075,0.0,0.0,-0.60075,0.60075,-0.63825
163.0578429698944,6.124398316342706,-149.6284309996554,39.34931086461033,6.124398316342706,-149.6284309996554,39.34931086461033,2.6250116175737736e-17,-0.5932750606627534,0.7930129364898572,0.1384022577682172,0.60075,-0.60075,0.0,0.0,-0.60075,0.60075,-0.63825
163.1289927959442,6.194445547116544,-149.61853942342063,39.35908543265754,6.194445547116544,-149.61853942342063,39.35908543265754,-1.750206020595128e-17,-0.5935343406851761,0.7929230984530352,0.13780401433576522,0.60075,-0.60075,0.0,0.0,-0.60075,0.60075,-0.63825
163.1961748600006,6.194445547116544,-149.61853942342063,39.35908543265754,6.194445547116544,-149.61853942342063,39.35908543265754,-1.750206020595128e-17,-0.5935343406851761,0.7929230984530352,0.13780401433576522,0.60075,-0.60075,0.0,0.0,-0.60075,0.60075,-0.63825
163.2610228061676,6.272883088815433,-149.64166575557954,39.42399093945864,6.272883088815433,-149.64166575557954,39.42399093945864,0.0,-0.5935200042938097,0.7930206385989373,0.13730357336649948,0.60075,-0.60075,0.0,0.0,-0.60075,0.60075,-0.63825
163.3736927509308,6.233551369743537,-149.61116543910143,39.41922160307041,6.233551369743537,-149.61116543910143,39.41922160307041,-8.75113580575975e-18,-0.5937788056733525,0.7929135209329338,0.13680233278298057,0.60075,-0.60075,0.0,0.0,-0.60075,0.60075,-0.63825
163.44550395011902,6.233551369743537,-149.61116543910143,39.41922160307041,6.233551369743537,-149.61116543910143,39.41922160307041,-8.75113580575975e-18,-0.5937788056733525,0.7929135209329338,0.13680233278298057,0.60075,-0.60075,0.0,0.0,-0.60075,0.60075,-0.63825
163.51416397094727,6.135120741081153,-149.58764670868743,39.35396610015423,6.135120741081153,-149.58764670868743,39.35396610015423,8.752200826858708e-18,-0.593999486928967,0.7928170343867325,0.13640293073959422,0.60075,-0.60075,0.0,0.0,-0.60075,0.60075,-0.63825
163.57054829597473,6.135120741081153,-149.58764670868743,39.35396610015423,6.135120741081153,-149.58764670868743,39.35396610015423,8.752200826858708e-18,-0.593999486928967,0.7928170343867325,0.13640293073959422,0.60075,-0.60075,0.0,0.0,-0.60075,0.60075,-0.63825
163.6298336982727,6.183941273996396,-149.64941854106593,39.35307374906095,6.183941273996396,-149.64941854106593,39.35307374906095,8.75224862581875e-18,-0.5940742477484444,0.7928127045474688,0.13610218099004853,0.60075,-0.60075,0.0,0.0,-0.60075,0.60075,-0.63825
163.75365686416626,6.281916237355688,-149.5732989328254,39.55606811301241,6.281916237355688,-149.5732989328254,39.55606811301241,0.0,-0.5942787085052295,0.7928134438081698,0.13520229263731653,0.60075,-0.60075,0.0,0.0,-0.60075,0.60075,-0.63825
163.81464672088623,6.281916237355688,-149.5732989328254,39.55606811301241,6.281916237355688,-149.5732989328254,39.55606811301241,0.0,-0.5942787085052295,0.7928134438081698,0.13520229263731653,0.60075,-0.60075,0.0,0.0,-0.60075,0.60075,-0.63825
163.8772988319397,6.311247540532548,-149.579713313116,39.58766764432907,6.311247540532548,-149.579713313116,39.58766764432907,1.7504134496079058e-17,-0.5943707087644764,0.7928291347923024,0.13470495012174966,0.60075,-0.60075,0.0,0.0,-0.60075,0.60075,-0.63825
163.94478106498718,6.311247540532548,-149.579713313116,39.58766764432907,6.311247540532548,-149.579713313116,39.58766764432907,1.7504134496079058e-17,-0.5943707087644764,0.7928291347923024,0.13470495012174966,0.60075,-0.60075,0.0,0.0,-0.60075,0.60075,-0.63825
164.0043044090271,6.271054832227122,-149.6605029011084,39.507308521193664,6.271054832227122,-149.6605029011084,39.507308521193664,1.7502403202405796e-17,-0.5942442390757887,0.7929075594548572,0.13480128517406328,0.60075,-0.60075,0.0,0.0,-0.60075,0.60075,-0.63825
164.13279247283936,6.300382262990752,-149.64302754433902,39.56591324549631,6.300382262990752,-149.64302754433902,39.56591324549631,1.7504301711200875e-17,-0.5944263943908713,0.7928215610528557,0.13450365787286722,0.60075,-0.60075,0.0,0.0,-0.60075,0.60075,-0.63825
164.1870620250702,6.300382262990752,-149.64302754433902,39.56591324549631,6.300382262990752,-149.64302754433902,39.56591324549631,1.7504301711200875e-17,-0.5944263943908713,0.7928215610528557,0.13450365787286722,0.60075,-0.60075,0.0,0.0,-0.60075,0.60075,-0.63825
164.25076627731323,6.399388175279881,-149.60031625079267,39.672560208581956,6.399388175279881,-149.60031625079267,39.672560208581956,1.7504262682921927e-17,-0.5945368891960727,0.7928233287629046,0.1340039430552841,0.60075,-0.60075,0.0,0.0,-0.60075,0.60075,-0.63825
164.3112096786499,6.399388175279881,-149.60031625079267,39.672560208581956,6.399388175279881,-149.60031625079267,39.672560208581956,1.7504262682921927e-17,-0.5945368891960727,0.7928233287629046,0.1340039430552841,0.60075,-0.60075,0.0,0.0,-0.60075,0.60075,-0.63825
164.37415194511414,6.36013562743625,-149.60633043830697,39.6223300678662,6.36013562743625,-149.60633043830697,39.6223300678662,-1.7506468989557167e-17,-0.5947376296902948,0.7927234107627721,0.13370394855428613,0.60075,-0.60075,0.0,0.0,-0.60075,0.60075,-0.63825
164.5103418827057,6.400256909339987,-149.5368058204421,39.69413960935718,6.400256909339987,-149.5368058204421,39.69413960935718,0.0,-0.5949199766005251,0.7926203727107967,0.13350343143690557,0.60075,-0.60075,0.0,0.0,-0.60075,0.60075,-0.63825
164.5567536354065,6.400256909339987,-149.5368058204421,39.69413960935718,6.400256909339987,-149.5368058204421,39.69413960935718,0.0,-0.5949199766005251,0.7926203727107967,0.13350343143690557,0.60075,-0.60075,0.0,0.0,-0.60075,0.60075,-0.63825
164.63420224189758,6.46788123783233,-149.4925327283967,39.880866263899854,6.46788123783233,-149.4925327283967,39.880866263899854,2.626316493733258e-17,-0.5950115749238554,0.7926189307874003,0.13310317901564842,0.60075,-0.60075,0.0,0.0,-0.60075,0.60075,-0.63825
164.69764304161072,6.46788123783233,-149.4925327283967,39.880866263899854,6.46788123783233,-149.4925327283967,39.880866263899854,2.626316493733258e-17,-0.5950115749238554,0.7926189307874003,0.13310317901564842,0.60075,-0.60075,0.0,0.0,-0.60075,0.60075,-0.63825
164.76557445526123,6.438851129915321,-149.5366174158358,39.775444287216985,6.438851129915321,-149.5366174158358,39.775444287216985,1.751088544341072e-17,-0.5951385381790972,0.7925234764776911,0.13310394286331947,0.60075,-0.60075,0.0,0.0,-0.60075,0.60075,-0.63825
164.89017939567566,6.340435990906087,-149.60865763366166,39.602168012356884,6.340435990906087,-149.60865763366166,39.602168012356884,2.6266580491413692e-17,-0.5951936571138691,0.792515863209772,0.13290266021524125,0.60075,-0.60075,0.0,0.0,-0.60075,0.60075,-0.63825
164.94211316108704,6.340435990906087,-149.60865763366166,39.602168012356884,6.340435990906087,-149.60865763366166,39.602168012356884,2.6266580491413692e-17,-0.5951936571138691,0.792515863209772,0.13290266021524125,0.60075,-0.60075,0.0,0.0,-0.60075,0.60075,-0.63825
165.01899576187134,6.319637851457685,-149.6127312215097,39.64279858308297,6.319637851457685,-149.6127312215097,39.64279858308297,2.6266528859674055e-17,-0.5953029536602396,0.7925174210468556,0.13240291046890057,0.60075,-0.60075,0.0,0.0,-0.60075,0.60075,-0.63825
165.0592393875122,6.319637851457685,-149.6127312215097,39.64279858308297,6.319637851457685,-149.6127312215097,39.64279858308297,2.6266528859674055e-17,-0.5953029536602396,0.7925174210468556,0.13240291046890057,0.60075,-0.60075,0.0,0.0,-0.60075,0.60075,-0.63825
165.14629745483398,6.377709684531538,-149.59623105781137,39.772626957490765,6.377709684531538,-149.59623105781137,39.772626957490765,1.750877534381303e-17,-0.5952121144661955,0.7926189887814377,0.13220316719266476,0.60075,-0.60075,0.0,0.0,-0.60075,0.60075,-0.63825
165.2748827934265,6.428350729208489,-149.59138627054108,39.74242741063442,6.428350729208489,-149.59138627054108,39.74242741063442,-1.7510884431414957e-17,-0.5953390539467951,0.7925235222795123,0.13220392384271487,0.60075,-0.60075,0.0,0.0,-0.60075,0.60075,-0.63825
165.32755541801453,6.428350729208489,-149.59138627054108,39.74242741063442,6.428350729208489,-149.59138627054108,39.74242741063442,-1.7510884431414957e-17,-0.5953390539467951,0.7925235222795123,0.13220392384271487,0.60075,-0.60075,0.0,0.0,-0.60075,0.60075,-0.63825
165.40498661994934,6.428350729208489,-149.59138627054108,39.74242741063442,6.428350729208489,-149.59138627054108,39.74242741063442,-1.7510884431414957e-17,-0.5953390539467951,0.7925235222795123,0.13220392384271487,0.60075,-0.60075,0.0,0.0,-0.60075,0.60075,-0.63825
165.50012373924255,6.3689661140113,-149.64342773711533,39.64774291752874,6.3689661140113,-149.64342773711533,39.64774291752874,3.502237595914323e-17,-0.5953578506327735,0.792509784259306,0.13220163215025899,0.60075,-0.60075,0.0,0.0,-0.60075,0.60075,-0.63825
165.56990218162537,6.3297174385809285,-149.6733316616896,39.570507583827,6.3297174385809285,-149.6733316616896,39.570507583827,0.0,-0.5954847451700432,0.7924143151202916,0.1322023882621183,0.60075,-0.60075,0.0,0.0,-0.60075,0.60075,-0.63825
165.68793773651123,6.380636444038117,-149.5756475197892,39.62851674952034,6.380636444038117,-149.5756475197892,39.62851674952034,0.0,-0.5957024068599382,0.7923172631350611,0.1318028717420182,0.60075,-0.60075,0.0,0.0,-0.60075,0.60075,-0.63825
165.7570822238922,6.380636444038117,-149.5756475197892,39.62851674952034,6.380636444038117,-149.5756475197892,39.62851674952034,0.0,-0.5957024068599382,0.7923172631350611,0.1318028717420182,0.60075,-0.60075,0.0,0.0,-0.60075,0.60075,-0.63825
165.82540607452393,6.340063369244518,-149.5694235360595,39.66744087607866,6.340063369244518,-149.5694235360595,39.66744087607866,-5.254552687493992e-17,-0.5957742471444268,0.7923293551234558,0.1314048684377409,0.60075,-0.60075,0.0,0.0,-0.60075,0.60075,-0.63825
165.88207840919495,6.340063369244518,-149.5694235360595,39.66744087607866,6.340063369244518,-149.5694235360595,39.66744087607866,-5.254552687493992e-17,-0.5957742471444268,0.7923293551234558,0.1314048684377409,0.60075,-0.60075,0.0,0.0,-0.60075,0.60075,-0.63825
165.9475176334381,6.231572515525329,-149.60475305076542,39.53945040748854,6.231572515525329,-149.60475305076542,39.53945040748854,-8.757672554848626e-18,-0.5958288008325153,0.792321688262432,0.13120359144267457,0.60075,-0.60075,0.0,0.0,-0.60075,0.60075,-0.63825
166.07017469406128,6.323286619807675,-149.52727745633206,39.53017380558489,6.323286619807675,-149.52727745633206,39.53017380558489,8.758813187833954e-18,-0.5960100971232057,0.7922185066745568,0.1310030603059416,0.60075,-0.60075,0.0,0.0,-0.60075,0.60075,-0.63825
166.13049721717834,6.323286619807675,-149.52727745633206,39.53017380558489,6.323286619807675,-149.52727745633206,39.53017380558489,8.758813187833954e-18,-0.5960100971232057,0.7922185066745568,0.1310030603059416,0.60075,-0.60075,0.0,0.0,-0.60075,0.60075,-0.63825
166.19641518592834,6.450318797976905,-149.57430132007218,39.64955379531735,6.450318797976905,-149.57430132007218,39.64955379531735,-3.503029136544495e-17,-0.5958824617998788,0.7923307096157342,0.13090507369519072,0.60075,-0.60075,0.0,0.0,-0.60075,0.60075,-0.63825
166.25502133369446,6.450318797976905,-149.57430132007218,39.64955379531735,6.450318797976905,-149.57430132007218,39.64955379531735,-3.503029136544495e-17,-0.5958824617998788,0.7923307096157342,0.13090507369519072,0.60075,-0.60075,0.0,0.0,-0.60075,0.60075,-0.63825
166.32546591758728,6.438565424308564,-149.58167729634596,39.74124596063927,6.438565424308564,-149.58167729634596,39.74124596063927,-4.3783011301032003e-17,-0.5958100216808784,0.7924185314937064,0.13070305662068077,0.60075,-0.60075,0.0,0.0,-0.60075,0.60075,-0.63825
166.4367914199829,6.38033137636495,-149.50125871499952,39.729344387872516,6.38033137636495,-149.50125871499952,39.729344387872516,-2.6273384508236096e-17,-0.5960632333524526,0.7923106254238443,0.1302017460938843,0.60075,-0.60075,0.0,0.0,-0.60075,0.60075,-0.63825
166.50071120262146,6.38033137636495,-149.50125871499952,39.729344387872516,6.38033137636495,-149.50125871499952,39.729344387872516,-2.6273384508236096e-17,-0.5960632333524526,0.7923106254238443,0.1302017460938843,0.60075,-0.60075,0.0,0.0,-0.60075,0.60075,-0.63825
166.56394934654236,6.3906927966816625,-149.4929095376093,39.71825690818025,6.3906927966816625,-149.4929095376093,39.71825690818025,1.751569413447395e-17,-0.5961351350858151,0.7923059001413219,0.12990096734615386,0.60075,-0.60075,0.0,0.0,-0.60075,0.60075,-0.63825
166.62786221504211,6.3906927966816625,-149.4929095376093,39.71825690818025,6.3906927966816625,-149.4929095376093,39.71825690818025,1.751569413447395e-17,-0.5961351350858151,0.7923059001413219,0.12990096734615386,0.60075,-0.60075,0.0,0.0,-0.60075,0.60075,-0.63825
166.69206643104553,6.498382470329176,-149.48593574606645,39.860222750625546,6.498382470329176,-149.48593574606645,39.860222750625546,-8.757597529568497e-18,-0.5961696224903731,0.7923284759866237,0.12960465794252987,0.60075,-0.60075,0.0,0.0,-0.60075,0.60075,-0.63825
166.82178688049316,6.5457280062513234,-149.4863301362761,40.01240108247542,6.5457280062513234,-149.4863301362761,40.01240108247542,-8.756594550950431e-18,-0.5961144721229545,0.7924192291344685,0.1293031377171716,0.60075,-0.60075,0.0,0.0,-0.60075,0.60075,-0.63825
166.87312626838684,6.5457280062513234,-149.4863301362761,40.01240108247542,6.5457280062513234,-149.4863301362761,40.01240108247542,-8.756594550950431e-18,-0.5961144721229545,0.7924192291344685,0.1293031377171716,0.60075,-0.60075,0.0,0.0,-0.60075,0.60075,-0.63825
166.93629837036133,6.445691145032271,-149.49563311512827,40.002101520255586,6.445691145032271,-149.49563311512827,40.002101520255586,-8.756529160422511e-18,-0.5961497455664049,0.7924251466288064,0.12910409695832775,0.60075,-0.60075,0.0,0.0,-0.60075,0.60075,-0.63825
166.99764204025269,6.445691145032271,-149.49563311512827,40.002101520255586,6.445691145032271,-149.49563311512827,40.002101520255586,-8.756529160422511e-18,-0.5961497455664049,0.7924251466288064,0.12910409695832775,0.60075,-0.60075,0.0,0.0,-0.60075,0.60075,-0.63825
167.06168961524963,6.416728591103691,-149.50456309537986,39.93223431820313,6.416728591103691,-149.50456309537986,39.93223431820313,3.5026329132679273e-17,-0.5962211957184188,0.7924203392965091,0.1288033060340616,0.60075,-0.60075,0.0,0.0,-0.60075,0.60075,-0.63825
167.24859976768494,6.398202756306773,-149.51776866517366,39.83282402511686,6.398202756306773,-149.51776866517366,39.83282402511686,8.757670659917832e-18,-0.5963303981815898,0.7923218597001146,0.12890355637428344,0.60075,-0.60075,0.0,0.0,-0.60075,0.60075,-0.63825
167.3166618347168,6.299050118800977,-149.55912016191513,39.73608309172833,6.299050118800977,-149.55912016191513,39.73608309172833,-8.757735868899736e-18,-0.5962951767143405,0.7923159601728185,0.12910260060369919,0.60075,-0.60075,0.0,0.0,-0.60075,0.60075,-0.63825
167.37682795524597,6.299050118800977,-149.55912016191513,39.73608309172833,6.299050118800977,-149.55912016191513,39.73608309172833,-8.757735868899736e-18,-0.5962951767143405,0.7923159601728185,0.12910260060369919,0.60075,-0.60075,0.0,0.0,-0.60075,0.60075,-0.63825
167.5317621231079,6.338746714707895,-149.58107510187548,39.729589950366744,6.338746714707895,-149.58107510187548,39.729589950366744,-8.757703247384257e-18,-0.596312793853909,0.7923189114657124,0.12900307911028255,0.60075,-0.60075,0.0,0.0,-0.60075,0.60075,-0.63825
167.6336932182312,6.339988070429541,-149.55679876912708,39.6858964874202,6.339988070429541,-149.55679876912708,39.6858964874202,8.757756389059331e-18,-0.5963841726249685,0.7923141037099038,0.128702290985062,0.60075,-0.60075,0.0,0.0,-0.60075,0.60075,-0.63825
167.78254222869873,6.368800026728223,-149.52261925501062,39.79267491215576,6.368800026728223,-149.52261925501062,39.79267491215576,2.6273137765889634e-17,-0.5965079407376254,0.7923180663539906,0.12810292098945633,0.60075,-0.60075,0.0,0.0,-0.60075,0.60075,-0.63825
167.8347725868225,6.877532986204983,-149.5821512771283,39.808382053353746,6.877532986204983,-149.5821512771283,39.808382053353746,0.0,-0.602807709417479,0.7876169158105369,0.12760274055031048,0.60075,-0.60075,0.0,0.0,-0.60075,0.60075,-0.63825
167.88344597816467,6.877532986204983,-149.5821512771283,39.808382053353746,6.877532986204983,-149.5821512771283,39.808382053353746,0.0,-0.602807709417479,0.7876169158105369,0.12760274055031048,0.60075,-0.60075,0.0,0.0,-0.60075,0.60075,-0.63825
168.00235605239868,7.309820598403462,-149.255358329396,40.05258235976663,7.309820598403462,-149.255358329396,40.05258235976663,8.84814273399107e-18,-0.6076365748797254,0.7842203852850087,0.1256032649729624,0.60075,-0.60075,0.0,0.0,-0.60075,0.60075,-0.63825
168.06760787963867,7.3388025143984805,-149.36587703444422,39.987423596889194,7.3388025143984805,-149.36587703444422,39.987423596889194,2.653422182115783e-17,-0.6072470088009341,0.7845220354313502,0.12560352791609633,0.60075,-0.60075,0.0,0.0,-0.60075,0.60075,-0.63825
168.18707084655762,7.298963065688213,-149.36645203473898,39.97681757496191,7.298963065688213,-149.36645203473898,39.97681757496191,0.0,-0.6074006197641637,0.7845150592495174,0.12490239757841261,0.60075,-0.60075,0.0,0.0,-0.60075,0.60075,-0.63825
168.25117659568787,7.298963065688213,-149.36645203473898,39.97681757496191,7.298963065688213,-149.36645203473898,39.97681757496191,0.0,-0.6074006197641637,0.7845150592495174,0.12490239757841261,0.60075,-0.60075,0.0,0.0,-0.60075,0.60075,-0.63825
168.31521105766296,7.260222119896213,-149.36528064254037,39.90541892679923,7.260222119896213,-149.36528064254037,39.90541892679923,4.421265608351549e-17,-0.607220396335488,0.7847180557078506,0.1245028647070567,0.60075,-0.60075,0.0,0.0,-0.60075,0.60075,-0.63825
168.37353324890137,7.260222119896213,-149.36528064254037,39.90541892679923,7.260222119896213,-149.36528064254037,39.90541892679923,4.421265608351549e-17,-0.607220396335488,0.7847180557078506,0.1245028647070567,0.60075,-0.60075,0.0,0.0,-0.60075,0.60075,-0.63825
168.43868708610535,7.180325070857293,-149.37633581645252,39.88556333099736,7.180325070857293,-149.37633581645252,39.88556333099736,8.836991161043724e-18,-0.6066663333978792,0.785210008412828,0.12410158181868564,0.60075,-0.60075,0.0,0.0,-0.60075,0.60075,-0.63825
168.56681537628174,6.732727828071148,-149.46286198360156,40.21384663951107,6.732727828071148,-149.46286198360156,40.21384663951107,-8.764393389394646e-18,-0.5993865807589749,0.7917141090795441,0.1180021029068918,0.60075,-0.60075,0.0,0.0,-0.60075,0.60075,-0.63825
168.6183578968048,6.732727828071148,-149.46286198360156,40.21384663951107,6.732727828071148,-149.46286198360156,40.21384663951107,-8.764393389394646e-18,-0.5993865807589749,0.7917141090795441,0.1180021029068918,0.60075,-0.60075,0.0,0.0,-0.60075,0.60075,-0.63825
168.6835720539093,6.0714733497743225,-149.5524745938,39.60056685423698,6.0714733497743225,-149.5524745938,39.60056685423698,5.221621695855589e-17,-0.5888461969447395,0.7973263068155214,0.13240436852172965,0.60075,-0.60075,0.0,0.0,-0.60075,0.60075,-0.63825
168.74904012680054,6.0714733497743225,-149.5524745938,39.60056685423698,6.0714733497743225,-149.5524745938,39.60056685423698,5.221621695855589e-17,-0.5888461969447395,0.7973263068155214,0.13240436852172965,0.60075,-0.60075,0.0,0.0,-0.60075,0.60075,-0.63825
168.80946707725525,5.739477325095322,-149.63378678569023,39.61690598050948,5.739477325095322,-149.63378678569023,39.61690598050948,-8.69731517033321e-18,-0.588311801483551,0.797820220149776,0.1318033404559294,0.60075,-0.60075,0.0,0.0,-0.60075,0.60075,-0.63825
168.93528246879578,5.868127353061084,-149.7196581513441,39.60031445058765,5.868127353061084,-149.7196581513441,39.60031445058765,1.7392356162587924e-17,-0.5880353633414654,0.7979245409926959,0.1324040722238789,0.60075,-0.60075,0.0,0.0,-0.60075,0.60075,-0.63825
168.9953887462616,5.868127353061084,-149.7196581513441,39.60031445058765,5.868127353061084,-149.7196581513441,39.60031445058765,1.7392356162587924e-17,-0.5880353633414654,0.7979245409926959,0.1324040722238789,0.60075,-0.60075,0.0,0.0,-0.60075,0.60075,-0.63825
169.0573935508728,5.837268988555792,-149.78257998431206,39.578210055639815,5.837268988555792,-149.78257998431206,39.578210055639815,-8.693988904634891e-18,-0.5877400599324403,0.7981254611686935,0.1325042270452975,0.60075,-0.60075,0.0,0.0,-0.60075,0.60075,-0.63825
169.15644335746765,5.837268988555792,-149.78257998431206,39.578210055639815,5.837268988555792,-149.78257998431206,39.578210055639815,-8.693988904634891e-18,-0.5877400599324403,0.7981254611686935,0.1325042270452975,0.60075,-0.60075,0.0,0.0,-0.60075,0.60075,-0.63825
169.28232741355896,5.876656644376283,-149.70625638242277,39.69954974561639,5.876656644376283,-149.70625638242277,39.69954974561639,8.692956092112608e-18,-0.5876114630645793,0.7982202866759105,0.13250336755770248,0.60075,-0.60075,0.0,0.0,-0.60075,0.60075,-0.63825
169.39099407196045,5.965082984730316,-149.6817994395893,39.81864063644699,5.965082984730316,-149.6817994395893,39.81864063644699,-8.690749259668203e-18,-0.5874260242254835,0.7984229778793712,0.1321038018259832,0.60075,-0.60075,0.0,0.0,-0.60075,0.60075,-0.63825
169.457745552063,5.933780572161737,-149.71675214508264,39.85325952357649,5.933780572161737,-149.71675214508264,39.85325952357649,0.0,-0.5871865800218835,0.7986158211907237,0.1320026150728469,0.60075,-0.60075,0.0,0.0,-0.60075,0.60075,-0.63825
169.50724840164185,5.933780572161737,-149.71675214508264,39.85325952357649,5.933780572161737,-149.71675214508264,39.85325952357649,0.0,-0.5871865800218835,0.7986158211907237,0.1320026150728469,0.60075,-0.60075,0.0,0.0,-0.60075,0.60075,-0.63825
169.56608366966248,5.8447673309410675,-149.73576990069654,39.77379275153436,5.8447673309410675,-149.73576990069654,39.77379275153436,-3.4750621743908946e-17,-0.5870399504670717,0.7987073100496074,0.13210120903662592,0.60075,-0.60075,0.0,0.0,-0.60075,0.60075,-0.63825
169.63522362709045,5.8447673309410675,-149.73576990069654,39.77379275153436,5.8447673309410675,-149.73576990069654,39.77379275153436,-3.4750621743908946e-17,-0.5870399504670717,0.7987073100496074,0.13210120903662592,0.60075,-0.60075,0.0,0.0,-0.60075,0.60075,-0.63825
169.7952151298523,5.707532074911569,-149.77012422233142,39.5745786328391,5.707532074911569,-149.77012422233142,39.5745786328391,1.7375136548219386e-17,-0.5869837054708086,0.7987153234336256,0.13230253823747168,0.60075,-0.60075,0.0,0.0,-0.60075,0.60075,-0.63825
169.87134313583374,5.707532074911569,-149.77012422233142,39.5745786328391,5.707532074911569,-149.77012422233142,39.5745786328391,1.7375136548219386e-17,-0.5869837054708086,0.7987153234336256,0.13230253823747168,0.60075,-0.60075,0.0,0.0,-0.60075,0.60075,-0.63825
169.94818329811096,5.656891030234618,-149.77496900960173,39.60477817969545,5.656891030234618,-149.77496900960173,39.60477817969545,-2.605939916927031e-17,-0.5868908219841816,0.7988166410325019,0.13210275197845958,0.60075,-0.60075,0.0,0.0,-0.60075,0.60075,-0.63825
170.00007796287537,5.656891030234618,-149.77496900960173,39.60477817969545,5.656891030234618,-149.77496900960173,39.60477817969545,-2.605939916927031e-17,-0.5868908219841816,0.7988166410325019,0.13210275197845958,0.60075,-0.60075,0.0,0.0,-0.60075,0.60075,-0.63825
170.0751075744629,5.667030426519716,-149.7526352684742,39.62205234104185,5.667030426519716,-149.7526352684742,39.62205234104185,-8.685364923407492e-18,-0.5867978562619786,0.7989179458892466,0.13190296290248046,0.60075,-0.60075,0.0,0.0,-0.60075,0.60075,-0.63825
170.21306610107422,5.677978747703094,-149.74972527830352,39.571340742561105,5.677978747703094,-149.74972527830352,39.571340742561105,-1.7372544175698185e-17,-0.5868883374846675,0.7988345096412295,0.13200570264477002,0.60075,-0.60075,0.0,0.0,-0.60075,0.60075,-0.63825
170.2544174194336,5.677978747703094,-149.74972527830352,39.571340742561105,5.677978747703094,-149.74972527830352,39.571340742561105,-1.7372544175698185e-17,-0.5868883374846675,0.7988345096412295,0.13200570264477002,0.60075,-0.60075,0.0,0.0,-0.60075,0.60075,-0.63825
170.33141088485718,5.76728156694378,-149.7095373792394,39.65800064819497,5.76728156694378,-149.7095373792394,39.65800064819497,-8.685400586871454e-18,-0.586779956767567,0.7989146654209384,0.13200242312625343,0.60075,-0.60075,0.0,0.0,-0.60075,0.60075,-0.63825
170.37698078155518,5.76728156694378,-149.7095373792394,39.65800064819497,5.76728156694378,-149.7095373792394,39.65800064819497,-8.685400586871454e-18,-0.586779956767567,0.7989146654209384,0.13200242312625343,0.60075,-0.60075,0.0,0.0,-0.60075,0.60075,-0.63825
170.46451950073242,5.77757156085886,-149.7124531719767,39.638363586858276,5.77757156085886,-149.7124531719767,39.638363586858276,8.685313264696326e-18,-0.5867236913487224,0.7989226977122559,0.13220375596139716,0.60075,-0.60075,0.0,0.0,-0.60075,0.60075,-0.63825
170.59731340408325,5.756927891453643,-149.76566603074957,39.61507774191528,5.756927891453643,-149.76566603074957,39.61507774191528,8.684196241905892e-18,-0.5865385202755735,0.7990254608046917,0.13240421903697272,0.60075,-0.60075,0.0,0.0,-0.60075,0.60075,-0.63825
170.69016075134277,5.756927891453643,-149.76566603074957,39.61507774191528,5.756927891453643,-149.76566603074957,39.61507774191528,8.684196241905892e-18,-0.5865385202755735,0.7990254608046917,0.13240421903697272,0.60075,-0.60075,0.0,0.0,-0.60075,0.60075,-0.63825
170.7590401172638,5.776183479920519,-149.73536970792023,39.69196307950194,5.776183479920519,-149.73536970792023,39.69196307950194,-8.683146928931995e-18,-0.5865197611268039,0.7991220188601247,0.13190363444831749,0.60075,-0.60075,0.0,0.0,-0.60075,0.60075,-0.63825
170.81450533866882,5.776183479920519,-149.73536970792023,39.69196307950194,5.776183479920519,-149.73536970792023,39.69196307950194,-8.683146928931995e-18,-0.5865197611268039,0.7991220188601247,0.13190363444831749,0.60075,-0.60075,0.0,0.0,-0.60075,0.60075,-0.63825
170.87921857833862,6.163237662111982,-149.57384691224152,40.04903372590715,6.163237662111982,-149.57384691224152,40.04903372590715,0.0,-0.5883357237303001,0.7983245572374835,0.12860395598238805,0.60075,-0.60075,0.0,0.0,-0.60075,0.60075,-0.63825
171.00558185577393,5.69753553142985,-149.76992802320387,39.57440363478156,5.69753553142985,-149.76992802320387,39.57440363478156,5.209919303193622e-17,-0.5865938346820835,0.7991172415650006,0.13160283943180334,0.60075,-0.60075,0.0,0.0,-0.60075,0.60075,-0.63825
171.06149578094482,5.69753553142985,-149.76992802320387,39.57440363478156,5.69753553142985,-149.76992802320387,39.57440363478156,5.209919303193622e-17,-0.5865938346820835,0.7991172415650006,0.13160283943180334,0.60075,-0.60075,0.0,0.0,-0.60075,0.60075,-0.63825
171.138249874115,5.883722555938135,-149.7031463825125,39.870840144630336,5.883722555938135,-149.7031463825125,39.870840144630336,1.7364443839450914e-17,-0.5865389331537211,0.7992071578062871,0.1313011759509078,0.60075,-0.60075,0.0,0.0,-0.60075,0.60075,-0.63825
171.18952894210815,5.883722555938135,-149.7031463825125,39.870840144630336,5.883722555938135,-149.7031463825125,39.870840144630336,1.7364443839450914e-17,-0.5865389331537211,0.7992071578062871,0.1313011759509078,0.60075,-0.60075,0.0,0.0,-0.60075,0.60075,-0.63825
171.25150561332703,5.893278923769884,-149.69926319122538,39.90073323177924,5.893278923769884,-149.69926319122538,39.90073323177924,0.0,-0.5865006503333594,0.7992185103902081,0.1314030433749667,0.60075,-0.60075,0.0,0.0,-0.60075,0.60075,-0.63825
171.37365865707397,5.815289302547541,-149.72799572360105,39.752099249914814,5.815289302547541,-149.72799572360105,39.752099249914814,-8.681034323146876e-18,-0.5863895836852417,0.7993164922071035,0.13130270915400058,0.60075,-0.60075,0.0,0.0,-0.60075,0.60075,-0.63825
171.4376721382141,5.815289302547541,-149.72799572360105,39.752099249914814,5.815289302547541,-149.72799572360105,39.752099249914814,-8.681034323146876e-18,-0.5863895836852417,0.7993164922071035,0.13130270915400058,0.60075,-0.60075,0.0,0.0,-0.60075,0.60075,-0.63825
171.5023717880249,5.794717059543984,-149.76994361224635,39.737362986616255,5.794717059543984,-149.76994361224635,39.737362986616255,-8.680041664652725e-18,-0.5862428707075759,0.7994079028634297,0.131401299019583,0.60075,-0.60075,0.0,0.0,-0.60075,0.60075,-0.63825
171.55770754814148,5.794717059543984,-149.76994361224635,39.737362986616255,5.794717059543984,-149.76994361224635,39.737362986616255,-8.680041664652725e-18,-0.5862428707075759,0.7994079028634297,0.131401299019583,0.60075,-0.60075,0.0,0.0,-0.60075,0.60075,-0.63825
171.63042283058167,5.813239021927643,-149.7328483053926,39.86377847268851,5.813239021927643,-149.7328483053926,39.86377847268851,8.676728616394015e-18,-0.5858710479142805,0.7997131419780398,0.1312021560929334,0.60075,-0.60075,0.0,0.0,-0.60075,0.60075,-0.63825
171.75042748451233,5.892458381631769,-149.6081702290886,40.049734570564326,5.892458381631769,-149.6081702290886,40.049734570564326,0.0,-0.5855194796578354,0.8000036148997277,0.13100059193983038,0.60075,-0.60075,0.0,0.0,-0.60075,0.60075,-0.63825
171.81512999534607,5.892458381631769,-149.6081702290886,40.049734570564326,5.892458381631769,-149.6081702290886,40.049734570564326,0.0,-0.5855194796578354,0.8000036148997277,0.13100059193983038,0.60075,-0.60075,0.0,0.0,-0.60075,0.60075,-0.63825
171.875985622406,5.509419860758669,-149.92914518843415,39.85593940292473,5.509419860758669,-149.92914518843415,39.85593940292473,2.5916886083501496e-17,-0.5823482094436782,0.8032092144346552,0.12540143860819938,0.60075,-0.60075,0.0,0.0,-0.60075,0.60075,-0.63825
171.94452810287476,5.509419860758669,-149.92914518843415,39.85593940292473,5.509419860758669,-149.92914518843415,39.85593940292473,2.5916886083501496e-17,-0.5823482094436782,0.8032092144346552,0.12540143860819938,0.60075,-0.60075,0.0,0.0,-0.60075,0.60075,-0.63825
172.0119767189026,5.447859458071235,-149.87456655699262,39.43364627036047,5.447859458071235,-149.87456655699262,39.43364627036047,0.0,-0.5834338756893487,0.8015253138157857,0.1310041373797479,0.60075,-0.60075,0.0,0.0,-0.60075,0.60075,-0.63825
172.1263689994812,5.541805286592364,-149.79688714220762,39.86854866150375,5.541805286592364,-149.79688714220762,39.86854866150375,1.729481918137615e-17,-0.5829292618224473,0.8024245678589511,0.12770390991474087,0.60075,-0.60075,0.0,0.0,-0.60075,0.60075,-0.63825
172.18693780899048,5.541805286592364,-149.79688714220762,39.86854866150375,5.541805286592364,-149.79688714220762,39.86854866150375,1.729481918137615e-17,-0.5829292618224473,0.8024245678589511,0.12770390991474087,0.60075,-0.60075,0.0,0.0,-0.60075,0.60075,-0.63825
172.25245141983032,5.571715745809314,-149.76096123559785,39.9145344600039,5.571715745809314,-149.76096123559785,39.9145344600039,8.647465177190063e-18,-0.5830021831026073,0.8024194098185402,0.12740308176829762,0.60075,-0.60075,0.0,0.0,-0.60075,0.60075,-0.63825
172.31332278251648,5.571715745809314,-149.76096123559785,39.9145344600039,5.571715745809314,-149.76096123559785,39.9145344600039,8.647465177190063e-18,-0.5830021831026073,0.8024194098185402,0.12740308176829762,0.60075,-0.60075,0.0,0.0,-0.60075,0.60075,-0.63825
172.37608814239502,5.592596928899326,-149.81729188880217,39.8014378919643,5.592596928899326,-149.81729188880217,39.8014378919643,-5.187235216559254e-17,-0.5825620380782789,0.8026118285620986,0.12820188938656993,0.60075,-0.60075,0.0,0.0,-0.60075,0.60075,-0.63825
172.50300192832947,5.176524122713289,-149.88284991419522,40.06674067230985,5.176524122713289,-149.88284991419522,40.06674067230985,-1.7204765829919713e-17,-0.578524508363173,0.8066246262811946,0.12110369730058604,0.60075,-0.60075,0.0,0.0,-0.60075,0.60075,-0.63825
172.5636863708496,5.176524122713289,-149.88284991419522,40.06674067230985,5.176524122713289,-149.88284991419522,40.06674067230985,-1.7204765829919713e-17,-0.578524508363173,0.8066246262811946,0.12110369730058604,0.60075,-0.60075,0.0,0.0,-0.60075,0.60075,-0.63825
172.63007998466492,5.382184887306806,-149.77586677735187,40.43870607169259,5.382184887306806,-149.77586677735187,40.43870607169259,2.582368053732928e-17,-0.5816427251706194,0.8061082416826774,0.10900111443172292,0.60075,-0.60075,0.0,0.0,-0.60075,0.60075,-0.63825
172.69493746757507,5.382184887306806,-149.77586677735187,40.43870607169259,5.382184887306806,-149.77586677735187,40.43870607169259,2.582368053732928e-17,-0.5816427251706194,0.8061082416826774,0.10900111443172292,0.60075,-0.60075,0.0,0.0,-0.60075,0.60075,-0.63825
172.81521582603455,5.899670885092945,-149.39470135707856,41.01992992227272,5.899670885092945,-149.39470135707856,41.01992992227272,2.1591674403153457e-17,-0.5873219577506321,0.8034223949410109,0.09780272619520892,0.60075,-0.60075,0.0,0.0,-0.60075,0.60075,-0.63825
172.94487881660461,6.029139305746128,-149.10649571060227,41.375985301943864,6.029139305746128,-149.10649571060227,41.375985301943864,4.329176197983949e-18,-0.5912588458922986,0.8014104285173931,0.09030117506254129,0.60075,-0.60075,0.0,0.0,-0.60075,0.60075,-0.63825
173.06495356559753,6.290499342504688,-149.25919747602953,41.70366365341212,6.290499342504688,-149.25919747602953,41.70366365341212,0.0,-0.5944767211845116,0.7997131955340302,0.08400138605084224,0.60075,-0.60075,0.0,0.0,-0.60075,0.60075,-0.63825
173.14141845703125,5.722534221740631,-149.0473948860487,41.242192869425864,5.722534221740631,-149.0473948860487,41.242192869425864,4.327452069067539e-18,-0.5915681029949609,0.801729723768193,0.08530316257630889,0.60075,-0.60075,0.0,0.0,-0.60075,0.60075,-0.63825
173.18545055389404,5.722534221740631,-149.0473948860487,41.242192869425864,5.722534221740631,-149.0473948860487,41.242192869425864,4.327452069067539e-18,-0.5915681029949609,0.801729723768193,0.08530316257630889,0.60075,-0.60075,0.0,0.0,-0.60075,0.60075,-0.63825
173.2543339729309,5.4265283649073695,-149.7842199386513,40.75345022285445,5.4265283649073695,-149.7842199386513,40.75345022285445,0.0,-0.5791963647155622,0.808819012409613,0.101702390655363,0.60075,-0.60075,0.0,0.0,-0.60075,0.60075,-0.63825
173.38661813735962,5.378731036095417,-149.70807694684703,40.71200555905388,5.378731036095417,-149.70807694684703,40.71200555905388,-4.287950609653168e-18,-0.5776772080249706,0.8091154184805875,0.10780205427290492,0.60075,-0.60075,0.0,0.0,-0.60075,0.60075,-0.63825
173.4442093372345,5.378731036095417,-149.70807694684703,40.71200555905388,5.378731036095417,-149.70807694684703,40.71200555905388,-4.287950609653168e-18,-0.5776772080249706,0.8091154184805875,0.10780205427290492,0.60075,-0.60075,0.0,0.0,-0.60075,0.60075,-0.63825
173.51357555389404,5.2197979272511645,-149.61889739020077,40.74788415419732,5.2197979272511645,-149.61889739020077,40.74788415419732,3.433719311374301e-17,-0.5796218754586164,0.8083239513401026,0.10320305799616306,0.60075,-0.60075,0.0,0.0,-0.60075,0.60075,-0.63825
173.57152128219604,5.2197979272511645,-149.61889739020077,40.74788415419732,5.2197979272511645,-149.61889739020077,40.74788415419732,3.433719311374301e-17,-0.5796218754586164,0.8083239513401026,0.10320305799616306,0.60075,-0.60075,0.0,0.0,-0.60075,0.60075,-0.63825
173.6436266899109,5.3303525616460945,-149.69211714134076,41.77915353746088,5.3303525616460945,-149.69211714134076,41.77915353746088,-8.581049618727245e-18,-0.5836573954236455,0.8086299709494531,0.07390273912090602,0.60075,-0.60075,0.0,0.0,-0.60075,0.60075,-0.63825
173.75726628303528,5.404353495125719,-149.45944193581335,42.38428667204939,5.404353495125719,-149.45944193581335,42.38428667204939,1.2902130820832822e-17,-0.5869804493989947,0.8067148752711989,0.06830125942856437,0.60075,-0.60075,0.0,0.0,-0.60075,0.60075,-0.63825
173.81409621238708,5.404353495125719,-149.45944193581335,42.38428667204939,5.404353495125719,-149.45944193581335,42.38428667204939,1.2902130820832822e-17,-0.5869804493989947,0.8067148752711989,0.06830125942856437,0.60075,-0.60075,0.0,0.0,-0.60075,0.60075,-0.63825
173.87843084335327,5.759135981260528,-148.9869677813241,42.64772084005279,5.759135981260528,-148.9869677813241,42.64772084005279,0.0,-0.5909704715597054,0.8046125695020201,0.05790090451673745,0.60075,-0.60075,0.0,0.0,-0.60075,0.60075,-0.63825
173.9463701248169,5.759135981260528,-148.9869677813241,42.64772084005279,5.759135981260528,-148.9869677813241,42.64772084005279,0.0,-0.5909704715597054,0.8046125695020201,0.05790090451673745,0.60075,-0.60075,0.0,0.0,-0.60075,0.60075,-0.63825
174.00415992736816,6.087122233167804,-149.02354446818921,42.728263776042205,6.087122233167804,-149.02354446818921,42.728263776042205,-4.3296691592713e-18,-0.5957125256115084,0.8013191826734252,0.0549013142752665,0.60075,-0.60075,0.0,0.0,-0.60075,0.60075,-0.63825
174.13344812393188,5.663825439598185,-149.44262082331707,41.29557580124573,5.663825439598185,-149.44262082331707,41.29557580124573,3.438881131688823e-17,-0.5827555948738065,0.8071106430479684,0.09470124878781146,0.60075,-0.60075,0.0,0.0,-0.60075,0.60075,-0.63825
174.18836879730225,5.663825439598185,-149.44262082331707,41.29557580124573,5.663825439598185,-149.44262082331707,41.29557580124573,3.438881131688823e-17,-0.5827555948738065,0.8071106430479684,0.09470124878781146,0.60075,-0.60075,0.0,0.0,-0.60075,0.60075,-0.63825
174.25444102287292,5.456498633286174,-149.66535985073406,40.88900118195697,5.456498633286174,-149.66535985073406,40.88900118195697,-1.2863545312888627e-17,-0.5793760476279324,0.8091346983037568,0.09810420702459338,0.60075,-0.60075,0.0,0.0,-0.60075,0.60075,-0.63825
174.32464241981506,5.456498633286174,-149.66535985073406,40.88900118195697,5.456498633286174,-149.66535985073406,40.88900118195697,-1.2863545312888627e-17,-0.5793760476279324,0.8091346983037568,0.09810420702459338,0.60075,-0.60075,0.0,0.0,-0.60075,0.60075,-0.63825
174.39272785186768,5.4659042701706255,-149.4245084566774,41.76461647418053,5.4659042701706255,-149.4245084566774,41.76461647418053,0.0,-0.5836688473431632,0.8093131197720234,0.06590106832197745,0.60075,-0.60075,0.0,0.0,-0.60075,0.60075,-0.63825
174.51463961601257,6.68269079009508,-149.18700020497946,42.80999697682323,6.68269079009508,-149.18700020497946,42.80999697682323,0.0,-0.6001166195957928,0.7992190563312219,0.03330079401380092,0.60075,-0.60075,0.0,0.0,-0.60075,0.60075,-0.63825
174.59913110733032,6.68269079009508,-149.18700020497946,42.80999697682323,6.68269079009508,-149.18700020497946,42.80999697682323,0.0,-0.6001166195957928,0.7992190563312219,0.03330079401380092,0.60075,-0.60075,0.0,0.0,-0.60075,0.60075,-0.63825
174.7073676586151,7.878657792371371,-148.5806655504675,43.743871281108405,7.878657792371371,-148.5806655504675,43.743871281108405,2.197229258763429e-18,-0.6133352230104362,0.7895049954655556,0.02240014173328492,0.60075,-0.60075,0.0,0.0,-0.60075,0.60075,-0.63825
174.7730963230133,8.645779549738023,-148.5089631319174,43.43245038818578,8.645779549738023,-148.5089631319174,43.43245038818578,0.0,-0.625691968537985,0.7798112200275852,0.020100289205635367,0.60075,-0.60075,0.0,0.0,-0.60075,0.60075,-0.63825
174.86312437057495,8.645779549738023,-148.5089631319174,43.43245038818578,8.645779549738023,-148.5089631319174,43.43245038818578,0.0,-0.625691968537985,0.7798112200275852,0.020100289205635367,0.60075,-0.60075,0.0,0.0,-0.60075,0.60075,-0.63825
174.99370503425598,9.722222610507629,-148.32174397843664,43.86686876428302,9.722222610507629,-148.32174397843664,43.86686876428302,-2.2476247502976345e-18,-0.6355279692425541,0.7718029781203879,0.020600079488572145,0.60075,-0.60075,0.0,0.0,-0.60075,0.60075,-0.63825
175.07808995246887,8.922190458517179,-148.63120684419334,42.36307978623485,8.922190458517179,-148.63120684419334,42.36307978623485,-6.714069399607497e-18,-0.6302237039858498,0.7751141845859765,0.044900821684828215,0.60075,-0.60075,0.0,0.0,-0.60075,0.60075,-0.63825
175.14691424369812,7.7937337617854325,-148.9417462691278,41.904439677693695,7.7937337617854325,-148.9417462691278,41.904439677693695,-8.807639914208973e-18,-0.6116854809037857,0.7878267017607088,0.07190243698476131,0.60075,-0.60075,0.0,0.0,-0.60075,0.60075,-0.63825
175.20779466629028,7.7937337617854325,-148.9417462691278,41.904439677693695,7.7937337617854325,-148.9417462691278,41.904439677693695,-8.807639914208973e-18,-0.6116854809037857,0.7878267017607088,0.07190243698476131,0.60075,-0.60075,0.0,0.0,-0.60075,0.60075,-0.63825
175.27330780029297,6.782123511295794,-149.24668512311501,41.06315673097882,6.782123511295794,-149.24668512311501,41.06315673097882,-4.34483690346264e-18,-0.5955280734268689,0.7985217924264593,0.08780239621170084,0.60075,-0.60075,0.0,0.0,-0.60075,0.60075,-0.63825
175.3893222808838,6.6876409899633416,-149.41777326355535,41.12562193219783,6.6876409899633416,-149.41777326355535,41.12562193219783,0.0,-0.5937448736835782,0.7999250834757646,0.08710273130483698,0.60075,-0.60075,0.0,0.0,-0.60075,0.60075,-0.63825
175.45279455184937,6.6876409899633416,-149.41777326355535,41.12562193219783,6.6876409899633416,-149.41777326355535,41.12562193219783,0.0,-0.5937448736835782,0.7999250834757646,0.08710273130483698,0.60075,-0.60075,0.0,0.0,-0.60075,0.60075,-0.63825
175.5157539844513,6.268143295738952,-149.35320804956106,41.161019922003305,6.268143295738952,-149.35320804956106,41.161019922003305,4.322743701043759e-18,-0.5900165831350422,0.8026029743831192,0.08780032538105886,0.60075,-0.60075,0.0,0.0,-0.60075,0.60075,-0.63825
175.5701186656952,6.268143295738952,-149.35320804956106,41.161019922003305,6.268143295738952,-149.35320804956106,41.161019922003305,4.322743701043759e-18,-0.5900165831350422,0.8026029743831192,0.08780032538105886,0.60075,-0.60075,0.0,0.0,-0.60075,0.60075,-0.63825
175.63884735107422,6.5806191113733234,-149.0254205091032,41.393214222028604,6.5806191113733234,-149.0254205091032,41.393214222028604,2.1624113194967158e-17,-0.5904961301791776,0.8022171639300105,0.08810188499405877,0.60075,-0.60075,0.0,0.0,-0.60075,0.60075,-0.63825
175.7612009048462,6.409919288658216,-149.3132279547578,41.10715750605982,6.409919288658216,-149.3132279547578,41.10715750605982,-4.3232387726834174e-18,-0.5899616699663591,0.8025110650550863,0.08900122715252672,0.60075,-0.60075,0.0,0.0,-0.60075,0.60075,-0.63825
175.8267478942871,6.409919288658216,-149.3132279547578,41.10715750605982,6.409919288658216,-149.3132279547578,41.10715750605982,-4.3232387726834174e-18,-0.5899616699663591,0.8025110650550863,0.08900122715252672,0.60075,-0.60075,0.0,0.0,-0.60075,0.60075,-0.63825
175.90117359161377,6.427941266230022,-149.3549874387968,41.17372592062107,6.427941266230022,-149.3549874387968,41.17372592062107,-1.729069551614888e-17,-0.5897886904306662,0.8026159384307652,0.08920177137805164,0.60075,-0.60075,0.0,0.0,-0.60075,0.60075,-0.63825
175.95208406448364,6.427941266230022,-149.3549874387968,41.17372592062107,6.427941266230022,-149.3549874387968,41.17372592062107,-1.729069551614888e-17,-0.5897886904306662,0.8026159384307652,0.08920177137805164,0.60075,-0.60075,0.0,0.0,-0.60075,0.60075,-0.63825
176.01575326919556,6.356874703766181,-149.4031399115173,41.17928317448173,6.356874703766181,-149.4031399115173,41.17928317448173,2.161027525175255e-17,-0.5895713654534323,0.8027308563948644,0.08960344429174019,0.60075,-0.60075,0.0,0.0,-0.60075,0.60075,-0.63825
176.14677095413208,6.27881365614212,-149.4431374140205,41.02209961097287,6.27881365614212,-149.4431374140205,41.02209961097287,0.0,-0.5894658761714973,0.8027298944617395,0.09030336298728674,0.60075,-0.60075,0.0,0.0,-0.60075,0.60075,-0.63825
176.19623160362244,6.27881365614212,-149.4431374140205,41.02209961097287,6.27881365614212,-149.4431374140205,41.02209961097287,0.0,-0.5894658761714973,0.8027298944617395,0.09030336298728674,0.60075,-0.60075,0.0,0.0,-0.60075,0.60075,-0.63825
176.2732527256012,6.308807159000622,-149.46761574846306,40.99561941215951,6.308807159000622,-149.46761574846306,40.99561941215951,8.643123580730786e-18,-0.5893245699120988,0.802822479523142,0.09040253132647239,0.60075,-0.60075,0.0,0.0,-0.60075,0.60075,-0.63825
176.330468416214,6.308807159000622,-149.46761574846306,40.99561941215951,6.308807159000622,-149.46761574846306,40.99561941215951,8.643123580730786e-18,-0.5893245699120988,0.802822479523142,0.09040253132647239,0.60075,-0.60075,0.0,0.0,-0.60075,0.60075,-0.63825
176.3926477432251,6.2594788964469785,-149.43691923285743,40.99067507771375,6.2594788964469785,-149.43691923285743,40.99067507771375,-8.64325531390781e-18,-0.5893567804884099,0.8028102435828658,0.09030115221167515,0.60075,-0.60075,0.0,0.0,-0.60075,0.60075,-0.63825
176.52596735954285,6.289603634868968,-149.36719841586503,41.06230962114719,6.289603634868968,-149.36719841586503,41.06230962114719,4.322126072245827e-18,-0.5894980499654339,0.8027176657877659,0.090201985117798,0.60075,-0.60075,0.0,0.0,-0.60075,0.60075,-0.63825
176.57903718948364,6.289603634868968,-149.36719841586503,41.06230962114719,6.289603634868968,-149.36719841586503,41.06230962114719,4.322126072245827e-18,-0.5894980499654339,0.8027176657877659,0.090201985117798,0.60075,-0.60075,0.0,0.0,-0.60075,0.60075,-0.63825
176.64290857315063,6.408388354916525,-149.35867443095637,41.14365783541463,6.408388354916525,-149.35867443095637,41.14365783541463,-8.644144261585538e-18,-0.5894535957279834,0.8027276840743602,0.09040311777790228,0.60075,-0.60075,0.0,0.0,-0.60075,0.60075,-0.63825
176.71099162101746,6.408388354916525,-149.35867443095637,41.14365783541463,6.408388354916525,-149.35867443095637,41.14365783541463,-8.644144261585538e-18,-0.5894535957279834,0.8027276840743602,0.09040311777790228,0.60075,-0.60075,0.0,0.0,-0.60075,0.60075,-0.63825
176.77801322937012,6.418321216823131,-149.41791507433138,41.08127286585578,6.418321216823131,-149.41791507433138,41.08127286585578,0.0,-0.5892677089111041,0.8028302788714426,0.09070342089392108,0.60075,-0.60075,0.0,0.0,-0.60075,0.60075,-0.63825
176.8907024860382,6.428321632718166,-149.44200101051888,41.05444267092734,6.428321632718166,-149.44200101051888,41.05444267092734,-1.2962957235975427e-17,-0.5891632673963403,0.8029295064690263,0.09050332586305504,0.60075,-0.60075,0.0,0.0,-0.60075,0.60075,-0.63825
176.95009636878967,6.428321632718166,-149.44200101051888,41.05444267092734,6.428321632718166,-149.44200101051888,41.05444267092734,-1.2962957235975427e-17,-0.5891632673963403,0.8029295064690263,0.09050332586305504,0.60075,-0.60075,0.0,0.0,-0.60075,0.60075,-0.63825
177.02551913261414,6.370309608806139,-149.37556699290977,41.01417945712191,6.370309608806139,-149.37556699290977,41.01417945712191,0.0,-0.5892999731620945,0.802818044533403,0.09060203641595205,0.60075,-0.60075,0.0,0.0,-0.60075,0.60075,-0.63825
177.07381129264832,6.370309608806139,-149.37556699290977,41.01417945712191,6.370309608806139,-149.37556699290977,41.01417945712191,0.0,-0.5892999731620945,0.802818044533403,0.09060203641595205,0.60075,-0.60075,0.0,0.0,-0.60075,0.60075,-0.63825
177.14520931243896,6.320251592582508,-149.36196123033966,41.031760078175765,6.320251592582508,-149.36196123033966,41.031760078175765,-8.643219197012523e-18,-0.5892753237486433,0.8028135982372883,0.09080153801687316,0.60075,-0.60075,0.0,0.0,-0.60075,0.60075,-0.63825
177.26453471183777,6.32914963314596,-149.36390382196052,41.09272770246871,6.32914963314596,-149.36390382196052,41.09272770246871,2.1605377787114128e-17,-0.5891709300755853,0.8029128178501145,0.09060144637840373,0.60075,-0.60075,0.0,0.0,-0.60075,0.60075,-0.63825
177.33296060562134,6.32914963314596,-149.36390382196052,41.09272770246871,6.32914963314596,-149.36390382196052,41.09272770246871,2.1605377787114128e-17,-0.5891709300755853,0.8029128178501145,0.09060144637840373,0.60075,-0.60075,0.0,0.0,-0.60075,0.60075,-0.63825
177.39318895339966,6.307625612440802,-149.40895789990404,41.12887803570844,6.307625612440802,-149.40895789990404,41.12887803570844,-2.5922854725152037e-17,-0.5890341780488785,0.8030242784767062,0.09050273624177076,0.60075,-0.60075,0.0,0.0,-0.60075,0.60075,-0.63825
177.45723581314087,6.307625612440802,-149.40895789990404,41.12887803570844,6.307625612440802,-149.40895789990404,41.12887803570844,-2.5922854725152037e-17,-0.5890341780488785,0.8030242784767062,0.09050273624177076,0.60075,-0.60075,0.0,0.0,-0.60075,0.60075,-0.63825
177.51844835281372,6.396210295251365,-149.45752996505536,41.15704731788398,6.396210295251365,-149.45752996505536,41.15704731788398,8.639908151409023e-18,-0.588917356040027,0.8031212580397181,0.09040239288605469,0.60075,-0.60075,0.0,0.0,-0.60075,0.60075,-0.63825
177.64265894889832,6.496532862077146,-149.40316710569303,41.20154520668153,6.496532862077146,-149.40316710569303,41.20154520668153,1.728003253138e-17,-0.5889619001328721,0.8031112084200551,0.0902012588712352,0.60075,-0.60075,0.0,0.0,-0.60075,0.60075,-0.63825
177.70650672912598,6.496532862077146,-149.40316710569303,41.20154520668153,6.496532862077146,-149.40316710569303,41.20154520668153,1.728003253138e-17,-0.5889619001328721,0.8031112084200551,0.0902012588712352,0.60075,-0.60075,0.0,0.0,-0.60075,0.60075,-0.63825
177.77308869361877,6.406932719989811,-149.4167456740874,41.16170255342788,6.406932719989811,-149.4167456740874,41.16170255342788,8.64006404207769e-18,-0.5889373670016163,0.8031067675094015,0.09040076177667775,0.60075,-0.60075,0.0,0.0,-0.60075,0.60075,-0.63825
177.82502794265747,6.406932719989811,-149.4167456740874,41.16170255342788,6.406932719989811,-149.4167456740874,41.16170255342788,8.64006404207769e-18,-0.5889373670016163,0.8031067675094015,0.09040076177667775,0.60075,-0.60075,0.0,0.0,-0.60075,0.60075,-0.63825
177.89305305480957,6.318292100430682,-149.4749975273035,41.01696291766399,6.318292100430682,-149.4749975273035,41.01696291766399,4.3200020184807884e-18,-0.5888681241630742,0.8031123451126791,0.09080139576171246,0.60075,-0.60075,0.0,0.0,-0.60075,0.60075,-0.63825
178.01651692390442,6.279186277803689,-149.48237151162266,40.95682674725111,6.279186277803689,-149.48237151162266,40.95682674725111,-8.639920284487387e-18,-0.5888110311394587,0.8031201302129742,0.09110228347951929,0.34875,-0.16600000000000004,-0.16925,0.176,-0.342,0.17275000000000001,-0.63825
178.07697701454163,6.279186277803689,-149.48237151162266,40.95682674725111,6.279186277803689,-149.48237151162266,40.95682674725111,-8.639920284487387e-18,-0.5888110311394587,0.8031201302129742,0.09110228347951929,0.28025000000000005,1.3215,0.32025,0.64075,0.68075,-0.3605,-0.63825
178.15049815177917,6.226931255743466,-149.47225853403918,41.095992620775775,6.226931255743466,-149.47225853403918,41.095992620775775,-2.159713260019506e-17,-0.5887066089047578,0.8032193477207894,0.09090218962626961,0.33825000000000005,1.3285,0.38525,0.64075,0.68775,-0.3025,-0.63825
178.2007932662964,6.226931255743466,-149.47225853403918,41.095992620775775,6.226931255743466,-149.47225853403918,41.095992620775775,-2.159713260019506e-17,-0.5887066089047578,0.8032193477207894,0.09090218962626961,0.3410000000000001,0.5005000000000001,2.14,-0.64925,1.14975,0.9902500000000001,-0.63825
178.28350257873535,6.307264608019068,-149.44139301348176,41.11313532047226,6.307264608019068,-149.44139301348176,41.11313532047226,1.2958207411990047e-17,-0.5887312776526126,0.8032238198495071,0.09070268981617317,-0.040000000000000036,0.040000000000000036,2.2195,-1.10975,1.14975,1.06975,-0.63825
178.39511847496033,6.319529583739069,-149.42683145749513,41.00027464770342,6.319529583739069,-149.42683145749513,41.00027464770342,-2.159713260019506e-17,-0.5887066089047578,0.8032193477207894,0.09090218962626961,-0.040000000000000036,0.040000000000000036,2.2195,-1.10975,1.14975,1.06975,-0.63825
178.45743346214294,6.319529583739069,-149.42683145749513,41.00027464770342,6.319529583739069,-149.42683145749513,41.00027464770342,-2.159713260019506e-17,-0.5887066089047578,0.8032193477207894,0.09090218962626961,-0.040000000000000036,0.040000000000000036,2.2195,-1.10975,1.14975,1.06975,-0.63825
178.60845017433167,6.319521838912493,-149.37905198337518,41.054285033675384,6.319521838912493,-149.37905198337518,41.054285033675384,-2.159713260019506e-17,-0.5887066089047578,0.8032193477207894,0.09090218962626961,0.52725,0.896,0.47475,0.47425,0.42175,0.053,-0.63825
178.698584318161,6.377379392781279,-149.3963467300595,41.158464663149886,6.377379392781279,-149.3963467300595,41.158464663149886,-4.3188931171155986e-18,-0.5886021058218038,0.8033185489597641,0.09070209434912309,0.60075,-0.60075,0.0,0.0,-0.60075,0.60075,-0.63825
178.78303241729736,6.337622987712535,-149.4573259714066,41.0753926439091,6.337622987712535,-149.4573259714066,41.0753926439091,-1.295498978078866e-17,-0.5884281474962855,0.8034233165737948,0.09090263813362953,0.60075,-0.60075,0.0,0.0,-0.60075,0.60075,-0.63825
178.89438128471375,6.269983169567098,-149.40604011521214,40.99668676131034,6.269983169567098,-149.40604011521214,40.99668676131034,-4.318941328056265e-18,-0.5885527230761375,0.8033095817754566,0.09110108664228071,0.60075,-0.60075,0.0,0.0,-0.60075,0.60075,-0.63825
178.9834485054016,6.269983169567098,-149.40604011521214,40.99668676131034,6.269983169567098,-149.40604011521214,40.99668676131034,-4.318941328056265e-18,-0.5885527230761375,0.8033095817754566,0.09110108664228071,0.60075,-0.60075,0.0,0.0,-0.60075,0.60075,-0.63825
179.07926893234253,6.240727165205158,-149.41225050185395,40.94663161865213,6.240727165205158,-149.41225050185395,40.94663161865213,2.1594437049708022e-17,-0.5885078643400763,0.8033196105013825,0.09130222885444567,0.60075,-0.60075,0.0,0.0,-0.60075,0.60075,-0.63825
179.15127277374268,6.220301647418296,-149.45555818730415,40.92198932565644,6.220301647418296,-149.45555818730415,40.92198932565644,-2.1594046378052535e-17,-0.5884877693473046,0.8033341438684332,0.09130388066125726,0.60075,-0.60075,0.0,0.0,-0.60075,0.60075,-0.63825
179.20059943199158,6.220301647418296,-149.45555818730415,40.92198932565644,6.220301647418296,-149.45555818730415,40.92198932565644,-2.1594046378052535e-17,-0.5884877693473046,0.8033341438684332,0.09130388066125726,0.60075,-0.60075,0.0,0.0,-0.60075,0.60075,-0.63825
179.36437606811523,6.287425991098814,-149.4901398861515,41.04886890868811,6.287425991098814,-149.4901398861515,41.04886890868811,-1.2953571779479954e-17,-0.5882618232199872,0.8035112656996222,0.09120127869546428,0.60075,-0.60075,0.0,0.0,-0.60075,0.60075,-0.63825
179.45175075531006,6.287425991098814,-149.4901398861515,41.04886890868811,6.287425991098814,-149.4901398861515,41.04886890868811,-1.2953571779479954e-17,-0.5882618232199872,0.8035112656996222,0.09120127869546428,0.60075,-0.60075,0.0,0.0,-0.60075,0.60075,-0.63825
179.51796698570251,6.28887775361224,-149.4081789059605,41.05782938366083,6.28887775361224,-149.4081789059605,41.05782938366083,1.7273680582162333e-17,-0.5884359013687783,0.803406531792961,0.09100073984709915,0.60075,-0.60075,0.0,0.0,-0.60075,0.60075,-0.63825
179.57764387130737,6.28887775361224,-149.4081789059605,41.05782938366083,6.28887775361224,-149.4081789059605,41.05782938366083,1.7273680582162333e-17,-0.5884359013687783,0.803406531792961,0.09100073984709915,0.60075,-0.60075,0.0,0.0,-0.60075,0.60075,-0.63825
179.64310312271118,6.299084703885796,-149.35069045764547,41.11065831963764,6.299084703885796,-149.35069045764547,41.11065831963764,-1.2956553448589532e-17,-0.5885450058405071,0.8033263550496069,0.09100298557141069,0.7957500000000001,-0.5297499999999999,0.514,-0.124,-0.40575,0.9197500000000001,-0.63825
179.76482582092285,6.239188486636891,-149.4099175039326,41.03714233397889,6.239188486636891,-149.4099175039326,41.03714233397889,4.3183540798794684e-18,-0.5884034296577141,0.8034188229535942,0.09110213439267166,-0.03424999999999989,-0.00649999999999995,2.17875,-1.10975,1.10325,1.0755000000000001,-0.63825
179.86691904067993,6.239188486636891,-149.4099175039326,41.03714233397889,6.239188486636891,-149.4099175039326,41.03714233397889,4.3183540798794684e-18,-0.5884034296577141,0.8034188229535942,0.09110213439267166,0.08299999999999974,0.13074999999999992,4.406750000000001,-2.0965000000000003,2.22725,2.1795,-0.63825
179.95241832733154,6.1989166071032,-149.45419258793262,41.00224401517101,6.1989166071032,-149.45419258793262,41.00224401517101,-2.1591561194676423e-17,-0.5883461337696071,0.8034266074305537,0.09140302703404607,0.13549999999999995,0.0860000000000003,7.0695,-3.424,3.5100000000000002,3.5595,-0.63825
180.01619172096252,6.277933304842179,-149.43497863319115,41.081535789155595,6.277933304842179,-149.43497863319115,41.081535789155595,-8.635655243143683e-18,-0.5881920366400026,0.8035167811286115,0.09160191306954672,0.15525000000000055,0.10875000000000057,9.2695,-4.50275,4.6115,4.658,-0.63825
180.07722234725952,6.277933304842179,-149.43497863319115,41.081535789155595,6.277933304842179,-149.43497863319115,41.081535789155595,-8.635655243143683e-18,-0.5881920366400026,0.8035167811286115,0.09160191306954672,0.10250000000000004,0.0887500000000001,11.39325,-5.601,5.68975,5.7035,-0.63825
180.25234699249268,5.951937524393003,-149.47648354584194,40.79974846979012,5.951937524393003,-149.47648354584194,40.79974846979012,-1.725382046207898e-17,-0.5865691976262265,0.804331298005304,0.09480368898533237,-0.6630000000000003,0.5982500000000002,17.65625,-8.8605,9.45875,8.1975,-0.63825
180.33043789863586,6.068473174268689,-149.6021660013473,40.859106389954036,6.068473174268689,-149.6021660013473,40.859106389954036,4.307573396350764e-18,-0.5840563632877022,0.8054295615468368,0.10080369978137715,-0.8827500000000006,0.5844999999999985,15.905249999999999,-8.101750000000001,8.68625,7.219,-0.63825
180.4039270877838,5.8378384101719405,-149.71030312268934,40.76958561818631,5.8378384101719405,-149.71030312268934,40.76958561818631,2.583029819844752e-17,-0.5831090164315307,0.805901718663582,0.10250021859165798,-0.9064999999999994,0.5762499999999999,14.94275,-7.6365,8.21275,6.73,-0.63825
180.45027804374695,5.8378384101719405,-149.71030312268934,40.76958561818631,5.8378384101719405,-149.71030312268934,40.76958561818631,2.583029819844752e-17,-0.5831090164315307,0.805901718663582,0.10250021859165798,-0.6985000000000001,0.6635,13.318,-6.6765,7.34,5.978,-0.63825
180.52930688858032,6.01827230524168,-149.61109017903226,40.85958784771903,6.01827230524168,-149.61109017903226,40.85958784771903,-4.305535222758319e-18,-0.5833569852867241,0.8058108394084698,0.1018013693866744,-0.6845000000000008,0.6769999999999996,11.097999999999999,-5.5527500000000005,6.22975,4.86825,-0.63825
180.67399907112122,6.079346196637118,-149.5866312442442,40.82685040281484,6.079346196637118,-149.5866312442442,40.82685040281484,4.3060530895379965e-18,-0.5834733036580069,0.8057139286979523,0.10190176161638494,-1.028,0.13775000000000004,5.48725,-3.18875,3.3265000000000002,2.16075,-0.63825
180.76350688934326,6.079346196637118,-149.5866312442442,40.82685040281484,6.079346196637118,-149.5866312442442,40.82685040281484,4.3060530895379965e-18,-0.5834733036580069,0.8057139286979523,0.10190176161638494,0.39525,0.0615,0.86775,-0.20550000000000002,0.267,0.60075,-0.63825
180.8363811969757,5.9906978322514135,-149.59710362334036,40.73612115302291,5.9906978322514135,-149.59710362334036,40.73612115302291,1.2919828065936256e-17,-0.583651962452362,0.8056098581762811,0.10170124450909601,0.60075,-0.60075,0.0,0.0,-0.60075,0.60075,-0.63825
180.88590359687805,5.9906978322514135,-149.59710362334036,40.73612115302291,5.9906978322514135,-149.59710362334036,40.73612115302291,1.2919828065936256e-17,-0.583651962452362,0.8056098581762811,0.10170124450909601,0.60075,-0.60075,0.0,0.0,-0.60075,0.60075,-0.63825
180.95992946624756,5.881322754818939,-149.600384620157,40.69457205560148,5.881322754818939,-149.600384620157,40.69457205560148,-8.614227244186843e-18,-0.5837820029331247,0.8055155392597539,0.1017019619400583,0.48000000000000004,-0.551,-0.09399999999999997,0.0115,-0.5625,0.4685,-0.63825
181.08851528167725,5.863086498042122,-149.5924200465006,40.60235489610695,5.863086498042122,-149.5924200465006,40.60235489610695,-1.292297984937509e-17,-0.583870657518174,0.8054133781199196,0.10200169427394068,0.28025000000000005,1.3215,0.32025,0.64075,0.68075,-0.3605,-0.63825
181.17092943191528,5.863086498042122,-149.5924200465006,40.60235489610695,5.863086498042122,-149.5924200465006,40.60235489610695,-1.292297984937509e-17,-0.583870657518174,0.8054133781199196,0.10200169427394068,0.28025000000000005,1.3215,0.32025,0.64075,0.68075,-0.3605,-0.63825
181.2632384300232,5.913723670305785,-149.56368552217035,40.59916054223658,5.913723670305785,-149.56368552217035,40.59916054223658,1.723233836295749e-17,-0.5839796970451654,0.805333989822649,0.10200430518056652,0.28025000000000005,1.3215,0.32025,0.64075,0.68075,-0.3605,-0.63825
181.33176016807556,6.001705962596617,-149.51125945186223,40.77497471514452,6.001705962596617,-149.51125945186223,40.77497471514452,4.307576393526453e-18,-0.5839532717976343,0.8054290011356728,0.10140365124802238,0.21125000000000005,1.3330000000000002,0.26275000000000004,0.64075,0.69225,-0.4295,-0.63825
181.3868691921234,6.001705962596617,-149.51125945186223,40.77497471514452,6.001705962596617,-149.51125945186223,40.77497471514452,4.307576393526453e-18,-0.5839532717976343,0.8054290011356728,0.10140365124802238,-0.040000000000000036,3.20775,0.6047499999999999,1.2815,1.92625,-1.3215000000000001,-0.63825
181.519549369812,6.0015631097932385,-149.5337893921173,40.75787555185566,6.0015631097932385,-149.5337893921173,40.75787555185566,-4.307124162034328e-18,-0.583871652510319,0.80551356808691,0.10120170464356958,-0.1905000000000001,7.906000000000001,0.5855000000000001,3.565,4.341,-3.7555,-0.63825
181.58540725708008,5.961441827889502,-149.60331400998217,40.686066010364684,5.961441827889502,-149.60331400998217,40.686066010364684,-4.307099690073877e-18,-0.5837957633334512,0.8055181448317265,0.10160228865909801,-0.5220000000000002,10.57475,0.3302499999999995,4.86125,5.7135,-5.38325,-0.63825
181.67542219161987,5.961441827889502,-149.60331400998217,40.686066010364684,5.961441827889502,-149.60331400998217,40.686066010364684,-4.307099690073877e-18,-0.5837957633334512,0.8055181448317265,0.10160228865909801,-0.40800000000000036,13.51225,0.58725,6.2585,7.25375,-6.6665,-0.63825
181.71375465393066,5.9404255368227155,-149.61729277115285,40.72805302914346,5.9404255368227155,-149.61729277115285,40.72805302914346,0.0,-0.5834878254793757,0.8058166882023595,0.10100209172057376,-0.6202500000000004,18.659750000000003,0.588000000000001,8.72575,9.934000000000001,-9.346,-0.63825
181.77163314819336,5.9404255368227155,-149.61729277115285,40.72805302914346,5.9404255368227155,-149.61729277115285,40.72805302914346,0.0,-0.5834878254793757,0.8058166882023595,0.10100209172057376,-0.9434999999999985,20.16925,0.8577500000000011,9.184000000000001,10.98525,-10.1275,-0.63825
181.89018201828003,5.967696958273137,-149.81034182741732,41.23951009620527,5.967696958273137,-149.81034182741732,41.23951009620527,4.292228796821848e-18,-0.5806459086645125,0.8083089500081035,0.0974010784743156,-0.71875,28.08575,0.7495000000000012,13.30875,14.777000000000001,-14.0275,-0.63825
181.96638917922974,5.352401791240112,-149.6937037954667,40.51784020842523,5.352401791240112,-149.6937037954667,40.51784020842523,-8.570533430409206e-18,-0.5787118541307623,0.8096221734912393,0.09800268404414708,0.08549999999999969,29.1245,0.5150000000000006,14.3475,14.777000000000001,-14.262,-0.63825
182.05510330200195,5.352401791240112,-149.6937037954667,40.51784020842523,5.352401791240112,-149.6937037954667,40.51784020842523,-8.570533430409206e-18,-0.5787118541307623,0.8096221734912393,0.09800268404414708,0.08549999999999969,29.1245,0.5150000000000006,14.3475,14.777000000000001,-14.262,-0.63825
182.14344143867493,5.411120334342428,-149.5997086376805,40.697609624646915,5.411120334342428,-149.5997086376805,40.697609624646915,-8.565294578971424e-18,-0.5781872066674423,0.8101173684023482,0.09700207966303885,0.17650000000000077,26.439500000000002,0.7279999999999998,12.944,13.4955,-12.7675,-0.63825
182.20471143722534,5.546479141861653,-149.73879485406178,40.809560585516884,5.546479141861653,-149.73879485406178,40.809560585516884,-2.5692504480669758e-17,-0.5779198428466528,0.8102239206529481,0.09770288453195879,0.6822499999999998,24.40625,1.3960000000000008,11.84625,12.56,-11.164,-0.63825
182.33649230003357,5.456149246104303,-149.7694641754917,40.79224288776285,5.456149246104303,-149.7694641754917,40.79224288776285,4.2815747080518946e-18,-0.5778016570538375,0.8103203116902294,0.09760244652717066,0.33699999999999974,15.38775,1.7062500000000007,7.00925,8.3785,-6.67225,-0.63825
182.3934428691864,5.456149246104303,-149.7694641754917,40.79224288776285,5.456149246104303,-149.7694641754917,40.79224288776285,4.2815747080518946e-18,-0.5778016570538375,0.8103203116902294,0.09760244652717066,-0.14275000000000038,10.064,1.6077500000000002,4.15675,5.90725,-4.2995,-0.63825
182.45143699645996,5.458124227909252,-149.75198682676773,40.699019276330716,5.458124227909252,-149.75198682676773,40.699019276330716,4.284743744752526e-18,-0.5785057081845589,0.8097209911800684,0.0984025509844618,-0.26975000000000016,7.929500000000001,1.49025,3.08475,4.84475,-3.3545000000000003,-0.63825
182.51640844345093,5.458124227909252,-149.75198682676773,40.699019276330716,5.458124227909252,-149.75198682676773,40.699019276330716,4.284743744752526e-18,-0.5785057081845589,0.8097209911800684,0.0984025509844618,0.11650000000000005,5.6442499999999995,1.7387499999999998,2.011,3.63325,-1.8945,-0.63825
182.5788733959198,5.608433384557003,-149.72249470010306,40.717386962429984,5.608433384557003,-149.72249470010306,40.717386962429984,1.7155884948344447e-17,-0.5794161355546007,0.8089228768786813,0.09960281683411623,0.28049999999999997,1.4595,0.562,0.589,0.8705,-0.3085,-0.63825
182.7019636631012,5.638934617053877,-149.7158977177728,40.696743449155676,5.638934617053877,-149.7158977177728,40.696743449155676,-1.7166360069796197e-17,-0.579949262099588,0.8084292623124044,0.10050363788025317,0.60075,-0.60075,0.0,0.0,-0.60075,0.60075,-0.63825
182.76709985733032,5.638934617053877,-149.7158977177728,40.696743449155676,5.638934617053877,-149.7158977177728,40.696743449155676,-1.7166360069796197e-17,-0.579949262099588,0.8084292623124044,0.10050363788025317,0.60075,-0.60075,0.0,0.0,-0.60075,0.60075,-0.63825
182.85428309440613,5.578883929761787,-149.7259854931351,40.687143879166,5.578883929761787,-149.7259854931351,40.687143879166,8.585395649580923e-18,-0.5802054817991431,0.8082206327026915,0.10070257079084512,0.56225,-0.6005,-0.038250000000000006,0.0,-0.6005,0.56225,-0.63825
182.89310908317566,5.578883929761787,-149.7259854931351,40.687143879166,5.578883929761787,-149.7259854931351,40.687143879166,8.585395649580923e-18,-0.5802054817991431,0.8082206327026915,0.10070257079084512,0.29925000000000007,0.9480000000000001,0.048750000000000016,0.5992500000000001,0.34875,-0.3,-0.63825
182.9534204006195,5.62105549228545,-149.65160829347872,40.64727419788329,5.62105549228545,-149.65160829347872,40.64727419788329,4.293739076724025e-18,-0.5804261938788132,0.8080246353955637,0.10100307942444545,0.6255,1.39175,1.32375,0.34675,1.045,0.27875,-0.63825
183.07396006584167,5.652294223278858,-149.67570003223287,40.55009534313741,5.652294223278858,-149.67570003223287,40.55009534313741,0.0,-0.5803715273802899,0.8080139693578975,0.10140175308526087,-0.94625,0.4670000000000001,3.86825,-2.17375,2.64075,1.2275,-0.63825
183.14026021957397,5.652294223278858,-149.67570003223287,40.55009534313741,5.652294223278858,-149.67570003223287,40.55009534313741,0.0,-0.5803715273802899,0.8080139693578975,0.10140175308526087,-0.897,0.8927499999999999,5.26175,-2.633,3.52575,1.736,-0.63825
183.20343947410583,5.589336138546599,-149.82582003091719,40.549580016188266,5.589336138546599,-149.82582003091719,40.549580016188266,-8.585325267538739e-18,-0.5800391731400077,0.8082272584526653,0.10160342669981533,-2.64425,-0.06475000000000009,8.0135,-5.36125,5.2965,2.717,-0.63825
183.263365983963,5.589336138546599,-149.82582003091719,40.549580016188266,5.589336138546599,-149.82582003091719,40.549580016188266,-8.585325267538739e-18,-0.5800391731400077,0.8082272584526653,0.10160342669981533,-3.8125,2.0797499999999998,11.097249999999999,-6.415,8.49475,2.6025,-0.63825
183.32712483406067,5.5484773581463,-149.86465592769764,40.55430581616886,5.5484773581463,-149.86465592769764,40.55430581616886,0.0,-0.5798671211321245,0.8083131655319062,0.10190165973982587,-5.254250000000001,2.1734999999999998,11.63625,-7.3585,9.532,2.10425,-0.63825
183.45118713378906,5.648570156113863,-149.74852903047807,40.68117573197704,5.648570156113863,-149.74852903047807,40.68117573197704,-2.146081764753008e-17,-0.579908327543003,0.8083212412815295,0.10160266994210493,-8.963999999999999,1.8375000000000004,14.8845,-11.0055,12.843,2.0415,-0.63825
183.5161530971527,5.648570156113863,-149.74852903047807,40.68117573197704,5.648570156113863,-149.74852903047807,40.68117573197704,-2.146081764753008e-17,-0.579908327543003,0.8083212412815295,0.10160266994210493,-11.3935,1.8217499999999998,15.40525,-12.4885,14.31025,1.095,-0.63825
183.57786583900452,5.668190621415761,-149.70968733113097,40.74679859181389,5.668190621415761,-149.70968733113097,40.74679859181389,4.29160763452074e-18,-0.5798322138190505,0.8084259437060727,0.10120324777715799,-14.23225,3.259500000000001,19.60675,-15.28975,18.54925,1.0575,-0.63825
183.64396858215332,5.668190621415761,-149.70968733113097,40.74679859181389,5.668190621415761,-149.70968733113097,40.74679859181389,4.29160763452074e-18,-0.5798322138190505,0.8084259437060727,0.10120324777715799,-15.517499999999998,3.513250000000003,21.394250000000003,-16.69925,20.212500000000002,1.18175,-0.63825
183.70708203315735,5.6082905317536245,-149.74502464035814,40.70028779914112,5.6082905317536245,-149.74502464035814,40.70028779914112,-8.577926126567652e-18,-0.5792237761954826,0.8089244185043756,0.10070303986078703,-16.51125,5.148,24.712249999999997,-18.03775,23.18575,1.5265,-0.63825
183.83314609527588,5.567646030558365,-149.75006562675597,40.730662344055006,5.567646030558365,-149.75006562675597,40.730662344055006,-1.7145235514217468e-17,-0.5786276939259197,0.8094253238053496,0.10010313184200087,-17.218999999999998,10.252000000000002,30.788500000000003,-18.87775,29.12975,1.65875,-0.63825
183.89870357513428,5.567646030558365,-149.75006562675597,40.730662344055006,5.567646030558365,-149.75006562675597,40.730662344055006,-1.7145235514217468e-17,-0.5786276939259197,0.8094253238053496,0.10010313184200087,-19.120250000000002,11.0395,34.74575,-21.41325,32.45275,2.293,-0.63825
184.01192712783813,5.517227009913,-149.76889497776358,40.732500249872686,5.517227009913,-149.76889497776358,40.732500249872686,-1.2854167732811617e-17,-0.5782255797922387,0.8097249913187656,0.10000308649114063,-20.449,14.380999999999997,36.58,-21.324,35.705,0.875,-0.63825
184.07963013648987,5.45768792467257,-149.77179717341303,40.70173217243609,5.45768792467257,-149.77179717341303,40.70173217243609,1.7130868769710434e-17,-0.577520708633996,0.8101041455849665,0.10100051685481007,-21.152749999999997,19.945000000000004,32.43325,-16.8205,36.7655,-4.33225,-0.63825
184.1430902481079,5.45768792467257,-149.77179717341303,40.70173217243609,5.45768792467257,-149.77179717341303,40.70173217243609,1.7130868769710434e-17,-0.577520708633996,0.8101041455849665,0.10100051685481007,-21.152749999999997,30.57475,29.663000000000004,-10.1205,40.69525,-11.03225,-0.63825
184.27435779571533,5.468707672257608,-149.75762221311481,40.65957015559977,5.468707672257608,-149.75762221311481,40.65957015559977,-8.561997192000418e-18,-0.5767457384766883,0.8104293599150355,0.1028037243327562,-21.6935,45.452000000000005,22.671000000000003,0.5437500000000001,44.90825,-22.23725,-0.63825
184.38763427734375,5.573165518725432,-149.69684315480444,41.04647384436768,5.573165518725432,-149.69684315480444,41.04647384436768,-3.418532069629458e-17,-0.5742730793677268,0.8119150281552688,0.10490194168430556,-22.48675,50.13025,23.0525,2.2955,47.83475,-24.78225,-0.63825
184.45058417320251,5.167672417791863,-149.95586549838927,40.4905217145767,5.167672417791863,-149.95586549838927,40.4905217145767,2.5616607637965796e-17,-0.5729175993338157,0.8126244507438114,0.10680321356071754,-22.0635,51.35175,22.76425,3.262,48.08975,-25.3255,-0.63825
184.51934504508972,5.167672417791863,-149.95586549838927,40.4905217145767,5.167672417791863,-149.95586549838927,40.4905217145767,2.5616607637965796e-17,-0.5729175993338157,0.8126244507438114,0.10680321356071754,-21.796,49.23225,22.58275,2.42675,46.8055,-24.22275,-0.63825
184.5851113796234,5.186348850218707,-149.96790946246034,40.55302078497988,5.186348850218707,-149.96790946246034,40.55302078497988,0.0,-0.5725660839786197,0.8127137774165497,0.10800183088592018,-21.16075,46.099250000000005,22.259000000000004,1.33975,44.7595,-22.5005,-0.63825
184.71244621276855,5.177010634005285,-149.96188748042482,40.5217712497783,5.177010634005285,-149.96188748042482,40.5217712497783,-2.560687502533514e-17,-0.5721592577244673,0.8129333115081752,0.10850444617866531,-20.205000000000002,33.889,24.7545,-5.5352500000000004,39.42425,-14.66975,-0.63825
184.79865980148315,5.177010634005285,-149.96188748042482,40.5217712497783,5.177010634005285,-149.96188748042482,40.5217712497783,-2.560687502533514e-17,-0.5721592577244673,0.8129333115081752,0.10850444617866531,-20.305,25.05475,28.420250000000003,-11.83525,36.89,-8.46975,-0.63825
184.84594702720642,5.197955498670353,-149.9591736893817,40.47123464935508,5.197955498670353,-149.9591736893817,40.47123464935508,-4.2694145129734836e-18,-0.5725356080437756,0.8126282752379734,0.10880378580592115,-19.3945,17.452250000000003,33.070750000000004,-17.5065,34.95875,-1.8880000000000001,-0.63825
184.92749500274658,5.197955498670353,-149.9591736893817,40.47123464935508,5.197955498670353,-149.9591736893817,40.47123464935508,-4.2694145129734836e-18,-0.5725356080437756,0.8126282752379734,0.10880378580592115,-18.070500000000003,11.15925,30.77375,-18.8425,30.00175,0.772,-0.63825
185.02303338050842,5.472603715252291,-150.08294273939654,40.64371531316065,5.472603715252291,-150.08294273939654,40.64371531316065,8.552686558004516e-18,-0.5740564091223449,0.8113116103165352,0.11060158276963984,-12.5605,11.101500000000001,25.648,-13.5535,24.655,0.993,-0.63825
185.15568327903748,5.424420131405583,-149.64244513344798,40.46139635802628,5.424420131405583,-149.64244513344798,40.46139635802628,1.7138980932015166e-17,-0.5766027784608584,0.8097207099338742,0.10900278792490094,-5.7215,8.998000000000001,23.278000000000002,-10.00075,18.99875,4.27925,-0.63825
185.26611709594727,5.389555866541883,-149.8471455822313,40.50916883235436,5.389555866541883,-149.8471455822313,40.50916883235436,8.565101586589799e-18,-0.5760759883237029,0.8101356222991339,0.10870477983448447,3.9287500000000004,8.703,20.53225,-3.95025,12.65325,7.8790000000000004,-0.63825
185.33277988433838,5.38993236061674,-149.9102694168934,40.41689077564662,5.38993236061674,-149.9102694168934,40.41689077564662,2.5695925643350415e-17,-0.5761793430578629,0.8101160472150035,0.10830214530722737,11.815,6.18725,17.53425,0.234,5.95325,11.581,-0.63825
185.40642714500427,5.38993236061674,-149.9102694168934,40.41689077564662,5.38993236061674,-149.9102694168934,40.41689077564662,2.5695925643350415e-17,-0.5761793430578629,0.8101160472150035,0.10830214530722737,13.900500000000001,1.5042499999999999,11.87175,1.7665,-0.26225,12.134,-0.63825
185.51495337486267,5.4610742218955295,-149.87474171110534,40.3928779104444,5.4610742218955295,-149.87474171110534,40.3928779104444,1.7132766257748508e-17,-0.5761713264730679,0.810014424934914,0.10910194291407298,19.5915,2.2660000000000005,10.633000000000001,5.61225,-3.34625,13.97925,-0.63825
185.64737677574158,5.510097416776006,-149.8310494219213,40.49864988324235,5.510097416776006,-149.8310494219213,40.49864988324235,2.5699218490976994e-17,-0.5760605055706061,0.8100122468327364,0.10970165861426073,29.088250000000002,2.23175,10.605,10.3575,-8.12575,18.73075,-0.63825
185.7030918598175,5.507832856951012,-149.86969691409547,40.58468036108275,5.507832856951012,-149.86969691409547,40.58468036108275,0.0,-0.5753777952634332,0.8104158359995333,0.11030215536864327,34.646,1.804499999999999,10.790000000000001,12.83025,-11.02575,21.81575,-0.63825
185.76514387130737,5.507832856951012,-149.86969691409547,40.58468036108275,5.507832856951012,-149.86969691409547,40.58468036108275,0.0,-0.5753777952634332,0.8104158359995333,0.11030215536864327,38.3085,3.849500000000001,10.312500000000002,15.92275,-12.07325,22.38575,-0.63825
185.84007000923157,5.484312769411929,-150.25405989267006,40.354437215292435,5.484312769411929,-150.25405989267006,40.354437215292435,0.0,-0.5721704924702276,0.8122147306048947,0.11370206213959186,40.037000000000006,1.5357500000000002,6.270250000000001,17.65125,-16.1155,22.38575,-0.63825
185.8849642276764,5.484312769411929,-150.25405989267006,40.354437215292435,5.484312769411929,-150.25405989267006,40.354437215292435,0.0,-0.5721704924702276,0.8122147306048947,0.11370206213959186,42.6455,3.2787499999999987,5.27825,20.323,-17.04425,22.3225,-0.63825
186.0120096206665,5.114579640977837,-150.20038084763613,40.3920666434383,5.114579640977837,-150.20038084763613,40.3920666434383,-2.5610985823992292e-17,-0.5715134590354641,0.8128028282386803,0.1128003925016279,44.210499999999996,1.1834999999999987,-0.8185000000000002,23.10625,-21.92275,21.10425,-0.63825
186.08585166931152,5.095820164909441,-150.12793264251272,40.402033570348635,5.095820164909441,-150.12793264251272,40.402033570348635,-3.4155668222752796e-17,-0.5715947680099521,0.8126198976584372,0.11370278410505083,44.83,2.814499999999999,-4.100000000000001,25.87225,-23.057750000000002,18.95775,-0.63825
186.15008687973022,5.095820164909441,-150.12793264251272,40.402033570348635,5.095820164909441,-150.12793264251272,40.402033570348635,-3.4155668222752796e-17,-0.5715947680099521,0.8126198976584372,0.11370278410505083,45.87625,3.2575000000000003,-6.885749999999998,28.00975,-24.75225,17.866500000000002,-0.63825
186.2616970539093,5.074653276212757,-150.11666186981853,40.480931811810514,5.074653276212757,-150.11666186981853,40.480931811810514,-1.7063056084546408e-17,-0.5707120230320072,0.8133236941290504,0.11310329497847733,47.196,6.734499999999997,-11.848500000000001,32.8895,-26.155,14.3065,-0.63825
186.3269157409668,4.955210228896846,-150.13101163763517,40.43065813468712,4.955210228896846,-150.13101163763517,40.43065813468712,8.522152073423506e-18,-0.569886858346703,0.8142185030405995,0.11080251797703071,44.65775,8.664750000000002,-14.7765,34.0495,-25.38475,10.60825,-0.63825
186.45193791389465,4.814818444502578,-150.12418545943498,40.457926250972925,4.814818444502578,-150.12418545943498,40.457926250972925,0.0,-0.5691169238730972,0.8152250784723424,0.10730330093238756,44.368,15.446750000000002,-16.03125,37.923,-22.47625,6.445,-0.63825
186.51324105262756,4.814818444502578,-150.12418545943498,40.457926250972925,4.814818444502578,-150.12418545943498,40.457926250972925,0.0,-0.5691169238730972,0.8152250784723424,0.10730330093238756,41.0865,17.338749999999997,-16.88325,37.65425,-20.3155,3.4322500000000002,-0.63825
186.573162317276,4.7025243523901565,-150.19582946839373,40.50647697554997,4.7025243523901565,-150.19582946839373,40.50647697554997,-1.2752137306738587e-17,-0.5682168288461601,0.8162036375157898,0.10460046616534138,39.38925,18.34975,-16.412499999999998,37.07575,-18.726,2.3135,-0.63825
186.64012718200684,4.7025243523901565,-150.19582946839373,40.50647697554997,4.7025243523901565,-150.19582946839373,40.50647697554997,-1.2752137306738587e-17,-0.5682168288461601,0.8162036375157898,0.10460046616534138,35.31525,25.271,-15.56575,38.076,-12.805,-2.7607500000000003,-0.63825
186.69869899749756,4.740242094078809,-150.21137202001808,40.62021263860652,4.740242094078809,-150.21137202001808,40.62021263860652,8.497059233320597e-18,-0.5679060639378057,0.816622988421319,0.10300289959269639,29.61525,30.971,-15.565750000000001,38.076,-7.105,-8.46075,-0.63825
186.84200358390808,4.77817024255927,-150.1692299241998,40.78660223958233,4.77817024255927,-150.1692299241998,40.78660223958233,1.2743980171491432e-17,-0.5679202841946053,0.8167260711174469,0.10210325928871228,18.59225,40.0515,-17.50825,38.076,1.9755,-19.48375,-0.63825
186.883309841156,4.77817024255927,-150.1692299241998,40.78660223958233,4.77817024255927,-150.1692299241998,40.78660223958233,1.2743980171491432e-17,-0.5679202841946053,0.8167260711174469,0.10210325928871228,18.20475,41.334,-16.87775,38.20825,3.12575,-20.0035,-0.63825
186.95406317710876,4.778463692992574,-150.1719495178096,40.76679018018809,4.778463692992574,-150.1719495178096,40.76679018018809,-4.247510773753174e-18,-0.5677869683195231,0.8168188703351895,0.10210235879189869,18.7505,44.613749999999996,-16.59675,39.9805,4.63325,-21.23,-0.63825
187.02334427833557,4.778463692992574,-150.1719495178096,40.76679018018809,4.778463692992574,-150.1719495178096,40.76679018018809,-4.247510773753174e-18,-0.5677869683195231,0.8168188703351895,0.10210235879189869,17.732249999999997,49.202999999999996,-16.11125,41.52325,7.67975,-23.791,-0.63825
187.09318494796753,4.700470199356943,-150.1767923131253,40.64516139130965,4.700470199356943,-150.1767923131253,40.64516139130965,1.274108510366335e-17,-0.5676536343821659,0.816911650081374,0.10210145608190511,14.70625,49.48675,-16.676,40.4345,9.05225,-25.72825,-0.63825
187.21882367134094,4.53017957298556,-150.2775612527148,40.54542813013735,4.53017957298556,-150.2775612527148,40.54542813013735,2.546631526756671e-17,-0.5669927139680527,0.8174202468243734,0.10170251908739755,9.070749999999997,52.17,-11.12425,36.1825,15.9875,-27.11175,-0.63825
187.31019282341003,4.53017957298556,-150.2775612527148,40.54542813013735,4.53017957298556,-150.2775612527148,40.54542813013735,2.546631526756671e-17,-0.5669927139680527,0.8174202468243734,0.10170251908739755,6.483250000000002,46.05125,-10.341,31.43775,14.6135,-24.9545,-0.63825
187.3981637954712,4.596645589397809,-150.31796873447016,40.70338225031306,4.596645589397809,-150.31796873447016,40.70338225031306,4.240750486685539e-18,-0.5661954529707661,0.8181209818513147,0.10050257752848939,6.865000000000002,37.125,-8.147499999999999,26.06875,11.05625,-19.20375,-0.63825
187.47698044776917,4.887267359211535,-150.25878828201328,40.739942624454066,4.887267359211535,-150.25878828201328,40.739942624454066,-4.251117545527892e-18,-0.5684198167589823,0.8161258574473943,0.10410329832161958,4.8039999999999985,31.423000000000002,-8.0315,22.12925,9.293750000000001,-17.32525,-0.63825
187.57872438430786,5.031759704845626,-150.2559092966304,40.48931606262088,5.031759704845626,-150.2559092966304,40.48931606262088,-1.27785500561019e-17,-0.5707782989489018,0.8145165774023589,0.103802112626599,6.932750000000002,27.517500000000002,-6.41225,20.431250000000002,7.08625,-13.4985,-0.63825
187.6672899723053,5.031759704845626,-150.2559092966304,40.48931606262088,5.031759704845626,-150.2559092966304,40.48931606262088,-1.27785500561019e-17,-0.5707782989489018,0.8145165774023589,0.103802112626599,2.46875,14.5145,-7.408250000000001,12.19575,2.31875,-9.727,-0.63825
187.74238061904907,4.9824236974654355,-150.17743330690482,40.538382114147076,4.9824236974654355,-150.17743330690482,40.538382114147076,4.259981016657378e-18,-0.5710315480732558,0.8144277963651442,0.10310351891606871,2.21425,6.749,-3.66725,6.31525,0.43375,-4.101,-0.63825
187.78832292556763,4.9824236974654355,-150.17743330690482,40.538382114147076,4.9824236974654355,-150.17743330690482,40.538382114147076,4.259981016657378e-18,-0.5710315480732558,0.8144277963651442,0.10310351891606871,2.2157500000000003,5.0672500000000005,-4.0505,5.66675,-0.5995,-3.451,-0.63825
187.84719061851501,5.143011230788346,-150.07918776179756,40.61812831786759,5.143011230788346,-150.07918776179756,40.61812831786759,4.263657587020001e-18,-0.5721218151927195,0.8137255117568003,0.10260321679519198,2.1877500000000003,2.5665,-1.58025,3.16725,-0.60075,-0.9795,-0.63825
187.91016364097595,5.143011230788346,-150.07918776179756,40.61812831786759,5.143011230788346,-150.07918776179756,40.61812831786759,4.263657587020001e-18,-0.5721218151927195,0.8137255117568003,0.10260321679519198,0.771,-0.4305,0.0,0.17025,-0.60075,0.60075,-0.63825
188.0701196193695,5.1252151496614715,-150.07530257855583,40.496193069281695,5.1252151496614715,-150.07530257855583,40.496193069281695,2.1339227915505977e-17,-0.5731300691332593,0.8129270106892127,0.10330343240767087,0.60075,-0.60075,0.0,0.0,-0.60075,0.60075,-0.63825
188.15544986724854,5.1252151496614715,-150.07530257855583,40.496193069281695,5.1252151496614715,-150.07530257855583,40.496193069281695,2.1339227915505977e-17,-0.5731300691332593,0.8129270106892127,0.10330343240767087,0.60075,-0.60075,0.0,0.0,-0.60075,0.60075,-0.63825
188.21810865402222,5.215243850158913,-149.99413418939625,40.58733321240193,5.215243850158913,-149.99413418939625,40.58733321240193,2.9878620412846823e-17,-0.57332687819995,0.8128263061715214,0.10300333358226713,0.60075,-0.60075,0.0,0.0,-0.60075,0.60075,-0.63825
188.28228902816772,5.215243850158913,-149.99413418939625,40.58733321240193,5.215243850158913,-149.99413418939625,40.58733321240193,2.9878620412846823e-17,-0.57332687819995,0.8128263061715214,0.10300333358226713,0.60075,-0.60075,0.0,0.0,-0.60075,0.60075,-0.63825
188.34472227096558,5.20458510699558,-149.97587403611672,40.64523794447442,5.20458510699558,-149.97587403611672,40.64523794447442,-2.561038863348654e-17,-0.5734051163554928,0.8128217814119031,0.1026027494744848,0.60075,-0.60075,0.0,0.0,-0.60075,0.60075,-0.63825
188.47133088111877,5.2427430243342314,-149.99549597815573,40.7292555184396,5.2427430243342314,-149.99549597815573,40.7292555184396,-4.267854129165117e-18,-0.5732223145727071,0.8129253828626782,0.10280320993761016,0.60075,-0.60075,0.0,0.0,-0.60075,0.60075,-0.63825
188.53324580192566,5.2427430243342314,-149.99549597815573,40.7292555184396,5.2427430243342314,-149.99549597815573,40.7292555184396,-4.267854129165117e-18,-0.5732223145727071,0.8129253828626782,0.10280320993761016,0.60075,-0.60075,0.0,0.0,-0.60075,0.60075,-0.63825
188.59448981285095,5.272074327511092,-150.00191035844634,40.760855049756266,5.272074327511092,-150.00191035844634,40.760855049756266,-4.267854129165117e-18,-0.5732223145727071,0.8129253828626782,0.10280320993761016,0.5395,-0.66675,0.68875,-0.40800000000000003,-0.25875,0.9475,-0.63825
188.65862679481506,5.272074327511092,-150.00191035844634,40.760855049756266,5.272074327511092,-150.00191035844634,40.760855049756266,-4.267854129165117e-18,-0.5732223145727071,0.8129253828626782,0.10280320993761016,0.22950000000000004,-1.008,2.033,-1.40575,0.39775,1.63525,-0.63825
188.78040027618408,5.272883252409372,-150.0213341094032,40.69286928992912,5.272883252409372,-150.0213341094032,40.69286928992912,-8.535798602913464e-18,-0.5731808284499491,0.8129167786993974,0.10310212804023601,-0.005749999999999922,-1.5000000000000002,5.00325,-3.2545,1.7545,3.2487500000000002,-0.63825
188.91414546966553,5.292955510601104,-150.05824101165067,40.647758481716664,5.292955510601104,-150.05824101165067,40.647758481716664,1.2801905942559395e-17,-0.5729469787612539,0.813030567679673,0.10350389145737532,-0.6880000000000006,-2.789500000000001,13.4455,-8.461500000000001,5.672,7.7735,-0.63825
189.0255355834961,5.301932722392792,-150.09669810726393,40.66326530168209,5.301932722392792,-150.09669810726393,40.66326530168209,1.2797386161075675e-17,-0.5722847254495999,0.8133177138561847,0.1049022847454983,-1.0262499999999992,-6.385249999999999,17.386000000000003,-12.39875,6.0135000000000005,11.3725,-0.63825
189.09324884414673,5.295057855556308,-149.92267477443175,40.67965480551731,5.295057855556308,-149.92267477443175,40.67965480551731,1.706130653454197e-17,-0.5713337003837894,0.8134070963274572,0.1093009535635494,-4.359,-10.366,18.034,-16.3795,6.0135000000000005,12.0205,-0.63825
189.15923428535461,5.295057855556308,-149.92267477443175,40.67965480551731,5.295057855556308,-149.92267477443175,40.67965480551731,1.706130653454197e-17,-0.5713337003837894,0.8134070963274572,0.1093009535635494,-4.666499999999999,-10.966749999999998,19.24275,-17.438,6.47125,12.7715,-0.63825
189.22918128967285,5.183972416896609,-150.2202047913693,40.40591055564358,5.183972416896609,-150.2202047913693,40.40591055564358,8.52432000826928e-18,-0.5686531818407133,0.8140114281462851,0.11840166227582324,-4.276000000000002,-11.484250000000001,22.19575,-18.978,7.49375,14.702,-0.63825
189.3589220046997,5.104210475834549,-150.16095055090642,40.45716450910253,5.104210475834549,-150.16095055090642,40.45716450910253,0.0,-0.5676396424450143,0.8139302241880711,0.1237045936012586,-7.551500000000001,-14.695,22.145,-22.19575,7.50075,14.64425,-0.63825
189.44548916816711,5.104210475834549,-150.16095055090642,40.45716450910253,5.104210475834549,-150.16095055090642,40.45716450910253,0.0,-0.5676396424450143,0.8139302241880711,0.1237045936012586,-7.908499999999998,-13.801499999999999,21.2255,-21.46775,7.66625,13.55925,-0.63825
189.4942262172699,5.07701249691911,-150.21008782987664,40.241419757698665,5.07701249691911,-150.21008782987664,40.241419757698665,8.522054029960271e-18,-0.5665276995719565,0.814227870359979,0.126804340409783,-7.183249999999999,-13.102,19.921750000000003,-20.1035,7.0015,12.920250000000001,-0.63825
189.5910985469818,5.01800050338349,-150.30136339405308,40.08146240087122,5.01800050338349,-150.30136339405308,40.08146240087122,2.5569839612573443e-17,-0.5664493076475711,0.8141107659308708,0.12790169139240679,-6.692250000000001,-12.697500000000002,16.64825,-18.019000000000002,5.3215,11.32675,-0.63825
189.6595950126648,5.01800050338349,-150.30136339405308,40.08146240087122,5.01800050338349,-150.30136339405308,40.08146240087122,2.5569839612573443e-17,-0.5664493076475711,0.8141107659308708,0.12790169139240679,-5.583250000000001,-11.4175,16.103749999999998,-16.55225,5.13475,10.969,-0.63825
189.78740978240967,5.059224160618754,-150.25398212075487,40.06547412314081,5.059224160618754,-150.25398212075487,40.06547412314081,-8.526123806035856e-18,-0.5666799612791379,0.8138392148369944,0.12860619688871652,-6.228750000000001,-11.788250000000001,8.49,-13.2535,1.46525,7.02475,-0.63825
189.85717225074768,5.040547728191939,-150.2419381566838,40.00297505273763,5.040547728191939,-150.2419381566838,40.00297505273763,-2.5585646348268324e-17,-0.5670359453004709,0.8136078107376241,0.128501233628054,-5.59575,-7.7425,0.94525,-7.14175,-0.60075,1.546,-0.63825
189.90981650352478,5.040547728191939,-150.2419381566838,40.00297505273763,5.040547728191939,-150.2419381566838,40.00297505273763,-2.5585646348268324e-17,-0.5670359453004709,0.8136078107376241,0.128501233628054,-1.5979999999999999,-2.7995,0.0,-2.19875,-0.60075,0.60075,-0.63825
189.97871685028076,5.032232716081836,-150.22154501522255,39.92938850264219,5.032232716081836,-150.22154501522255,39.92938850264219,-8.52831039158648e-18,-0.5675411158494532,0.8136305534508601,0.12610473548445605,0.60075,-0.60075,0.0,0.0,-0.60075,0.60075,-0.63825
190.0295693874359,5.032232716081836,-150.22154501522255,39.92938850264219,5.032232716081836,-150.22154501522255,39.92938850264219,-8.52831039158648e-18,-0.5675411158494532,0.8136305534508601,0.12610473548445605,0.2805,-0.06824999999999998,-0.35175,0.28200000000000003,-0.35025,-0.0015,-0.63825
190.1727316379547,5.061988705255544,-150.13647983768794,40.03929071681142,5.061988705255544,-150.13647983768794,40.03929071681142,-1.7046316452183754e-17,-0.567903595856278,0.8141223851348021,0.12120333261065969,-0.46699999999999986,1.90575,-1.33575,1.38725,0.5185,-1.85425,-0.63825
190.28824734687805,5.118886736596181,-150.1091012995505,40.24836732879617,5.118886736596181,-150.1091012995505,40.24836732879617,0.0,-0.5679034286427538,0.8147223655008574,0.11710321468043498,-1.638,3.51375,-2.28575,2.08075,1.433,-3.71875,-0.63825
190.3516662120819,5.04766570408907,-150.10811450134617,40.31784099832591,5.04766570408907,-150.10811450134617,40.31784099832591,-2.553833668269516e-17,-0.567769340091723,0.8151150159214213,0.11500211855105319,-2.7192499999999997,4.57,-2.3107499999999996,2.08075,2.48925,-4.8,-0.63825
190.40869235992432,5.04766570408907,-150.10811450134617,40.31784099832591,5.04766570408907,-150.10811450134617,40.31784099832591,-2.553833668269516e-17,-0.567769340091723,0.8151150159214213,0.11500211855105319,-3.1645000000000003,5.24525,-2.0807500000000005,2.08075,3.1645,-5.24525,-0.63825
190.48224329948425,4.978637805005263,-150.07974518109523,40.29273460837083,4.978637805005263,-150.07974518109523,40.29273460837083,-8.51177218754679e-18,-0.5678527668694077,0.8152114214310421,0.11390159580593187,-4.60925,6.3615,-2.40925,2.08075,4.28075,-6.69,-0.63825
190.61202597618103,4.994097899905512,-150.13354282663866,40.49215075315269,4.994097899905512,-150.13354282663866,40.49215075315269,4.2531896984882686e-17,-0.567229810328915,0.8157282411331845,0.11330392266812529,-7.369250000000001,9.43125,-2.099500000000001,2.08075,7.3505,-9.450000000000001,-0.63825
190.6700940132141,4.994097899905512,-150.13354282663866,40.49215075315269,4.994097899905512,-150.13354282663866,40.49215075315269,4.2531896984882686e-17,-0.567229810328915,0.8157282411331845,0.11330392266812529,-7.970000000000001,10.039000000000001,-2.0925000000000002,2.08075,7.9582500000000005,-10.05075,-0.63825
190.7842972278595,4.984165037998906,-150.07430218326363,40.55453572271154,4.984165037998906,-150.07430218326363,40.55453572271154,-1.6985733606142944e-17,-0.5652181078178136,0.8170261072972153,0.11400364287868117,-10.1145,11.226500000000001,-1.6709999999999994,1.3915,9.835,-11.506,-0.63825
190.846839427948,4.793607236297191,-150.2914078162881,40.33923855988851,4.793607236297191,-150.2914078162881,40.33923855988851,-1.698189451736491e-17,-0.5647487395311699,0.8172108119988418,0.11500152151231864,-11.398750000000001,11.684249999999999,-1.6725000000000012,0.979,10.70525,-12.37775,-0.63825
190.9177689552307,4.793607236297191,-150.2914078162881,40.33923855988851,4.793607236297191,-150.2914078162881,40.33923855988851,-1.698189451736491e-17,-0.5647487395311699,0.8172108119988418,0.11500152151231864,-12.868500000000001,13.55375,-0.7017500000000005,0.6935,12.86025,-13.562000000000001,-0.63825
191.07478404045105,4.673073430889588,-150.35528345071802,40.29574712302856,4.673073430889588,-150.35528345071802,40.29574712302856,0.0,-0.5640635393079487,0.8175141684316881,0.11620201391041249,-16.8195,16.81925,-0.0002500000000011937,0.0,16.81925,-16.8195,-0.63825
191.15405535697937,4.66161350765455,-150.36537902060155,40.36762722895624,4.66161350765455,-150.36537902060155,40.36762722895624,-8.483484413087575e-18,-0.5632323748841449,0.8179297050634657,0.11730426018332868,-20.516250000000003,18.849999999999998,1.1082499999999982,-1.38725,20.23725,-19.129,-0.63825
191.2304277420044,4.649213423957747,-150.45024999096321,40.40937835246426,4.649213423957747,-150.45024999096321,40.40937835246426,-1.6954759797405848e-17,-0.5620825720267475,0.8185186917208831,0.11870271069916775,-21.117,19.72025,1.3777500000000025,-1.38725,21.1075,-19.72975,-0.63825
191.27681875228882,4.649213423957747,-150.45024999096321,40.40937835246426,4.649213423957747,-150.45024999096321,40.40937835246426,-1.6954759797405848e-17,-0.5620825720267475,0.8185186917208831,0.11870271069916775,-21.117,19.72975,1.3872500000000016,-1.38725,21.117,-19.72975,-0.63825
191.3568570613861,4.548300083852041,-150.47528392604602,40.431509775441164,4.548300083852041,-150.47528392604602,40.431509775441164,8.473053970465386e-18,-0.5612606305214201,0.8189365874564477,0.11970534805047843,-21.117,19.72975,1.3872500000000016,-1.38725,21.117,-19.72975,-0.63825
191.4857120513916,4.5090436635951505,-150.45740837650035,40.40828482771139,4.5090436635951505,-150.45740837650035,40.40828482771139,-8.472175153792261e-18,-0.561094429007273,0.8190215355499687,0.11990315276244352,-21.069250000000004,19.727,1.4322499999999998,-1.38725,21.114250000000002,-19.682000000000002,-0.63825
191.54434442520142,4.5090436635951505,-150.45740837650035,40.40828482771139,4.5090436635951505,-150.45740837650035,40.40828482771139,-8.472175153792261e-18,-0.561094429007273,0.8190215355499687,0.11990315276244352,-20.4585,19.1285,1.4445000000000014,-1.38725,20.51575,-19.07125,-0.63825
191.62095093727112,4.469572964133107,-150.47332773733729,40.35941113504832,4.469572964133107,-150.47332773733729,40.35941113504832,-1.6944125024116505e-17,-0.5611422227600233,0.8190324249887354,0.11960473507772013,-18.95975,18.782999999999998,0.8772500000000001,-0.527,19.31,-18.43275,-0.63825
191.67101049423218,4.469572964133107,-150.47332773733729,40.35941113504832,4.469572964133107,-150.47332773733729,40.35941113504832,-1.6944125024116505e-17,-0.5611422227600233,0.8190324249887354,0.11960473507772013,-15.9585,16.88725,0.9287500000000009,0.0,16.88725,-15.9585,-0.63825
191.7477843761444,4.458255893701477,-150.46089336696576,40.448390404264856,4.458255893701477,-150.46089336696576,40.448390404264856,-2.5413709756065994e-17,-0.5611538560039638,0.8191122788263118,0.11900178388515578,-14.915750000000001,15.006,0.09024999999999928,0.0,15.006,-14.915750000000001,-0.63825
191.86312866210938,4.756661711507235,-150.3098429503832,40.714731800878134,4.756661711507235,-150.3098429503832,40.714731800878134,0.0,-0.5634376219477362,0.8177308307139366,0.11770443778284256,-6.39875,8.53575,0.75,0.6935,7.84225,-7.09225,-0.63825
191.92187070846558,4.756661711507235,-150.3098429503832,40.714731800878134,4.756661711507235,-150.3098429503832,40.714731800878134,0.0,-0.5634376219477362,0.8177308307139366,0.11770443778284256,-1.5690000000000002,3.0454999999999997,0.08949999999999969,0.6935,2.352,-2.2625,-0.63825
192.04681968688965,4.871755199976008,-150.33570429189723,40.39695093309787,4.871755199976008,-150.33570429189723,40.39695093309787,8.502414128660221e-18,-0.5670397879859943,0.81610867206731,0.11150118482478255,0.321,-0.25775,-0.33075,0.197,-0.45475,0.124,-0.63825
192.11045169830322,4.933162988900193,-150.11158208411166,40.568992554331714,4.933162988900193,-150.11158208411166,40.568992554331714,4.261568707735666e-18,-0.5706150373351886,0.8141243729464738,0.10770322437825239,0.60075,-0.60075,0.0,0.0,-0.60075,0.60075,-0.63825
192.1757001876831,4.933162988900193,-150.11158208411166,40.568992554331714,4.933162988900193,-150.11158208411166,40.568992554331714,4.261568707735666e-18,-0.5706150373351886,0.8141243729464738,0.10770322437825239,0.60075,-0.60075,0.0,0.0,-0.60075,0.60075,-0.63825
192.30190086364746,5.170799982983709,-150.05937940710686,40.767243757497,5.170799982983709,-150.05937940710686,40.767243757497,0.0,-0.5704216744818279,0.814325822039764,0.10720339938924561,0.60075,-0.60075,0.0,0.0,-0.60075,0.60075,-0.63825
192.38400435447693,5.261355775185962,-150.06658438647426,40.729194621226384,5.261355775185962,-150.06658438647426,40.729194621226384,-8.523009701177409e-18,-0.5706726882916379,0.8141365723130243,0.10730482030363285,0.60075,-0.60075,0.0,0.0,-0.60075,0.60075,-0.63825
192.4243631362915,5.261355775185962,-150.06658438647426,40.729194621226384,5.261355775185962,-150.06658438647426,40.729194621226384,-8.523009701177409e-18,-0.5706726882916379,0.8141365723130243,0.10730482030363285,0.60075,-0.60075,0.0,0.0,-0.60075,0.60075,-0.63825
192.49082684516907,5.212840309943829,-150.07920135888543,40.62925933396749,5.212840309943829,-150.07920135888543,40.62925933396749,2.130551190119779e-17,-0.5705635420522603,0.814213469275658,0.1073017750592951,0.60075,-0.60075,0.0,0.0,-0.60075,0.60075,-0.63825
192.54882717132568,5.212840309943829,-150.07920135888543,40.62925933396749,5.212840309943829,-150.07920135888543,40.62925933396749,2.130551190119779e-17,-0.5705635420522603,0.814213469275658,0.1073017750592951,0.60075,-0.60075,0.0,0.0,-0.60075,0.60075,-0.63825
192.67297959327698,5.232532201647416,-150.0290946894108,40.70343177544877,5.232532201647416,-150.0290946894108,40.70343177544877,-8.52314747007438e-18,-0.5707105817871723,0.8141234125386629,0.10720308294330512,0.60075,-0.60075,0.0,0.0,-0.60075,0.60075,-0.63825
192.74144291877747,5.2621569552576375,-150.03822866331117,40.715219247371195,5.2621569552576375,-150.03822866331117,40.715219247371195,3.409284481089471e-17,-0.5706818118279435,0.8141173248986058,0.10740228558421602,0.60075,-0.60075,0.0,0.0,-0.60075,0.60075,-0.63825
192.80279731750488,5.2621569552576375,-150.03822866331117,40.715219247371195,5.2621569552576375,-150.03822866331117,40.715219247371195,3.409284481089471e-17,-0.5706818118279435,0.8141173248986058,0.10740228558421602,0.60075,-0.60075,0.0,0.0,-0.60075,0.60075,-0.63825
192.86320209503174,5.192779668991932,-150.11396366781787,40.59335456322199,5.192779668991932,-150.11396366781787,40.59335456322199,2.130551190119779e-17,-0.5705635420522603,0.814213469275658,0.1073017750592951,0.60075,-0.60075,0.0,0.0,-0.60075,0.60075,-0.63825
192.91647243499756,5.192779668991932,-150.11396366781787,40.59335456322199,5.192779668991932,-150.11396366781787,40.59335456322199,2.130551190119779e-17,-0.5705635420522603,0.814213469275658,0.1073017750592951,0.60075,-0.60075,0.0,0.0,-0.60075,0.60075,-0.63825
193.04897737503052,5.191022838805338,-150.1215358432192,40.68522172660145,5.191022838805338,-150.1215358432192,40.68522172660145,2.1304928397977452e-17,-0.5705687464869768,0.8142357691009608,0.10710470507333932,0.60075,-0.60075,0.0,0.0,-0.60075,0.60075,-0.63825
193.11167979240417,5.189856781898641,-150.1584369429,40.71045957820645,5.189856781898641,-150.1584369429,40.71045957820645,8.521060848806781e-18,-0.5704072987784096,0.8143227735404439,0.10730300086072657,0.60075,-0.60075,0.0,0.0,-0.60075,0.60075,-0.63825
193.17219233512878,5.189856781898641,-150.1584369429,40.71045957820645,5.189856781898641,-150.1584369429,40.71045957820645,8.521060848806781e-18,-0.5704072987784096,0.8143227735404439,0.10730300086072657,0.60075,-0.60075,0.0,0.0,-0.60075,0.60075,-0.63825
193.2403929233551,5.21969581471393,-150.13377600641778,40.74789579506216,5.21969581471393,-150.13377600641778,40.74789579506216,1.2780241806731399e-17,-0.5703412388777863,0.814408757929661,0.10700115066119073,0.60075,-0.60075,0.0,0.0,-0.60075,0.60075,-0.63825
193.30024027824402,5.21969581471393,-150.13377600641778,40.74789579506216,5.21969581471393,-150.13377600641778,40.74789579506216,1.2780241806731399e-17,-0.5703412388777863,0.814408757929661,0.10700115066119073,0.60075,-0.60075,0.0,0.0,-0.60075,0.60075,-0.63825
193.42871046066284,5.28885494936128,-150.06794617523374,40.871116927264055,5.28885494936128,-150.06794617523374,40.871116927264055,4.2605040052398086e-17,-0.5705312085648736,0.8143278231135782,0.10660364232335431,0.60075,-0.60075,0.0,0.0,-0.60075,0.60075,-0.63825
193.49477434158325,5.259452219782702,-150.07279676507068,40.83096781430295,5.259452219782702,-150.07279676507068,40.83096781430295,-2.556292904711044e-17,-0.5705454925840747,0.8143308489163429,0.106504034642749,0.60075,-0.60075,0.0,0.0,-0.60075,0.60075,-0.63825
193.54937529563904,5.259452219782702,-150.07279676507068,40.83096781430295,5.259452219782702,-150.07279676507068,40.83096781430295,-2.556292904711044e-17,-0.5705454925840747,0.8143308489163429,0.106504034642749,0.60075,-0.60075,0.0,0.0,-0.60075,0.60075,-0.63825
193.62968134880066,5.218803846174126,-150.05394801440855,40.88834755220282,5.218803846174126,-150.05394801440855,40.88834755220282,-1.2781322362628004e-17,-0.57058826788568,0.8143399063538489,0.106205204537368,0.60075,-0.60075,0.0,0.0,-0.60075,0.60075,-0.63825
193.67277216911316,5.218803846174126,-150.05394801440855,40.88834755220282,5.218803846174126,-150.05394801440855,40.88834755220282,-1.2781322362628004e-17,-0.57058826788568,0.8143399063538489,0.106205204537368,0.60075,-0.60075,0.0,0.0,-0.60075,0.60075,-0.63825
193.79519724845886,5.19078919753386,-150.03588206830196,40.79459894659806,5.19078919753386,-150.03588206830196,40.79459894659806,0.0,-0.5706209695583956,0.8142256318630653,0.10690336532321501,0.60075,-0.60075,0.0,0.0,-0.60075,0.60075,-0.63825
193.85990166664124,5.192185023298748,-150.06074500647838,40.68698906798244,5.192185023298748,-150.06074500647838,40.68698906798244,1.7044345764837927e-17,-0.5705779181034042,0.8142165149244976,0.10720217440420798,0.60075,-0.60075,0.0,0.0,-0.60075,0.60075,-0.63825
193.92287373542786,5.192185023298748,-150.06074500647838,40.68698906798244,5.192185023298748,-150.06074500647838,40.68698906798244,1.7044345764837927e-17,-0.5705779181034042,0.8142165149244976,0.10720217440420798,0.60075,-0.60075,0.0,0.0,-0.60075,0.60075,-0.63825
193.98490357398987,5.211444484178969,-150.05433842070903,40.736869212583116,5.211444484178969,-150.05433842070903,40.736869212583116,0.0,-0.5706209695583956,0.8142256318630653,0.10690336532321501,0.60075,-0.60075,0.0,0.0,-0.60075,0.60075,-0.63825
194.05336380004883,5.211444484178969,-150.05433842070903,40.736869212583116,5.211444484178969,-150.05433842070903,40.736869212583116,0.0,-0.5706209695583956,0.8142256318630653,0.10690336532321501,0.60075,-0.60075,0.0,0.0,-0.60075,0.60075,-0.63825
194.19044613838196,5.133010814893339,-150.05510182561005,40.64495851279603,5.133010814893339,-150.05510182561005,40.64495851279603,-2.5566423118527266e-17,-0.57059228137263,0.8142195572378064,0.10710257256223171,0.0,-0.00725,-0.00725,0.0,-0.00725,0.0,-0.63825
194.30070400238037,5.073404175664507,-150.093158728447,40.57863566072902,5.073404175664507,-150.093158728447,40.57863566072902,2.130551190119779e-17,-0.5705635420522603,0.814213469275658,0.1073017750592951,-0.0005,0.0,-0.0005,0.0,0.0,-0.0005,-0.63825
194.37488269805908,5.172929434831872,-150.09104132930773,40.61010373039578,5.172929434831872,-150.09104132930773,40.61010373039578,0.0,-0.5706582947249778,0.8141335274749415,0.10740442310626297,-0.9775,0.254,0.6635,-0.6935,0.9475,-0.28400000000000003,-0.63825
194.42522644996643,5.172929434831872,-150.09104132930773,40.61010373039578,5.172929434831872,-150.09104132930773,40.61010373039578,0.0,-0.5706582947249778,0.8141335274749415,0.10740442310626297,-2.10975,0.5072500000000002,1.7875000000000003,-1.695,2.2022500000000003,-0.41475,-0.63825
194.4983103275299,5.2623075528875916,-150.06347819717604,40.67830802468809,5.2623075528875916,-150.06347819717604,40.67830802468809,1.7044345764837927e-17,-0.5705779181034042,0.8142165149244976,0.10720217440420798,-3.8535,0.5209999999999999,2.568,-2.95025,3.47125,-0.90325,-0.63825
194.63233494758606,5.191974616506968,-150.11842965392097,40.634335130063164,5.191974616506968,-150.11842965392097,40.634335130063164,-4.2589693528418304e-18,-0.5699998017706851,0.8146212532942032,0.1072027968980341,-14.155249999999999,2.308250000000001,9.540500000000002,-10.69375,13.002,-3.4615,-0.63825
194.67748999595642,5.191974616506968,-150.11842965392097,40.634335130063164,5.191974616506968,-150.11842965392097,40.634335130063164,-4.2589693528418304e-18,-0.5699998017706851,0.8146212532942032,0.1072027968980341,-14.559249999999999,3.4350000000000005,11.07125,-11.09775,14.53275,-3.4615,-0.63825
194.74798917770386,4.996412667785762,-150.1937432473394,40.86386374888611,4.996412667785762,-150.1937432473394,40.86386374888611,-1.6940290756318563e-17,-0.5624788038620412,0.8192178049032703,0.11180242991721881,-17.07825,3.8099999999999987,10.75525,-12.011750000000001,15.82175,-5.0665000000000004,-0.63825
194.80043935775757,4.996412667785762,-150.1937432473394,40.86386374888611,4.996412667785762,-150.1937432473394,40.86386374888611,-1.6940290756318563e-17,-0.5624788038620412,0.8192178049032703,0.11180242991721881,-22.2905,4.008750000000001,13.469250000000002,-15.8755,19.88425,-6.415,-0.63825
194.87767577171326,4.393971393472697,-150.3214341519839,40.27687180356226,4.393971393472697,-150.3214341519839,40.27687180356226,1.6942700551664715e-17,-0.5621056771994515,0.8191012858602925,0.11450017974728786,-26.70975,5.56475,19.4445,-20.29475,25.8595,-6.415,-0.63825
195.000554561615,4.30227092256348,-150.72403026295942,40.492295560521484,4.30227092256348,-150.72403026295942,40.492295560521484,4.2272732934450934e-17,-0.5582256171344573,0.8207292765607129,0.12160433779673778,-26.8765,6.7620000000000005,20.115000000000002,-20.11475,26.87675,-6.76175,-0.63825
195.04506182670593,4.30227092256348,-150.72403026295942,40.492295560521484,4.30227092256348,-150.72403026295942,40.492295560521484,4.2272732934450934e-17,-0.5582256171344573,0.8207292765607129,0.12160433779673778,-26.70825,6.706750000000003,20.2005,-20.101,26.807750000000002,-6.6072500000000005,-0.63825
195.12215781211853,4.375376148407469,-150.59935599726748,40.45607466284506,4.375376148407469,-150.59935599726748,40.45607466284506,-8.457651973274682e-18,-0.5588203699412079,0.8204279303326061,0.12090411601317905,-25.48675,6.4339999999999975,19.58625,-19.3195,25.7535,-6.16725,-0.63825
195.1696252822876,4.375376148407469,-150.59935599726748,40.45607466284506,4.375376148407469,-150.59935599726748,40.45607466284506,-8.457651973274682e-18,-0.5588203699412079,0.8204279303326061,0.12090411601317905,-24.065,6.098500000000001,18.163,-18.06475,24.16325,-6.00025,-0.63825
195.24820375442505,4.384639065805885,-150.59275321237058,40.5057798093882,4.384639065805885,-150.59275321237058,40.5057798093882,0.0,-0.5586436893568154,0.8205333855810573,0.12100492340683477,-22.91975,5.62875,16.684,-16.9875,22.61625,-5.93225,-0.63825
195.3861346244812,4.5168315840004425,-150.38942814943465,40.61106065719768,4.5168315840004425,-150.38942814943465,40.61106065719768,0.0,-0.5611443116131981,0.819132904775006,0.11890477643480432,-17.247,5.443999999999999,14.8535,-13.32825,18.77225,-3.91875,-0.63825
195.4905834197998,4.330922520272338,-150.3633704354959,40.40283285989859,4.330922520272338,-150.3633704354959,40.40283285989859,8.48652966312558e-18,-0.5637619965165209,0.8176362045910346,0.1168051720844335,-11.02325,3.6480000000000006,7.8842500000000015,-7.6297500000000005,11.277750000000001,-3.3935,-0.63825
195.55159330368042,4.330922520272338,-150.3633704354959,40.40283285989859,4.330922520272338,-150.3633704354959,40.40283285989859,8.48652966312558e-18,-0.5637619965165209,0.8176362045910346,0.1168051720844335,-10.14925,3.250499999999999,7.82025,-7.359500000000001,10.61,-2.78975,-0.63825
195.61195397377014,4.938416133526886,-150.22286817797013,40.71557976313677,4.938416133526886,-150.22286817797013,40.71557976313677,0.0,-0.5657857077532832,0.81684087565479,0.11250562991082749,-4.18575,2.9095,6.71575,-3.996,6.9055,-0.18975,-0.63825
195.67814421653748,4.938416133526886,-150.22286817797013,40.71557976313677,4.938416133526886,-150.22286817797013,40.71557976313677,0.0,-0.5657857077532832,0.81684087565479,0.11250562991082749,-0.34175,1.1892500000000001,1.5310000000000001,-0.34175,1.5310000000000001,0.0,-0.63825
195.8061602115631,4.863928555437894,-150.16478714836327,40.46422703347138,4.863928555437894,-150.16478714836327,40.46422703347138,0.0,-0.5685519865898421,0.8157112028214398,0.10660146404409153,0.0,0.0,0.0,0.0,0.0,0.0,-0.63825
195.87800097465515,5.195055712739446,-149.93526671791895,41.23511948881522,5.195055712739446,-149.93526671791895,41.23511948881522,-1.702094761002484e-17,-0.5699678899929499,0.8153357924467639,0.10180446911698829,0.0,0.0,0.0,0.0,0.0,0.0,-0.63825
195.93390607833862,5.195055712739446,-149.93526671791895,41.23511948881522,5.195055712739446,-149.93526671791895,41.23511948881522,-1.702094761002484e-17,-0.5699678899929499,0.8153357924467639,0.10180446911698829,0.0,0.0,0.0,0.0,0.0,0.0,-0.63825
195.99533104896545,5.197418805859087,-150.05258241503702,40.96860224171739,5.197418805859087,-150.05258241503702,40.96860224171739,2.1276675221846032e-17,-0.5697795773042054,0.8153169881522012,0.10300214617892396,0.0,0.0,0.0,0.0,0.0,0.0,-0.63825
196.04880356788635,5.197418805859087,-150.05258241503702,40.96860224171739,5.197418805859087,-150.05258241503702,40.96860224171739,2.1276675221846032e-17,-0.5697795773042054,0.8153169881522012,0.10300214617892396,0.0,0.0,0.0,0.0,0.0,0.0,-0.63825
196.17668080329895,5.256890337111116,-150.0848349265751,40.96381554452358,5.256890337111116,-150.0848349265751,40.96381554452358,8.510578054513094e-18,-0.5698209138944761,0.8153258050700312,0.10270325055892578,0.0,0.0,0.0,0.0,0.0,0.0,-0.63825
196.29581332206726,5.238432056302628,-150.0628857891814,40.89996002606771,5.238432056302628,-150.0628857891814,40.89996002606771,-1.2766122148518284e-17,-0.5698445917576908,0.815309514884197,0.10270119855097144,0.0,0.0,0.0,0.0,0.0,0.0,-0.63825
196.35636925697327,5.14073118131023,-150.02227630573185,40.81217956765191,5.14073118131023,-150.02227630573185,40.81217956765191,1.2767578538373694e-17,-0.5699774728724283,0.8152165130277426,0.10270208033359804,0.0,0.0,0.0,0.0,0.0,0.0,-0.63825
196.4271845817566,5.14073118131023,-150.02227630573185,40.81217956765191,5.14073118131023,-150.02227630573185,40.81217956765191,1.2767578538373694e-17,-0.5699774728724283,0.8152165130277426,0.10270208033359804,0.0,0.0,0.0,0.0,0.0,0.0,-0.63825
196.49320697784424,5.16947558362051,-150.0232514988029,40.883403217757056,5.16947558362051,-150.0232514988029,40.883403217757056,4.255343450801897e-18,-0.5698720811722483,0.8153153774931643,0.10250193326756944,0.0,0.0,0.0,0.0,0.0,0.0,-0.63825
196.6098656654358,5.089518725419737,-150.11724085402247,40.773982461352816,5.089518725419737,-150.11724085402247,40.773982461352816,-8.510608697783616e-18,-0.5698071478541324,0.8153228694105388,0.10280288357095964,0.0,0.0,0.0,0.0,0.0,0.0,-0.63825
196.675922870636,5.089518725419737,-150.11724085402247,40.773982461352816,5.089518725419737,-150.11724085402247,40.773982461352816,-8.510608697783616e-18,-0.5698071478541324,0.8153228694105388,0.10280288357095964,0.0,0.0,0.0,0.0,0.0,0.0,-0.63825
196.73809218406677,5.130377505820093,-150.07840495724201,40.76925666137222,5.130377505820093,-150.07840495724201,40.76925666137222,4.2553587414595414e-17,-0.5698583428775225,0.8153124478439702,0.10260156647711437,0.0,0.0,0.0,0.0,0.0,0.0,-0.63825
196.78958368301392,5.130377505820093,-150.07840495724201,40.76925666137222,5.130377505820093,-150.07840495724201,40.76925666137222,4.2553587414595414e-17,-0.5698583428775225,0.8153124478439702,0.10260156647711437,0.0,0.0,0.0,0.0,0.0,0.0,-0.63825
196.86288571357727,5.25885757408949,-150.0195781037312,40.924602319063396,5.25885757408949,-150.0195781037312,40.924602319063396,-1.2765756214905878e-17,-0.5699542415204144,0.815332885936486,0.10190411023786083,0.0,0.0,0.0,0.0,0.0,0.0,-0.63825
196.98856806755066,5.259075725707845,-150.00967293040853,40.92324587101071,5.259075725707845,-150.00967293040853,40.92324587101071,-1.7019406876136427e-17,-0.5698450003311866,0.8154096032143776,0.1019012001073646,0.0,0.0,0.0,0.0,0.0,0.0,-0.63825
197.0435667037964,5.259075725707845,-150.00967293040853,40.92324587101071,5.259075725707845,-150.00967293040853,40.92324587101071,-1.7019406876136427e-17,-0.5698450003311866,0.8154096032143776,0.1019012001073646,0.0,0.0,0.0,0.0,0.0,0.0,-0.63825
197.1085765361786,5.208006122620731,-150.08210753844406,40.902147928000474,5.208006122620731,-150.08210753844406,40.902147928000474,4.254812360595784e-18,-0.5697803073984609,0.8154171460261063,0.10220214903589411,0.0,0.0,0.0,0.0,0.0,0.0,-0.63825
197.17200827598572,5.208006122620731,-150.08210753844406,40.902147928000474,5.208006122620731,-150.08210753844406,40.902147928000474,4.254812360595784e-18,-0.5697803073984609,0.8154171460261063,0.10220214903589411,0.0,0.0,0.0,0.0,0.0,0.0,-0.63825
197.2377314567566,5.17765936016707,-150.13784379169914,40.8588750256057,5.17765936016707,-150.13784379169914,40.8588750256057,0.0,-0.5697292038374231,0.8154275961295019,0.10240346559193157,0.0,0.0,0.0,0.0,0.0,0.0,-0.63825
197.36535215377808,5.197855109095769,-150.03277206839172,40.96588934561201,5.197855109095769,-150.03277206839172,40.96588934561201,-1.7019406876136427e-17,-0.5698450003311866,0.8154096032143776,0.1019012001073646,0.0,0.0,0.0,0.0,0.0,0.0,-0.63825
197.4249405860901,5.197855109095769,-150.03277206839172,40.96588934561201,5.197855109095769,-150.03277206839172,40.96588934561201,-1.7019406876136427e-17,-0.5698450003311866,0.8154096032143776,0.1019012001073646,0.0,0.0,0.0,0.0,0.0,0.0,-0.63825
197.5441505908966,5.188207952795864,-149.92847154450655,41.062472641748585,5.188207952795864,-149.92847154450655,41.062472641748585,1.2766038862637141e-17,-0.5700696337641754,0.8153148339790296,0.10140184492269545,0.0,0.0,0.0,0.0,0.0,0.0,-0.63825
197.6052565574646,5.287221609911626,-149.93353972508012,41.11510921886227,5.287221609911626,-149.93353972508012,41.11510921886227,-4.255261353022666e-18,-0.5700459984990912,0.8153311075685491,0.10140386889175873,-0.21500000000000002,0.31175,-0.13625,0.1165,0.19525,-0.3315,-0.63825
197.66492009162903,5.287221609911626,-149.93353972508012,41.11510921886227,5.287221609911626,-149.93353972508012,41.11510921886227,-4.255261353022666e-18,-0.5700459984990912,0.8153311075685491,0.10140386889175873,-0.3202499999999999,1.92225,0.3205000000000001,0.64075,1.2815,-0.961,-0.63825
197.79150581359863,5.297146726991656,-149.9450008943352,41.10673463527538,5.297146726991656,-149.9450008943352,41.10673463527538,1.2764418631858763e-17,-0.5698858937240565,0.8154183246452467,0.10160228327686663,-0.8687499999999999,4.312,0.5092500000000002,1.467,2.845,-2.33575,-0.63825
197.86130666732788,5.207407604514231,-150.00499914004462,41.022787625746886,5.207407604514231,-150.00499914004462,41.022787625746886,0.0,-0.5698586442966852,0.8154125136615148,0.10180156228935765,-1.1960000000000002,7.80375,1.1497499999999996,2.729,5.07475,-3.9250000000000003,-0.63825
197.95364356040955,5.207407604514231,-150.00499914004462,41.022787625746886,5.207407604514231,-150.00499914004462,41.022787625746886,0.0,-0.5698586442966852,0.8154125136615148,0.10180156228935765,-1.2934999999999999,10.06525,1.3092500000000005,3.73125,6.3340000000000005,-5.02475,-0.63825
198.04884481430054,5.128026029940287,-150.03275847130385,40.95475832951211,5.128026029940287,-150.03275847130385,40.95475832951211,-4.254791075826241e-18,-0.5698994991826323,0.8154212251843364,0.10150264208512405,-1.520249999999999,16.079500000000003,-0.43874999999999886,7.4990000000000006,8.5805,-9.01925,-0.63825
198.16255569458008,5.02990046895107,-150.08362854567952,40.788675188243744,5.02990046895107,-150.08362854567952,40.788675188243744,1.7015102251430034e-17,-0.5696743603753757,0.8156158924433203,0.10120197194122613,0.3782500000000013,28.244750000000003,2.6420000000000012,12.9905,15.25425,-12.61225,-0.63825
198.3010585308075,4.557155527869384,-150.21443941000726,40.7895345225799,4.557155527869384,-150.21443941000726,40.7895345225799,-1.6975139127753653e-17,-0.5676657521882409,0.8175360274440902,0.09690427040896919,-2.849999999999998,40.61125,1.7577500000000015,18.00175,22.6095,-20.85175,-0.63825
198.3574035167694,4.981585809394204,-150.22034296483045,41.109572151875575,4.981585809394204,-150.22034296483045,41.109572151875575,8.467904117968182e-18,-0.5649559289246429,0.8194346330851192,0.09670408716052115,0.7607500000000016,48.3205,3.241250000000001,22.92,25.4005,-22.15925,-0.63825
198.42804837226868,4.981585809394204,-150.22034296483045,41.109572151875575,4.981585809394204,-150.22034296483045,41.109572151875575,8.467904117968182e-18,-0.5649559289246429,0.8194346330851192,0.09670408716052115,-0.6302500000000002,53.79825,-0.7240000000000002,26.946,26.85225,-27.57625,-0.63825
198.50491547584534,4.522993909782656,-150.23482094633525,41.00381839231023,4.522993909782656,-150.23482094633525,41.00381839231023,-1.2675857721534197e-17,-0.5628677928287287,0.8211153110513998,0.09460176400616545,-2.24475,61.31400000000001,1.6897500000000036,28.68975,32.62425,-30.9345,-0.63825
198.59213995933533,4.522993909782656,-150.23482094633525,41.00381839231023,4.522993909782656,-150.23482094633525,41.00381839231023,-1.2675857721534197e-17,-0.5628677928287287,0.8211153110513998,0.09460176400616545,0.8107499999999987,68.5425,1.522750000000002,33.91525,34.627250000000004,-33.1045,-0.63825
198.69001126289368,4.421433859648488,-150.33734987550594,40.97600877347325,4.421433859648488,-150.33734987550594,40.97600877347325,-2.1121173871145837e-17,-0.5626867955534955,0.8213196324029396,0.0939022445910581,-1.492999999999995,76.075,1.581000000000003,36.5005,39.5745,-37.9935,-0.63825
198.80102515220642,4.268205688320762,-150.43520501431271,41.047740909372436,4.268205688320762,-150.43520501431271,41.047740909372436,0.0,-0.5615010609656835,0.822323076055068,0.09220258739180012,-0.06300000000000239,69.45925,1.3257499999999993,34.03525,35.424,-34.09825,-0.63825
198.91178107261658,4.225887400580433,-150.50822241716423,41.097516620352266,4.225887400580433,-150.50822241716423,41.097516620352266,-8.432035286660581e-18,-0.5607888661544841,0.8229204062848869,0.09120226157878442,-0.446749999999998,51.30275,2.6025000000000027,24.12675,27.176000000000002,-24.5735,-0.63825
198.992347240448,5.081361922448764,-149.9581580516413,41.41828528499388,5.081361922448764,-149.9581580516413,41.41828528499388,-4.238744739517809e-18,-0.5676372663402165,0.8185081115189523,0.08850087705488976,-2.6842500000000022,45.429500000000004,2.4537499999999994,20.14575,25.28375,-22.830000000000002,-0.63825
199.05215072631836,5.081361922448764,-149.9581580516413,41.41828528499388,5.081361922448764,-149.9581580516413,41.41828528499388,-4.238744739517809e-18,-0.5676372663402165,0.8185081115189523,0.08850087705488976,-2.4127500000000026,42.776250000000005,3.1095000000000006,18.627,24.149250000000002,-21.03975,-0.63825
199.18976640701294,4.919021431352519,-150.08786550920982,41.40340105166683,4.919021431352519,-150.08786550920982,41.40340105166683,1.2726959101476817e-17,-0.5687851366104841,0.8178183628053832,0.08750196471688804,-2.9800000000000004,35.187250000000006,2.806750000000001,14.70025,20.487000000000002,-17.68025,-0.63825
199.2963502407074,4.979436995479631,-150.06923235732975,41.4017381439067,4.979436995479631,-150.06923235732975,41.4017381439067,-8.484770787309458e-18,-0.5687264112742545,0.8178056989218405,0.08800061323688184,1.0887499999999992,20.93575,0.9324999999999992,10.546,10.38975,-9.45725,-0.63825
199.36520957946777,5.059992371786876,-150.05235140050965,41.39051920256452,5.059992371786876,-150.05235140050965,41.39051920256452,-1.6975375550459718e-17,-0.5691145604850096,0.8175246412995337,0.08810265553331977,0.9610000000000003,7.25175,0.7407500000000002,3.736,3.51575,-2.775,-0.63825
199.41885375976562,5.059992371786876,-150.05235140050965,41.39051920256452,5.059992371786876,-150.05235140050965,41.39051920256452,-1.6975375550459718e-17,-0.5691145604850096,0.8175246412995337,0.08810265553331977,0.29374999999999996,1.01775,0.275,0.51825,0.4995,-0.2245,-0.63825
199.5033996105194,5.08159943613353,-150.06770156361847,41.28190287201129,5.08159943613353,-150.06770156361847,41.28190287201129,8.488874905014718e-18,-0.5692480051395302,0.8174103142700508,0.08830111420362793,0.0,0.0,0.0,0.0,0.0,0.0,-0.63825
199.61709833145142,5.04132368418658,-150.08808691055853,41.274009746189385,5.04132368418658,-150.08808691055853,41.274009746189385,0.0,-0.5693337837694963,0.8173287234224758,0.08850311026904334,0.0,0.0,0.0,0.0,0.0,0.0,-0.63825
199.67405128479004,5.04132368418658,-150.08808691055853,41.274009746189385,5.04132368418658,-150.08808691055853,41.274009746189385,0.0,-0.5693337837694963,0.8173287234224758,0.08850311026904334,0.0,0.0,0.0,0.0,0.0,0.0,-0.63825
199.73563981056213,5.031319395878285,-150.04011123731107,41.327845134103804,5.031319395878285,-150.04011123731107,41.327845134103804,0.0,-0.5693575566434887,0.817312355155795,0.08850133785793207,0.0,0.0,0.0,0.0,0.0,0.0,-0.63825
199.7912244796753,5.031319395878285,-150.04011123731107,41.327845134103804,5.031319395878285,-150.04011123731107,41.327845134103804,0.0,-0.5693575566434887,0.817312355155795,0.08850133785793207,0.0,0.0,0.0,0.0,0.0,0.0,-0.63825
199.8637409210205,5.061598604343516,-150.01952969124346,41.33556326186817,5.061598604343516,-150.01952969124346,41.33556326186817,-8.490857385702344e-18,-0.5694907620090677,0.817219461911061,0.08850210765923752,0.0,0.0,0.0,0.0,0.0,0.0,-0.63825
199.98064136505127,5.062193250036728,-150.07274835258295,41.24192875710773,5.062193250036728,-150.07274835258295,41.24192875710773,8.490702921126432e-18,-0.5693599416152876,0.8172343289319407,0.08920374711298228,0.0,0.0,0.0,0.0,0.0,0.0,-0.63825
200.04869270324707,5.062193250036728,-150.07274835258295,41.24192875710773,5.062193250036728,-150.07274835258295,41.24192875710773,8.490702921126432e-18,-0.5693599416152876,0.8172343289319407,0.08920374711298228,0.0,0.0,0.0,0.0,0.0,0.0,-0.63825
200.13747358322144,5.073510320468358,-150.0851827229545,41.15294948789119,5.073510320468358,-150.0851827229545,41.15294948789119,-8.489881371390029e-18,-0.5692624328158062,0.8173134111497179,0.08910146204996923,0.0,0.0,0.0,0.0,0.0,0.0,-0.63825
200.25696873664856,5.073510320468358,-150.0851827229545,41.15294948789119,5.073510320468358,-150.0851827229545,41.15294948789119,-8.489881371390029e-18,-0.5692624328158062,0.8173134111497179,0.08910146204996923,0.0,0.0,0.0,0.0,0.0,0.0,-0.63825
200.29936933517456,5.052418730586595,-150.08653671719273,41.21339211801152,5.052418730586595,-150.08653671719273,41.21339211801152,-2.1226916858955628e-17,-0.5694313900609219,0.8172281860353772,0.08880306279973262,0.0,0.0,0.0,0.0,0.0,0.0,-0.63825
200.41707849502563,5.002289287961304,-150.08419592475016,41.22242315742094,5.002289287961304,-150.08419592475016,41.22242315742094,-1.2736229670109082e-17,-0.569407576209447,0.8172230813557322,0.08900251375509075,0.0,0.0,0.0,0.0,0.0,0.0,-0.63825
200.48059844970703,5.002289287961304,-150.08419592475016,41.22242315742094,5.002289287961304,-150.08419592475016,41.22242315742094,-1.2736229670109082e-17,-0.569407576209447,0.8172230813557322,0.08900251375509075,0.0,0.0,0.0,0.0,0.0,0.0,-0.63825
200.54650568962097,5.024253484316404,-150.0432212372213,41.156554735089856,5.024253484316404,-150.0432212372213,41.156554735089856,-2.1229529366344024e-17,-0.5695288486391407,0.8171276178768851,0.08910301156875593,0.0,0.0,0.0,0.0,0.0,0.0,-0.63825
200.615478515625,5.024253484316404,-150.0432212372213,41.156554735089856,5.024253484316404,-150.0432212372213,41.156554735089856,-2.1229529366344024e-17,-0.5695288486391407,0.8171276178768851,0.08910301156875593,0.0,0.0,0.0,0.0,0.0,0.0,-0.63825
200.68092703819275,5.043953120846538,-150.0408940418666,41.17671679059917,5.043953120846538,-150.0408940418666,41.17671679059917,1.273640506290386e-17,-0.5694551439015036,0.8172118273920359,0.08880128520853257,0.0,0.0,0.0,0.0,0.0,0.0,-0.63825
200.79602003097534,5.070940692970225,-150.04944141033897,41.339807604083774,5.070940692970225,-150.04944141033897,41.339807604083774,8.48983957784214e-18,-0.5693812329657427,0.817317434597614,0.08830188361063175,0.0,0.0,0.0,0.0,0.0,0.0,-0.63825
200.88726830482483,5.070940692970225,-150.04944141033897,41.339807604083774,5.070940692970225,-150.04944141033897,41.339807604083774,8.48983957784214e-18,-0.5693812329657427,0.817317434597614,0.08830188361063175,0.0,0.0,0.0,0.0,0.0,0.0,-0.63825
200.98533535003662,5.043215622349976,-150.0102053207822,41.253252132070756,5.043215622349976,-150.0102053207822,41.253252132070756,0.0,-0.5696120872809088,0.8171240105838469,0.08860260352188083,0.0,0.0,0.0,0.0,0.0,0.0,-0.63825
201.0592770576477,5.034539605818168,-150.02224729289864,41.16392286673914,5.034539605818168,-150.02224729289864,41.16392286673914,-8.49192858537833e-18,-0.5695764238904547,0.8171163751724,0.08890178160913761,0.0,0.0,0.0,0.0,0.0,0.0,-0.63825
201.11289048194885,5.034539605818168,-150.02224729289864,41.16392286673914,5.034539605818168,-150.02224729289864,41.16392286673914,-8.49192858537833e-18,-0.5695764238904547,0.8171163751724,0.08890178160913761,0.0,0.0,0.0,0.0,0.0,0.0,-0.63825
201.24027585983276,5.15229337693583,-149.98031499329582,41.34161848187239,5.15229337693583,-149.98031499329582,41.34161848187239,-8.490974565268012e-18,-0.5695381796015965,0.8172081838862751,0.08830088428433444,0.0,0.0,0.0,0.0,0.0,0.0,-0.63825
201.29816365242004,5.094435823067073,-149.9630202466115,41.23743885239789,5.094435823067073,-149.9630202466115,41.23743885239789,1.6983985361196872e-17,-0.5696476653250743,0.8171102078032219,0.08850110560590517,0.0,0.0,0.0,0.0,0.0,0.0,-0.63825
201.35324716567993,5.094435823067073,-149.9630202466115,41.23743885239789,5.094435823067073,-149.9630202466115,41.23743885239789,1.6983985361196872e-17,-0.5696476653250743,0.8171102078032219,0.08850110560590517,0.0,0.0,0.0,0.0,0.0,0.0,-0.63825
201.41966605186462,4.994041829839546,-150.02864807610138,41.184391381955905,4.994041829839546,-150.02864807610138,41.184391381955905,-8.491875651408784e-18,-0.5696002124512377,0.8171214686541104,0.0887023305221143,0.0,0.0,0.0,0.0,0.0,0.0,-0.63825
201.48967051506042,4.994041829839546,-150.02864807610138,41.184391381955905,4.994041829839546,-150.02864807610138,41.184391381955905,-8.491875651408784e-18,-0.5696002124512377,0.8171214686541104,0.0887023305221143,0.0,0.0,0.0,0.0,0.0,0.0,-0.63825
201.61117029190063,4.982130113714732,-149.96299504439037,41.36700515593288,4.982130113714732,-149.96299504439037,41.36700515593288,-4.2458588264794496e-18,-0.5696712668645292,0.8171366721654247,0.08810395400535295,0.0,0.0,0.0,0.0,0.0,0.0,-0.63825
201.6929042339325,4.983811645086348,-149.94279810205663,41.293593603894976,4.983811645086348,-149.94279810205663,41.293593603894976,-1.2737870568063717e-17,-0.5696831676701619,0.8171178063275778,0.08820192206350794,0.0,0.0,0.0,0.0,0.0,0.0,-0.63825
201.73340368270874,4.983811645086348,-149.94279810205663,41.293593603894976,4.983811645086348,-149.94279810205663,41.293593603894976,-1.2737870568063717e-17,-0.5696831676701619,0.8171178063275778,0.08820192206350794,0.0,0.0,0.0,0.0,0.0,0.0,-0.63825
201.8155927658081,5.052335686945071,-150.02613247614036,41.28585811532503,5.052335686945071,-150.02613247614036,41.28585811532503,-4.2454155058697745e-18,-0.5695026087774747,0.8172220003334668,0.0884023798696506,0.0,0.0,0.0,0.0,0.0,0.0,-0.63825
201.85789847373962,5.052335686945071,-150.02613247614036,41.28585811532503,5.052335686945071,-150.02613247614036,41.28585811532503,-4.2454155058697745e-18,-0.5695026087774747,0.8172220003334668,0.0884023798696506,0.0,0.0,0.0,0.0,0.0,0.0,-0.63825
201.97825002670288,5.021100828364894,-150.0259304744462,41.35603177708494,5.021100828364894,-150.0259304744462,41.35603177708494,-8.49080467125863e-18,-0.5695144425764285,0.8172245355490722,0.08830265111231408,0.0,0.0,0.0,0.0,0.0,0.0,-0.63825
202.07749581336975,5.021100828364894,-150.0259304744462,41.35603177708494,5.021100828364894,-150.0259304744462,41.35603177708494,-8.49080467125863e-18,-0.5695144425764285,0.8172245355490722,0.08830265111231408,0.0,0.0,0.0,0.0,0.0,0.0,-0.63825
202.1732940673828,5.079259577493588,-150.09372428886022,41.38638896119324,5.079259577493588,-150.09372428886022,41.38638896119324,1.2734623113843791e-17,-0.5693219243540514,0.8173261794097345,0.08860283799792298,0.0,0.0,0.0,0.0,0.0,0.0,-0.63825
202.23852443695068,5.039653770054798,-150.17995306407215,41.26640571926935,5.039653770054798,-150.17995306407215,41.26640571926935,-4.244418531974022e-18,-0.5691649249849224,0.8174139580763781,0.08880151636552772,0.0,0.0,0.0,0.0,0.0,0.0,-0.63825
202.30493450164795,5.039653770054798,-150.17995306407215,41.26640571926935,5.039653770054798,-150.17995306407215,41.26640571926935,-4.244418531974022e-18,-0.5691649249849224,0.8174139580763781,0.08880151636552772,0.0,0.0,0.0,0.0,0.0,0.0,-0.63825
202.42510318756104,5.021116318018045,-150.12148942268607,41.24801100514102,5.021116318018045,-150.12148942268607,41.24801100514102,-8.490740275629254e-18,-0.5694432775389809,0.8172307335585037,0.08870333586226048,0.0,0.0,0.0,0.0,0.0,0.0,-0.63825
202.49741625785828,5.072193665931735,-150.09683428877048,41.21509856217929,5.072193665931735,-150.09683428877048,41.21509856217929,4.245356920594147e-18,-0.5694551520499982,0.8172332778719715,0.08860360795332439,0.0,0.0,0.0,0.0,0.0,0.0,-0.63825
202.54708552360535,5.072193665931735,-150.09683428877048,41.21509856217929,5.072193665931735,-150.09683428877048,41.21509856217929,4.245356920594147e-18,-0.5694551520499982,0.8172332778719715,0.08860360795332439,0.0,0.0,0.0,0.0,0.0,0.0,-0.63825
202.60967469215393,5.053005631453232,-150.0919759044123,41.173767999223045,5.053005631453232,-150.0919759044123,41.173767999223045,4.245455117060895e-18,-0.5694670295696436,0.8172143754414471,0.08870156032997598,0.0,0.0,0.0,0.0,0.0,0.0,-0.63825
202.66960954666138,5.053005631453232,-150.0919759044123,41.173767999223045,5.053005631453232,-150.0919759044123,41.173767999223045,4.245455117060895e-18,-0.5694670295696436,0.8172143754414471,0.08870156032997598,0.0,0.0,0.0,0.0,0.0,0.0,-0.63825
202.79627656936646,5.082697939051826,-150.06595517112515,41.22111024577588,5.082697939051826,-150.06595517112515,41.22111024577588,4.245455117060895e-18,-0.5694670295696436,0.8172143754414471,0.08870156032997598,0.0,0.0,0.0,0.0,0.0,0.0,-0.63825
202.85559630393982,5.179954765980909,-150.07859552710005,41.365613986269025,5.179954765980909,-150.07859552710005,41.365613986269025,8.48983957784214e-18,-0.5693812329657427,0.817317434597614,0.08830188361063175,0.0,0.0,0.0,0.0,0.0,0.0,-0.63825
202.92308616638184,5.179954765980909,-150.07859552710005,41.365613986269025,5.179954765980909,-150.07859552710005,41.365613986269025,8.48983957784214e-18,-0.5693812329657427,0.817317434597614,0.08830188361063175,0.0,0.0,0.0,0.0,0.0,0.0,-0.63825
202.9869842529297,5.140254297660761,-150.03275085007974,41.39911232061658,5.140254297660761,-150.03275085007974,41.39911232061658,-8.490725850586776e-18,-0.5695498661422308,0.8172321219660738,0.08800345904676268,0.0,0.0,0.0,0.0,0.0,0.0,-0.63825
203.04500937461853,5.140254297660761,-150.03275085007974,41.39911232061658,5.140254297660761,-150.03275085007974,41.39911232061658,-8.490725850586776e-18,-0.5695498661422308,0.8172321219660738,0.08800345904676268,0.0,0.0,0.0,0.0,0.0,0.0,-0.63825
203.17014145851135,5.041609389793308,-150.04302703004836,41.30820807276711,5.041609389793308,-150.04302703004836,41.30820807276711,-8.490974565268012e-18,-0.5695381796015965,0.8172081838862751,0.08830088428433444,0.0,0.0,0.0,0.0,0.0,0.0,-0.63825
203.23958563804626,5.0525615833899735,-150.06400677693765,41.23049128130038,5.0525615833899735,-150.06400677693765,41.23049128130038,-4.2454155058697745e-18,-0.5695026087774747,0.8172220003334668,0.0884023798696506,0.0,0.0,0.0,0.0,0.0,0.0,-0.63825
203.29721522331238,5.0525615833899735,-150.06400677693765,41.23049128130038,5.0525615833899735,-150.06400677693765,41.23049128130038,-4.2454155058697745e-18,-0.5695026087774747,0.8172220003334668,0.0884023798696506,0.0,0.0,0.0,0.0,0.0,0.0,-0.63825
203.36401653289795,5.014332239649633,-150.0556498050262,41.137924125690766,5.014332239649633,-150.0556498050262,41.137924125690766,-8.491875651408784e-18,-0.5696002124512377,0.8171214686541104,0.0887023305221143,0.0,0.0,0.0,0.0,0.0,0.0,-0.63825
203.41313004493713,5.014332239649633,-150.0556498050262,41.137924125690766,5.014332239649633,-150.0556498050262,41.137924125690766,-8.491875651408784e-18,-0.5696002124512377,0.8171214686541104,0.0887023305221143,0.0,0.0,0.0,0.0,0.0,0.0,-0.63825
203.5458686351776,5.023809436253146,-150.01525210974668,41.2132780171672,5.023809436253146,-150.01525210974668,41.2132780171672,1.6983985361196872e-17,-0.5696476653250743,0.8171102078032219,0.08850110560590517,0.0,0.0,0.0,0.0,0.0,0.0,-0.63825
203.60352182388306,5.043505200370021,-149.989035177332,41.2604452656625,5.043505200370021,-149.989035177332,41.2604452656625,1.6983932648574163e-17,-0.5696595124106173,0.8171127438484943,0.0884013787250115,0.0,0.0,0.0,0.0,0.0,0.0,-0.63825
203.66439485549927,5.043505200370021,-149.989035177332,41.2604452656625,5.043505200370021,-149.989035177332,41.2604452656625,1.6983932648574163e-17,-0.5696595124106173,0.8171127438484943,0.0884013787250115,0.0,0.0,0.0,0.0,0.0,0.0,-0.63825
203.73389387130737,5.032417898796581,-150.03836484481772,41.2670525078684,5.032417898796581,-150.03836484481772,41.2670525078684,-8.490974565268012e-18,-0.5695381796015965,0.8172081838862751,0.08830088428433444,0.0,0.0,0.0,0.0,0.0,0.0,-0.63825
203.8060007095337,5.032417898796581,-150.03836484481772,41.2670525078684,5.032417898796581,-150.03836484481772,41.2670525078684,-8.490974565268012e-18,-0.5695381796015965,0.8172081838862751,0.08830088428433444,0.0,0.0,0.0,0.0,0.0,0.0,-0.63825
203.95931029319763,5.014392048811487,-149.97271562371876,41.227489286293135,5.014392048811487,-149.97271562371876,41.227489286293135,0.0,-0.5696949758412966,0.8171203327635871,0.0881021922854877,0.0,0.0,0.0,0.0,0.0,0.0,-0.63825
203.9989619255066,5.014392048811487,-149.97271562371876,41.227489286293135,5.014392048811487,-149.97271562371876,41.227489286293135,0.0,-0.5696949758412966,0.8171203327635871,0.0881021922854877,0.0,0.0,0.0,0.0,0.0,0.0,-0.63825
204.04745984077454,5.014392048811487,-149.97271562371876,41.227489286293135,5.014392048811487,-149.97271562371876,41.227489286293135,0.0,-0.5696949758412966,0.8171203327635871,0.0881021922854877,0.0,0.0,0.0,0.0,0.0,0.0,-0.63825
204.1071846485138,5.103337736043784,-149.98885257529236,41.271401283704854,5.103337736043784,-149.98885257529236,41.271401283704854,-2.122985000359778e-17,-0.5696713465261248,0.8171152766895796,0.08830165087711404,0.0,0.0,0.0,0.0,0.0,0.0,-0.6395000000000001
204.17295384407043,5.103337736043784,-149.98885257529236,41.271401283704854,5.103337736043784,-149.98885257529236,41.271401283704854,-2.122985000359778e-17,-0.5696713465261248,0.8171152766895796,0.08830165087711404,0.0,0.0,0.0,0.0,0.0,0.0,-0.6707500000000001
204.30405044555664,5.122164766100553,-150.02614607322826,41.29698913142493,5.122164766100553,-150.02614607322826,41.29698913142493,-2.122985000359778e-17,-0.5696713465261248,0.8171152766895796,0.08830165087711404,0.0,0.0,0.0,0.0,0.0,0.0,-0.73625
204.42196583747864,5.143823894782514,-149.9107825809097,41.33194834744603,5.143823894782514,-149.9107825809097,41.33194834744603,0.0,-0.5700439087621878,0.8169093738994326,0.08780100750198334,0.0,0.0,0.0,0.0,0.0,0.0,-0.79525
204.4915428161621,5.6939694067692415,-149.28063002271983,42.04099536214083,5.6939694067692415,-149.28063002271983,42.04099536214083,0.0,-0.5784478575346794,0.812829486830343,0.06860248867687196,0.0,0.0,0.0,0.0,0.0,0.0,-0.83025
204.54978275299072,5.6939694067692415,-149.28063002271983,42.04099536214083,5.6939694067692415,-149.28063002271983,42.04099536214083,0.0,-0.5784478575346794,0.812829486830343,0.06860248867687196,0.0,0.0,0.0,0.0,0.0,0.0,-0.8592500000000001
204.61439895629883,6.4094092762517505,-148.667414628359,42.431780051290396,6.4094092762517505,-148.667414628359,42.431780051290396,4.293732355647307e-18,-0.5856383187101709,0.8080259002148666,0.06420205791311193,0.0,0.0,0.0,0.0,0.0,0.0,-0.86825
204.73969507217407,6.76088262025857,-147.87505913480757,42.67144494294445,6.76088262025857,-147.87505913480757,42.67144494294445,-1.2971441649546472e-17,-0.5934248219464882,0.8024043230556995,0.06320034049990056,0.0,0.0,0.0,0.0,0.0,0.0,-0.86825
204.79099702835083,6.76088262025857,-147.87505913480757,42.67144494294445,6.76088262025857,-147.87505913480757,42.67144494294445,-1.2971441649546472e-17,-0.5934248219464882,0.8024043230556995,0.06320034049990056,0.0,0.0,0.0,0.0,0.0,0.0,-0.86825
204.86347579956055,7.065881471707343,-147.9669816686273,42.8601933161588,7.065881471707343,-147.9669816686273,42.8601933161588,0.0,-0.5934822308729046,0.8023143127270137,0.0638011381677471,0.0,0.0,0.0,0.0,0.0,0.0,-0.86825
204.91996884346008,7.065881471707343,-147.9669816686273,42.8601933161588,7.065881471707343,-147.9669816686273,42.8601933161588,0.0,-0.5934822308729046,0.8023143127270137,0.0638011381677471,0.0,0.0,0.0,0.0,0.0,0.0,-0.86825
204.9821481704712,7.01626750354697,-147.98134503353185,42.82105065513531,7.01626750354697,-147.98134503353185,42.82105065513531,4.3248466901090855e-18,-0.5936731110295531,0.8022127026810525,0.06330100234319451,0.0,0.0,0.0,0.0,0.0,0.0,-0.86825
205.10660243034363,6.897200950305972,-148.0588186360106,42.67849892130417,6.897200950305972,-148.0588186360106,42.67849892130417,-8.650767243948629e-18,-0.5937755893385952,0.8021131199387099,0.06360104030432856,0.0,0.0,0.0,0.0,0.0,0.0,-0.86825
205.17609643936157,6.897200950305972,-148.0588186360106,42.67849892130417,6.897200950305972,-148.0588186360106,42.67849892130417,-8.650767243948629e-18,-0.5937755893385952,0.8021131199387099,0.06360104030432856,0.0,0.0,0.0,0.0,0.0,0.0,-0.86825
205.24835324287415,7.036640956998582,-148.06875100350902,42.70211740155666,7.036640956998582,-148.06875100350902,42.70211740155666,4.325920831685473e-18,-0.5938779180574717,0.8020135104048685,0.06390107645245773,0.0,0.0,0.0,0.0,0.0,0.0,-0.86825
205.2933201789856,7.036640956998582,-148.06875100350902,42.70211740155666,7.036640956998582,-148.06875100350902,42.70211740155666,4.325920831685473e-18,-0.5938779180574717,0.8020135104048685,0.06390107645245773,0.0,0.0,0.0,0.0,0.0,0.0,-0.86825
205.3633153438568,7.156663160354498,-148.012060948792,42.76677734586353,7.156663160354498,-148.012060948792,42.76677734586353,-8.652900307376793e-18,-0.5939888411676066,0.8019153876061262,0.06410123001066555,0.0,0.0,0.0,0.0,0.0,0.0,-0.86825
205.4824516773224,7.106609016544155,-148.02234492328185,42.7573527739314,7.106609016544155,-148.02234492328185,42.7573527739314,-8.652900307376793e-18,-0.5939888411676066,0.8019153876061262,0.06410123001066555,0.0,0.0,0.0,0.0,0.0,0.0,-0.9087500000000001
205.54349422454834,7.106609016544155,-148.02234492328185,42.7573527739314,7.106609016544155,-148.02234492328185,42.7573527739314,-8.652900307376793e-18,-0.5939888411676066,0.8019153876061262,0.06410123001066555,0.0,0.0,0.0,0.0,0.0,0.0,-0.93975
205.61100721359253,7.762609897190174,-146.64370180299125,42.830195010766005,7.762609897190174,-146.64370180299125,42.830195010766005,-8.583294766372306e-18,-0.5861989683427125,0.808418456172853,0.05320121458237976,0.0,0.0,0.0,0.0,0.0,0.0,-0.9732500000000001
205.6654486656189,7.762609897190174,-146.64370180299125,42.830195010766005,7.762609897190174,-146.64370180299125,42.830195010766005,-8.583294766372306e-18,-0.5861989683427125,0.808418456172853,0.05320121458237976,0.0,0.0,0.0,0.0,0.0,0.0,-1.00075
205.74001145362854,7.263143887378504,-147.08446960670113,43.43851848413817,7.263143887378504,-147.08446960670113,43.43851848413817,2.151155156933643e-18,-0.5900824814727746,0.8064148559370131,0.03870071295233435,0.0,0.0,0.0,0.0,0.0,0.0,-1.03775
205.8575336933136,8.45204282864222,-146.0160749778325,44.722750637787456,8.45204282864222,-146.0160749778325,44.722750637787456,-3.2713720658833363e-18,-0.6055709859446908,0.7954109656623836,0.02460033914419743,0.0,0.0,0.0,0.0,0.0,0.0,-1.0967500000000001
205.92114400863647,8.45204282864222,-146.0160749778325,44.722750637787456,8.45204282864222,-146.0160749778325,44.722750637787456,-3.2713720658833363e-18,-0.6055709859446908,0.7954109656623836,0.02460033914419743,0.0,0.0,0.0,0.0,0.0,0.0,-1.12875
205.99745202064514,8.928164172669597,-145.47525920281024,44.98869567580964,8.928164172669597,-145.47525920281024,44.98869567580964,1.1061649994639173e-18,-0.6204231129907777,0.7841160571964895,0.01540031536899112,0.0,0.0,0.0,0.0,0.0,0.0,-1.16675
206.04626607894897,8.928164172669597,-145.47525920281024,44.98869567580964,8.928164172669597,-145.47525920281024,44.98869567580964,1.1061649994639173e-18,-0.6204231129907777,0.7841160571964895,0.01540031536899112,0.0,0.0,0.0,0.0,0.0,0.0,-1.19175
206.11243534088135,10.437883198021467,-144.7318683086317,45.86802408029973,10.437883198021467,-144.7318683086317,45.86802408029973,-2.8230345307701233e-19,-0.6403127334272836,0.7681111659585221,-0.002200031981654406,0.0,0.0,0.0,0.0,0.0,0.0,-1.22425
206.25110816955566,12.004884493615322,-144.07200218509783,46.81014065409487,12.004884493615322,-144.07200218509783,46.81014065409487,0.0,-0.6619617853234041,0.7490106556681799,-0.028100399765388334,0.0,0.0,0.0,0.0,0.0,0.0,-1.29325
206.33241271972656,11.684097218577449,-143.43726057382537,45.274693288962155,11.684097218577449,-143.43726057382537,45.274693288962155,-8.505719835476921e-19,-0.6442487061601182,0.7648045269231789,0.004200024860195283,0.0,0.0,0.0,0.0,0.0,0.0,-1.32125
206.42888855934143,11.684097218577449,-143.43726057382537,45.274693288962155,11.684097218577449,-143.43726057382537,45.274693288962155,-8.505719835476921e-19,-0.6442487061601182,0.7648045269231789,0.004200024860195283,0.0,0.0,0.0,0.0,0.0,0.0,-1.34825
206.50173258781433,11.471321790694589,-142.5837882226878,46.38595903716684,11.471321790694589,-142.5837882226878,46.38595903716684,0.0,-0.6601214282692899,0.7509083376696439,-0.019400215409230377,0.0,0.0,0.0,0.0,0.0,0.0,-1.34825
206.56007957458496,11.471321790694589,-142.5837882226878,46.38595903716684,11.471321790694589,-142.5837882226878,46.38595903716684,0.0,-0.6601214282692899,0.7509083376696439,-0.019400215409230377,0.0,0.0,0.0,0.0,0.0,0.0,-1.34825
206.67828845977783,11.577032743441265,-142.7821207117136,45.8393427016387,11.577032743441265,-142.7821207117136,45.8393427016387,1.1530898016782857e-18,-0.6587931128320703,0.7522065815914649,-0.013300116372196871,0.0,0.0,0.0,0.0,0.0,0.0,-1.34825
206.74566292762756,11.456487320793798,-142.77432713496358,45.8768668437367,11.456487320793798,-142.77432713496358,45.8768668437367,-2.3055726291660996e-18,-0.6585649094285516,0.7524046104781514,-0.013400082111120721,0.0,0.0,0.0,0.0,0.0,0.0,-1.34825
206.78968405723572,11.456487320793798,-142.77432713496358,45.8768668437367,11.456487320793798,-142.77432713496358,45.8768668437367,-2.3055726291660996e-18,-0.6585649094285516,0.7524046104781514,-0.013400082111120721,0.0,0.0,0.0,0.0,0.0,0.0,-1.34825
206.86679244041443,11.327416479244476,-142.80382506419488,45.788150497819984,11.327416479244476,-142.80382506419488,45.788150497819984,1.1521672133463268e-18,-0.6581241974911615,0.7528089047676152,-0.012300145495007523,0.0,0.0,0.0,0.0,0.0,0.0,-1.34825
206.91353344917297,11.327416479244476,-142.80382506419488,45.788150497819984,11.327416479244476,-142.80382506419488,45.788150497819984,1.1521672133463268e-18,-0.6581241974911615,0.7528089047676152,-0.012300145495007523,0.0,0.0,0.0,0.0,0.0,0.0,-1.34825
207.05121612548828,11.288596362224268,-142.76613916800392,45.762212653984825,11.288596362224268,-142.76613916800392,45.762212653984825,2.303726650208828e-18,-0.6579043032475139,0.753007513204554,-0.011900118734573965,0.0,0.0,0.0,0.0,0.0,0.0,-1.34825
207.1205711364746,11.268531848859084,-142.77701173987637,45.75331307622532,11.268531848859084,-142.77701173987637,45.75331307622532,-5.757040385024963e-19,-0.6575722418988305,0.7533052401756276,-0.011400079301741875,0.0,0.0,0.0,0.0,0.0,0.0,-1.34825
207.17593502998352,11.268531848859084,-142.77701173987637,45.75331307622532,11.268531848859084,-142.77701173987637,45.75331307622532,-5.757040385024963e-19,-0.6575722418988305,0.7533052401756276,-0.011400079301741875,0.0,0.0,0.0,0.0,0.0,0.0,-1.34825
207.23633551597595,11.20839811792547,-142.72669527418634,45.81617950354916,11.20839811792547,-142.72669527418634,45.81617950354916,0.0,-0.6575677401227829,0.7533121684250131,-0.011200180919102812,0.0,0.0,0.0,0.0,0.0,0.0,-1.34825
207.29317450523376,11.20839811792547,-142.72669527418634,45.81617950354916,11.20839811792547,-142.72669527418634,45.81617950354916,0.0,-0.6575677401227829,0.7533121684250131,-0.011200180919102812,0.0,0.0,0.0,0.0,0.0,0.0,-1.34825
207.42318892478943,11.220139874353947,-142.64765008673265,45.80550291718518,11.220139874353947,-142.64765008673265,45.80550291718518,5.757036903028158e-19,-0.6575785328429735,0.7533056957930717,-0.01100008317234009,0.0,0.0,0.0,0.0,0.0,0.0,-1.34825
207.49046730995178,11.298656587281101,-142.70729092288397,45.82494761965876,11.298656587281101,-142.70729092288397,45.82494761965876,0.0,-0.6572455935715477,0.7536033298469982,-0.010500046395161201,0.0,0.0,0.0,0.0,0.0,0.0,-1.34825
207.54704809188843,11.298656587281101,-142.70729092288397,45.82494761965876,11.298656587281101,-142.70729092288397,45.82494761965876,0.0,-0.6572455935715477,0.7536033298469982,-0.010500046395161201,0.0,0.0,0.0,0.0,0.0,0.0,-1.34825
207.60666370391846,11.259328740622493,-142.70068034346585,45.793173090284554,11.259328740622493,-142.70068034346585,45.793173090284554,1.1508009439499077e-18,-0.6571364032651099,0.753702664694858,-0.010200036061944475,0.0,0.0,0.0,0.0,0.0,0.0,-1.34825
207.66724920272827,11.259328740622493,-142.70068034346585,45.793173090284554,11.259328740622493,-142.70068034346585,45.793173090284554,1.1508009439499077e-18,-0.6571364032651099,0.753702664694858,-0.010200036061944475,0.0,0.0,0.0,0.0,0.0,0.0,-1.34825
207.79524517059326,11.200876541060495,-142.63016693544205,45.782627965570484,11.200876541060495,-142.63016693544205,45.782627965570484,0.0,-0.6571378282829539,0.7537027689282009,-0.010100037105180879,0.0,0.0,0.0,0.0,0.0,0.0,-1.34825
207.86019706726074,11.189134784631989,-142.70921212289574,45.79330455193446,11.189134784631989,-142.70921212289574,45.79330455193446,-5.75244007414132e-19,-0.6569042730193431,0.7539076694491917,-0.010000101730324869,0.0,0.0,0.0,0.0,0.0,0.0,-1.34825
207.91788530349731,11.189134784631989,-142.70921212289574,45.79330455193446,11.189134784631989,-142.70921212289574,45.79330455193446,-5.75244007414132e-19,-0.6569042730193431,0.7539076694491917,-0.010000101730324869,0.0,0.0,0.0,0.0,0.0,0.0,-1.34825
207.98401832580566,11.130115046269793,-142.75270821295223,45.68735758107897,11.130115046269793,-142.75270821295223,45.68735758107897,-5.751685489936458e-19,-0.656789212469848,0.7540065772946024,-0.010100088104344145,0.0,0.0,0.0,0.0,0.0,0.0,-1.34825
208.05596327781677,11.130115046269793,-142.75270821295223,45.68735758107897,11.130115046269793,-142.75270821295223,45.68735758107897,-5.751685489936458e-19,-0.656789212469848,0.7540065772946024,-0.010100088104344145,0.0,0.0,0.0,0.0,0.0,0.0,-1.34825
208.18207716941833,11.170751802638478,-142.69988775243445,45.710993422137044,11.170751802638478,-142.69988775243445,45.710993422137044,-1.7255058869955823e-18,-0.6567877874717722,0.7540064724136964,-0.010200087557851066,0.0,0.0,0.0,0.0,0.0,0.0,-1.34825
208.30118584632874,11.219199713892152,-142.72242548721076,45.775373934765526,11.219199713892152,-142.72242548721076,45.775373934765526,1.1501859141769777e-18,-0.6566769469359666,0.7541056861307932,-0.010000075402874859,0.0,0.0,0.0,0.0,0.0,0.0,-1.34825
208.3578655719757,11.207961814688787,-142.74650562083164,45.81889239965454,11.207961814688787,-142.74650562083164,45.81889239965454,-2.300048429211534e-18,-0.6565581789157462,0.7542117174339142,-0.009800152255174166,0.0,0.0,0.0,0.0,0.0,0.0,-1.34825
208.42780303955078,11.207961814688787,-142.74650562083164,45.81889239965454,11.207961814688787,-142.74650562083164,45.81889239965454,-2.300048429211534e-18,-0.6565581789157462,0.7542117174339142,-0.009800152255174166,0.0,0.0,0.0,0.0,0.0,0.0,-1.34825
208.49014019966125,11.178337061078565,-142.73737164693125,45.807104927732105,11.178337061078565,-142.73737164693125,45.807104927732105,0.0,-0.6564522925886358,0.7543038821102244,-0.009800050437067739,0.0,0.0,0.0,0.0,0.0,0.0,-1.34825
208.6125226020813,11.139302664853261,-142.73348066112288,45.75551833896366,11.139302664853261,-142.73348066112288,45.75551833896366,-2.8747084773721785e-18,-0.6564550157997188,0.7543040840625289,-0.009600051977993209,0.0,0.0,0.0,0.0,0.0,0.0,-1.34825
208.672043800354,11.139302664853261,-142.73348066112288,45.75551833896366,11.139302664853261,-142.73348066112288,45.75551833896366,-2.8747084773721785e-18,-0.6564550157997188,0.7543040840625289,-0.009600051977993209,0.0,0.0,0.0,0.0,0.0,0.0,-1.34825
208.7384865283966,11.208909719977129,-142.71950969447346,45.79501099610223,11.208909719977129,-142.71950969447346,45.79501099610223,-1.1497323619124339e-18,-0.6563425987839888,0.7544031695738801,-0.009500039913774998,0.0,0.0,0.0,0.0,0.0,0.0,-1.34825
208.80198335647583,11.208909719977129,-142.71950969447346,45.79501099610223,11.208909719977129,-142.71950969447346,45.79501099610223,-1.1497323619124339e-18,-0.6563425987839888,0.7544031695738801,-0.009500039913774998,0.0,0.0,0.0,0.0,0.0,0.0,-1.34825
208.86195373535156,11.238530601174034,-142.70475393131386,45.833803661010634,11.238530601174034,-142.70475393131386,45.833803661010634,1.7245830981008523e-18,-0.6563333768058974,0.7544099257468898,-0.009600126308550032,0.0,0.0,0.0,0.0,0.0,0.0,-1.34825
208.98706817626953,11.159363305805158,-142.69871835219047,45.79142310970915,11.159363305805158,-142.69871835219047,45.79142310970915,1.1495709165864476e-18,-0.6562222407056163,0.7545091176836308,-0.009400113593407727,0.0,0.0,0.0,0.0,0.0,0.0,-1.34825
209.05560660362244,11.159363305805158,-142.69871835219047,45.79142310970915,11.159363305805158,-142.69871835219047,45.79142310970915,1.1495709165864476e-18,-0.6562222407056163,0.7545091176836308,-0.009400113593407727,0.0,0.0,0.0,0.0,0.0,0.0,-1.34825
209.11784958839417,11.030724895079203,-142.6845161977165,45.72699906067304,11.030724895079203,-142.6845161977165,45.72699906067304,1.1495709165864476e-18,-0.6562222407056163,0.7545091176836308,-0.009400113593407727,0.0,0.0,0.0,0.0,0.0,0.0,-1.34825
209.1657497882843,11.030724895079203,-142.6845161977165,45.72699906067304,11.030724895079203,-142.6845161977165,45.72699906067304,1.1495709165864476e-18,-0.6562222407056163,0.7545091176836308,-0.009400113593407727,0.0,0.0,0.0,0.0,0.0,0.0,-1.34825
209.24131441116333,11.041225295786063,-142.62974734301122,45.76001593725561,11.041225295786063,-142.62974734301122,45.76001593725561,5.7478538388968894e-18,-0.656223553247431,0.7545092153516424,-0.009300113588827402,0.0,0.0,0.0,0.0,0.0,0.0,-1.34825
209.36843585968018,11.080632313672936,-142.67287242642175,45.74632966230229,11.080632313672936,-142.67287242642175,45.74632966230229,5.7470983838383645e-19,-0.6561123056827655,0.7546083954535601,-0.009100101243874103,0.0,0.0,0.0,0.0,0.0,0.0,-1.34825
209.41594457626343,11.080632313672936,-142.67287242642175,45.74632966230229,11.080632313672936,-142.67287242642175,45.74632966230229,5.7470983838383645e-19,-0.6561123056827655,0.7546083954535601,-0.009100101243874103,0.0,0.0,0.0,0.0,0.0,0.0,-1.34825
209.4820041656494,11.060349648689396,-142.69365017161687,45.73878653259546,11.060349648689396,-142.69365017161687,45.73878653259546,1.7239033927125963e-18,-0.655998448263943,0.754707376574849,-0.009100088945052504,0.0,0.0,0.0,0.0,0.0,0.0,-1.34825
209.54229736328125,11.060349648689396,-142.69365017161687,45.73878653259546,11.060349648689396,-142.69365017161687,45.73878653259546,1.7239033927125963e-18,-0.655998448263943,0.754707376574849,-0.009100088945052504,0.0,0.0,0.0,0.0,0.0,0.0,-1.34825
209.6291491985321,11.051071241637828,-142.6046940082739,45.79710215799625,11.051071241637828,-142.6046940082739,45.79710215799625,2.873548831071636e-18,-0.6561135760478637,0.7546084902139432,-0.009000101261496805,0.0,0.0,0.0,0.0,0.0,0.0,-1.34825
209.74438214302063,10.990599740762178,-142.7301510785214,45.682194712168034,10.990599740762178,-142.7301510785214,45.682194712168034,-2.8724182314205967e-18,-0.6557731790939841,0.7549055082757198,-0.008900064940593326,0.0,0.0,0.0,0.0,0.0,0.0,-1.34825
209.80095553398132,10.990599740762178,-142.7301510785214,45.682194712168034,10.990599740762178,-142.7301510785214,45.682194712168034,-2.8724182314205967e-18,-0.6557731790939841,0.7549055082757198,-0.008900064940593326,0.0,0.0,0.0,0.0,0.0,0.0,-1.34825
209.86321592330933,10.921583458918235,-142.77345096945035,45.57607274325501,10.921583458918235,-142.77345096945035,45.57607274325501,1.1488169830102048e-18,-0.6556567148412686,0.7550042790242236,-0.009100051574993955,0.0,0.0,0.0,0.0,0.0,0.0,-1.34825
209.9197964668274,10.921583458918235,-142.77345096945035,45.57607274325501,10.921583458918235,-142.77345096945035,45.57607274325501,1.1488169830102048e-18,-0.6556567148412686,0.7550042790242236,-0.009100051574993955,0.0,0.0,0.0,0.0,0.0,0.0,-1.34825
209.98839855194092,11.030804066307468,-142.72103070170888,45.681538256345505,11.030804066307468,-142.72103070170888,45.681538256345505,1.1489675815952714e-18,-0.655770652835367,0.7549053183764547,-0.009100064110777241,0.0,0.0,0.0,0.0,0.0,0.0,-1.34825
210.11874532699585,11.051963210177632,-142.68452200028312,45.65665040085559,11.051963210177632,-142.68452200028312,45.65665040085559,-1.1489667338576335e-18,-0.6557780632304732,0.7549058753652973,-0.008500066155259011,0.0,0.0,0.0,0.0,0.0,0.0,-1.34825
210.17194080352783,11.051963210177632,-142.68452200028312,45.65665040085559,11.051963210177632,-142.68452200028312,45.65665040085559,-1.1489667338576335e-18,-0.6557780632304732,0.7549058753652973,-0.008500066155259011,0.0,0.0,0.0,0.0,0.0,0.0,-1.34825
210.24546098709106,11.093262166227902,-142.64976549391733,45.62220651178363,11.093262166227902,-142.64976549391733,45.62220651178363,3.4469006133536682e-18,-0.6557768632442058,0.7549057851811707,-0.008600065906157202,0.0,0.0,0.0,0.0,0.0,0.0,-1.34825
210.28956413269043,11.093262166227902,-142.64976549391733,45.62220651178363,11.093262166227902,-142.64976549391733,45.62220651178363,3.4469006133536682e-18,-0.6557768632442058,0.7549057851811707,-0.008600065906157202,0.0,0.0,0.0,0.0,0.0,0.0,-1.34825
210.37053990364075,11.091798786474612,-142.66005726292843,45.69426161576885,11.091798786474612,-142.66005726292843,45.69426161576885,5.7440813546736375e-19,-0.6556629248897647,0.7550047470016071,-0.008600054071806385,0.0,0.0,0.0,0.0,0.0,0.0,-1.34825
210.49276041984558,11.060785951926078,-142.67383982497157,45.73607363649009,11.060785951926078,-142.67383982497157,45.73607363649009,1.1488159974114832e-18,-0.6556653106918006,0.7550049267617671,-0.00840005481430311,0.0,0.0,0.0,0.0,0.0,0.0,-1.34825
210.5444598197937,11.060785951926078,-142.67383982497157,45.73607363649009,11.060785951926078,-142.67383982497157,45.73607363649009,1.1488159974114832e-18,-0.6556653106918006,0.7550049267617671,-0.00840005481430311,0.0,0.0,0.0,0.0,0.0,0.0,-1.34825
210.626318693161,11.06159487682433,-142.69326357592843,45.66808787666294,11.06159487682433,-142.69326357592843,45.66808787666294,1.1486655827784958e-18,-0.655550159538551,0.7551037926028485,-0.008500042692523127,0.0,0.0,0.0,0.0,0.0,0.0,-1.34825
210.67538571357727,11.06159487682433,-142.69326357592843,45.66808787666294,11.06159487682433,-142.69326357592843,45.66808787666294,1.1486655827784958e-18,-0.655550159538551,0.7551037926028485,-0.008500042692523127,0.0,0.0,0.0,0.0,0.0,0.0,-1.34825
210.74220776557922,11.03175197159581,-142.6940347753507,45.657656852793195,11.03175197159581,-142.6940347753507,45.657656852793195,-1.7229822961868353e-18,-0.6555433311677333,0.7551108388414478,-0.008400120575113445,0.0,0.0,0.0,0.0,0.0,0.0,-1.34825
210.87911820411682,11.041090187809232,-142.70005675738622,45.68890638799479,11.041090187809232,-142.70005675738622,45.68890638799479,5.743275000933767e-19,-0.6555421451666076,0.7551107493959315,-0.00850012100366232,0.0,0.0,0.0,0.0,0.0,0.0,-1.34825
210.9197859764099,11.041090187809232,-142.70005675738622,45.68890638799479,11.041090187809232,-142.70005675738622,45.68890638799479,5.743275000933767e-19,-0.6555421451666076,0.7551107493959315,-0.00850012100366232,0.0,0.0,0.0,0.0,0.0,0.0,-1.34825
211.00502276420593,11.140683000964998,-142.66278465105944,45.755929232291955,11.140683000964998,-142.66278465105944,45.755929232291955,1.1485150820971416e-18,-0.6554361674347641,0.7552027409205948,-0.00850003084987428,0.0,0.0,0.0,0.0,0.0,0.0,-1.34825
211.04666423797607,11.140683000964998,-142.66278465105944,45.755929232291955,11.140683000964998,-142.66278465105944,45.755929232291955,1.1485150820971416e-18,-0.6554361674347641,0.7552027409205948,-0.00850003084987428,0.0,0.0,0.0,0.0,0.0,0.0,-1.34825
211.1338939666748,11.160604661526833,-142.67444201944207,45.74772964676261,11.160604661526833,-142.67444201944207,45.74772964676261,-2.297008152420099e-18,-0.6554316497815601,0.7552099778788872,-0.008200108340316307,0.0,0.0,0.0,0.0,0.0,0.0,-1.34825
211.25153923034668,11.060797569165942,-142.74550903615147,45.655058057532145,11.060797569165942,-142.74550903615147,45.655058057532145,0.0,-0.6552023889642486,0.7554077958782375,-0.008300085657650742,0.0,0.0,0.0,0.0,0.0,0.0,-1.34825
211.29205536842346,11.060797569165942,-142.74550903615147,45.655058057532145,11.060797569165942,-142.74550903615147,45.655058057532145,0.0,-0.6552023889642486,0.7554077958782375,-0.008300085657650742,0.0,0.0,0.0,0.0,0.0,0.0,-1.34825
211.37188935279846,10.990171182352071,-142.79774089928662,45.630897222301456,10.990171182352071,-142.79774089928662,45.630897222301456,-1.148052813821873e-18,-0.6550894549180939,0.7555068264681589,-0.008200074092705368,0.0,0.0,0.0,0.0,0.0,0.0,-1.34825
211.42634224891663,10.990171182352071,-142.79774089928662,45.630897222301456,10.990171182352071,-142.79774089928662,45.630897222301456,-1.148052813821873e-18,-0.6550894549180939,0.7555068264681589,-0.008200074092705368,0.0,0.0,0.0,0.0,0.0,0.0,-1.34825
211.50199794769287,10.990171182352071,-142.79774089928662,45.630897222301456,10.990171182352071,-142.79774089928662,45.630897222301456,-1.148052813821873e-18,-0.6550894549180939,0.7555068264681589,-0.008200074092705368,0.0,0.0,0.0,0.0,0.0,0.0,-1.34825
211.61631536483765,11.019637593505763,-142.73384586520223,45.73360630287894,11.019637593505763,-142.73384586520223,45.73360630287894,0.0,-0.6550905985530456,0.7555069135928609,-0.008100074123232522,0.0,0.0,0.0,0.0,0.0,0.0,-1.3805
211.68707656860352,11.090041956288019,-142.66762943832975,45.7861287791483,11.090041956288019,-142.66762943832975,45.7861287791483,0.0,-0.6552046903989522,0.7554079707645466,-0.00810008546888116,0.0,0.0,0.0,0.0,0.0,0.0,-1.4165
211.73125338554382,11.090041956288019,-142.66762943832975,45.7861287791483,11.090041956288019,-142.66762943832975,45.7861287791483,0.0,-0.6552046903989522,0.7554079707645466,-0.00810008546888116,0.0,0.0,0.0,0.0,0.0,0.0,-1.438
211.79709839820862,12.632517146319202,-141.78948195906932,45.51681986209058,12.632517146319202,-141.78948195906932,45.51681986209058,-1.17751311216065e-18,-0.6763064534785769,0.7366047384362951,-0.0048000308776733865,0.0,0.0,0.0,0.0,0.0,0.0,-1.4715
211.8585524559021,12.632517146319202,-141.78948195906932,45.51681986209058,12.632517146319202,-141.78948195906932,45.51681986209058,-1.17751311216065e-18,-0.6763064534785769,0.7366047384362951,-0.0048000308776733865,0.0,0.0,0.0,0.0,0.0,0.0,-1.502
211.98351502418518,13.737318354364305,-141.23888338451528,45.881587596959164,13.737318354364305,-141.23888338451528,45.881587596959164,-2.4059894437691495e-18,-0.6929042220398944,0.7210021143148669,-0.0063000184745959234,0.0,0.0,0.0,0.0,0.0,0.0,-1.5645
212.048725605011,14.012335027023738,-140.68326525250313,46.2232809114075,14.012335027023738,-140.68326525250313,46.2232809114075,0.0,-0.7016637923959721,0.7121004926531483,-0.024100016673137024,0.0,0.0,0.0,0.0,0.0,0.0,-1.597
212.10420966148376,14.012335027023738,-140.68326525250313,46.2232809114075,14.012335027023738,-140.68326525250313,46.2232809114075,0.0,-0.7016637923959721,0.7121004926531483,-0.024100016673137024,0.0,0.0,0.0,0.0,0.0,0.0,-1.614
212.16889786720276,14.55703048764778,-140.11291309553485,47.74804491682512,14.55703048764778,-140.11291309553485,47.74804491682512,0.0,0.7098738453187495,-0.7016997126690019,0.06079997510371284,0.0,0.0,0.0,0.0,0.0,0.0,-1.614
212.23170685768127,14.55703048764778,-140.11291309553485,47.74804491682512,14.55703048764778,-140.11291309553485,47.74804491682512,0.0,0.7098738453187495,-0.7016997126690019,0.06079997510371284,0.0,0.0,0.0,0.0,0.0,0.0,-1.614
212.35940074920654,14.905295238954523,-139.41009075757572,48.0706164968859,14.905295238954523,-139.41009075757572,48.0706164968859,1.457356110060685e-17,0.7141933796419485,-0.6963990735649803,0.07039990634545464,0.0,0.0,0.0,0.0,0.0,0.0,-1.614
212.42101192474365,14.640085788014005,-139.70175818425085,48.036061333038006,14.640085788014005,-139.70175818425085,48.036061333038006,9.727538873135185e-18,0.7133247159844884,-0.6972989136408458,0.07029989047605258,0.0,0.0,0.0,0.0,0.0,0.0,-1.614
212.47839617729187,14.640085788014005,-139.70175818425085,48.036061333038006,14.640085788014005,-139.70175818425085,48.036061333038006,9.727538873135185e-18,0.7133247159844884,-0.6972989136408458,0.07029989047605258,0.0,0.0,0.0,0.0,0.0,0.0,-1.614
212.5493679046631,14.581189540388749,-139.60327564875243,48.08223949040128,14.581189540388749,-139.60327564875243,48.08223949040128,-1.4588498404219622e-17,0.7134621101819705,-0.69719855677067,0.06989985530446045,0.0,0.0,0.0,0.0,0.0,0.0,-1.614
212.61228895187378,14.581189540388749,-139.60327564875243,48.08223949040128,14.581189540388749,-139.60327564875243,48.08223949040128,-1.4588498404219622e-17,0.7134621101819705,-0.69719855677067,0.06989985530446045,0.0,0.0,0.0,0.0,0.0,0.0,-1.614
212.77223706245422,14.572799229463698,-139.57025774035873,48.02710855164739,14.572799229463698,-139.57025774035873,48.02710855164739,-4.863169249956671e-18,0.7134127507457253,-0.6972990038956774,0.06939990086097807,0.0,0.0,0.0,0.0,0.0,0.0,-1.614
212.81133794784546,14.514287220739845,-139.58267851364238,47.926998266330955,14.514287220739845,-139.58267851364238,47.926998266330955,0.0,0.7132847208806641,-0.6974992665828691,0.06869992776235573,0.0,0.0,0.0,0.0,0.0,0.0,-1.614
212.86182498931885,14.514287220739845,-139.58267851364238,47.926998266330955,14.514287220739845,-139.58267851364238,47.926998266330955,0.0,0.7132847208806641,-0.6974992665828691,0.06869992776235573,0.0,0.0,0.0,0.0,0.0,0.0,-1.614
212.9269609451294,14.525810825549996,-139.51353849951136,47.917678128019666,14.525810825549996,-139.51353849951136,47.917678128019666,0.0,0.713304124178361,-0.6974990957672386,0.06849991119721266,0.0,0.0,0.0,0.0,0.0,0.0,-1.614
212.98171734809875,14.525810825549996,-139.51353849951136,47.917678128019666,14.525810825549996,-139.51353849951136,47.917678128019666,0.0,0.713304124178361,-0.6974990957672386,0.06849991119721266,0.0,0.0,0.0,0.0,0.0,0.0,-1.614
213.10818028450012,14.426285566382603,-139.51565589865064,47.88621005835291,14.426285566382603,-139.51565589865064,47.88621005835291,-9.729153548068217e-18,0.7132063308102466,-0.6975990911111135,0.0684999107527398,0.0,0.0,0.0,0.0,0.0,0.0,-1.614
213.18331813812256,14.405562725749178,-139.5323542534311,47.908385017737444,14.405562725749178,-139.5323542534311,47.908385017737444,-4.865112082693159e-18,0.713127856662461,-0.6976989210823602,0.06829989438143214,0.0,0.0,0.0,0.0,0.0,0.0,-1.614
213.23848032951355,14.405562725749178,-139.5323542534311,47.908385017737444,14.405562725749178,-139.5323542534311,47.908385017737444,-4.865112082693159e-18,0.713127856662461,-0.6976989210823602,0.06829989438143214,0.0,0.0,0.0,0.0,0.0,0.0,-1.614
213.29892444610596,14.474526943257843,-139.61976801792952,47.87093144007614,14.474526943257843,-139.61976801792952,47.87093144007614,4.867658552222703e-18,0.7127547905695588,-0.6980995661681763,0.0680999576794912,0.0,0.0,0.0,0.0,0.0,0.0,-1.614
213.35730743408203,14.474526943257843,-139.61976801792952,47.87093144007614,14.474526943257843,-139.61976801792952,47.87093144007614,4.867658552222703e-18,0.7127547905695588,-0.6980995661681763,0.0680999576794912,0.0,0.0,0.0,0.0,0.0,0.0,-1.614
213.4813425540924,14.484380633936212,-139.64249415731211,47.85400727484482,14.484380633936212,-139.64249415731211,47.85400727484482,0.0,0.7126760746132934,-0.6981994059856185,0.06789994223205888,0.0,0.0,0.0,0.0,0.0,0.0,-1.614
213.54811787605286,14.485475264441192,-139.61685802775884,47.820219841595396,14.485475264441192,-139.61685802775884,47.820219841595396,9.736130395379714e-18,0.7126952518220263,-0.6981992536724555,0.06769992763337905,0.0,0.0,0.0,0.0,0.0,0.0,-1.614
213.60663175582886,14.485475264441192,-139.61685802775884,47.820219841595396,14.485475264441192,-139.61685802775884,47.820219841595396,9.736130395379714e-18,0.7126952518220263,-0.6981992536724555,0.06769992763337905,0.0,0.0,0.0,0.0,0.0,0.0,-1.614
213.67365837097168,14.435202969012522,-139.63704717557133,47.812151717715956,14.435202969012522,-139.63704717557133,47.812151717715956,0.0,0.7125876928972137,-0.6982993260802395,0.06779993456714914,0.0,0.0,0.0,0.0,0.0,0.0,-1.614
213.7460653781891,14.435202969012522,-139.63704717557133,47.812151717715956,14.435202969012522,-139.63704717557133,47.812151717715956,0.0,0.7125876928972137,-0.6982993260802395,0.06779993456714914,0.0,0.0,0.0,0.0,0.0,0.0,-1.614
213.86379098892212,14.445413791699309,-139.60344846431624,47.83797546070679,14.445413791699309,-139.60344846431624,47.83797546070679,0.0,0.7124896872959008,-0.6983993230298584,0.06779993428039004,0.0,0.0,0.0,0.0,0.0,0.0,-1.614
213.93454766273499,14.406085945040672,-139.59683788489812,47.806200931332576,14.406085945040672,-139.59683788489812,47.806200931332576,4.869404226600731e-18,0.7124992690072045,-0.6983992493669638,0.06769992723674605,0.0,0.0,0.0,0.0,0.0,0.0,-1.614
213.98466873168945,14.406085945040672,-139.59683788489812,47.806200931332576,14.406085945040672,-139.59683788489812,47.806200931332576,4.869404226600731e-18,0.7124992690072045,-0.6983992493669638,0.06769992723674605,0.0,0.0,0.0,0.0,0.0,0.0,-1.614
214.0480465888977,14.296996573214983,-139.5550590012046,47.79885016048888,14.296996573214983,-139.5550590012046,47.79885016048888,4.8700089016611724e-18,0.712410802939226,-0.6984991758329361,0.06759992023809089,0.0,0.0,0.0,0.0,0.0,0.0,-1.614
214.1031723022461,14.296996573214983,-139.5550590012046,47.79885016048888,14.296996573214983,-139.5550590012046,47.79885016048888,4.8700089016611724e-18,0.712410802939226,-0.6984991758329361,0.06759992023809089,0.0,0.0,0.0,0.0,0.0,0.0,-1.614
214.2329249382019,14.297869179688348,-139.515438307914,47.793424368278124,14.297869179688348,-139.515438307914,47.793424368278124,4.869818366738412e-18,0.7124386764916031,-0.6984997108012292,0.06729997213589509,0.0,0.0,0.0,0.0,0.0,0.0,-1.614
214.2968397140503,14.337565775595266,-139.53739324787432,47.78693122691654,14.337565775595266,-139.53739324787432,47.78693122691654,-1.461127090773181e-17,0.712350138573715,-0.6985996312916036,0.0671999645330601,0.0,0.0,0.0,0.0,0.0,0.0,-1.614
214.35248732566833,14.337565775595266,-139.53739324787432,47.78693122691654,14.337565775595266,-139.53739324787432,47.78693122691654,-1.461127090773181e-17,0.712350138573715,-0.6985996312916036,0.0671999645330601,0.0,0.0,0.0,0.0,0.0,0.0,-1.614
214.4281826019287,14.376683215462094,-139.60168847473506,47.76605181837148,14.376683215462094,-139.60168847473506,47.76605181837148,0.0,0.712214650593087,-0.6986991786345798,0.06759992053198453,0.0,0.0,0.0,0.0,0.0,0.0,-1.614
214.48822474479675,14.376683215462094,-139.60168847473506,47.76605181837148,14.376683215462094,-139.60168847473506,47.76605181837148,0.0,0.712214650593087,-0.6986991786345798,0.06759992053198453,0.0,0.0,0.0,0.0,0.0,0.0,-1.614
214.60916018486023,14.357138048975173,-139.65315494101458,47.68197334719308,14.357138048975173,-139.65315494101458,47.68197334719308,0.0,0.712036789034039,-0.6988997455783703,0.06739997546427551,0.0,0.0,0.0,0.0,0.0,0.0,-1.614
214.68196177482605,14.387409512613857,-139.58479392082705,47.743701860929406,14.387409512613857,-139.58479392082705,47.743701860929406,0.0,0.712164161269655,-0.6987988354381816,0.0670998881767344,0.0,0.0,0.0,0.0,0.0,0.0,-1.614
214.73765015602112,14.387409512613857,-139.58479392082705,47.743701860929406,14.387409512613857,-139.58479392082705,47.743701860929406,0.0,0.712164161269655,-0.6987988354381816,0.0670998881767344,0.0,0.0,0.0,0.0,0.0,0.0,-1.614
214.79607152938843,14.365877747082095,-139.58206852465065,47.83386258014109,14.365877747082095,-139.58206852465065,47.83386258014109,0.0,0.7119861105426155,-0.6989994105453912,0.06689994358438724,0.0,0.0,0.0,0.0,0.0,0.0,-1.614
214.86199140548706,14.365877747082095,-139.58206852465065,47.83386258014109,14.365877747082095,-139.58206852465065,47.83386258014109,0.0,0.7119861105426155,-0.6989994105453912,0.06689994358438724,0.0,0.0,0.0,0.0,0.0,0.0,-1.614
214.98576736450195,14.355587753167072,-139.57915273191333,47.85349964147779,14.355587753167072,-139.57915273191333,47.85349964147779,0.0,0.7119861105426155,-0.6989994105453912,0.06689994358438724,0.0,0.0,0.0,0.0,0.0,0.0,-1.614
215.04788827896118,14.348434925550379,-139.49796875371126,47.78168043276333,14.348434925550379,-139.49796875371126,47.78168043276333,0.0,0.712164161269655,-0.6987988354381816,0.0670998881767344,0.0,0.0,0.0,0.0,0.0,0.0,-1.614
215.10290575027466,14.348434925550379,-139.49796875371126,47.78168043276333,14.348434925550379,-139.49796875371126,47.78168043276333,0.0,0.712164161269655,-0.6987988354381816,0.0670998881767344,0.0,0.0,0.0,0.0,0.0,0.0,-1.614
215.1735327243805,14.309475828140023,-139.5067025348353,47.71163823265333,14.309475828140023,-139.5067025348353,47.71163823265333,0.0,0.7120849683304419,-0.6988987082702008,0.06689987635323572,0.0,0.0,0.0,0.0,0.0,0.0,-1.614
215.2344810962677,14.309475828140023,-139.5067025348353,47.71163823265333,14.309475828140023,-139.5067025348353,47.71163823265333,0.0,0.7120849683304419,-0.6988987082702008,0.06689987635323572,0.0,0.0,0.0,0.0,0.0,0.0,-1.614
215.36144709587097,14.338307146505116,-139.5919717060187,47.683390692458985,14.338307146505116,-139.5919717060187,47.683390692458985,-9.747171848874656e-18,0.7118879210802408,-0.6990994102211292,0.06689994356142685,0.0,0.0,0.0,0.0,0.0,0.0,-1.614
215.42463874816895,14.327870427373398,-139.5876961164765,47.71293378349281,14.327870427373398,-139.5876961164765,47.71293378349281,-9.747171848874656e-18,0.7118879210802408,-0.6990994102211292,0.06689994356142685,0.0,0.0,0.0,0.0,0.0,0.0,-1.614
215.4764688014984,14.327870427373398,-139.5876961164765,47.71293378349281,14.327870427373398,-139.5876961164765,47.71293378349281,-9.747171848874656e-18,0.7118879210802408,-0.6990994102211292,0.06689994356142685,0.0,0.0,0.0,0.0,0.0,0.0,-1.614
215.55244874954224,14.317651859860035,-139.57351535361164,47.741120426473934,14.317651859860035,-139.57351535361164,47.741120426473934,4.874129026920097e-18,0.7118085985807222,-0.699199283540793,0.06669993165356249,0.0,0.0,0.0,0.0,0.0,0.0,-1.614
215.61193990707397,14.317651859860035,-139.57351535361164,47.741120426473934,14.317651859860035,-139.57351535361164,47.741120426473934,4.874129026920097e-18,0.7118085985807222,-0.699199283540793,0.06669993165356249,0.0,0.0,0.0,0.0,0.0,0.0,-1.614
215.76454210281372,14.328243049034967,-139.62693021407867,47.647660919771035,14.328243049034967,-139.62693021407867,47.647660919771035,-4.8748665252848335e-18,0.71170091200618,-0.6992993494575855,0.06679993785752425,0.0,0.0,0.0,0.0,0.0,0.0,-1.614
215.80363011360168,14.318829534006596,-139.60828346511073,47.634866995911,14.318829534006596,-139.60828346511073,47.634866995911,4.874801861411986e-18,0.7117103526641981,-0.6992992871303644,0.06669993200571331,0.0,0.0,0.0,0.0,0.0,0.0,-1.614
215.86191296577454,14.318829534006596,-139.60828346511073,47.634866995911,14.318829534006596,-139.60828346511073,47.634866995911,4.874801861411986e-18,0.7117103526641981,-0.6992992871303644,0.06669993200571331,0.0,0.0,0.0,0.0,0.0,0.0,-1.614
215.94013857841492,14.326358855698118,-139.75259127797494,47.61440814791771,14.326358855698118,-139.75259127797494,47.61440814791771,4.8786928507076034e-18,0.7111427298503546,-0.6999991911888341,0.06539992443392818,0.0,0.0,0.0,0.0,0.0,0.0,-1.614
215.98681473731995,14.326358855698118,-139.75259127797494,47.61440814791771,14.326358855698118,-139.75259127797494,47.61440814791771,4.8786928507076034e-18,0.7111427298503546,-0.6999991911888341,0.06539992443392818,0.0,0.0,0.0,0.0,0.0,0.0,-1.614
216.1396005153656,12.700511227363563,-139.7180912363161,47.383693526438236,12.700511227363563,-139.7180912363161,47.383693526438236,1.9513175997096127e-17,-0.6999866410391381,0.711200873188439,-0.06490007968212837,0.0,0.0,0.0,0.0,0.0,0.0,-1.614
216.18076395988464,11.63188679967081,-139.60501072140153,48.55363140072258,11.63188679967081,-139.60501072140153,48.55363140072258,1.9455689046302087e-17,-0.6941254595222721,0.7133023032382494,-0.09690031288908785,0.0,0.0,0.0,0.0,0.0,0.0,-1.614
216.23249530792236,11.63188679967081,-139.60501072140153,48.55363140072258,11.63188679967081,-139.60501072140153,48.55363140072258,1.9455689046302087e-17,-0.6941254595222721,0.7133023032382494,-0.09690031288908785,0.0,0.0,0.0,0.0,0.0,0.0,-1.614
216.2971749305725,10.223789489894926,-139.93337693679965,47.47750984867235,10.223789489894926,-139.93337693679965,47.47750984867235,3.3150295207259856e-17,-0.6755479580403675,0.7326067086834473,-0.08320076189252361,0.0,0.0,0.0,0.0,0.0,0.0,-1.614
216.3562777042389,10.223789489894926,-139.93337693679965,47.47750984867235,10.223789489894926,-139.93337693679965,47.47750984867235,3.3150295207259856e-17,-0.6755479580403675,0.7326067086834473,-0.08320076189252361,0.0,0.0,0.0,0.0,0.0,0.0,-1.614
216.4835443496704,11.569834290315555,-139.8887850238774,47.208669828283774,11.569834290315555,-139.8887850238774,47.208669828283774,0.0,-0.6809536136383982,0.7289057600761092,-0.0707005587013046,0.0,0.0,0.0,0.0,0.0,0.0,-1.614
216.545654296875,12.614092837718033,-139.89834582750774,45.83235857089659,12.614092837718033,-139.89834582750774,45.83235857089659,1.9002820103144394e-17,-0.6815405175185605,0.7303014885415929,-0.04650009477911005,0.0,0.0,0.0,0.0,0.0,0.0,-1.614
216.60584449768066,12.614092837718033,-139.89834582750774,45.83235857089659,12.614092837718033,-139.89834582750774,45.83235857089659,1.9002820103144394e-17,-0.6815405175185605,0.7303014885415929,-0.04650009477911005,0.0,0.0,0.0,0.0,0.0,0.0,-1.614
216.67133617401123,12.096957950076387,-139.73412668581648,45.84253606990265,12.096957950076387,-139.73412668581648,45.84253606990265,4.7357663627734055e-18,-0.6794299021051521,0.7326051764770344,-0.04080028828864729,0.0,0.0,0.0,0.0,0.0,0.0,-1.614
216.73307824134827,12.096957950076387,-139.73412668581648,45.84253606990265,12.096957950076387,-139.73412668581648,45.84253606990265,4.7357663627734055e-18,-0.6794299021051521,0.7326051764770344,-0.04080028828864729,0.0,0.0,0.0,0.0,0.0,0.0,-1.614
216.86132788658142,13.592800305093078,-139.6672282259424,45.61323224306028,13.592800305093078,-139.6672282259424,45.61323224306028,0.0,-0.6887671252637717,0.7240017612139944,-0.03770009170962376,0.0,0.0,0.0,0.0,0.0,0.0,-1.614
216.9413025379181,12.953220711766164,-140.16047362987157,43.30926893708023,12.953220711766164,-140.16047362987157,43.30926893708023,1.1922423134141178e-18,-0.6860514061582175,0.7275045753950949,0.008400052829304195,0.0,0.0,0.0,0.0,0.0,0.0,-1.614
216.98771238327026,12.953220711766164,-140.16047362987157,43.30926893708023,12.953220711766164,-140.16047362987157,43.30926893708023,1.1922423134141178e-18,-0.6860514061582175,0.7275045753950949,0.008400052829304195,0.0,0.0,0.0,0.0,0.0,0.0,-1.614
217.0465006828308,14.823562428599502,-139.5443467359463,45.16032526060331,14.823562428599502,-139.5443467359463,45.16032526060331,6.1247894385316005e-19,0.7080747401141276,-0.7060997609746015,0.007299997528840942,0.0,0.0,0.0,0.0,0.0,0.0,-1.614
217.11741375923157,14.823562428599502,-139.5443467359463,45.16032526060331,14.823562428599502,-139.5443467359463,45.16032526060331,6.1247894385316005e-19,0.7080747401141276,-0.7060997609746015,0.007299997528840942,0.0,0.0,0.0,0.0,0.0,0.0,-1.614
217.23271417617798,13.857828472268096,-139.85392491149187,45.69325985210055,13.857828472268096,-139.85392491149187,45.69325985210055,7.34565837176615e-18,0.7084688893147038,-0.705099867546137,0.03009999434567965,0.0,0.0,0.0,0.0,0.0,0.0,-1.614
217.29518818855286,14.255307623034014,-139.4132898252708,46.91061396882145,14.255307623034014,-139.4132898252708,46.91061396882145,0.0,0.7143601041821236,-0.6976993884516851,0.05389995275554799,0.0,0.0,0.0,0.0,0.0,0.0,-1.614
217.3601188659668,14.255307623034014,-139.4132898252708,46.91061396882145,14.255307623034014,-139.4132898252708,46.91061396882145,0.0,0.7143601041821236,-0.6976993884516851,0.05389995275554799,0.0,0.0,0.0,0.0,0.0,0.0,-1.614
217.41387009620667,14.31404165578951,-139.41485361572444,46.98236261309921,14.31404165578951,-139.41485361572444,46.98236261309921,9.711905572251697e-18,0.7144729581939759,-0.6975992461592074,0.0536999419706844,0.0,0.0,0.0,0.0,0.0,0.0,-1.614
217.48452377319336,14.31404165578951,-139.41485361572444,46.98236261309921,14.31404165578951,-139.41485361572444,46.98236261309921,9.711905572251697e-18,0.7144729581939759,-0.6975992461592074,0.0536999419706844,0.0,0.0,0.0,0.0,0.0,0.0,-1.614
217.60514545440674,14.312141972799537,-139.44495573138084,47.05713061318981,14.312141972799537,-139.44495573138084,47.05713061318981,0.0,0.7144577423743736,-0.6975994046158291,0.05389995399769666,0.0,0.0,0.0,0.0,0.0,0.0,-1.614
217.67356157302856,14.272159671285891,-139.46806067193066,47.02942542797367,14.272159671285891,-139.46806067193066,47.02942542797367,-4.856257270950124e-18,0.7144281611082804,-0.6975986838727332,0.05429989755488736,0.0,0.0,0.0,0.0,0.0,0.0,-1.614
217.73762011528015,14.272159671285891,-139.46806067193066,47.02942542797367,14.272159671285891,-139.46806067193066,47.02942542797367,-4.856257270950124e-18,0.7144281611082804,-0.6975986838727332,0.05429989755488736,0.0,0.0,0.0,0.0,0.0,0.0,-1.614
217.79821586608887,14.251440703065668,-139.50864876377108,47.024595194372225,14.251440703065668,-139.50864876377108,47.024595194372225,1.456924291174949e-17,0.7144050599545534,-0.6975989245284684,0.054599915824619226,0.0,0.0,0.0,0.0,0.0,0.0,-1.614
217.8568606376648,14.251440703065668,-139.50864876377108,47.024595194372225,14.251440703065668,-139.50864876377108,47.024595194372225,1.456924291174949e-17,0.7144050599545534,-0.6975989245284684,0.054599915824619226,0.0,0.0,0.0,0.0,0.0,0.0,-1.614
217.98418927192688,14.310317588624514,-139.48768261396967,47.113443001938855,14.310317588624514,-139.48768261396967,47.113443001938855,4.8564668416978025e-18,0.714397331443677,-0.6975990047040165,0.05469992195715266,0.0,0.0,0.0,0.0,0.0,0.0,-1.614
218.05144238471985,14.220935598155535,-139.49135600904137,47.072243900632515,14.220935598155535,-139.49135600904137,47.072243900632515,-1.4575280383224123e-17,0.7141091342462714,-0.697798928049201,0.055899914127185917,0.0,0.0,0.0,0.0,0.0,0.0,-1.614
218.10553646087646,14.220935598155535,-139.49135600904137,47.072243900632515,14.220935598155535,-139.49135600904137,47.072243900632515,-1.4575280383224123e-17,0.7141091342462714,-0.697798928049201,0.055899914127185917,0.0,0.0,0.0,0.0,0.0,0.0,-1.614
218.17847537994385,14.19977645428537,-139.52786471046713,47.09713175612243,14.19977645428537,-139.52786471046713,47.09713175612243,-4.85968293146407e-18,0.7139245504044395,-0.6978988088685806,0.05699990271601816,0.0,0.0,0.0,0.0,0.0,0.0,-1.614
218.23012518882751,14.19977645428537,-139.52786471046713,47.09713175612243,14.19977645428537,-139.52786471046713,47.09713175612243,-4.85968293146407e-18,0.7139245504044395,-0.6978988088685806,0.05699990271601816,0.0,0.0,0.0,0.0,0.0,0.0,-1.614
218.36155104637146,14.229028586234023,-139.49776458676533,47.17419209176663,14.229028586234023,-139.49776458676533,47.17419209176663,-4.8592379347658395e-18,0.7139899298058969,-0.6977991317954351,0.05739992858277152,0.0,0.0,0.0,0.0,0.0,0.0,-1.614
218.42994475364685,14.238505782837507,-139.4573668914858,47.24954598324305,14.238505782837507,-139.4573668914858,47.24954598324305,-4.85834669533521e-18,0.7141209076916717,-0.6975988107405706,0.058199900781395086,0.0,0.0,0.0,0.0,0.0,0.0,-1.614
218.5232174396515,14.300382870437943,-139.6580035388969,47.48999589849719,14.300382870437943,-139.6580035388969,47.48999589849719,0.0,0.7141582734196841,-0.6973994239125928,0.06009995035438316,0.0,0.0,0.0,0.0,0.0,0.0,-1.614
218.6132173538208,14.300382870437943,-139.6580035388969,47.48999589849719,14.300382870437943,-139.6580035388969,47.48999589849719,0.0,0.7141582734196841,-0.6973994239125928,0.06009995035438316,0.0,0.0,0.0,0.0,0.0,0.0,-1.614
218.67267870903015,14.324103896979693,-139.60945667596675,47.33226031278666,14.324103896979693,-139.60945667596675,47.33226031278666,4.855117285995236e-18,0.7145959093431916,-0.6968989933941367,0.060699912324614864,0.0,0.0,0.0,0.0,0.0,0.0,-1.614
218.80344104766846,14.293820816101146,-139.60614848497437,47.35154737800828,14.293820816101146,-139.60614848497437,47.35154737800828,-1.456908385820033e-17,0.7144128592548683,-0.6969988444424943,0.06169989770746327,0.0,0.0,0.0,0.0,0.0,0.0,-1.614
218.85809588432312,14.293820816101146,-139.60614848497437,47.35154737800828,14.293820816101146,-139.60614848497437,47.35154737800828,-1.456908385820033e-17,0.7144128592548683,-0.6969988444424943,0.06169989770746327,0.0,0.0,0.0,0.0,0.0,0.0,-1.614
218.9225709438324,14.193994361673901,-139.55776681638395,47.393901753707716,14.193994361673901,-139.55776681638395,47.393901753707716,4.859434858303291e-18,0.7139609961074772,-0.6973994139525197,0.06239994756328826,0.0,0.0,0.0,0.0,0.0,0.0,-1.614
218.9876368045807,14.193994361673901,-139.55776681638395,47.393901753707716,14.193994361673901,-139.55776681638395,47.393901753707716,4.859434858303291e-18,0.7139609961074772,-0.6973994139525197,0.06239994756328826,0.0,0.0,0.0,0.0,0.0,0.0,-1.614
219.04865503311157,14.193558058437219,-139.57757716302925,47.396614649813095,14.193558058437219,-139.57757716302925,47.396614649813095,4.863059202572765e-18,0.7134288947414272,-0.6978988573592342,0.06289989701661529,0.0,0.0,0.0,0.0,0.0,0.0,-1.614
219.17635202407837,13.905235566850621,-139.601399087947,47.83978804334944,13.905235566850621,-139.601399087947,47.83978804334944,-4.8785782057183645e-18,0.7111594414714816,-0.6991990937733453,0.0732999049965478,0.0,0.0,0.0,0.0,0.0,0.0,-1.614
219.2329523563385,13.905235566850621,-139.601399087947,47.83978804334944,13.905235566850621,-139.601399087947,47.83978804334944,-4.8785782057183645e-18,0.7111594414714816,-0.6991990937733453,0.0732999049965478,0.0,0.0,0.0,0.0,0.0,0.0,-1.614
219.29391407966614,13.480347763742714,-139.7254187627715,47.97165720208853,13.480347763742714,-139.7254187627715,47.97165720208853,9.792155832737107e-18,0.7086175937589901,-0.7010997506143635,0.07949997172135485,0.0,0.0,0.0,0.0,0.0,0.0,-1.614
219.36043119430542,13.480347763742714,-139.7254187627715,47.97165720208853,13.480347763742714,-139.7254187627715,47.97165720208853,9.792155832737107e-18,0.7086175937589901,-0.7010997506143635,0.07949997172135485,0.0,0.0,0.0,0.0,0.0,0.0,-1.614
219.42092990875244,11.264275511575676,-139.74693279335318,47.67932020534761,11.264275511575676,-139.74693279335318,47.67932020534761,-1.4553026204962678e-17,-0.6939608814167075,0.7152011347517213,-0.08310013184824948,0.0,0.0,0.0,0.0,0.0,0.0,-1.614
219.54850840568542,9.343767777434863,-140.58699149850315,45.585698602715695,9.343767777434863,-140.58699149850315,45.585698602715695,-9.317616001299431e-18,-0.6655159126709635,0.7447070047681222,-0.05000047030805173,0.0,0.0,0.0,0.0,0.0,0.0,-1.614
219.61705660820007,9.343767777434863,-140.58699149850315,45.585698602715695,9.343767777434863,-140.58699149850315,45.585698602715695,-9.317616001299431e-18,-0.6655159126709635,0.7447070047681222,-0.05000047030805173,0.0,0.0,0.0,0.0,0.0,0.0,-1.614
219.6943862438202,6.641870795021276,-140.45711315602014,45.21490983187939,6.641870795021276,-140.45711315602014,45.21490983187939,-9.098927359801652e-18,-0.6447620412076353,0.7626057038945843,-0.05210038968385503,0.0,0.0,0.0,0.0,0.0,0.0,-1.614
219.7826554775238,6.641870795021276,-140.45711315602014,45.21490983187939,6.641870795021276,-140.45711315602014,45.21490983187939,-9.098927359801652e-18,-0.6447620412076353,0.7626057038945843,-0.05210038968385503,0.0,0.0,0.0,0.0,0.0,0.0,-1.614
219.8788604736328,7.729986201950993,-140.45556509057548,45.917264773981735,7.729986201950993,-140.45556509057548,45.917264773981735,0.0,-0.6508919642430131,0.756707582928918,-0.06110061228618592,0.0,0.0,0.0,0.0,0.0,0.0,-1.614
219.99407124519348,9.876460973564718,-139.99494572770107,44.391789157208066,9.876460973564718,-139.99494572770107,44.391789157208066,2.9251114846621236e-18,-0.6711257830798338,0.741306564327916,-0.007400065528162121,0.0,0.0,0.0,0.0,0.0,0.0,-1.614
220.06470203399658,12.918016154093522,-139.71191583837125,47.537490377213594,12.918016154093522,-139.71191583837125,47.537490377213594,9.82984599913222e-18,-0.7047736414871519,0.7059005710282535,-0.07070005719180839,0.0,0.0,0.0,0.0,0.0,0.0,-1.614
220.11811304092407,12.918016154093522,-139.71191583837125,47.537490377213594,12.918016154093522,-139.71191583837125,47.537490377213594,9.82984599913222e-18,-0.7047736414871519,0.7059005710282535,-0.07070005719180839,0.0,0.0,0.0,0.0,0.0,0.0,-1.614
220.1972484588623,13.20441572821045,-139.5748576067501,47.33111614168373,13.20441572821045,-139.5748576067501,47.33111614168373,-4.913532778127099e-18,-0.7047908322401537,0.7061002965927238,-0.06850002877298056,0.0,0.0,0.0,0.0,0.0,0.0,-1.614
220.25527095794678,13.20441572821045,-139.5748576067501,47.33111614168373,13.20441572821045,-139.5748576067501,47.33111614168373,-4.913532778127099e-18,-0.7047908322401537,0.7061002965927238,-0.06850002877298056,0.0,0.0,0.0,0.0,0.0,0.0,-1.614
220.38063192367554,13.143123685196656,-139.6092217148608,47.365210034640604,13.143123685196656,-139.6092217148608,47.365210034640604,-9.827064718725077e-18,-0.7048101811504045,0.7061003567713812,-0.06830003450996364,0.0,0.0,0.0,0.0,0.0,0.0,-1.614
220.44396805763245,13.173034144413634,-139.57329580825103,47.41119583314075,13.173034144413634,-139.57329580825103,47.41119583314075,4.914923195534614e-18,-0.70498117444357,0.7059005428824874,-0.0686000527578108,0.0,0.0,0.0,0.0,0.0,0.0,-1.614
220.49944424629211,13.173034144413634,-139.57329580825103,47.41119583314075,13.173034144413634,-139.57329580825103,47.41119583314075,4.914923195534614e-18,-0.70498117444357,0.7059005428824874,-0.0686000527578108,0.0,0.0,0.0,0.0,0.0,0.0,-1.614
220.56275415420532,13.09387072145799,-139.5911499661876,47.341810088853286,13.09387072145799,-139.5911499661876,47.341810088853286,9.829851338729332e-18,-0.7049620434156312,0.7059001875814931,-0.0688000182824858,0.0,0.0,0.0,0.0,0.0,0.0,-1.614
220.62521266937256,13.09387072145799,-139.5911499661876,47.341810088853286,13.09387072145799,-139.5911499661876,47.341810088853286,9.829851338729332e-18,-0.7049620434156312,0.7059001875814931,-0.0688000182824858,0.0,0.0,0.0,0.0,0.0,0.0,-1.614
220.75078701972961,13.054539002386093,-139.5606496497095,47.33704075246506,13.054539002386093,-139.5606496497095,47.33704075246506,-1.9662488360329877e-17,-0.7050621707824006,0.7058001791784219,-0.06880001746596119,0.0,0.0,0.0,0.0,0.0,0.0,-1.614
220.81245827674866,13.19251950173873,-139.60476352327896,47.405709143716784,13.19251950173873,-139.60476352327896,47.405709143716784,9.831240538422686e-18,-0.7050521413956118,0.7058004406248105,-0.06890004301367163,0.0,0.0,0.0,0.0,0.0,0.0,-1.614
220.86800122261047,13.19251950173873,-139.60476352327896,47.405709143716784,13.19251950173873,-139.60476352327896,47.405709143716784,9.831240538422686e-18,-0.7050521413956118,0.7058004406248105,-0.06890004301367163,0.0,0.0,0.0,0.0,0.0,0.0,-1.614
220.99420046806335,13.213468238817086,-139.6259394692958,47.328167350307595,13.213468238817086,-139.6259394692958,47.328167350307595,1.9662482550242818e-17,-0.7050326215328685,0.7058003877360376,-0.06910003796055572,0.0,0.0,0.0,0.0,0.0,0.0,-1.614
221.06262183189392,13.263589936615858,-139.58050078761843,47.37314669687014,13.263589936615858,-139.58050078761843,47.37314669687014,4.915622473117689e-18,-0.7050426817084776,0.7058001241810478,-0.06900001214011378,0.0,0.0,0.0,0.0,0.0,0.0,-1.614
221.19658207893372,13.282635118290955,-139.60788911223167,47.39737809653752,13.282635118290955,-139.60788911223167,47.39737809653752,9.831240538422686e-18,-0.7050521413956118,0.7058004406248105,-0.06890004301367163,0.0,0.0,0.0,0.0,0.0,0.0,-1.614
221.27862358093262,13.282635118290955,-139.60788911223167,47.39737809653752,13.282635118290955,-139.60788911223167,47.39737809653752,9.831240538422686e-18,-0.7050521413956118,0.7058004406248105,-0.06890004301367163,0.0,0.0,0.0,0.0,0.0,0.0,-1.614
221.3762345314026,13.173121060468446,-139.65758978636336,47.31172464284126,13.173121060468446,-139.65758978636336,47.31172464284126,1.9662482550242818e-17,-0.7050326215328685,0.7058003877360376,-0.06910003796055572,0.0,0.0,0.0,0.0,0.0,0.0,-1.614
221.44640254974365,13.142612083144996,-139.6164072945737,47.386378542087535,13.142612083144996,-139.6164072945737,47.386378542087535,4.916318889860642e-18,-0.7051525323128381,0.705700144697481,-0.06890001412732955,0.0,0.0,0.0,0.0,0.0,0.0,-1.614
221.5013086795807,13.142612083144996,-139.6164072945737,47.386378542087535,13.142612083144996,-139.6164072945737,47.386378542087535,4.916318889860642e-18,-0.7051525323128381,0.705700144697481,-0.06890001412732955,0.0,0.0,0.0,0.0,0.0,0.0,-1.614
221.66292572021484,13.201627949093961,-139.54902146745724,47.519330705929,13.201627949093961,-139.54902146745724,47.519330705929,-9.834031051947432e-18,-0.705262340646241,0.7056001620549206,-0.06880001580127343,0.0,0.0,0.0,0.0,0.0,0.0,-1.614
221.75136971473694,13.091380265188093,-139.59192315756448,47.483207400718335,13.091380265188093,-139.59192315756448,47.483207400718335,-1.4753134842216832e-17,-0.7053133006333467,0.7055002863579107,-0.0693000281284241,0.0,0.0,0.0,0.0,0.0,0.0,-1.614
221.81444144248962,13.152739862190288,-139.52240434226624,47.48466828239187,13.152739862190288,-139.52240434226624,47.48466828239187,1.47549534824084e-17,0.7054133290403246,-0.7054002704350946,0.0693000265681203,0.0,0.0,0.0,0.0,0.0,0.0,-1.614
221.86553072929382,13.152739862190288,-139.52240434226624,47.48466828239187,13.152739862190288,-139.52240434226624,47.48466828239187,1.47549534824084e-17,0.7054133290403246,-0.7054002704350946,0.0693000265681203,0.0,0.0,0.0,0.0,0.0,0.0,-1.614
221.95038509368896,13.272329634722809,-139.5094143712545,47.525035929818145,13.272329634722809,-139.5094143712545,47.525035929818145,4.91804525596866e-18,0.7054524249737248,-0.7054003553415085,0.06890003470800954,0.0,0.0,0.0,0.0,0.0,0.0,-1.614
222.0641531944275,13.27051299537436,-139.59992072796325,47.52733793259522,13.27051299537436,-139.59992072796325,47.52733793259522,-1.9668053605194252e-17,-0.7052815145826116,0.705600466949581,-0.06860004539787595,0.0,0.0,0.0,0.0,0.0,0.0,-1.627
222.11659979820251,13.27051299537436,-139.59992072796325,47.52733793259522,13.27051299537436,-139.59992072796325,47.52733793259522,-1.9668053605194252e-17,-0.7052815145826116,0.705600466949581,-0.06860004539787595,0.0,0.0,0.0,0.0,0.0,0.0,-1.6535
222.19856977462769,13.442600899027752,-139.28919674636518,47.75979515592034,13.442600899027752,-139.28919674636518,47.75979515592034,9.811221586572922e-18,0.7072405655788471,-0.703099973553231,0.07389999722028694,0.0,0.0,0.0,0.0,0.0,0.0,-1.6925000000000001
222.26233530044556,13.442600899027752,-139.28919674636518,47.75979515592034,13.442600899027752,-139.28919674636518,47.75979515592034,9.811221586572922e-18,0.7072405655788471,-0.703099973553231,0.07389999722028694,0.0,0.0,0.0,0.0,0.0,0.0,-1.7255
222.33973240852356,14.131974154635344,-138.95622277141854,48.753974639947856,14.131974154635344,-138.95622277141854,48.753974639947856,1.9320055655124954e-17,0.7183099290986333,-0.6889982888318341,0.09649976033711465,0.0,0.0,0.0,0.0,0.0,0.0,-1.764
222.50131559371948,14.410319038318505,-138.14520312119924,49.191891587194206,14.410319038318505,-138.14520312119924,49.191891587194206,0.0,0.7248051114779746,-0.680797432891733,0.10569960143457136,0.0,0.0,0.0,0.0,0.0,0.0,-1.845
222.5610795021057,14.666539660227443,-137.74340938773094,49.29195551003462,14.666539660227443,-137.74340938773094,49.29195551003462,0.0,0.727174738733145,-0.6775979360410764,0.10989966524633167,0.0,0.0,0.0,0.0,0.0,0.0,-1.8525
222.6349391937256,14.666539660227443,-137.74340938773094,49.29195551003462,14.666539660227443,-137.74340938773094,49.29195551003462,0.0,0.727174738733145,-0.6775979360410764,0.10989966524633167,0.0,0.0,0.0,0.0,0.0,0.0,-1.8525
222.74452710151672,14.609467796777182,-137.60219996964372,49.281821278648856,14.609467796777182,-137.60219996964372,49.281821278648856,0.0,0.727543765326971,-0.6772987693386244,0.10929980140072589,0.0,0.0,0.0,0.0,0.0,0.0,-1.8525
222.80963706970215,14.685555718876259,-137.3501182475622,49.21806052659036,14.685555718876259,-137.3501182475622,49.21806052659036,-2.857056468415047e-17,0.7286058900778309,-0.6763968690969365,0.10779950101811024,0.0,0.0,0.0,0.0,0.0,0.0,-1.8525
222.9152901172638,14.685555718876259,-137.3501182475622,49.21806052659036,14.685555718876259,-137.3501182475622,49.21806052659036,-2.857056468415047e-17,0.7286058900778309,-0.6763968690969365,0.10779950101811024,0.0,0.0,0.0,0.0,0.0,0.0,-1.8525
222.95375728607178,14.728960892294992,-137.20368524103745,49.18850776833306,14.728960892294992,-137.20368524103745,49.18850776833306,9.520708685777865e-18,0.7288211553277145,-0.6764963806947514,0.10569943450027376,0.0,0.0,0.0,0.0,0.0,0.0,-1.8525
222.99593567848206,14.728960892294992,-137.20368524103745,49.18850776833306,14.728960892294992,-137.20368524103745,49.18850776833306,9.520708685777865e-18,0.7288211553277145,-0.6764963806947514,0.10569943450027376,0.0,0.0,0.0,0.0,0.0,0.0,-1.8525
223.0688955783844,14.720197959708344,-137.13143323504158,49.198649693300936,14.720197959708344,-137.13143323504158,49.198649693300936,-9.520878432755526e-18,0.7288081612338139,-0.6766967698835157,0.10449950118638605,0.0,0.0,0.0,0.0,0.0,0.0,-1.8525
223.1191689968109,14.720197959708344,-137.13143323504158,49.198649693300936,14.720197959708344,-137.13143323504158,49.198649693300936,-9.520878432755526e-18,0.7288081612338139,-0.6766967698835157,0.10449950118638605,0.0,0.0,0.0,0.0,0.0,0.0,-1.8525
223.25084924697876,14.68050523621477,-137.13336803214122,49.17813764167654,14.68050523621477,-137.13336803214122,49.17813764167654,-9.523433986264693e-18,0.7286125901554994,-0.6769996272916626,0.10389994280000554,0.0,0.0,0.0,0.0,0.0,0.0,-1.8525
223.31377339363098,15.562652901525865,-136.85138745753284,47.103239462938674,15.562652901525865,-136.85138745753284,47.103239462938674,4.725420044538917e-18,0.7342092172235971,-0.6771959049454807,0.04839970732333324,0.0,0.0,0.0,0.0,0.0,0.0,-1.8525
223.37901735305786,15.562652901525865,-136.85138745753284,47.103239462938674,15.562652901525865,-136.85138745753284,47.103239462938674,4.725420044538917e-18,0.7342092172235971,-0.6771959049454807,0.04839970732333324,0.0,0.0,0.0,0.0,0.0,0.0,-1.8525
223.44087648391724,15.324367074499122,-136.78720935911844,48.78683710974212,15.324367074499122,-136.78720935911844,48.78683710974212,1.9020932405071425e-17,0.7296060735757786,-0.677596709207697,0.09239955125559506,0.0,0.0,0.0,0.0,0.0,0.0,-1.8525
223.498548746109,15.324367074499122,-136.78720935911844,48.78683710974212,15.324367074499122,-136.78720935911844,48.78683710974212,1.9020932405071425e-17,0.7296060735757786,-0.677596709207697,0.09239955125559506,0.0,0.0,0.0,0.0,0.0,0.0,-1.8525
223.6300892829895,13.964958928757596,-137.05982788942535,48.42051944674337,13.964958928757596,-137.05982788942535,48.42051944674337,9.658888496263419e-18,0.718394658618491,-0.6903985122760611,0.08519981640486733,0.0,0.0,0.0,0.0,0.0,0.0,-1.8525
223.70201563835144,10.30546758036786,-137.7443318138362,47.551740160315084,10.30546758036786,-137.7443318138362,47.551740160315084,1.4253959376690186e-17,-0.6777663024872458,0.7302069958808659,-0.08620082586268234,0.0,0.0,0.0,0.0,0.0,0.0,-1.8525
223.75639390945435,10.30546758036786,-137.7443318138362,47.551740160315084,10.30546758036786,-137.7443318138362,47.551740160315084,1.4253959376690186e-17,-0.6777663024872458,0.7302069958808659,-0.08620082586268234,0.0,0.0,0.0,0.0,0.0,0.0,-1.8525
223.82441473007202,8.63104282134941,-138.03494449419824,47.44569301797384,8.63104282134941,-138.03494449419824,47.44569301797384,1.8461766746582977e-17,-0.653453808666768,0.751704211103363,-0.08910049914767809,0.0,0.0,0.0,0.0,0.0,0.0,-1.8525
223.87386679649353,8.63104282134941,-138.03494449419824,47.44569301797384,8.63104282134941,-138.03494449419824,47.44569301797384,1.8461766746582977e-17,-0.653453808666768,0.751704211103363,-0.08910049914767809,0.0,0.0,0.0,0.0,0.0,0.0,-1.8525
223.99140071868896,7.635631887219148,-137.98308947760634,47.22193392996131,7.635631887219148,-137.98308947760634,47.22193392996131,-1.3702175396642413e-17,-0.645135014072528,0.7596122918125326,-0.08240133339303934,0.0,0.0,0.0,0.0,0.0,0.0,-1.8525
224.06636905670166,8.46887027381618,-138.05589886556925,46.97170886302028,8.46887027381618,-138.05589886556925,46.97170886302028,9.248089317519024e-18,-0.6572781047832734,0.7503056756559003,-0.07090053632414146,0.0,0.0,0.0,0.0,0.0,0.0,-1.8525
224.13214826583862,8.46887027381618,-138.05589886556925,46.97170886302028,8.46887027381618,-138.05589886556925,46.97170886302028,9.248089317519024e-18,-0.6572781047832734,0.7503056756559003,-0.07090053632414146,0.0,0.0,0.0,0.0,0.0,0.0,-1.8525
224.18971705436707,9.6226137825509,-137.86637373504573,46.993066319622265,9.6226137825509,-137.86637373504573,46.993066319622265,0.0,-0.6686294324361521,0.7406072074633208,-0.06660064814617496,0.0,0.0,0.0,0.0,0.0,0.0,-1.8525
224.2456612586975,9.6226137825509,-137.86637373504573,46.993066319622265,9.6226137825509,-137.86637373504573,46.993066319622265,0.0,-0.6686294324361521,0.7406072074633208,-0.06660064814617496,0.0,0.0,0.0,0.0,0.0,0.0,-1.8525
224.37622141838074,9.255786061959668,-137.69050536608736,48.14459041411866,9.255786061959668,-137.69050536608736,48.14459041411866,9.370479985899846e-18,-0.6656953712826774,0.7405057066818855,-0.0922007105416203,0.0,0.0,0.0,0.0,0.0,0.0,-1.8865
224.44882917404175,7.994943652857302,-137.91633321243327,47.91463780329691,7.994943652857302,-137.91633321243327,47.91463780329691,9.250568338044117e-18,-0.654460061136635,0.7501046044241588,-0.09500058314930687,0.0,0.0,0.0,0.0,0.0,0.0,-1.923
224.50747108459473,7.994943652857302,-137.91633321243327,47.91463780329691,7.994943652857302,-137.91633321243327,47.91463780329691,9.250568338044117e-18,-0.654460061136635,0.7501046044241588,-0.09500058314930687,0.0,0.0,0.0,0.0,0.0,0.0,-1.9525000000000001
224.5697717666626,8.094630833723699,-137.31640301576954,48.0356593927012,8.094630833723699,-137.31640301576954,48.0356593927012,1.856288749051712e-17,-0.6569279243712209,0.747609326130105,-0.0976012175365145,0.0,0.0,0.0,0.0,0.0,0.0,-1.984
224.62786102294922,8.094630833723699,-137.31640301576954,48.0356593927012,8.094630833723699,-137.31640301576954,48.0356593927012,1.856288749051712e-17,-0.6569279243712209,0.747609326130105,-0.0976012175365145,0.0,0.0,0.0,0.0,0.0,0.0,-2.0125
224.75150775909424,9.20484726794794,-136.76229061121404,49.23789851712536,9.20484726794794,-136.76229061121404,49.23789851712536,-1.8738431626287046e-17,-0.6623871294866585,0.740605621889194,-0.11290085702307587,0.0,0.0,0.0,0.0,0.0,0.0,-2.0745
224.81436443328857,9.366355439812907,-135.98680810666434,48.881469007182424,9.366355439812907,-135.98680810666434,48.881469007182424,0.0,-0.6672170461165675,0.7365009779185083,-0.1113001477832043,0.0,0.0,0.0,0.0,0.0,0.0,-2.106
224.88841009140015,9.366355439812907,-135.98680810666434,48.881469007182424,9.366355439812907,-135.98680810666434,48.881469007182424,0.0,-0.6672170461165675,0.7365009779185083,-0.1113001477832043,0.0,0.0,0.0,0.0,0.0,0.0,-2.1435
224.96410965919495,11.109719165727,-135.38681946307867,48.824930995764745,11.109719165727,-135.38681946307867,48.824930995764745,-2.8867805539541825e-17,-0.6847166074676923,0.7211037113024727,-0.1057005440086969,0.0,0.0,0.0,0.0,0.0,0.0,-2.1815
225.0063498020172,11.109719165727,-135.38681946307867,48.824930995764745,11.109719165727,-135.38681946307867,48.824930995764745,-2.8867805539541825e-17,-0.6847166074676923,0.7211037113024727,-0.1057005440086969,0.0,0.0,0.0,0.0,0.0,0.0,-2.202
225.17275881767273,12.604512772856623,-134.24277089233914,48.72031292909717,12.604512772856623,-134.24277089233914,48.72031292909717,-9.824415874162621e-18,0.7062907345113443,-0.7013001037938364,0.09660001429699787,0.0,0.0,0.0,0.0,0.0,0.0,-2.2735
225.25020241737366,12.818793457380053,-133.74755682808222,48.463706579210175,12.818793457380053,-133.74755682808222,48.463706579210175,-9.835216162172664e-18,0.7055151396260094,-0.701900256974272,0.09790003584240098,0.0,0.0,0.0,0.0,0.0,0.0,-2.324
225.32590508460999,12.447083011300975,-132.491878079081,47.104735562748665,12.447083011300975,-132.491878079081,47.104735562748665,0.0,0.7087290695276177,-0.7011999337876134,0.0775999926724455,0.0,0.0,0.0,0.0,0.0,0.0,-2.362
225.38610672950745,12.447083011300975,-132.491878079081,47.104735562748665,12.447083011300975,-132.491878079081,47.104735562748665,0.0,0.7087290695276177,-0.7011999337876134,0.0775999926724455,0.0,0.0,0.0,0.0,0.0,0.0,-2.3925
225.45460867881775,4.715525599447659,-133.00185803997377,41.32634128520894,4.715525599447659,-133.00185803997377,41.32634128520894,2.0738058931168035e-19,-0.6204912944950213,0.7842118995447651,-0.0015000227611797344,0.0,0.0,0.0,0.0,0.0,0.0,-2.4255
225.5818202495575,6.04167154729808,-132.18249696955482,41.919960996203976,6.04167154729808,-132.18249696955482,41.919960996203976,1.1171369064567325e-18,-0.6301295586627642,0.776414898635342,-0.010800207245313876,0.0,0.0,0.0,0.0,0.0,0.0,-2.4285
225.63383555412292,6.04167154729808,-132.18249696955482,41.919960996203976,6.04167154729808,-132.18249696955482,41.919960996203976,1.1171369064567325e-18,-0.6301295586627642,0.776414898635342,-0.010800207245313876,0.0,0.0,0.0,0.0,0.0,0.0,-2.4285
225.70088481903076,5.895034393480046,-132.26987375340167,41.62693737469074,5.895034393480046,-132.26987375340167,41.62693737469074,1.675515232896589e-18,-0.6300260615236896,0.776503001248992,-0.01050004058353434,0.0,0.0,0.0,0.0,0.0,0.0,-2.4285
225.75059580802917,5.895034393480046,-132.26987375340167,41.62693737469074,5.895034393480046,-132.26987375340167,41.62693737469074,1.675515232896589e-18,-0.6300260615236896,0.776503001248992,-0.01050004058353434,0.0,0.0,0.0,0.0,0.0,0.0,-2.4285
225.8297255039215,5.8446153728346815,-132.28870310440928,41.628775280508414,5.8446153728346815,-132.28870310440928,41.628775280508414,0.0,-0.6297826823713432,0.7767095535800467,-0.00980012054214556,0.0,0.0,0.0,0.0,0.0,0.0,-2.4285
225.96221804618835,5.8446153728346815,-132.28870310440928,41.628775280508414,5.8446153728346815,-132.28870310440928,41.628775280508414,0.0,-0.6297826823713432,0.7767095535800467,-0.00980012054214556,0.0,0.0,0.0,0.0,0.0,0.0,-2.4285
226.00548386573792,5.834269442171063,-132.39261123003936,41.531841988256765,5.834269442171063,-132.39261123003936,41.531841988256765,1.1164171563807079e-18,-0.6295332629770086,0.7769154504936915,-0.009500188929965337,0.0,0.0,0.0,0.0,0.0,0.0,-2.4285
226.06502079963684,5.834269442171063,-132.39261123003936,41.531841988256765,5.834269442171063,-132.39261123003936,41.531841988256765,1.1164171563807079e-18,-0.6295332629770086,0.7769154504936915,-0.009500188929965337,0.0,0.0,0.0,0.0,0.0,0.0,-2.4285
226.13001084327698,5.7159171529469575,-132.35743513124274,41.47478607086993,5.7159171529469575,-132.35743513124274,41.47478607086993,5.582156487184345e-19,-0.6295483953898214,0.7769056098478377,-0.00930006715353957,0.0,0.0,0.0,0.0,0.0,0.0,-2.4285
226.18580198287964,5.7159171529469575,-132.35743513124274,41.47478607086993,5.7159171529469575,-132.35743513124274,41.47478607086993,5.582156487184345e-19,-0.6295483953898214,0.7769056098478377,-0.00930006715353957,0.0,0.0,0.0,0.0,0.0,0.0,-2.4285
226.30838561058044,5.7746318236359855,-132.23955023639658,41.681560680077595,5.7746318236359855,-132.23955023639658,41.681560680077595,1.6750475057251095e-18,-0.6297715596039655,0.7767198258770568,-0.00970024760011259,0.0,0.0,0.0,0.0,0.0,0.0,-2.452
226.38396906852722,5.78301438973449,-132.22478867067034,41.79070200480345,5.78301438973449,-132.22478867067034,41.79070200480345,-5.582862517603003e-19,-0.6296635884890193,0.7768073593551473,-0.009700091897199961,0.0,0.0,0.0,0.0,0.0,0.0,-2.489
226.43512964248657,5.78301438973449,-132.22478867067034,41.79070200480345,5.78301438973449,-132.22478867067034,41.79070200480345,-5.582862517603003e-19,-0.6296635884890193,0.7768073593551473,-0.009700091897199961,0.0,0.0,0.0,0.0,0.0,0.0,-2.515
226.50614142417908,5.8859547759803945,-132.0515637314362,41.81892251696873,5.8859547759803945,-132.0515637314362,41.81892251696873,1.6748352791130385e-18,-0.6296576576265671,0.7768182478647173,-0.009200216117862254,0.0,0.0,0.0,0.0,0.0,0.0,-2.5505
226.57038617134094,5.8859547759803945,-132.0515637314362,41.81892251696873,5.8859547759803945,-132.0515637314362,41.81892251696873,1.6748352791130385e-18,-0.6296576576265671,0.7768182478647173,-0.009200216117862254,0.0,0.0,0.0,0.0,0.0,0.0,-2.5825
226.69261980056763,5.25094604587332,-130.91740083572896,41.078423740002364,5.25094604587332,-130.91740083572896,41.078423740002364,0.0,-0.6297980280947616,0.7767113245287559,-0.008600125390687911,0.0,0.0,0.0,0.0,0.0,0.0,-2.6435
226.76571202278137,5.558954407299467,-130.35441253000968,41.25807622931134,5.558954407299467,-130.35441253000968,41.25807622931134,-5.578563859698804e-19,-0.6289508415496358,0.7774059415672208,-0.007800059614386832,0.0,0.0,0.0,0.0,0.0,0.0,-2.68
226.81268119812012,5.558954407299467,-130.35441253000968,41.25807622931134,5.558954407299467,-130.35441253000968,41.25807622931134,-5.578563859698804e-19,-0.6289508415496358,0.7774059415672208,-0.007800059614386832,0.0,0.0,0.0,0.0,0.0,0.0,-2.704
226.88494420051575,5.059252873400396,-130.6677939223448,40.87980320627505,5.059252873400396,-130.6677939223448,40.87980320627505,1.1131242134337702e-18,-0.6267145333230651,0.7792137908066544,-0.0074001309701863995,0.0,0.0,0.0,0.0,0.0,0.0,-2.7395
226.97175097465515,5.059252873400396,-130.6677939223448,40.87980320627505,5.059252873400396,-130.6677939223448,40.87980320627505,1.1131242134337702e-18,-0.6267145333230651,0.7792137908066544,-0.0074001309701863995,0.0,0.0,0.0,0.0,0.0,0.0,-2.771
227.06309270858765,5.326284399211858,-129.38521676514944,40.77836356873895,5.326284399211858,-129.38521676514944,40.77836356873895,-2.785673102669058e-18,-0.627709968470147,0.7784130675251808,-0.007300122550017753,0.0,0.0,0.0,0.0,0.0,0.0,-2.829
227.13106203079224,5.45627187357249,-128.44287347051102,41.26672037636977,5.45627187357249,-128.44287347051102,41.26672037636977,2.2294083174075712e-18,-0.6280791466965154,0.7781093586274944,-0.007900095017551996,0.0,0.0,0.0,0.0,0.0,0.0,-2.8625000000000003
227.18258833885193,5.45627187357249,-128.44287347051102,41.26672037636977,5.45627187357249,-128.44287347051102,41.26672037636977,2.2294083174075712e-18,-0.6280791466965154,0.7781093586274944,-0.007900095017551996,0.0,0.0,0.0,0.0,0.0,0.0,-2.8885
227.25570845603943,4.876047505781685,-128.03996060527453,40.57693714516689,4.876047505781685,-128.03996060527453,40.57693714516689,1.1141309184612952e-18,-0.627581572531838,0.7785097097801579,-0.008000099779372204,0.0,0.0,0.0,0.0,0.0,0.0,-2.9250000000000003
227.31798648834229,4.876047505781685,-128.03996060527453,40.57693714516689,4.876047505781685,-128.03996060527453,40.57693714516689,1.1141309184612952e-18,-0.627581572531838,0.7785097097801579,-0.008000099779372204,0.0,0.0,0.0,0.0,0.0,0.0,-2.957
227.47580218315125,4.620173801897209,-126.90645429238927,39.89261844287263,4.620173801897209,-126.90645429238927,39.89261844287263,5.567776417785207e-19,-0.6271014066651346,0.7789121481403065,-0.00630009825816399,0.0,0.0,0.0,0.0,0.0,0.0,-3.003
227.52110314369202,4.620173801897209,-126.90645429238927,39.89261844287263,4.620173801897209,-126.90645429238927,39.89261844287263,5.567776417785207e-19,-0.6271014066651346,0.7789121481403065,-0.00630009825816399,0.0,0.0,0.0,0.0,0.0,0.0,-3.003
227.56011080741882,4.620173801897209,-126.90645429238927,39.89261844287263,4.620173801897209,-126.90645429238927,39.89261844287263,5.567776417785207e-19,-0.6271014066651346,0.7789121481403065,-0.00630009825816399,0.0,0.0,0.0,0.0,0.0,0.0,-3.003
227.6314980983734,4.6800196777734016,-126.53666066432257,40.317201937349125,4.6800196777734016,-126.53666066432257,40.317201937349125,1.113696474011014e-18,-0.6272120258751664,0.7788134004452506,-0.007400127328319023,0.0,0.0,0.0,0.0,0.0,0.0,-3.003
227.68682289123535,4.6800196777734016,-126.53666066432257,40.317201937349125,4.6800196777734016,-126.53666066432257,40.317201937349125,1.113696474011014e-18,-0.6272120258751664,0.7788134004452506,-0.007400127328319023,0.0,0.0,0.0,0.0,0.0,0.0,-3.003
227.8134059906006,4.956416979715328,-126.60507806481618,40.4518258237472,4.956416979715328,-126.60507806481618,40.4518258237472,5.567084363276989e-19,-0.6269748033137764,0.7790089761437015,-0.006900079506279254,0.0,0.0,0.0,0.0,0.0,0.0,-3.003
227.86829090118408,5.03586998069099,-126.56605376342942,40.52840470162641,5.03586998069099,-126.56605376342942,40.52840470162641,-5.567086878845454e-19,-0.626971867289068,0.779008624137265,-0.007200079709612717,0.0,0.0,0.0,0.0,0.0,0.0,-3.003
227.945228099823,5.03586998069099,-126.56605376342942,40.52840470162641,5.03586998069099,-126.56605376342942,40.52840470162641,-5.567086878845454e-19,-0.626971867289068,0.779008624137265,-0.007200079709612717,0.0,0.0,0.0,0.0,0.0,0.0,-3.003
228.05871033668518,4.817627555464469,-126.54154044028985,40.45114319232262,4.817627555464469,-126.54154044028985,40.45114319232262,1.6703350895908465e-18,-0.6270929725410276,0.7789111389028528,-0.0072001029658499685,0.0,0.0,0.0,0.0,0.0,0.0,-3.003
228.12520217895508,4.837549216026247,-126.55319780867246,40.44294360679327,4.837549216026247,-126.55319780867246,40.44294360679327,-1.6701245864722799e-18,-0.6269776144202466,0.7790093131499441,-0.006600078904736367,0.0,0.0,0.0,0.0,0.0,0.0,-3.003
228.2513165473938,4.956333936073776,-126.54467382376382,40.52429182106071,4.956333936073776,-126.54467382376382,40.52429182106071,-2.2268035614694232e-18,-0.626962774876078,0.7790195354421375,-0.006800170527607875,0.0,0.0,0.0,0.0,0.0,0.0,-3.003
228.31052422523499,4.956333936073776,-126.54467382376382,40.52429182106071,4.956333936073776,-126.54467382376382,40.52429182106071,-2.2268035614694232e-18,-0.626962774876078,0.7790195354421375,-0.006800170527607875,0.0,0.0,0.0,0.0,0.0,0.0,-3.003
228.38003826141357,4.916204909343463,-126.56641896750874,40.506492665541685,4.916204909343463,-126.56641896750874,40.506492665541685,-1.1132627923870924e-18,-0.6268397073963525,0.7791167942733267,-0.007000150891943635,0.0,0.0,0.0,0.0,0.0,0.0,-3.003
228.44303798675537,4.916204909343463,-126.56641896750874,40.506492665541685,4.916204909343463,-126.56641896750874,40.506492665541685,-1.1132627923870924e-18,-0.6268397073963525,0.7791167942733267,-0.007000150891943635,0.0,0.0,0.0,0.0,0.0,0.0,-3.003
228.50852847099304,4.937582204831983,-126.52000509276033,40.48024836199908,4.937582204831983,-126.52000509276033,40.48024836199908,2.22683441136414e-18,-0.6269728598436178,0.7790087431396078,-0.007100079687151754,0.0,0.0,0.0,0.0,0.0,0.0,-3.003
228.63054156303406,4.977128203108975,-126.51671049885582,40.5106664433206,4.977128203108975,-126.51671049885582,40.5106664433206,2.22683441136414e-18,-0.6269728598436178,0.7790087431396078,-0.007100079687151754,0.0,0.0,0.0,0.0,0.0,0.0,-3.003
228.6914505958557,4.977128203108975,-126.51671049885582,40.5106664433206,4.977128203108975,-126.51671049885582,40.5106664433206,2.22683441136414e-18,-0.6269728598436178,0.7790087431396078,-0.007100079687151754,0.0,0.0,0.0,0.0,0.0,0.0,-3.003
228.7638394832611,4.965973347547077,-126.60119487352905,40.48171891089609,4.965973347547077,-126.60119487352905,40.48171891089609,0.0,-0.6268416232266683,0.7791170241816983,-0.0068001485873899975,0.0,0.0,0.0,0.0,0.0,0.0,-3.003
228.80692839622498,4.965973347547077,-126.60119487352905,40.48171891089609,4.965973347547077,-126.60119487352905,40.48171891089609,0.0,-0.6268416232266683,0.7791170241816983,-0.0068001485873899975,0.0,0.0,0.0,0.0,0.0,0.0,-3.003
228.87382984161377,4.164473810072678,-126.68534110233219,39.88580121221068,4.164473810072678,-126.68534110233219,39.88580121221068,-1.6660518468959304e-18,-0.624610190826701,0.7809136368754764,-0.006000104778144265,0.0,0.0,0.0,0.0,0.0,0.0,-3.003
229.00551557540894,4.719571564596976,-126.81070711284025,40.60777755969818,4.719571564596976,-126.81070711284025,40.60777755969818,0.0,-0.6253303701578053,0.7803159842883379,-0.008300170023828277,0.0,0.0,0.0,0.0,0.0,0.0,-3.003
229.0605866909027,4.719571564596976,-126.81070711284025,40.60777755969818,4.719571564596976,-126.81070711284025,40.60777755969818,0.0,-0.6253303701578053,0.7803159842883379,-0.008300170023828277,0.0,0.0,0.0,0.0,0.0,0.0,-3.003
229.1316316127777,4.773206922768935,-126.75012408036028,40.46902257950181,4.773206922768935,-126.75012408036028,40.46902257950181,5.5592093350703305e-19,-0.6256023070235555,0.7801124995569448,-0.006800108956527659,0.0,0.0,0.0,0.0,0.0,0.0,-3.003
229.18234586715698,4.773206922768935,-126.75012408036028,40.46902257950181,4.773206922768935,-126.75012408036028,40.46902257950181,5.5592093350703305e-19,-0.6256023070235555,0.7801124995569448,-0.006800108956527659,0.0,0.0,0.0,0.0,0.0,0.0,-3.003
229.25305342674255,4.816409434222493,-126.70915519539805,40.332805497353284,4.816409434222493,-126.70915519539805,40.332805497353284,-5.559200360040904e-19,-0.6256126292702647,0.7801137590065396,-0.005600098769948239,0.0,0.0,0.0,0.0,0.0,0.0,-3.003
229.37648367881775,4.624025232212432,-126.71553640564912,39.886657989265785,4.624025232212432,-126.71553640564912,39.886657989265785,0.0,-0.6240085233859298,0.7814135349001785,-0.0025000433033663255,0.0,0.0,0.0,0.0,0.0,0.0,-3.003
229.43606543540955,4.624025232212432,-126.71553640564912,39.886657989265785,4.624025232212432,-126.71553640564912,39.886657989265785,0.0,-0.6240085233859298,0.7814135349001785,-0.0025000433033663255,0.0,0.0,0.0,0.0,0.0,0.0,-3.003
229.5033519268036,4.605026386179361,-126.76310625685079,40.347175256158195,4.605026386179361,-126.76310625685079,40.347175256158195,-8.319636897127804e-19,-0.6233850424501843,0.7819106909772501,-0.0026000355499946927,0.0,0.0,0.0,0.0,0.0,0.0,-3.003
229.59076809883118,4.605026386179361,-126.76310625685079,40.347175256158195,4.605026386179361,-126.76310625685079,40.347175256158195,-8.319636897127804e-19,-0.6233850424501843,0.7819106909772501,-0.0026000355499946927,0.0,0.0,0.0,0.0,0.0,0.0,-3.003
229.63042426109314,4.481004011158234,-126.75590309614084,40.01121906114179,4.481004011158234,-126.75590309614084,40.01121906114179,0.0,-0.623387225207774,0.781910965101846,-0.0019000266449590829,0.0,0.0,0.0,0.0,0.0,0.0,-3.003
229.76027417182922,4.550248045727045,-126.5209159377069,39.747806269030676,4.550248045727045,-126.5209159377069,39.747806269030676,1.107863323576978e-18,-0.622109815594358,0.7829140287702071,0.005000089594904888,0.0,0.0,0.0,0.0,0.0,0.0,-3.003
229.81633591651917,4.550248045727045,-126.5209159377069,39.747806269030676,4.550248045727045,-126.5209159377069,39.747806269030676,1.107863323576978e-18,-0.622109815594358,0.7829140287702071,0.005000089594904888,0.0,0.0,0.0,0.0,0.0,0.0,-3.003
229.88483810424805,4.692132332900854,-126.93812981167801,39.746609431871306,4.692132332900854,-126.93812981167801,39.746609431871306,-1.6562937836203564e-18,-0.6188081899328872,0.785514393550861,0.006600120938810544,0.0,0.0,0.0,0.0,0.0,0.0,-3.003
229.9393916130066,4.692132332900854,-126.93812981167801,39.746609431871306,4.692132332900854,-126.93812981167801,39.746609431871306,-1.6562937836203564e-18,-0.6188081899328872,0.785514393550861,0.006600120938810544,0.0,0.0,0.0,0.0,0.0,0.0,-3.003
230.00370597839355,3.7543068538698776,-127.00245573406286,38.388837158406574,3.7543068538698776,-127.00245573406286,38.388837158406574,-5.509712430485651e-18,-0.6163511409202013,0.7871206972520255,0.023500617946160072,0.0,0.0,0.0,0.0,0.0,0.0,-3.003
230.13479733467102,3.8763522309527616,-126.77368493813454,38.53085423084161,3.8763522309527616,-126.77368493813454,38.53085423084161,-4.40054237126532e-18,-0.614696596653179,0.7884134861667104,0.023500401984928577,0.0,0.0,0.0,0.0,0.0,0.0,-3.003
230.18263983726501,3.8763522309527616,-126.77368493813454,38.53085423084161,3.8763522309527616,-126.77368493813454,38.53085423084161,-4.40054237126532e-18,-0.614696596653179,0.7884134861667104,0.023500401984928577,0.0,0.0,0.0,0.0,0.0,0.0,-3.003
230.25782561302185,3.994706402992847,-126.85059367338872,39.68388386463352,3.994706402992847,-126.85059367338872,39.68388386463352,5.498609397656145e-19,-0.6146721952310519,0.7887100858247251,0.010700136830638467,0.0,0.0,0.0,0.0,0.0,0.0,-3.003
230.3111093044281,3.994706402992847,-126.85059367338872,39.68388386463352,3.994706402992847,-126.85059367338872,39.68388386463352,5.498609397656145e-19,-0.6146721952310519,0.7887100858247251,0.010700136830638467,0.0,0.0,0.0,0.0,0.0,0.0,-3.003
230.38030695915222,3.6236411303689806,-126.71300724593088,39.8916831390114,3.6236411303689806,-126.71300724593088,39.8916831390114,8.241514353327252e-19,-0.6139600052492306,0.7893225390412324,0.004800137067525549,0.0,0.0,0.0,0.0,0.0,0.0,-3.003
230.50308299064636,4.361149884682703,-126.915558733565,38.67864821281684,4.361149884682703,-126.915558733565,38.67864821281684,-4.408934593915601e-18,-0.6168938556937613,0.7869127740614491,0.014500235384281378,0.0,0.0,0.0,0.0,0.0,0.0,-3.003
230.56435084342957,4.361149884682703,-126.915558733565,38.67864821281684,4.361149884682703,-126.915558733565,38.67864821281684,-4.408934593915601e-18,-0.6168938556937613,0.7869127740614491,0.014500235384281378,0.0,0.0,0.0,0.0,0.0,0.0,-3.003
230.64257216453552,4.818040757538824,-126.59011034018943,39.80165047174156,4.818040757538824,-126.59011034018943,39.80165047174156,2.2041628294476742e-18,-0.6167575133579183,0.7870214726429714,0.014400392892069618,0.0,0.0,0.0,0.0,0.0,0.0,-3.003
230.68437433242798,4.818040757538824,-126.59011034018943,39.80165047174156,4.818040757538824,-126.59011034018943,39.80165047174156,2.2041628294476742e-18,-0.6167575133579183,0.7870214726429714,0.014400392892069618,0.0,0.0,0.0,0.0,0.0,0.0,-3.003
230.74956583976746,2.606936104245108,-127.25098321880424,40.22303301824097,2.606936104245108,-127.25098321880424,40.22303301824097,5.430401784656914e-19,-0.601802898341684,0.7986165410808572,0.006700138774407388,0.0,0.0,0.0,0.0,0.0,0.0,-3.003
230.87388610839844,3.0278121184479687,-126.99140111737283,39.90088318775028,3.0278121184479687,-126.99140111737283,39.90088318775028,-1.0908589118012723e-18,-0.6064186170676868,0.79511816661623,0.006600150798223014,0.0,0.0,0.0,0.0,0.0,0.0,-3.003
230.94318389892578,3.0278121184479687,-126.99140111737283,39.90088318775028,3.0278121184479687,-126.99140111737283,39.90088318775028,-1.0908589118012723e-18,-0.6064186170676868,0.79511816661623,0.006600150798223014,0.0,0.0,0.0,0.0,0.0,0.0,-3.003
231.05599331855774,3.6380163557240905,-127.09367180050975,40.35803906508424,3.6380163557240905,-127.09367180050975,40.35803906508424,-4.094362319497223e-19,-0.607372646979785,0.7944110129110228,0.0031000429758612415,0.0,0.0,0.0,0.0,0.0,0.0,-3.003
231.1206259727478,3.773965909987254,-126.99079273641077,38.99321907077518,3.773965909987254,-126.99079273641077,38.99321907077518,0.0,-0.6087470496314876,0.7932070253992961,0.015800139941135757,0.0,0.0,0.0,0.0,0.0,0.0,-3.003
231.1816370487213,3.773965909987254,-126.99079273641077,38.99321907077518,3.773965909987254,-126.99079273641077,38.99321907077518,0.0,-0.6087470496314876,0.7932070253992961,0.015800139941135757,0.0,0.0,0.0,0.0,0.0,0.0,-3.003
231.3110203742981,3.938512874709204,-126.46409173076857,39.327150721051524,3.938512874709204,-126.46409173076857,39.327150721051524,3.2891803562999112e-18,-0.6114306968670443,0.7911044491620298,0.01750009842034575,0.0,0.0,0.0,0.0,0.0,0.0,-3.003
231.37207317352295,4.603151793949024,-126.70698522656471,39.945744171333416,4.603151793949024,-126.70698522656471,39.945744171333416,-2.1946994712161136e-18,-0.6122047070764971,0.7904150425732653,0.021200403469829487,0.0,0.0,0.0,0.0,0.0,0.0,-3.003
231.47385811805725,4.603151793949024,-126.70698522656471,39.945744171333416,4.603151793949024,-126.70698522656471,39.945744171333416,-2.1946994712161136e-18,-0.6122047070764971,0.7904150425732653,0.021200403469829487,0.0,0.0,0.0,0.0,0.0,0.0,-3.003
231.55710577964783,3.6032911780318386,-127.19237703612286,38.230963269891035,3.6032911780318386,-127.19237703612286,38.230963269891035,-2.18144064950947e-18,-0.6051237499458353,0.7952191944194704,0.038100919652140124,0.0,0.0,0.0,0.0,0.0,0.0,-3.003
231.62779569625854,2.888912810297313,-127.12366843018374,38.54408093975795,2.888912810297313,-127.12366843018374,38.54408093975795,-3.264784982986401e-18,-0.6036001639521985,0.797015799669907,0.020800412337683906,0.0,0.0,0.0,0.0,0.0,0.0,-3.003
231.7305042743683,2.888912810297313,-127.12366843018374,38.54408093975795,2.888912810297313,-127.12366843018374,38.54408093975795,-3.264784982986401e-18,-0.6036001639521985,0.797015799669907,0.020800412337683906,0.0,0.0,0.0,0.0,0.0,0.0,-3.003
231.8149197101593,2.877300433152385,-127.3380760345047,38.96704019536821,2.877300433152385,-127.3380760345047,38.96704019536821,-2.1713412613494933e-18,-0.6012109124869822,0.7989179346680275,0.01660037265676462,0.0,0.0,0.0,0.0,0.0,0.0,-3.003
231.87918877601624,3.036540332632427,-127.06036415873368,39.324977017264665,3.036540332632427,-127.06036415873368,39.324977017264665,2.1737887901418913e-18,-0.6024152751455821,0.79801841091635,0.016200373755444693,0.0,0.0,0.0,0.0,0.0,0.0,-3.003
231.94176745414734,3.036540332632427,-127.06036415873368,39.324977017264665,3.036540332632427,-127.06036415873368,39.324977017264665,2.1737887901418913e-18,-0.6024152751455821,0.79801841091635,0.016200373755444693,0.0,0.0,0.0,0.0,0.0,0.0,-3.003
232.00321435928345,3.520540518850595,-126.77147054072267,38.8584105190961,3.520540518850595,-126.77147054072267,38.8584105190961,0.0,-0.6052441413165851,0.7955223398110036,0.02870080597432534,0.0,0.0,0.0,0.0,0.0,0.0,-3.003
232.1382441520691,3.9535986249852897,-126.91993551591676,39.09719667416309,3.9535986249852897,-126.91993551591676,39.09719667416309,2.187503135129151e-18,-0.6084022034294385,0.7930153096097795,0.031200602345302794,0.0,0.0,0.0,0.0,0.0,0.0,-3.003
232.18726539611816,3.9535986249852897,-126.91993551591676,39.09719667416309,3.9535986249852897,-126.91993551591676,39.09719667416309,2.187503135129151e-18,-0.6084022034294385,0.7930153096097795,0.031200602345302794,0.0,0.0,0.0,0.0,0.0,0.0,-3.003
232.25985312461853,4.731128138310709,-126.91484209579139,39.25943696810799,4.731128138310709,-126.91484209579139,39.25943696810799,2.1961113039214517e-18,-0.6118478953547576,0.7899069017491168,0.041100359111139004,0.0,0.0,0.0,0.0,0.0,0.0,-3.003
232.3155083656311,4.731128138310709,-126.91484209579139,39.25943696810799,4.731128138310709,-126.91484209579139,39.25943696810799,2.1961113039214517e-18,-0.6118478953547576,0.7899069017491168,0.041100359111139004,0.0,0.0,0.0,0.0,0.0,0.0,-3.003
232.383953332901,4.833078156039562,-126.71754464416047,38.7997850242798,4.833078156039562,-126.71754464416047,38.7997850242798,-4.403855261345681e-18,-0.6143455868549981,0.7878203860163786,0.04380113341903705,0.0,0.0,0.0,0.0,0.0,0.0,-3.003
232.50676012039185,4.833078156039562,-126.71754464416047,38.7997850242798,4.833078156039562,-126.71754464416047,38.7997850242798,-4.403855261345681e-18,-0.6143455868549981,0.7878203860163786,0.04380113341903705,0.0,0.0,0.0,0.0,0.0,0.0,-3.003
232.56113958358765,3.6385201864131886,-126.76741254191712,38.980739300204704,3.6385201864131886,-126.76741254191712,38.980739300204704,2.1803528756665667e-18,-0.605002518009085,0.7956159277412724,0.03110062261532626,0.0,0.0,0.0,0.0,0.0,0.0,-3.003
232.65779328346252,3.6385201864131886,-126.76741254191712,38.980739300204704,3.6385201864131886,-126.76741254191712,38.980739300204704,2.1803528756665667e-18,-0.605002518009085,0.7956159277412724,0.03110062261532626,0.0,0.0,0.0,0.0,0.0,0.0,-3.003
232.74561023712158,3.623513767218725,-126.83109613442582,39.76656320377862,3.623513767218725,-126.83109613442582,39.76656320377862,0.0,-0.6051104570079003,0.7959171498500233,0.018900407252375226,0.0,0.0,0.0,0.0,0.0,0.0,-3.003
232.80493092536926,3.508825735997732,-126.80602521869145,39.48886173694978,3.508825735997732,-126.80602521869145,39.48886173694978,0.0,-0.6050313608498447,0.7960048734473844,0.017700108366857672,0.0,0.0,0.0,0.0,0.0,0.0,-3.003
232.8888759613037,3.508825735997732,-126.80602521869145,39.48886173694978,3.508825735997732,-126.80602521869145,39.48886173694978,0.0,-0.6050313608498447,0.7960048734473844,0.017700108366857672,0.0,0.0,0.0,0.0,0.0,0.0,-3.003
232.9510428905487,3.515696730420956,-126.95615881446363,39.49947742610053,3.515696730420956,-126.95615881446363,39.49947742610053,-1.0888181860756987e-18,-0.6042537583240513,0.7966084228575709,0.017100180807010368,0.0,0.0,0.0,0.0,0.0,0.0,-3.003
232.9930853843689,3.515696730420956,-126.95615881446363,39.49947742610053,3.515696730420956,-126.95615881446363,39.49947742610053,-1.0888181860756987e-18,-0.6042537583240513,0.7966084228575709,0.017100180807010368,0.0,0.0,0.0,0.0,0.0,0.0,-3.003
233.06893491744995,3.4547309734267344,-126.9547988443616,38.98354978877583,3.4547309734267344,-126.9547988443616,38.98354978877583,3.267707365650094e-18,-0.6045192729672961,0.7963030108871265,0.021400080915464664,0.0,0.0,0.0,0.0,0.0,0.0,-3.003
233.1350507736206,3.4547309734267344,-126.9547988443616,38.98354978877583,3.4547309734267344,-126.9547988443616,38.98354978877583,3.267707365650094e-18,-0.6045192729672961,0.7963030108871265,0.021400080915464664,0.0,0.0,0.0,0.0,0.0,0.0,-3.003
233.31216049194336,3.490168665637327,-126.91342993992022,39.2913367016167,3.490168665637327,-126.91342993992022,39.2913367016167,0.0,-0.6039470289245056,0.7968073919299924,0.018600172552582648,0.0,0.0,0.0,0.0,0.0,0.0,-3.003
233.3814754486084,3.490168665637327,-126.91342993992022,39.2913367016167,3.490168665637327,-126.91342993992022,39.2913367016167,0.0,-0.6039470289245056,0.7968073919299924,0.018600172552582648,0.0,0.0,0.0,0.0,0.0,0.0,-3.003
233.44085907936096,3.3702178886830723,-126.95885502450972,39.23522633895426,3.3702178886830723,-126.95885502450972,39.23522633895426,2.1770603359406486e-18,-0.6039221263984261,0.7968192003402974,0.01890045542975856,0.0,0.0,0.0,0.0,0.0,0.0,-3.003
233.50227761268616,3.3702178886830723,-126.95885502450972,39.23522633895426,3.3702178886830723,-126.95885502450972,39.23522633895426,2.1770603359406486e-18,-0.6039221263984261,0.7968192003402974,0.01890045542975856,0.0,0.0,0.0,0.0,0.0,0.0,-3.003
233.56513857841492,3.4194592351818756,-126.90525756200302,39.33964186369952,3.4194592351818756,-126.90525756200302,39.33964186369952,-1.0886767258453953e-18,-0.6040760188477468,0.7967119323827436,0.018500277079303074,0.0,0.0,0.0,0.0,0.0,0.0,-3.003
233.685067653656,3.4215731973769152,-126.84136053596401,39.29052260854222,3.4215731973769152,-126.84136053596401,39.29052260854222,-2.1776477749931084e-18,-0.6042271285272165,0.7966042515678629,0.01820009713599687,0.0,0.0,0.0,0.0,0.0,0.0,-3.003
233.74671602249146,3.4215731973769152,-126.84136053596401,39.29052260854222,3.4215731973769152,-126.84136053596401,39.29052260854222,-2.1776477749931084e-18,-0.6042271285272165,0.7966042515678629,0.01820009713599687,0.0,0.0,0.0,0.0,0.0,0.0,-3.003
233.80951285362244,3.361676980128067,-126.90058758225115,39.21700662288347,3.361676980128067,-126.90058758225115,39.21700662288347,-2.1773545423648296e-18,-0.6040734745843168,0.7967115332961437,0.018600269259832148,0.0,0.0,0.0,0.0,0.0,0.0,-3.004
233.86708068847656,3.361676980128067,-126.90058758225115,39.21700662288347,3.361676980128067,-126.90058758225115,39.21700662288347,-2.1773545423648296e-18,-0.6040734745843168,0.7967115332961437,0.018600269259832148,0.0,0.0,0.0,0.0,0.0,0.0,-3.031
233.93732357025146,3.4778400083422127,-126.98703594015436,39.34163740676915,3.4778400083422127,-126.98703594015436,39.34163740676915,-3.265194386189504e-18,-0.6038007929758137,0.7969158666237494,0.01870037232508987,0.0,0.0,0.0,0.0,0.0,0.0,-3.0655
234.05963611602783,3.7841358590904974,-126.25312668028909,39.810742992003874,3.7841358590904974,-126.25312668028909,39.810742992003874,-6.5287470210733205e-18,-0.6036030915950957,0.7971162630643421,0.016400334605764916,0.0,0.0,0.0,0.0,0.0,0.0,-3.1270000000000002
234.12692260742188,3.7841358590904974,-126.25312668028909,39.810742992003874,3.7841358590904974,-126.25312668028909,39.810742992003874,-6.5287470210733205e-18,-0.6036030915950957,0.7971162630643421,0.016400334605764916,0.0,0.0,0.0,0.0,0.0,0.0,-3.1605
234.20211839675903,3.5293995421104682,-125.83978421917467,39.39691039462741,3.5293995421104682,-125.83978421917467,39.39691039462741,-5.438548540221967e-18,-0.603227806492918,0.7974202414243813,0.015400390917902528,0.0,0.0,0.0,0.0,0.0,0.0,-3.1985
234.25457453727722,3.5293995421104682,-125.83978421917467,39.39691039462741,3.5293995421104682,-125.83978421917467,39.39691039462741,-5.438548540221967e-18,-0.603227806492918,0.7974202414243813,0.015400390917902528,0.0,0.0,0.0,0.0,0.0,0.0,-3.225
234.32277989387512,3.121112480343129,-125.10089783847526,38.976495609432746,3.121112480343129,-125.10089783847526,38.976495609432746,1.0878417957596528e-18,-0.60334804538952,0.7973234172186908,0.01570046111919409,0.0,0.0,0.0,0.0,0.0,0.0,-3.259
234.44776487350464,3.1483256557409334,-124.45258796517571,39.291699910271255,3.1483256557409334,-124.45258796517571,39.291699910271255,-4.349783029731363e-18,-0.6029868867959757,0.7976137955018602,0.014800255984738638,0.0,0.0,0.0,0.0,0.0,0.0,-3.321
234.5024185180664,3.1483256557409334,-124.45258796517571,39.291699910271255,3.1483256557409334,-124.45258796517571,39.291699910271255,-4.349783029731363e-18,-0.6029868867959757,0.7976137955018602,0.014800255984738638,0.0,0.0,0.0,0.0,0.0,0.0,-3.3485
234.57690238952637,3.3265873425630446,-123.57591311799365,39.234568628737975,3.3265873425630446,-123.57591311799365,39.234568628737975,2.175680834600591e-18,-0.6033544420169784,0.7973244275487978,0.015400471822716024,0.0,0.0,0.0,0.0,0.0,0.0,-3.386
234.62278628349304,3.3265873425630446,-123.57591311799365,39.234568628737975,3.3265873425630446,-123.57591311799365,39.234568628737975,2.175680834600591e-18,-0.6033544420169784,0.7973244275487978,0.015400471822716024,0.0,0.0,0.0,0.0,0.0,0.0,-3.4090000000000003
234.70243406295776,3.032955476430459,-122.90054132485115,39.622064781259475,3.032955476430459,-122.90054132485115,39.622064781259475,2.176000715560443e-18,-0.6035457221176207,0.7972072176134455,0.01390012584649635,0.0,0.0,0.0,0.0,0.0,0.0,-3.4485
234.80870270729065,3.206282719672174,-122.31208970514243,39.52366580762453,3.206282719672174,-122.31208970514243,39.52366580762453,-1.0875925128305827e-18,-0.6031389124534924,0.7975061686761676,0.01440011138424679,0.0,0.0,0.0,0.0,0.0,0.0,-3.5020000000000002
234.9118037223816,3.206282719672174,-122.31208970514243,39.52366580762453,3.206282719672174,-122.31208970514243,39.52366580762453,-1.0875925128305827e-18,-0.6031389124534924,0.7975061686761676,0.01440011138424679,0.0,0.0,0.0,0.0,0.0,0.0,-3.5420000000000003
234.95289611816406,2.8869645796168015,-121.73267869837639,38.985131861925694,2.8869645796168015,-121.73267869837639,38.985131861925694,-2.17488805221047e-18,-0.6029948918785447,0.7976150653886313,0.014400271992974287,0.0,0.0,0.0,0.0,0.0,0.0,-3.5505
235.0106098651886,2.8869645796168015,-121.73267869837639,38.985131861925694,2.8869645796168015,-121.73267869837639,38.985131861925694,-2.17488805221047e-18,-0.6029948918785447,0.7976150653886313,0.014400271992974287,0.0,0.0,0.0,0.0,0.0,0.0,-3.5505
235.08810687065125,3.1027782140152453,-121.44546946328313,38.979187916697406,3.1027782140152453,-121.44546946328313,38.979187916697406,-2.1737690139549364e-18,-0.6024608002205855,0.7980256710075494,0.0140004503685535,0.0,0.0,0.0,0.0,0.0,0.0,-3.5505
235.21339559555054,2.9932409217129816,-121.351831715055,39.05556562091703,2.9932409217129816,-121.351831715055,39.05556562091703,-1.0872930502639621e-18,-0.6028623946468186,0.7977258180559824,0.013800446645571715,0.0,0.0,0.0,0.0,0.0,0.0,-3.5505
235.26185297966003,2.9932409217129816,-121.351831715055,39.05556562091703,2.9932409217129816,-121.351831715055,39.05556562091703,-1.0872930502639621e-18,-0.6028623946468186,0.7977258180559824,0.013800446645571715,0.0,0.0,0.0,0.0,0.0,0.0,-3.5505
235.33898377418518,3.0132976902515907,-121.29317966906261,39.1184755846485,3.0132976902515907,-121.29317966906261,39.1184755846485,1.087310547169831e-18,-0.6028816663662371,0.7977129811221516,0.013700222942677042,0.0,0.0,0.0,0.0,0.0,0.0,-3.5505
235.4188175201416,3.0132976902515907,-121.29317966906261,39.1184755846485,3.0132976902515907,-121.29317966906261,39.1184755846485,1.087310547169831e-18,-0.6028816663662371,0.7977129811221516,0.013700222942677042,0.0,0.0,0.0,0.0,0.0,0.0,-3.5505
235.46382236480713,2.9641200253278726,-121.28773268732182,39.07662002751964,2.9641200253278726,-121.28773268732182,39.07662002751964,-1.0872938748357506e-18,-0.602858583765441,0.7977252130841163,0.014000442501162877,0.0,0.0,0.0,0.0,0.0,0.0,-3.5505
235.58290910720825,2.875546959757145,-121.3108298333504,38.96743516638615,2.875546959757145,-121.3108298333504,38.96743516638615,2.174329222726549e-18,-0.6027260139376801,0.797820062318581,0.01430035960285248,0.0,0.0,0.0,0.0,0.0,0.0,-3.5505
235.63772296905518,2.875546959757145,-121.3108298333504,38.96743516638615,2.875546959757145,-121.3108298333504,38.96743516638615,2.174329222726549e-18,-0.6027260139376801,0.797820062318581,0.01430035960285248,0.0,0.0,0.0,0.0,0.0,0.0,-3.5505
235.69894075393677,2.8251356839383845,-121.37743865847796,38.91526268623187,2.8251356839383845,-121.37743865847796,38.91526268623187,-2.1738100219459337e-18,-0.6024665053987754,0.7980106165965373,0.014600194238483006,0.0,0.0,0.0,0.0,0.0,0.0,-3.5505
235.7609167098999,2.8251356839383845,-121.37743865847796,38.91526268623187,2.8251356839383845,-121.37743865847796,38.91526268623187,-2.1738100219459337e-18,-0.6024665053987754,0.7980106165965373,0.014600194238483006,0.0,0.0,0.0,0.0,0.0,0.0,-3.5505
235.84307289123535,2.846563187482161,-121.42987269660443,39.346761856263086,2.846563187482161,-121.42987269660443,39.346761856263086,-2.171083188508787e-18,-0.6011797480002422,0.7990129006380015,0.012700205053945706,0.0,0.0,0.0,0.0,0.0,0.0,-3.5505
235.96000289916992,2.302973681432263,-121.35152639263016,37.914675160016664,2.302973681432263,-121.35152639263016,37.914675160016664,2.1705572190456334e-18,-0.6007401153999552,0.7992065174580114,0.01950015902206109,0.0,0.0,0.0,0.0,0.0,0.0,-3.5505
236.0101194381714,2.302973681432263,-121.35152639263016,37.914675160016664,2.302973681432263,-121.35152639263016,37.914675160016664,2.1705572190456334e-18,-0.6007401153999552,0.7992065174580114,0.01950015902206109,0.0,0.0,0.0,0.0,0.0,0.0,-3.5505
236.07764267921448,1.8112280115015267,-121.48817447170202,37.28007804484015,1.8112280115015267,-121.48817447170202,37.28007804484015,-2.166171038600954e-18,-0.598449142218236,0.8008247941017609,0.02320071831064043,0.0,0.0,0.0,0.0,0.0,0.0,-3.5505
236.17019391059875,1.8112280115015267,-121.48817447170202,37.28007804484015,1.8112280115015267,-121.48817447170202,37.28007804484015,-2.166171038600954e-18,-0.598449142218236,0.8008247941017609,0.02320071831064043,0.0,0.0,0.0,0.0,0.0,0.0,-3.5505
236.2714385986328,2.138928424484675,-121.35809237017263,38.135233636643406,2.138928424484675,-121.35809237017263,38.135233636643406,8.648594977827756e-18,-0.5962858940963177,0.8023145865538095,0.027100492702989202,0.0,0.0,0.0,0.0,0.0,0.0,-3.5505
236.3950777053833,1.7008086449367852,-121.82765817985153,36.92124887185041,1.7008086449367852,-121.82765817985153,36.92124887185041,8.626045686491404e-18,-0.5929679561126586,0.8044119120275127,0.036200536070855244,0.0,0.0,0.0,0.0,0.0,0.0,-3.5505
236.4659116268158,1.6615771821221585,-121.5118408154587,37.230635821596834,1.6615771821221585,-121.5118408154587,37.230635821596834,0.0,-0.5930923787816766,0.8044161757066669,0.03400068370714405,0.0,0.0,0.0,0.0,0.0,0.0,-3.5505
236.51869535446167,1.6615771821221585,-121.5118408154587,37.230635821596834,1.6615771821221585,-121.5118408154587,37.230635821596834,0.0,-0.5930923787816766,0.8044161757066669,0.03400068370714405,0.0,0.0,0.0,0.0,0.0,0.0,-3.5505
236.58350348472595,3.056023718007765,-121.89784133516234,37.14275830828994,3.056023718007765,-121.89784133516234,37.14275830828994,-8.677778420370526e-18,-0.5982986384941144,0.799616395783813,0.051501056006586235,0.0,0.0,0.0,0.0,0.0,0.0,-3.5505
236.6409935951233,3.056023718007765,-121.89784133516234,37.14275830828994,3.056023718007765,-121.89784133516234,37.14275830828994,-8.677778420370526e-18,-0.5982986384941144,0.799616395783813,0.051501056006586235,0.0,0.0,0.0,0.0,0.0,0.0,-3.5505
236.77157473564148,2.7463703733561147,-121.98345977478827,35.877972046132555,2.7463703733561147,-121.98345977478827,35.877972046132555,0.0,-0.598895421038403,0.7984157516552999,0.06210122517258783,0.0,0.0,0.0,0.0,0.0,0.0,-3.5505
236.84665989875793,2.729846493939789,-121.93469748637321,36.30511277310384,2.729846493939789,-121.93469748637321,36.30511277310384,-1.3020010747745344e-17,-0.5975662373109711,0.7994110801838809,0.06210086074483238,0.0,0.0,0.0,0.0,0.0,0.0,-3.5505
236.8949179649353,2.729846493939789,-121.93469748637321,36.30511277310384,2.729846493939789,-121.93469748637321,36.30511277310384,-1.3020010747745344e-17,-0.5975662373109711,0.7994110801838809,0.06210086074483238,0.0,0.0,0.0,0.0,0.0,0.0,-3.5505
236.9599690437317,3.7188865517759666,-121.96928278520483,35.769292261085056,3.7188865517759666,-121.96928278520483,35.769292261085056,0.0,-0.6008584193532522,0.7966094500532,0.06620078532955287,0.0,0.0,0.0,0.0,0.0,0.0,-3.5505
237.01485466957092,3.7188865517759666,-121.96928278520483,35.769292261085056,3.7188865517759666,-121.96928278520483,35.769292261085056,0.0,-0.6008584193532522,0.7966094500532,0.06620078532955287,0.0,0.0,0.0,0.0,0.0,0.0,-3.5505
237.17142343521118,3.1211268775587087,-122.08666087582343,36.06930185380238,3.1211268775587087,-122.08666087582343,36.06930185380238,8.693065964563037e-18,-0.5992619996862352,0.7982101978971944,0.06120078189840681,0.0,0.0,0.0,0.0,0.0,0.0,-3.5505
237.26511549949646,2.944996072376682,-121.85898586543021,36.671416485005075,2.944996072376682,-121.85898586543021,36.671416485005075,-4.346539028811715e-18,-0.6009561162112712,0.7982090874960152,0.04140047133843026,0.0,0.0,0.0,0.0,0.0,0.0,-3.5505
237.33193588256836,3.0327388348493685,-121.4435649777827,36.6964503368821,3.0327388348493685,-121.4435649777827,36.6964503368821,2.1751610400575143e-18,-0.6017932003511711,0.797514962814403,0.04260079926757814,0.0,0.0,0.0,0.0,0.0,0.0,-3.5505
237.3907186985016,3.0327388348493685,-121.4435649777827,36.6964503368821,3.0327388348493685,-121.4435649777827,36.6964503368821,2.1751610400575143e-18,-0.6017932003511711,0.797514962814403,0.04260079926757814,0.0,0.0,0.0,0.0,0.0,0.0,-3.5505
237.45516681671143,2.7409568966755273,-121.8169875723426,36.94528535537363,2.7409568966755273,-121.8169875723426,36.94528535537363,2.166716879568037e-18,-0.5976376718321942,0.8006230497094972,0.04280123223528164,0.0,0.0,0.0,0.0,0.0,0.0,-3.5505
237.57888007164001,1.1879671127588551,-121.30661450938761,38.80053252695491,1.1879671127588551,-121.30661450938761,38.80053252695491,0.0,-0.5926532419783238,0.8052093674725543,0.02000023267443006,0.0,0.0,0.0,0.0,0.0,0.0,-3.5505
237.6424753665924,1.1879671127588551,-121.30661450938761,38.80053252695491,1.1879671127588551,-121.30661450938761,38.80053252695491,0.0,-0.5926532419783238,0.8052093674725543,0.02000023267443006,0.0,0.0,0.0,0.0,0.0,0.0,-3.5505
237.70787501335144,1.1994849888757528,-121.44314632649889,39.1323855086291,1.1994849888757528,-121.44314632649889,39.1323855086291,2.150650226830993e-18,-0.5910234225406472,0.806604186182772,0.009000046709205244,0.0,0.0,0.0,0.0,0.0,0.0,-3.5505
237.76184272766113,1.1994849888757528,-121.44314632649889,39.1323855086291,1.1994849888757528,-121.44314632649889,39.1323855086291,2.150650226830993e-18,-0.5910234225406472,0.806604186182772,0.009000046709205244,0.0,0.0,0.0,0.0,0.0,0.0,-3.5505
237.8217351436615,3.463414352480612,-121.14354690165419,38.14559068636839,3.463414352480612,-121.14354690165419,38.14559068636839,-6.5304006688652e-18,-0.6036914757173917,0.7969144148753676,0.022000397951133253,0.0,0.0,0.0,0.0,0.0,0.0,-3.5505
237.95983409881592,2.8230372113964677,-121.53689463275683,38.85636116944525,2.8230372113964677,-121.53689463275683,38.85636116944525,3.2489052390284307e-18,-0.5984685231363931,0.8009113909223626,0.019400275919457907,0.0,0.0,0.0,0.0,0.0,0.0,-3.5505
238.0127034187317,2.8230372113964677,-121.53689463275683,38.85636116944525,2.8230372113964677,-121.53689463275683,38.85636116944525,3.2489052390284307e-18,-0.5984685231363931,0.8009113909223626,0.019400275919457907,0.0,0.0,0.0,0.0,0.0,0.0,-3.5505
238.08693647384644,2.699929746224086,-121.05812634384674,38.42540238075087,2.699929746224086,-121.05812634384674,38.42540238075087,-2.1662033871832046e-18,-0.5985772967014966,0.8008128351385015,0.020100322160694156,0.0,0.0,0.0,0.0,0.0,0.0,-3.5505
238.14589715003967,2.699929746224086,-121.05812634384674,38.42540238075087,2.699929746224086,-121.05812634384674,38.42540238075087,-2.1662033871832046e-18,-0.5985772967014966,0.8008128351385015,0.020100322160694156,0.0,0.0,0.0,0.0,0.0,0.0,-3.5505
238.2117428779602,2.59012038168828,-121.33466899267091,38.673728913448336,2.59012038168828,-121.33466899267091,38.673728913448336,1.0821583196010308e-18,-0.5976653192791,0.8015109455594093,0.01940026493306618,0.0,0.0,0.0,0.0,0.0,0.0,-3.5505
238.33823561668396,2.5218183638612004,-121.26531918232448,38.653102760979614,2.5218183638612004,-121.26531918232448,38.653102760979614,-5.412085426034903e-18,-0.5979156681189243,0.8013193341479324,0.01960047291813238,0.0,0.0,0.0,0.0,0.0,0.0,-3.5505
238.3937726020813,2.5218183638612004,-121.26531918232448,38.653102760979614,2.5218183638612004,-121.26531918232448,38.653102760979614,-5.412085426034903e-18,-0.5979156681189243,0.8013193341479324,0.01960047291813238,0.0,0.0,0.0,0.0,0.0,0.0,-3.5505
238.45766258239746,2.50957275020761,-121.39932942361095,38.63093746881855,2.50957275020761,-121.39932942361095,38.63093746881855,0.0,-0.5973884878050868,0.8017148685993858,0.019500361653596136,0.0,0.0,0.0,0.0,0.0,0.0,-3.5505
238.50613164901733,2.50957275020761,-121.39932942361095,38.63093746881855,2.50957275020761,-121.39932942361095,38.63093746881855,0.0,-0.5973884878050868,0.8017148685993858,0.019500361653596136,0.0,0.0,0.0,0.0,0.0,0.0,-3.5505
238.5811984539032,2.476164120270596,-121.54595862926323,38.660665225133386,2.476164120270596,-121.54595862926323,38.660665225133386,1.0809448506650867e-18,-0.5964632289423697,0.8024107219297368,0.01920025655664375,0.0,0.0,0.0,0.0,0.0,0.0,-3.5505
238.70495796203613,2.3686887258281217,-121.51913751042348,38.544348127621376,2.3686887258281217,-121.51913751042348,38.544348127621376,-2.1615947170429067e-18,-0.5963190941818537,0.8025202237494058,0.019100481337836327,0.0,0.0,0.0,0.0,0.0,0.0,-3.5505
238.7622983455658,2.3686887258281217,-121.51913751042348,38.544348127621376,2.3686887258281217,-121.51913751042348,38.544348127621376,-2.1615947170429067e-18,-0.5963190941818537,0.8025202237494058,0.019100481337836327,0.0,0.0,0.0,0.0,0.0,0.0,-3.5505
238.8302822113037,2.4579162462538875,-121.46632484442694,38.64946364459679,2.4579162462538875,-121.46632484442694,38.64946364459679,1.0805271581878811e-18,-0.5960227499924988,0.8027209047137965,0.01990051825564289,0.0,0.0,0.0,0.0,0.0,0.0,-3.5505
238.88688945770264,2.4579162462538875,-121.46632484442694,38.64946364459679,2.4579162462538875,-121.46632484442694,38.64946364459679,1.0805271581878811e-18,-0.5960227499924988,0.8027209047137965,0.01990051825564289,0.0,0.0,0.0,0.0,0.0,0.0,-3.5505
238.95779871940613,1.8832849424825042,-121.4640945113783,37.76239324697296,1.8832849424825042,-121.4640945113783,37.76239324697296,6.466339548814434e-18,-0.59255303423203,0.8048093343450509,0.03410039550343717,0.0,0.0,0.0,0.0,0.0,0.0,-3.5505
239.08050775527954,2.2061263440176333,-121.84657907315938,37.74901455294144,2.2061263440176333,-121.84657907315938,37.74901455294144,6.461520420632969e-18,-0.5913538154530458,0.8054095768717885,0.04020047801123155,0.0,0.0,0.0,0.0,0.0,0.0,-3.5505
239.14206910133362,2.2061263440176333,-121.84657907315938,37.74901455294144,2.2061263440176333,-121.84657907315938,37.74901455294144,6.461520420632969e-18,-0.5913538154530458,0.8054095768717885,0.04020047801123155,0.0,0.0,0.0,0.0,0.0,0.0,-3.5505
239.19957566261292,3.188822365817998,-121.60768547584111,37.88220005477261,3.188822365817998,-121.60768547584111,37.88220005477261,6.498594657291769e-18,-0.5980884104778322,0.8008147457067606,0.031400578190799555,0.0,0.0,0.0,0.0,0.0,0.0,-3.5505
239.26437854766846,3.188822365817998,-121.60768547584111,37.88220005477261,3.188822365817998,-121.60768547584111,37.88220005477261,6.498594657291769e-18,-0.5980884104778322,0.8008147457067606,0.031400578190799555,0.0,0.0,0.0,0.0,0.0,0.0,-3.5505
239.3457589149475,2.4366587289424047,-121.82988323022497,39.456168930357144,2.4366587289424047,-121.82988323022497,39.456168930357144,-1.07919466274429e-18,-0.5947698015037599,0.8037120344746559,0.01720025755003618,0.0,0.0,0.0,0.0,0.0,0.0,-3.5505
239.46131086349487,2.271677024092952,-121.45210147164101,39.018262570565255,2.271677024092952,-121.45210147164101,39.018262570565255,4.318936355616482e-18,-0.5953612884008762,0.8033105066347725,0.015400201421854222,0.0,0.0,0.0,0.0,0.0,0.0,-3.5505
239.51339840888977,2.271677024092952,-121.45210147164101,39.018262570565255,2.271677024092952,-121.45210147164101,39.018262570565255,4.318936355616482e-18,-0.5953612884008762,0.8033105066347725,0.015400201421854222,0.0,0.0,0.0,0.0,0.0,0.0,-3.5505
239.5820508003235,1.9767035459814508,-121.08632305916163,39.13529589989866,1.9767035459814508,-121.08632305916163,39.13529589989866,1.0809331718022371e-18,-0.5966145084518507,0.8024193915172881,0.013200319003026177,0.0,0.0,0.0,0.0,0.0,0.0,-3.5505
239.68145656585693,2.301880933743206,-121.418895158641,39.04443630967117,2.301880933743206,-121.418895158641,39.04443630967117,3.2399600052680886e-18,-0.5956323801965482,0.8031226341480417,0.014700414297069123,0.0,0.0,0.0,0.0,0.0,0.0,-3.5505
239.75879430770874,2.301880933743206,-121.418895158641,39.04443630967117,2.301880933743206,-121.418895158641,39.04443630967117,3.2399600052680886e-18,-0.5956323801965482,0.8031226341480417,0.014700414297069123,0.0,0.0,0.0,0.0,0.0,0.0,-3.5505
239.89284110069275,2.301817252168064,-121.47793960288848,38.981876342054775,2.301817252168064,-121.47793960288848,38.981876342054775,-1.079733127573364e-18,-0.5953654628767789,0.8033112218551148,0.015200212339347367,0.0,0.0,0.0,0.0,0.0,0.0,-3.5505
240.01552271842957,2.6991655673226376,-121.76665967481642,37.67468276935417,2.6991655673226376,-121.76665967481642,37.67468276935417,-5.4039420702207005e-18,-0.5960578377006788,0.8025268653120295,0.025800863707227867,0.0,0.0,0.0,0.0,0.0,0.0,-3.5505
240.07844376564026,3.328223781695158,-121.59043914164452,37.36705948249334,3.328223781695158,-121.59043914164452,37.36705948249334,-4.3400232050650005e-18,-0.600145689944006,0.7994074658182969,0.02780025963190975,0.0,0.0,0.0,0.0,0.0,0.0,-3.5505
240.13957262039185,3.328223781695158,-121.59043914164452,37.36705948249334,3.328223781695158,-121.59043914164452,37.36705948249334,-4.3400232050650005e-18,-0.600145689944006,0.7994074658182969,0.02780025963190975,0.0,0.0,0.0,0.0,0.0,0.0,-3.5505
240.20544409751892,4.771166260903186,-121.36136112997264,36.91281256036225,4.771166260903186,-121.36136112997264,36.91281256036225,0.0,-0.6115276162861916,0.7908184713426967,0.02530059095216266,0.0,0.0,0.0,0.0,0.0,0.0,-3.5505
240.33037114143372,4.84212856137907,-121.36291729920221,37.42891519574448,4.84212856137907,-121.36291729920221,37.42891519574448,2.1913862683668473e-18,-0.610669016733193,0.7916100876499638,0.020900266336387367,0.0,0.0,0.0,0.0,0.0,0.0,-3.5505
240.38828134536743,4.84212856137907,-121.36291729920221,37.42891519574448,4.84212856137907,-121.36291729920221,37.42891519574448,2.1913862683668473e-18,-0.610669016733193,0.7916100876499638,0.020900266336387367,0.0,0.0,0.0,0.0,0.0,0.0,-3.5505
240.45551776885986,4.261269127335652,-121.38046284399334,38.01831698717434,4.261269127335652,-121.38046284399334,38.01831698717434,0.0,-0.607710155764084,0.793716629002355,0.02650055520796575,0.0,0.0,0.0,0.0,0.0,0.0,-3.5505
240.51750230789185,4.261269127335652,-121.38046284399334,38.01831698717434,4.261269127335652,-121.38046284399334,38.01831698717434,0.0,-0.607710155764084,0.793716629002355,0.02650055520796575,0.0,0.0,0.0,0.0,0.0,0.0,-3.5505
240.58163118362427,3.0159080314798814,-121.54997545288022,37.53858662920506,3.0159080314798814,-121.54997545288022,37.53858662920506,-8.677671626426567e-18,-0.599459515050181,0.7996262364636904,0.03530115826309188,0.0,0.0,0.0,0.0,0.0,0.0,-3.5505
240.71345567703247,4.256112766505055,-121.59512597187424,35.78645831031521,4.256112766505055,-121.59512597187424,35.78645831031521,6.547657137490114e-18,-0.6049910449498574,0.794814132544105,0.04750084460976973,0.0,0.0,0.0,0.0,0.0,0.0,-3.5505
240.76700282096863,4.256112766505055,-121.59512597187424,35.78645831031521,4.256112766505055,-121.59512597187424,35.78645831031521,6.547657137490114e-18,-0.6049910449498574,0.794814132544105,0.04750084460976973,0.0,0.0,0.0,0.0,0.0,0.0,-3.5505
240.83557057380676,5.548205390523293,-121.2533404065577,36.64702746982469,5.548205390523293,-121.2533404065577,36.64702746982469,-6.5848872353326306e-18,-0.6113404604825899,0.7903203565896049,0.040701048352773536,0.0,0.0,0.0,0.0,0.0,0.0,-3.5505
240.88518977165222,5.548205390523293,-121.2533404065577,36.64702746982469,5.548205390523293,-121.2533404065577,36.64702746982469,-6.5848872353326306e-18,-0.6113404604825899,0.7903203565896049,0.040701048352773536,0.0,0.0,0.0,0.0,0.0,0.0,-3.5505
240.9513111114502,4.321820199391681,-121.9266762844523,35.66133068150032,4.321820199391681,-121.9266762844523,35.66133068150032,1.9645635789827096e-17,-0.6052409370068829,0.7947063383856344,0.04610036768538788,0.0,0.0,0.0,0.0,0.0,0.0,-3.5505
241.07346153259277,3.4142137197119666,-121.41819883536297,36.64814432237227,3.4142137197119666,-121.41819883536297,36.64814432237227,-2.1757008299987757e-18,-0.6022069513304689,0.7973170998780118,0.04040086646816966,0.0,0.0,0.0,0.0,0.0,0.0,-3.5505
241.1356611251831,3.4142137197119666,-121.41819883536297,36.64814432237227,3.4142137197119666,-121.41819883536297,36.64814432237227,-2.1757008299987757e-18,-0.6022069513304689,0.7973170998780118,0.04040086646816966,0.0,0.0,0.0,0.0,0.0,0.0,-3.5505
241.19983458518982,3.7101521824101553,-121.1995413636124,37.70266285532628,3.7101521824101553,-121.1995413636124,37.70266285532628,4.358003613760548e-18,-0.6045591937290042,0.7961092416258481,0.026800311111132676,0.0,0.0,0.0,0.0,0.0,0.0,-3.5505
241.27136874198914,3.7101521824101553,-121.1995413636124,37.70266285532628,3.7101521824101553,-121.1995413636124,37.70266285532628,4.358003613760548e-18,-0.6045591937290042,0.7961092416258481,0.026800311111132676,0.0,0.0,0.0,0.0,0.0,0.0,-3.5505
241.34407806396484,2.742450989100348,-121.57437636200189,38.2748106722837,2.742450989100348,-121.57437636200189,38.2748106722837,-2.1607785899807225e-18,-0.5954362997695722,0.8028233360051402,0.030500886582158427,0.0,0.0,0.0,0.0,0.0,0.0,-3.5505
241.4483950138092,2.9288967456397756,-121.50702535028526,37.98567087722049,2.9288967456397756,-121.50702535028526,37.98567087722049,0.0,-0.5965421336201399,0.8019071352428835,0.03290029274160226,0.0,0.0,0.0,0.0,0.0,0.0,-3.5505
241.5508484840393,2.9288967456397756,-121.50702535028526,37.98567087722049,2.9288967456397756,-121.50702535028526,37.98567087722049,0.0,-0.5965421336201399,0.8019071352428835,0.03290029274160226,0.0,0.0,0.0,0.0,0.0,0.0,-3.5505
241.59075832366943,2.98184107427457,-121.70243044144048,37.59938892266394,2.98184107427457,-121.70243044144048,37.59938892266394,2.161321214626134e-18,-0.5953271088073236,0.8026217779372884,0.03720100939355484,0.0,0.0,0.0,0.0,0.0,0.0,-3.5505
241.64631509780884,2.98184107427457,-121.70243044144048,37.59938892266394,2.98184107427457,-121.70243044144048,37.59938892266394,2.161321214626134e-18,-0.5953271088073236,0.8026217779372884,0.03720100939355484,0.0,0.0,0.0,0.0,0.0,0.0,-3.5505
241.70597863197327,2.7020054107744045,-121.66178215868192,37.63004375168323,2.7020054107744045,-121.66178215868192,37.63004375168323,2.158380848958354e-18,-0.5938874315358085,0.8037151908635557,0.036600691782513545,0.0,0.0,0.0,0.0,0.0,0.0,-3.5505
241.833580493927,2.316607535877523,-121.67761248906467,38.48457162054706,2.316607535877523,-121.67761248906467,38.48457162054706,-4.308167176866018e-18,-0.5920048431780738,0.8053185518388977,0.03150072567108565,0.0,0.0,0.0,0.0,0.0,0.0,-3.5505
241.89196372032166,2.316607535877523,-121.67761248906467,38.48457162054706,2.316607535877523,-121.67761248906467,38.48457162054706,-4.308167176866018e-18,-0.5920048431780738,0.8053185518388977,0.03150072567108565,0.0,0.0,0.0,0.0,0.0,0.0,-3.5505
241.95049333572388,2.6479107815208067,-122.02227445325677,36.31592082111773,2.6479107815208067,-122.02227445325677,36.31592082111773,-4.314079870478369e-18,-0.5900824882705447,0.8042148166276076,0.07100130810813247,0.0,0.0,0.0,0.0,0.0,0.0,-3.5505
242.01420998573303,2.6479107815208067,-122.02227445325677,36.31592082111773,2.6479107815208067,-122.02227445325677,36.31592082111773,-4.314079870478369e-18,-0.5900824882705447,0.8042148166276076,0.07100130810813247,0.0,0.0,0.0,0.0,0.0,0.0,-3.5505
242.08618569374084,1.67069364093868,-121.92731557156628,35.67262503305395,1.67069364093868,-121.92731557156628,35.67262503305395,-1.2951930607316404e-17,-0.5911735556823174,0.8036130806616029,0.06870111826960192,0.0,0.0,0.0,0.0,0.0,0.0,-3.5505
242.19880151748657,1.2335735909156256,-122.08702866641008,37.60609801947069,1.2335735909156256,-122.08702866641008,37.60609801947069,8.538998956179234e-18,-0.579861377599644,0.8126121035400654,0.058500871347641904,0.0,0.0,0.0,0.0,0.0,0.0,-3.5505
242.26700019836426,1.2335735909156256,-122.08702866641008,37.60609801947069,1.2335735909156256,-122.08702866641008,37.60609801947069,8.538998956179234e-18,-0.579861377599644,0.8126121035400654,0.058500871347641904,0.0,0.0,0.0,0.0,0.0,0.0,-3.5505
242.3271026611328,2.3694995070063385,-121.30899969307808,38.162194440794735,2.3694995070063385,-121.30899969307808,38.162194440794735,6.456641401590292e-18,-0.5907015836505979,0.8060181918494989,0.037500846394982884,0.0,0.0,0.0,0.0,0.0,0.0,-3.5505
242.3851282596588,2.3694995070063385,-121.30899969307808,38.162194440794735,2.3694995070063385,-121.30899969307808,38.162194440794735,6.456641401590292e-18,-0.5907015836505979,0.8060181918494989,0.037500846394982884,0.0,0.0,0.0,0.0,0.0,0.0,-3.5505
242.44777727127075,1.797335584878482,-121.64567061995727,37.897088550234734,1.797335584878482,-121.64567061995727,37.897088550234734,4.2991057158823794e-18,-0.5893880618345757,0.8070159659336312,0.03670072608397059,0.0,0.0,0.0,0.0,0.0,0.0,-3.5505
242.58242797851562,2.0252694859136113,-121.5959913374347,38.07535269594824,2.0252694859136113,-121.5959913374347,38.07535269594824,-2.1492693392010988e-18,-0.5892234879848535,0.8071224226469531,0.03700102792459085,0.0,0.0,0.0,0.0,0.0,0.0,-3.5505
242.64126706123352,2.0252694859136113,-121.5959913374347,38.07535269594824,2.0252694859136113,-121.5959913374347,38.07535269594824,-2.1492693392010988e-18,-0.5892234879848535,0.8071224226469531,0.03700102792459085,0.0,0.0,0.0,0.0,0.0,0.0,-3.5505
242.71311354637146,2.2793012467646747,-121.88062586978704,35.81655853811281,2.2793012467646747,-121.88062586978704,35.81655853811281,0.0,-0.5903652011618665,0.8041295993916744,0.06960256201673988,0.0,0.0,0.0,0.0,0.0,0.0,-3.5505
242.76288414001465,2.2793012467646747,-121.88062586978704,35.81655853811281,2.2793012467646747,-121.88062586978704,35.81655853811281,0.0,-0.5903652011618665,0.8041295993916744,0.06960256201673988,0.0,0.0,0.0,0.0,0.0,0.0,-3.5505
242.8271734714508,3.7849223935969007,-122.45898478907723,33.162353210205964,3.7849223935969007,-122.45898478907723,33.162353210205964,3.0555541944207814e-17,-0.59841578625834,0.7948191103276782,0.10080242365504523,0.0,0.0,0.0,0.0,0.0,0.0,-3.5505
242.953773021698,5.182698596834086,-121.72486621555737,35.282964349872316,5.182698596834086,-121.72486621555737,35.282964349872316,-1.3163142748199552e-17,-0.6083239508312154,0.790718527859503,0.06860160745056523,0.0,0.0,0.0,0.0,0.0,0.0,-3.5505
243.00772857666016,5.182698596834086,-121.72486621555737,35.282964349872316,5.182698596834086,-121.72486621555737,35.282964349872316,-1.3163142748199552e-17,-0.6083239508312154,0.790718527859503,0.06860160745056523,0.0,0.0,0.0,0.0,0.0,0.0,-3.5505
243.07479739189148,3.231291384505653,-121.77163627575914,36.986702138718115,3.231291384505653,-121.77163627575914,36.986702138718115,0.0,-0.5943968880105837,0.8024167320850172,0.05310110727033202,0.0,0.0,0.0,0.0,0.0,0.0,-3.5505
243.18002343177795,3.231291384505653,-121.77163627575914,36.986702138718115,3.231291384505653,-121.77163627575914,36.986702138718115,0.0,-0.5943968880105837,0.8024167320850172,0.05310110727033202,0.0,0.0,0.0,0.0,0.0,0.0,-3.5505
243.27175116539001,3.470920706327206,-121.56795362996796,36.66954103150785,3.470920706327206,-121.56795362996796,36.66954103150785,-4.335122707406356e-18,-0.5970661618477537,0.8003111298386607,0.05490076349886603,0.0,0.0,0.0,0.0,0.0,0.0,-3.5505
243.3945791721344,4.016531636605492,-121.64420522517807,36.274200157085794,4.016531636605492,-121.64420522517807,36.274200157085794,-4.338870881027659e-18,-0.597718338591752,0.7996197736891117,0.05780142936372019,0.0,0.0,0.0,0.0,0.0,0.0,-3.5505
243.4554431438446,2.8535022426273713,-122.12043205604805,34.747546747073415,2.8535022426273713,-122.12043205604805,34.747546747073415,1.2997250880644445e-17,-0.5949638640038767,0.8008109523653948,0.06870093959478348,0.0,0.0,0.0,0.0,0.0,0.0,-3.5505
243.5178575515747,2.8535022426273713,-122.12043205604805,34.747546747073415,2.8535022426273713,-122.12043205604805,34.747546747073415,1.2997250880644445e-17,-0.5949638640038767,0.8008109523653948,0.06870093959478348,0.0,0.0,0.0,0.0,0.0,0.0,-3.5505
243.57736778259277,4.6742126188312625,-121.38137694232987,35.57150746511185,4.6742126188312625,-121.38137694232987,35.57150746511185,-1.749549206174594e-17,-0.6056349552048392,0.7932207770342379,0.06330165807648418,0.0,0.0,0.0,0.0,0.0,0.0,-3.5505
243.6386489868164,4.6742126188312625,-121.38137694232987,35.57150746511185,4.6742126188312625,-121.38137694232987,35.57150746511185,-1.749549206174594e-17,-0.6056349552048392,0.7932207770342379,0.06330165807648418,0.0,0.0,0.0,0.0,0.0,0.0,-3.5505
243.7646450996399,6.4457129210133814,-121.58176873016728,35.86753079313861,6.4457129210133814,-121.58176873016728,35.86753079313861,0.0,-0.6180263986266802,0.7842169336392005,0.05520119196236149,0.0,0.0,0.0,0.0,0.0,0.0,-3.5505
243.8272500038147,5.349083579104274,-121.4805588438685,35.76673076645518,5.349083579104274,-121.4805588438685,35.76673076645518,-4.391568266898972e-18,-0.6102679425312802,0.7900245973868246,0.0586018245656556,0.0,0.0,0.0,0.0,0.0,0.0,-3.5505
243.8911747932434,5.349083579104274,-121.4805588438685,35.76673076645518,5.349083579104274,-121.4805588438685,35.76673076645518,-4.391568266898972e-18,-0.6102679425312802,0.7900245973868246,0.0586018245656556,0.0,0.0,0.0,0.0,0.0,0.0,-3.5505
243.9520778656006,5.934234778966271,-121.75918767641637,35.74298109334012,5.934234778966271,-121.75918767641637,35.74298109334012,0.0,-0.6135719145944076,0.787824269280283,0.05350164814228884,0.0,0.0,0.0,0.0,0.0,0.0,-3.5505
244.01337146759033,5.934234778966271,-121.75918767641637,35.74298109334012,5.934234778966271,-121.75918767641637,35.74298109334012,0.0,-0.6135719145944076,0.787824269280283,0.05350164814228884,0.0,0.0,0.0,0.0,0.0,0.0,-3.5505
244.14491891860962,4.919120335892558,-121.6857701181192,35.526065142804256,4.919120335892558,-121.6857701181192,35.526065142804256,4.39769267490936e-18,-0.6119695882872855,0.7889243765823454,0.05560171800985983,0.0,0.0,0.0,0.0,0.0,0.0,-3.5505
244.26008009910583,2.7376940901895352,-121.57206440909536,37.406264745584075,2.7376940901895352,-121.57206440909536,37.406264745584075,-1.2963250052279987e-17,-0.5946659516242202,0.8029113697479143,0.04130058484317954,0.0,0.0,0.0,0.0,0.0,0.0,-3.5505
244.3326919078827,5.320406624001009,-121.50400447946507,37.95001451677658,5.320406624001009,-121.50400447946507,37.95001451677658,6.5541900368388625e-18,-0.6067436485903307,0.7940219002927222,0.03730102881727775,0.0,0.0,0.0,0.0,0.0,0.0,-3.5505
244.44734001159668,7.555991047215372,-120.9864547807619,38.255308794570226,7.555991047215372,-120.9864547807619,38.255308794570226,6.666825787014521e-18,-0.6241557397920992,0.780606932622565,0.03290029218970328,0.0,0.0,0.0,0.0,0.0,0.0,-3.5505
244.5100450515747,7.555991047215372,-120.9864547807619,38.255308794570226,7.555991047215372,-120.9864547807619,38.255308794570226,6.666825787014521e-18,-0.6241557397920992,0.780606932622565,0.03290029218970328,0.0,0.0,0.0,0.0,0.0,0.0,-3.5505
244.6458601951599,8.300189085698719,-120.91105376491895,38.11465330648893,8.300189085698719,-120.91105376491895,38.11465330648893,2.2380302788486266e-18,-0.6310031426501386,0.7751117097795702,0.032200486459685415,0.0,0.0,0.0,0.0,0.0,0.0,-3.5505
244.77209186553955,7.979498514211514,-120.93313111600081,38.12302874250284,7.979498514211514,-120.93313111600081,38.12302874250284,6.7123505578398995e-18,-0.63091143389294,0.7753126692484866,0.02900047389166272,0.0,0.0,0.0,0.0,0.0,0.0,-3.5505
244.84123277664185,9.02941916248568,-120.71479637437501,40.10739175690489,9.02941916248568,-120.71479637437501,40.10739175690489,-1.4078544782190927e-18,-0.6378928414615543,0.7701095455952225,0.004900060736808974,0.0,0.0,0.0,0.0,0.0,0.0,-3.5505
244.88629126548767,9.02941916248568,-120.71479637437501,40.10739175690489,9.02941916248568,-120.71479637437501,40.10739175690489,-1.4078544782190927e-18,-0.6378928414615543,0.7701095455952225,0.004900060736808974,0.0,0.0,0.0,0.0,0.0,0.0,-3.5505
244.94879364967346,8.602871046352533,-120.74890010853085,39.86347857575249,8.602871046352533,-120.74890010853085,39.86347857575249,-2.812090949977798e-19,-0.6367034428976875,0.7711003603877493,-0.0036000016825261296,0.0,0.0,0.0,0.0,0.0,0.0,-3.5505
245.0825333595276,6.329781277838578,-121.17537970876953,38.37412366343051,6.329781277838578,-121.17537970876953,38.37412366343051,1.6605303546624584e-18,-0.6212796667080082,0.7835102823200562,0.011100145671668948,0.0,0.0,0.0,0.0,0.0,0.0,-3.5505
245.13991904258728,6.329781277838578,-121.17537970876953,38.37412366343051,6.329781277838578,-121.17537970876953,38.37412366343051,1.6605303546624584e-18,-0.6212796667080082,0.7835102823200562,0.011100145671668948,0.0,0.0,0.0,0.0,0.0,0.0,-3.5505
245.20637702941895,3.6424062459967956,-121.42752571767028,38.45978478896993,3.6424062459967956,-121.42752571767028,38.45978478896993,-1.0868934363003712e-18,-0.6024196876320013,0.7980191148644509,0.016000383255427592,0.0,0.0,0.0,0.0,0.0,0.0,-3.5505
245.26921963691711,3.6424062459967956,-121.42752571767028,38.45978478896993,3.6424062459967956,-121.42752571767028,38.45978478896993,-1.0868934363003712e-18,-0.6024196876320013,0.7980191148644509,0.016000383255427592,0.0,0.0,0.0,0.0,0.0,0.0,-3.5505
245.3390302658081,4.182839197145938,-121.19339731704966,38.70821207679283,4.182839197145938,-121.19339731704966,38.70821207679283,-1.0904522638198112e-18,-0.6057952339423921,0.7954146795477957,0.01810033404553069,0.0,0.0,0.0,0.0,0.0,0.0,-3.5505
245.44946265220642,4.913503797294624,-120.98960603052198,38.913147075328794,4.913503797294624,-120.98960603052198,38.913147075328794,-5.471497025741319e-18,-0.6095236287979341,0.7926183034622841,0.015400355631237914,0.0,0.0,0.0,0.0,0.0,0.0,-3.5505
245.51318860054016,4.913503797294624,-120.98960603052198,38.913147075328794,4.913503797294624,-120.98960603052198,38.913147075328794,-5.471497025741319e-18,-0.6095236287979341,0.7926183034622841,0.015400355631237914,0.0,0.0,0.0,0.0,0.0,0.0,-3.5505
245.57802534103394,6.210396156868626,-121.06506265882116,37.31744143050442,6.210396156868626,-121.06506265882116,37.31744143050442,0.0,-0.6169398936750712,0.7864190184608517,0.030500737618331615,0.0,0.0,0.0,0.0,0.0,0.0,-3.5505
245.63651537895203,6.210396156868626,-121.06506265882116,37.31744143050442,6.210396156868626,-121.06506265882116,37.31744143050442,0.0,-0.6169398936750712,0.7864190184608517,0.030500737618331615,0.0,0.0,0.0,0.0,0.0,0.0,-3.5505
245.7001051902771,5.350865259951746,-121.23462038947517,38.226428126348054,5.350865259951746,-121.23462038947517,38.226428126348054,-7.684402719118992e-18,-0.6124777670705888,0.7901111365249894,0.024400343920022452,0.0,0.0,0.0,0.0,0.0,0.0,-3.5505
245.8420581817627,3.5654647863200353,-121.14394527577305,38.60142568968784,3.5654647863200353,-121.14394527577305,38.60142568968784,2.1737822230427776e-18,-0.6023302658725324,0.7980208217677885,0.019000495756375912,0.0,0.0,0.0,0.0,0.0,0.0,-3.5505
245.89485025405884,3.5654647863200353,-121.14394527577305,38.60142568968784,3.5654647863200353,-121.14394527577305,38.60142568968784,2.1737822230427776e-18,-0.6023302658725324,0.7980208217677885,0.019000495756375912,0.0,0.0,0.0,0.0,0.0,0.0,-3.5505
245.95710682868958,2.944690738068715,-121.36115972283118,38.389866088140394,2.944690738068715,-121.36115972283118,38.389866088140394,2.1694664539174007e-18,-0.6001510466827532,0.7996083427998718,0.02110022015142233,0.0,0.0,0.0,0.0,0.0,0.0,-3.5505
246.01748418807983,2.944690738068715,-121.36115972283118,38.389866088140394,2.944690738068715,-121.36115972283118,38.389866088140394,2.1694664539174007e-18,-0.6001510466827532,0.7996083427998718,0.02110022015142233,0.0,0.0,0.0,0.0,0.0,0.0,-3.5505
246.08312463760376,3.5063525365271175,-121.52053788786421,38.12731204672575,3.5063525365271175,-121.52053788786421,38.12731204672575,-1.5186223915127174e-17,-0.5997641118167023,0.7996105154054658,0.030100395840050663,0.0,0.0,0.0,0.0,0.0,0.0,-3.5505
246.20964741706848,3.0565214200515243,-121.14209790109796,38.53306461057058,3.0565214200515243,-121.14209790109796,38.53306461057058,-3.2537272929840374e-18,-0.5999491985778439,0.7997244328300186,0.02240068437588147,0.0,0.0,0.0,0.0,0.0,0.0,-3.5505
246.25764775276184,3.0565214200515243,-121.14209790109796,38.53306461057058,3.0565214200515243,-121.14209790109796,38.53306461057058,-3.2537272929840374e-18,-0.5999491985778439,0.7997244328300186,0.02240068437588147,0.0,0.0,0.0,0.0,0.0,0.0,-3.5505
246.33340692520142,3.2122149568894827,-121.12969271685678,38.79613424772171,3.2122149568894827,-121.12969271685678,38.79613424772171,0.0,-0.5999066444953763,0.7998174730758566,0.020100439120811088,0.0,0.0,0.0,0.0,0.0,0.0,-3.5505
246.421395778656,3.2122149568894827,-121.12969271685678,38.79613424772171,3.2122149568894827,-121.12969271685678,38.79613424772171,0.0,-0.5999066444953763,0.7998174730758566,0.020100439120811088,0.0,0.0,0.0,0.0,0.0,0.0,-3.5505
246.46587777137756,3.350353798698592,-121.24683559841102,38.773881030318364,3.350353798698592,-121.24683559841102,38.773881030318364,1.0840473051711832e-18,-0.5994868391485838,0.800114288233425,0.020800371447638105,0.0,0.0,0.0,0.0,0.0,0.0,-3.5505
246.57214307785034,3.311255720898174,-121.30198905685013,38.659734473933526,3.311255720898174,-121.30198905685013,38.659734473933526,0.0,-0.5993240096506143,0.8002204371692495,0.021400546557638015,0.0,0.0,0.0,0.0,0.0,0.0,-3.5505
246.64272284507751,3.311255720898174,-121.30198905685013,38.659734473933526,3.311255720898174,-121.30198905685013,38.659734473933526,0.0,-0.5993240096506143,0.8002204371692495,0.021400546557638015,0.0,0.0,0.0,0.0,0.0,0.0,-3.5505
246.704829454422,3.210500723248998,-121.40005199991774,38.59094428825537,3.210500723248998,-121.40005199991774,38.59094428825537,0.0,-0.599175488376888,0.8003289640321033,0.02150077811656906,0.0,0.0,0.0,0.0,0.0,0.0,-3.5505
246.76630353927612,3.210500723248998,-121.40005199991774,38.59094428825537,3.210500723248998,-121.40005199991774,38.59094428825537,0.0,-0.599175488376888,0.8003289640321033,0.02150077811656906,0.0,0.0,0.0,0.0,0.0,0.0,-3.5505
246.84184098243713,3.2389516751259464,-121.398307599379,38.681979997754766,3.2389516751259464,-121.398307599379,38.681979997754766,0.0,-0.599175488376888,0.8003289640321033,0.02150077811656906,0.0,0.0,0.0,0.0,0.0,0.0,-3.5505
246.95203495025635,3.19939018719586,-121.30604324504364,38.759582688377165,3.19939018719586,-121.30604324504364,38.759582688377165,1.0839022075393886e-18,-0.5993298364348524,0.8002213963171433,0.02120056686068913,0.0,0.0,0.0,0.0,0.0,0.0,-3.5505
247.0159559249878,3.19939018719586,-121.30604324504364,38.759582688377165,3.19939018719586,-121.30604324504364,38.759582688377165,1.0839022075393886e-18,-0.5993298364348524,0.8002213963171433,0.02120056686068913,0.0,0.0,0.0,0.0,0.0,0.0,-3.5505
247.0714976787567,3.210120356760882,-121.31303842819563,38.71022753794911,3.210120356760882,-121.31303842819563,38.71022753794911,-1.083900920685856e-18,-0.5993356085969597,0.8002223463742112,0.02100058644571162,0.0,0.0,0.0,0.0,0.0,0.0,-3.5505
247.13849997520447,3.210120356760882,-121.31303842819563,38.71022753794911,3.210120356760882,-121.31303842819563,38.71022753794911,-1.083900920685856e-18,-0.5993356085969597,0.8002223463742112,0.02100058644571162,0.0,0.0,0.0,0.0,0.0,0.0,-3.5505
247.19998860359192,3.2297563117159314,-121.36975567708839,38.66782962584203,3.2297563117159314,-121.36975567708839,38.66782962584203,-6.502633431690983e-18,-0.5992052171708225,0.8003173610506135,0.02110045772606265,0.0,0.0,0.0,0.0,0.0,0.0,-3.5505
247.3360722064972,3.2460657786097897,-121.2405942069814,39.02385113632902,3.2460657786097897,-121.2405942069814,39.02385113632902,0.0,-0.5995008936803001,0.8001165986143358,0.020300421137196628,0.0,0.0,0.0,0.0,0.0,0.0,-3.5505
247.3845615386963,3.2460657786097897,-121.2405942069814,39.02385113632902,3.2460657786097897,-121.2405942069814,39.02385113632902,0.0,-0.5995008936803001,0.8001165986143358,0.020300421137196628,0.0,0.0,0.0,0.0,0.0,0.0,-3.5505
247.44809746742249,3.205127826981226,-121.24291559976946,39.07403774063715,3.205127826981226,-121.24291559976946,39.07403774063715,1.0838958963719506e-18,-0.5993581509738035,0.8002260557417582,0.020200657743043637,0.0,0.0,0.0,0.0,0.0,0.0,-3.5505
247.51279091835022,3.205127826981226,-121.24291559976946,39.07403774063715,3.205127826981226,-121.24291559976946,39.07403774063715,1.0838958963719506e-18,-0.5993581509738035,0.8002260557417582,0.020200657743043637,0.0,0.0,0.0,0.0,0.0,0.0,-3.5505
247.57828617095947,3.1968283045242742,-121.31808140654806,38.89243041859778,3.1968283045242742,-121.31808140654806,38.89243041859778,4.335149451580663e-18,-0.5992375418114011,0.8003061926016414,0.020600159399717374,0.0,0.0,0.0,0.0,0.0,0.0,-3.5505
247.7047085762024,3.2895539956701043,-121.15456544150904,38.92183238075822,3.2895539956701043,-121.15456544150904,38.92183238075822,-2.168609861868949e-18,-0.5997473741981857,0.799924184833223,0.020600622837310154,0.0,0.0,0.0,0.0,0.0,0.0,-3.5505
247.79557490348816,3.2895539956701043,-121.15456544150904,38.92183238075822,3.2895539956701043,-121.15456544150904,38.92183238075822,-2.168609861868949e-18,-0.5997473741981857,0.799924184833223,0.020600622837310154,0.0,0.0,0.0,0.0,0.0,0.0,-3.5505
247.89672136306763,3.1840613278591263,-121.15804644806525,38.6582812858421,3.1840613278591263,-121.15804644806525,38.6582812858421,0.0,-0.599878460204193,0.799812858528474,0.02110033922849562,0.0,0.0,0.0,0.0,0.0,0.0,-3.5505
247.96424293518066,3.214043213477794,-121.11085557132793,38.71281666598668,3.214043213477794,-121.11085557132793,38.71281666598668,-3.2554064343281123e-18,-0.6005733338859895,0.7993119343029921,0.0203003030981493,0.0,0.0,0.0,0.0,0.0,0.0,-3.5505
248.0235059261322,3.214043213477794,-121.11085557132793,38.71281666598668,3.214043213477794,-121.11085557132793,38.71281666598668,-3.2554064343281123e-18,-0.6005733338859895,0.7993119343029921,0.0203003030981493,0.0,0.0,0.0,0.0,0.0,0.0,-3.5505
248.14481472969055,3.624847118749159,-120.41501516602719,40.02656941356314,3.624847118749159,-120.41501516602719,40.02656941356314,1.0894818949489839e-18,-0.6049487137884182,0.7961231315633923,0.015000435841541118,0.0,0.0,0.0,0.0,0.0,0.0,-3.5505
248.21047234535217,3.5353608397562937,-120.19710299828915,39.09688855809513,3.5353608397562937,-120.19710299828915,39.09688855809513,4.370056120929186e-18,-0.6077900858995486,0.7939135919416797,0.01710029276004878,0.0,0.0,0.0,0.0,0.0,0.0,-3.5505
248.26399540901184,3.5353608397562937,-120.19710299828915,39.09688855809513,3.5353608397562937,-120.19710299828915,39.09688855809513,4.370056120929186e-18,-0.6077900858995486,0.7939135919416797,0.01710029276004878,0.0,0.0,0.0,0.0,0.0,0.0,-3.5505
248.3233015537262,3.8206076971689527,-119.72733484032179,39.3293796506044,3.8206076971689527,-119.72733484032179,39.3293796506044,-7.665823651618791e-18,-0.6102775520361868,0.7920260681494674,0.01600052662928217,0.0,0.0,0.0,0.0,0.0,0.0,-3.5505
248.39001607894897,3.8206076971689527,-119.72733484032179,39.3293796506044,3.8206076971689527,-119.72733484032179,39.3293796506044,-7.665823651618791e-18,-0.6102775520361868,0.7920260681494674,0.01600052662928217,0.0,0.0,0.0,0.0,0.0,0.0,-3.5505
248.51779437065125,3.898852044691779,-119.46242453095621,39.72825350293439,3.898852044691779,-119.46242453095621,39.72825350293439,1.0966669013157969e-18,-0.6117497867974196,0.7909071906407774,0.0151001372849611,0.0,0.0,0.0,0.0,0.0,0.0,-3.5505
248.59227752685547,4.081322746861616,-119.51625136262999,40.10176001565084,4.081322746861616,-119.51625136262999,40.10176001565084,2.1927652770580026e-18,-0.6114845770809039,0.7911122517884163,0.015100233854133593,0.0,0.0,0.0,0.0,0.0,0.0,-3.5505
248.67390203475952,4.081322746861616,-119.51625136262999,40.10176001565084,4.081322746861616,-119.51625136262999,40.10176001565084,2.1927652770580026e-18,-0.6114845770809039,0.7911122517884163,0.015100233854133593,0.0,0.0,0.0,0.0,0.0,0.0,-3.5505
248.76519465446472,4.133720621725217,-119.50383439995836,39.97969330541504,4.133720621725217,-119.50383439995836,39.97969330541504,0.0,-0.611723469653759,0.7909178375137543,0.015600351833625702,0.0,0.0,0.0,0.0,0.0,0.0,-3.5505
248.83365058898926,4.0550765456478075,-119.562282452302,39.83512866770869,4.0550765456478075,-119.562282452302,39.83512866770869,1.0959671194198037e-18,-0.6110837735147017,0.7914121898543615,0.015600240285226233,0.0,0.0,0.0,0.0,0.0,0.0,-3.5505
248.95804858207703,3.904120678971651,-119.66926957305455,39.76681993979552,3.904120678971651,-119.66926957305455,39.76681993979552,0.0,-0.6105660875118036,0.7918096720542166,0.01570019177980703,0.0,0.0,0.0,0.0,0.0,0.0,-3.5505
249.0107057094574,3.904120678971651,-119.66926957305455,39.76681993979552,3.904120678971651,-119.66926957305455,39.76681993979552,0.0,-0.6105660875118036,0.7918096720542166,0.01570019177980703,0.0,0.0,0.0,0.0,0.0,0.0,-3.5505
249.07377886772156,3.774534362957354,-119.68206334493877,39.72627729431171,3.774534362957354,-119.68206334493877,39.72627729431171,0.0,-0.6105457749970241,0.7918213390699965,0.01590042850620478,0.0,0.0,0.0,0.0,0.0,0.0,-3.5505
249.1364402770996,3.774534362957354,-119.68206334493877,39.72627729431171,3.774534362957354,-119.68206334493877,39.72627729431171,0.0,-0.6105457749970241,0.7918213390699965,0.01590042850620478,0.0,0.0,0.0,0.0,0.0,0.0,-3.5505
249.20079064369202,3.846624129524571,-119.61953971279252,39.67838302555719,3.846624129524571,-119.61953971279252,39.67838302555719,0.0,-0.6106778210741237,0.7917113749425192,0.016300234194218846,0.0,0.0,0.0,0.0,0.0,0.0,-3.5505
249.3355848789215,3.894481267498321,-119.61274852328931,39.80939284996013,3.894481267498321,-119.61274852328931,39.80939284996013,-1.0955677262404618e-18,-0.6107048042704244,0.7917007020322079,0.015800014010494988,0.0,0.0,0.0,0.0,0.0,0.0,-3.5505
249.3947823047638,3.894481267498321,-119.61274852328931,39.80939284996013,3.894481267498321,-119.61274852328931,39.80939284996013,-1.0955677262404618e-18,-0.6107048042704244,0.7917007020322079,0.015800014010494988,0.0,0.0,0.0,0.0,0.0,0.0,-3.5505
249.46834683418274,3.9501340707039674,-119.58575658084033,40.089168117877406,3.9501340707039674,-119.58575658084033,40.089168117877406,-3.2870395753546394e-18,-0.6108348653329309,0.7916196791407574,0.01480036792734109,0.0,0.0,0.0,0.0,0.0,0.0,-3.5505
249.51098656654358,3.9501340707039674,-119.58575658084033,40.089168117877406,3.9501340707039674,-119.58575658084033,40.089168117877406,-3.2870395753546394e-18,-0.6108348653329309,0.7916196791407574,0.01480036792734109,0.0,0.0,0.0,0.0,0.0,0.0,-3.5505
249.57344698905945,3.8441298008413867,-119.59642316710942,39.84678553040822,3.8441298008413867,-119.59642316710942,39.84678553040822,3.2871006703386657e-18,-0.6108340322473726,0.7916049658731993,0.015600097862079224,0.0,0.0,0.0,0.0,0.0,0.0,-3.5505
249.67678833007812,3.8441298008413867,-119.59642316710942,39.84678553040822,3.8441298008413867,-119.59642316710942,39.84678553040822,3.2871006703386657e-18,-0.6108340322473726,0.7916049658731993,0.015600097862079224,0.0,0.0,0.0,0.0,0.0,0.0,-3.5505
249.72384071350098,3.795257203590836,-119.66536499015831,39.70410233492717,3.795257203590836,-119.66536499015831,39.70410233492717,0.0,-0.6106778210741237,0.7917113749425192,0.016300234194218846,0.0,0.0,0.0,0.0,0.0,0.0,-3.5505
249.7658450603485,3.795257203590836,-119.66536499015831,39.70410233492717,3.795257203590836,-119.66536499015831,39.70410233492717,0.0,-0.6106778210741237,0.7917113749425192,0.016300234194218846,0.0,0.0,0.0,0.0,0.0,0.0,-3.5505
249.8459837436676,3.883175814306526,-119.67198336409768,39.817356540218725,3.883175814306526,-119.67198336409768,39.817356540218725,1.0955354978370843e-18,-0.6106641173384121,0.7917239922401744,0.01620049093632793,0.0,0.0,0.0,0.0,0.0,0.0,-3.5505
249.8948221206665,3.883175814306526,-119.67198336409768,39.817356540218725,3.883175814306526,-119.67198336409768,39.817356540218725,1.0955354978370843e-18,-0.6106641173384121,0.7917239922401744,0.01620049093632793,0.0,0.0,0.0,0.0,0.0,0.0,-3.5505
250.021466255188,3.9014236883232627,-119.75161714893397,39.82855812075532,3.9014236883232627,-119.75161714893397,39.82855812075532,0.0,-0.6105457749970241,0.7918213390699965,0.01590042850620478,0.0,0.0,0.0,0.0,0.0,0.0,-3.5505
250.08853387832642,3.8520954257695905,-119.72092063332833,39.82361378630955,3.8520954257695905,-119.72092063332833,39.82361378630955,0.0,-0.6105457749970241,0.7918213390699965,0.01590042850620478,0.0,0.0,0.0,0.0,0.0,0.0,-3.5505
250.14192008972168,3.8520954257695905,-119.72092063332833,39.82361378630955,3.8520954257695905,-119.72092063332833,39.82361378630955,0.0,-0.6105457749970241,0.7918213390699965,0.01590042850620478,0.0,0.0,0.0,0.0,0.0,0.0,-3.5505
250.20433044433594,3.805836775525904,-119.64711063944543,39.69165840718222,3.805836775525904,-119.64711063944543,39.69165840718222,-2.1911050098979114e-18,-0.6106800583305129,0.791711701694129,0.01620023944353276,0.0,0.0,0.0,0.0,0.0,0.0,-3.5505
250.2645401954651,3.805836775525904,-119.64711063944543,39.69165840718222,3.805836775525904,-119.64711063944543,39.69165840718222,-2.1911050098979114e-18,-0.6106800583305129,0.791711701694129,0.01620023944353276,0.0,0.0,0.0,0.0,0.0,0.0,-3.5505
250.39556312561035,3.973212259630543,-119.63859444905802,39.854486297366996,3.973212259630543,-119.63859444905802,39.854486297366996,-1.0955498508380677e-18,-0.6106931930028473,0.7917136197178926,0.015600268368825464,0.0,0.0,0.0,0.0,0.0,0.0,-3.5505
250.463716506958,3.9894657897759203,-119.61625689731844,40.09393745426563,3.9894657897759203,-119.61625689731844,40.09393745426563,0.0,-0.6107016743238337,0.7917148579545915,0.015200285260717174,0.0,0.0,0.0,0.0,0.0,0.0,-3.5505
250.51472687721252,3.9894657897759203,-119.61625689731844,40.09393745426563,3.9894657897759203,-119.61625689731844,40.09393745426563,0.0,-0.6107016743238337,0.7917148579545915,0.015200285260717174,0.0,0.0,0.0,0.0,0.0,0.0,-3.5505
250.57403802871704,3.782465136166053,-119.59155317761797,39.94615228708686,3.782465136166053,-119.59155317761797,39.94615228708686,-2.191397022545735e-18,-0.6108425132325721,0.791606202860305,0.01520011910494774,0.0,0.0,0.0,0.0,0.0,0.0,-3.5505
250.63536643981934,3.782465136166053,-119.59155317761797,39.94615228708686,3.782465136166053,-119.59155317761797,39.94615228708686,-2.191397022545735e-18,-0.6108425132325721,0.791606202860305,0.01520011910494774,0.0,0.0,0.0,0.0,0.0,0.0,-3.5505
250.766184091568,3.9429136890989014,-119.53972730982576,39.981794134532535,3.9429136890989014,-119.53972730982576,39.981794134532535,-2.191629086986763e-18,-0.6109535951896529,0.7915223822667237,0.0151004270021826,0.0,0.0,0.0,0.0,0.0,0.0,-3.5505
250.83553051948547,4.0411975925445915,-119.56188624343488,40.05695566714584,4.0411975925445915,-119.56188624343488,40.05695566714584,-3.287045845801684e-18,-0.6108245032073858,0.7916181690281789,0.015300351169948382,0.0,0.0,0.0,0.0,0.0,0.0,-3.5505
250.8881220817566,4.0411975925445915,-119.56188624343488,40.05695566714584,4.0411975925445915,-119.56188624343488,40.05695566714584,-3.287045845801684e-18,-0.6108245032073858,0.7916181690281789,0.015300351169948382,0.0,0.0,0.0,0.0,0.0,0.0,-3.5505
250.9666407108307,3.8922012180202046,-119.55583706722359,40.003444099744456,3.8922012180202046,-119.55583706722359,40.003444099744456,-2.1913961804366508e-18,-0.6108445990872566,0.7916065070585054,0.015100124124031616,0.0,0.0,0.0,0.0,0.0,0.0,-3.5505
251.04414081573486,3.8922012180202046,-119.55583706722359,40.003444099744456,3.8922012180202046,-119.55583706722359,40.003444099744456,-2.1913961804366508e-18,-0.6108445990872566,0.7916065070585054,0.015100124124031616,0.0,0.0,0.0,0.0,0.0,0.0,-3.5505
251.18618655204773,3.6461816578381843,-119.62280130995464,39.69605157185332,3.6461816578381843,-119.62280130995464,39.69605157185332,1.0955354978370843e-18,-0.6106641173384121,0.7917239922401744,0.01620049093632793,0.0,0.0,0.0,0.0,0.0,0.0,-3.5505
251.24118828773499,3.6461816578381843,-119.62280130995464,39.69605157185332,3.6461816578381843,-119.62280130995464,39.69605157185332,1.0955354978370843e-18,-0.6106641173384121,0.7917239922401744,0.01620049093632793,0.0,0.0,0.0,0.0,0.0,0.0,-3.5505
251.3056812286377,3.744623903740404,-119.71798925154854,39.68029149581156,3.744623903740404,-119.71798925154854,39.68029149581156,-1.0952706883001567e-18,-0.6104051196317475,0.7919154116454407,0.016600323062652245,0.0,0.0,0.0,0.0,0.0,0.0,-3.5505
251.36643290519714,3.744623903740404,-119.71798925154854,39.68029149581156,3.744623903740404,-119.71798925154854,39.68029149581156,-1.0952706883001567e-18,-0.6104051196317475,0.7919154116454407,0.016600323062652245,0.0,0.0,0.0,0.0,0.0,0.0,-3.5505
251.43106532096863,3.894199434304852,-119.68169814085944,39.74818933039643,3.894199434304852,-119.68169814085944,39.74818933039643,1.0955350487325784e-18,-0.6106663411913399,0.7917243168001351,0.01610049450610354,0.0,0.0,0.0,0.0,0.0,0.0,-3.5505
251.55196952819824,3.95606676094539,-119.58110400878837,39.75548689760902,3.95606676094539,-119.58110400878837,39.75548689760902,3.2871006703386657e-18,-0.6108340322473726,0.7916049658731993,0.015600097862079224,0.0,0.0,0.0,0.0,0.0,0.0,-3.5505
251.61687970161438,3.95606676094539,-119.58110400878837,39.75548689760902,3.95606676094539,-119.58110400878837,39.75548689760902,3.2871006703386657e-18,-0.6108340322473726,0.7916049658731993,0.015600097862079224,0.0,0.0,0.0,0.0,0.0,0.0,-3.5505
251.6811249256134,3.963211843735536,-119.61450851287051,39.88131649229544,3.963211843735536,-119.61450851287051,39.88131649229544,1.0955485615669786e-18,-0.6106995746291422,0.7917145514278286,0.015300281213648828,0.0,0.0,0.0,0.0,0.0,0.0,-3.5505
251.75100779533386,3.963211843735536,-119.61450851287051,39.88131649229544,3.963211843735536,-119.61450851287051,39.88131649229544,1.0955485615669786e-18,-0.6106995746291422,0.7917145514278286,0.015300281213648828,0.0,0.0,0.0,0.0,0.0,0.0,-3.5505
251.81656646728516,4.050611107572962,-119.58053299240282,40.06974959100587,4.050611107572962,-119.58053299240282,40.06974959100587,-2.19109376340646e-18,-0.6107078908626056,0.7917157654083498,0.01490029670908729,0.0,0.0,0.0,0.0,0.0,0.0,-3.5505
251.93467116355896,4.188659160914,-119.58949215878478,40.173972756888006,4.188659160914,-119.58949215878478,40.173972756888006,-1.0954135437231294e-18,-0.610582938092776,0.7918121361183691,0.014900228376059229,0.0,0.0,0.0,0.0,0.0,0.0,-3.5505
251.98936009407043,4.188659160914,-119.58949215878478,40.173972756888006,4.188659160914,-119.58949215878478,40.173972756888006,-1.0954135437231294e-18,-0.610582938092776,0.7918121361183691,0.014900228376059229,0.0,0.0,0.0,0.0,0.0,0.0,-3.5505
252.06194067001343,3.939058386370391,-119.70675545950596,40.01475978112537,3.939058386370391,-119.70675545950596,40.01475978112537,0.0,-0.6104315519293517,0.7919192817831112,0.015400374970905304,0.0,0.0,0.0,0.0,0.0,0.0,-3.5505
252.11724853515625,3.939058386370391,-119.70675545950596,40.01475978112537,3.939058386370391,-119.70675545950596,40.01475978112537,0.0,-0.6104315519293517,0.7919192817831112,0.015400374970905304,0.0,0.0,0.0,0.0,0.0,0.0,-3.5505
252.1790909767151,3.8406316301213224,-119.70712646615192,39.92249908522321,3.8406316301213224,-119.70712646615192,39.92249908522321,-2.1905647383775366e-18,-0.6104475349257056,0.7919069660829325,0.015400135468717206,0.0,0.0,0.0,0.0,0.0,0.0,-3.5505
252.30412936210632,3.751682070475738,-119.66709977751836,39.90559228079747,3.751682070475738,-119.66709977751836,39.90559228079747,0.0,-0.6105746228466417,0.7918109202825067,0.01530021101328915,0.0,0.0,0.0,0.0,0.0,0.0,-3.5505
252.36390209197998,3.751682070475738,-119.66709977751836,39.90559228079747,3.751682070475738,-119.66709977751836,39.90559228079747,0.0,-0.6105746228466417,0.7918109202825067,0.01530021101328915,0.0,0.0,0.0,0.0,0.0,0.0,-3.5505
252.43155431747437,3.8729378847267526,-119.538353915933,39.98056914812976,3.8729378847267526,-119.538353915933,39.98056914812976,-1.0956968438227984e-18,-0.610850774107929,0.7916074075400709,0.014800138493674892,0.0,0.0,0.0,0.0,0.0,0.0,-3.5505
252.48706316947937,3.8729378847267526,-119.538353915933,39.98056914812976,3.8729378847267526,-119.538353915933,39.98056914812976,-1.0956968438227984e-18,-0.610850774107929,0.7916074075400709,0.014800138493674892,0.0,0.0,0.0,0.0,0.0,0.0,-3.5505
252.55701684951782,3.8358978323727797,-119.6364342667005,39.70073298299926,3.8358978323727797,-119.6364342667005,39.70073298299926,2.191097977052054e-18,-0.6106974611772659,0.7917142428796078,0.015400277049824383,0.0,0.0,0.0,0.0,0.0,0.0,-3.5505
252.6194224357605,3.8358978323727797,-119.6364342667005,39.70073298299926,3.8358978323727797,-119.6364342667005,39.70073298299926,2.191097977052054e-18,-0.6106974611772659,0.7917142428796078,0.015400277049824383,0.0,0.0,0.0,0.0,0.0,0.0,-3.5505
252.68603038787842,3.7255150404901656,-119.74964537118277,39.59350012852778,3.7255150404901656,-119.74964537118277,39.59350012852778,0.0,-0.6105528718746787,0.7918077389441973,0.016300159313956075,0.0,0.0,0.0,0.0,0.0,0.0,-3.5505
252.7467381954193,3.7255150404901656,-119.74964537118277,39.59350012852778,3.7255150404901656,-119.74964537118277,39.59350012852778,0.0,-0.6105528718746787,0.7918077389441973,0.016300159313956075,0.0,0.0,0.0,0.0,0.0,0.0,-3.5505
252.80737113952637,3.8027594183893996,-119.64244464360276,39.87267983783575,3.8027594183893996,-119.64244464360276,39.87267983783575,-4.382201144766797e-18,-0.6106910382807529,0.7917133051039453,0.01570026385010982,0.0,0.0,0.0,0.0,0.0,0.0,-3.5505
252.8686819076538,3.8027594183893996,-119.64244464360276,39.87267983783575,3.8027594183893996,-119.64244464360276,39.87267983783575,-4.382201144766797e-18,-0.6106910382807529,0.7917133051039453,0.01570026385010982,0.0,0.0,0.0,0.0,0.0,0.0,-3.5505
252.99100613594055,3.692801312503576,-119.66417619025981,39.84374966621682,3.692801312503576,-119.66417619025981,39.84374966621682,-2.1908330333432245e-18,-0.6105682419780515,0.791809987148865,0.015600196766256994,0.0,0.0,0.0,0.0,0.0,0.0,-3.5505
253.0532124042511,3.823188808589549,-119.62302669521253,39.870316937845445,3.823188808589549,-119.62302669521253,39.870316937845445,-1.0955498508380677e-18,-0.6106931930028473,0.7917136197178926,0.015600268368825464,0.0,0.0,0.0,0.0,0.0,0.0,-3.5505
253.11523151397705,3.823188808589549,-119.62302669521253,39.870316937845445,3.823188808589549,-119.62302669521253,39.870316937845445,-1.0955498508380677e-18,-0.6106931930028473,0.7917136197178926,0.015600268368825464,0.0,0.0,0.0,0.0,0.0,0.0,-3.5505
253.17915964126587,3.826706341376024,-119.63177208146988,39.659577418100554,3.826706341376024,-119.63177208146988,39.659577418100554,3.2866602361587704e-18,-0.6106755700628318,0.7917110461671433,0.016400228820438484,0.0,0.0,0.0,0.0,0.0,0.0,-3.5505
253.2444667816162,3.826706341376024,-119.63177208146988,39.659577418100554,3.826706341376024,-119.63177208146988,39.659577418100554,3.2866602361587704e-18,-0.6106755700628318,0.7917110461671433,0.016400228820438484,0.0,0.0,0.0,0.0,0.0,0.0,-3.5505
253.36382055282593,3.746813164750421,-119.66671699244196,39.61271662931271,3.746813164750421,-119.66671699244196,39.61271662931271,1.0955354978370843e-18,-0.6106641173384121,0.7917239922401744,0.01620049093632793,0.0,0.0,0.0,0.0,0.0,0.0,-3.5505
253.42794251441956,3.794515832680986,-119.61078653201393,39.80764286938473,3.794515832680986,-119.61078653201393,39.80764286938473,-4.382201144766797e-18,-0.6106910382807529,0.7917133051039453,0.01570026385010982,0.0,0.0,0.0,0.0,0.0,0.0,-3.5505
253.48704409599304,3.794515832680986,-119.61078653201393,39.80764286938473,3.794515832680986,-119.61078653201393,39.80764286938473,-4.382201144766797e-18,-0.6106910382807529,0.7917133051039453,0.01570026385010982,0.0,0.0,0.0,0.0,0.0,0.0,-3.5505
253.55148315429688,3.7762120219156827,-119.63797666554505,39.679870935259785,3.7762120219156827,-119.63797666554505,39.679870935259785,3.286661609419418e-18,-0.6106733052968734,0.7917107153677628,0.01650022332141984,0.0,0.0,0.0,0.0,0.0,0.0,-3.5505
253.61429238319397,3.7762120219156827,-119.63797666554505,39.679870935259785,3.7762120219156827,-119.63797666554505,39.679870935259785,3.286661609419418e-18,-0.6106733052968734,0.7917107153677628,0.01650022332141984,0.0,0.0,0.0,0.0,0.0,0.0,-3.5505
253.7414426803589,3.834144874599474,-119.66789617916179,39.765594953392736,3.834144874599474,-119.66789617916179,39.765594953392736,0.0,-0.6105551088653849,0.791808066194904,0.01620016503202506,0.0,0.0,0.0,0.0,0.0,0.0,-3.5505
253.79989862442017,3.9218414612835204,-119.66052998936385,39.90721079972296,3.9218414612835204,-119.66052998936385,39.90721079972296,0.0,-0.6105501258812394,0.7918219750072777,0.015700435725706313,0.0,0.0,0.0,0.0,0.0,0.0,-3.5505
253.86557269096375,3.9218414612835204,-119.66052998936385,39.90721079972296,3.9218414612835204,-119.66052998936385,39.90721079972296,0.0,-0.6105501258812394,0.7918219750072777,0.015700435725706313,0.0,0.0,0.0,0.0,0.0,0.0,-3.5505
253.93651866912842,4.042014262269419,-119.62908946851168,39.93495952134673,4.042014262269419,-119.62908946851168,39.93495952134673,0.0,-0.6105639192909055,0.7918093549341383,0.015800186673351084,0.0,0.0,0.0,0.0,0.0,0.0,-3.5505
253.99455976486206,4.042014262269419,-119.62908946851168,39.93495952134673,4.042014262269419,-119.62908946851168,39.93495952134673,0.0,-0.6105639192909055,0.7918093549341383,0.015800186673351084,0.0,0.0,0.0,0.0,0.0,0.0,-3.5505
254.119797706604,3.9052114370633717,-119.6197437064413,39.76003769953208,3.9052114370633717,-119.6197437064413,39.76003769953208,3.2866548271407706e-18,-0.6106844915776453,0.7917123491269993,0.0160002495718479,0.0,0.0,0.0,0.0,0.0,0.0,-3.5505
254.17673635482788,3.772777532770732,-119.68963552034008,39.81814445769116,3.772777532770732,-119.68963552034008,39.81814445769116,-2.190570888272388e-18,-0.6104323591875653,0.7919047428521752,0.01610009642621546,0.0,0.0,0.0,0.0,0.0,0.0,-3.5505
254.24199271202087,3.772777532770732,-119.68963552034008,39.81814445769116,3.772777532770732,-119.68963552034008,39.81814445769116,-2.190570888272388e-18,-0.6104323591875653,0.7919047428521752,0.01610009642621546,0.0,0.0,0.0,0.0,0.0,0.0,-3.5505
254.30882620811462,3.839533127203026,-119.70887285864524,39.98329171145861,3.839533127203026,-119.70887285864524,39.98329171145861,2.1905673403739182e-18,-0.6104411135555198,0.7919060254411986,0.015700119458803913,0.0,0.0,0.0,0.0,0.0,0.0,-3.5505
254.38103461265564,3.839533127203026,-119.70887285864524,39.98329171145861,3.839533127203026,-119.70887285864524,39.98329171145861,2.1905673403739182e-18,-0.6104411135555198,0.7919060254411986,0.015700119458803913,0.0,0.0,0.0,0.0,0.0,0.0,-3.5505
254.42482328414917,3.809694094387737,-119.73353379512749,39.94585549460289,3.809694094387737,-119.73353379512749,39.94585549460289,-1.095266199727912e-18,-0.6104272840943861,0.791918657038695,0.015600367533531558,0.0,0.0,0.0,0.0,0.0,0.0,-3.5505
254.49445843696594,3.809694094387737,-119.73353379512749,39.94585549460289,3.809694094387737,-119.73353379512749,39.94585549460289,-1.095266199727912e-18,-0.6104272840943861,0.791918657038695,0.015600367533531558,0.0,0.0,0.0,0.0,0.0,0.0,-3.5505
254.5535924434662,3.7918980132608624,-119.72964861188575,39.823920246016996,3.7918980132608624,-119.72964861188575,39.823920246016996,1.0952688592008163e-18,-0.6104141504669859,0.7919167341444278,0.01620034233254164,0.0,0.0,0.0,0.0,0.0,0.0,-3.5505
254.6187596321106,3.7918980132608624,-119.72964861188575,39.823920246016996,3.7918980132608624,-119.72964861188575,39.823920246016996,1.0952688592008163e-18,-0.6104141504669859,0.7919167341444278,0.01620034233254164,0.0,0.0,0.0,0.0,0.0,0.0,-3.5505
254.68851685523987,3.832106211219383,-119.74441797213322,39.79625859720849,3.832106211219383,-119.74441797213322,39.79625859720849,-3.2854566456565444e-18,-0.6103073631021815,0.7920010807037225,0.016100021968850926,0.0,0.0,0.0,0.0,0.0,0.0,-3.5505
254.74283266067505,3.832106211219383,-119.74441797213322,39.79625859720849,3.832106211219383,-119.74441797213322,39.79625859720849,-3.2854566456565444e-18,-0.6103073631021815,0.7920010807037225,0.016100021968850926,0.0,0.0,0.0,0.0,0.0,0.0,-3.5505
254.82344770431519,3.812462511437815,-119.63992124912052,39.89266689528752,3.812462511437815,-119.63992124912052,39.89266689528752,0.0,-0.6105660875118036,0.7918096720542166,0.01570019177980703,0.0,0.0,0.0,0.0,0.0,0.0,-3.5505
254.86937308311462,3.812462511437815,-119.63992124912052,39.89266689528752,3.812462511437815,-119.63992124912052,39.89266689528752,0.0,-0.6105660875118036,0.7918096720542166,0.01570019177980703,0.0,0.0,0.0,0.0,0.0,0.0,-3.5505
254.92646098136902,3.7971375245143975,-119.51581418920209,39.76436029976648,3.7971375245143975,-119.51581418920209,39.76436029976648,1.0958345175769518e-18,-0.6109545909538812,0.7915079549659243,0.01580015879780367,0.0,0.0,0.0,0.0,0.0,0.0,-3.5505
254.99125933647156,3.7971375245143975,-119.51581418920209,39.76436029976648,3.7971375245143975,-119.51581418920209,39.76436029976648,1.0958345175769518e-18,-0.6109545909538812,0.7915079549659243,0.01580015879780367,0.0,0.0,0.0,0.0,0.0,0.0,-3.5505
255.05139136314392,3.794384597117471,-119.70498568344891,39.70952812713793,3.794384597117471,-119.70498568344891,39.70952812713793,3.286203769036961e-18,-0.610543578920251,0.7918210180641856,0.016000424714608448,0.0,0.0,0.0,0.0,0.0,0.0,-3.5505
255.11441326141357,3.794384597117471,-119.70498568344891,39.70952812713793,3.794384597117471,-119.70498568344891,39.70952812713793,3.286203769036961e-18,-0.610543578920251,0.7918210180641856,0.016000424714608448,0.0,0.0,0.0,0.0,0.0,0.0,-3.5505
255.1761748790741,3.685013392098284,-119.73215641732553,39.64097383673053,3.685013392098284,-119.73215641732553,39.64097383673053,0.0,-0.6105369081540404,0.7918200428952725,0.01630041260317371,0.0,0.0,0.0,0.0,0.0,0.0,-3.5505
255.24384760856628,3.685013392098284,-119.73215641732553,39.64097383673053,3.685013392098284,-119.73215641732553,39.64097383673053,0.0,-0.6105369081540404,0.7918200428952725,0.01630041260317371,0.0,0.0,0.0,0.0,0.0,0.0,-3.5505
255.30539059638977,3.6745573109001555,-119.60843214248348,39.80554289269425,3.6745573109001555,-119.60843214248348,39.80554289269425,4.3822046611832046e-18,-0.6106866875679237,0.7917126698087297,0.01590025445239207,0.0,0.0,0.0,0.0,0.0,0.0,-3.5505
255.36445569992065,3.6745573109001555,-119.60843214248348,39.80554289269425,3.6745573109001555,-119.60843214248348,39.80554289269425,4.3822046611832046e-18,-0.6106866875679237,0.7917126698087297,0.01590025445239207,0.0,0.0,0.0,0.0,0.0,0.0,-3.5505
255.4277844429016,3.8412783401497848,-119.62963147206402,39.9724401270371,3.8412783401497848,-119.62963147206402,39.9724401270371,-3.2862469597564393e-18,-0.6105725096456946,0.7918106112627835,0.015400206382226403,0.0,0.0,0.0,0.0,0.0,0.0,-3.5505
255.48980593681335,3.8412783401497848,-119.62963147206402,39.9724401270371,3.8412783401497848,-119.62963147206402,39.9724401270371,-3.2862469597564393e-18,-0.6105725096456946,0.7918106112627835,0.015400206382226403,0.0,0.0,0.0,0.0,0.0,0.0,-3.5505
