Time(s),S1_Proj_X,S1_Proj_Y,S1_Proj_Z,S1_Raw_X,S1_Raw_Y,S1_Raw_Z,S1_QX,S1_QY,S1_QZ,S1_QW,Axis_0,Axis_1,Axis_2,Axis_3,Axis_4,Axis_5,Axis_6,S2_Proj_X,S2_Proj_Y,S2_Proj_Z,S2_Raw_X,S2_Raw_Y,S2_Raw_Z,S2_QX,S2_QY,S2_QZ,S2_QW
0.06813836097717285,8.523162652042071,-81.70642850599761,39.86192422009328,9.44514827795254,-79.1802515023438,55.55459535278763,-0.7050997925839062,-0.03139999076320331,-2.448747565168557e-18,0.7084125373524973,0.0,0.0,0.0,0.0,0.0,0.0,-0.3065,9.1551647,-94.828995,43.316994,6.277690412277536,-119.38486203306621,48.89749367547355,0.7062021670213869,0.12800039277646208,-9.825647991387552e-18,-0.6963435924479872
0.13537192344665527,8.522703102753239,-81.72279459854566,39.86458580295066,9.449364106965845,-79.20715200615474,55.49328801488711,-0.7051997993530568,-0.03129999109437134,0.0,0.708317410169975,0.0,0.0,0.0,0.0,0.0,0.0,-0.3065,9.1551647,-94.828995,43.316994,6.289534047473154,-119.41366566512093,48.857119437575975,0.7063021658368758,0.12800039250618736,-3.929702747370479e-17,-0.6962421633687522
0.19304323196411133,0,0,0,0,0,0,0,0,0,1,0.0,0.0,0.0,0.0,0.0,0.0,-0.3065,0,0,0,0,0,0,0,0,0,1
0.25577473640441895,8.522811259599662,-81.71894277024066,39.86395938829755,9.467754218874774,-79.2000348579676,55.51589664124211,-0.7051998076387149,-0.031399991434849193,0.0,0.7083129759112216,0.0,0.0,0.0,0.0,0.0,0.0,-0.3065,9.1551647,-94.828995,43.316994,6.291263270679707,-119.39377542584259,48.85829764322526,0.7063018931191923,0.12810034335065626,0.0,-0.6962240571897017
0.3130068778991699,0,0,0,0,0,0,0,0,0,1,0.0,0.0,0.0,0.0,0.0,0.0,-0.3065,0,0,0,0,0,0,0,0,0,1
0.46367716789245605,8.524658632515974,-81.65315162040349,39.8532599133887,9.455138910564187,-79.15161013957301,55.39591372310527,-0.705099765787035,-0.0310999896695175,0.0,0.7084257977583992,0.0,0.0,0.0,0.0,0.0,0.0,-0.3065,9.1551647,-94.828995,43.316994,6.305484022819428,-119.34497467085497,48.86232958087588,0.7062021670213869,0.12800039277646208,-9.825647991387552e-18,-0.6963435924479872
0.5019280910491943,0,0,0,0,0,0,0,0,0,1,0.0,0.0,0.0,0.0,0.0,0.0,-0.3065,0,0,0,0,0,0,0,0,0,1
0.5597848892211914,0,0,0,0,0,0,0,0,0,1,0.0,0.0,0.0,0.0,0.0,0.0,-0.3065,0,0,0,0,0,0,0,0,0,1
0.6328961849212646,8.524101739553698,-81.67298444787481,39.85648528398073,9.485650135293326,-79.1592226525481,55.479646123117035,-0.7050997836783869,-0.031299990397296154,-2.448732237522345e-18,0.708416971604874,0.0,0.0,0.0,0.0,0.0,0.0,-0.3065,9.1551647,-94.828995,43.316994,6.306024687553901,-119.36388662509779,48.84130469875107,0.7063006661940685,0.12800012073175812,0.0,-0.6962437346407293
0.7160069942474365,8.52296444269594,-81.71348740605796,39.86307219401176,9.466348942536996,-79.19106802336394,55.53633242054228,-0.7050998014619467,-0.03149999113040891,4.897525883608215e-18,0.7084080889833964,0.0,0.0,0.0,0.0,0.0,0.0,-0.3065,9.1551647,-94.828995,43.316994,6.322955908623527,-119.3861156933104,48.852222678394384,0.7063006661940685,0.12800012073175812,0.0,-0.6962437346407293
0.8154222965240479,0,0,0,0,0,0,0,0,0,1,0.0,0.0,0.0,0.0,0.0,0.0,-0.3065,0,0,0,0,0,0,0,0,0,1
0.9062807559967041,8.523243520224819,-81.70354851859427,39.8614558538611,9.436385527799729,-79.17883751661778,55.54358559102245,-0.7050998014619467,-0.03149999113040891,4.897525883608215e-18,0.7084080889833964,0.0,0.0,0.0,0.0,0.0,0.0,-0.3065,9.1551647,-94.828995,43.316994,6.299485356097989,-119.37627745732577,48.89033228711525,0.7062018969333039,0.12810034409113027,6.877956224456013e-17,-0.6963254861137407
1.0170702934265137,8.523886056908593,-81.68066563075679,39.857734458432304,9.4341621091028,-79.1650326986638,55.483548240893086,-0.7050997925839062,-0.03139999076320331,-2.448747565168557e-18,0.7084125373524973,0.0,0.0,0.0,0.0,0.0,0.0,-0.3065,9.1551647,-94.828995,43.316994,6.283094799762921,-119.37296034335598,48.85838942534713,0.7062018969333039,0.12810034409113027,6.877956224456013e-17,-0.6963254861137407
1.0680551528930664,0,0,0,0,0,0,0,0,0,1,0.0,0.0,0.0,0.0,0.0,0.0,-0.3065,0,0,0,0,0,0,0,0,0,1
1.123988389968872,8.52362571477417,-81.6899372879428,39.859242288340596,9.507398609869654,-79.16542117979718,55.55236876136363,-0.7050997925839062,-0.03139999076320331,-2.448747565168557e-18,0.7084125373524973,0.0,0.0,0.0,0.0,0.0,0.0,-0.3065,9.1551647,-94.828995,43.316994,6.305754355186679,-119.35443064797637,48.85181713981348,0.7062021670213869,0.12800039277646208,-9.825647991387552e-18,-0.6963435924479872
1.2564976215362549,8.5234864915336,-81.69489549481062,39.8600486309886,9.515026416051938,-79.16732430804095,55.57330186136657,-0.7050999772351926,-0.03139999898622188,0.0,0.7084123532001656,0.0,0.0,0.0,0.0,0.0,0.0,-0.3065,9.1551647,-94.828995,43.316994,6.293586773122314,-119.35448408980365,48.87057739276159,0.7062021670213869,0.12800039277646208,-9.825647991387552e-18,-0.6963435924479872
1.3103373050689697,0,0,0,0,0,0,0,0,0,1,0.0,0.0,0.0,0.0,0.0,0.0,-0.3065,0,0,0,0,0,0,0,0,0,1
1.3878183364868164,8.524191792053406,-81.66977737611947,39.85596372471536,9.446059358799971,-79.15552327971511,55.475300429007376,-0.7050997836783869,-0.031299990397296154,-2.448732237522345e-18,0.708416971604874,0.0,0.0,0.0,0.0,0.0,0.0,-0.3065,9.1551647,-94.828995,43.316994,6.263569743883465,-119.3805666340609,48.845704137229895,0.7063006661940685,0.12800012073175812,0.0,-0.6962437346407293
1.4522898197174072,0,0,0,0,0,0,0,0,0,1,0.0,0.0,0.0,0.0,0.0,0.0,-0.3065,0,0,0,0,0,0,0,0,0,1
1.5076754093170166,8.524534000178855,-81.65759019622844,39.85398174954429,9.454281444218282,-79.13802531119829,55.50733507289737,-0.7049997777150755,-0.03139999009965017,4.8968071207422625e-18,0.7085120704994629,0.0,0.0,0.0,0.0,0.0,0.0,-0.3065,9.1551647,-94.828995,43.316994,6.284553690602252,-119.34361412695623,48.87008007205882,0.7062006812623777,0.12800012348001177,-9.825668663337344e-18,-0.6963451487399445
1.6298720836639404,8.52522633865123,-81.63293369955045,39.84997191587822,9.469313193459783,-79.11759248757491,55.47982968736077,-0.7049997777150755,-0.03139999009965017,4.8968071207422625e-18,0.7085120704994629,0.0,0.0,0.0,0.0,0.0,0.0,-0.3065,9.1551647,-94.828995,43.316994,6.297585884269921,-119.33361556548978,48.85190892193535,0.7062018969333039,0.12810034409113027,6.877956224456013e-17,-0.6963254861137407
1.7193100452423096,8.52409696401495,-81.67315452083764,39.85651294258532,9.448599579108276,-79.16400097180099,55.44494131146944,-0.7050997836783869,-0.031299990397296154,-2.448732237522345e-18,0.708416971604874,0.0,0.0,0.0,0.0,0.0,0.0,-0.3065,9.1551647,-94.828995,43.316994,6.307700296258929,-119.38230943682285,48.8103564783885,0.7063021658368758,0.12800039250618736,-3.929702747370479e-17,-0.6962421633687522
1.7645933628082275,0,0,0,0,0,0,0,0,0,1,0.0,0.0,0.0,0.0,0.0,0.0,-0.3065,0,0,0,0,0,0,0,0,0,1
1.8115324974060059,0,0,0,0,0,0,0,0,0,1,0.0,0.0,0.0,0.0,0.0,0.0,-0.3065,0,0,0,0,0,0,0,0,0,1
1.882589340209961,8.5236386768216,-81.68947566592962,39.85916721573342,9.423399803376185,-79.17405297509471,55.48187271454103,-0.7050997836783869,-0.031299990397296154,-2.448732237522345e-18,0.708416971604874,0.0,0.0,0.0,0.0,0.0,0.0,-0.3065,9.1551647,-94.828995,43.316994,6.27996030021859,-119.38388374803068,48.87764699899802,0.7063006661940685,0.12800012073175812,0.0,-0.6962437346407293
2.0057051181793213,8.524278066822644,-81.66670484202527,39.85546404502396,9.459639362459512,-79.14090672447759,55.54811484937584,-0.7049997777150755,-0.03139999009965017,4.8968071207422625e-18,0.7085120704994629,0.0,0.0,0.0,0.0,0.0,0.0,-0.3065,9.1551647,-94.828995,43.316994,6.268116665022944,-119.35508011597597,48.918021236895584,0.7062006812623777,0.12800012348001177,-9.825668663337344e-18,-0.6963451487399445
2.068525552749634,0,0,0,0,0,0,0,0,0,1,0.0,0.0,0.0,0.0,0.0,0.0,-0.3065,0,0,0,0,0,0,0,0,0,1
2.125255823135376,8.524669445688954,-81.65276652702177,39.853197286470255,9.49982441818895,-79.12520500055,55.563562087372546,-0.7048997731644212,-0.031499989863355456,0.0,0.7086071269972919,0.0,0.0,0.0,0.0,0.0,0.0,-0.3065,9.1551647,-94.828995,43.316994,6.273250720141107,-119.33372244914433,48.88942942783157,0.7061018999222486,0.12810034468211312,5.896225945295965e-17,-0.6964268867716946
2.2256953716278076,8.524659263563716,-81.65312914667547,39.85325625853406,9.440431108191461,-79.1431858893144,55.445033093591306,-0.7050997836783869,-0.031299990397296154,-2.448732237522345e-18,0.708416971604874,0.0,0.0,0.0,0.0,0.0,0.0,-0.3065,9.1551647,-94.828995,43.316994,6.302566241140795,-119.40366710365448,48.8389482874525,0.7063018931191923,0.12810034335065626,0.0,-0.6962240571897017
2.313408136367798,0,0,0,0,0,0,0,0,0,1,0.0,0.0,0.0,0.0,0.0,0.0,-0.3065,0,0,0,0,0,0,0,0,0,1
2.455432415008545,8.524272660236154,-81.66689738871614,39.85549535848318,9.43729660864713,-79.1541092939891,55.464290667242196,-0.7050997836783869,-0.031299990397296154,-2.448732237522345e-18,0.708416971604874,0.0,0.0,0.0,0.0,0.0,0.0,-0.3065,9.1551647,-94.828995,43.316994,6.313058214500188,-119.38519085010215,48.851136254866965,0.7063021658368758,0.12800039250618736,-3.929702747370479e-17,-0.6962421633687522
2.5084280967712402,8.523535295513925,-81.69315742127179,39.85976597178194,9.442060247652364,-79.17639180402897,55.493968899833625,-0.7050997836783869,-0.031299990397296154,-2.448732237522345e-18,0.708416971604874,0.0,0.0,0.0,0.0,0.0,0.0,-0.3065,9.1551647,-94.828995,43.316994,6.2943977702240375,-119.38285202116788,48.83904006957437,0.7063021658368758,0.12800039250618736,-3.929702747370479e-17,-0.6962421633687522
2.565673351287842,0,0,0,0,0,0,0,0,0,1,0.0,0.0,0.0,0.0,0.0,0.0,-0.3065,0,0,0,0,0,0,0,0,0,1
2.6262006759643555,8.524992918419946,-81.64124657740842,39.85132382154155,9.464773417577675,-79.11954905764594,55.519523040311825,-0.7049997681901409,-0.03129998970829986,0.0,0.7085165047450258,0.0,0.0,0.0,0.0,0.0,0.0,-0.3065,9.1551647,-94.828995,43.316994,6.279519719229768,-119.31187563979493,48.85091428052979,0.7061024337294168,0.12790044083556495,-9.827035813002536e-18,-0.6964630861111468
2.691267728805542,0,0,0,0,0,0,0,0,0,1,0.0,0.0,0.0,0.0,0.0,0.0,-0.3065,0,0,0,0,0,0,0,0,0,1
2.8110620975494385,8.524700512083099,-81.65166014845894,39.85301735847535,9.473806500097737,-79.13041902049338,55.5200203610146,-0.7049997681901409,-0.03129998970829986,0.0,0.7085165047450258,0.0,0.0,0.0,0.0,0.0,0.0,-0.3065,9.1551647,-94.828995,43.316994,6.30694291365873,-119.31562845445521,48.87402022758757,0.706100964254616,0.12790017466104714,1.9654112528318546e-17,-0.6964646248018451
2.8895347118377686,8.524411883476724,-81.66193918184831,39.85468901583518,9.429668802464846,-79.15220616574533,55.44335756723926,-0.7050997747459201,-0.031199990032722617,2.448716958864549e-18,0.7084213917402625,0.0,0.0,0.0,0.0,0.0,0.0,-0.3065,9.1551647,-94.828995,43.316994,6.305484022819428,-119.34497467085497,48.86232958087588,0.7062009526359544,0.12790017253205688,9.825664887603487e-18,-0.6963632388074064
2.939350128173828,0,0,0,0,0,0,0,0,0,1,0.0,0.0,0.0,0.0,0.0,0.0,-0.3065,0,0,0,0,0,0,0,0,0,1
3.0069265365600586,8.524317055438267,-81.66531632656648,39.85523823370513,9.43220902277315,-79.1606838578312,55.41299844970132,-0.7051999628561916,-0.031199998356655115,7.347185226400342e-18,0.7083216589164633,0.0,0.0,0.0,0.0,0.0,0.0,-0.3065,9.1551647,-94.828995,43.316994,6.296397325797841,-119.37241775901094,48.829705834161246,0.7063006661940685,0.12800012073175812,0.0,-0.6962437346407293
3.0701022148132324,0,0,0,0,0,0,0,0,0,1,0.0,0.0,0.0,0.0,0.0,0.0,-0.3065,0,0,0,0,0,0,0,0,0,1
3.219712018966675,8.523706582956917,-81.68705730053948,39.85877392210842,9.49863585971687,-79.16400719407117,55.54135899959845,-0.7049997777150755,-0.03139999009965017,4.8968071207422625e-18,0.7085120704994629,0.0,0.0,0.0,0.0,0.0,0.0,-0.3065,9.1551647,-94.828995,43.316994,6.315652049310046,-119.35535549118462,48.85290356334089,0.7062021670213869,0.12800039277646208,-9.825647991387552e-18,-0.6963435924479872
3.263526439666748,0,0,0,0,0,0,0,0,0,1,0.0,0.0,0.0,0.0,0.0,0.0,-0.3065,0,0,0,0,0,0,0,0,0,1
3.335919141769409,0,0,0,0,0,0,0,0,0,1,0.0,0.0,0.0,0.0,0.0,0.0,-0.3065,0,0,0,0,0,0,0,0,0,1
3.3834033012390137,8.523634268043388,-81.68963267731881,39.85919275016204,9.491278385901808,-79.17156004294881,55.5099134585331,-0.7050997836783869,-0.031299990397296154,-2.448732237522345e-18,0.708416971604874,0.0,0.0,0.0,0.0,0.0,0.0,-0.3065,9.1551647,-94.828995,43.316994,6.333123935114116,-119.39649651364006,48.842796660859385,0.7063024374373149,0.1279004413821784,-1.9648506181243528e-17,-0.6962602559132264
3.4483110904693604,0,0,0,0,0,0,0,0,0,1,0.0,0.0,0.0,0.0,0.0,0.0,-0.3065,0,0,0,0,0,0,0,0,0,1
3.5919978618621826,8.524272660236154,-81.66689738871614,39.85549535848318,9.43729660864713,-79.1541092939891,55.464290667242196,-0.7050997747459201,-0.031199990032722617,2.448716958864549e-18,0.7084213917402625,0.0,0.0,0.0,0.0,0.0,0.0,-0.3065,9.1551647,-94.828995,43.316994,6.306295019921151,-119.3733426022192,48.830792257688664,0.7063009401941353,0.12790017025460837,-2.947282174932398e-17,-0.6962618245528923
3.6356546878814697,8.524183238784188,-81.67008198674344,39.85601326289392,9.462179582767817,-79.14938441656346,55.51775573183791,-0.7049997681901409,-0.03129998970829986,0.0,0.7085165047450258,0.0,0.0,0.0,0.0,0.0,0.0,-0.3065,9.1551647,-94.828995,43.316994,6.3074835783932315,-119.33454040869803,48.85299534546276,0.7062006812623777,0.12800012348001177,-9.825668663337344e-18,-0.6963451487399445
3.6941981315612793,0,0,0,0,0,0,0,0,0,1,0.0,0.0,0.0,0.0,0.0,0.0,-0.3065,0,0,0,0,0,0,0,0,0,1
3.750196933746338,8.52374242488981,-81.68578084901382,39.85856633550893,9.509668497810708,-79.16444289476166,55.5325220848881,-0.7050998014619467,-0.03149999113040891,4.897525883608215e-18,0.7084080889833964,0.0,0.0,0.0,0.0,0.0,0.0,-0.3065,9.1551647,-94.828995,43.316994,6.312841496634491,-119.33742182197733,48.89377512194123,0.7061018999222486,0.12810034468211312,5.896225945295965e-17,-0.6964268867716946
3.854267120361328,8.523400216764362,-81.69796802890482,39.86054831068,9.501446412392426,-79.18194086327847,55.500487440998114,-0.7050997836783869,-0.031299990397296154,-2.448732237522345e-18,0.708416971604874,0.0,0.0,0.0,0.0,0.0,0.0,-0.3065,9.1551647,-94.828995,43.316994,6.314517105339519,-119.35584463370239,48.86282690157866,0.7062021670213869,0.12800039277646208,-9.825647991387552e-18,-0.6963435924479872
3.948504686355591,0,0,0,0,0,0,0,0,0,1,0.0,0.0,0.0,0.0,0.0,0.0,-0.3065,0,0,0,0,0,0,0,0,0,1
4.008153915405273,8.523598426110494,-81.69090912884447,39.85940033676152,9.480245747807942,-79.17112434225831,55.51875037324345,-0.7050997836783869,-0.031299990397296154,-2.448732237522345e-18,0.708416971604874,0.0,0.0,0.0,0.0,0.0,0.0,-0.3065,9.1551647,-94.828995,43.316994,6.284500076100699,-119.38192717795964,48.837953646046955,0.7063006661940685,0.12800012073175812,0.0,-0.6962437346407293
4.06766676902771,0,0,0,0,0,0,0,0,0,1,0.0,0.0,0.0,0.0,0.0,0.0,-0.3065,0,0,0,0,0,0,0,0,0,1
4.128870725631714,8.523877503639373,-81.68097024138078,39.85778399661086,9.450282333070675,-79.15889383551216,55.52600354372362,-0.7050997836783869,-0.031299990397296154,-2.448732237522345e-18,0.708416971604874,0.0,0.0,0.0,0.0,0.0,0.0,-0.3065,9.1551647,-94.828995,43.316994,6.261029523575161,-119.37208894197501,48.87606325476783,0.7063006661940685,0.12800012073175812,0.0,-0.6962437346407293
4.220476388931274,0,0,0,0,0,0,0,0,0,1,0.0,0.0,0.0,0.0,0.0,0.0,-0.3065,0,0,0,0,0,0,0,0,0,1
4.3225624561309814,8.52416990997622,-81.67055667033027,39.85609045967706,9.441249250550612,-79.14802387266474,55.52550622302084,-0.7049997777150755,-0.03139999009965017,4.8968071207422625e-18,0.7085120704994629,0.0,0.0,0.0,0.0,0.0,0.0,-0.3065,9.1551647,-94.828995,43.316994,6.2432336909022865,-119.35980499340158,48.86455617229988,0.7062021670213869,0.12800039277646208,-9.825647991387552e-18,-0.6963435924479872
4.393907308578491,8.52403924000487,-81.67521026657411,39.856847264146516,9.432756832765023,-79.15606586406014,55.50398402019326,-0.7050999772351926,-0.03139999898622188,0.0,0.7084123532001656,0.0,0.0,0.0,0.0,0.0,0.0,-0.3065,9.1551647,-94.828995,43.316994,6.253672049760127,-119.37964179085265,48.844617713702476,0.7063006661940685,0.12800012073175812,0.0,-0.6962437346407293
4.4444944858551025,0,0,0,0,0,0,0,0,0,1,0.0,0.0,0.0,0.0,0.0,0.0,-0.3065,0,0,0,0,0,0,0,0,0,1
4.518078088760376,8.523819148581552,-81.68304846084527,39.8581219730267,9.449147389100148,-79.15938297802992,55.53592688196137,-0.7050997925839062,-0.03139999076320331,-2.448747565168557e-18,0.7084125373524973,0.0,0.0,0.0,0.0,0.0,0.0,-0.3065,9.1551647,-94.828995,43.316994,6.2686573297574455,-119.37399207021878,48.89699635477077,0.7062021670213869,0.12800039277646208,-9.825647991387552e-18,-0.6963435924479872
4.5675718784332275,0,0,0,0,0,0,0,0,0,1,0.0,0.0,0.0,0.0,0.0,0.0,-0.3065,0,0,0,0,0,0,0,0,0,1
4.716089725494385,8.524089041793472,-81.6734366577336,39.85655882590924,9.450012000703424,-79.14943785839075,55.53651598478602,-0.7049997777150755,-0.03139999009965017,4.8968071207422625e-18,0.7085120704994629,0.0,0.0,0.0,0.0,0.0,0.0,-0.3065,9.1551647,-94.828995,43.316994,6.249456220746794,-119.35274128704171,48.90592505160299,0.7062006812623777,0.12800012348001177,-9.825668663337344e-18,-0.6963451487399445
4.760696649551392,8.524067159716285,-81.67421595194442,39.85668556087095,9.445201892454065,-79.1419384513404,55.586721778799486,-0.7049997966878945,-0.03159999088700349,-7.345303061794965e-18,0.7085031596584228,0.0,0.0,0.0,0.0,0.0,0.0,-0.3065,9.1551647,-94.828995,43.316994,6.222897637921136,-119.33904335274225,48.883408207369854,0.7062004087720412,0.12810007414853933,-4.9128362273060355e-17,-0.6963270450394274
4.850043535232544,8.523977107216577,-81.67742302369977,39.85720712013632,9.48479266894742,-79.14563782417339,55.59106747290914,-0.7049997872145043,-0.03149999049256296,-7.345256797989458e-18,0.7085076221371738,0.0,0.0,0.0,0.0,0.0,0.0,-0.3065,9.1551647,-94.828995,43.316994,6.261623802811187,-119.35268784521443,48.88716479865488,0.7062018969333039,0.12810034409113027,6.877956224456013e-17,-0.6963254861137407
4.896442651748657,0,0,0,0,0,0,0,0,0,1,0.0,0.0,0.0,0.0,0.0,0.0,-0.3065,0,0,0,0,0,0,0,0,0,1
4.948030710220337,0,0,0,0,0,0,0,0,0,1,0.0,0.0,0.0,0.0,0.0,0.0,-0.3065,0,0,0,0,0,0,0,0,0,1
5.095946550369263,8.524313277707796,-81.66545086422764,39.85526011327911,9.485379802926076,-79.14976667542669,55.490158564179445,-0.7049997777150755,-0.03139999009965017,4.8968071207422625e-18,0.7085120704994629,0.0,0.0,0.0,0.0,0.0,0.0,-0.3065,9.1551647,-94.828995,43.316994,6.293857105489536,-119.36394006692507,48.86006495169919,0.7062018969333039,0.12810034409113027,6.877956224456013e-17,-0.6963254861137407
5.140171527862549,8.524187016514658,-81.66994744908229,39.855991383319946,9.40900880261492,-79.16030159896799,55.44059561735978,-0.7050997836783869,-0.031299990397296154,-2.448732237522345e-18,0.708416971604874,0.0,0.0,0.0,0.0,0.0,0.0,-0.3065,9.1551647,-94.828995,43.316994,6.273197105639554,-119.37203550014775,48.857303001819716,0.7062018969333039,0.12810034409113027,6.877956224456013e-17,-0.6963254861137407
5.216291666030884,0,0,0,0,0,0,0,0,0,1,0.0,0.0,0.0,0.0,0.0,0.0,-0.3065,0,0,0,0,0,0,0,0,0,1
5.257801532745361,8.523238744686072,-81.7037185915571,39.86148351246568,9.399334971614678,-79.18361583587067,55.50888077937485,-0.7050997747459201,-0.031199990032722617,2.448716958864549e-18,0.7084213917402625,0.0,0.0,0.0,0.0,0.0,0.0,-0.3065,9.1551647,-94.828995,43.316994,6.270062606095223,-119.38295890482243,48.876560575470606,0.7063012130774827,0.12780021949780865,0.0,-0.6962799008312592
5.317516088485718,0,0,0,0,0,0,0,0,0,1,0.0,0.0,0.0,0.0,0.0,0.0,-0.3065,0,0,0,0,0,0,0,0,0,1
5.466989040374756,8.52344109852321,-81.69651209226194,39.86031153479726,9.429892665587943,-79.17644524585624,55.51272915278173,-0.7050997747459201,-0.031199990032722617,2.448716958864549e-18,0.7084213917402625,0.0,0.0,0.0,0.0,0.0,0.0,-0.3065,9.1551647,-94.828995,43.316994,6.287317774033625,-119.37633089915305,48.90909254006336,0.7062027038537407,0.12780048931252905,-9.825640522249146e-18,-0.6963797642099774
5.591461181640625,8.52428598904412,-81.66642270512932,39.85541816170004,9.458226940864364,-79.15546983788784,55.456540176059264,-0.7050997836783869,-0.031299990397296154,-2.448732237522345e-18,0.708416971604874,0.0,0.0,0.0,0.0,0.0,0.0,-0.3065,9.1551647,-94.828995,43.316994,6.313652493736214,-119.36578975334156,48.86223779875401,0.7062018969333039,0.12810034409113027,6.877956224456013e-17,-0.6963254861137407
5.634907007217407,8.52374242488981,-81.68578084901382,39.85856633550893,9.509668497810708,-79.16444289476166,55.5325220848881,-0.7049997872145043,-0.03149999049256296,-7.345256797989458e-18,0.7085076221371738,0.0,0.0,0.0,0.0,0.0,0.0,-0.3065,9.1551647,-94.828995,43.316994,6.335717769923946,-119.36666115472254,48.84456396933331,0.7062016257279341,0.12820029512648137,9.82565552260631e-18,-0.6963073661456598
5.720828533172607,0,0,0,0,0,0,0,0,0,1,0.0,0.0,0.0,0.0,0.0,0.0,-0.3065,0,0,0,0,0,0,0,0,0,1
5.768542289733887,8.523473162725633,-81.69537017839745,39.860125827771746,9.494096083834762,-79.16596376414222,55.58105235254951,-0.7050998103119765,-0.03159999149887743,7.346335102289767e-18,0.7084036264978358,0.0,0.0,0.0,0.0,0.0,0.0,-0.3065,9.1551647,-94.828995,43.316994,6.313652493736214,-119.36578975334156,48.86223779875401,0.7062018969333039,0.12810034409113027,6.877956224456013e-17,-0.6963254861137407
5.901725769042969,8.523805188725845,-81.68354561816012,39.85820282466448,9.44292485925564,-79.1664466843898,55.494558002658266,-0.7050997925839062,-0.03139999076320331,-2.448747565168557e-18,0.7084125373524973,0.0,0.0,0.0,0.0,0.0,0.0,-0.3065,9.1551647,-94.828995,43.316994,6.27746654915444,-119.36062295295528,48.82812208993106,0.7062018969333039,0.12810034409113027,6.877956224456013e-17,-0.6963254861137407
5.948482513427734,0,0,0,0,0,0,0,0,0,1,0.0,0.0,0.0,0.0,0.0,0.0,-0.3065,0,0,0,0,0,0,0,0,0,1
6.008333206176758,8.523921898841486,-81.67938917923112,39.85752687183282,9.445194747196695,-79.16546839935427,55.474711326182735,-0.7050997836783869,-0.031299990397296154,-2.448732237522345e-18,0.708416971604874,0.0,0.0,0.0,0.0,0.0,0.0,-0.3065,9.1551647,-94.828995,43.316994,6.287093910910556,-119.35209181904212,48.839720954520885,0.7062021670213869,0.12800039277646208,-9.825647991387552e-18,-0.6963435924479872
6.0733864307403564,0,0,0,0,0,0,0,0,0,1,0.0,0.0,0.0,0.0,0.0,0.0,-0.3065,0,0,0,0,0,0,0,0,0,1
6.134161710739136,8.5239000167643,-81.68016847344195,39.85765360679452,9.440384638947336,-79.15796899230392,55.52491712019621,-0.7050997836783869,-0.031299990397296154,-2.448732237522345e-18,0.708416971604874,0.0,0.0,0.0,0.0,0.0,0.0,-0.3065,9.1551647,-94.828995,43.316994,6.271791829301776,-119.36306866554409,48.87773878111989,0.7062021670213869,0.12800039277646208,-9.825647991387552e-18,-0.6963435924479872
6.257902145385742,8.524053199860578,-81.67471310925927,39.85676641250873,9.438979362609558,-79.14900215770027,55.54535289949638,-0.7049997777150755,-0.03139999009965017,4.8968071207422625e-18,0.7085120704994629,0.0,0.0,0.0,0.0,0.0,0.0,-0.3065,9.1551647,-94.828995,43.316994,6.25762469166358,-119.3735563695283,48.90583326948112,0.7062024359941957,0.12790044118331578,-3.9302576996289253e-17,-0.6963616851471489
6.3135435581207275,0,0,0,0,0,0,0,0,0,1,0.0,0.0,0.0,0.0,0.0,0.0,-0.3065,0,0,0,0,0,0,0,0,0,1
6.383036375045776,8.523890832447341,-81.68049555779396,39.857706799827724,9.47121266528788,-79.1602543794109,55.51825305254067,-0.7050999689596333,-0.03129999862209122,-2.4487328762277817e-18,0.7084167868277693,0.0,0.0,0.0,0.0,0.0,0.0,-0.3065,9.1551647,-94.828995,43.316994,6.290452273577955,-119.36540749447835,48.88983496641248,0.7062024359941957,0.12790044118331578,-3.9302576996289253e-17,-0.6963616851471489
6.462878704071045,0,0,0,0,0,0,0,0,0,1,0.0,0.0,0.0,0.0,0.0,0.0,-0.3065,0,0,0,0,0,0,0,0,0,1
6.5094380378723145,8.523593650571746,-81.6910792018073,39.859427995366104,9.443195191622891,-79.1759026615112,55.48404556159586,-0.7050997836783869,-0.031299990397296154,-2.448732237522345e-18,0.708416971604874,0.0,0.0,0.0,0.0,0.0,0.0,-0.3065,9.1551647,-94.828995,43.316994,6.292127882282983,-119.38383030620341,48.858886746049905,0.7062018969333039,0.12810034409113027,6.877956224456013e-17,-0.6963254861137407
6.629773855209351,8.523301244234899,-81.70149277285782,39.86112153229991,9.452228274142954,-79.18677262435864,55.48454288229863,-0.7051999781990189,-0.03139999902928134,0.0,0.708312805763855,0.0,0.0,0.0,0.0,0.0,0.0,-0.3065,9.1551647,-94.828995,43.316994,6.31138260579516,-119.36676803837709,48.88208447522955,0.7062018969333039,0.12810034409113027,6.877956224456013e-17,-0.6963254861137407
6.72210431098938,0,0,0,0,0,0,0,0,0,1,0.0,0.0,0.0,0.0,0.0,0.0,-0.3065,0,0,0,0,0,0,0,0,0,1
6.759767770767212,8.523787451139665,-81.68417731313613,39.85830555587624,9.48987310956403,-79.16259320834516,55.53034923783327,-0.7050999689596333,-0.03129999862209122,-2.4487328762277817e-18,0.7084167868277693,0.0,0.0,0.0,0.0,0.0,0.0,-0.3065,9.1551647,-94.828995,43.316994,6.2944513847255905,-119.34453897016448,48.87116649558623,0.7062006812623777,0.12800012348001177,-9.825668663337344e-18,-0.6963451487399445
6.822293758392334,0,0,0,0,0,0,0,0,0,1,0.0,0.0,0.0,0.0,0.0,0.0,-0.3065,0,0,0,0,0,0,0,0,0,1
6.8920910358428955,8.523585097302528,-81.69138381243128,39.85947753354467,9.459315415590737,-79.16976379835958,55.52650086442638,-0.7050997925839062,-0.03139999076320331,-2.448747565168557e-18,0.7084125373524973,0.0,0.0,0.0,0.0,0.0,0.0,-0.3065,9.1551647,-94.828995,43.316994,6.272926773272303,-119.36257952302633,48.86781544288212,0.7062021670213869,0.12800039277646208,-9.825647991387552e-18,-0.6963435924479872
7.006035566329956,8.523301875282641,-81.70147029912977,39.86111787744527,9.437520471770256,-79.17834837410001,55.53366225278468,-0.7050997925839062,-0.03139999076320331,-2.448747565168557e-18,0.7084125373524973,0.0,0.0,0.0,0.0,0.0,0.0,-0.3065,9.1551647,-94.828995,43.316994,6.280824911821867,-119.37393862839151,48.878236101822665,0.7062018969333039,0.12810034409113027,6.877956224456013e-17,-0.6963254861137407
7.064071893692017,0,0,0,0,0,0,0,0,0,1,0.0,0.0,0.0,0.0,0.0,0.0,-0.3065,0,0,0,0,0,0,0,0,0,1
7.1336541175842285,8.523782675600916,-81.68434738609896,39.85833321448082,9.45282255337898,-79.16737152759805,55.49564442618568,-0.7050997925839062,-0.03139999076320331,-2.448747565168557e-18,0.7084125373524973,0.0,0.0,0.0,0.0,0.0,0.0,-0.3065,9.1551647,-94.828995,43.316994,6.304889743583374,-119.36437576761554,48.85122803698883,0.7062018969333039,0.12810034409113027,6.877956224456013e-17,-0.6963254861137407
7.187187910079956,0,0,0,0,0,0,0,0,0,1,0.0,0.0,0.0,0.0,0.0,0.0,-0.3065,0,0,0,0,0,0,0,0,0,1
7.260408878326416,8.524047162226347,-81.67492812967816,39.856801380822596,9.431344411169874,-79.17062897747039,55.41240934687668,-0.7051999705430583,-0.03129999869256627,7.347231068886577e-18,0.7083172393976551,0.0,0.0,0.0,0.0,0.0,0.0,-0.3065,9.1551647,-94.828995,43.316994,6.303160520376821,-119.3842660068939,48.85004983133955,0.7062018969333039,0.12810034409113027,6.877956224456013e-17,-0.6963254861137407
7.3820860385894775,8.523476940456103,-81.69523564073629,39.86010394819777,9.440925303681837,-79.17688094654673,55.50389223807139,-0.7050997836783869,-0.031299990397296154,-2.448732237522345e-18,0.708416971604874,0.0,0.0,0.0,0.0,0.0,0.0,-0.3065,9.1551647,-94.828995,43.316994,6.289587661974679,-119.37535261411752,48.88924586358783,0.7062021670213869,0.12800039277646208,-9.825647991387552e-18,-0.6963435924479872
7.4716691970825195,8.523247664715827,-81.70340091935947,39.86143185011115,9.488143886357477,-79.1824834476235,55.52917103218398,-0.7050997925839062,-0.03139999076320331,-2.448747565168557e-18,0.7084125373524973,0.0,0.0,0.0,0.0,0.0,0.0,-0.3065,9.1551647,-94.828995,43.316994,6.314517105339519,-119.35584463370239,48.86282690157866,0.7062021670213869,0.12800039277646208,-9.825647991387552e-18,-0.6963435924479872
7.59627103805542,8.523540071052672,-81.69298734830898,39.85973831317735,9.479110803837415,-79.17161348477609,55.52867371148122,-0.7050998014619467,-0.03149999113040891,4.897525883608215e-18,0.7084080889833964,0.0,0.0,0.0,0.0,0.0,0.0,-0.3065,9.1551647,-94.828995,43.316994,6.313922826103465,-119.37524573046298,48.851725357691606,0.7062021670213869,0.12800039277646208,-9.825647991387552e-18,-0.6963435924479872
7.635589122772217,0,0,0,0,0,0,0,0,0,1,0.0,0.0,0.0,0.0,0.0,0.0,-0.3065,0,0,0,0,0,0,0,0,0,1
7.697692155838013,0,0,0,0,0,0,0,0,0,1,0.0,0.0,0.0,0.0,0.0,0.0,-0.3065,0,0,0,0,0,0,0,0,0,1
7.843968868255615,8.523279362157714,-81.70227206706862,39.86124826726161,9.447418165893595,-79.17927321730826,55.53474867631209,-0.7050997925839062,-0.03139999076320331,-2.448747565168557e-18,0.7084125373524973,0.0,0.0,0.0,0.0,0.0,0.0,-0.3065,9.1551647,-94.828995,43.316994,6.279419635484089,-119.36497179378786,48.89867188112283,0.7062021670213869,0.12800039277646208,-9.825647991387552e-18,-0.6963435924479872
7.942336797714233,8.523256849032785,-81.70307383500746,39.86137865707796,9.457315860016934,-79.18019806051652,55.5358350998395,-0.7050997925839062,-0.03139999076320331,-2.448747565168557e-18,0.7084125373524973,0.0,0.0,0.0,0.0,0.0,0.0,-0.3065,9.1551647,-94.828995,43.316994,6.298674358996266,-119.34790952596154,48.921869610302466,0.7062006812623777,0.12800012348001177,-9.825668663337344e-18,-0.6963451487399445
8.012829303741455,8.523994213755016,-81.67681380245179,39.8571080437792,9.452552221011729,-79.15791555047664,55.50615686724808,-0.7050999772351926,-0.03139999898622188,0.0,0.7084123532001656,0.0,0.0,0.0,0.0,0.0,0.0,-0.3065,9.1551647,-94.828995,43.316994,6.283689078998975,-119.35355924659541,48.86949096923418,0.7062006812623777,0.12800012348001177,-9.825668663337344e-18,-0.6963451487399445
8.094825267791748,8.524542553448073,-81.65728558560447,39.85393221136573,9.438161220250407,-79.14416417434992,55.464879770066844,-0.7049997681901409,-0.03129998970829986,0.0,0.7085165047450258,0.0,0.0,0.0,0.0,0.0,0.0,-0.3065,9.1551647,-94.828995,43.316994,6.2554012729666795,-119.3597515515743,48.84579591935176,0.7062018969333039,0.12810034409113027,6.877956224456013e-17,-0.6963254861137407
8.195363283157349,0,0,0,0,0,0,0,0,0,1,0.0,0.0,0.0,0.0,0.0,0.0,-0.3065,0,0,0,0,0,0,0,0,0,1
8.338489532470703,8.523738280398804,-81.6859284482486,39.858590339258875,9.45791013925296,-79.16079696375593,55.54693664372656,-0.7049997777150755,-0.03139999009965017,4.8968071207422625e-18,0.7085120704994629,0.0,0.0,0.0,0.0,0.0,0.0,-0.3065,9.1551647,-94.828995,43.316994,6.279149303116839,-119.35551581666644,48.90918432218523,0.7062004087720412,0.12810007414853933,-4.9128362273060355e-17,-0.6963270450394274
8.390756845474243,8.523473162725633,-81.69537017839745,39.860125827771746,9.494096083834762,-79.16596376414222,55.58105235254951,-0.7049997777150755,-0.03139999009965017,4.8968071207422625e-18,0.7085120704994629,0.0,0.0,0.0,0.0,0.0,0.0,-0.3065,9.1551647,-94.828995,43.316994,6.331501940910641,-119.33976065091159,48.905871307233824,0.7062006812623777,0.12800012348001177,-9.825668663337344e-18,-0.6963451487399445
8.476036071777344,8.523796004408885,-81.68387270251215,39.858256017697684,9.473752885596184,-79.16873207149679,55.487893935002745,-0.7050997925839062,-0.03139999076320331,-2.448747565168557e-18,0.7084125373524973,0.0,0.0,0.0,0.0,0.0,0.0,-0.3065,9.1551647,-94.828995,43.316994,6.332042605645142,-119.35867260515441,48.88484642510901,0.7062021670213869,0.12800039277646208,-9.825647991387552e-18,-0.6963435924479872
8.568975925445557,0,0,0,0,0,0,0,0,0,1,0.0,0.0,0.0,0.0,0.0,0.0,-0.3065,0,0,0,0,0,0,0,0,0,1
8.632543087005615,8.524258700380447,-81.66739454603098,39.855576210120965,9.431074078802624,-79.16117300034897,55.42292178793908,-0.7050997836783869,-0.031299990397296154,-2.448732237522345e-18,0.708416971604874,0.0,0.0,0.0,0.0,0.0,0.0,-0.3065,9.1551647,-94.828995,43.316994,6.293586773122314,-119.35448408980365,48.87057739276159,0.7062021670213869,0.12800039277646208,-9.825647991387552e-18,-0.6963435924479872
8.760102272033691,8.523849583927957,-81.68196455601047,39.85794569988643,9.437837273381632,-79.1730212482319,55.44326578511738,-0.7050997836783869,-0.031299990397296154,-2.448732237522345e-18,0.708416971604874,0.0,0.0,0.0,0.0,0.0,0.0,-0.3065,9.1551647,-94.828995,43.316994,6.292451829151787,-119.35497323232141,48.88050073099936,0.7062006812623777,0.12800012348001177,-9.825668663337344e-18,-0.6963451487399445
8.81767225265503,0,0,0,0,0,0,0,0,0,1,0.0,0.0,0.0,0.0,0.0,0.0,-0.3065,0,0,0,0,0,0,0,0,0,1
8.889554977416992,8.52402528014916,-81.67570742388895,39.85692811578429,9.426534302920516,-79.16312957042001,55.46261514089014,-0.7050997836783869,-0.031299990397296154,-2.448732237522345e-18,0.708416971604874,0.0,0.0,0.0,0.0,0.0,0.0,-0.3065,9.1551647,-94.828995,43.316994,6.262164467545688,-119.37159979945724,48.86613991653007,0.7062021670213869,0.12800039277646208,-9.825647991387552e-18,-0.6963435924479872
8.974130153656006,8.524272660236154,-81.66689738871614,39.85549535848318,9.43729660864713,-79.1541092939891,55.464290667242196,-0.7050997747459201,-0.031199990032722617,2.448716958864549e-18,0.7084213917402625,0.0,0.0,0.0,0.0,0.0,0.0,-0.3065,9.1551647,-94.828995,43.316994,6.272062161669027,-119.3725246426655,48.86722634005748,0.7062021670213869,0.12800039277646208,-9.825647991387552e-18,-0.6963435924479872
9.017337560653687,0,0,0,0,0,0,0,0,0,1,0.0,0.0,0.0,0.0,0.0,0.0,-0.3065,0,0,0,0,0,0,0,0,0,1
9.130273818969727,8.52362949250464,-81.68980275028163,39.85922040876662,9.454227829716757,-79.17633836220169,55.475208646885505,-0.7050997747459201,-0.031199990032722617,2.448716958864549e-18,0.7084213917402625,0.0,0.0,0.0,0.0,0.0,0.0,-0.3065,9.1551647,-94.828995,43.316994,6.3046194112161515,-119.35491979049414,48.86174047805124,0.7062021670213869,0.12800039277646208,-9.825647991387552e-18,-0.6963435924479872
9.192838907241821,0,0,0,0,0,0,0,0,0,1,0.0,0.0,0.0,0.0,0.0,0.0,-0.3065,0,0,0,0,0,0,0,0,0,1
9.254335880279541,8.524016095832202,-81.67603450824099,39.856981308817495,9.457362329261088,-79.165414957527,55.455951073234615,-0.7050997925839062,-0.03139999076320331,-2.448747565168557e-18,0.7084125373524973,0.0,0.0,0.0,0.0,0.0,0.0,-0.3065,9.1551647,-94.828995,43.316994,6.267568855031072,-119.35969810974703,48.827035666403646,0.7062021670213869,0.12800039277646208,-9.825647991387552e-18,-0.6963435924479872
9.344601392745972,8.524290764582869,-81.66625263216649,39.85539050309546,9.495277497049415,-79.15069151863494,55.49124498770686,-0.7049997777150755,-0.03139999009965017,4.8968071207422625e-18,0.7085120704994629,0.0,0.0,0.0,0.0,0.0,0.0,-0.3065,9.1551647,-94.828995,43.316994,6.295586328696118,-119.34404982764671,48.86124315734847,0.7062004087720412,0.12810007414853933,-4.9128362273060355e-17,-0.6963270450394274
9.386758089065552,0,0,0,0,0,0,0,0,0,1,0.0,0.0,0.0,0.0,0.0,0.0,-0.3065,0,0,0,0,0,0,0,0,0,1
9.50419807434082,8.524197198639895,-81.66958482942862,39.85593241125614,9.468402112612324,-79.1423207102036,55.55912461114102,-0.7049997777150755,-0.03139999009965017,4.8968071207422625e-18,0.7085120704994629,0.0,0.0,0.0,0.0,0.0,0.0,-0.3065,9.1551647,-94.828995,43.316994,6.2901819412107045,-119.35595151735694,48.90034740747488,0.7062006812623777,0.12800012348001177,-9.825668663337344e-18,-0.6963451487399445
9.568097829818726,0,0,0,0,0,0,0,0,0,1,0.0,0.0,0.0,0.0,0.0,0.0,-0.3065,0,0,0,0,0,0,0,0,0,1
9.63047194480896,8.524161356707001,-81.67086128095427,39.85613999785563,9.457369474518458,-79.14188500951312,55.56796152585137,-0.7049997777150755,-0.03139999009965017,4.8968071207422625e-18,0.7085120704994629,0.0,0.0,0.0,0.0,0.0,0.0,-0.3065,9.1551647,-94.828995,43.316994,6.270656885331249,-119.36355780806184,48.88766211935764,0.7062027038537407,0.12780048931252905,-9.825640522249146e-18,-0.6963797642099774
9.690754413604736,0,0,0,0,0,0,0,0,0,1,0.0,0.0,0.0,0.0,0.0,0.0,-0.3065,0,0,0,0,0,0,0,0,0,1
9.750450849533081,8.524196567592154,-81.66960730315664,39.85593606611078,9.483109914985022,-79.15074496046222,55.510005240654976,-0.7049997681901409,-0.03129998970829986,0.0,0.7085165047450258,0.0,0.0,0.0,0.0,0.0,0.0,-0.3065,9.1551647,-94.828995,43.316994,6.287958522513833,-119.34214669940295,48.84031005734552,0.7062009526359544,0.12790017253205688,9.825664887603487e-18,-0.6963632388074064
9.875602006912231,8.52462819716957,-81.6542355252383,39.85343618652897,9.466449026282675,-79.13797186937103,55.48857481994926,-0.7049997777150755,-0.03139999009965017,4.8968071207422625e-18,0.7085120704994629,0.0,0.0,0.0,0.0,0.0,0.0,-0.3065,9.1551647,-94.828995,43.316994,6.266757857929349,-119.3313301783828,48.85857298959087,0.7061018999222486,0.12810034468211312,5.896225945295965e-17,-0.6964268867716946
9.964259147644043,8.524461685265326,-81.66016557300779,39.8544005775979,9.446923970403247,-79.14557816007593,55.475889531832024,-0.7049997681901409,-0.03129998970829986,0.0,0.7085165047450258,0.0,0.0,0.0,0.0,0.0,0.0,-0.3065,9.1551647,-94.828995,43.316994,6.285688634572779,-119.34312498443848,48.86015673382106,0.7062004087720412,0.12810007414853933,-4.9128362273060355e-17,-0.6963270450394274
10.00217604637146,0,0,0,0,0,0,0,0,0,1,0.0,0.0,0.0,0.0,0.0,0.0,-0.3065,0,0,0,0,0,0,0,0,0,1
10.091527462005615,0,0,0,0,0,0,0,0,0,1,0.0,0.0,0.0,0.0,0.0,0.0,-0.3065,0,0,0,0,0,0,0,0,0,1
10.151342153549194,8.52423681830326,-81.66817384024179,39.85570294508267,9.426263970553265,-79.1536735932986,55.473127581952554,-0.7050997836783869,-0.031299990397296154,-2.448732237522345e-18,0.708416971604874,0.0,0.0,0.0,0.0,0.0,0.0,-0.3065,9.1551647,-94.828995,43.316994,6.306024687553901,-119.36388662509779,48.84130469875107,0.7062021670213869,0.12800039277646208,-9.825647991387552e-18,-0.6963435924479872
10.262617588043213,8.523850214975699,-81.68194208228243,39.85794204503179,9.423129471008934,-79.16459699797329,55.492385155603436,-0.7050997836783869,-0.031299990397296154,-2.448732237522345e-18,0.708416971604874,0.0,0.0,0.0,0.0,0.0,0.0,-0.3065,9.1551647,-94.828995,43.316994,6.2822301881596445,-119.38290546299515,48.85780032252249,0.7063006661940685,0.12800012073175812,0.0,-0.6962437346407293
10.31345248222351,0,0,0,0,0,0,0,0,0,1,0.0,0.0,0.0,0.0,0.0,0.0,-0.3065,0,0,0,0,0,0,0,0,0,1
10.384679317474365,8.523863543783666,-81.68146739869564,39.85786484824865,9.444059803226168,-79.16595754187205,55.484634664420504,-0.7050997747459201,-0.031199990032722617,2.448716958864549e-18,0.7084213917402625,0.0,0.0,0.0,0.0,0.0,0.0,-0.3065,9.1551647,-94.828995,43.316994,6.262705132280189,-119.39051175370008,48.845115034405254,0.7063006661940685,0.12800012073175812,0.0,-0.6962437346407293
10.468000650405884,8.524124252678625,-81.67218267993599,39.85635489416439,9.475752441169988,-79.15829780933986,55.478559699589624,-0.7050997836783869,-0.031299990397296154,-2.448732237522345e-18,0.708416971604874,0.0,0.0,0.0,0.0,0.0,0.0,-0.3065,9.1551647,-94.828995,43.316994,6.2862292993072515,-119.36203693868129,48.83913185169624,0.7062018969333039,0.12810034409113027,6.877956224456013e-17,-0.6963254861137407
10.574187278747559,0,0,0,0,0,0,0,0,0,1,0.0,0.0,0.0,0.0,0.0,0.0,-0.3065,0,0,0,0,0,0,0,0,0,1
10.721426486968994,8.524307871121307,-81.6656434109185,39.85529142673833,9.463037049113723,-79.1629692449382,55.4063343820458,-0.7050997747459201,-0.031199990032722617,2.448716958864549e-18,0.7084213917402625,0.0,0.0,0.0,0.0,0.0,0.0,-0.3065,9.1551647,-94.828995,43.316994,6.29612699343059,-119.36296178188954,48.84021827522365,0.7062021670213869,0.12800039277646208,-9.825647991387552e-18,-0.6963435924479872
10.771790981292725,8.524447094361875,-81.66068520405068,39.85448508409033,9.455409242931438,-79.16106611669443,55.38540128204286,-0.705099765787035,-0.0310999896695175,0.0,0.7084257977583992,0.0,0.0,0.0,0.0,0.0,0.0,-0.3065,9.1551647,-94.828995,43.316994,6.307159631524428,-119.36339748258003,48.831381360513305,0.7062021670213869,0.12800039277646208,-9.825647991387552e-18,-0.6963435924479872
10.815140962600708,0,0,0,0,0,0,0,0,0,1,0.0,0.0,0.0,0.0,0.0,0.0,-0.3065,0,0,0,0,0,0,0,0,0,1
10.88758635520935,8.52408841074573,-81.67345913146164,39.856562480763884,9.464719803076122,-79.15786210864937,55.487396614299975,-0.7050997836783869,-0.031299990397296154,-2.448732237522345e-18,0.708416971604874,0.0,0.0,0.0,0.0,0.0,0.0,-0.3065,9.1551647,-94.828995,43.316994,6.285688634572779,-119.34312498443848,48.86015673382106,0.7062021670213869,0.12800039277646208,-9.825647991387552e-18,-0.6963435924479872
10.93711519241333,0,0,0,0,0,0,0,0,0,1,0.0,0.0,0.0,0.0,0.0,0.0,-0.3065,0,0,0,0,0,0,0,0,0,1
11.09502649307251,8.523126179061435,-81.7077274312513,39.8621354615474,9.448823442231372,-79.18824005191192,55.51431289701192,-0.7050997836783869,-0.031299990397296154,-2.448732237522345e-18,0.708416971604874,0.0,0.0,0.0,0.0,0.0,0.0,-0.3065,9.1551647,-94.828995,43.316994,6.261299855942411,-119.38154491909643,48.865550813705426,0.7063009401941353,0.12790017025460837,-2.947282174932398e-17,-0.6962618245528923
11.146485567092896,0,0,0,0,0,0,0,0,0,1,0.0,0.0,0.0,0.0,0.0,0.0,-0.3065,0,0,0,0,0,0,0,0,0,1
11.190492630004883,0,0,0,0,0,0,0,0,0,1,0.0,0.0,0.0,0.0,0.0,0.0,-0.3065,0,0,0,0,0,0,0,0,0,1
11.254039287567139,8.524147396851292,-81.67135843826911,39.85622084949341,9.451146944673951,-79.14894871587299,55.52659264654825,-0.7049997681901409,-0.03129998970829986,0.0,0.7085165047450258,0.0,0.0,0.0,0.0,0.0,0.0,-0.3065,9.1551647,-94.828995,43.316994,6.264164023119491,-119.36116553730031,48.85680568111694,0.7062024359941957,0.12790044118331578,-3.9302576996289253e-17,-0.6963616851471489
11.31767749786377,0,0,0,0,0,0,0,0,0,1,0.0,0.0,0.0,0.0,0.0,0.0,-0.3065,0,0,0,0,0,0,0,0,0,1
11.460639715194702,8.524272660236154,-81.66689738871614,39.85549535848318,9.43729660864713,-79.1541092939891,55.464290667242196,-0.7050997747459201,-0.031199990032722617,2.448716958864549e-18,0.7084213917402625,0.0,0.0,0.0,0.0,0.0,0.0,-0.3065,9.1551647,-94.828995,43.316994,6.288769519615556,-119.37051463076718,48.80877273415831,0.7063009401941353,0.12790017025460837,-2.947282174932398e-17,-0.6962618245528923
11.509194374084473,8.52403383341838,-81.67540281326497,39.856878577605734,9.410414078952698,-79.16926843357163,55.42015983805961,-0.7050997747459201,-0.031199990032722617,2.448716958864549e-18,0.7084213917402625,0.0,0.0,0.0,0.0,0.0,0.0,-0.3065,9.1551647,-94.828995,43.316994,6.287040296409003,-119.39040487004553,48.80759452850903,0.7063021658368758,0.12800039250618736,-3.929702747370479e-17,-0.6962421633687522
11.572930335998535,0,0,0,0,0,0,0,0,0,1,0.0,0.0,0.0,0.0,0.0,0.0,-0.3065,0,0,0,0,0,0,0,0,0,1
11.628837823867798,8.524401701351486,-81.66230180150198,39.85474798789898,9.370275492467442,-79.17018705450971,55.32482857345802,-0.7051997826955055,-0.031099990416662254,-2.449045915550817e-18,0.7083262363362628,0.0,0.0,0.0,0.0,0.0,0.0,-0.3065,9.1551647,-94.828995,43.316994,6.283905796864673,-119.40132827472021,48.82685210215992,0.7063021658368758,0.12800039250618736,-3.929702747370479e-17,-0.6962421633687522
11.686548948287964,0,0,0,0,0,0,0,0,0,1,0.0,0.0,0.0,0.0,0.0,0.0,-0.3065,0,0,0,0,0,0,0,0,0,1
11.837756156921387,8.52530557797796,-81.63011172117682,39.84951298353129,9.385036909341693,-79.14029825376493,55.307835628983824,-0.705099765787035,-0.0310999896695175,0.0,0.7084257977583992,0.0,0.0,0.0,0.0,0.0,0.0,-0.3065,9.1551647,-94.828995,43.316994,6.307159631524428,-119.36339748258003,48.831381360513305,0.7062021670213869,0.12800039277646208,-9.825647991387552e-18,-0.6963435924479872
11.888482570648193,8.525010024958384,-81.64063735616045,39.851224745184425,9.432532969641954,-79.13182678394921,55.434612434650774,-0.7049997681901409,-0.03129998970829986,0.0,0.7085165047450258,0.0,0.0,0.0,0.0,0.0,0.0,-0.3065,9.1551647,-94.828995,43.316994,6.295856661063368,-119.35350580476813,48.85073071628606,0.7062024359941957,0.12790044118331578,-3.9302576996289253e-17,-0.6963616851471489
11.942368268966675,0,0,0,0,0,0,0,0,0,1,0.0,0.0,0.0,0.0,0.0,0.0,-0.3065,0,0,0,0,0,0,0,0,0,1
12.007747173309326,8.523832477389519,-81.68257377725847,39.85804477624355,9.470077721317352,-79.16074352192867,55.52817639077844,-0.7050999772351926,-0.03139999898622188,0.0,0.7084123532001656,0.0,0.0,0.0,0.0,0.0,0.0,-0.3065,9.1551647,-94.828995,43.316994,6.290452273577955,-119.36540749447835,48.88983496641248,0.7062006812623777,0.12800012348001177,-9.825668663337344e-18,-0.6963451487399445
12.064754247665405,0,0,0,0,0,0,0,0,0,1,0.0,0.0,0.0,0.0,0.0,0.0,-0.3065,0,0,0,0,0,0,0,0,0,1
12.229748010635376,8.524475014073293,-81.65969088942097,39.854323380814755,9.467854302620452,-79.14693870397467,55.468139040649085,-0.7049997777150755,-0.03139999009965017,4.8968071207422625e-18,0.7085120704994629,0.0,0.0,0.0,0.0,0.0,0.0,-0.3065,9.1551647,-94.828995,43.316994,6.2893637988516105,-119.3511135340066,48.819874278045354,0.7062018969333039,0.12810034409113027,6.877956224456013e-17,-0.6963254861137407
12.311818361282349,0,0,0,0,0,0,0,0,0,1,0.0,0.0,0.0,0.0,0.0,0.0,-0.3065,0,0,0,0,0,0,0,0,0,1
12.39214301109314,8.524236187255518,-81.66819631396982,39.855706599937314,9.440971772925963,-79.16209784355722,55.42400821146649,-0.7050997747459201,-0.031199990032722617,2.448716958864549e-18,0.7084213917402625,0.0,0.0,0.0,0.0,0.0,0.0,-0.3065,9.1551647,-94.828995,43.316994,6.306295019921151,-119.3733426022192,48.830792257688664,0.7063006661940685,0.12800012073175812,0.0,-0.6962437346407293
12.446177005767822,0,0,0,0,0,0,0,0,0,1,0.0,0.0,0.0,0.0,0.0,0.0,-0.3065,0,0,0,0,0,0,0,0,0,1
12.506080627441406,8.523796004408885,-81.68387270251215,39.858256017697684,9.473752885596184,-79.16873207149679,55.487893935002745,-0.7050997836783869,-0.031299990397296154,-2.448732237522345e-18,0.708416971604874,0.0,0.0,0.0,0.0,0.0,0.0,-0.3065,9.1551647,-94.828995,43.316994,6.337941188620846,-119.38046597267653,48.90460131946267,0.7062021670213869,0.12800039277646208,-9.825647991387552e-18,-0.6963435924479872
12.604456424713135,0,0,0,0,0,0,0,0,0,1,0.0,0.0,0.0,0.0,0.0,0.0,-0.3065,0,0,0,0,0,0,0,0,0,1
12.646176099777222,8.523809964264592,-81.6833755451973,39.858175166059894,9.479975415440691,-79.1616683651369,55.52926281430586,-0.7049997872145043,-0.03149999049256296,-7.345256797989458e-18,0.7085076221371738,0.0,0.0,0.0,0.0,0.0,0.0,-0.3065,9.1551647,-94.828995,43.316994,6.321009967551248,-119.35823690446392,48.89368333981936,0.7062006812623777,0.12800012348001177,-9.825668663337344e-18,-0.6963451487399445
12.700530052185059,0,0,0,0,0,0,0,0,0,1,0.0,0.0,0.0,0.0,0.0,0.0,-0.3065,0,0,0,0,0,0,0,0,0,1
12.764386177062988,8.524065897620803,-81.67426089940048,39.856692870580225,9.47461749719946,-79.15878695185762,55.48848303782739,-0.7049997777150755,-0.03139999009965017,4.8968071207422625e-18,0.7085120704994629,0.0,0.0,0.0,0.0,0.0,0.0,-0.3065,9.1551647,-94.828995,43.316994,6.304889743583374,-119.36437576761554,48.85122803698883,0.7062021670213869,0.12800039277646208,-9.825647991387552e-18,-0.6963435924479872
12.81726884841919,0,0,0,0,0,0,0,0,0,1,0.0,0.0,0.0,0.0,0.0,0.0,-0.3065,0,0,0,0,0,0,0,0,0,1
12.94804573059082,8.523395441225613,-81.69813810186766,39.86057596928459,9.464395856207346,-79.18671918253136,55.465782629350514,-0.7050997836783869,-0.031299990397296154,-2.448732237522345e-18,0.708416971604874,0.0,0.0,0.0,0.0,0.0,0.0,-0.3065,9.1551647,-94.828995,43.316994,6.323820520226803,-119.37617057367123,48.85281178121902,0.7063006661940685,0.12800012073175812,0.0,-0.6962437346407293
13.008683204650879,8.523346270484753,-81.69988923698013,39.86086075266722,9.432432885896247,-79.18492293794213,55.482370035243804,-0.7051999781990189,-0.03139999902928134,0.0,0.708312805763855,0.0,0.0,0.0,0.0,0.0,0.0,-0.3065,9.1551647,-94.828995,43.316994,6.321820964653,-119.38660483582817,48.862146016632146,0.7063006661940685,0.12800012073175812,0.0,-0.6962437346407293
13.0699143409729,0,0,0,0,0,0,0,0,0,1,0.0,0.0,0.0,0.0,0.0,0.0,-0.3065,0,0,0,0,0,0,0,0,0,1
13.131492614746094,8.52296444269594,-81.71348740605796,39.86307219401176,9.466348942536996,-79.19106802336394,55.53633242054228,-0.7050997925839062,-0.03139999076320331,-2.448747565168557e-18,0.7084125373524973,0.0,0.0,0.0,0.0,0.0,0.0,-0.3065,9.1551647,-94.828995,43.316994,6.319551076711946,-119.38758312086368,48.88199269310768,0.7063006661940685,0.12800012073175812,0.0,-0.6962437346407293
13.197201490402222,0,0,0,0,0,0,0,0,0,1,0.0,0.0,0.0,0.0,0.0,0.0,-0.3065,0,0,0,0,0,0,0,0,0,1
13.31430721282959,8.52336878360968,-81.69908746904129,39.86073036285087,9.422535191772909,-79.18399809473388,55.48128361171639,-0.7050997836783869,-0.031299990397296154,-2.448732237522345e-18,0.708416971604874,0.0,0.0,0.0,0.0,0.0,0.0,-0.3065,9.1551647,-94.828995,43.316994,6.292127882282983,-119.38383030620341,48.858886746049905,0.7062018969333039,0.12810034409113027,6.877956224456013e-17,-0.6963254861137407
13.386132717132568,8.52409759506269,-81.67313204710962,39.85650928773068,9.43389177673555,-79.15557672154237,55.49406068195549,-0.7049997777150755,-0.03139999009965017,4.8968071207422625e-18,0.7085120704994629,0.0,0.0,0.0,0.0,0.0,0.0,-0.3065,9.1551647,-94.828995,43.316994,6.28282446739567,-119.36350436623458,48.86890186640954,0.7062021670213869,0.12800039277646208,-9.825647991387552e-18,-0.6963435924479872
13.44082760810852,0,0,0,0,0,0,0,0,0,1,0.0,0.0,0.0,0.0,0.0,0.0,-0.3065,0,0,0,0,0,0,0,0,0,1
13.506948232650757,8.523548624321892,-81.69268273768498,39.859688774998794,9.462990579869569,-79.17775234792771,55.486218408650686,-0.7050997836783869,-0.031299990397296154,-2.448732237522345e-18,0.708416971604874,0.0,0.0,0.0,0.0,0.0,0.0,-0.3065,9.1551647,-94.828995,43.316994,6.321550632285749,-119.37714885870675,48.872658457694556,0.7062021670213869,0.12800039277646208,-9.825647991387552e-18,-0.6963435924479872
13.563252449035645,0,0,0,0,0,0,0,0,0,1,0.0,0.0,0.0,0.0,0.0,0.0,-0.3065,0,0,0,0,0,0,0,0,0,1
13.719082593917847,8.524614237313862,-81.65473268255313,39.85351703816675,9.460226496438167,-79.14503557573089,55.44720594064614,-0.7049997681901409,-0.03129998970829986,0.0,0.7085165047450258,0.0,0.0,0.0,0.0,0.0,0.0,-0.3065,9.1551647,-94.828995,43.316994,6.284553690602252,-119.34361412695623,48.87008007205882,0.7062004087720412,0.12810007414853933,-4.9128362273060355e-17,-0.6963270450394274
13.761676549911499,0,0,0,0,0,0,0,0,0,1,0.0,0.0,0.0,0.0,0.0,0.0,-0.3065,0,0,0,0,0,0,0,0,0,1
13.813023328781128,0,0,0,0,0,0,0,0,0,1,0.0,0.0,0.0,0.0,0.0,0.0,-0.3065,0,0,0,0,0,0,0,0,0,1
13.877097845077515,8.52356799076409,-81.69199303367927,39.85957660990179,9.491555863526457,-79.15748607205633,55.61141147008745,-0.7049997872145043,-0.03149999049256296,-7.345256797989458e-18,0.7085076221371738,0.0,0.0,0.0,0.0,0.0,0.0,-0.3065,9.1551647,-94.828995,43.316994,6.270710499832802,-119.32524475705844,48.919788545369514,0.7061021673824854,0.1280003928975473,1.9654079039665452e-17,-0.6964449932592165
13.935905694961548,0,0,0,0,0,0,0,0,0,1,0.0,0.0,0.0,0.0,0.0,0.0,-0.3065,0,0,0,0,0,0,0,0,0,1
14.088141441345215,8.523351046023501,-81.6997191640173,39.860833094062635,9.469483442081327,-79.18014461868924,55.51707484689139,-0.7050997925839062,-0.03139999076320331,-2.448747565168557e-18,0.7084125373524973,0.0,0.0,0.0,0.0,0.0,0.0,-0.3065,9.1551647,-94.828995,43.316994,6.284229743733448,-119.37247120083822,48.848466087109365,0.7062024359941957,0.12790044118331578,-3.9302576996289253e-17,-0.6963616851471489
14.1280996799469,8.52376871574521,-81.68484454341382,39.858414066118605,9.446600023534472,-79.17443523395792,55.45427554688257,-0.7050997836783869,-0.031299990397296154,-2.448732237522345e-18,0.708416971604874,0.0,0.0,0.0,0.0,0.0,0.0,-0.3065,9.1551647,-94.828995,43.316994,6.297532269768368,-119.3719286164932,48.819782495923484,0.7062018969333039,0.12810034409113027,6.877956224456013e-17,-0.6963254861137407
14.210753440856934,8.523868319322412,-81.6812973257328,39.857837189644066,9.481110359411218,-79.16117922261915,55.51933947606809,-0.7049997777150755,-0.03139999009965017,4.8968071207422625e-18,0.7085120704994629,0.0,0.0,0.0,0.0,0.0,0.0,-0.3065,9.1551647,-94.828995,43.316994,6.304349078848901,-119.34546381337273,48.87225291911365,0.7061021673824854,0.1280003928975473,1.9654079039665452e-17,-0.6964449932592165
14.259259462356567,0,0,0,0,0,0,0,0,0,1,0.0,0.0,0.0,0.0,0.0,0.0,-0.3065,0,0,0,0,0,0,0,0,0,1
14.316468954086304,0,0,0,0,0,0,0,0,0,1,0.0,0.0,0.0,0.0,0.0,0.0,-0.3065,0,0,0,0,0,0,0,0,0,1
14.471177339553833,8.52417846324544,-81.67025205970629,39.856040921498504,9.425129026582738,-79.15416273581637,55.48305092019032,-0.7049997681901409,-0.03129998970829986,0.0,0.7085165047450258,0.0,0.0,0.0,0.0,0.0,0.0,-0.3065,9.1551647,-94.828995,43.316994,6.25567160533393,-119.36920752869571,48.835283478289355,0.7062021670213869,0.12800039277646208,-9.825647991387552e-18,-0.6963435924479872
14.513491153717041,0,0,0,0,0,0,0,0,0,1,0.0,0.0,0.0,0.0,0.0,0.0,-0.3065,0,0,0,0,0,0,0,0,0,1
14.561429738998413,0,0,0,0,0,0,0,0,0,1,0.0,0.0,0.0,0.0,0.0,0.0,-0.3065,0,0,0,0,0,0,0,0,0,1
14.623802423477173,8.524650710294496,-81.65343375729947,39.853305796712625,9.456551332159336,-79.13704702616278,55.48748839642184,-0.7049997777150755,-0.03139999009965017,4.8968071207422625e-18,0.7085120704994629,0.0,0.0,0.0,0.0,0.0,0.0,-0.3065,9.1551647,-94.828995,43.316994,6.27016268984093,-119.3298627508295,48.828802974877576,0.7062006812623777,0.12800012348001177,-9.825668663337344e-18,-0.6963451487399445
14.687839031219482,0,0,0,0,0,0,0,0,0,1,0.0,0.0,0.0,0.0,0.0,0.0,-0.3065,0,0,0,0,0,0,0,0,0,1
14.840311765670776,8.524075081937763,-81.67393381504846,39.85663967754702,9.443789470858917,-79.15650156475063,55.495147105482914,-0.7049997872145043,-0.03149999049256296,-7.345256797989458e-18,0.7085076221371738,0.0,0.0,0.0,0.0,0.0,0.0,-0.3065,9.1551647,-94.828995,43.316994,6.276061272816662,-119.35165611835163,48.84855786923123,0.7062018969333039,0.12810034409113027,6.877956224456013e-17,-0.6963254861137407
14.889246702194214,8.522914640907338,-81.71526101489849,39.863360632249034,9.449093774598623,-79.19769602903334,55.503800455949516,-0.7051999705430583,-0.03129999869256627,7.347231068886577e-18,0.7083172393976551,0.0,0.0,0.0,0.0,0.0,0.0,-0.3065,9.1551647,-94.828995,43.316994,6.301755244039043,-119.37529917229026,48.87048561063972,0.7062021670213869,0.12800039277646208,-9.825647991387552e-18,-0.6963435924479872
14.961302518844604,0,0,0,0,0,0,0,0,0,1,0.0,0.0,0.0,0.0,0.0,0.0,-0.3065,0,0,0,0,0,0,0,0,0,1
15.006246089935303,8.52269454948402,-81.72309920916965,39.864635341129215,9.46548433093372,-79.20101314300312,55.53574331771764,-0.7050997925839062,-0.03139999076320331,-2.448747565168557e-18,0.7084125373524973,0.0,0.0,0.0,0.0,0.0,0.0,-0.3065,9.1551647,-94.828995,43.316994,6.308248106250829,-119.37769144305179,48.90134204888043,0.7062021670213869,0.12800039277646208,-9.825647991387552e-18,-0.6963435924479872
15.060291051864624,0,0,0,0,0,0,0,0,0,1,0.0,0.0,0.0,0.0,0.0,0.0,-0.3065,0,0,0,0,0,0,0,0,0,1
15.221110105514526,8.523585097302528,-81.69138381243128,39.85947753354467,9.459315415590737,-79.16976379835958,55.52650086442638,-0.7050997925839062,-0.03139999076320331,-2.448747565168557e-18,0.7084125373524973,0.0,0.0,0.0,0.0,0.0,0.0,-0.3065,9.1551647,-94.828995,43.316994,6.293857105489536,-119.36394006692507,48.86006495169919,0.7062021670213869,0.12800039277646208,-9.825647991387552e-18,-0.6963435924479872
15.309482097625732,0,0,0,0,0,0,0,0,0,1,0.0,0.0,0.0,0.0,0.0,0.0,-0.3065,0,0,0,0,0,0,0,0,0,1
15.385265350341797,8.524233040572788,-81.66830837790295,39.85572482465665,9.47943475070619,-79.1427564108941,55.55028769643067,-0.7049997872145043,-0.03149999049256296,-7.345256797989458e-18,0.7085076221371738,0.0,0.0,0.0,0.0,0.0,0.0,-0.3065,9.1551647,-94.828995,43.316994,6.274926328846135,-119.35214526086939,48.858481207469,0.7062018969333039,0.12810034409113027,6.877956224456013e-17,-0.6963254861137407
15.435397386550903,0,0,0,0,0,0,0,0,0,1,0.0,0.0,0.0,0.0,0.0,0.0,-0.3065,0,0,0,0,0,0,0,0,0,1
15.500889301300049,8.523909567841796,-81.67982832751629,39.857598289585354,9.514485751317437,-79.14841235379814,55.59432674349138,-0.7049997872145043,-0.03149999049256296,-7.345256797989458e-18,0.7085076221371738,0.0,0.0,0.0,0.0,0.0,0.0,-0.3065,9.1551647,-94.828995,43.316994,6.308572053119633,-119.3488343691698,48.922956033829884,0.7061021673824854,0.1280003928975473,1.9654079039665452e-17,-0.6964449932592165
15.628382921218872,8.523913345572268,-81.67969378985512,39.857576410011376,9.46131497116454,-79.15932953620265,55.51716662901326,-0.7049997681901409,-0.03129998970829986,0.0,0.7085165047450258,0.0,0.0,0.0,0.0,0.0,0.0,-0.3065,9.1551647,-94.828995,43.316994,6.310247661824633,-119.36725718089485,48.8920078134673,0.7062012228947808,0.1278002213055126,9.825661127382491e-18,-0.6963813152405641
15.691165447235107,0,0,0,0,0,0,0,0,0,1,0.0,0.0,0.0,0.0,0.0,0.0,-0.3065,0,0,0,0,0,0,0,0,0,1
15.753836393356323,8.524448356457357,-81.66064025659462,39.854477774381046,9.425993638186014,-79.1442176161772,55.48364002301496,-0.7049997586402302,-0.03119998931854637,-4.896745925425659e-18,0.7085209248735987,0.0,0.0,0.0,0.0,0.0,0.0,-0.3065,9.1551647,-94.828995,43.316994,6.291587217548482,-119.36491835196058,48.87991162817471,0.7062027038537407,0.12780048931252905,-9.825640522249146e-18,-0.6963797642099774
15.811698913574219,0,0,0,0,0,0,0,0,0,1,0.0,0.0,0.0,0.0,0.0,0.0,-0.3065,0,0,0,0,0,0,0,0,0,1
15.880287170410156,8.523971700630089,-81.67761557039064,39.85723843359555,9.462449915135068,-79.1588403936849,55.5072432907755,-0.7049997681901409,-0.03129998970829986,0.0,0.7085165047450258,0.0,0.0,0.0,0.0,0.0,0.0,-0.3065,9.1551647,-94.828995,43.316994,6.300620300068516,-119.375788314808,48.88040894887749,0.7062021670213869,0.12800039277646208,-9.825647991387552e-18,-0.6963435924479872
16.001907348632812,8.523445243014217,-81.69636449302715,39.86028753104731,9.48165102414572,-79.18009117686196,55.49831459394328,-0.7050997925839062,-0.03139999076320331,-2.448747565168557e-18,0.7084125373524973,0.0,0.0,0.0,0.0,0.0,0.0,-0.3065,9.1551647,-94.828995,43.316994,6.297261937401117,-119.36247263937177,48.830294936985894,0.7062021670213869,0.12800039277646208,-9.825647991387552e-18,-0.6963435924479872
16.064685344696045,0,0,0,0,0,0,0,0,0,1,0.0,0.0,0.0,0.0,0.0,0.0,-0.3065,0,0,0,0,0,0,0,0,0,1
16.127935647964478,8.523738280398804,-81.6859284482486,39.858590339258875,9.45791013925296,-79.16079696375593,55.54693664372656,-0.7049997777150755,-0.03139999009965017,4.8968071207422625e-18,0.7085120704994629,0.0,0.0,0.0,0.0,0.0,0.0,-0.3065,9.1551647,-94.828995,43.316994,6.2944513847255905,-119.34453897016448,48.87116649558623,0.7062006812623777,0.12800012348001177,-9.825668663337344e-18,-0.6963451487399445
16.19734287261963,0,0,0,0,0,0,0,0,0,1,0.0,0.0,0.0,0.0,0.0,0.0,-0.3065,0,0,0,0,0,0,0,0,0,1
16.257668256759644,8.524075712985505,-81.67391134132042,39.856636022692385,9.429081668486191,-79.14807731449201,55.54426647596895,-0.7049997681901409,-0.03129998970829986,0.0,0.7085165047450258,0.0,0.0,0.0,0.0,0.0,0.0,-0.3065,9.1551647,-94.828995,43.316994,6.290776220446759,-119.33655042059635,48.91144895136193,0.7061021673824854,0.1280003928975473,1.9654079039665452e-17,-0.6964449932592165
16.395752429962158,8.523931083158446,-81.67906209487911,39.857473678799614,9.414366720856151,-79.16318301224729,55.48137539383826,-0.7050997836783869,-0.031299990397296154,-2.448732237522345e-18,0.708416971604874,0.0,0.0,0.0,0.0,0.0,0.0,-0.3065,9.1551647,-94.828995,43.316994,6.272062161669027,-119.3725246426655,48.86722634005748,0.7062021670213869,0.12800039277646208,-9.825647991387552e-18,-0.6963435924479872
16.438313961029053,0,0,0,0,0,0,0,0,0,1,0.0,0.0,0.0,0.0,0.0,0.0,-0.3065,0,0,0,0,0,0,0,0,0,1
16.511005640029907,8.523081152811582,-81.70933096712898,39.86239624118009,9.46861883047805,-79.19008973832841,55.516485744066756,-0.7050998014619467,-0.03149999113040891,4.897525883608215e-18,0.7084080889833964,0.0,0.0,0.0,0.0,0.0,0.0,-0.3065,9.1551647,-94.828995,43.316994,6.303160520376821,-119.3842660068939,48.85004983133955,0.7062018969333039,0.12810034409113027,6.877956224456013e-17,-0.6963254861137407
16.5607647895813,0,0,0,0,0,0,0,0,0,1,0.0,0.0,0.0,0.0,0.0,0.0,-0.3065,0,0,0,0,0,0,0,0,0,1
16.63387656211853,8.523400847812104,-81.6979455551768,39.860544655825365,9.4867386100197,-79.17351661301986,55.54960681148415,-0.7049997872145043,-0.03149999049256296,-7.345256797989458e-18,0.7085076221371738,0.0,0.0,0.0,0.0,0.0,0.0,-0.3065,9.1551647,-94.828995,43.316994,6.306295019921151,-119.3733426022192,48.830792257688664,0.7062021670213869,0.12800039277646208,-9.825647991387552e-18,-0.6963435924479872
16.75623321533203,8.523454427331176,-81.69603740867512,39.860234338014116,9.450822997805176,-79.17780578975498,55.5049786615988,-0.7050999772351926,-0.03139999898622188,0.0,0.7084123532001656,0.0,0.0,0.0,0.0,0.0,0.0,-0.3065,9.1551647,-94.828995,43.316994,6.296397325797841,-119.37241775901094,48.829705834161246,0.7062021670213869,0.12800039277646208,-9.825647991387552e-18,-0.6963435924479872
16.83867883682251,0,0,0,0,0,0,0,0,0,1,0.0,0.0,0.0,0.0,0.0,0.0,-0.3065,0,0,0,0,0,0,0,0,0,1
16.895188093185425,8.523606979379712,-81.69060451822048,39.85935079858296,9.464125523840096,-79.17726320540994,55.47629507041292,-0.7050997747459201,-0.031199990032722617,2.448716958864549e-18,0.7084213917402625,0.0,0.0,0.0,0.0,0.0,0.0,-0.3065,9.1551647,-94.828995,43.316994,6.318732934352823,-119.38274513751334,48.80151956367814,0.7063024374373149,0.1279004413821784,-1.9648506181243528e-17,-0.6962602559132264
16.939282178878784,0,0,0,0,0,0,0,0,0,1,0.0,0.0,0.0,0.0,0.0,0.0,-0.3065,0,0,0,0,0,0,0,0,0,1
17.010810136795044,8.524591724188936,-81.65553445049197,39.85364742798309,9.470124190561506,-79.14596041893914,55.448292364173554,-0.7050999606551401,-0.031199998259027622,0.0,0.7084212063403781,0.0,0.0,0.0,0.0,0.0,0.0,-0.3065,9.1551647,-94.828995,43.316994,6.308835240229456,-119.38182029430509,48.80043314015073,0.7063024374373149,0.1279004413821784,-1.9648506181243528e-17,-0.6962602559132264
17.125410079956055,8.524308502169047,-81.66562093719047,39.855287771883695,9.448329246741025,-79.15454499467958,55.45545375253185,-0.7050997836783869,-0.031299990397296154,-2.448732237522345e-18,0.708416971604874,0.0,0.0,0.0,0.0,0.0,0.0,-0.3065,9.1551647,-94.828995,43.316994,6.274655996478884,-119.34268928374797,48.8689936485314,0.7062006812623777,0.12800012348001177,-9.825668663337344e-18,-0.6963451487399445
17.222810983657837,8.523809964264592,-81.6833755451973,39.858175166059894,9.479975415440691,-79.1616683651369,55.52926281430586,-0.7049997777150755,-0.03139999009965017,4.8968071207422625e-18,0.7085120704994629,0.0,0.0,0.0,0.0,0.0,0.0,-0.3065,9.1551647,-94.828995,43.316994,6.282283802661198,-119.34459241199175,48.88992674853435,0.7061018999222486,0.12810034468211312,5.896225945295965e-17,-0.6964268867716946
17.318342924118042,0,0,0,0,0,0,0,0,0,1,0.0,0.0,0.0,0.0,0.0,0.0,-0.3065,0,0,0,0,0,0,0,0,0,1
17.387648820877075,8.5238239241203,-81.68287838788244,39.85809431442211,9.486197945285198,-79.15460465877703,55.57063169360897,-0.7049997777150755,-0.03139999009965017,4.8968071207422625e-18,0.7085120704994629,0.0,0.0,0.0,0.0,0.0,0.0,-0.3065,9.1551647,-94.828995,43.316994,6.2901819412107045,-119.35595151735694,48.90034740747488,0.7062006812623777,0.12800012348001177,-9.825668663337344e-18,-0.6963451487399445
17.44618010520935,0,0,0,0,0,0,0,0,0,1,0.0,0.0,0.0,0.0,0.0,0.0,-0.3065,0,0,0,0,0,0,0,0,0,1
17.589527368545532,8.523980253899307,-81.67731095976664,39.85718889541698,9.446329691167222,-79.16497925683652,55.46478798794497,-0.7050997747459201,-0.031199990032722617,2.448716958864549e-18,0.7084213917402625,0.0,0.0,0.0,0.0,0.0,0.0,-0.3065,9.1551647,-94.828995,43.316994,6.291587217548482,-119.36491835196058,48.87991162817471,0.7062024359941957,0.12790044118331578,-3.9302576996289253e-17,-0.6963616851471489
17.63698101043701,8.524375410496088,-81.66323810710199,39.8549002572893,9.433343966743678,-79.16019471531345,55.40307511146355,-0.7050997747459201,-0.031199990032722617,2.448716958864549e-18,0.7084213917402625,0.0,0.0,0.0,0.0,0.0,0.0,-0.3065,9.1551647,-94.828995,43.316994,6.291309739923861,-119.37899232285307,48.77841361662037,0.7063021658368758,0.12800039250618736,-3.929702747370479e-17,-0.6962421633687522
17.693838834762573,0,0,0,0,0,0,0,0,0,1,0.0,0.0,0.0,0.0,0.0,0.0,-0.3065,0,0,0,0,0,0,0,0,0,1
17.766353368759155,8.524174054467228,-81.67040907109546,39.85606645592712,9.49300760910836,-79.15166980367046,55.51109166418239,-0.7049997777150755,-0.03139999009965017,4.8968071207422625e-18,0.7085120704994629,0.0,0.0,0.0,0.0,0.0,0.0,-0.3065,9.1551647,-94.828995,43.316994,6.306024687553901,-119.36388662509779,48.84130469875107,0.7062018969333039,0.12810034409113027,6.877956224456013e-17,-0.6963254861137407
17.81822681427002,0,0,0,0,0,0,0,0,0,1,0.0,0.0,0.0,0.0,0.0,0.0,-0.3065,0,0,0,0,0,0,0,0,0,1
17.941967725753784,8.523909567841796,-81.67982832751629,39.857598289585354,9.514485751317437,-79.14841235379814,55.59432674349138,-0.7048997731644212,-0.031499989863355456,0.0,0.7086071269972919,0.0,0.0,0.0,0.0,0.0,0.0,-0.3065,9.1551647,-94.828995,43.316994,6.299538970599542,-119.33796440632236,48.922458713127114,0.7061021673824854,0.1280003928975473,1.9654079039665452e-17,-0.6964449932592165
18.003549575805664,8.524475645121033,-81.65966841569295,39.85431972596012,9.453146500247755,-79.13851445371606,55.51725841113513,-0.7049997777150755,-0.03139999009965017,4.8968071207422625e-18,0.7085120704994629,0.0,0.0,0.0,0.0,0.0,0.0,-0.3065,9.1551647,-94.828995,43.316994,6.285688634572779,-119.34312498443848,48.86015673382106,0.7062009526359544,0.12790017253205688,9.825664887603487e-18,-0.6963632388074064
18.064608812332153,0,0,0,0,0,0,0,0,0,1,0.0,0.0,0.0,0.0,0.0,0.0,-0.3065,0,0,0,0,0,0,0,0,0,1
18.127354383468628,8.524412514524464,-81.66191670812026,39.85468536098053,9.414961000092177,-79.1437819154867,55.49247693772531,-0.7049997777150755,-0.03139999009965017,4.8968071207422625e-18,0.7085120704994629,0.0,0.0,0.0,0.0,0.0,0.0,-0.3065,9.1551647,-94.828995,43.316994,6.272062161669027,-119.3725246426655,48.86722634005748,0.7062021670213869,0.12800039277646208,-9.825647991387552e-18,-0.6963435924479872
18.213125467300415,8.523945043014155,-81.67856493756426,39.85739282716183,9.42058925070063,-79.15611930588742,55.52274427314137,-0.7049997777150755,-0.03139999009965017,4.8968071207422625e-18,0.7085120704994629,0.0,0.0,0.0,0.0,0.0,0.0,-0.3065,9.1551647,-94.828995,43.316994,6.261299855942411,-119.38154491909643,48.865550813705426,0.7062021670213869,0.12800039277646208,-9.825647991387552e-18,-0.6963435924479872
18.335691213607788,0,0,0,0,0,0,0,0,0,1,0.0,0.0,0.0,0.0,0.0,0.0,-0.3065,0,0,0,0,0,0,0,0,0,1
18.384164571762085,8.523144914455893,-81.70706020097361,39.86202695130504,9.492096528260959,-79.17639802629915,55.59038658796263,-0.7049997777150755,-0.03139999009965017,4.8968071207422625e-18,0.7085120704994629,0.0,0.0,0.0,0.0,0.0,0.0,-0.3065,9.1551647,-94.828995,43.316994,6.303214134878374,-119.34595295589048,48.88217625735141,0.7062006812623777,0.12800012348001177,-9.825668663337344e-18,-0.6963451487399445
18.43870210647583,0,0,0,0,0,0,0,0,0,1,0.0,0.0,0.0,0.0,0.0,0.0,-0.3065,0,0,0,0,0,0,0,0,0,1
18.504401683807373,8.52321659832168,-81.7045072979223,39.86161177810606,9.514161804448662,-79.17726942768013,55.572712758541925,-0.7049997872145043,-0.03149999049256296,-7.345256797989458e-18,0.7085076221371738,0.0,0.0,0.0,0.0,0.0,0.0,-0.3065,9.1551647,-94.828995,43.316994,6.321604246787302,-119.33883580770333,48.90478488370641,0.7061021673824854,0.1280003928975473,1.9654079039665452e-17,-0.6964449932592165
18.592456340789795,8.523818517533812,-81.68307093457331,39.858125627881336,9.463855191472845,-79.16780722828854,55.486807511475334,-0.7050997836783869,-0.031299990397296154,-2.448732237522345e-18,0.708416971604874,0.0,0.0,0.0,0.0,0.0,0.0,-0.3065,9.1551647,-94.828995,43.316994,6.305430408317875,-119.38328772185838,48.83020315486402,0.7063006661940685,0.12800012073175812,0.0,-0.6962437346407293
18.693712949752808,0,0,0,0,0,0,0,0,0,1,0.0,0.0,0.0,0.0,0.0,0.0,-0.3065,0,0,0,0,0,0,0,0,0,1
18.752487182617188,8.52403005568791,-81.67553735092612,39.85690045717971,9.463584859105595,-79.15835125116712,55.49731995253774,-0.7050999772351926,-0.03139999898622188,0.0,0.7084123532001656,0.0,0.0,0.0,0.0,0.0,0.0,-0.3065,9.1551647,-94.828995,43.316994,6.284770408467949,-119.39138315508104,48.82744120498455,0.7063006661940685,0.12800012073175812,0.0,-0.6962437346407293
18.814031839370728,0,0,0,0,0,0,0,0,0,1,0.0,0.0,0.0,0.0,0.0,0.0,-0.3065,0,0,0,0,0,0,0,0,0,1
18.887052536010742,8.52403005568791,-81.67553735092612,39.85690045717971,9.463584859105595,-79.15835125116712,55.49731995253774,-0.7050997836783869,-0.031299990397296154,-2.448732237522345e-18,0.708416971604874,0.0,0.0,0.0,0.0,0.0,0.0,-0.3065,9.1551647,-94.828995,43.316994,6.27406171724283,-119.36209038050856,48.85789210464435,0.7062021670213869,0.12800039277646208,-9.825647991387552e-18,-0.6963435924479872
18.93766140937805,0,0,0,0,0,0,0,0,0,1,0.0,0.0,0.0,0.0,0.0,0.0,-0.3065,0,0,0,0,0,0,0,0,0,1
19.087833642959595,8.523958371822122,-81.67809025397744,39.857315630378686,9.441519582917863,-79.15747984978614,55.51499378195844,-0.7049997586402302,-0.03119998931854637,-4.896745925425659e-18,0.7085209248735987,0.0,0.0,0.0,0.0,0.0,0.0,-0.3065,9.1551647,-94.828995,43.316994,6.283365132130172,-119.3824163204774,48.847876984284724,0.7063009401941353,0.12790017025460837,-2.947282174932398e-17,-0.6962618245528923
19.1364905834198,8.524417290063212,-81.66174663515744,39.85465770237595,9.452011556277228,-79.13900359623382,55.5271817493729,-0.7049997681901409,-0.03129998970829986,0.0,0.7085165047450258,0.0,0.0,0.0,0.0,0.0,0.0,-0.3065,9.1551647,-94.828995,43.316994,6.290992938312456,-119.38431944872117,48.86881008428767,0.7062024359941957,0.12790044118331578,-3.9302576996289253e-17,-0.6963616851471489
19.187856912612915,0,0,0,0,0,0,0,0,0,1,0.0,0.0,0.0,0.0,0.0,0.0,-0.3065,0,0,0,0,0,0,0,0,0,1
19.25382947921753,8.524727800746774,-81.65068830755727,39.85285931005442,9.500959362159477,-79.12471585803223,55.553638749134784,-0.7048997731644212,-0.031499989863355456,0.0,0.7086071269972919,0.0,0.0,0.0,0.0,0.0,0.0,-0.3065,9.1551647,-94.828995,43.316994,6.297585884269921,-119.33361556548978,48.85190892193535,0.7061021673824854,0.1280003928975473,1.9654079039665452e-17,-0.6964449932592165
19.33953046798706,0,0,0,0,0,0,0,0,0,1,0.0,0.0,0.0,0.0,0.0,0.0,-0.3065,0,0,0,0,0,0,0,0,0,1
19.442913055419922,8.52448834288126,-81.65921620583416,39.85424618403162,9.488784634837657,-79.14829924787341,55.460388549466145,-0.7049997681901409,-0.03129998970829986,0.0,0.7085165047450258,0.0,0.0,0.0,0.0,0.0,0.0,-0.3065,9.1551647,-94.828995,43.316994,6.301261048548753,-119.3416041150579,48.811626466159645,0.7062018969333039,0.12810034409113027,6.877956224456013e-17,-0.6963254861137407
19.502976655960083,8.52462756612183,-81.65425799896632,39.853439841383604,9.4811568286554,-79.14639611962963,55.43945544946321,-0.7050999606551401,-0.031199998259027622,0.0,0.7084212063403781,0.0,0.0,0.0,0.0,0.0,0.0,-0.3065,9.1551647,-94.828995,43.316994,6.287958522513833,-119.34214669940295,48.84031005734552,0.7062021670213869,0.12800039277646208,-9.825647991387552e-18,-0.6963435924479872
19.590230226516724,8.524299948899829,-81.66592554781445,39.855337310062254,9.464449470708871,-79.14840613152795,55.49790905536238,-0.7049997681901409,-0.03129998970829986,0.0,0.7085165047450258,0.0,0.0,0.0,0.0,0.0,0.0,-0.3065,9.1551647,-94.828995,43.316994,6.284824022969502,-119.35307010407764,48.85956763099641,0.7062021670213869,0.12800039277646208,-9.825647991387552e-18,-0.6963435924479872
19.63181734085083,0,0,0,0,0,0,0,0,0,1,0.0,0.0,0.0,0.0,0.0,0.0,-0.3065,0,0,0,0,0,0,0,0,0,1
19.691550254821777,0,0,0,0,0,0,0,0,0,1,0.0,0.0,0.0,0.0,0.0,0.0,-0.3065,0,0,0,0,0,0,0,0,0,1
19.84579110145569,8.523724320543096,-81.68642560556346,39.85867119089666,9.451687609408452,-79.16786067011581,55.505567764423446,-0.7050997836783869,-0.031299990397296154,-2.448732237522345e-18,0.708416971604874,0.0,0.0,0.0,0.0,0.0,0.0,-0.3065,9.1551647,-94.828995,43.316994,6.292127882282983,-119.38383030620341,48.858886746049905,0.7063009401941353,0.12790017025460837,-2.947282174932398e-17,-0.6962618245528923
19.938288927078247,8.52389938571656,-81.68019094716996,39.85765726164916,9.455092441320033,-79.16639324256252,55.475797749710146,-0.7050997836783869,-0.031299990397296154,-2.448732237522345e-18,0.708416971604874,0.0,0.0,0.0,0.0,0.0,0.0,-0.3065,9.1551647,-94.828995,43.316994,6.284500076100699,-119.38192717795964,48.837953646046955,0.7063006661940685,0.12800012073175812,0.0,-0.6962437346407293
20.0033540725708,8.523854359466705,-81.68179448304765,39.85791804128185,9.474887829566711,-79.16824292897903,55.477970596764976,-0.7050997925839062,-0.03139999076320331,-2.448747565168557e-18,0.7084125373524973,0.0,0.0,0.0,0.0,0.0,0.0,-0.3065,9.1551647,-94.828995,43.316994,6.294992049460063,-119.3634509244073,48.85014161346142,0.7062018969333039,0.12810034409113027,6.877956224456013e-17,-0.6963254861137407
20.064232349395752,0,0,0,0,0,0,0,0,0,1,0.0,0.0,0.0,0.0,0.0,0.0,-0.3065,0,0,0,0,0,0,0,0,0,1
20.130728721618652,8.524331015293976,-81.66481916925163,39.855157382067354,9.438431552617658,-79.15362015147133,55.45436732900443,-0.7050997836783869,-0.031299990397296154,-2.448732237522345e-18,0.708416971604874,0.0,0.0,0.0,0.0,0.0,0.0,-0.3065,9.1551647,-94.828995,43.316994,6.275196661213357,-119.36160123799081,48.84796876640659,0.7062018969333039,0.12810034409113027,6.877956224456013e-17,-0.6963254861137407
20.252137422561646,8.523949187505162,-81.67841733832947,39.85736882341189,9.472347609258406,-79.15976523689314,55.50832971430292,-0.7050999689596333,-0.03129999862209122,-2.4487328762277817e-18,0.7084167868277693,0.0,0.0,0.0,0.0,0.0,0.0,-0.3065,9.1551647,-94.828995,43.316994,6.287093910910556,-119.35209181904212,48.839720954520885,0.7062021670213869,0.12800039277646208,-9.825647991387552e-18,-0.6963435924479872
20.330130338668823,0,0,0,0,0,0,0,0,0,1,0.0,0.0,0.0,0.0,0.0,0.0,-0.3065,0,0,0,0,0,0,0,0,0,1
20.373254776000977,8.523670741024024,-81.68833375206513,39.858981508707906,9.487603221622976,-79.16357149338069,55.5501959143088,-0.7049997777150755,-0.03139999009965017,4.8968071207422625e-18,0.7085120704994629,0.0,0.0,0.0,0.0,0.0,0.0,-0.3065,9.1551647,-94.828995,43.316994,6.312247217398465,-119.35682291873792,48.88267357805418,0.7062006812623777,0.12800012348001177,-9.825668663337344e-18,-0.6963451487399445
20.433021068572998,0,0,0,0,0,0,0,0,0,1,0.0,0.0,0.0,0.0,0.0,0.0,-0.3065,0,0,0,0,0,0,0,0,0,1
20.501155376434326,8.52389938571656,-81.68019094716996,39.85765726164916,9.455092441320033,-79.16639324256252,55.475797749710146,-0.7049997681901409,-0.03129998970829986,0.0,0.7085165047450258,0.0,0.0,0.0,0.0,0.0,0.0,-0.3065,9.1551647,-94.828995,43.316994,6.29299249388626,-119.37388518656424,48.85947584887454,0.7062021670213869,0.12800039277646208,-9.825647991387552e-18,-0.6963435924479872
20.632620334625244,8.523503598072038,-81.69428627356267,39.859949554631484,9.482785968116247,-79.17960203434421,55.48839125570552,-0.7050997925839062,-0.03139999076320331,-2.448747565168557e-18,0.7084125373524973,0.0,0.0,0.0,0.0,0.0,0.0,-0.3065,9.1551647,-94.828995,43.316994,6.32468513183008,-119.36622545403205,48.853400884043666,0.7062018969333039,0.12810034409113027,6.877956224456013e-17,-0.6963254861137407
20.717862367630005,8.523656781168315,-81.68883090937997,39.85906236034569,9.481380691778469,-79.17063519974056,55.50882703500569,-0.7050999854812877,-0.03149999935138358,2.4487635761993483e-18,0.7084079054578307,0.0,0.0,0.0,0.0,0.0,0.0,-0.3065,9.1551647,-94.828995,43.316994,6.332312938012365,-119.36812858227583,48.8743339840466,0.7062018969333039,0.12810034409113027,6.877956224456013e-17,-0.6963254861137407
20.763747453689575,0,0,0,0,0,0,0,0,0,1,0.0,0.0,0.0,0.0,0.0,0.0,-0.3065,0,0,0,0,0,0,0,0,0,1
20.840015649795532,8.524349750688431,-81.66415193897396,39.855048871824984,9.481704638647244,-79.14177812585856,55.53044101995514,-0.7049997681901409,-0.03129998970829986,0.0,0.7085165047450258,0.0,0.0,0.0,0.0,0.0,0.0,-0.3065,9.1551647,-94.828995,43.316994,6.2992150237307385,-119.36682148020435,48.90084472817766,0.7062009526359544,0.12790017253205688,9.825664887603487e-18,-0.6963632388074064
20.877694606781006,0,0,0,0,0,0,0,0,0,1,0.0,0.0,0.0,0.0,0.0,0.0,-0.3065,0,0,0,0,0,0,0,0,0,1
21.013420820236206,8.523517557927745,-81.6937891162478,39.8598687029937,9.489008497960754,-79.17253832798433,55.52976013500863,-0.7050997836783869,-0.031299990397296154,-2.448732237522345e-18,0.708416971604874,0.0,0.0,0.0,0.0,0.0,0.0,-0.3065,9.1551647,-94.828995,43.316994,6.290722605945206,-119.37486347159975,48.87932252535008,0.7062024359941957,0.12790044118331578,-3.9302576996289253e-17,-0.6963616851471489
21.087701082229614,8.524016095832202,-81.67603450824099,39.856981308817495,9.457362329261088,-79.165414957527,55.455951073234615,-0.7050997747459201,-0.031199990032722617,2.448716958864549e-18,0.7084213917402625,0.0,0.0,0.0,0.0,0.0,0.0,-0.3065,9.1551647,-94.828995,43.316994,6.285364687703975,-119.37198205832047,48.8385427488716,0.7062024359941957,0.12790044118331578,-3.9302576996289253e-17,-0.6963616851471489
21.133560180664062,0,0,0,0,0,0,0,0,0,1,0.0,0.0,0.0,0.0,0.0,0.0,-0.3065,0,0,0,0,0,0,0,0,0,1
21.228103160858154,8.524789933535066,-81.64847555043163,39.85249945406461,9.44892352597708,-79.135143897919,55.4665552964189,-0.7049997681901409,-0.03129998970829986,0.0,0.7085165047450258,0.0,0.0,0.0,0.0,0.0,0.0,-0.3065,9.1551647,-94.828995,43.316994,6.296721272666645,-119.34356068512895,48.8513198191107,0.7062009526359544,0.12790017253205688,9.825664887603487e-18,-0.6963632388074064
21.33016085624695,0,0,0,0,0,0,0,0,0,1,0.0,0.0,0.0,0.0,0.0,0.0,-0.3065,0,0,0,0,0,0,0,0,0,1
21.447711944580078,8.524138843582074,-81.6716630488931,39.85627038767197,9.467267168641797,-79.14280985272136,55.569047949378785,-0.7049997777150755,-0.03139999009965017,4.8968071207422625e-18,0.7085120704994629,0.0,0.0,0.0,0.0,0.0,0.0,-0.3065,9.1551647,-94.828995,43.316994,6.273521052508357,-119.34317842626574,48.87891698676917,0.7062006812623777,0.12800012348001177,-9.825668663337344e-18,-0.6963451487399445
21.507896184921265,8.523985660485797,-81.67711841307577,39.857157581957765,9.468672444979575,-79.15177668732501,55.54861217007861,-0.7049997777150755,-0.03139999009965017,4.8968071207422625e-18,0.7085120704994629,0.0,0.0,0.0,0.0,0.0,0.0,-0.3065,9.1551647,-94.828995,43.316994,6.283959411366197,-119.36301522371681,48.858978528171775,0.7062024359941957,0.12790044118331578,-3.9302576996289253e-17,-0.6963616851471489
21.597272157669067,0,0,0,0,0,0,0,0,0,1,0.0,0.0,0.0,0.0,0.0,0.0,-0.3065,0,0,0,0,0,0,0,0,0,1
21.69025230407715,8.524057344351585,-81.67456551002446,39.856742408758784,9.490737721167307,-79.15264808870599,55.53093834065791,-0.7049997872145043,-0.03149999049256296,-7.345256797989458e-18,0.7085076221371738,0.0,0.0,0.0,0.0,0.0,0.0,-0.3065,9.1551647,-94.828995,43.316994,6.324414799462858,-119.35676947691064,48.86391332510607,0.7062004087720412,0.12810007414853933,-4.9128362273060355e-17,-0.6963270450394274
21.760067462921143,8.523180125341044,-81.705806223176,39.86182301956019,9.517836968727494,-79.18525797724826,55.53243030276623,-0.7050998014619467,-0.03149999113040891,4.897525883608215e-18,0.7084080889833964,0.0,0.0,0.0,0.0,0.0,0.0,-0.3065,9.1551647,-94.828995,43.316994,6.334042161218946,-119.34823834299748,48.87551218969588,0.7062004087720412,0.12810007414853933,-4.9128362273060355e-17,-0.6963270450394274
21.873092651367188,8.523135730138932,-81.70738728532564,39.862080144338236,9.522924554601502,-79.17868341340613,55.583722520307106,-0.7049997777150755,-0.03139999009965017,4.8968071207422625e-18,0.7085120704994629,0.0,0.0,0.0,0.0,0.0,0.0,-0.3065,9.1551647,-94.828995,43.316994,6.313382161368992,-119.35633377622015,48.87275023981642,0.7062021670213869,0.12800039277646208,-9.825647991387552e-18,-0.6963435924479872
21.93983769416809,0,0,0,0,0,0,0,0,0,1,0.0,0.0,0.0,0.0,0.0,0.0,-0.3065,0,0,0,0,0,0,0,0,0,1
21.999990463256836,8.523851212783976,-81.68190654698077,39.85793626600118,9.51335080734691,-79.14890149631589,55.60425008172915,-0.7049997872145043,-0.03149999049256296,-7.345256797989458e-18,0.7085076221371738,0.0,0.0,0.0,0.0,0.0,0.0,-0.3065,9.1551647,-94.828995,43.316994,6.270980832200053,-119.33470073417985,48.9092761043071,0.7061018999222486,0.12810034468211312,5.896225945295965e-17,-0.6964268867716946
22.089879751205444,0,0,0,0,0,0,0,0,0,1,0.0,0.0,0.0,0.0,0.0,0.0,-0.3065,0,0,0,0,0,0,0,0,0,1
22.132877826690674,8.523859766053194,-81.68160193635678,39.857886727822624,9.497230583379093,-79.15504035946752,55.56179477889863,-0.7049997872145043,-0.03149999049256296,-7.345256797989458e-18,0.7085076221371738,0.0,0.0,0.0,0.0,0.0,0.0,-0.3065,9.1551647,-94.828995,43.316994,6.311976885031214,-119.3473669416165,48.893186019116584,0.7062004087720412,0.12810007414853933,-4.9128362273060355e-17,-0.6963270450394274
22.256824254989624,8.523642821312606,-81.68932806669483,39.85914321198347,9.475158161933962,-79.17769890610043,55.46745815570257,-0.7050997836783869,-0.031299990397296154,-2.448732237522345e-18,0.708416971604874,0.0,0.0,0.0,0.0,0.0,0.0,-0.3065,9.1551647,-94.828995,43.316994,6.344480520076758,-119.36807514044855,48.85557373109849,0.7062021670213869,0.12800039277646208,-9.825647991387552e-18,-0.6963435924479872
22.31905198097229,0,0,0,0,0,0,0,0,0,1,0.0,0.0,0.0,0.0,0.0,0.0,-0.3065,0,0,0,0,0,0,0,0,0,1
22.38279628753662,8.523665334437533,-81.68852629875597,39.85901282216713,9.465260467810623,-79.17677406289218,55.46637173217516,-0.7050999606551401,-0.031199998259027622,0.0,0.7084212063403781,0.0,0.0,0.0,0.0,0.0,0.0,-0.3065,9.1551647,-94.828995,43.316994,6.304889743583374,-119.36437576761554,48.85122803698883,0.7062006812623777,0.12800012348001177,-9.825668663337344e-18,-0.6963451487399445
22.437896490097046,0,0,0,0,0,0,0,0,0,1,0.0,0.0,0.0,0.0,0.0,0.0,-0.3065,0,0,0,0,0,0,0,0,0,1
22.509735822677612,8.523868319322412,-81.6812973257328,39.857837189644066,9.481110359411218,-79.16117922261915,55.51933947606809,-0.7049997681901409,-0.03129998970829986,0.0,0.7085165047450258,0.0,0.0,0.0,0.0,0.0,0.0,-0.3065,9.1551647,-94.828995,43.316994,6.293586773122314,-119.35448408980365,48.87057739276159,0.7061021673824854,0.1280003928975473,1.9654079039665452e-17,-0.6964449932592165
22.632169008255005,8.523845806197487,-81.68209909367164,39.85796757946041,9.491008053534557,-79.16210406582739,55.5204258995955,-0.7049997681901409,-0.03129998970829986,0.0,0.7085165047450258,0.0,0.0,0.0,0.0,0.0,0.0,-0.3065,9.1551647,-94.828995,43.316994,6.293857105489536,-119.36394006692507,48.86006495169919,0.7062021670213869,0.12800039277646208,-9.825647991387552e-18,-0.6963435924479872
22.71718120574951,8.524021502418691,-81.67584196155012,39.85694999535827,9.47970508307344,-79.1522123880155,55.53977525536826,-0.7049997777150755,-0.03139999009965017,4.8968071207422625e-18,0.7085120704994629,0.0,0.0,0.0,0.0,0.0,0.0,-0.3065,9.1551647,-94.828995,43.316994,6.28282446739567,-119.36350436623458,48.86890186640954,0.7062021670213869,0.12800039277646208,-9.825647991387552e-18,-0.6963435924479872
22.76033115386963,0,0,0,0,0,0,0,0,0,1,0.0,0.0,0.0,0.0,0.0,0.0,-0.3065,0,0,0,0,0,0,0,0,0,1
22.848304748535156,8.523876872591632,-81.68099271510881,39.85778765146551,9.464990135443372,-79.16731808577077,55.476884173237565,-0.7049997777150755,-0.03139999009965017,4.8968071207422625e-18,0.7085120704994629,0.0,0.0,0.0,0.0,0.0,0.0,-0.3065,9.1551647,-94.828995,43.316994,6.311112273427909,-119.35731206125567,48.89259691629195,0.7062006812623777,0.12800012348001177,-9.825668663337344e-18,-0.6963451487399445
22.8867084980011,0,0,0,0,0,0,0,0,0,1,0.0,0.0,0.0,0.0,0.0,0.0,-0.3065,0,0,0,0,0,0,0,0,0,1
23.006807327270508,8.524222858447551,-81.66867099755663,39.85578379672045,9.420041440708786,-79.16073729965848,55.43175870264943,-0.7050999689596333,-0.03129999862209122,-2.4487328762277817e-18,0.7084167868277693,0.0,0.0,0.0,0.0,0.0,0.0,-0.3065,9.1551647,-94.828995,43.316994,6.313652493736214,-119.36578975334156,48.86223779875401,0.7062021670213869,0.12800039277646208,-9.825647991387552e-18,-0.6963435924479872
23.08643412590027,0,0,0,0,0,0,0,0,0,1,0.0,0.0,0.0,0.0,0.0,0.0,-0.3065,0,0,0,0,0,0,0,0,0,1
23.135687828063965,8.524534631226595,-81.65756772250042,39.853978094689644,9.439573641845584,-79.12960106093968,55.55645444338342,-0.7049997777150755,-0.03139999009965017,4.8968071207422625e-18,0.7085120704994629,0.0,0.0,0.0,0.0,0.0,0.0,-0.3065,9.1551647,-94.828995,43.316994,6.293910719991089,-119.32562701592165,48.89219137771104,0.7061021673824854,0.1280003928975473,1.9654079039665452e-17,-0.6964449932592165
23.191797494888306,0,0,0,0,0,0,0,0,0,1,0.0,0.0,0.0,0.0,0.0,0.0,-0.3065,0,0,0,0,0,0,0,0,0,1
23.254607439041138,8.524665301197945,-81.65291412625656,39.8532212902202,9.448066059631174,-79.12155906954428,55.577976646211,-0.7048997731644212,-0.031499989863355456,0.0,0.7086071269972919,0.0,0.0,0.0,0.0,0.0,0.0,-0.3065,9.1551647,-94.828995,43.316994,6.273844999377133,-119.31432135238374,48.900530971718624,0.7060019020984211,0.12810034512578997,-2.9485305421768847e-17,-0.6965282591625878
23.382907390594482,8.524795340121555,-81.64828300374076,39.85246814060539,9.471266279789432,-79.12194132840749,55.55037947855254,-0.7048997731644212,-0.031499989863355456,0.0,0.7086071269972919,0.0,0.0,0.0,0.0,0.0,0.0,-0.3065,9.1551647,-94.828995,43.316994,6.266487525562098,-119.32187420126138,48.86908543065327,0.7061018999222486,0.12810034468211312,5.896225945295965e-17,-0.6964268867716946
23.468066453933716,8.524332013102253,-81.66478363394997,39.855151603036745,9.528652888955662,-79.13792464981393,55.566232255130146,-0.7049997777150755,-0.03139999009965017,4.8968071207422625e-18,0.7085120704994629,0.0,0.0,0.0,0.0,0.0,0.0,-0.3065,9.1551647,-94.828995,43.316994,6.315975996178821,-119.32649841730263,48.87451754829034,0.7061021673824854,0.1280003928975473,1.9654079039665452e-17,-0.6964449932592165
23.504998207092285,0,0,0,0,0,0,0,0,0,1,0.0,0.0,0.0,0.0,0.0,0.0,-0.3065,0,0,0,0,0,0,0,0,0,1
23.58989453315735,8.524421434554219,-81.66159903592265,39.85463369862601,9.503769914835004,-79.14264952723954,55.51276719053445,-0.7049997777150755,-0.03139999009965017,4.8968071207422625e-18,0.7085120704994629,0.0,0.0,0.0,0.0,0.0,0.0,-0.3065,9.1551647,-94.828995,43.316994,6.32587369030216,-119.32742326051088,48.87560397181776,0.7061021673824854,0.1280003928975473,1.9654079039665452e-17,-0.6964449932592165
23.63089418411255,0,0,0,0,0,0,0,0,0,1,0.0,0.0,0.0,0.0,0.0,0.0,-0.3065,0,0,0,0,0,0,0,0,0,1
23.758647203445435,8.52395396304391,-81.67824726536664,39.8573411648073,9.509398165443457,-79.15498691764024,55.5430345259505,-0.7049997681901409,-0.03129998970829986,0.0,0.7085165047450258,0.0,0.0,0.0,0.0,0.0,0.0,-0.3065,9.1551647,-94.828995,43.316994,6.32587369030216,-119.32742326051088,48.87560397181776,0.7062009526359544,0.12790017253205688,9.825664887603487e-18,-0.6963632388074064
23.8287570476532,0,0,0,0,0,0,0,0,0,1,0.0,0.0,0.0,0.0,0.0,0.0,-0.3065,0,0,0,0,0,0,0,0,0,1
23.883779525756836,8.523648227899095,-81.68913552000397,39.859111898524255,9.497500915746343,-79.16449633658894,55.55128233783622,-0.7049997681901409,-0.03129998970829986,0.0,0.7085165047450258,0.0,0.0,0.0,0.0,0.0,0.0,-0.3065,9.1551647,-94.828995,43.316994,6.306348634422704,-119.3350295512158,48.86291868370053,0.7062009526359544,0.12790017253205688,9.825664887603487e-18,-0.6963632388074064
23.959720611572266,0,0,0,0,0,0,0,0,0,1,0.0,0.0,0.0,0.0,0.0,0.0,-0.3065,0,0,0,0,0,0,0,0,0,1
24.004333972930908,8.523417954350542,-81.69733633392882,39.86044557946824,9.454498162084008,-79.18579433932311,55.4646962058231,-0.7050997747459201,-0.031199990032722617,2.448716958864549e-18,0.7084213917402625,0.0,0.0,0.0,0.0,0.0,0.0,-0.3065,9.1551647,-94.828995,43.316994,6.277736881521662,-119.37007893007669,48.817609648868654,0.7062021670213869,0.12800039277646208,-9.825647991387552e-18,-0.6963435924479872
24.128813982009888,8.523854359466705,-81.68179448304765,39.85791804128185,9.474887829566711,-79.16824292897903,55.477970596764976,-0.7050997747459201,-0.031199990032722617,2.448716958864549e-18,0.7084213917402625,0.0,0.0,0.0,0.0,0.0,0.0,-0.3065,9.1551647,-94.828995,43.316994,6.316786993280573,-119.35486634866686,48.84298022510312,0.7062024359941957,0.12790044118331578,-3.9302576996289253e-17,-0.6963616851471489
24.21823763847351,8.523337717215535,-81.70019384760411,39.86091029084578,9.448553109864122,-79.1787840747905,55.52482533807433,-0.7050997836783869,-0.031299990397296154,-2.448732237522345e-18,0.708416971604874,0.0,0.0,0.0,0.0,0.0,0.0,-0.3065,9.1551647,-94.828995,43.316994,6.28255413502842,-119.35404838911316,48.87941430747195,0.7062024359941957,0.12790044118331578,-3.9302576996289253e-17,-0.6963616851471489
24.26490044593811,0,0,0,0,0,0,0,0,0,1,0.0,0.0,0.0,0.0,0.0,0.0,-0.3065,0,0,0,0,0,0,0,0,0,1
24.326334714889526,0,0,0,0,0,0,0,0,0,1,0.0,0.0,0.0,0.0,0.0,0.0,-0.3065,0,0,0,0,0,0,0,0,0,1
24.44564914703369,8.522951113887972,-81.71396208964478,39.8631493907949,9.445418610319791,-79.1897074794652,55.54408291172522,-0.7050997925839062,-0.03139999076320331,-2.448747565168557e-18,0.7084125373524973,0.0,0.0,0.0,0.0,0.0,0.0,-0.3065,9.1551647,-94.828995,43.316994,6.281959855792394,-119.37344948587375,48.868312763584896,0.7062021670213869,0.12800039277646208,-9.825647991387552e-18,-0.6963435924479872
24.568976640701294,8.523323757359826,-81.70069100491898,39.86099114248356,9.442330580019615,-79.18584778115039,55.48345645877122,-0.7050997747459201,-0.031199990032722617,2.448716958864549e-18,0.7084213917402625,0.0,0.0,0.0,0.0,0.0,0.0,-0.3065,9.1551647,-94.828995,43.316994,6.2955327141945645,-119.38236287865013,48.82911673133661,0.7063009401941353,0.12790017025460837,-2.947282174932398e-17,-0.6962618245528923
24.632493019104004,8.523841030658739,-81.68226916663447,39.857995238064994,9.453957497349506,-79.16688238508029,55.485721087947915,-0.7050999606551401,-0.031199998259027622,0.0,0.7084212063403781,0.0,0.0,0.0,0.0,0.0,0.0,-0.3065,9.1551647,-94.828995,43.316994,6.28790490801228,-119.38045975040635,48.80818363133367,0.7063006661940685,0.12800012073175812,0.0,-0.6962437346407293
24.715867042541504,0,0,0,0,0,0,0,0,0,1,0.0,0.0,0.0,0.0,0.0,0.0,-0.3065,0,0,0,0,0,0,0,0,0,1
24.76096820831299,8.524538775717604,-81.65742012326561,39.8539540909397,9.491332000403332,-79.1332469919454,55.542039884544955,-0.7049997681901409,-0.03129998970829986,0.0,0.7085165047450258,0.0,0.0,0.0,0.0,0.0,0.0,-0.3065,9.1551647,-94.828995,43.316994,6.287958522513833,-119.34214669940295,48.84031005734552,0.7062006812623777,0.12800012348001177,-9.825668663337344e-18,-0.6963451487399445
24.813422203063965,0,0,0,0,0,0,0,0,0,1,0.0,0.0,0.0,0.0,0.0,0.0,-0.3065,0,0,0,0,0,0,0,0,0,1
24.9734787940979,8.524402699159763,-81.66226626620032,39.85474220886837,9.460496828805418,-79.1544915528523,55.43669349958374,-0.7050999606551401,-0.031199998259027622,0.0,0.7084212063403781,0.0,0.0,0.0,0.0,0.0,0.0,-0.3065,9.1551647,-94.828995,43.316994,6.305754355186679,-119.35443064797637,48.85181713981348,0.7062009526359544,0.12790017253205688,9.825664887603487e-18,-0.6963632388074064
25.06285834312439,8.524244740524738,-81.66789170334582,39.85565706175875,9.424851548958145,-79.16823670670884,55.38155290863597,-0.705099765787035,-0.0310999896695175,0.0,0.7084257977583992,0.0,0.0,0.0,0.0,0.0,0.0,-0.3065,9.1551647,-94.828995,43.316994,6.30289018800957,-119.37481002977249,48.86056227240196,0.7062021670213869,0.12800039277646208,-9.825647991387552e-18,-0.6963435924479872
25.13947081565857,8.524002767024234,-81.6765091918278,39.85705850560064,9.436431997043854,-79.16405441362826,55.463701564417555,-0.7049997681901409,-0.03129998970829986,0.0,0.7085165047450258,0.0,0.0,0.0,0.0,0.0,0.0,-0.3065,9.1551647,-94.828995,43.316994,6.274332049610081,-119.37154635762997,48.84737966358195,0.7062021670213869,0.12800039277646208,-9.825647991387552e-18,-0.6963435924479872
25.22005867958069,8.524516893640417,-81.65819941747642,39.854080825901406,9.486521892153974,-79.12574758489504,55.59224567855842,-0.704899763044051,-0.031399989444720104,2.4480597499614364e-18,0.708611575352331,0.0,0.0,0.0,0.0,0.0,0.0,-0.3065,9.1551647,-94.828995,43.316994,6.264217637621044,-119.32285248629691,48.8889321071288,0.7061024337294168,0.12790044083556495,-9.827035813002536e-18,-0.6964630861111468
25.257594347000122,0,0,0,0,0,0,0,0,0,1,0.0,0.0,0.0,0.0,0.0,0.0,-0.3065,0,0,0,0,0,0,0,0,0,1
25.39167857170105,8.52495329875658,-81.64265756659526,39.851553287715014,9.506911559636706,-79.10819617455095,55.6055200695003,-0.7047997593235141,-0.03149998924331825,4.895462994850477e-18,0.7087066035639767,0.0,0.0,0.0,0.0,0.0,0.0,-0.3065,9.1551647,-94.828995,43.316994,6.265676528460347,-119.29350626989715,48.900622753840494,0.7060024306553738,0.12790044034110812,-4.914213891208515e-17,-0.6965644588042479
25.46553945541382,0,0,0,0,0,0,0,0,0,1,0.0,0.0,0.0,0.0,0.0,0.0,-0.3065,0,0,0,0,0,0,0,0,0,1
25.507811307907104,8.524831182054449,-81.6470065522151,39.8522605540059,9.482298917883298,-79.12237702909798,55.541542563842185,-0.7048997731644212,-0.031499989863355456,0.0,0.7086071269972919,0.0,0.0,0.0,0.0,0.0,0.0,-0.3065,9.1551647,-94.828995,43.316994,6.268811028004677,-119.28258286522245,48.881365180189604,0.7060021669325663,0.12800039287162676,-9.82843145376634e-18,-0.6965463658014662
25.56656575202942,0,0,0,0,0,0,0,0,0,1,0.0,0.0,0.0,0.0,0.0,0.0,-0.3065,0,0,0,0,0,0,0,0,0,1
25.63939666748047,8.524322462024756,-81.66512377987561,39.85520692024591,9.454551776585532,-79.1474812883197,55.49682263183496,-0.7049997777150755,-0.03139999009965017,4.8968071207422625e-18,0.7085120704994629,0.0,0.0,0.0,0.0,0.0,0.0,-0.3065,9.1551647,-94.828995,43.316994,6.277520163655964,-119.32230990195187,48.86024851594292,0.7061021673824854,0.1280003928975473,1.9654079039665452e-17,-0.6964449932592165
25.763418436050415,8.52447438302555,-81.65971336314901,39.8543270356694,9.48256210499315,-79.15536295423328,55.41901967016304,-0.7050999606551401,-0.031199998259027622,0.0,0.7084212063403781,0.0,0.0,0.0,0.0,0.0,0.0,-0.3065,9.1551647,-94.828995,43.316994,6.297856216637172,-119.3430715426112,48.84139648087293,0.7062009526359544,0.12790017253205688,9.825664887603487e-18,-0.6963632388074064
25.83645725250244,0,0,0,0,0,0,0,0,0,1,0.0,0.0,0.0,0.0,0.0,0.0,-0.3065,0,0,0,0,0,0,0,0,0,1
25.88643980026245,8.52441602796773,-81.6617915826135,39.85466501208523,9.481427161022623,-79.15585209675105,55.42894300840079,-0.7050999523222423,-0.031099997897066713,2.448702372182209e-18,0.7084256117377281,0.0,0.0,0.0,0.0,0.0,0.0,-0.3065,9.1551647,-94.828995,43.316994,6.310888410304813,-119.33307298114474,48.823225330749466,0.7062009526359544,0.12790017253205688,9.825664887603487e-18,-0.6963632388074064
25.942859888076782,0,0,0,0,0,0,0,0,0,1,0.0,0.0,0.0,0.0,0.0,0.0,-0.3065,0,0,0,0,0,0,0,0,0,1
26.009526252746582,8.52449752719822,-81.65888912148213,39.85419299099841,9.457956608497113,-79.14601386076642,55.46705261712167,-0.7049997681901409,-0.03129998970829986,0.0,0.7085165047450258,0.0,0.0,0.0,0.0,0.0,0.0,-0.3065,9.1551647,-94.828995,43.316994,6.296721272666645,-119.34356068512895,48.8513198191107,0.7062006812623777,0.12800012348001177,-9.825668663337344e-18,-0.6963451487399445
26.132372617721558,8.523926674380235,-81.6792191062683,39.85749921322823,9.482245303381745,-79.16069008010139,55.50941613783033,-0.7049997872145043,-0.03149999049256296,-7.345256797989458e-18,0.7085076221371738,0.0,0.0,0.0,0.0,0.0,0.0,-0.3065,9.1551647,-94.828995,43.316994,6.283959411366197,-119.36301522371681,48.858978528171775,0.7062018969333039,0.12810034409113027,6.877956224456013e-17,-0.6963254861137407
26.21634531021118,8.523472531677891,-81.69539265212549,39.860129482626384,9.508803886207431,-79.17438801440083,55.53193298206345,-0.7049997872145043,-0.03149999049256296,-7.345256797989458e-18,0.7085076221371738,0.0,0.0,0.0,0.0,0.0,0.0,-0.3065,9.1551647,-94.828995,43.316994,6.28282446739567,-119.36350436623458,48.86890186640954,0.7062018969333039,0.12810034409113027,6.877956224456013e-17,-0.6963254861137407
26.25688672065735,0,0,0,0,0,0,0,0,0,1,0.0,0.0,0.0,0.0,0.0,0.0,-0.3065,0,0,0,0,0,0,0,0,0,1
26.310067176818848,0,0,0,0,0,0,0,0,0,1,0.0,0.0,0.0,0.0,0.0,0.0,-0.3065,0,0,0,0,0,0,0,0,0,1
26.37963604927063,8.522982547042654,-81.71284264950832,39.86296733862403,9.52432983093928,-79.18765024800979,55.56328674100694,-0.7050997925839062,-0.03139999076320331,-2.448747565168557e-18,0.7084125373524973,0.0,0.0,0.0,0.0,0.0,0.0,-0.3065,9.1551647,-94.828995,43.316994,6.320145355947972,-119.36818202410309,48.89309423699472,0.7062021670213869,0.12800039277646208,-9.825647991387552e-18,-0.6963435924479872
26.50435996055603,8.52328413769646,-81.70210199410579,39.86122060865703,9.484468722078645,-79.17449489805537,55.569453487959684,-0.7049997872145043,-0.03149999049256296,-7.345256797989458e-18,0.7085076221371738,0.0,0.0,0.0,0.0,0.0,0.0,-0.3065,9.1551647,-94.828995,43.316994,6.309977329457382,-119.35780120377343,48.90252025452971,0.7062006812623777,0.12800012348001177,-9.825668663337344e-18,-0.6963451487399445
26.587150812149048,0,0,0,0,0,0,0,0,0,1,0.0,0.0,0.0,0.0,0.0,0.0,-0.3065,0,0,0,0,0,0,0,0,0,1
26.63286590576172,8.523868319322412,-81.6812973257328,39.857837189644066,9.481110359411218,-79.16117922261915,55.51933947606809,-0.7049997872145043,-0.03149999049256296,-7.345256797989458e-18,0.7085076221371738,0.0,0.0,0.0,0.0,0.0,0.0,-0.3065,9.1551647,-94.828995,43.316994,6.302079190907847,-119.34644209840825,48.89209959558917,0.7061021673824854,0.1280003928975473,1.9654079039665452e-17,-0.6964449932592165
26.69033908843994,0,0,0,0,0,0,0,0,0,1,0.0,0.0,0.0,0.0,0.0,0.0,-0.3065,0,0,0,0,0,0,0,0,0,1
26.75605273246765,8.523400847812104,-81.6979455551768,39.860544655825365,9.4867386100197,-79.17351661301986,55.54960681148415,-0.7049997872145043,-0.03149999049256296,-7.345256797989458e-18,0.7085076221371738,0.0,0.0,0.0,0.0,0.0,0.0,-0.3065,9.1551647,-94.828995,43.316994,6.300079635334015,-119.35687636056518,48.901433831002294,0.7061021673824854,0.1280003928975473,1.9654079039665452e-17,-0.6964449932592165
26.89332914352417,8.523220376052151,-81.70437276026115,39.86158989853208,9.460991024295765,-79.18818661008464,55.49555264406381,-0.7050997925839062,-0.03139999076320331,-2.448747565168557e-18,0.7084125373524973,0.0,0.0,0.0,0.0,0.0,0.0,-0.3065,9.1551647,-94.828995,43.316994,6.300890632435767,-119.38524429192942,48.869896507815085,0.7062021670213869,0.12800039277646208,-9.825647991387552e-18,-0.6963435924479872
26.96218228340149,8.524169278928479,-81.6705791440583,39.8560941145317,9.45595705292331,-79.15644812292335,55.47638685253479,-0.7049997681901409,-0.03129998970829986,0.0,0.7085165047450258,0.0,0.0,0.0,0.0,0.0,0.0,-0.3065,9.1551647,-94.828995,43.316994,6.316463046411769,-119.38372342254885,48.82136624015367,0.7063009401941353,0.12790017025460837,-2.947282174932398e-17,-0.6962618245528923
27.007399797439575,0,0,0,0,0,0,0,0,0,1,0.0,0.0,0.0,0.0,0.0,0.0,-0.3065,0,0,0,0,0,0,0,0,0,1
27.060633182525635,0,0,0,0,0,0,0,0,0,1,0.0,0.0,0.0,0.0,0.0,0.0,-0.3065,0,0,0,0,0,0,0,0,0,1
27.129875659942627,8.524408105746252,-81.66207371950945,39.85471089540915,9.482839582617771,-79.1412889833408,55.52051768171738,-0.7049997777150755,-0.03139999009965017,4.8968071207422625e-18,0.7085120704994629,0.0,0.0,0.0,0.0,0.0,0.0,-0.3065,9.1551647,-94.828995,43.316994,6.323550187859553,-119.36671459654981,48.86332422228143,0.7062009526359544,0.12790017253205688,9.825664887603487e-18,-0.6963632388074064
27.259360790252686,8.523701807418169,-81.6872273735023,39.858801580713,9.461585303531791,-79.16878551332405,55.50665418795086,-0.7049997681901409,-0.03129998970829986,0.0,0.7085165047450258,0.0,0.0,0.0,0.0,0.0,0.0,-0.3065,9.1551647,-94.828995,43.316994,6.292722161519009,-119.36442920944282,48.86998828993695,0.7062006812623777,0.12800012348001177,-9.825668663337344e-18,-0.6963451487399445
27.33567786216736,8.523876872591632,-81.68099271510881,39.85778765146551,9.464990135443372,-79.16731808577077,55.476884173237565,-0.7049997777150755,-0.03139999009965017,4.8968071207422625e-18,0.7085120704994629,0.0,0.0,0.0,0.0,0.0,0.0,-0.3065,9.1551647,-94.828995,43.316994,6.287093910910556,-119.35209181904212,48.839720954520885,0.7062004087720412,0.12810007414853933,-4.9128362273060355e-17,-0.6963270450394274
27.374953508377075,0,0,0,0,0,0,0,0,0,1,0.0,0.0,0.0,0.0,0.0,0.0,-0.3065,0,0,0,0,0,0,0,0,0,1
27.461708784103394,8.523503598072038,-81.69428627356267,39.859949554631484,9.482785968116247,-79.17960203434421,55.48839125570552,-0.7049997681901409,-0.03129998970829986,0.0,0.7085165047450258,0.0,0.0,0.0,0.0,0.0,0.0,-0.3065,9.1551647,-94.828995,43.316994,6.314787437706741,-119.3653006108238,48.85231446051625,0.7062006812623777,0.12800012348001177,-9.825668663337344e-18,-0.6963451487399445
27.502702713012695,0,0,0,0,0,0,0,0,0,1,0.0,0.0,0.0,0.0,0.0,0.0,-0.3065,0,0,0,0,0,0,0,0,0,1
27.627925872802734,8.523971069582347,-81.67763804411865,39.857242088450185,9.477157717507765,-79.1672646439435,55.45812392028945,-0.7049997681901409,-0.03129998970829986,0.0,0.7085165047450258,0.0,0.0,0.0,0.0,0.0,0.0,-0.3065,9.1551647,-94.828995,43.316994,6.315057770073992,-119.37475658794521,48.84180201945384,0.7062021670213869,0.12800039277646208,-9.825647991387552e-18,-0.6963435924479872
27.709556102752686,0,0,0,0,0,0,0,0,0,1,0.0,0.0,0.0,0.0,0.0,0.0,-0.3065,0,0,0,0,0,0,0,0,0,1
27.752822875976562,8.524205120861373,-81.66930269253264,39.85588652793221,9.466989691017176,-79.15688382361384,55.467549937824444,-0.7049997681901409,-0.03129998970829986,0.0,0.7085165047450258,0.0,0.0,0.0,0.0,0.0,0.0,-0.3065,9.1551647,-94.828995,43.316994,6.282283802661198,-119.34459241199175,48.88992674853435,0.7061021673824854,0.1280003928975473,1.9654079039665452e-17,-0.6964449932592165
27.814400911331177,0,0,0,0,0,0,0,0,0,1,0.0,0.0,0.0,0.0,0.0,0.0,-0.3065,0,0,0,0,0,0,0,0,0,1
27.880425453186035,8.524155950120512,-81.67105382764512,39.85617131131485,9.435026720706077,-79.15508757902462,55.484137343717734,-0.7049997777150755,-0.03139999009965017,4.8968071207422625e-18,0.7085120704994629,0.0,0.0,0.0,0.0,0.0,0.0,-0.3065,9.1551647,-94.828995,43.316994,6.268116665022944,-119.35508011597597,48.918021236895584,0.7061021673824854,0.1280003928975473,1.9654079039665452e-17,-0.6964449932592165
28.00143551826477,8.523994213755016,-81.67681380245179,39.8571080437792,9.452552221011729,-79.15791555047664,55.50615686724808,-0.7049997681901409,-0.03129998970829986,0.0,0.7085165047450258,0.0,0.0,0.0,0.0,0.0,0.0,-0.3065,9.1551647,-94.828995,43.316994,6.299485356097989,-119.37627745732577,48.89033228711525,0.7062024359941957,0.12790044118331578,-3.9302576996289253e-17,-0.6963616851471489
28.06272268295288,0,0,0,0,0,0,0,0,0,1,0.0,0.0,0.0,0.0,0.0,0.0,-0.3065,0,0,0,0,0,0,0,0,0,1
28.133018255233765,8.523315204090608,-81.70099561554296,39.86104068066212,9.45845080398746,-79.17970891799875,55.52591176160175,-0.7050997836783869,-0.031299990397296154,-2.448732237522345e-18,0.708416971604874,0.0,0.0,0.0,0.0,0.0,0.0,-0.3065,9.1551647,-94.828995,43.316994,6.281959855792394,-119.37344948587375,48.868312763584896,0.7062021670213869,0.12800039277646208,-9.825647991387552e-18,-0.6963435924479872
28.189305305480957,0,0,0,0,0,0,0,0,0,1,0.0,0.0,0.0,0.0,0.0,0.0,-0.3065,0,0,0,0,0,0,0,0,0,1
28.25334119796753,8.523535295513925,-81.69315742127179,39.85976597178194,9.442060247652364,-79.17639180402897,55.493968899833625,-0.7050997925839062,-0.03139999076320331,-2.448747565168557e-18,0.7084125373524973,0.0,0.0,0.0,0.0,0.0,0.0,-0.3065,9.1551647,-94.828995,43.316994,6.275466993580608,-119.37105721511222,48.83745632534418,0.7062018969333039,0.12810034409113027,6.877956224456013e-17,-0.6963254861137407
28.381667613983154,8.524241593842008,-81.66800376727896,39.85567528647809,9.463314526738344,-79.14889527404571,55.50783239360014,-0.7049997777150755,-0.03139999009965017,4.8968071207422625e-18,0.7085120704994629,0.0,0.0,0.0,0.0,0.0,0.0,-0.3065,9.1551647,-94.828995,43.316994,6.2862292993072515,-119.36203693868129,48.83913185169624,0.7062018969333039,0.12810034409113027,6.877956224456013e-17,-0.6963254861137407
28.458110809326172,0,0,0,0,0,0,0,0,0,1,0.0,0.0,0.0,0.0,0.0,0.0,-0.3065,0,0,0,0,0,0,0,0,0,1
28.505943536758423,8.52422448730357,-81.66861298852693,39.855774362835206,9.495554974674064,-79.13661754774246,55.5927429992612,-0.704899763044051,-0.031399989444720104,2.4480597499614364e-18,0.708611575352331,0.0,0.0,0.0,0.0,0.0,0.0,-0.3065,9.1551647,-94.828995,43.316994,6.292775776020562,-119.32611615843942,48.90211471594881,0.7061024337294168,0.12790044083556495,-9.827035813002536e-18,-0.6964630861111468
28.56079936027527,0,0,0,0,0,0,0,0,0,1,0.0,0.0,0.0,0.0,0.0,0.0,-0.3065,0,0,0,0,0,0,0,0,0,1
28.62781834602356,8.52389623903383,-81.6803030111031,39.8576754863685,9.493555419100261,-79.1470518098994,55.602077234674326,-0.7048997731644212,-0.031499989863355456,0.0,0.7086071269972919,0.0,0.0,0.0,0.0,0.0,0.0,-0.3065,9.1551647,-94.828995,43.316994,6.290505888079508,-119.32709444347495,48.921961392424336,0.706100964254616,0.12790017466104714,1.9654112528318546e-17,-0.6964646248018451
28.750632524490356,8.52442206560196,-81.66157656219461,39.854630043771365,9.489062112462278,-79.13422527698093,55.561886561020486,-0.704899763044051,-0.031399989444720104,2.4480597499614364e-18,0.708611575352331,0.0,0.0,0.0,0.0,0.0,0.0,-0.3065,9.1551647,-94.828995,43.316994,6.292181496784536,-119.34551725520001,48.89101317206176,0.7061024337294168,0.12790044083556495,-9.827035813002536e-18,-0.6964630861111468
28.815741777420044,0,0,0,0,0,0,0,0,0,1,0.0,0.0,0.0,0.0,0.0,0.0,-0.3065,0,0,0,0,0,0,0,0,0,1
28.87528371810913,8.524286620091862,-81.66640023140127,39.8554145068454,9.443519138491666,-79.14704558762921,55.50565954654532,-0.7049997681901409,-0.03129998970829986,0.0,0.7085165047450258,0.0,0.0,0.0,0.0,0.0,0.0,-0.3065,9.1551647,-94.828995,43.316994,6.272062161669027,-119.3725246426655,48.86722634005748,0.7062021670213869,0.12800039277646208,-9.825647991387552e-18,-0.6963435924479872
28.959700345993042,0,0,0,0,0,0,0,0,0,1,0.0,0.0,0.0,0.0,0.0,0.0,-0.3065,0,0,0,0,0,0,0,0,0,1
29.005375862121582,8.523827701850772,-81.68274385022129,39.85807243484814,9.433027165132273,-79.16552184118154,55.49347157913085,-0.7050999689596333,-0.03129999862209122,-2.4487328762277817e-18,0.7084167868277693,0.0,0.0,0.0,0.0,0.0,0.0,-0.3065,9.1551647,-94.828995,43.316994,6.2686573297574455,-119.37399207021878,48.89699635477077,0.7062024359941957,0.12790044118331578,-3.9302576996289253e-17,-0.6963616851471489
29.12718892097473,8.523540071052672,-81.69298734830898,39.85973831317735,9.479110803837415,-79.17161348477609,55.52867371148122,-0.7049997777150755,-0.03139999009965017,4.8968071207422625e-18,0.7085120704994629,0.0,0.0,0.0,0.0,0.0,0.0,-0.3065,9.1551647,-94.828995,43.316994,6.299809302966793,-119.34742038344378,48.9119462720647,0.7062009526359544,0.12790017253205688,9.825664887603487e-18,-0.6963632388074064
29.22087574005127,8.523589872841274,-81.69121373946845,39.85944987494008,9.496365971775816,-79.16498547910669,55.56120567607398,-0.7049997777150755,-0.03139999009965017,4.8968071207422625e-18,0.7085120704994629,0.0,0.0,0.0,0.0,0.0,0.0,-0.3065,9.1551647,-94.828995,43.316994,6.295315996328867,-119.33459385052531,48.87175559841087,0.7061024337294168,0.12790044083556495,-9.827035813002536e-18,-0.6964630861111468
29.324233531951904,0,0,0,0,0,0,0,0,0,1,0.0,0.0,0.0,0.0,0.0,0.0,-0.3065,0,0,0,0,0,0,0,0,0,1
29.38551640510559,8.523895607986088,-81.68032548483113,39.85767914122314,9.50826322147293,-79.15547606015801,55.55295786418827,-0.7049997872145043,-0.03149999049256296,-7.345256797989458e-18,0.7085076221371738,0.0,0.0,0.0,0.0,0.0,0.0,-0.3065,9.1551647,-94.828995,43.316994,6.2944513847255905,-119.34453897016448,48.87116649558623,0.7061021673824854,0.1280003928975473,1.9654079039665452e-17,-0.6964449932592165
29.442545652389526,0,0,0,0,0,0,0,0,0,1,0.0,0.0,0.0,0.0,0.0,0.0,-0.3065,0,0,0,0,0,0,0,0,0,1
29.56715703010559,8.524461685265326,-81.66016557300779,39.8544005775979,9.446923970403247,-79.14557816007593,55.475889531832024,-0.7049997681901409,-0.03129998970829986,0.0,0.7085165047450258,0.0,0.0,0.0,0.0,0.0,0.0,-0.3065,9.1551647,-94.828995,43.316994,6.276061272816662,-119.35165611835163,48.84855786923123,0.7062004087720412,0.12810007414853933,-4.9128362273060355e-17,-0.6963270450394274
29.633666276931763,8.523796635456625,-81.68385022878412,39.85825236284304,9.459045083223486,-79.16030782123818,55.53701330548879,-0.7049997777150755,-0.03139999009965017,4.8968071207422625e-18,0.7085120704994629,0.0,0.0,0.0,0.0,0.0,0.0,-0.3065,9.1551647,-94.828995,43.316994,6.28255413502842,-119.35404838911316,48.87941430747195,0.7061021673824854,0.1280003928975473,1.9654079039665452e-17,-0.6964449932592165
29.71582007408142,0,0,0,0,0,0,0,0,0,1,0.0,0.0,0.0,0.0,0.0,0.0,-0.3065,0,0,0,0,0,0,0,0,0,1
29.764655590057373,8.52363553013887,-81.68958772986275,39.859185440452755,9.461862781156412,-79.15471154243158,55.6081521995052,-0.7049997872145043,-0.03149999049256296,-7.345256797989458e-18,0.7085076221371738,0.0,0.0,0.0,0.0,0.0,0.0,-0.3065,9.1551647,-94.828995,43.316994,6.280284247087366,-119.35502667414869,48.89926098394747,0.7062006812623777,0.12800012348001177,-9.825668663337344e-18,-0.6963451487399445
29.81764316558838,0,0,0,0,0,0,0,0,0,1,0.0,0.0,0.0,0.0,0.0,0.0,-0.3065,0,0,0,0,0,0,0,0,0,1
29.93804955482483,8.52385939929266,-81.68161499793042,39.857888851998595,9.39230144466839,-79.16231161086631,55.49904922325896,-0.7050999689596333,-0.03129999862209122,-2.4487328762277817e-18,0.7084167868277693,0.0,0.0,0.0,0.0,0.0,0.0,-0.3065,9.1551647,-94.828995,43.316994,6.263569743883465,-119.3805666340609,48.845704137229895,0.7063009401941353,0.12790017025460837,-2.947282174932398e-17,-0.6962618245528923
30.002630472183228,8.523827701850772,-81.68274385022129,39.85807243484814,9.433027165132273,-79.16552184118154,55.49347157913085,-0.7050999689596333,-0.03129999862209122,-2.4487328762277817e-18,0.7084167868277693,0.0,0.0,0.0,0.0,0.0,0.0,-0.3065,9.1551647,-94.828995,43.316994,6.2658396318245195,-119.37958834902537,48.825857460754364,0.7062024359941957,0.12790044118331578,-3.9302576996289253e-17,-0.6963616851471489
30.081682443618774,0,0,0,0,0,0,0,0,0,1,0.0,0.0,0.0,0.0,0.0,0.0,-0.3065,0,0,0,0,0,0,0,0,0,1
30.1303231716156,8.523540071052672,-81.69298734830898,39.85973831317735,9.479110803837415,-79.17161348477609,55.52867371148122,-0.7049997777150755,-0.03139999009965017,4.8968071207422625e-18,0.7085120704994629,0.0,0.0,0.0,0.0,0.0,0.0,-0.3065,9.1551647,-94.828995,43.316994,6.283418746631725,-119.34410326947399,48.88000341029658,0.7061021673824854,0.1280003928975473,1.9654079039665452e-17,-0.6964449932592165
30.20673704147339,0,0,0,0,0,0,0,0,0,1,0.0,0.0,0.0,0.0,0.0,0.0,-0.3065,0,0,0,0,0,0,0,0,0,1
30.33914875984192,8.523396072273355,-81.69811562813962,39.860572314429945,9.449688053834649,-79.17829493227273,55.51490199983657,-0.7050997836783869,-0.031299990397296154,-2.448732237522345e-18,0.708416971604874,0.0,0.0,0.0,0.0,0.0,0.0,-0.3065,9.1551647,-94.828995,43.316994,6.30289018800957,-119.37481002977249,48.86056227240196,0.7062021670213869,0.12800039277646208,-9.825647991387552e-18,-0.6963435924479872
30.380754470825195,0,0,0,0,0,0,0,0,0,1,0.0,0.0,0.0,0.0,0.0,0.0,-0.3065,0,0,0,0,0,0,0,0,0,1
30.437867641448975,0,0,0,0,0,0,0,0,0,1,0.0,0.0,0.0,0.0,0.0,0.0,-0.3065,0,0,0,0,0,0,0,0,0,1
30.504569053649902,8.523787451139665,-81.68417731313613,39.85830555587624,9.48987310956403,-79.16259320834516,55.53034923783327,-0.7049997681901409,-0.03129998970829986,0.0,0.7085165047450258,0.0,0.0,0.0,0.0,0.0,0.0,-0.3065,9.1551647,-94.828995,43.316994,6.332907217248419,-119.34872748551524,48.88543552793365,0.7061024337294168,0.12790044083556495,-9.827035813002536e-18,-0.6964630861111468
30.562565565109253,0,0,0,0,0,0,0,0,0,1,0.0,0.0,0.0,0.0,0.0,0.0,-0.3065,0,0,0,0,0,0,0,0,0,1
30.722879648208618,8.523882279178121,-81.68080016841795,39.85775633800628,9.487332889255725,-79.15411551625927,55.560708355371204,-0.7049997777150755,-0.03139999009965017,4.8968071207422625e-18,0.7085120704994629,0.0,0.0,0.0,0.0,0.0,0.0,-0.3065,9.1551647,-94.828995,43.316994,6.303214134878374,-119.34595295589048,48.88217625735141,0.7061021673824854,0.1280003928975473,1.9654079039665452e-17,-0.6964449932592165
30.790701627731323,8.523701807418169,-81.6872273735023,39.858801580713,9.461585303531791,-79.16878551332405,55.50665418795086,-0.7049997681901409,-0.03129998970829986,0.0,0.7085165047450258,0.0,0.0,0.0,0.0,0.0,0.0,-0.3065,9.1551647,-94.828995,43.316994,6.28282446739567,-119.36350436623458,48.86890186640954,0.7062006812623777,0.12800012348001177,-9.825668663337344e-18,-0.6963451487399445
30.836878061294556,0,0,0,0,0,0,0,0,0,1,0.0,0.0,0.0,0.0,0.0,0.0,-0.3065,0,0,0,0,0,0,0,0,0,1
30.968481302261353,8.523620939235421,-81.69010736090563,39.859269946945176,9.470348053684603,-79.17019949905007,55.51766394971604,-0.7049997681901409,-0.03129998970829986,0.0,0.7085165047450258,0.0,0.0,0.0,0.0,0.0,0.0,-0.3065,9.1551647,-94.828995,43.316994,6.300079635334015,-119.35687636056518,48.901433831002294,0.7062006812623777,0.12800012348001177,-9.825668663337344e-18,-0.6963451487399445
31.064876794815063,8.523868950370154,-81.68127485200476,39.85783353478943,9.46640255703852,-79.15275497236053,55.568458846554144,-0.7049997777150755,-0.03139999009965017,4.8968071207422625e-18,0.7085120704994629,0.0,0.0,0.0,0.0,0.0,0.0,-0.3065,9.1551647,-94.828995,43.316994,6.279149303116839,-119.35551581666644,48.90918432218523,0.7061021673824854,0.1280003928975473,1.9654079039665452e-17,-0.6964449932592165
31.23681640625,8.523410032129064,-81.69761847082478,39.86049146279216,9.455910583679156,-79.17123122591286,55.55627087913968,-0.7049997777150755,-0.03139999009965017,4.8968071207422625e-18,0.7085120704994629,0.0,0.0,0.0,0.0,0.0,0.0,-0.3065,9.1551647,-94.828995,43.316994,6.29753941502571,-119.34839866847929,48.931792948540235,0.7061021673824854,0.1280003928975473,1.9654079039665452e-17,-0.6964449932592165
31.329252004623413,8.523648227899095,-81.68913552000397,39.859111898524255,9.497500915746343,-79.16449633658894,55.55128233783622,-0.7049997777150755,-0.03139999009965017,4.8968071207422625e-18,0.7085120704994629,0.0,0.0,0.0,0.0,0.0,0.0,-0.3065,9.1551647,-94.828995,43.316994,6.3074371091490775,-119.34932351168754,48.932879372067646,0.7061018999222486,0.12810034468211312,5.896225945295965e-17,-0.6964268867716946
31.40963840484619,8.523975845121095,-81.67746797115583,39.8572144298456,9.514208273692816,-79.16248632469062,55.492828731937045,-0.7049997777150755,-0.03139999009965017,4.8968071207422625e-18,0.7085120704994629,0.0,0.0,0.0,0.0,0.0,0.0,-0.3065,9.1551647,-94.828995,43.316994,6.3116529381624105,-119.3762240154985,48.87157203416714,0.7062018969333039,0.12810034409113027,6.877956224456013e-17,-0.6963254861137407
31.464152812957764,0,0,0,0,0,0,0,0,0,1,0.0,0.0,0.0,0.0,0.0,0.0,-0.3065,0,0,0,0,0,0,0,0,0,1
31.544992208480835,8.524181976688704,-81.67012693419952,39.8560205726032,9.491595187513212,-79.1662329170807,55.4195169908658,-0.7049997681901409,-0.03129998970829986,0.0,0.7085165047450258,0.0,0.0,0.0,0.0,0.0,0.0,-0.3065,9.1551647,-94.828995,43.316994,6.3260904081678575,-119.3751922886357,48.832965104743494,0.7062018969333039,0.12810034409113027,6.877956224456013e-17,-0.6963254861137407
31.712146997451782,8.523940634235943,-81.67872194895345,39.85741836159045,9.488467833226252,-79.1536263737415,55.55078501713344,-0.7049997777150755,-0.03139999009965017,4.8968071207422625e-18,0.7085120704994629,0.0,0.0,0.0,0.0,0.0,0.0,-0.3065,9.1551647,-94.828995,43.316994,6.27406171724283,-119.36209038050856,48.85789210464435,0.7062006812623777,0.12800012348001177,-9.825668663337344e-18,-0.6963451487399445
31.79092788696289,8.52383788397601,-81.6823812305676,39.85801346278433,9.492420475129734,-79.14754095241716,55.61200057291209,-0.7048997731644212,-0.031499989863355456,0.0,0.7086071269972919,0.0,0.0,0.0,0.0,0.0,0.0,-0.3065,9.1551647,-94.828995,43.316994,6.25372566426168,-119.34132873984925,48.87674413971434,0.7061021673824854,0.1280003928975473,1.9654079039665452e-17,-0.6964449932592165
31.842618465423584,0,0,0,0,0,0,0,0,0,1,0.0,0.0,0.0,0.0,0.0,0.0,-0.3065,0,0,0,0,0,0,0,0,0,1
31.923645496368408,8.523514411245015,-81.69390118018093,39.859886927713035,9.527471475740981,-79.1531968953212,55.6560396199728,-0.7048997731644212,-0.031499989863355456,0.0,0.7086071269972919,0.0,0.0,0.0,0.0,0.0,0.0,-0.3065,9.1551647,-94.828995,43.316994,6.303214134878374,-119.34595295589048,48.88217625735141,0.7061024337294168,0.12790044083556495,-9.827035813002536e-18,-0.6964630861111468
32.005774974823,0,0,0,0,0,0,0,0,0,1,0.0,0.0,0.0,0.0,0.0,0.0,-0.3065,0,0,0,0,0,0,0,0,0,1
32.156062602996826,8.52396314736087,-81.67792018101461,39.857287971774106,9.478570139102914,-79.15270153053325,55.54969859360603,-0.7049997681901409,-0.03129998970829986,0.0,0.7085165047450258,0.0,0.0,0.0,0.0,0.0,0.0,-0.3065,9.1551647,-94.828995,43.316994,6.310517994191883,-119.37671315801626,48.8814953724049,0.7062009526359544,0.12790017253205688,9.825664887603487e-18,-0.6963632388074064
32.20987319946289,0,0,0,0,0,0,0,0,0,1,0.0,0.0,0.0,0.0,0.0,0.0,-0.3065,0,0,0,0,0,0,0,0,0,1
32.27610921859741,8.524664039102463,-81.65295907371264,39.85322859992948,9.477481664376569,-79.1384075700615,55.479737905238906,-0.7049997681901409,-0.03129998970829986,0.0,0.7085165047450258,0.0,0.0,0.0,0.0,0.0,0.0,-0.3065,9.1551647,-94.828995,43.316994,6.306024687553901,-119.36388662509779,48.84130469875107,0.7062021670213869,0.12800039277646208,-9.825647991387552e-18,-0.6963435924479872
32.3316490650177,0,0,0,0,0,0,0,0,0,1,0.0,0.0,0.0,0.0,0.0,0.0,-0.3065,0,0,0,0,0,0,0,0,0,1
32.40860462188721,8.524421434554219,-81.66159903592265,39.85463369862601,9.503769914835004,-79.14264952723954,55.51276719053445,-0.7049997777150755,-0.03139999009965017,4.8968071207422625e-18,0.7085120704994629,0.0,0.0,0.0,0.0,0.0,0.0,-0.3065,9.1551647,-94.828995,43.316994,6.293586773122314,-119.35448408980365,48.87057739276159,0.7062006812623777,0.12800012348001177,-9.825668663337344e-18,-0.6963451487399445
32.622867584228516,8.524327237563504,-81.6649537069128,39.855179261641325,9.491602332770583,-79.14270296906682,55.53152744348255,-0.7049997777150755,-0.03139999009965017,4.8968071207422625e-18,0.7085120704994629,0.0,0.0,0.0,0.0,0.0,0.0,-0.3065,9.1551647,-94.828995,43.316994,6.282013470293947,-119.33513643487034,48.90043918959675,0.7061024337294168,0.12790044083556495,-9.827035813002536e-18,-0.6964630861111468
32.72027087211609,8.524394776938285,-81.66254840309627,39.854788092192294,9.461909250400566,-79.13992843944206,55.52826817290031,-0.7049997681901409,-0.03129998970829986,0.0,0.7085165047450258,0.0,0.0,0.0,0.0,0.0,0.0,-0.3065,9.1551647,-94.828995,43.316994,6.282878081897223,-119.32519131523117,48.9010282924214,0.7061024337294168,0.12790044083556495,-9.827035813002536e-18,-0.6964630861111468
32.84562110900879,8.524219080717081,-81.6688055352178,39.85580567629443,9.473212220861683,-79.14982011725397,55.50891881712756,-0.7049997777150755,-0.03139999009965017,4.8968071207422625e-18,0.7085120704994629,0.0,0.0,0.0,0.0,0.0,0.0,-0.3065,9.1551647,-94.828995,43.316994,6.324414799462858,-119.35676947691064,48.86391332510607,0.7062021670213869,0.12800039277646208,-9.825647991387552e-18,-0.6963435924479872
32.95991563796997,8.524402699159763,-81.66226626620032,39.85474220886837,9.460496828805418,-79.1544915528523,55.43669349958374,-0.7049997681901409,-0.03129998970829986,0.0,0.7085165047450258,0.0,0.0,0.0,0.0,0.0,0.0,-0.3065,9.1551647,-94.828995,43.316994,6.306024687553901,-119.36388662509779,48.84130469875107,0.7062018969333039,0.12810034409113027,6.877956224456013e-17,-0.6963254861137407
33.04365348815918,8.524408105746252,-81.66207371950945,39.85471089540915,9.482839582617771,-79.1412889833408,55.52051768171738,-0.704899763044051,-0.031399989444720104,2.4480597499614364e-18,0.708611575352331,0.0,0.0,0.0,0.0,0.0,0.0,-0.3065,9.1551647,-94.828995,43.316994,6.279743582352893,-119.33611471990586,48.92028586607229,0.7061006955057775,0.12800012607950645,2.9481180013299336e-17,-0.6964465345810027
33.307607889175415,8.524839735323669,-81.6467019415911,39.852211015827336,9.466178693915452,-79.1285158922496,55.49908726101166,-0.7049997777150755,-0.03139999009965017,4.8968071207422625e-18,0.7085120704994629,0.0,0.0,0.0,0.0,0.0,0.0,-0.3065,9.1551647,-94.828995,43.316994,6.29418105235834,-119.33508299304307,48.88167893664864,0.7061021673824854,0.1280003928975473,1.9654079039665452e-17,-0.6964449932592165
33.40908670425415,8.52536933962227,-81.62784095502147,39.84914369365623,9.408514607124573,-79.12660654173565,55.38173647287971,-0.7049997586402302,-0.03119998931854637,-4.896745925425659e-18,0.7085209248735987,0.0,0.0,0.0,0.0,0.0,0.0,-0.3065,9.1551647,-94.828995,43.316994,6.250907966328754,-119.34692501865584,48.80560524569793,0.7062018969333039,0.12810034409113027,6.877956224456013e-17,-0.6963254861137407
33.463531255722046,0,0,0,0,0,0,0,0,0,1,0.0,0.0,0.0,0.0,0.0,0.0,-0.3065,0,0,0,0,0,0,0,0,0,1
33.58519196510315,8.524757869332642,-81.64961746429613,39.85268516109013,9.38472010773026,-79.14562537963303,55.39823209665113,-0.7049997586402302,-0.03119998931854637,-4.896745925425659e-18,0.7085209248735987,0.0,0.0,0.0,0.0,0.0,0.0,-0.3065,9.1551647,-94.828995,43.316994,6.266163578693323,-119.35073127514337,48.84747144570382,0.7062004087720412,0.12810007414853933,-4.9128362273060355e-17,-0.6963270450394274
33.65571331977844,8.523958371822122,-81.67809025397744,39.857315630378686,9.441519582917863,-79.15747984978614,55.51499378195844,-0.7049997872145043,-0.03149999049256296,-7.345256797989458e-18,0.7085076221371738,0.0,0.0,0.0,0.0,0.0,0.0,-0.303,9.1551647,-94.828995,43.316994,6.3145242505968895,-119.3323146856885,48.9748373541954,0.7060021669325663,0.12800039287162676,-9.82843145376634e-18,-0.6965463658014662
33.83327603340149,8.523949818552902,-81.67839486460143,39.85736516855725,9.457639806885709,-79.15134098663452,55.55744908478897,-0.7049997872145043,-0.03149999049256296,-7.345256797989458e-18,0.7085076221371738,-0.022000000000000002,-0.018500000000000003,-0.006500000000000001,-0.017,-0.0015,-0.005,-0.31375000000000003,9.1551647,-94.828995,43.316994,6.308031388385132,-119.32992241492695,48.9439809159547,0.7061021673824854,0.1280003928975473,1.9654079039665452e-17,-0.6964449932592165
33.90481352806091,8.525650046007168,-81.61784405852806,39.84751791962033,9.454064726352584,-79.09025628307347,55.549973939971636,-0.7049997872145043,-0.03149999049256296,-7.345256797989458e-18,0.7085076221371738,-0.022000000000000002,-0.018500000000000003,-0.006500000000000001,-0.017,-0.0015,-0.005,-0.314,9.1551647,-94.828995,43.316994,6.295639943197642,-119.3057367766433,48.893369583360325,0.7063006661940685,0.12800012073175812,0.0,-0.6962437346407293
33.959338903427124,0,0,0,0,0,0,0,0,0,1,-0.022000000000000002,-0.018500000000000003,-0.006500000000000001,-0.017,-0.0015,-0.005,-0.314,0,0,0,0,0,0,0,0,0,1
34.03648018836975,8.526181279161788,-81.59892506292871,39.84444116356398,9.471914173526983,-79.0642271806435,55.593607448451436,-0.7049997966878945,-0.03159999088700349,-7.345303061794965e-18,0.7085031596584228,-0.022000000000000002,-0.018500000000000003,-0.006500000000000001,-0.017,-0.0015,-0.005,-0.314,9.1551647,-94.828995,43.316994,6.288606416251383,-119.28443255163896,48.883538027244434,0.7064018884675101,0.1281003424585052,-2.9468609939424183e-17,-0.6961226000005668
34.09605646133423,0,0,0,0,0,0,0,0,0,1,-0.022000000000000002,-0.018500000000000003,-0.006500000000000001,-0.017,-0.0015,-0.005,-0.314,0,0,0,0,0,0,0,0,0,1
34.270936012268066,8.525464167660726,-81.62446381030327,39.84859447578627,9.405974386816268,-79.11812884964976,55.41209559041764,-0.7051997993530568,-0.03129999109437134,0.0,0.708317410169975,-0.022000000000000002,-0.018500000000000003,-0.006500000000000001,-0.017,-0.0015,-0.005,-0.31425000000000003,9.1551647,-94.828995,43.316994,6.278384775259241,-119.3123647823127,48.86083761876756,0.7064021638165477,0.12800039208453867,2.946859845283227e-17,-0.6961407060224993
34.33337879180908,0,0,0,0,0,0,0,0,0,1,-0.022000000000000002,-0.018500000000000003,-0.006500000000000001,-0.017,-0.0015,-0.005,-0.31425000000000003,0,0,0,0,0,0,0,0,0,1
34.400012731552124,8.525797822516957,-81.61258124103627,39.84666203879376,9.430316696202425,-79.09449201798134,55.48658553713817,-0.7050998014619467,-0.03149999113040891,4.897525883608215e-18,0.7084080889833964,-0.022000000000000002,-0.018500000000000003,-0.006500000000000001,-0.017,-0.0015,-0.005,-0.31425000000000003,9.1551647,-94.828995,43.316994,6.259994663350341,-119.31948193049985,48.83822899241257,0.7064021638165477,0.12800039208453867,2.946859845283227e-17,-0.6961407060224993
34.46553826332092,0,0,0,0,0,0,0,0,0,1,-0.022000000000000002,-0.018500000000000003,-0.006500000000000001,-0.017,-0.0015,-0.005,-0.31425000000000003,0,0,0,0,0,0,0,0,0,1
34.55080842971802,8.525744242997883,-81.61448938753792,39.84697235660501,9.466232308416977,-79.0902028412462,55.53121368702352,-0.7050998014619467,-0.03149999113040891,4.897525883608215e-18,0.7084080889833964,-0.022000000000000002,-0.018500000000000003,-0.006500000000000001,-0.017,-0.0015,-0.005,-0.31425000000000003,9.1551647,-94.828995,43.316994,6.303314218624081,-119.29285680189756,48.83441865675838,0.7064018884675101,0.1281003424585052,-2.9468609939424183e-17,-0.6961226000005668
34.734297037124634,8.526000176354096,-81.60537474174109,39.84549006112533,9.460874390175746,-79.0873214279669,55.49043391054505,-0.7050997925839062,-0.03139999076320331,-2.448747565168557e-18,0.7084125373524973,-0.022000000000000002,-0.018500000000000003,-0.006500000000000001,-0.017,-0.0015,-0.005,-0.31425000000000003,9.1551647,-94.828995,43.316994,6.31634641229175,-119.28285824043112,48.81624750663491,0.7064018884675101,0.1281003424585052,-2.9468609939424183e-17,-0.6961226000005668
34.795042514801025,8.525864730843995,-81.61019841094776,39.846274524199366,9.415331416205134,-79.10014173861519,55.43420689606987,-0.7051997910384772,-0.031199990754963828,2.4490611495248264e-18,0.7083218303117433,-0.022000000000000002,-0.018500000000000003,-0.006500000000000001,-0.017,-0.0015,-0.005,-0.31425000000000003,9.1551647,-94.828995,43.316994,6.284059495111876,-119.30991906972389,48.811220927578745,0.7065006335331228,0.12800011478024023,-4.910748536209142e-17,-0.6960408216717908
34.869657039642334,0,0,0,0,0,0,0,0,0,1,-0.022000000000000002,-0.018500000000000003,-0.006500000000000001,-0.017,-0.0015,-0.005,-0.31425000000000003,0,0,0,0,0,0,0,0,0,1
34.95818305015564,8.526404517267835,-81.59097480472441,39.843148229964456,9.417060639411687,-79.08025149933684,55.43538510171915,-0.7051997993530568,-0.03129999109437134,0.0,0.708317410169975,-0.022000000000000002,-0.018500000000000003,-0.006500000000000001,-0.017,-0.0015,-0.005,-0.31425000000000003,9.1551647,-94.828995,43.316994,6.261670272055369,-119.33790474222491,48.80728077204999,0.7065021609479875,0.128000391509331,9.821475838936706e-18,-0.6960392204102309
35.022085666656494,8.5257790871225,-81.61324847131392,39.84677054903613,9.387043610172867,-79.10633404359409,55.41051184618746,-0.7052999652301762,-0.03119999846190485,-4.898812158246096e-18,0.70822208320716,-0.022000000000000002,-0.018500000000000003,-0.006500000000000001,-0.017,-0.0015,-0.005,-0.31425000000000003,9.1551647,-94.828995,43.316994,6.269298078237654,-119.33980787046869,48.82821387205293,0.7065021609479875,0.128000391509331,9.821475838936706e-18,-0.6960392204102309
35.21138334274292,8.525113406266058,-81.63695560081828,39.85062598913591,9.413872525365832,-79.12948795501495,55.42251624935818,-0.705299815202312,-0.03129999179899668,0.0,0.7082178204401294,-0.022000000000000002,-0.018500000000000003,-0.006500000000000001,-0.017,-0.0015,-0.005,-0.31425000000000003,9.1551647,-94.828995,43.316994,6.317705219385374,-119.30660817802428,48.875695753939624,0.7064021638165477,0.12800039208453867,2.946859845283227e-17,-0.6961407060224993
35.28598189353943,8.525586284362857,-81.62011482468343,39.84788720949538,9.430587028569676,-79.10394799510274,55.47607309607575,-0.7051997993530568,-0.03129999109437134,0.0,0.708317410169975,-0.022000000000000002,-0.018500000000000003,-0.006500000000000001,-0.017,-0.0015,-0.005,-0.31425000000000003,9.1551647,-94.828995,43.316994,6.306996528160283,-119.2773154034518,48.90614665359943,0.7063018931191923,0.12810034335065626,0.0,-0.6962240571897017
35.36591625213623,0,0,0,0,0,0,0,0,0,1,0.0,0.0,0.0,0.0,0.0,0.0,-0.31425000000000003,0,0,0,0,0,0,0,0,0,1
35.45148038864136,8.52590597936338,-81.60872941273125,39.846035624140654,9.448706808111353,-79.08737486979417,55.50919416349316,-0.7050997836783869,-0.031299990397296154,-2.448732237522345e-18,0.708416971604874,0.0,0.0,0.0,0.0,0.0,0.0,-0.31425000000000003,9.1551647,-94.828995,43.316994,6.289471027854688,-119.27448743199977,48.884127130069075,0.706400926916761,0.12790016782652,4.911441675334094e-17,-0.696160382039289
35.53298473358154,8.526122293056227,-81.60102575612123,39.844782794834444,9.485487031929154,-79.07314057341986,55.55441141620316,-0.7050999772351926,-0.03139999898622188,0.0,0.7084123532001656,0.0,0.0,0.0,0.0,0.0,0.0,-0.31425000000000003,9.1551647,-94.828995,43.316994,6.299368721978027,-119.27541227520803,48.885213553596486,0.706400926916761,0.12790016782652,4.911441675334094e-17,-0.696160382039289
35.70366978645325,8.526117517517479,-81.60119582908406,39.84481045343903,9.448436475744103,-79.07791889267276,55.519706604555566,-0.7050997925839062,-0.03139999076320331,-2.448747565168557e-18,0.7084125373524973,0.0,0.0,0.0,0.0,0.0,0.0,-0.31425000000000003,9.1551647,-94.828995,43.316994,6.268811028004677,-119.28258286522245,48.881365180189604,0.7064006502884528,0.1280001178325622,1.9645774394669056e-17,-0.6961422922843441
35.78032469749451,8.52549623186315,-81.62332189643877,39.84840876876076,9.47017780506306,-79.10764736793573,55.48041879018541,-0.7051999705430583,-0.03129999869256627,7.347231068886577e-18,0.7083172393976551,0.0,0.0,0.0,0.0,0.0,0.0,-0.31425000000000003,9.1551647,-94.828995,43.316994,6.291687301294189,-119.31182219796766,48.83215402758169,0.7065006335331228,0.12800011478024023,-4.910748536209142e-17,-0.6960408216717908
35.84812951087952,0,0,0,0,0,0,0,0,0,1,0.0,0.0,0.0,0.0,0.0,0.0,-0.31425000000000003,0,0,0,0,0,0,0,0,0,1
35.922658920288086,8.525654190498175,-81.61769645929327,39.84749391587039,9.50582308491036,-79.0939022140792,55.535559381133176,-0.7050997925839062,-0.03139999076320331,-2.448747565168557e-18,0.7084125373524973,0.0,0.0,0.0,0.0,0.0,0.0,-0.31425000000000003,9.1551647,-94.828995,43.316994,6.308672136865283,-119.29573821517687,48.875198433236854,0.7064021638165477,0.12800039208453867,2.946859845283227e-17,-0.6961407060224993
36.024068117141724,8.526117517517479,-81.60119582908406,39.84481045343903,9.448436475744103,-79.07791889267276,55.519706604555566,-0.7050998014619467,-0.03149999113040891,4.897525883608215e-18,0.7084080889833964,0.0,0.0,0.0,0.0,0.0,0.0,-0.31425000000000003,9.1551647,-94.828995,43.316994,6.284607305103776,-119.30530107595283,48.90220649807068,0.7064021638165477,0.12800039208453867,2.946859845283227e-17,-0.6961407060224993
36.163596391677856,8.525033169131051,-81.63981311449359,39.851090700513446,9.407927473145946,-79.12247769048236,55.482645381609416,-0.7051998076387149,-0.031399991434849193,0.0,0.7083129759112216,0.0,0.0,0.0,0.0,0.0,0.0,-0.31425000000000003,9.1551647,-94.828995,43.316994,6.28255413502842,-119.35404838911316,48.87941430747195,0.7065018829658432,0.1281003414124905,1.9642959406642367e-17,-0.69602111454734
36.216718673706055,0,0,0,0,0,0,0,0,0,1,0.0,0.0,0.0,0.0,0.0,0.0,-0.31425000000000003,0,0,0,0,0,0,0,0,0,1
36.309802293777466,8.524723025208026,-81.6508583805201,39.85288696865901,9.46390880597437,-79.12949417728512,55.51893393748719,-0.7051998158949213,-0.031499991776361334,0.0,0.708308527535747,0.0,0.0,0.0,0.0,0.0,0.0,-0.31425000000000003,9.1551647,-94.828995,43.316994,6.305213690452177,-119.33551869373355,48.87284202193829,0.7065018829658432,0.1281003414124905,1.9642959406642367e-17,-0.69602111454734
36.41114854812622,8.52482577546796,-81.64719909890596,39.85229186746513,9.459956164070945,-79.13557959860948,55.457718381708546,-0.7051997993530568,-0.03129999109437134,0.0,0.708317410169975,0.0,0.0,0.0,0.0,0.0,0.0,-0.31425000000000003,9.1551647,-94.828995,43.316994,6.317110940149348,-119.32600927478487,48.86459421005258,0.7065021609479875,0.128000391509331,9.821475838936706e-18,-0.6960392204102309
36.47823238372803,0,0,0,0,0,0,0,0,0,1,0.0,0.0,0.0,0.0,0.0,0.0,-0.31425000000000003,0,0,0,0,0,0,0,0,0,1
36.712175130844116,8.525263442679606,-81.63161230056873,39.84975701956945,9.450930226808254,-79.10117968774817,55.56923151362252,-0.7050998014619467,-0.03149999113040891,4.897525883608215e-18,0.7084080889833964,0.0,0.0,0.0,0.0,0.0,0.0,-0.31425000000000003,9.1551647,-94.828995,43.316994,6.272439723039355,-119.3053545177801,48.920966751018796,0.7064021638165477,0.12800039208453867,2.946859845283227e-17,-0.6961407060224993
36.789746046066284,8.524777866822582,-81.64890528656237,39.85256934113848,9.398577589014451,-79.11693485350303,55.57254452857393,-0.7051998076387149,-0.031399991434849193,0.0,0.7083129759112216,0.0,0.0,0.0,0.0,0.0,0.0,-0.31425000000000003,9.1551647,-94.828995,43.316994,6.252914667159928,-119.312960808485,48.908281462901556,0.7065009127914234,0.1279001652456094,4.910746595139758e-17,-0.6960589112675961
36.85697817802429,0,0,0,0,0,0,0,0,0,1,0.0,0.0,0.0,0.0,0.0,0.0,-0.31425000000000003,0,0,0,0,0,0,0,0,0,1
37.003841400146484,8.524880617082516,-81.64524600494823,39.851974239944596,9.39462494711097,-79.12302027482738,55.51132897279528,-0.7051997993530568,-0.03129999109437134,0.0,0.708317410169975,0.0,0.0,0.0,0.0,0.0,0.0,-0.31425000000000003,9.1551647,-94.828995,43.316994,6.266757857929349,-119.3313301783828,48.85857298959087,0.7065021609479875,0.128000391509331,9.821475838936706e-18,-0.6960392204102309
37.10031604766846,8.52544228558354,-81.62524310451408,39.84872121074798,9.40116427856691,-79.1106294425994,55.46230138443111,-0.7051997993530568,-0.03129999109437134,0.0,0.708317410169975,0.0,0.0,0.0,0.0,0.0,0.0,-0.31425000000000003,9.1551647,-94.828995,43.316994,6.268216748768651,-119.30198396198304,48.87026363630255,0.7064021638165477,0.12800039208453867,2.946859845283227e-17,-0.6961407060224993
37.215813398361206,8.525236154015932,-81.63258414147039,39.84991506799038,9.423777364746513,-79.1068828502093,55.53561312550234,-0.7051997993530568,-0.03129999109437134,0.0,0.708317410169975,0.0,0.0,0.0,0.0,0.0,0.0,-0.31425000000000003,9.1551647,-94.828995,43.316994,6.2837426935005,-119.315246195592,48.901617395246035,0.7064021638165477,0.12800039208453867,2.946859845283227e-17,-0.6961407060224993
37.26856732368469,8.525470205294956,-81.62424878988438,39.84855950747241,9.413609338255952,-79.09650202987964,55.545039143037336,-0.7050997925839062,-0.03139999076320331,-2.448747565168557e-18,0.7084125373524973,0.0,0.0,0.0,0.0,0.0,0.0,-0.31425000000000003,9.1551647,-94.828995,43.316994,6.268487081135902,-119.31143993910445,48.85975119524015,0.7065006335331228,0.12800011478024023,-4.910748536209142e-17,-0.6960408216717908
37.33096957206726,0,0,0,0,0,0,0,0,0,1,0.0,0.0,0.0,0.0,0.0,0.0,-0.31425000000000003,0,0,0,0,0,0,0,0,0,1
37.40783929824829,8.525501271689103,-81.62314241132155,39.84837957947751,9.387591420164739,-79.10171604982303,55.50149741667939,-0.7051999705430583,-0.03129999869256627,7.347231068886577e-18,0.7083172393976551,0.0,0.0,0.0,0.0,0.0,0.0,-0.31425000000000003,9.1551647,-94.828995,43.316994,6.2594539986158395,-119.30056997625702,48.85925387453737,0.7064021638165477,0.12800039208453867,2.946859845283227e-17,-0.6961407060224993
37.458205223083496,0,0,0,0,0,0,0,0,0,1,0.0,0.0,0.0,0.0,0.0,0.0,-0.31425000000000003,0,0,0,0,0,0,0,0,0,1
37.57738661766052,8.525497493958632,-81.6232769489827,39.84840145905148,9.440762200317664,-79.0907988674185,55.57865753115752,-0.7050997925839062,-0.03139999076320331,-2.448747565168557e-18,0.7084125373524973,0.0,0.0,0.0,0.0,0.0,0.0,-0.31425000000000003,9.1551647,-94.828995,43.316994,6.285471916707053,-119.29535595631364,48.90279560089532,0.7064024380463695,0.1279004414299698,-2.9468587012938994e-17,-0.6961587984103657
37.64168357849121,8.524656747928727,-81.65321873688055,39.853270828398756,9.46418628359902,-79.11542020639264,55.62043194904153,-0.7050997925839062,-0.03139999076320331,-2.448747565168557e-18,0.7084125373524973,0.0,0.0,0.0,0.0,0.0,0.0,-0.31425000000000003,9.1551647,-94.828995,43.316994,6.311760167165488,-119.29959791349168,48.93582488619086,0.7064024380463695,0.1279004414299698,-2.9468587012938994e-17,-0.6961587984103657
37.70576071739197,0,0,0,0,0,0,0,0,0,1,0.0,0.0,0.0,0.0,0.0,0.0,-0.31425000000000003,0,0,0,0,0,0,0,0,0,1
37.771339654922485,8.524156581168253,-81.6710313539171,39.85616765646021,9.420318918333379,-79.14666332876601,55.53325671420377,-0.7052998228676645,-0.031399992114057376,-4.8988723168445905e-18,0.7082133861754368,0.0,0.0,0.0,0.0,0.0,0.0,-0.31425000000000003,9.1551647,-94.828995,43.316994,6.3023495232750975,-119.35589807552967,48.88158715452677,0.7066006159156615,0.1280001115726078,-8.838096617597481e-17,-0.6959393228040847
37.830068826675415,0,0,0,0,0,0,0,0,0,1,0.0,0.0,0.0,0.0,0.0,0.0,-0.31425000000000003,0,0,0,0,0,0,0,0,0,1
37.987276554107666,8.525289102487264,-81.63069846869676,39.84960840503377,9.402569554904687,-79.11959627720304,55.441865605130936,-0.7051997993530568,-0.03129999109437134,0.0,0.708317410169975,0.0,0.0,0.0,0.0,0.0,0.0,-0.31425000000000003,9.1551647,-94.828995,43.316994,6.274115331744383,-119.32377732950516,48.890018530656214,0.7065003531521521,0.12810006403225863,-2.946450291050116e-17,-0.6960227184444597
38.02623772621155,0,0,0,0,0,0,0,0,0,1,0.0,0.0,0.0,0.0,0.0,0.0,-0.31425000000000003,0,0,0,0,0,0,0,0,0,1
38.10534143447876,0,0,0,0,0,0,0,0,0,1,0.0,0.0,0.0,0.0,0.0,0.0,-0.31425000000000003,0,0,0,0,0,0,0,0,0,1
38.148770570755005,8.525711547747719,-81.61565377513044,39.84716171848516,9.416736692542912,-79.10910857321883,55.413771116769695,-0.7051997910384772,-0.031199990754963828,2.4490611495248264e-18,0.7083218303117433,0.0,0.0,0.0,0.0,0.0,0.0,-0.31425000000000003,9.1551647,-94.828995,43.316994,6.2973155519026704,-119.32415958836837,48.86242136299775,0.7065006335331228,0.12800011478024023,-4.910748536209142e-17,-0.6960408216717908
38.20214343070984,0,0,0,0,0,0,0,0,0,1,0.0,0.0,0.0,0.0,0.0,0.0,-0.31425000000000003,0,0,0,0,0,0,0,0,0,1
38.35730504989624,8.524915827967668,-81.6439920271506,39.85177030819975,9.42036538757759,-79.13188022577648,55.453372687598886,-0.7051997910384772,-0.031199990754963828,2.4490611495248264e-18,0.7083218303117433,0.0,0.0,0.0,0.0,0.0,0.0,-0.31425000000000003,9.1551647,-94.828995,43.316994,6.32587369030216,-119.32742326051088,48.87560397181776,0.7065006335331228,0.12800011478024023,-4.910748536209142e-17,-0.6960408216717908
38.451531410217285,8.524551737765034,-81.65695850125243,39.85387901833253,9.407333193909892,-79.14187878724293,55.471543837722365,-0.7052998075060632,-0.031199991484742912,2.4494055348176378e-18,0.7082222405878412,0.0,0.0,0.0,0.0,0.0,0.0,-0.31425000000000003,9.1551647,-94.828995,43.316994,6.305213690452177,-119.33551869373355,48.87284202193829,0.7065021609479875,0.128000391509331,9.821475838936706e-18,-0.6960392204102309
38.514087200164795,8.525452467708778,-81.62488048486038,39.84866223868417,9.460557588564342,-79.092648553835,55.58083037821234,-0.7050997925839062,-0.03139999076320331,-2.448747565168557e-18,0.7084125373524973,0.0,0.0,0.0,0.0,0.0,0.0,-0.31425000000000003,9.1551647,-94.828995,43.316994,6.276438834186962,-119.28448599346622,48.90229828019254,0.7064006502884528,0.1280001178325622,1.9645774394669056e-17,-0.6961422922843441
38.57947301864624,0,0,0,0,0,0,0,0,0,1,0.0,0.0,0.0,0.0,0.0,0.0,-0.31425000000000003,0,0,0,0,0,0,0,0,0,1
38.63868045806885,8.525596466488095,-81.61975220502973,39.84782823743158,9.489980338567108,-79.08596710633834,55.594602089856984,-0.7050997925839062,-0.03139999076320331,-2.448747565168557e-18,0.7084125373524973,0.0,0.0,0.0,0.0,0.0,0.0,-0.31425000000000003,9.1551647,-94.828995,43.316994,6.296558169302472,-119.25747860600072,48.92608511219683,0.7063024374373149,0.1279004413821784,-1.9648506181243528e-17,-0.6962602559132264
38.776687145233154,8.52569129452655,-81.61637506031154,39.84727901956162,9.487440118258803,-79.07748941425245,55.624961207394925,-0.7050999772351926,-0.03139999898622188,0.0,0.7084123532001656,0.0,0.0,0.0,0.0,0.0,0.0,-0.31425000000000003,9.1551647,-94.828995,43.316994,6.274763225481962,-119.26606318174116,48.93324650055512,0.706400926916761,0.12790016782652,4.911441675334094e-17,-0.696160382039289
38.83004093170166,0,0,0,0,0,0,0,0,0,1,0.0,0.0,0.0,0.0,0.0,0.0,-0.31425000000000003,0,0,0,0,0,0,0,0,0,1
38.895638942718506,8.525820966689624,-81.61175699936938,39.84652799412277,9.405711199706417,-79.08514292451446,55.5346184840968,-0.7050997925839062,-0.03139999076320331,-2.448747565168557e-18,0.7084125373524973,0.0,0.0,0.0,0.0,0.0,0.0,-0.31425000000000003,9.1551647,-94.828995,43.316994,6.26481191685707,-119.30345138953632,48.900033651015846,0.7064021638165477,0.12800039208453867,2.946859845283227e-17,-0.6961407060224993
38.96009659767151,0,0,0,0,0,0,0,0,0,1,0.0,0.0,0.0,0.0,0.0,0.0,-0.31425000000000003,0,0,0,0,0,0,0,0,0,1
39.02160406112671,8.52511781504427,-81.63679858942909,39.85060045470729,9.345993942840181,-79.13198088716085,55.39447550536611,-0.7052998075060632,-0.031199991484742912,2.4494055348176378e-18,0.7082222405878412,0.0,0.0,0.0,0.0,0.0,0.0,-0.31425000000000003,9.1551647,-94.828995,43.316994,6.266433911060545,-119.3601872522648,48.836959004641415,0.706602157218771,0.12800039077837916,-9.820085932399547e-18,-0.6959377065329636
39.14772844314575,8.525352233083833,-81.62845017626944,39.849242770013355,9.440755055060265,-79.1143288154324,55.46664707854076,-0.7051997910384772,-0.031199990754963828,2.4490611495248264e-18,0.7083218303117433,0.0,0.0,0.0,0.0,0.0,0.0,-0.31425000000000003,9.1551647,-94.828995,43.316994,6.278925439993742,-119.33127673655552,48.83981273664275,0.7065021609479875,0.128000391509331,9.821475838936706e-18,-0.6960392204102309
39.229827880859375,8.525622126295751,-81.61883837315777,39.847679622895896,9.441619666663541,-79.10438369579323,55.46723618136541,-0.7051997993530568,-0.03129999109437134,0.0,0.708317410169975,0.0,0.0,0.0,0.0,0.0,0.0,-0.31425000000000003,9.1551647,-94.828995,43.316994,6.297639498771446,-119.29530251448637,48.884035347947204,0.7064021638165477,0.12800039208453867,2.946859845283227e-17,-0.6961407060224993
39.26534819602966,0,0,0,0,0,0,0,0,0,1,0.0,0.0,0.0,0.0,0.0,0.0,-0.31425000000000003,0,0,0,0,0,0,0,0,0,1
39.3313205242157,0,0,0,0,0,0,0,0,0,1,0.0,0.0,0.0,0.0,0.0,0.0,-0.31425000000000003,0,0,0,0,0,0,0,0,0,1
39.3962881565094,8.524682407736384,-81.65230490500859,39.85312221386308,9.415825611695453,-79.13383679584753,55.49306604054995,-0.7051998076387149,-0.031399991434849193,0.0,0.7083129759112216,0.0,0.0,0.0,0.0,0.0,0.0,-0.31425000000000003,9.1551647,-94.828995,43.316994,6.306078302055454,-119.32557357409438,48.87343112476293,0.7065024378089438,0.1279004413245066,0.0,-0.6960573126395669
39.52037525177002,8.524921234554158,-81.64379948045975,39.85173899474052,9.442708141389943,-79.11867765626498,55.537196869732526,-0.7051999934160972,-0.031599999704975415,0.0,0.708303896152338,0.0,0.0,0.0,0.0,0.0,0.0,-0.31425000000000003,9.1551647,-94.828995,43.316994,6.3074835783932315,-119.33454040869803,48.85299534546276,0.7065018829658432,0.1281003414124905,1.9642959406642367e-17,-0.69602111454734
39.6046097278595,0,0,0,0,0,0,0,0,0,1,0.0,0.0,0.0,0.0,0.0,0.0,-0.31425000000000003,0,0,0,0,0,0,0,0,0,1
39.64758229255676,8.52498022065972,-81.64169878726722,39.851397363470056,9.429135282987744,-79.1097642634886,55.57639290198081,-0.7050998103119765,-0.03159999149887743,7.346335102289767e-18,0.7084036264978358,0.0,0.0,0.0,0.0,0.0,0.0,-0.31425000000000003,9.1551647,-94.828995,43.316994,6.292775776020562,-119.32611615843942,48.90211471594881,0.7064018884675101,0.1281003424585052,-2.9468609939424183e-17,-0.6961226000005668
39.72763109207153,0,0,0,0,0,0,0,0,0,1,0.0,0.0,0.0,0.0,0.0,0.0,-0.31425000000000003,0,0,0,0,0,0,0,0,0,1
39.77160453796387,8.524462947360808,-81.66012062555173,39.854393267888625,9.417508365657824,-79.1287296595587,55.57412827280412,-0.7051998158949213,-0.031499991776361334,0.0,0.708308527535747,0.0,0.0,0.0,0.0,0.0,0.0,-0.31425000000000003,9.1551647,-94.828995,43.316994,6.260812805709463,-119.32431991385019,48.9187021218421,0.7064018884675101,0.1281003424585052,-2.9468609939424183e-17,-0.6961226000005668
39.89485049247742,8.52464656580349,-81.65358135653425,39.85332980046257,9.404792973601587,-79.13340109515704,55.5019029552603,-0.7051998076387149,-0.031399991434849193,0.0,0.7083129759112216,0.0,0.0,0.0,0.0,0.0,0.0,-0.31425000000000003,9.1551647,-94.828995,43.316994,6.255725219835483,-119.33089447769231,48.86740990430122,0.7065018829658432,0.1281003414124905,1.9642959406642367e-17,-0.69602111454734
39.954991579055786,0,0,0,0,0,0,0,0,0,1,0.0,0.0,0.0,0.0,0.0,0.0,-0.31425000000000003,0,0,0,0,0,0,0,0,0,1
40.02839732170105,8.525604021949038,-81.6194831297074,39.84778447828362,9.383638778261286,-79.10780147114737,55.440281860900754,-0.7051997910384772,-0.031199990754963828,2.4490611495248264e-18,0.7083218303117433,0.0,0.0,0.0,0.0,0.0,0.0,-0.31425000000000003,9.1551647,-94.828995,43.316994,6.278925439993742,-119.33127673655552,48.83981273664275,0.7066006159156615,0.1280001115726078,-8.838096617597481e-17,-0.6959393228040847
40.08544158935547,0,0,0,0,0,0,0,0,0,1,0.0,0.0,0.0,0.0,0.0,0.0,-0.31425000000000003,0,0,0,0,0,0,0,0,0,1
40.14762330055237,8.525743876237348,-81.61450244911155,39.84697448078098,9.361303169706304,-79.09747409264499,55.46846813138386,-0.7051997993530568,-0.03129999109437134,0.0,0.708317410169975,0.0,0.0,0.0,0.0,0.0,0.0,-0.31425000000000003,9.1551647,-94.828995,43.316994,6.228302025406521,-119.32714166303204,48.84430395724344,0.7065021609479875,0.128000391509331,9.821475838936706e-18,-0.6960392204102309
40.26624536514282,8.525434363362063,-81.62552524141005,39.8487670940719,9.402576700162086,-79.09606632918917,55.553876057747686,-0.7050998014619467,-0.03149999113040891,4.897525883608215e-18,0.7084080889833964,0.0,0.0,0.0,0.0,0.0,0.0,-0.31425000000000003,9.1551647,-94.828995,43.316994,6.236524110824831,-119.30964369451522,48.87633860113344,0.7064018884675101,0.1281003424585052,-2.9468609939424183e-17,-0.6961226000005668
40.356199741363525,8.524871432765556,-81.64557308930024,39.8520274329778,9.425452973451542,-79.12530566193436,55.50466490513977,-0.7051998158949213,-0.031499991776361334,0.0,0.708308527535747,0.0,0.0,0.0,0.0,0.0,0.0,-0.31425000000000003,9.1551647,-94.828995,43.316994,6.257724775409287,-119.32046021553538,48.85807566888809,0.7064016119972458,0.12820029255102908,-9.822873824266249e-18,-0.6961044803458194
40.39770293235779,0,0,0,0,0,0,0,0,0,1,0.0,0.0,0.0,0.0,0.0,0.0,-0.31425000000000003,0,0,0,0,0,0,0,0,0,1
40.4925799369812,8.525002102736906,-81.6409194930564,39.851270628508345,9.433945391237103,-79.11726367053896,55.526187107967345,-0.7051998158949213,-0.031499991776361334,0.0,0.708308527535747,0.0,0.0,0.0,0.0,0.0,0.0,-0.31425000000000003,9.1551647,-94.828995,43.316994,6.27811444289199,-119.3029088051913,48.871350059829965,0.7064016119972458,0.12820029255102908,-9.822873824266249e-18,-0.6961044803458194
40.57857704162598,0,0,0,0,0,0,0,0,0,1,0.0,0.0,0.0,0.0,0.0,0.0,-0.31425000000000003,0,0,0,0,0,0,0,0,0,1
40.733367681503296,8.525356641862045,-81.62829316488025,39.84921723558474,9.37287647253467,-79.1168217475783,55.438606334548695,-0.7051997910384772,-0.031199990754963828,2.4490611495248264e-18,0.7083218303117433,0.0,0.0,0.0,0.0,0.0,0.0,-0.31425000000000003,9.1551647,-94.828995,43.316994,6.257130496173261,-119.33986131229597,48.84697412500104,0.7065024378089438,0.1279004413245066,0.0,-0.6960573126395669
40.77357721328735,8.525487311833395,-81.6236395686364,39.84846043111529,9.381368890320232,-79.1087797561829,55.46012853737628,-0.7051997993530568,-0.03129999109437134,0.0,0.708317410169975,0.0,0.0,0.0,0.0,0.0,0.0,-0.31425000000000003,9.1551647,-94.828995,43.316994,6.257995107776537,-119.32991619265678,48.84756322782569,0.7065006335331228,0.12800011478024023,-4.910748536209142e-17,-0.6960408216717908
40.832786321640015,0,0,0,0,0,0,0,0,0,1,0.0,0.0,0.0,0.0,0.0,0.0,-0.31425000000000003,0,0,0,0,0,0,0,0,0,1
40.90120053291321,8.525884097286193,-81.60950870694205,39.846162359102365,9.443896699861995,-79.07987546274381,55.55939995750663,-0.7050998014619467,-0.03149999113040891,4.897525883608215e-18,0.7084080889833964,0.0,0.0,0.0,0.0,0.0,0.0,-0.31425000000000003,9.1551647,-94.828995,43.316994,6.255508501969757,-119.28312544956748,48.91004877137548,0.7063018931191923,0.12810034335065626,0.0,-0.6962240571897017
40.95520639419556,0,0,0,0,0,0,0,0,0,1,0.0,0.0,0.0,0.0,0.0,0.0,-0.31425000000000003,0,0,0,0,0,0,0,0,0,1
41.10890316963196,8.526356344335252,-81.59269040453523,39.84342723431648,9.475319005438564,-79.06275975309022,55.56383743373816,-0.7049997872145043,-0.03149999049256296,-7.345256797989458e-18,0.7085076221371738,0.0,0.0,0.0,0.0,0.0,0.0,-0.31425000000000003,9.1551647,-94.828995,43.316994,6.26091288945517,-119.27122375985726,48.870944521249065,0.7064006502884528,0.1280001178325622,1.9645774394669056e-17,-0.6961422922843441
41.15824604034424,0,0,0,0,0,0,0,0,0,1,0.0,0.0,0.0,0.0,0.0,0.0,-0.31425000000000003,0,0,0,0,0,0,0,0,0,1
41.20623993873596,0,0,0,0,0,0,0,0,0,1,0.0,0.0,0.0,0.0,0.0,0.0,-0.31425000000000003,0,0,0,0,0,0,0,0,0,1
41.26691031455994,8.525285955804534,-81.6308105326299,39.84962662975311,9.441032532684915,-79.10025484453992,55.56814509009511,-0.7050998014619467,-0.03149999113040891,4.897525883608215e-18,0.7084080889833964,0.0,0.0,0.0,0.0,0.0,0.0,-0.31425000000000003,9.1551647,-94.828995,43.316994,6.262001364181515,-119.28551772032903,48.94090520961619,0.7063018931191923,0.12810034335065626,0.0,-0.6962240571897017
41.32586050033569,0,0,0,0,0,0,0,0,0,1,0.0,0.0,0.0,0.0,0.0,0.0,-0.31425000000000003,0,0,0,0,0,0,0,0,0,1
41.48048138618469,8.525555849016452,-81.62119872951823,39.84806348263565,9.441897144288191,-79.09030972490075,55.56873419291975,-0.7050998103119765,-0.03159999149887743,7.346335102289767e-18,0.7084036264978358,0.0,0.0,0.0,0.0,0.0,0.0,-0.31425000000000003,9.1551647,-94.828995,43.316994,6.275303890216435,-119.28497513598398,48.91222161843031,0.7064018884675101,0.1281003424585052,-2.9468609939424183e-17,-0.6961226000005668
41.525078535079956,8.525797822516957,-81.61258124103627,39.84666203879376,9.430316696202425,-79.09449201798134,55.48658553713817,-0.7051998076387149,-0.031399991434849193,0.0,0.7083129759112216,0.0,0.0,0.0,0.0,0.0,0.0,-0.31425000000000003,9.1551647,-94.828995,43.316994,6.264588053734002,-119.27921230942539,48.83066206547336,0.7064021638165477,0.12800039208453867,2.946859845283227e-17,-0.6961407060224993
41.585299015045166,0,0,0,0,0,0,0,0,0,1,0.0,0.0,0.0,0.0,0.0,0.0,-0.31425000000000003,0,0,0,0,0,0,0,0,0,1
41.64853620529175,8.525644639420678,-81.61803660521893,39.847549233079555,9.431721972540203,-79.10345885258498,55.466149757838,-0.7051997993530568,-0.03129999109437134,0.0,0.708317410169975,0.0,0.0,0.0,0.0,0.0,0.0,-0.31425000000000003,9.1551647,-94.828995,43.316994,6.262858830527421,-119.29910254870374,48.82948385982408,0.7065018829658432,0.1281003414124905,1.9642959406642367e-17,-0.69602111454734
41.728567600250244,0,0,0,0,0,0,0,0,0,1,0.0,0.0,0.0,0.0,0.0,0.0,-0.31425000000000003,0,0,0,0,0,0,0,0,0,1
41.85411763191223,8.525252629506628,-81.63199739395046,39.8498196464879,9.406244719183519,-79.12758482677118,55.40158314935523,-0.705299815202312,-0.03129999179899668,0.0,0.7082178204401294,0.0,0.0,0.0,0.0,0.0,0.0,-0.31425000000000003,9.1551647,-94.828995,43.316994,6.298126549004422,-119.3525275197326,48.83088403981053,0.7066018766017678,0.12810034021042527,0.0,-0.6959196008310397
41.903149366378784,8.524925012284628,-81.6436649427986,39.85171711516655,9.389537361237018,-79.1295948386695,55.46003675525441,-0.7051998076387149,-0.031399991434849193,0.0,0.7083129759112216,0.0,0.0,0.0,0.0,0.0,0.0,-0.31425000000000003,9.1551647,-94.828995,43.316994,6.255995552202734,-119.34035045481372,48.85689746323881,0.7065021609479875,0.128000391509331,9.821475838936706e-18,-0.6960392204102309
41.95841097831726,0,0,0,0,0,0,0,0,0,1,0.0,0.0,0.0,0.0,0.0,0.0,-0.31425000000000003,0,0,0,0,0,0,0,0,0,1
42.013733863830566,8.525258667140859,-81.63178237353156,39.84978467817404,9.413879670623203,-79.10595800700106,55.534526701974926,-0.7051999781990189,-0.03139999902928134,0.0,0.708312805763855,0.0,0.0,0.0,0.0,0.0,0.0,-0.31425000000000003,9.1551647,-94.828995,43.316994,6.245881140213669,-119.29165658348064,48.89844990678566,0.7064021638165477,0.12800039208453867,2.946859845283227e-17,-0.6961407060224993
42.10626220703125,0,0,0,0,0,0,0,0,0,1,0.0,0.0,0.0,0.0,0.0,0.0,-0.31425000000000003,0,0,0,0,0,0,0,0,0,1
42.206974029541016,8.525389337112209,-81.62712877728772,39.849027873704586,9.422372088408736,-79.09791601560566,55.556048904802516,-0.7050997925839062,-0.03139999076320331,-2.448747565168557e-18,0.7084125373524973,0.0,0.0,0.0,0.0,0.0,0.0,-0.31425000000000003,9.1551647,-94.828995,43.316994,6.2554548874682325,-119.32143850057089,48.87792234536363,0.7065009127914234,0.1279001652456094,4.910746595139758e-17,-0.6960589112675961
42.279571771621704,8.52484955068837,-81.64635238351106,39.8521541679395,9.420642865202183,-79.117806254884,55.554870699153234,-0.7051997993530568,-0.03129999109437134,0.0,0.708317410169975,0.0,0.0,0.0,0.0,0.0,0.0,-0.31425000000000003,9.1551647,-94.828995,43.316994,6.253455331894429,-119.33187276272783,48.88725658077675,0.7065009127914234,0.1279001652456094,4.910746595139758e-17,-0.6960589112675961
42.350308656692505,0,0,0,0,0,0,0,0,0,1,0.0,0.0,0.0,0.0,0.0,0.0,-0.31425000000000003,0,0,0,0,0,0,0,0,0,1
42.39657545089722,8.52524470728515,-81.6322795308464,39.849865529811815,9.407657140778696,-79.11302171336092,55.49315782267182,-0.7051997993530568,-0.03129999109437134,0.0,0.708317410169975,0.0,0.0,0.0,0.0,0.0,0.0,-0.31425000000000003,9.1551647,-94.828995,43.316994,6.262812361283267,-119.31388565169325,48.90936788642897,0.7064021638165477,0.12800039208453867,2.946859845283227e-17,-0.6961407060224993
42.45283055305481,0,0,0,0,0,0,0,0,0,1,0.0,0.0,0.0,0.0,0.0,0.0,-0.31425000000000003,0,0,0,0,0,0,0,0,0,1
42.6095027923584,8.5247766047271,-81.64895023401844,39.85257665084776,9.427993193759846,-79.13378335402027,55.474305787601836,-0.7051997993530568,-0.03129999109437134,0.0,0.708317410169975,0.0,0.0,0.0,0.0,0.0,0.0,-0.31425000000000003,9.1551647,-94.828995,43.316994,6.296180607932143,-119.32464873088614,48.87234470123552,0.7065021609479875,0.128000391509331,9.821475838936706e-18,-0.6960392204102309
42.64753007888794,0,0,0,0,0,0,0,0,0,1,0.0,0.0,0.0,0.0,0.0,0.0,-0.31425000000000003,0,0,0,0,0,0,0,0,0,1
42.70303130149841,0,0,0,0,0,0,0,0,0,1,0.0,0.0,0.0,0.0,0.0,0.0,-0.31425000000000003,0,0,0,0,0,0,0,0,0,1
42.76995921134949,8.525122590583019,-81.63662851646627,39.85057279610271,9.38304449902526,-79.12720256790797,55.4291803170137,-0.7052998075060632,-0.031199991484742912,2.4494055348176378e-18,0.7082222405878412,0.0,0.0,0.0,0.0,0.0,0.0,-0.31425000000000003,9.1551647,-94.828995,43.316994,6.306889299157206,-119.35394150545861,48.84189380157571,0.7066008978057046,0.12790016250969372,0.0,-0.6959574122388282
42.83212375640869,0,0,0,0,0,0,0,0,0,1,0.0,0.0,0.0,0.0,0.0,0.0,-0.31425000000000003,0,0,0,0,0,0,0,0,0,1
42.954387187957764,8.52631032027712,-81.59432947571457,39.84369379297977,9.404893057347266,-79.08030494116412,55.45414535466726,-0.7050997747459201,-0.031199990032722617,2.448716958864549e-18,0.7084213917402625,0.0,0.0,0.0,0.0,0.0,0.0,-0.31425000000000003,9.1551647,-94.828995,43.316994,6.282654218774098,-119.30095223512023,48.83165670687891,0.7065009127914234,0.1279001652456094,4.910746595139758e-17,-0.6960589112675961
43.01592230796814,8.525864730843995,-81.61019841094776,39.846274524199366,9.415331416205134,-79.10014173861519,55.43420689606987,-0.7051997910384772,-0.031199990754963828,2.4490611495248264e-18,0.7083218303117433,0.0,0.0,0.0,0.0,0.0,0.0,-0.31425000000000003,9.1551647,-94.828995,43.316994,6.261723886556894,-119.29959169122151,48.83940719806185,0.7065009127914234,0.1279001652456094,4.910746595139758e-17,-0.6960589112675961
43.1059889793396,8.525424547997362,-81.62587479949008,39.848823941959736,9.448112528875328,-79.10677596655475,55.49809261960611,-0.7051999781990189,-0.03139999902928134,0.0,0.708312805763855,0.0,0.0,0.0,0.0,0.0,0.0,-0.31425000000000003,9.1551647,-94.828995,43.316994,6.2767091665542125,-119.29394197058764,48.89178583913014,0.7064024380463695,0.1279004414299698,-2.9468587012938994e-17,-0.6961587984103657
43.14661526679993,0,0,0,0,0,0,0,0,0,1,0.0,0.0,0.0,0.0,0.0,0.0,-0.31425000000000003,0,0,0,0,0,0,0,0,0,1
43.202656507492065,0,0,0,0,0,0,0,0,0,1,0.0,0.0,0.0,0.0,0.0,0.0,-0.31425000000000003,0,0,0,0,0,0,0,0,0,1
43.35771441459656,8.525389337112209,-81.62712877728772,39.849027873704586,9.422372088408736,-79.09791601560566,55.556048904802516,-0.7050997925839062,-0.03139999076320331,-2.448747565168557e-18,0.7084125373524973,0.0,0.0,0.0,0.0,0.0,0.0,-0.31425000000000003,9.1551647,-94.828995,43.316994,6.277520163655964,-119.32230990195187,48.86024851594292,0.7065024378089438,0.1279004413245066,0.0,-0.6960573126395669
43.401527643203735,0,0,0,0,0,0,0,0,0,1,0.0,0.0,0.0,0.0,0.0,0.0,-0.31425000000000003,0,0,0,0,0,0,0,0,0,1
43.453590631484985,0,0,0,0,0,0,0,0,0,1,0.0,0.0,0.0,0.0,0.0,0.0,-0.31425000000000003,0,0,0,0,0,0,0,0,0,1
43.52307605743408,8.524687183275132,-81.65213483204576,39.853094555258494,9.452876167880504,-79.12905847659464,55.527770852197534,-0.7051998076387149,-0.031399991434849193,0.0,0.7083129759112216,0.0,0.0,0.0,0.0,0.0,0.0,-0.31425000000000003,9.1551647,-94.828995,43.316994,6.327008634272687,-119.32693411799312,48.86568063358,0.7065021609479875,0.128000391509331,9.821475838936706e-18,-0.6960392204102309
43.57548403739929,0,0,0,0,0,0,0,0,0,1,0.0,0.0,0.0,0.0,0.0,0.0,-0.31425000000000003,0,0,0,0,0,0,0,0,0,1
43.72597122192383,8.524076710793782,-81.67387580601874,39.856630243661776,9.519303004824195,-79.1323818128346,55.65613140209467,-0.7050998103119765,-0.03159999149887743,7.346335102289767e-18,0.7084036264978358,0.0,0.0,0.0,0.0,0.0,0.0,-0.31425000000000003,9.1551647,-94.828995,43.316994,6.340588637932228,-119.3123175627556,48.93849505394846,0.7064021638165477,0.12800039208453867,2.946859845283227e-17,-0.6961407060224993
43.77570152282715,8.525398888189706,-81.62678863136205,39.84897255649542,9.496473200778894,-79.08835937709986,55.625458528097695,-0.7049997872145043,-0.03149999049256296,-7.345256797989458e-18,0.7085076221371738,0.0,0.0,0.0,0.0,0.0,0.0,-0.31425000000000003,9.1551647,-94.828995,43.316994,6.293964334492614,-119.28731396491824,48.9243178037229,0.7064006502884528,0.1280001178325622,1.9645774394669056e-17,-0.6961422922843441
43.8442587852478,0,0,0,0,0,0,0,0,0,1,0.0,0.0,0.0,0.0,0.0,0.0,-0.31425000000000003,0,0,0,0,0,0,0,0,0,1
43.89467120170593,8.52530783788172,-81.63003123841908,39.8494998947914,9.445842640934274,-79.10775425159028,55.51793929608164,-0.7051999705430583,-0.03129999869256627,7.347231068886577e-18,0.7083172393976551,0.0,0.0,0.0,0.0,0.0,0.0,-0.31425000000000003,9.1551647,-94.828995,43.316994,6.275844554950936,-119.30388709022681,48.891196736305496,0.7064021638165477,0.12800039208453867,2.946859845283227e-17,-0.6961407060224993
43.94970726966858,0,0,0,0,0,0,0,0,0,1,0.0,0.0,0.0,0.0,0.0,0.0,-0.31425000000000003,0,0,0,0,0,0,0,0,0,1
44.100547552108765,8.525016062592615,-81.64042233574156,39.85118977687056,9.440167921081638,-79.11019996417909,55.56755598727047,-0.7050998014619467,-0.03149999113040891,4.897525883608215e-18,0.7084080889833964,0.0,0.0,0.0,0.0,0.0,0.0,-0.31425000000000003,9.1551647,-94.828995,43.316994,6.270710499832802,-119.32524475705844,48.919788545369514,0.7065006335331228,0.12800011478024023,-4.910748536209142e-17,-0.6960408216717908
44.141406536102295,8.525520007083559,-81.62247518104388,39.84827106923514,9.430864506194297,-79.08987402421026,55.57757110763009,-0.7050998103119765,-0.03159999149887743,7.346335102289767e-18,0.7084036264978358,0.0,0.0,0.0,0.0,0.0,0.0,-0.31425000000000003,9.1551647,-94.828995,43.316994,6.262542028916016,-119.30442967457185,48.919880327491384,0.7064003725394455,0.12810006755705408,-9.822891059587823e-18,-0.6961241888973625
44.20637512207031,0,0,0,0,0,0,0,0,0,1,0.0,0.0,0.0,0.0,0.0,0.0,-0.31425000000000003,0,0,0,0,0,0,0,0,0,1
44.2711398601532,8.525739467459136,-81.61465946050075,39.847000015209595,9.429181752231898,-79.09498116049909,55.49650887537592,-0.7050997836783869,-0.031299990397296154,-2.448732237522345e-18,0.708416971604874,0.0,0.0,0.0,0.0,0.0,0.0,-0.31425000000000003,9.1551647,-94.828995,43.316994,6.297909831138696,-119.30475849160779,48.8735229068848,0.7064021638165477,0.12800039208453867,2.946859845283227e-17,-0.6961407060224993
44.337167739868164,0,0,0,0,0,0,0,0,0,1,0.0,0.0,0.0,0.0,0.0,0.0,-0.31425000000000003,0,0,0,0,0,0,0,0,0,1
44.486958026885986,8.525730914189916,-81.61496407112475,39.84704955338815,9.445301976199772,-79.08884229734747,55.538964178206456,-0.7050997836783869,-0.031299990397296154,-2.448732237522345e-18,0.708416971604874,0.0,0.0,0.0,0.0,0.0,0.0,-0.31425000000000003,9.1551647,-94.828995,43.316994,6.295099278463141,-119.28682482240049,48.91439446548513,0.706400926916761,0.12790016782652,4.911441675334094e-17,-0.696160382039289
44.612165451049805,8.525497493958632,-81.6232769489827,39.84840145905148,9.440762200317664,-79.0907988674185,55.57865753115752,-0.7050997925839062,-0.03139999076320331,-2.448747565168557e-18,0.7084125373524973,0.0,0.0,0.0,0.0,0.0,0.0,-0.31425000000000003,9.1551647,-94.828995,43.316994,6.284066640369275,-119.28638912170999,48.92323138019549,0.706400926916761,0.12790016782652,4.911441675334094e-17,-0.696160382039289
44.7110550403595,8.524620905995834,-81.6544951884062,39.85347841499825,9.453153645505154,-79.11498450570215,55.629268863751875,-0.7050998014619467,-0.03149999113040891,4.897525883608215e-18,0.7084080889833964,0.0,0.0,0.0,0.0,0.0,0.0,-0.31425000000000003,9.1551647,-94.828995,43.316994,6.282607749529973,-119.31573533810976,48.911540733483804,0.7064021638165477,0.12800039208453867,2.946859845283227e-17,-0.6961407060224993
44.78701424598694,8.524548591082304,-81.65707056518555,39.85389724305186,9.445796171690091,-79.12253735457979,55.59782332268654,-0.7050998014619467,-0.03149999113040891,4.897525883608215e-18,0.7084080889833964,0.0,0.0,0.0,0.0,0.0,0.0,-0.31425000000000003,9.1551647,-94.828995,43.316994,6.27211577617058,-119.3342115916621,48.89935276606934,0.7065006335331228,0.12800011478024023,-4.910748536209142e-17,-0.6960408216717908
44.83621621131897,0,0,0,0,0,0,0,0,0,1,0.0,0.0,0.0,0.0,0.0,0.0,-0.31425000000000003,0,0,0,0,0,0,0,0,0,1
44.98456358909607,8.52531702219868,-81.62970415406707,39.849446701758204,9.41501461459373,-79.1054688644833,55.524603363737164,-0.7050997836783869,-0.031299990397296154,-2.448732237522345e-18,0.708416971604874,0.0,0.0,0.0,0.0,0.0,0.0,-0.31425000000000003,9.1551647,-94.828995,43.316994,6.2727100554066055,-119.31481049490151,48.91045430995638,0.7064024380463695,0.1279004414299698,-2.9468587012938994e-17,-0.6961587984103657
45.0251522064209,8.525550442429964,-81.62139127620908,39.84809479609488,9.419554390475838,-79.10351229441225,55.48491001078611,-0.7051997993530568,-0.03129999109437134,0.0,0.708317410169975,0.0,0.0,0.0,0.0,0.0,0.0,-0.31425000000000003,9.1551647,-94.828995,43.316994,6.295910275564893,-119.31519275376472,48.88285714229792,0.7065006335331228,0.12800011478024023,-4.910748536209142e-17,-0.6960408216717908
45.08826780319214,0,0,0,0,0,0,0,0,0,1,0.0,0.0,0.0,0.0,0.0,0.0,-0.31425000000000003,0,0,0,0,0,0,0,0,0,1
45.14377546310425,8.524587579697927,-81.65568204972678,39.85367143173304,9.418365832003758,-79.14231448793342,55.462706923012014,-0.7052999722989732,-0.03129999877067611,4.898842728537997e-18,0.7082176636825878,0.0,0.0,0.0,0.0,0.0,0.0,-0.31425000000000003,9.1551647,-94.828995,43.316994,6.306348634422704,-119.3350295512158,48.86291868370053,0.7065024378089438,0.1279004413245066,0.0,-0.6960573126395669
45.23090696334839,0,0,0,0,0,0,0,0,0,1,0.0,0.0,0.0,0.0,0.0,0.0,-0.31425000000000003,0,0,0,0,0,0,0,0,0,1
45.332085609436035,8.525060457794726,-81.63884127359191,39.85093265209252,9.43508033520763,-79.1167745280212,55.51626376972958,-0.7051998076387149,-0.031399991434849193,0.0,0.7083129759112216,0.0,0.0,0.0,0.0,0.0,0.0,-0.31425000000000003,9.1551647,-94.828995,43.316994,6.287417857779332,-119.32323474516012,48.86133493947034,0.7065006335331228,0.12800011478024023,-4.910748536209142e-17,-0.6960408216717908
45.39340829849243,8.525537113621997,-81.6218659597959,39.848171992878015,9.398624058258605,-79.10215175051351,55.49266050196904,-0.7051998076387149,-0.031399991434849193,0.0,0.7083129759112216,0.0,0.0,0.0,0.0,0.0,0.0,-0.31425000000000003,9.1551647,-94.828995,43.316994,6.247232802049922,-119.33893646908771,48.84588770147363,0.7065018829658432,0.1281003414124905,1.9642959406642367e-17,-0.69602111454734
45.45275902748108,0,0,0,0,0,0,0,0,0,1,0.0,0.0,0.0,0.0,0.0,0.0,-0.31425000000000003,0,0,0,0,0,0,0,0,0,1
45.52427411079407,8.52437667259157,-81.66319315964593,39.854892947580026,9.403928361998311,-79.14334621479622,55.50131385243566,-0.7052999722989732,-0.03129999877067611,4.898842728537997e-18,0.7082176636825878,0.0,0.0,0.0,0.0,0.0,0.0,-0.31425000000000003,9.1551647,-94.828995,43.316994,6.282283802661198,-119.34459241199175,48.88992674853435,0.7065021609479875,0.128000391509331,9.821475838936706e-18,-0.6960392204102309
45.61217522621155,8.524799117852027,-81.6481484660796,39.85244626103141,9.418095499636536,-79.13285851081201,55.47321936407442,-0.7051997993530568,-0.03129999109437134,0.0,0.708317410169975,0.0,0.0,0.0,0.0,0.0,0.0,-0.31425000000000003,9.1551647,-94.828995,43.316994,6.314841052208294,-119.3269875598204,48.88444088652811,0.7065009127914234,0.1279001652456094,4.910746595139758e-17,-0.6960589112675961
45.71817326545715,0,0,0,0,0,0,0,0,0,1,0.0,0.0,0.0,0.0,0.0,0.0,-0.31425000000000003,0,0,0,0,0,0,0,0,0,1
45.83554792404175,8.524915827967668,-81.6439920271506,39.85177030819975,9.42036538757759,-79.13188022577648,55.453372687598886,-0.7051997993530568,-0.03129999109437134,0.0,0.708317410169975,0.0,0.0,0.0,0.0,0.0,0.0,-0.31425000000000003,9.1551647,-94.828995,43.316994,6.317381272516599,-119.33546525190627,48.85408176899017,0.7065021609479875,0.128000391509331,9.821475838936706e-18,-0.6960392204102309
45.90275287628174,8.524772826996628,-81.64908477167958,39.85259853042173,9.481163973912771,-79.12286617161573,55.551465902079954,-0.7051999781990189,-0.03139999902928134,0.0,0.708312805763855,0.0,0.0,0.0,0.0,0.0,0.0,-0.31425000000000003,9.1551647,-94.828995,43.316994,6.3145707198410435,-119.31753158269898,48.894953327590514,0.7064021638165477,0.12800039208453867,2.946859845283227e-17,-0.6961407060224993
45.95823001861572,0,0,0,0,0,0,0,0,0,1,0.0,0.0,0.0,0.0,0.0,0.0,-0.31425000000000003,0,0,0,0,0,0,0,0,0,1
46.021586179733276,8.525348455353361,-81.62858471393061,39.84926464958733,9.49392583521319,-79.10341163302789,55.54380719301888,-0.7050997836783869,-0.031299990397296154,-2.448732237522345e-18,0.708416971604874,0.0,0.0,0.0,0.0,0.0,0.0,-0.31425000000000003,9.1551647,-94.828995,43.316994,6.28974136022191,-119.28394340912119,48.87361468900667,0.7064021638165477,0.12800039208453867,2.946859845283227e-17,-0.6961407060224993
46.148526430130005,8.525285324756792,-81.63083300635792,39.84963028460775,9.455740335057612,-79.10867909479853,55.519025719609054,-0.7051999705430583,-0.03129999869256627,7.347231068886577e-18,0.7083172393976551,0.0,0.0,0.0,0.0,0.0,0.0,-0.31425000000000003,9.1551647,-94.828995,43.316994,6.302179274653554,-119.29334594441532,48.84434199499614,0.7064024380463695,0.1279004414299698,-2.9468587012938994e-17,-0.6961587984103657
46.205782413482666,0,0,0,0,0,0,0,0,0,1,0.0,0.0,0.0,0.0,0.0,0.0,-0.31425000000000003,0,0,0,0,0,0,0,0,0,1
46.2745463848114,8.524929787823377,-81.64349486983576,39.851689456561964,9.426587917422069,-79.12481651941661,55.49474156690201,-0.7051997993530568,-0.03129999109437134,0.0,0.708317410169975,0.0,0.0,0.0,0.0,0.0,0.0,-0.31425000000000003,9.1551647,-94.828995,43.316994,6.30694291365873,-119.31562845445521,48.87402022758757,0.7065009127914234,0.1279001652456094,4.910746595139758e-17,-0.6960589112675961
46.332087993621826,0,0,0,0,0,0,0,0,0,1,0.0,0.0,0.0,0.0,0.0,0.0,-0.31425000000000003,0,0,0,0,0,0,0,0,0,1
46.39452290534973,8.525033169131051,-81.63981311449359,39.851090700513446,9.407927473145946,-79.12247769048236,55.482645381609416,-0.7051998076387149,-0.031399991434849193,0.0,0.7083129759112216,0.0,0.0,0.0,0.0,0.0,0.0,-0.31425000000000003,9.1551647,-94.828995,43.316994,6.2769258844199385,-119.34171099871246,48.84914697205587,0.7065021609479875,0.128000391509331,9.821475838936706e-18,-0.6960392204102309
46.511948347091675,8.525698849987492,-81.61610598498923,39.84723526041367,9.381098557952981,-79.09932377906149,55.47064097843868,-0.7050997925839062,-0.03139999076320331,-2.448747565168557e-18,0.7084125373524973,0.0,0.0,0.0,0.0,0.0,0.0,-0.31425000000000003,9.1551647,-94.828995,43.316994,6.239928942736412,-119.30817626696194,48.84656858642014,0.7065006335331228,0.12800011478024023,-4.910748536209142e-17,-0.6960408216717908
46.577187061309814,0,0,0,0,0,0,0,0,0,1,0.0,0.0,0.0,0.0,0.0,0.0,-0.31425000000000003,0,0,0,0,0,0,0,0,0,1
46.6437406539917,8.525965596516683,-81.60660624581068,39.845690338015544,9.420426147336457,-79.07003722675918,55.5975095662275,-0.7049997966878945,-0.03159999088700349,-7.345303061794965e-18,0.7085031596584228,0.0,0.0,0.0,0.0,0.0,0.0,-0.31425000000000003,9.1551647,-94.828995,43.316994,6.255778834337008,-119.2925814266889,48.899536330313076,0.7064021638165477,0.12800039208453867,2.946859845283227e-17,-0.6961407060224993
46.706703662872314,0,0,0,0,0,0,0,0,0,1,0.0,0.0,0.0,0.0,0.0,0.0,-0.31425000000000003,0,0,0,0,0,0,0,0,0,1
46.771682024002075,8.525425179045103,-81.62585232576207,39.8488202871051,9.433404726502602,-79.09835171629615,55.547211990092165,-0.7050997925839062,-0.03139999076320331,-2.448747565168557e-18,0.7084125373524973,0.0,0.0,0.0,0.0,0.0,0.0,-0.31425000000000003,9.1551647,-94.828995,43.316994,6.282013470293947,-119.33513643487034,48.90043918959675,0.7065021609479875,0.128000391509331,9.821475838936706e-18,-0.6960392204102309
46.90007138252258,8.52537474620876,-81.6276484083306,39.84911238019701,9.430857360936926,-79.11340397222415,55.46556065501335,-0.7051997993530568,-0.03129999109437134,0.0,0.708317410169975,0.0,0.0,0.0,0.0,0.0,0.0,-0.31425000000000003,9.1551647,-94.828995,43.316994,6.2944513847255905,-119.34453897016448,48.87116649558623,0.7065024378089438,0.1279004413245066,0.0,-0.6960573126395669
46.95276618003845,0,0,0,0,0,0,0,0,0,1,0.0,0.0,0.0,0.0,0.0,0.0,-0.31425000000000003,0,0,0,0,0,0,0,0,0,1
47.01758003234863,8.525330351006646,-81.62922947048024,39.84936950497506,9.435944946810906,-79.10682940838203,55.516852872554225,-0.7051999705430583,-0.03129999869256627,7.347231068886577e-18,0.7083172393976551,0.0,0.0,0.0,0.0,0.0,0.0,-0.31425000000000003,9.1551647,-94.828995,43.316994,6.286012581441554,-119.31426791055647,48.88177071877051,0.7064021638165477,0.12800039208453867,2.946859845283227e-17,-0.6961407060224993
47.10769581794739,8.52550604722785,-81.62297233835874,39.84835192087292,9.42464197634979,-79.09693773057015,55.536202228326985,-0.7050997836783869,-0.031299990397296154,-2.448732237522345e-18,0.708416971604874,0.0,0.0,0.0,0.0,0.0,0.0,-0.31425000000000003,9.1551647,-94.828995,43.316994,6.2583190546453125,-119.30105911877479,48.86917721277514,0.7064021638165477,0.12800039208453867,2.946859845283227e-17,-0.6961407060224993
47.14512538909912,0,0,0,0,0,0,0,0,0,1,0.0,0.0,0.0,0.0,0.0,0.0,-0.31425000000000003,0,0,0,0,0,0,0,0,0,1
47.262582778930664,8.525622757343493,-81.61881589942973,39.84767596804126,9.426911864290844,-79.09595944553462,55.516355551851454,-0.7050997836783869,-0.031299990397296154,-2.448732237522345e-18,0.708416971604874,0.0,0.0,0.0,0.0,0.0,0.0,-0.31425000000000003,9.1551647,-94.828995,43.316994,6.2594539986158395,-119.30056997625702,48.85925387453737,0.7064024380463695,0.1279004414299698,-2.9468587012938994e-17,-0.6961587984103657
47.35836839675903,8.526607502152714,-81.58374583170124,39.84197259744139,9.432910531012254,-79.06465665906381,55.488352845612084,-0.7050997747459201,-0.031199990032722617,2.448716958864549e-18,0.7084213917402625,0.0,0.0,0.0,0.0,0.0,0.0,-0.31425000000000003,9.1551647,-94.828995,43.316994,6.279843666098543,-119.28301856591294,48.87252826547925,0.706400926916761,0.12790016782652,4.911441675334094e-17,-0.696160382039289
47.398268699645996,0,0,0,0,0,0,0,0,0,1,0.0,0.0,0.0,0.0,0.0,0.0,-0.31425000000000003,0,0,0,0,0,0,0,0,0,1
47.479008197784424,0,0,0,0,0,0,0,0,0,1,0.0,0.0,0.0,0.0,0.0,0.0,-0.31425000000000003,0,0,0,0,0,0,0,0,0,1
47.52171564102173,8.525536482574257,-81.62188843352392,39.84817564773265,9.413331860631331,-79.11057600077211,55.44354113148299,-0.7051997910384772,-0.031199990754963828,2.4490611495248264e-18,0.7083218303117433,0.0,0.0,0.0,0.0,0.0,0.0,-0.31425000000000003,9.1551647,-94.828995,43.316994,6.2891470809858845,-119.30334450588177,48.86251314511962,0.7064021638165477,0.12800039208453867,2.946859845283227e-17,-0.6961407060224993
47.63959574699402,8.525141325977476,-81.63596128618858,39.85046428586034,9.426317585054818,-79.11536054229519,55.50525400796441,-0.7050997836783869,-0.031299990397296154,-2.448732237522345e-18,0.708416971604874,0.0,0.0,0.0,0.0,0.0,0.0,-0.31425000000000003,9.1551647,-94.828995,43.316994,6.273250720141107,-119.33372244914433,48.88942942783157,0.7065006335331228,0.12800011478024023,-4.910748536209142e-17,-0.6960408216717908
47.700275897979736,0,0,0,0,0,0,0,0,0,1,0.0,0.0,0.0,0.0,0.0,0.0,-0.31425000000000003,0,0,0,0,0,0,0,0,0,1
47.76534676551819,8.524885392621263,-81.6450759319854,39.851946581340016,9.431675503296049,-79.11824195557449,55.54603378444288,-0.7050997925839062,-0.03139999076320331,-2.448747565168557e-18,0.7084125373524973,0.0,0.0,0.0,0.0,0.0,0.0,-0.31425000000000003,9.1551647,-94.828995,43.316994,6.270980832200053,-119.33470073417985,48.9092761043071,0.7065006335331228,0.12800011478024023,-4.910748536209142e-17,-0.6960408216717908
47.82666254043579,0,0,0,0,0,0,0,0,0,1,0.0,0.0,0.0,0.0,0.0,0.0,-0.31425000000000003,0,0,0,0,0,0,0,0,0,1
47.891520738601685,8.525276771487572,-81.63113761698192,39.84967982278631,9.471860559025458,-79.10254023164691,55.56148102243959,-0.7050997925839062,-0.03139999076320331,-2.448747565168557e-18,0.7084125373524973,0.0,0.0,0.0,0.0,0.0,0.0,-0.31425000000000003,9.1551647,-94.828995,43.316994,6.294504999227115,-119.30622591916107,48.903292921598094,0.7064021638165477,0.12800039208453867,2.946859845283227e-17,-0.6961407060224993
48.01656675338745,8.5247766047271,-81.64895023401844,39.85257665084776,9.427993193759846,-79.13378335402027,55.474305787601836,-0.7051998076387149,-0.031399991434849193,0.0,0.7083129759112216,0.0,0.0,0.0,0.0,0.0,0.0,-0.31425000000000003,9.1551647,-94.828995,43.316994,6.296721272666645,-119.34356068512895,48.8513198191107,0.7065021609479875,0.128000391509331,9.821475838936706e-18,-0.6960392204102309
48.100414514541626,0,0,0,0,0,0,0,0,0,1,0.0,0.0,0.0,0.0,0.0,0.0,-0.31425000000000003,0,0,0,0,0,0,0,0,0,1
48.144989252090454,8.525136550438727,-81.6361313591514,39.85049194446492,9.389267028869767,-79.12013886154809,55.47054919631681,-0.7051998076387149,-0.031399991434849193,0.0,0.7083129759112216,0.0,0.0,0.0,0.0,0.0,0.0,-0.31425000000000003,9.1551647,-94.828995,43.316994,6.276385219685437,-119.32279904446963,48.87017185418068,0.7065003531521521,0.12810006403225863,-2.946450291050116e-17,-0.6960227184444597
48.205960273742676,0,0,0,0,0,0,0,0,0,1,0.0,0.0,0.0,0.0,0.0,0.0,-0.31425000000000003,0,0,0,0,0,0,0,0,0,1
48.275930404663086,8.525793046978208,-81.61275131399907,39.84668969739835,9.393266140017374,-79.09927033723422,55.45188072549057,-0.7051999705430583,-0.03129999869256627,7.347231068886577e-18,0.7083172393976551,0.0,0.0,0.0,0.0,0.0,0.0,-0.31425000000000003,9.1551647,-94.828995,43.316994,6.287147525412081,-119.3137787680387,48.87184738053274,0.7064021638165477,0.12800039208453867,2.946859845283227e-17,-0.6961407060224993
48.399280071258545,8.525041722400271,-81.63950850386959,39.85104116233489,9.391807249178072,-79.12861655363398,55.44019007877888,-0.7052999722989732,-0.03129999877067611,4.898842728537997e-18,0.7082176636825878,0.0,0.0,0.0,0.0,0.0,0.0,-0.31425000000000003,9.1551647,-94.828995,43.316994,6.285688634572779,-119.34312498443848,48.86015673382106,0.7065021609479875,0.128000391509331,9.821475838936706e-18,-0.6960392204102309
48.49924278259277,8.524872063813296,-81.64555061557222,39.852023778123154,9.410745171078872,-79.11688141167575,55.553784275625816,-0.7051998076387149,-0.031399991434849193,0.0,0.7083129759112216,0.0,0.0,0.0,0.0,0.0,0.0,-0.31425000000000003,9.1551647,-94.828995,43.316994,6.264217637621044,-119.32285248629691,48.8889321071288,0.7065006335331228,0.12800011478024023,-4.910748536209142e-17,-0.6960408216717908
48.582234144210815,0,0,0,0,0,0,0,0,0,1,0.0,0.0,0.0,0.0,0.0,0.0,-0.31425000000000003,0,0,0,0,0,0,0,0,0,1
48.64682483673096,8.525002102736906,-81.6409194930564,39.851270628508345,9.433945391237103,-79.11726367053896,55.526187107967345,-0.7051997993530568,-0.03129999109437134,0.0,0.708317410169975,0.0,0.0,0.0,0.0,0.0,0.0,-0.31425000000000003,9.1551647,-94.828995,43.316994,6.294504999227115,-119.30622591916107,48.903292921598094,0.7064024380463695,0.1279004414299698,-2.9468587012938994e-17,-0.6961587984103657
48.72282791137695,0,0,0,0,0,0,0,0,0,1,0.0,0.0,0.0,0.0,0.0,0.0,-0.31425000000000003,0,0,0,0,0,0,0,0,0,1
48.86023664474487,8.525276771487572,-81.63113761698192,39.84967982278631,9.471860559025458,-79.10254023164691,55.56148102243959,-0.7050997836783869,-0.031299990397296154,-2.448732237522345e-18,0.708416971604874,0.0,0.0,0.0,0.0,0.0,0.0,-0.31425000000000003,9.1551647,-94.828995,43.316994,6.2767091665542125,-119.29394197058764,48.89178583913014,0.7064021638165477,0.12800039208453867,2.946859845283227e-17,-0.6961407060224993
48.91733694076538,8.52576675612281,-81.61368761959906,39.846841966788666,9.456334614293638,-79.08927799803794,55.5301272634961,-0.7050997836783869,-0.031299990397296154,-2.448732237522345e-18,0.708416971604874,0.0,0.0,0.0,0.0,0.0,0.0,-0.31425000000000003,9.1551647,-94.828995,43.316994,6.2767091665542125,-119.29394197058764,48.89178583913014,0.7064021638165477,0.12800039208453867,2.946859845283227e-17,-0.6961407060224993
48.98416018486023,0,0,0,0,0,0,0,0,0,1,0.0,0.0,0.0,0.0,0.0,0.0,-0.31425000000000003,0,0,0,0,0,0,0,0,0,1
49.02182221412659,8.525460389930256,-81.62459834796444,39.84861635536025,9.459145166969193,-79.10721166724525,55.48925570489577,-0.7051999781990189,-0.03139999902928134,0.0,0.708312805763855,0.0,0.0,0.0,0.0,0.0,0.0,-0.31425000000000003,9.1551647,-94.828995,43.316994,6.316029610680346,-119.28818536629922,48.9066439743022,0.7064006502884528,0.1280001178325622,1.9645774394669056e-17,-0.6961422922843441
49.10631966590881,0,0,0,0,0,0,0,0,0,1,0.0,0.0,0.0,0.0,0.0,0.0,-0.31425000000000003,0,0,0,0,0,0,0,0,0,1
49.20626258850098,8.524826406515702,-81.64717662517793,39.85228821261048,9.445248361698248,-79.12715534835087,55.5068377521946,-0.7051998158949213,-0.031499991776361334,0.0,0.708308527535747,0.0,0.0,0.0,0.0,0.0,0.0,-0.31425000000000003,9.1551647,-94.828995,43.316994,6.312895111136015,-119.29910877097392,48.92590154795309,0.7064018884675101,0.1281003424585052,-2.9468609939424183e-17,-0.6961226000005668
49.26449012756348,8.524331646341716,-81.6647966955236,39.85515372721271,9.42372375024496,-79.14519590121272,55.50348669949049,-0.7051998158949213,-0.031499991776361334,0.0,0.708308527535747,0.0,0.0,0.0,0.0,0.0,0.0,-0.31425000000000003,9.1551647,-94.828995,43.316994,6.301808858540596,-119.33698612128684,48.90261203665158,0.7065003531521521,0.12810006403225863,-2.946450291050116e-17,-0.6960227184444597
49.32604098320007,0,0,0,0,0,0,0,0,0,1,0.0,0.0,0.0,0.0,0.0,0.0,-0.31425000000000003,0,0,0,0,0,0,0,0,0,1
49.40200138092041,8.524476276168775,-81.6596459419649,39.85431607110548,9.438438697875057,-79.13009020345743,55.566377781621185,-0.7051998158949213,-0.031499991776361334,0.0,0.708308527535747,0.0,0.0,0.0,0.0,0.0,0.0,-0.31425000000000003,9.1551647,-94.828995,43.316994,6.3021328054093715,-119.30812904740485,48.92422602160104,0.7064018884675101,0.1281003424585052,-2.9468609939424183e-17,-0.6961226000005668
49.45771265029907,0,0,0,0,0,0,0,0,0,1,0.0,0.0,0.0,0.0,0.0,0.0,-0.31425000000000003,0,0,0,0,0,0,0,0,0,1
49.60175442695618,8.524889801399475,-81.64491892059623,39.8519210469114,9.363796920770426,-79.1207348877204,55.517993040450804,-0.7051998076387149,-0.031399991434849193,0.0,0.7083129759112216,0.0,0.0,0.0,0.0,0.0,0.0,-0.31425000000000003,9.1551647,-94.828995,43.316994,6.25399599662893,-119.35078471697065,48.86623169865193,0.7065021609479875,0.128000391509331,9.821475838936706e-18,-0.6960392204102309
49.64545273780823,0,0,0,0,0,0,0,0,0,1,0.0,0.0,0.0,0.0,0.0,0.0,-0.31425000000000003,0,0,0,0,0,0,0,0,0,1
49.725565910339355,8.525006511515118,-81.64076248166722,39.85124509407974,9.366066808711508,-79.11975660268487,55.49814636397528,-0.7051998076387149,-0.031399991434849193,0.0,0.7083129759112216,0.0,0.0,0.0,0.0,0.0,0.0,-0.31425000000000003,9.1551647,-94.828995,43.316994,6.235065219985529,-119.33898991091499,48.86464795442174,0.7065018829658432,0.1281003414124905,1.9642959406642367e-17,-0.69602111454734
49.768271923065186,0,0,0,0,0,0,0,0,0,1,0.0,0.0,0.0,0.0,0.0,0.0,-0.31425000000000003,0,0,0,0,0,0,0,0,0,1
49.82407331466675,0,0,0,0,0,0,0,0,0,1,0.0,0.0,0.0,0.0,0.0,0.0,-0.31425000000000003,0,0,0,0,0,0,0,0,0,1
49.99053931236267,8.524332277389458,-81.66477422179557,39.85515007235807,9.409015947872291,-79.1367716509541,55.552606069976534,-0.7051998076387149,-0.031399991434849193,0.0,0.7083129759112216,0.0,0.0,0.0,0.0,0.0,0.0,-0.31425000000000003,9.1551647,-94.828995,43.316994,6.284553690602252,-119.34361412695623,48.87008007205882,0.7065021609479875,0.128000391509331,9.821475838936706e-18,-0.6960392204102309
50.09877395629883,0,0,0,0,0,0,0,0,0,1,0.0,0.0,0.0,0.0,0.0,0.0,-0.31425000000000003,0,0,0,0,0,0,0,0,0,1
50.14015173912048,8.52371162278287,-81.68687781542225,39.858744732825166,9.416049474818522,-79.15807587595846,55.56243762609243,-0.7052999793348902,-0.03139999907998803,-2.449436698424019e-18,0.708213230043029,0.0,0.0,0.0,0.0,0.0,0.0,-0.31425000000000003,9.1551647,-94.828995,43.316994,6.301214579304542,-119.35638721804742,48.89151049276453,0.7065024378089438,0.1279004413245066,0.0,-0.6960573126395669
50.201658964157104,0,0,0,0,0,0,0,0,0,1,0.0,0.0,0.0,0.0,0.0,0.0,-0.31425000000000003,0,0,0,0,0,0,0,0,0,1
50.27186727523804,8.524295804408823,-81.66607314704926,39.8553613138122,9.412691112151123,-79.14476020052223,55.51232361420084,-0.7052999722989732,-0.03129999877067611,4.898842728537997e-18,0.7082176636825878,0.0,0.0,0.0,0.0,0.0,0.0,-0.31425000000000003,9.1551647,-94.828995,43.316994,6.281419191057893,-119.35453753163092,48.8893376457097,0.7065024378089438,0.1279004413245066,0.0,-0.6960573126395669
50.390992879867554,8.525010656006124,-81.64061488243242,39.85122109032979,9.417825167269285,-79.1234025336906,55.48373180513683,-0.7051997993530568,-0.03129999109437134,0.0,0.708317410169975,0.0,0.0,0.0,0.0,0.0,0.0,-0.31425000000000003,9.1551647,-94.828995,43.316994,6.27238610853783,-119.3436675687835,48.888840325006925,0.7065024378089438,0.1279004413245066,0.0,-0.6960573126395669
50.491886138916016,8.52556377123793,-81.62091659262225,39.84801759931173,9.440484722693014,-79.10487283831098,55.47715951960316,-0.7050997925839062,-0.03139999076320331,-2.448747565168557e-18,0.7084125373524973,0.0,0.0,0.0,0.0,0.0,0.0,-0.31425000000000003,9.1551647,-94.828995,43.316994,6.290822689690913,-119.32176731760683,48.831564924757046,0.7065021609479875,0.128000391509331,9.821475838936706e-18,-0.6960392204102309
50.60049295425415,0,0,0,0,0,0,0,0,0,1,0.0,0.0,0.0,0.0,0.0,0.0,-0.31425000000000003,0,0,0,0,0,0,0,0,0,1
50.660422563552856,8.525547295747234,-81.6215033401422,39.84811302081421,9.458017368256037,-79.08417086174912,55.611189495750274,-0.7049997872145043,-0.03149999049256296,-7.345256797989458e-18,0.7085076221371738,0.0,0.0,0.0,0.0,0.0,0.0,-0.31425000000000003,9.1551647,-94.828995,43.316994,6.277303445790267,-119.27454087382705,48.90288738301719,0.7064006502884528,0.1280001178325622,1.9645774394669056e-17,-0.6961422922843441
50.70920920372009,0,0,0,0,0,0,0,0,0,1,0.0,0.0,0.0,0.0,0.0,0.0,-0.31425000000000003,0,0,0,0,0,0,0,0,0,1
50.854877948760986,8.525130257073268,-81.63635548701767,39.8505283939036,9.466192984430194,-79.08145599622182,55.72310816624516,-0.7049997872145043,-0.03149999049256296,-7.345256797989458e-18,0.7085076221371738,0.0,0.0,0.0,0.0,0.0,0.0,-0.31425000000000003,9.1551647,-94.828995,43.316994,6.249833782117122,-119.28557116215629,48.9596654625643,0.706400926916761,0.12790016782652,4.911441675334094e-17,-0.696160382039289
50.90218758583069,8.525155285833183,-81.63546412887374,39.85038343422256,9.432540114899325,-79.10829683593532,55.54662288726752,-0.7050997925839062,-0.03139999076320331,-2.448747565168557e-18,0.7084125373524973,0.0,0.0,0.0,0.0,0.0,0.0,-0.31425000000000003,9.1551647,-94.828995,43.316994,6.256265884569984,-119.34980643193512,48.846385022176406,0.7065024378089438,0.1279004413245066,0.0,-0.6960573126395669
50.95827341079712,0,0,0,0,0,0,0,0,0,1,0.0,0.0,0.0,0.0,0.0,0.0,-0.31425000000000003,0,0,0,0,0,0,0,0,0,1
51.0317816734314,8.525199681035296,-81.63388306672408,39.850126309444505,9.427452529025345,-79.11487139977743,55.49533066972664,-0.7051999781990189,-0.03139999902928134,0.0,0.708312805763855,0.0,0.0,0.0,0.0,0.0,0.0,-0.31425000000000003,9.1551647,-94.828995,43.316994,6.266217193194848,-119.31241822413998,48.87959787171568,0.7064018884675101,0.1281003424585052,-2.9468609939424183e-17,-0.6961226000005668
51.08317446708679,0,0,0,0,0,0,0,0,0,1,0.0,0.0,0.0,0.0,0.0,0.0,-0.31425000000000003,0,0,0,0,0,0,0,0,0,1
51.231956005096436,8.524696367592092,-81.65180774769374,39.8530413622253,9.422048141539932,-79.12677308948766,55.534434919853055,-0.7051998158949213,-0.031499991776361334,0.0,0.708308527535747,0.0,0.0,0.0,0.0,0.0,0.0,-0.31425000000000003,9.1551647,-94.828995,43.316994,6.312841496634491,-119.33742182197733,48.89377512194123,0.7065018829658432,0.1281003414124905,1.9642959406642367e-17,-0.69602111454734
51.27470517158508,0,0,0,0,0,0,0,0,0,1,0.0,0.0,0.0,0.0,0.0,0.0,-0.31425000000000003,0,0,0,0,0,0,0,0,0,1
51.33008074760437,0,0,0,0,0,0,0,0,0,1,0.0,0.0,0.0,0.0,0.0,0.0,-0.31425000000000003,0,0,0,0,0,0,0,0,0,1
51.40761709213257,8.524777866822582,-81.64890528656237,39.85256934113848,9.398577589014451,-79.11693485350303,55.57254452857393,-0.7050998014619467,-0.03149999113040891,4.897525883608215e-18,0.7084080889833964,0.0,0.0,0.0,0.0,0.0,0.0,-0.31425000000000003,9.1551647,-94.828995,43.316994,6.284877637471027,-119.31475705307423,48.89169405700827,0.7064018884675101,0.1281003424585052,-2.9468609939424183e-17,-0.6961226000005668
51.48482632637024,8.525110259583329,-81.6370676647514,39.85064421385524,9.452335503146031,-79.11014652235181,55.548795734322354,-0.7050998103119765,-0.03159999149887743,7.346335102289767e-18,0.7084036264978358,0.0,0.0,0.0,0.0,0.0,0.0,-0.31425000000000003,9.1551647,-94.828995,43.316994,6.279843666098543,-119.28301856591294,48.87252826547925,0.7064018884675101,0.1281003424585052,-2.9468609939424183e-17,-0.6961226000005668
51.60618042945862,0,0,0,0,0,0,0,0,0,1,0.0,0.0,0.0,0.0,0.0,0.0,-0.31425000000000003,0,0,0,0,0,0,0,0,0,1
51.653428077697754,8.524939338900873,-81.6431547239101,39.8516341393528,9.500689029792227,-79.11525988091083,55.564151190197194,-0.7050998014619467,-0.03149999113040891,4.897525883608215e-18,0.7084080889833964,0.0,0.0,0.0,0.0,0.0,0.0,-0.31425000000000003,9.1551647,-94.828995,43.316994,6.302997417012648,-119.29818392776568,48.92481512442568,0.7064018884675101,0.1281003424585052,-2.9468609939424183e-17,-0.6961226000005668
51.70396399497986,0,0,0,0,0,0,0,0,0,1,0.0,0.0,0.0,0.0,0.0,0.0,-0.31425000000000003,0,0,0,0,0,0,0,0,0,1
51.76605439186096,8.524318684294286,-81.66525831753678,39.85522879981989,9.507722556738429,-79.13656410591518,55.57398274631308,-0.7051998158949213,-0.031499991776361334,0.0,0.708308527535747,0.0,0.0,0.0,0.0,0.0,0.0,-0.31425000000000003,9.1551647,-94.828995,43.316994,6.321604246787302,-119.33883580770333,48.90478488370641,0.7065006335331228,0.12800011478024023,-4.910748536209142e-17,-0.6960408216717908
51.82461857795715,0,0,0,0,0,0,0,0,0,1,0.0,0.0,0.0,0.0,0.0,0.0,-0.31425000000000003,0,0,0,0,0,0,0,0,0,1
51.99337983131409,8.524710327447801,-81.65131059037888,39.85296051058751,9.428270671384439,-79.11970938312777,55.575803799156176,-0.7051999781990189,-0.03139999902928134,0.0,0.708312805763855,0.0,0.0,0.0,0.0,0.0,0.0,-0.31425000000000003,9.1551647,-94.828995,43.316994,6.276979498921463,-119.30339794770904,48.881273398067734,0.7064021638165477,0.12800039208453867,2.946859845283227e-17,-0.6961407060224993
52.0874924659729,0,0,0,0,0,0,0,0,0,1,0.0,0.0,0.0,0.0,0.0,0.0,-0.31425000000000003,0,0,0,0,0,0,0,0,0,1
52.15149641036987,8.525573586602633,-81.6205670345422,39.84796075142389,9.394948893979773,-79.09416320094539,55.53294295774474,-0.7050997925839062,-0.03139999076320331,-2.448747565168557e-18,0.7084125373524973,0.0,0.0,0.0,0.0,0.0,0.0,-0.31425000000000003,9.1551647,-94.828995,43.316994,6.277573778157489,-119.28399685094845,48.89237494195478,0.7064018884675101,0.1281003424585052,-2.9468609939424183e-17,-0.6961226000005668
52.21284079551697,0,0,0,0,0,0,0,0,0,1,0.0,0.0,0.0,0.0,0.0,0.0,-0.31425000000000003,0,0,0,0,0,0,0,0,0,1
52.267481565475464,8.52644099024847,-81.58967587947072,39.842936988510324,9.413385475132856,-79.07226294976871,55.475667557494845,-0.7050997836783869,-0.031299990397296154,-2.448732237522345e-18,0.708416971604874,0.0,0.0,0.0,0.0,0.0,0.0,-0.31425000000000003,9.1551647,-94.828995,43.316994,6.280384330833044,-119.30193052015576,48.85150338335444,0.7064024380463695,0.1279004414299698,-2.9468587012938994e-17,-0.6961587984103657
52.40057730674744,8.526112110930988,-81.60138837577493,39.844841766898256,9.42609372193175,-79.09112146218428,55.435882422421926,-0.7051997910384772,-0.031199990754963828,2.4490611495248264e-18,0.7083218303117433,0.0,0.0,0.0,0.0,0.0,0.0,-0.31425000000000003,9.1551647,-94.828995,43.316994,6.264534439232449,-119.3175253604288,48.798535639461505,0.7065021609479875,0.128000391509331,9.821475838936706e-18,-0.6960392204102309
52.45200753211975,0,0,0,0,0,0,0,0,0,1,0.0,0.0,0.0,0.0,0.0,0.0,-0.31425000000000003,0,0,0,0,0,0,0,0,0,1
52.51681590080261,8.5255869154106,-81.6200923509554,39.847883554640745,9.415879226197006,-79.09552374484413,55.525192466561805,-0.7050997836783869,-0.031299990397296154,-2.448732237522345e-18,0.708416971604874,0.0,0.0,0.0,0.0,0.0,0.0,-0.31425000000000003,9.1551647,-94.828995,43.316994,6.245557193344894,-119.32051365736265,48.87683592183621,0.7064018884675101,0.1281003424585052,-2.9468609939424183e-17,-0.6961226000005668
52.61353087425232,0,0,0,0,0,0,0,0,0,1,0.0,0.0,0.0,0.0,0.0,0.0,-0.31425000000000003,0,0,0,0,0,0,0,0,0,1
52.70575451850891,8.524944378726826,-81.64297523879287,39.85160495006954,9.418102644893878,-79.10932856279811,55.58522981669117,-0.7050997925839062,-0.03139999076320331,-2.448747565168557e-18,0.7084125373524973,0.0,0.0,0.0,0.0,0.0,0.0,-0.31425000000000003,9.1551647,-94.828995,43.316994,6.2715751114360785,-119.31529963741926,48.92037764819415,0.7064021638165477,0.12800039208453867,2.946859845283227e-17,-0.6961407060224993
52.83533978462219,8.524403961255246,-81.66222131874426,39.8547348991591,9.431081224059994,-79.13764305233508,55.53493224055583,-0.7051998076387149,-0.031399991434849193,0.0,0.7083129759112216,0.0,0.0,0.0,0.0,0.0,0.0,-0.31425000000000003,9.1551647,-94.828995,43.316994,6.306078302055454,-119.32557357409438,48.87343112476293,0.7065024378089438,0.1279004413245066,0.0,-0.6960573126395669
52.955486536026,8.524188645370677,-81.66988944005259,39.8559819494347,9.48452233658017,-79.13618184705197,55.60157991397155,-0.7051997993530568,-0.03129999109437134,0.0,0.708317410169975,0.0,0.0,0.0,0.0,0.0,0.0,-0.31425000000000003,9.1551647,-94.828995,43.316994,6.3340957757204706,-119.30992529199406,48.90763861570775,0.7064027111589859,0.12780049049563755,9.822858539886795e-18,-0.6961768771629152
53.022714138031006,8.524476276168775,-81.6596459419649,39.85431607110548,9.438438697875057,-79.13009020345743,55.566377781621185,-0.7051997993530568,-0.03129999109437134,0.0,0.708317410169975,0.0,0.0,0.0,0.0,0.0,0.0,-0.31425000000000003,9.1551647,-94.828995,43.316994,6.317381272516599,-119.33546525190627,48.85408176899017,0.7066011785731136,0.12780021316394555,9.820099533260607e-18,-0.695975488041308
53.11774158477783,0,0,0,0,0,0,0,0,0,1,0.0,0.0,0.0,0.0,0.0,0.0,-0.31425000000000003,0,0,0,0,0,0,0,0,0,1
53.16044306755066,8.526076900045837,-81.60264235357255,39.845045698643105,9.400353281465158,-79.08226151123516,55.49383870761832,-0.7050997925839062,-0.03139999076320331,-2.448747565168557e-18,0.7084125373524973,0.0,0.0,0.0,0.0,0.0,0.0,-0.31425000000000003,9.1551647,-94.828995,43.316994,6.271297633811457,-119.32937360831176,48.81887963663981,0.7065021609479875,0.128000391509331,9.821475838936706e-18,-0.6960392204102309
53.276695251464844,8.526148583911624,-81.60008945052124,39.844630525444124,9.422418557652918,-79.08313291261614,55.47616487819762,-0.7050997836783869,-0.031299990397296154,-2.448732237522345e-18,0.708416971604874,0.0,0.0,0.0,0.0,0.0,0.0,-0.31425000000000003,9.1551647,-94.828995,43.316994,6.270486636709705,-119.30100567694751,48.85041695982703,0.7064021638165477,0.12800039208453867,2.946859845283227e-17,-0.6961407060224993
53.325438261032104,0,0,0,0,0,0,0,0,0,1,0.0,0.0,0.0,0.0,0.0,0.0,-0.31425000000000003,0,0,0,0,0,0,0,0,0,1
53.402259349823,8.525770533853281,-81.61355308193792,39.84682008721469,9.403163834140713,-79.10019518044247,55.45296714901798,-0.7051999628561916,-0.031199998356655115,7.347185226400342e-18,0.7083216589164633,0.0,0.0,0.0,0.0,0.0,0.0,-0.31425000000000003,9.1551647,-94.828995,43.316994,6.280654663200295,-119.31138649727717,48.84099094229203,0.7065009127914234,0.1279001652456094,4.910746595139758e-17,-0.6960589112675961
53.457910776138306,0,0,0,0,0,0,0,0,0,1,0.0,0.0,0.0,0.0,0.0,0.0,-0.31425000000000003,0,0,0,0,0,0,0,0,0,1
53.57747459411621,8.525594837632077,-81.61981021405943,39.847837671316825,9.414466804601858,-79.11008685825436,55.43361779324523,-0.7051997993530568,-0.03129999109437134,0.0,0.708317410169975,-0.022250000000000002,-0.018750000000000003,-0.006500000000000001,-0.01725,-0.0015,-0.005,-0.31375000000000003,9.1551647,-94.828995,43.316994,6.312887965878616,-119.3226387189878,48.813891095336345,0.7065021609479875,0.128000391509331,9.821475838936706e-18,-0.6960392204102309
53.732240438461304,8.524292026678351,-81.66620768471041,39.855383193386174,9.46586189230402,-79.13384301811772,55.58948372867896,-0.7051998158949213,-0.031499991776361334,0.0,0.708308527535747,-0.022250000000000002,-0.018750000000000003,-0.006500000000000001,-0.01725,-0.0015,-0.005,-0.31375000000000003,9.1551647,-94.828995,43.316994,6.291911164417286,-119.33606127807859,48.901525613124164,0.7065009127914234,0.1279001652456094,4.910746595139758e-17,-0.6960589112675961
53.78513193130493,0,0,0,0,0,0,0,0,0,1,-0.022250000000000002,-0.018750000000000003,-0.006500000000000001,-0.01725,-0.0015,-0.005,-0.31375000000000003,0,0,0,0,0,0,0,0,0,1
53.85729718208313,0,0,0,0,0,0,0,0,0,1,-0.022250000000000002,-0.018750000000000003,-0.006500000000000001,-0.01725,-0.0015,-0.005,-0.31375000000000003,0,0,0,0,0,0,0,0,0,1
53.901023864746094,8.52470114313084,-81.65163767473089,39.85301370362071,9.45909869772504,-79.12199477023475,55.569139731500655,-0.7051999781990189,-0.03139999902928134,0.0,0.708312805763855,-0.022250000000000002,-0.018750000000000003,-0.006500000000000001,-0.01725,-0.0015,-0.005,-0.31375000000000003,9.1551647,-94.828995,43.316994,6.278655107626491,-119.3218207594341,48.85032517770516,0.7065009127914234,0.1279001652456094,4.910746595139758e-17,-0.6960589112675961
53.95901107788086,0,0,0,0,0,0,0,0,0,1,-0.022250000000000002,-0.018750000000000003,-0.006500000000000001,-0.01725,-0.0015,-0.005,-0.31375000000000003,0,0,0,0,0,0,0,0,0,1
54.10395312309265,8.525388706064467,-81.62715125101576,39.84903152855923,9.437079890781433,-79.10634026586428,55.50692953431646,-0.7050997925839062,-0.03139999076320331,-2.448747565168557e-18,0.7084125373524973,-0.022250000000000002,-0.018750000000000003,-0.006500000000000001,-0.01725,-0.0015,-0.005,-0.31375000000000003,9.1551647,-94.828995,43.316994,6.280113998465794,-119.29247454303436,48.862015824416844,0.7064024380463695,0.1279004414299698,-2.9468587012938994e-17,-0.6961587984103657
54.15708661079407,8.526242780902338,-81.59673477953109,39.84408496242881,9.434586139717283,-79.08307947078887,55.45740462524951,-0.7050997836783869,-0.031299990397296154,-2.448732237522345e-18,0.708416971604874,-0.022250000000000002,-0.018750000000000003,-0.006500000000000001,-0.01725,-0.0015,-0.005,-0.31375000000000003,9.1551647,-94.828995,43.316994,6.291416968926939,-119.30236622084625,48.84266646864409,0.7064024380463695,0.1279004414299698,-2.9468587012938994e-17,-0.6961587984103657
54.23816180229187,8.525329719958904,-81.62925194420828,39.849373159829696,9.450652749183632,-79.11525365864065,55.467733502068185,-0.7051997910384772,-0.031199990754963828,2.4490611495248264e-18,0.7083218303117433,-0.022250000000000002,-0.018750000000000003,-0.006500000000000001,-0.01725,-0.0015,-0.005,-0.31375000000000003,9.1551647,-94.828995,43.316994,6.310618077937562,-119.32361700402333,48.83373777181187,0.7065009127914234,0.1279001652456094,4.910746595139758e-17,-0.6960589112675961
54.28221249580383,0,0,0,0,0,0,0,0,0,1,-0.022250000000000002,-0.018750000000000003,-0.006500000000000001,-0.01725,-0.0015,-0.005,-0.31375000000000003,0,0,0,0,0,0,0,0,0,1
54.334216594696045,0,0,0,0,0,0,0,0,0,1,-0.022250000000000002,-0.018750000000000003,-0.006500000000000001,-0.01725,-0.0015,-0.005,-0.31375000000000003,0,0,0,0,0,0,0,0,0,1
54.485639810562134,8.525555849016452,-81.62119872951823,39.84806348263565,9.441897144288191,-79.09030972490075,55.56873419291975,-0.7050998014619467,-0.03149999113040891,4.897525883608215e-18,0.7084080889833964,-0.022250000000000002,-0.018750000000000003,-0.006500000000000001,-0.01725,-0.0015,-0.005,-0.31375000000000003,9.1551647,-94.828995,43.316994,6.285201584339802,-119.28589997919224,48.91330804195772,0.7064006502884528,0.1280001178325622,1.9645774394669056e-17,-0.6961422922843441
54.528846740722656,8.52605501796865,-81.60342164778336,39.84517243360481,9.395543173215799,-79.0747621041848,55.54404450163179,-0.7050999772351926,-0.03139999898622188,0.0,0.7084123532001656,-0.022250000000000002,-0.018750000000000003,-0.006500000000000001,-0.01725,-0.0015,-0.005,-0.31375000000000003,9.1551647,-94.828995,43.316994,6.243611252272615,-119.29263486851617,48.918296583261196,0.706400926916761,0.12790016782652,4.911441675334094e-17,-0.696160382039289
54.61418628692627,8.52584284876681,-81.61097770515858,39.84640125916107,9.410521307955776,-79.09264233156483,55.48441269008333,-0.7050997836783869,-0.031299990397296154,-2.448732237522345e-18,0.708416971604874,-0.022250000000000002,-0.018750000000000003,-0.006500000000000001,-0.01725,-0.0015,-0.005,-0.31375000000000003,9.1551647,-94.828995,43.316994,6.27811444289199,-119.3029088051913,48.871350059829965,0.7064021638165477,0.12800039208453867,2.946859845283227e-17,-0.6961407060224993
54.7060968875885,0,0,0,0,0,0,0,0,0,1,-0.022250000000000002,-0.018750000000000003,-0.006500000000000001,-0.01725,-0.0015,-0.005,-0.31375000000000003,0,0,0,0,0,0,0,0,0,1
54.79116344451904,8.525622757343493,-81.61881589942973,39.84767596804126,9.426911864290844,-79.09595944553462,55.516355551851454,-0.7050997925839062,-0.03139999076320331,-2.448747565168557e-18,0.7084125373524973,-0.022250000000000002,-0.018750000000000003,-0.006500000000000001,-0.01725,-0.0015,-0.005,-0.31375000000000003,9.1551647,-94.828995,43.316994,6.279249386862517,-119.30241966267353,48.8614267215922,0.7064021638165477,0.12800039208453867,2.946859845283227e-17,-0.6961407060224993
54.98633623123169,8.524813708755476,-81.64762883503671,39.85236175453899,9.409610227108317,-79.11737055419351,55.563707613863585,-0.7051999858235425,-0.031499999366763454,0.0,0.7083083580153277,-0.022250000000000002,-0.018750000000000003,-0.006500000000000001,-0.01725,-0.0015,-0.005,-0.31375000000000003,9.1551647,-94.828995,43.316994,6.274115331744383,-119.32377732950516,48.890018530656214,0.7065006335331228,0.12800011478024023,-4.910748536209142e-17,-0.6960408216717908
55.025075912475586,8.525141957025216,-81.63593881246055,39.8504606310057,9.411609782682149,-79.10693629203658,55.554373378450464,-0.7051999858235425,-0.031499999366763454,0.0,0.7083083580153277,-0.022250000000000002,-0.018750000000000003,-0.006500000000000001,-0.01725,-0.0015,-0.005,-0.31375000000000003,9.1551647,-94.828995,43.316994,6.272169390672104,-119.29589854065868,48.9314791920812,0.7064006502884528,0.1280001178325622,1.9645774394669056e-17,-0.6961422922843441
55.08277750015259,0,0,0,0,0,0,0,0,0,1,-0.022250000000000002,-0.018750000000000003,-0.006500000000000001,-0.01725,-0.0015,-0.005,-0.31375000000000003,0,0,0,0,0,0,0,0,0,1
55.154128313064575,8.525617981804745,-81.61898597239258,39.847703626645846,9.389861308105793,-79.10073776478751,55.48165074020386,-0.7051997993530568,-0.03129999109437134,0.0,0.708317410169975,-0.022250000000000002,-0.018750000000000003,-0.006500000000000001,-0.01725,-0.0015,-0.005,-0.31375000000000003,9.1551647,-94.828995,43.316994,6.256319499071509,-119.31149338093172,48.87851144818826,0.7065009127914234,0.1279001652456094,4.910746595139758e-17,-0.6960589112675961
55.2468101978302,8.525118812852549,-81.63676305412743,39.85059467567668,9.436215279178157,-79.11628538550345,55.50634043149182,-0.7051997993530568,-0.03129999109437134,0.0,0.708317410169975,-0.022250000000000002,-0.018750000000000003,-0.006500000000000001,-0.01725,-0.0015,-0.005,-0.31375000000000003,9.1551647,-94.828995,43.316994,6.304943358084927,-119.32606271661214,48.8833544630007,0.7065009127914234,0.1279001652456094,4.910746595139758e-17,-0.6960589112675961
55.396589517593384,8.52516861464115,-81.63498944528692,39.85030623743941,9.453470447116558,-79.10965737983406,55.538872396084585,-0.7050997925839062,-0.03139999076320331,-2.448747565168557e-18,0.7084125373524973,-0.022250000000000002,-0.018750000000000003,-0.006500000000000001,-0.01725,-0.0015,-0.005,-0.31375000000000003,9.1551647,-94.828995,43.316994,6.2942346668598645,-119.29676994203966,48.9138053626605,0.7064021638165477,0.12800039208453867,2.946859845283227e-17,-0.6961407060224993
55.46196627616882,0,0,0,0,0,0,0,0,0,1,-0.022250000000000002,-0.018750000000000003,-0.006500000000000001,-0.01725,-0.0015,-0.005,-0.31375000000000003,0,0,0,0,0,0,0,0,0,1
55.54077219963074,8.525996031863087,-81.6055223409759,39.84551406487528,9.409116031617998,-79.08367549696118,55.504848469383504,-0.7050997836783869,-0.031299990397296154,-2.448732237522345e-18,0.708416971604874,-0.022250000000000002,-0.018750000000000003,-0.006500000000000001,-0.01725,-0.0015,-0.005,-0.31375000000000003,9.1551647,-94.828995,43.316994,6.275844554950936,-119.30388709022681,48.891196736305496,0.7064021638165477,0.12800039208453867,2.946859845283227e-17,-0.6961407060224993
55.61142349243164,0,0,0,0,0,0,0,0,0,1,-0.022250000000000002,-0.018750000000000003,-0.006500000000000001,-0.01725,-0.0015,-0.005,-0.31375000000000003,0,0,0,0,0,0,0,0,0,1
55.663885831832886,8.526076268998095,-81.60266482730057,39.84504935349774,9.415061083837884,-79.09068576149377,55.44471933713227,-0.7051999628561916,-0.031199998356655115,7.347185226400342e-18,0.7083216589164633,-0.022250000000000002,-0.018750000000000003,-0.006500000000000001,-0.01725,-0.0015,-0.005,-0.31375000000000003,9.1551647,-94.828995,43.316994,6.292551912897466,-119.30187707832849,48.83274313040633,0.7065009127914234,0.1279001652456094,4.910746595139758e-17,-0.6960589112675961
55.83080506324768,8.52537474620876,-81.6276484083306,39.84911238019701,9.430857360936926,-79.11340397222415,55.46556065501335,-0.7051997910384772,-0.031199990754963828,2.4490611495248264e-18,0.7083218303117433,-0.022250000000000002,-0.018750000000000003,-0.006500000000000001,-0.01725,-0.0015,-0.005,-0.31375000000000003,9.1551647,-94.828995,43.316994,6.302719939388055,-119.31225789865815,48.82331711287134,0.7065024378089438,0.1279004413245066,0.0,-0.6960573126395669
55.897884368896484,8.524957076487052,-81.6425230289341,39.851531408141035,9.453740779483809,-79.11911335695547,55.52835995502218,-0.7051998158949213,-0.031499991776361334,0.0,0.708308527535747,-0.022250000000000002,-0.018750000000000003,-0.006500000000000001,-0.01725,-0.0015,-0.005,-0.31375000000000003,9.1551647,-94.828995,43.316994,6.308077857629257,-119.31513931193744,48.86409688934981,0.7065006335331228,0.12800011478024023,-4.910748536209142e-17,-0.6960408216717908
55.977444887161255,0,0,0,0,0,0,0,0,0,1,-0.022250000000000002,-0.018750000000000003,-0.006500000000000001,-0.01725,-0.0015,-0.005,-0.31375000000000003,0,0,0,0,0,0,0,0,0,1
56.02129769325256,8.525200312083037,-81.63386059299604,39.85012265458987,9.412744726652676,-79.10644714951881,55.544450040212695,-0.7050998014619467,-0.03149999113040891,4.897525883608215e-18,0.7084080889833964,-0.022250000000000002,-0.018750000000000003,-0.006500000000000001,-0.01725,-0.0015,-0.005,-0.31375000000000003,9.1551647,-94.828995,43.316994,6.284283358235001,-119.33415814983482,48.88059251312123,0.7065003531521521,0.12810006403225863,-2.946450291050116e-17,-0.6960227184444597
56.09885215759277,0,0,0,0,0,0,0,0,0,1,-0.022250000000000002,-0.018750000000000003,-0.006500000000000001,-0.01725,-0.0015,-0.005,-0.31375000000000003,0,0,0,0,0,0,0,0,0,1
56.23249697685242,8.525338904275866,-81.62892485985626,39.8493199667965,9.419824722843089,-79.11296827153366,55.4743975697237,-0.7051997826955055,-0.031099990416662254,-2.449045915550817e-18,0.7083262363362628,-0.022250000000000002,-0.018750000000000003,-0.006500000000000001,-0.01725,-0.0015,-0.005,-0.314,9.1551647,-94.828995,43.316994,6.299044775109223,-119.30426934909002,48.86359956864703,0.7065009127914234,0.1279001652456094,4.910746595139758e-17,-0.6960589112675961
56.28893566131592,0,0,0,0,0,0,0,0,0,1,-0.022250000000000002,-0.018750000000000003,-0.006500000000000001,-0.01725,-0.0015,-0.005,-0.314,0,0,0,0,0,0,0,0,0,1
56.33490562438965,0,0,0,0,0,0,0,0,0,1,-0.022250000000000002,-0.018750000000000003,-0.006500000000000001,-0.01725,-0.0015,-0.005,-0.314,0,0,0,0,0,0,0,0,0,1
56.39847207069397,8.525155285833183,-81.63546412887374,39.85038343422256,9.432540114899325,-79.10829683593532,55.54662288726752,-0.7051997993530568,-0.03129999109437134,0.0,0.708317410169975,-0.022250000000000002,-0.018750000000000003,-0.006500000000000001,-0.01725,-0.0015,-0.005,-0.314,9.1551647,-94.828995,43.316994,6.2780608283904655,-119.3412218561947,48.83922363381811,0.7066008978057046,0.12790016250969372,0.0,-0.6959574122388282
56.46134424209595,0,0,0,0,0,0,0,0,0,1,-0.022250000000000002,-0.018750000000000003,-0.006500000000000001,-0.01725,-0.0015,-0.005,-0.314,0,0,0,0,0,0,0,0,0,1
56.62239670753479,8.525082970919653,-81.63803950565308,39.850802262276176,9.425182641084291,-79.11584968481296,55.51517734620217,-0.7051998076387149,-0.031399991434849193,0.0,0.7083129759112216,-0.022250000000000002,-0.018750000000000003,-0.006500000000000001,-0.01725,-0.0015,-0.005,-0.314,9.1551647,-94.828995,43.316994,6.281195327934796,-119.33029845152,48.81996606016722,0.7065021609479875,0.128000391509331,9.821475838936706e-18,-0.6960392204102309
56.72549271583557,0,0,0,0,0,0,0,0,0,1,-0.022250000000000002,-0.018750000000000003,-0.006500000000000001,-0.01725,-0.0015,-0.005,-0.314,0,0,0,0,0,0,0,0,0,1
56.791189670562744,8.525289102487264,-81.63069846869676,39.84960840503377,9.402569554904687,-79.11959627720304,55.441865605130936,-0.7051997910384772,-0.031199990754963828,2.4490611495248264e-18,0.7083218303117433,-0.022250000000000002,-0.018750000000000003,-0.006500000000000001,-0.01725,-0.0015,-0.005,-0.314,9.1551647,-94.828995,43.316994,6.301261048548753,-119.3416041150579,48.811626466159645,0.7066006159156615,0.1280001115726078,-8.838096617597481e-17,-0.6959393228040847
56.862820625305176,0,0,0,0,0,0,0,0,0,1,-0.022250000000000002,-0.018750000000000003,-0.006500000000000001,-0.01725,-0.0015,-0.005,-0.314,0,0,0,0,0,0,0,0,0,1
56.91010570526123,8.525698218939752,-81.61612845871727,39.847238915268306,9.395806360325679,-79.1077480293201,55.42152160795263,-0.7051997910384772,-0.031199990754963828,2.4490611495248264e-18,0.7083218303117433,-0.022250000000000002,-0.018750000000000003,-0.006500000000000001,-0.01725,-0.0015,-0.005,-0.314,9.1551647,-94.828995,43.316994,6.280654663200295,-119.31138649727717,48.84099094229203,0.7065006335331228,0.12800011478024023,-4.910748536209142e-17,-0.6960408216717908
57.0292272567749,8.525136550438727,-81.6361313591514,39.85049194446492,9.389267028869767,-79.12013886154809,55.47054919631681,-0.7051997993530568,-0.03129999109437134,0.0,0.708317410169975,-0.022250000000000002,-0.018750000000000003,-0.006500000000000001,-0.01725,-0.0015,-0.005,-0.314,9.1551647,-94.828995,43.316994,6.267352137165375,-119.31192908162221,48.86967453347792,0.7064021638165477,0.12800039208453867,2.946859845283227e-17,-0.6961407060224993
57.09565758705139,0,0,0,0,0,0,0,0,0,1,-0.022250000000000002,-0.018750000000000003,-0.006500000000000001,-0.01725,-0.0015,-0.005,-0.314,0,0,0,0,0,0,0,0,0,1
57.156405448913574,8.525392483794938,-81.62701671335459,39.84900964898525,9.383909110628537,-79.11725744826879,55.42976941983835,-0.7051997910384772,-0.031199990754963828,2.4490611495248264e-18,0.7083218303117433,-0.022250000000000002,-0.018750000000000003,-0.006500000000000001,-0.01725,-0.0015,-0.005,-0.314,9.1551647,-94.828995,43.316994,6.287417857779332,-119.32323474516012,48.86133493947034,0.7065009127914234,0.1279001652456094,4.910746595139758e-17,-0.6960589112675961
57.20709729194641,0,0,0,0,0,0,0,0,0,1,-0.022250000000000002,-0.018750000000000003,-0.006500000000000001,-0.01725,-0.0015,-0.005,-0.314,0,0,0,0,0,0,0,0,0,1
57.280243158340454,8.525625904026223,-81.6187038354966,39.84765774332192,9.388448886510645,-79.11530087819774,55.39007606688729,-0.7051997826955055,-0.031099990416662254,-2.449045915550817e-18,0.7083262363362628,-0.022250000000000002,-0.018750000000000003,-0.006500000000000001,-0.01725,-0.0015,-0.005,-0.314,9.1551647,-94.828995,43.316994,6.2973155519026704,-119.32415958836837,48.86242136299775,0.7065009127914234,0.1279001652456094,4.910746595139758e-17,-0.6960589112675961
57.40115571022034,8.52571217879546,-81.61563130140242,39.84715806363052,9.402028890170186,-79.10068432296023,55.46289048725575,-0.7051997910384772,-0.031199990754963828,2.4490611495248264e-18,0.7083218303117433,-0.022250000000000002,-0.018750000000000003,-0.006500000000000001,-0.01725,-0.0015,-0.005,-0.314,9.1551647,-94.828995,43.316994,6.288282469382608,-119.31328962552095,48.86192404229498,0.7065009127914234,0.1279001652456094,4.910746595139758e-17,-0.6960589112675961
57.493995904922485,8.525272626996566,-81.63128521621671,39.84970382653625,9.420102200467682,-79.09889430064118,55.57589558127805,-0.7050997925839062,-0.03139999076320331,-2.448747565168557e-18,0.7084125373524973,-0.022250000000000002,-0.018750000000000003,-0.006500000000000001,-0.01725,-0.0015,-0.005,-0.314,9.1551647,-94.828995,43.316994,6.275303890216435,-119.28497513598398,48.91222161843031,0.7064024380463695,0.1279004414299698,-2.9468587012938994e-17,-0.6961587984103657
57.64983129501343,8.52497481407323,-81.64189133395807,39.851428676929274,9.40679252917542,-79.1229668330001,55.49256871984717,-0.7051997993530568,-0.03129999109437134,0.0,0.708317410169975,0.0,0.0,0.0,0.0,0.0,0.0,-0.314,9.1551647,-94.828995,43.316994,6.294775331594366,-119.31568189628248,48.892780480535684,0.7064024380463695,0.1279004414299698,-2.9468587012938994e-17,-0.6961587984103657
57.71368217468262,0,0,0,0,0,0,0,0,0,1,0.0,0.0,0.0,0.0,0.0,0.0,-0.314,0,0,0,0,0,0,0,0,0,1
57.773730754852295,8.525135919390985,-81.63615383287944,39.850495599319565,9.403974831242465,-79.1285631118067,55.421429825830764,-0.7051997993530568,-0.03129999109437134,0.0,0.708317410169975,0.0,0.0,0.0,0.0,0.0,0.0,-0.314,9.1551647,-94.828995,43.316994,6.287688190146582,-119.33269072228153,48.850822498407936,0.7065003531521521,0.12810006403225863,-2.946450291050116e-17,-0.6960227184444597
57.90531659126282,8.52476805145788,-81.64925484464241,39.85262618902632,9.444113417727692,-79.12764449086862,55.51676109043236,-0.7050997925839062,-0.03139999076320331,-2.448747565168557e-18,0.7084125373524973,0.0,0.0,0.0,0.0,0.0,0.0,-0.314,9.1551647,-94.828995,43.316994,6.3157056638115705,-119.31704244018121,48.88502998935275,0.7064021638165477,0.12800039208453867,2.946859845283227e-17,-0.6961407060224993
57.95713019371033,0,0,0,0,0,0,0,0,0,1,0.0,0.0,0.0,0.0,0.0,0.0,-0.314,0,0,0,0,0,0,0,0,0,1
58.01853895187378,8.524670707784436,-81.65272157956572,39.85318997676098,9.470408813443527,-79.10835650003278,55.661800828344646,-0.7050998103119765,-0.03159999149887743,7.346335102289767e-18,0.7084036264978358,0.0,0.0,0.0,0.0,0.0,0.0,-0.314,9.1551647,-94.828995,43.316994,6.300727529071594,-119.29916221280119,48.9446618009012,0.7064006502884528,0.1280001178325622,1.9645774394669056e-17,-0.6961422922843441
58.11030721664429,8.525191758813818,-81.63416520362004,39.850172192768426,9.428864950620493,-79.1003082863672,55.58690534304321,-0.7050997925839062,-0.03139999076320331,-2.448747565168557e-18,0.7084125373524973,0.0,0.0,0.0,0.0,0.0,0.0,-0.314,9.1551647,-94.828995,43.316994,6.263676972886543,-119.30394053205409,48.909956989253615,0.7064021638165477,0.12800039208453867,2.946859845283227e-17,-0.6961407060224993
58.152931928634644,0,0,0,0,0,0,0,0,0,1,0.0,0.0,0.0,0.0,0.0,0.0,-0.314,0,0,0,0,0,0,0,0,0,1
58.2714946269989,8.525055682255978,-81.63901134655475,39.850960310697104,9.398029779022579,-79.1215528472741,55.481558958082,-0.7051998076387149,-0.031399991434849193,0.0,0.7083129759112216,0.0,0.0,0.0,0.0,0.0,0.0,-0.314,9.1551647,-94.828995,43.316994,6.27497994334766,-119.31383220986598,48.890607633480855,0.7064021638165477,0.12800039208453867,2.946859845283227e-17,-0.6961407060224993
58.327123403549194,0,0,0,0,0,0,0,0,0,1,0.0,0.0,0.0,0.0,0.0,0.0,-0.314,0,0,0,0,0,0,0,0,0,1
58.39886260032654,8.524565697620742,-81.6564613439376,39.853798166694745,9.4135557237544,-79.13481508088306,55.51291271702547,-0.7051998076387149,-0.031399991434849193,0.0,0.7083129759112216,0.0,0.0,0.0,0.0,0.0,0.0,-0.314,9.1551647,-94.828995,43.316994,6.2636233583850185,-119.3422535830575,48.87783056324176,0.7065021609479875,0.128000391509331,9.821475838936706e-18,-0.6960392204102309
58.45319437980652,0,0,0,0,0,0,0,0,0,1,0.0,0.0,0.0,0.0,0.0,0.0,-0.314,0,0,0,0,0,0,0,0,0,1
58.52676033973694,8.52571217879546,-81.61563130140242,39.84715806363052,9.402028890170186,-79.10068432296023,55.46289048725575,-0.7051997910384772,-0.031199990754963828,2.4490611495248264e-18,0.7083218303117433,0.0,0.0,0.0,0.0,0.0,0.0,-0.314,9.1551647,-94.828995,43.316994,6.275520608082161,-119.3327441641088,48.86958275135605,0.7065024378089438,0.1279004413245066,0.0,-0.6960573126395669
58.65102577209473,8.525748020728354,-81.61435484987675,39.84695047703103,9.41306152826408,-79.10112002365071,55.4540535725454,-0.7051997993530568,-0.03129999109437134,0.0,0.708317410169975,0.0,0.0,0.0,0.0,0.0,0.0,-0.314,9.1551647,-94.828995,43.316994,6.295315996328867,-119.33459385052531,48.87175559841087,0.7065021609479875,0.128000391509331,9.821475838936706e-18,-0.6960392204102309
58.7154221534729,0,0,0,0,0,0,0,0,0,1,0.0,0.0,0.0,0.0,0.0,0.0,-0.314,0,0,0,0,0,0,0,0,0,1
58.772964000701904,8.52530306234297,-81.63020131138191,39.84952755339599,9.408792084749223,-79.11253257084317,55.48323448443405,-0.7051997993530568,-0.03129999109437134,0.0,0.708317410169975,0.0,0.0,0.0,0.0,0.0,0.0,-0.314,9.1551647,-94.828995,43.316994,6.2933164407550635,-119.34502811268224,48.88108983382399,0.7065021609479875,0.128000391509331,9.821475838936706e-18,-0.6960392204102309
58.83323788642883,0,0,0,0,0,0,0,0,0,1,0.0,0.0,0.0,0.0,0.0,0.0,-0.314,0,0,0,0,0,0,0,0,0,1
58.89897918701172,8.52510548404458,-81.63723773771423,39.85067187245983,9.41528494696098,-79.1149248416047,55.514090922674754,-0.7051997910384772,-0.031199990754963828,2.4490611495248264e-18,0.7083218303117433,0.0,0.0,0.0,0.0,0.0,0.0,-0.314,9.1551647,-94.828995,43.316994,6.292775776020562,-119.32611615843942,48.90211471594881,0.7064021638165477,0.12800039208453867,2.946859845283227e-17,-0.6961407060224993
59.105309009552,8.524840366371409,-81.64667946786307,39.8522073609727,9.451470891542755,-79.12009164199098,55.548206631497706,-0.7051997993530568,-0.03129999109437134,0.0,0.708317410169975,0.0,0.0,0.0,0.0,0.0,0.0,-0.314,9.1551647,-94.828995,43.316994,6.305537637320953,-119.30666161985155,48.89445600688774,0.7065009127914234,0.1279001652456094,4.910746595139758e-17,-0.6960589112675961
59.146921157836914,8.52470114313084,-81.65163767473089,39.85301370362071,9.45909869772504,-79.12199477023475,55.569139731500655,-0.7051998076387149,-0.031399991434849193,0.0,0.7083129759112216,0.0,0.0,0.0,0.0,0.0,0.0,-0.314,9.1551647,-94.828995,43.316994,6.294504999227115,-119.30622591916107,48.903292921598094,0.7065009127914234,0.1279001652456094,4.910746595139758e-17,-0.6960589112675961
59.20353841781616,0,0,0,0,0,0,0,0,0,1,0.0,0.0,0.0,0.0,0.0,0.0,-0.314,0,0,0,0,0,0,0,0,0,1
59.26470398902893,8.524732209524986,-81.65053129616808,39.852833775625804,9.433080779633826,-79.12720879017814,55.52559800514271,-0.7051997993530568,-0.03129999109437134,0.0,0.708317410169975,0.0,0.0,0.0,0.0,0.0,0.0,-0.314,9.1551647,-94.828995,43.316994,6.276385219685437,-119.32279904446963,48.87017185418068,0.7065024378089438,0.1279004413245066,0.0,-0.6960573126395669
59.33082151412964,0,0,0,0,0,0,0,0,0,1,0.0,0.0,0.0,0.0,0.0,0.0,-0.314,0,0,0,0,0,0,0,0,0,1
59.477938413619995,8.524884761573523,-81.64509840571343,39.851950236194654,9.446383305668775,-79.1266662058331,55.49691441395683,-0.7051997993530568,-0.03129999109437134,0.0,0.708317410169975,0.0,0.0,0.0,0.0,0.0,0.0,-0.314,9.1551647,-94.828995,43.316994,6.296180607932143,-119.32464873088614,48.87234470123552,0.7065024378089438,0.1279004413245066,0.0,-0.6960573126395669
59.527137994766235,8.524839735323669,-81.6467019415911,39.852211015827336,9.466178693915452,-79.1285158922496,55.49908726101166,-0.7051997993530568,-0.03129999109437134,0.0,0.708317410169975,0.0,0.0,0.0,0.0,0.0,0.0,-0.314,9.1551647,-94.828995,43.316994,6.318840163355901,-119.30611903550653,48.86577241570186,0.7065006335331228,0.12800011478024023,-4.910748536209142e-17,-0.6960408216717908
59.612189292907715,8.525289733535004,-81.63067599496873,39.84960475017913,9.38786175253199,-79.11117202694443,55.49098497561698,-0.7051997910384772,-0.031199990754963828,2.4490611495248264e-18,0.7083218303117433,0.0,0.0,0.0,0.0,0.0,0.0,-0.314,9.1551647,-94.828995,43.316994,6.26729852266385,-119.35024213262562,48.83754810746605,0.7066008978057046,0.12790016250969372,0.0,-0.6959574122388282
59.7029550075531,0,0,0,0,0,0,0,0,0,1,0.0,0.0,0.0,0.0,0.0,0.0,-0.314,0,0,0,0,0,0,0,0,0,1
59.773242712020874,8.525393114842679,-81.62699423962655,39.849005994130614,9.369201308255839,-79.10883319801017,55.47888879032439,-0.7051997910384772,-0.031199990754963828,2.4490611495248264e-18,0.7083218303117433,0.0,0.0,0.0,0.0,0.0,0.0,-0.314,9.1551647,-94.828995,43.316994,6.233335996778948,-119.35888015019333,48.86346974877246,0.7066008978057046,0.12790016250969372,0.0,-0.6959574122388282
59.89383125305176,8.52529387802601,-81.63052839573393,39.84958074642918,9.439620111089738,-79.11481795795015,55.47657041677853,-0.7051997993530568,-0.03129999109437134,0.0,0.708317410169975,0.0,0.0,0.0,0.0,0.0,0.0,-0.314,9.1551647,-94.828995,43.316994,6.276114887318187,-119.31334306734823,48.88068429524309,0.7064021638165477,0.12800039208453867,2.946859845283227e-17,-0.6961407060224993
59.956408739089966,0,0,0,0,0,0,0,0,0,1,0.0,0.0,0.0,0.0,0.0,0.0,-0.314,0,0,0,0,0,0,0,0,0,1
60.020936489105225,8.52557295555489,-81.62058950827024,39.84796440627853,9.4096566963525,-79.102587451204,55.4838235872587,-0.7051998076387149,-0.031399991434849193,0.0,0.7083129759112216,0.0,0.0,0.0,0.0,0.0,0.0,-0.314,9.1551647,-94.828995,43.316994,6.2461514725809195,-119.30111256060206,48.887937465723255,0.7064018884675101,0.1281003424585052,-2.9468609939424183e-17,-0.6961226000005668
60.11780095100403,8.525078195380905,-81.63820957861591,39.850829920880756,9.38813208489924,-79.12062800406585,55.48047253455458,-0.7051998076387149,-0.031399991434849193,0.0,0.7083129759112216,0.0,0.0,0.0,0.0,0.0,0.0,-0.314,9.1551647,-94.828995,43.316994,6.253184999527178,-119.32241678560642,48.89776902183915,0.7065006335331228,0.12800011478024023,-4.910748536209142e-17,-0.6960408216717908
60.16079807281494,0,0,0,0,0,0,0,0,0,1,0.0,0.0,0.0,0.0,0.0,0.0,-0.314,0,0,0,0,0,0,0,0,0,1
60.298194885253906,8.525513969449328,-81.62269020146276,39.848306037549,9.42322955475467,-79.11150084398037,55.444627555010406,-0.7051997910384772,-0.031199990754963828,2.4490611495248264e-18,0.7083218303117433,0.0,0.0,0.0,0.0,0.0,0.0,-0.314,9.1551647,-94.828995,43.316994,6.2995854398437245,-119.32318130333285,48.84257468652222,0.7065024378089438,0.1279004413245066,0.0,-0.6960573126395669
60.34036159515381,0,0,0,0,0,0,0,0,0,1,0.0,0.0,0.0,0.0,0.0,0.0,-0.314,0,0,0,0,0,0,0,0,0,1
60.418551445007324,8.525077564333165,-81.63823205234394,39.85083357573539,9.402839887271938,-79.12905225432446,55.43135316406853,-0.7052999722989732,-0.03129999877067611,4.898842728537997e-18,0.7082176636825878,0.0,0.0,0.0,0.0,0.0,0.0,-0.314,9.1551647,-94.828995,43.316994,6.279195772360993,-119.34073271367693,48.82930029558034,0.7066003329009762,0.128100060351847,1.964022257226888e-17,-0.6959212197383284
60.50024604797363,0,0,0,0,0,0,0,0,0,1,0.0,0.0,0.0,0.0,0.0,0.0,-0.314,0,0,0,0,0,0,0,0,0,1
60.60480308532715,8.525122590583019,-81.63662851646627,39.85057279610271,9.38304449902526,-79.12720256790797,55.4291803170137,-0.7051997993530568,-0.03129999109437134,0.0,0.708317410169975,0.0,0.0,0.0,0.0,0.0,0.0,-0.314,9.1551647,-94.828995,43.316994,6.2424155485431925,-119.35496701005124,48.78408304287035,0.7066018766017678,0.12810034021042527,0.0,-0.6959196008310397
60.72444725036621,8.5251140373138,-81.63693312709026,39.85062233428127,9.399164722993106,-79.12106370475634,55.47163561984423,-0.7051997993530568,-0.03129999109437134,0.0,0.708317410169975,0.0,0.0,0.0,0.0,0.0,0.0,-0.314,9.1551647,-94.828995,43.316994,6.24890841075495,-119.35735928081277,48.814939481111054,0.706602157218771,0.12800039077837916,-9.820085932399547e-18,-0.6959377065329636
60.78803563117981,8.52450734256292,-81.65853956340209,39.85413614311057,9.412420779783872,-79.13530422340082,55.52283605526324,-0.7051998076387149,-0.031399991434849193,0.0,0.7083129759112216,0.0,0.0,0.0,0.0,0.0,0.0,-0.314,9.1551647,-94.828995,43.316994,6.295586328696118,-119.34404982764671,48.86124315734847,0.7065021609479875,0.128000391509331,9.821475838936706e-18,-0.6960392204102309
60.84867072105408,0,0,0,0,0,0,0,0,0,1,0.0,0.0,0.0,0.0,0.0,0.0,-0.314,0,0,0,0,0,0,0,0,0,1
60.906272411346436,8.524570106398954,-81.65630433254839,39.85377263226613,9.345677141228776,-79.13730801302896,55.48487197303341,-0.7052998228676645,-0.031399992114057376,-4.8988723168445905e-18,0.7082133861754368,0.0,0.0,0.0,0.0,0.0,0.0,-0.314,9.1551647,-94.828995,43.316994,6.270656885331249,-119.36355780806184,48.88766211935764,0.7065018829658432,0.1281003414124905,1.9642959406642367e-17,-0.69602111454734
60.97128963470459,0,0,0,0,0,0,0,0,0,1,0.0,0.0,0.0,0.0,0.0,0.0,-0.314,0,0,0,0,0,0,0,0,0,1
61.13624858856201,8.524278697870384,-81.66668236829723,39.85546039016932,9.444931560086815,-79.13248247421897,55.59723421986189,-0.7051998076387149,-0.031399991434849193,0.0,0.7083129759112216,0.0,0.0,0.0,0.0,0.0,0.0,-0.314,9.1551647,-94.828995,43.316994,6.286012581441554,-119.31426791055647,48.88177071877051,0.7065006335331228,0.12800011478024023,-4.910748536209142e-17,-0.6960408216717908
61.225537061691284,0,0,0,0,0,0,0,0,0,1,0.0,0.0,0.0,0.0,0.0,0.0,-0.314,0,0,0,0,0,0,0,0,0,1
61.29074144363403,8.524615499409345,-81.65468773509707,39.85350972845747,9.430810891692744,-79.12818707521366,55.545444681618235,-0.7051998076387149,-0.031399991434849193,0.0,0.7083129759112216,0.0,0.0,0.0,0.0,0.0,0.0,-0.314,9.1551647,-94.828995,43.316994,6.269027745870403,-119.33035189334727,48.83872631311534,0.7065021609479875,0.128000391509331,9.821475838936706e-18,-0.6960392204102309
61.35153865814209,0,0,0,0,0,0,0,0,0,1,0.0,0.0,0.0,0.0,0.0,0.0,-0.314,0,0,0,0,0,0,0,0,0,1
61.41254734992981,8.52485810395759,-81.64604777288707,39.852104629760944,9.404522641234337,-79.12394511803564,55.5124153963227,-0.7051997993530568,-0.03129999109437134,0.0,0.708317410169975,0.0,0.0,0.0,0.0,0.0,0.0,-0.314,9.1551647,-94.828995,43.316994,6.288823134117109,-119.33220157976376,48.84089916017017,0.7065021609479875,0.128000391509331,9.821475838936706e-18,-0.6960392204102309
61.540016889572144,8.524799748899767,-81.64812599235157,39.85244260617677,9.403387697263838,-79.12443426055339,55.52233873456046,-0.7051998076387149,-0.031399991434849193,0.0,0.7083129759112216,0.0,0.0,0.0,0.0,0.0,0.0,-0.314,9.1551647,-94.828995,43.316994,6.286553246176055,-119.33317986479929,48.8607458366457,0.7065021609479875,0.128000391509331,9.821475838936706e-18,-0.6960392204102309
61.597275257110596,0,0,0,0,0,0,0,0,0,1,0.0,0.0,0.0,0.0,0.0,0.0,-0.314,0,0,0,0,0,0,0,0,0,1
61.66529154777527,8.524768682505622,-81.64923237091439,39.85262253417168,9.429405615354995,-79.11922024061,55.56588046091841,-0.7051998158949213,-0.031499991776361334,0.0,0.708308527535747,0.0,0.0,0.0,0.0,0.0,0.0,-0.314,9.1551647,-94.828995,43.316994,6.286553246176055,-119.33317986479929,48.8607458366457,0.7065021609479875,0.128000391509331,9.821475838936706e-18,-0.6960392204102309
61.719529151916504,0,0,0,0,0,0,0,0,0,1,0.0,0.0,0.0,0.0,0.0,0.0,-0.314,0,0,0,0,0,0,0,0,0,1
61.782042264938354,8.524736985063734,-81.65036122320525,39.852806117021224,9.470131335818905,-79.12243047092525,55.560302816790305,-0.7051997993530568,-0.03129999109437134,0.0,0.708317410169975,0.0,0.0,0.0,0.0,0.0,0.0,-0.314,9.1551647,-94.828995,43.316994,6.32587369030216,-119.32742326051088,48.87560397181776,0.7065009127914234,0.1279001652456094,4.910746595139758e-17,-0.6960589112675961
61.90744590759277,8.524794709073815,-81.6483054774688,39.852471795460026,9.48597408216213,-79.1303655786661,55.50126010806649,-0.7051997993530568,-0.03129999109437134,0.0,0.708317410169975,0.0,0.0,0.0,0.0,0.0,0.0,-0.314,9.1551647,-94.828995,43.316994,6.337770939999302,-119.31791384156219,48.867356159932044,0.7065009127914234,0.1279001652456094,4.910746595139758e-17,-0.6960589112675961
61.99317741394043,8.524857472909847,-81.64607024661511,39.85210828461558,9.419230443607063,-79.13236936829425,55.463296025836655,-0.705299815202312,-0.03129999179899668,0.0,0.7082178204401294,0.0,0.0,0.0,0.0,0.0,0.0,-0.314,9.1551647,-94.828995,43.316994,6.298720828240448,-119.33312642297201,48.84198558369758,0.7065021609479875,0.128000391509331,9.821475838936706e-18,-0.6960392204102309
62.04017877578735,0,0,0,0,0,0,0,0,0,1,0.0,0.0,0.0,0.0,0.0,0.0,-0.314,0,0,0,0,0,0,0,0,0,1
62.1155788898468,0,0,0,0,0,0,0,0,0,1,0.0,0.0,0.0,0.0,0.0,0.0,-0.314,0,0,0,0,0,0,0,0,0,1
62.16157054901123,8.524816855438205,-81.6475167711036,39.852343529819656,9.37114724932809,-79.13671198685665,55.43742812889941,-0.705299815202312,-0.03129999179899668,0.0,0.7082178204401294,0.0,0.0,0.0,0.0,0.0,0.0,-0.314,9.1551647,-94.828995,43.316994,6.27746654915444,-119.36062295295528,48.82812208993106,0.706602157218771,0.12800039077837916,-9.820085932399547e-18,-0.6959377065329636
62.287097692489624,8.524880617082516,-81.64524600494823,39.851974239944596,9.39462494711097,-79.12302027482738,55.51132897279528,-0.7051997993530568,-0.03129999109437134,0.0,0.708317410169975,0.0,0.0,0.0,0.0,0.0,0.0,-0.314,9.1551647,-94.828995,43.316994,6.2636233583850185,-119.3422535830575,48.87783056324176,0.7065021609479875,0.128000391509331,9.821475838936706e-18,-0.6960392204102309
62.36488199234009,0,0,0,0,0,0,0,0,0,1,0.0,0.0,0.0,0.0,0.0,0.0,-0.314,0,0,0,0,0,0,0,0,0,1
62.40757369995117,8.525294509073753,-81.63050592200591,39.849577091574545,9.42491230871704,-79.10639370769155,55.52568978726458,-0.7051999781990189,-0.03139999902928134,0.0,0.708312805763855,0.0,0.0,0.0,0.0,0.0,0.0,-0.314,9.1551647,-94.828995,43.316994,6.277520163655964,-119.32230990195187,48.86024851594292,0.7065024378089438,0.1279004413245066,0.0,-0.6960573126395669
62.46939468383789,0,0,0,0,0,0,0,0,0,1,0.0,0.0,0.0,0.0,0.0,0.0,-0.314,0,0,0,0,0,0,0,0,0,1
62.533596992492676,8.525127366121767,-81.63645844350344,39.85054513749812,9.42009505521034,-79.12242424865508,55.463885128661296,-0.7051997993530568,-0.03129999109437134,0.0,0.708317410169975,0.0,0.0,0.0,0.0,0.0,0.0,-0.314,9.1551647,-94.828995,43.316994,6.281465660302047,-119.33975442864141,48.809453619104815,0.7066006159156615,0.1280001115726078,-8.838096617597481e-17,-0.6959393228040847
62.655808448791504,8.524722658447489,-81.65087144209375,39.85288909283498,9.358979667263696,-79.13676542868393,55.456188381847525,-0.705299815202312,-0.03129999179899668,0.0,0.7082178204401294,0.0,0.0,0.0,0.0,0.0,0.0,-0.314,9.1551647,-94.828995,43.316994,6.244638967240064,-119.36877182800524,48.844120392999706,0.706602157218771,0.12800039077837916,-9.820085932399547e-18,-0.6959377065329636
62.74662375450134,8.525025246909573,-81.64009525138954,39.851136583837366,9.409339894741095,-79.10791457707211,55.57422005492599,-0.7050997925839062,-0.03139999076320331,-2.448747565168557e-18,0.7084125373524973,0.0,0.0,0.0,0.0,0.0,0.0,-0.314,9.1551647,-94.828995,43.316994,6.252914667159928,-119.312960808485,48.908281462901556,0.7064021638165477,0.12800039208453867,2.946859845283227e-17,-0.6961407060224993
62.79542350769043,0,0,0,0,0,0,0,0,0,1,0.0,0.0,0.0,0.0,0.0,0.0,-0.314,0,0,0,0,0,0,0,0,0,1
62.84520745277405,0,0,0,0,0,0,0,0,0,1,0.0,0.0,0.0,0.0,0.0,0.0,-0.314,0,0,0,0,0,0,0,0,0,1
62.91581630706787,8.525672559132095,-81.61704229058923,39.84738752980399,9.444167032229245,-79.08933143986522,55.548887516444225,-0.7050998014619467,-0.03149999113040891,4.897525883608215e-18,0.7084080889833964,0.0,0.0,0.0,0.0,0.0,0.0,-0.314,9.1551647,-94.828995,43.316994,6.265946860827597,-119.30296224701856,48.890110312778084,0.7064018884675101,0.1281003424585052,-2.9468609939424183e-17,-0.6961226000005668
63.03385543823242,8.52510548404458,-81.63723773771423,39.85067187245983,9.41528494696098,-79.1149248416047,55.514090922674754,-0.7051998076387149,-0.031399991434849193,0.0,0.7083129759112216,0.0,0.0,0.0,0.0,0.0,0.0,-0.314,9.1551647,-94.828995,43.316994,6.25686016380601,-119.33040533517455,48.85748656606346,0.7065021609479875,0.128000391509331,9.821475838936706e-18,-0.6960392204102309
63.09581542015076,0,0,0,0,0,0,0,0,0,1,0.0,0.0,0.0,0.0,0.0,0.0,-0.314,0,0,0,0,0,0,0,0,0,1
63.156858921051025,8.524557144351522,-81.65676595456156,39.8538477048733,9.429675947722217,-79.12867621773142,55.555368019856004,-0.7051997993530568,-0.03129999109437134,0.0,0.708317410169975,0.0,0.0,0.0,0.0,0.0,0.0,-0.314,9.1551647,-94.828995,43.316994,6.265893246326073,-119.34127529802197,48.85798388676622,0.7065021609479875,0.128000391509331,9.821475838936706e-18,-0.6960392204102309
63.249295234680176,8.524687814322874,-81.65211235831772,39.853090900403856,9.438168365507806,-79.12063422633602,55.57689022268359,-0.7051998158949213,-0.031499991776361334,0.0,0.708308527535747,0.0,0.0,0.0,0.0,0.0,0.0,-0.314,9.1551647,-94.828995,43.316994,6.293910719991089,-119.32562701592165,48.89219137771104,0.7065003531521521,0.12810006403225863,-2.946450291050116e-17,-0.6960227184444597
63.37484693527222,8.52457047315949,-81.65629127097476,39.85377050809016,9.45060627993945,-79.13003676163017,55.54761752867307,-0.7051998158949213,-0.031499991776361334,0.0,0.708308527535747,0.0,0.0,0.0,0.0,0.0,0.0,-0.314,9.1551647,-94.828995,43.316994,6.306078302055454,-119.32557357409438,48.87343112476293,0.7065018829658432,0.1281003414124905,1.9642959406642367e-17,-0.69602111454734
63.466667890548706,0,0,0,0,0,0,0,0,0,1,0.0,0.0,0.0,0.0,0.0,0.0,-0.314,0,0,0,0,0,0,0,0,0,1
63.53207325935364,8.524920603506416,-81.64382195418777,39.85174264959517,9.45741594376264,-79.12710190652359,55.48807749924649,-0.7051997993530568,-0.03129999109437134,0.0,0.708317410169975,0.0,0.0,0.0,0.0,0.0,0.0,-0.314,9.1551647,-94.828995,43.316994,6.299044775109223,-119.30426934909002,48.86359956864703,0.7065003531521521,0.12810006403225863,-2.946450291050116e-17,-0.6960227184444597
63.63180899620056,8.525199681035296,-81.63388306672408,39.850126309444505,9.427452529025345,-79.11487139977743,55.49533066972664,-0.7051997993530568,-0.03129999109437134,0.0,0.708317410169975,0.0,0.0,0.0,0.0,0.0,0.0,-0.314,9.1551647,-94.828995,43.316994,6.295369610830392,-119.2962807995219,48.90388202442273,0.7064021638165477,0.12800039208453867,2.946859845283227e-17,-0.6961407060224993
63.72395634651184,0,0,0,0,0,0,0,0,0,1,0.0,0.0,0.0,0.0,0.0,0.0,-0.314,0,0,0,0,0,0,0,0,0,1
63.784247636795044,8.52531702219868,-81.62970415406707,39.849446701758204,9.41501461459373,-79.1054688644833,55.524603363737164,-0.7051997993530568,-0.03129999109437134,0.0,0.708317410169975,0.0,0.0,0.0,0.0,0.0,0.0,-0.314,9.1551647,-94.828995,43.316994,6.274709610980409,-119.30437623274457,48.90112007454326,0.7064024380463695,0.1279004414299698,-2.9468587012938994e-17,-0.6961587984103657
63.91086387634277,8.525132772708256,-81.63626589681256,39.8505138240389,9.442437809022692,-79.10922167914356,55.54770931079494,-0.7050997925839062,-0.03139999076320331,-2.448747565168557e-18,0.7084125373524973,0.0,0.0,0.0,0.0,0.0,0.0,-0.314,9.1551647,-94.828995,43.316994,6.288012137015357,-119.30383364839953,48.87243648335739,0.7064024380463695,0.1279004414299698,-2.9468587012938994e-17,-0.6961587984103657
63.97273898124695,0,0,0,0,0,0,0,0,0,1,0.0,0.0,0.0,0.0,0.0,0.0,-0.314,0,0,0,0,0,0,0,0,0,1
64.04968500137329,8.525492087372143,-81.62346949567358,39.848432772510705,9.418419446505311,-79.10400143693,55.49483334902387,-0.7050997836783869,-0.031299990397296154,-2.448732237522345e-18,0.708416971604874,0.0,0.0,0.0,0.0,0.0,0.0,-0.314,9.1551647,-94.828995,43.316994,6.287147525412081,-119.3137787680387,48.87184738053274,0.7064024380463695,0.1279004414299698,-2.9468587012938994e-17,-0.6961587984103657
64.12298083305359,8.526035651526453,-81.60411135178907,39.84528459870182,9.366977889558939,-79.09502838005618,55.41885144019503,-0.7051997910384772,-0.031199990754963828,2.4490611495248264e-18,0.7083218303117433,0.0,0.0,0.0,0.0,0.0,0.0,-0.314,9.1551647,-94.828995,43.316994,6.25658983143876,-119.32094935805313,48.86799900712586,0.7065006335331228,0.12800011478024023,-4.910748536209142e-17,-0.6960408216717908
64.16188764572144,0,0,0,0,0,0,0,0,0,1,0.0,0.0,0.0,0.0,0.0,0.0,-0.314,0,0,0,0,0,0,0,0,0,1
64.2927987575531,8.52512322163076,-81.63660604273822,39.850569141248066,9.368336696652563,-79.11877831764934,55.47829968749976,-0.7051998076387149,-0.031399991434849193,0.0,0.7083129759112216,0.0,0.0,0.0,0.0,0.0,0.0,-0.314,9.1551647,-94.828995,43.316994,6.253455331894429,-119.33187276272783,48.88725658077675,0.7065003531521521,0.12810006403225863,-2.946450291050116e-17,-0.6960227184444597
64.36762285232544,0,0,0,0,0,0,0,0,0,1,0.0,0.0,0.0,0.0,0.0,0.0,-0.314,0,0,0,0,0,0,0,0,0,1
64.42377829551697,8.52399070031175,-81.67693892795855,39.857128392674504,9.386086060081254,-79.1458453692123,55.569690796572594,-0.7051998158949213,-0.031499991776361334,0.0,0.708308527535747,0.0,0.0,0.0,0.0,0.0,0.0,-0.314,9.1551647,-94.828995,43.316994,6.2687109442589986,-119.33567901921538,48.929122780782635,0.7064018884675101,0.1281003424585052,-2.9468609939424183e-17,-0.6961226000005668
64.47175765037537,0,0,0,0,0,0,0,0,0,1,0.0,0.0,0.0,0.0,0.0,0.0,-0.314,0,0,0,0,0,0,0,0,0,1
64.5332682132721,8.524791195630549,-81.64843060297555,39.85249214435534,9.419507921231627,-79.11829539740177,55.564794037390996,-0.7050997925839062,-0.03139999076320331,-2.448747565168557e-18,0.7084125373524973,0.0,0.0,0.0,0.0,0.0,0.0,-0.314,9.1551647,-94.828995,43.316994,6.272439723039355,-119.3053545177801,48.920966751018796,0.7064021638165477,0.12800039208453867,2.946859845283227e-17,-0.6961407060224993
64.66268157958984,8.52549686291089,-81.62329942271076,39.848405113906125,9.455470002690362,-79.09922311767713,55.529538160671464,-0.7050997925839062,-0.03139999076320331,-2.448747565168557e-18,0.7084125373524973,0.0,0.0,0.0,0.0,0.0,0.0,-0.314,9.1551647,-94.828995,43.316994,6.296504554800919,-119.29579165700413,48.893958686184966,0.7064021638165477,0.12800039208453867,2.946859845283227e-17,-0.6961407060224993
64.71663999557495,0,0,0,0,0,0,0,0,0,1,0.0,0.0,0.0,0.0,0.0,0.0,-0.314,0,0,0,0,0,0,0,0,0,1
64.78595352172852,8.524687183275132,-81.65213483204576,39.853094555258494,9.452876167880504,-79.12905847659464,55.527770852197534,-0.7051998076387149,-0.031399991434849193,0.0,0.7083129759112216,0.0,0.0,0.0,0.0,0.0,0.0,-0.314,9.1551647,-94.828995,43.316994,6.306348634422704,-119.3350295512158,48.86291868370053,0.7065021609479875,0.128000391509331,9.821475838936706e-18,-0.6960392204102309
64.86490964889526,0,0,0,0,0,0,0,0,0,1,0.0,0.0,0.0,0.0,0.0,0.0,-0.314,0,0,0,0,0,0,0,0,0,1
64.90715026855469,8.524111554918399,-81.67263488979476,39.8564284360929,9.440114306580085,-79.1485130151825,55.53542956125861,-0.7051998076387149,-0.031399991434849193,0.0,0.7083129759112216,0.0,0.0,0.0,0.0,0.0,0.0,-0.314,9.1551647,-94.828995,43.316994,6.294721717092841,-119.35399494728588,48.86065405452382,0.7065021609479875,0.128000391509331,9.821475838936706e-18,-0.6960392204102309
65.03235912322998,8.524368119322352,-81.66349777026991,39.854942485758585,9.420048585966128,-79.13720735164459,55.54376915526619,-0.7051998158949213,-0.031499991776361334,0.0,0.708308527535747,0.0,0.0,0.0,0.0,0.0,0.0,-0.314,9.1551647,-94.828995,43.316994,6.274115331744383,-119.32377732950516,48.890018530656214,0.7064018884675101,0.1281003424585052,-2.9468609939424183e-17,-0.6961226000005668
65.10005259513855,0,0,0,0,0,0,0,0,0,1,0.0,0.0,0.0,0.0,0.0,0.0,-0.314,0,0,0,0,0,0,0,0,0,1
65.16239023208618,8.524952300948303,-81.64269310189692,39.85155906674562,9.416690223298758,-79.12389167620836,55.49365514337459,-0.7051998076387149,-0.031399991434849193,0.0,0.7083129759112216,0.0,0.0,0.0,0.0,0.0,0.0,-0.314,9.1551647,-94.828995,43.316994,6.276114887318187,-119.31334306734823,48.88068429524309,0.7064021638165477,0.12800039208453867,2.946859845283227e-17,-0.6961407060224993
65.21718335151672,0,0,0,0,0,0,0,0,0,1,0.0,0.0,0.0,0.0,0.0,0.0,-0.314,0,0,0,0,0,0,0,0,0,1
65.28976726531982,8.524852697371099,-81.64624031957794,39.85213594322017,9.382179887421955,-79.13714768754714,55.42859121418907,-0.7051997910384772,-0.031199990754963828,2.4490611495248264e-18,0.7083218303117433,0.0,0.0,0.0,0.0,0.0,0.0,-0.314,9.1551647,-94.828995,43.316994,6.279195772360993,-119.34073271367693,48.82930029558034,0.7065027135507221,0.1278004908588568,2.9464404470722784e-17,-0.6960753912340971
65.41208910942078,8.524759131428125,-81.64957251684007,39.85267785138085,9.355304502984865,-79.1287768791158,55.49647083762323,-0.7051997993530568,-0.03129999109437134,0.0,0.708317410169975,0.0,0.0,0.0,0.0,0.0,0.0,-0.314,9.1551647,-94.828995,43.316994,6.2370647755593325,-119.32855564875805,48.85531371900862,0.7065024378089438,0.1279004413245066,0.0,-0.6960573126395669
65.49415183067322,0,0,0,0,0,0,0,0,0,1,0.0,0.0,0.0,0.0,0.0,0.0,-0.314,0,0,0,0,0,0,0,0,0,1
65.5404896736145,8.525681743449056,-81.61671520623722,39.847334336770786,9.413339005888702,-79.08704605275824,55.555551584099746,-0.7050998014619467,-0.03149999113040891,4.897525883608215e-18,0.7084080889833964,0.0,0.0,0.0,0.0,0.0,0.0,-0.314,9.1551647,-94.828995,43.316994,6.2450165286103925,-119.30160170311981,48.897860803961024,0.7064018884675101,0.1281003424585052,-2.9468609939424183e-17,-0.6961226000005668
65.62965106964111,8.525407441458924,-81.62648402073808,39.84892301831686,9.48035297681102,-79.09449824025151,55.58300322526717,-0.7050998103119765,-0.03159999149887743,7.346335102289767e-18,0.7084036264978358,0.0,0.0,0.0,0.0,0.0,0.0,-0.314,9.1551647,-94.828995,43.316994,6.303538081747149,-119.31709588200849,48.903790242300865,0.7064018884675101,0.1281003424585052,-2.9468609939424183e-17,-0.6961226000005668
65.71562314033508,0,0,0,0,0,0,0,0,0,1,0.0,0.0,0.0,0.0,0.0,0.0,-0.314,0,0,0,0,0,0,0,0,0,1
65.84882760047913,8.524795340121555,-81.64828300374076,39.85246814060539,9.471266279789432,-79.12194132840749,55.55037947855254,-0.7050997925839062,-0.03139999076320331,-2.448747565168557e-18,0.7084125373524973,0.0,0.0,0.0,0.0,0.0,0.0,-0.314,9.1551647,-94.828995,43.316994,6.321928193656078,-119.30997873382134,48.926398868655866,0.7064021638165477,0.12800039208453867,2.946859845283227e-17,-0.6961407060224993
65.90844106674194,8.524799117852027,-81.6481484660796,39.85244626103141,9.418095499636536,-79.13285851081201,55.47321936407442,-0.7051997993530568,-0.03129999109437134,0.0,0.708317410169975,0.0,0.0,0.0,0.0,0.0,0.0,-0.314,9.1551647,-94.828995,43.316994,6.292775776020562,-119.32611615843942,48.90211471594881,0.7065006335331228,0.12800011478024023,-4.910748536209142e-17,-0.6960408216717908
65.96753668785095,0,0,0,0,0,0,0,0,0,1,0.0,0.0,0.0,0.0,0.0,0.0,-0.314,0,0,0,0,0,0,0,0,0,1
66.0507504940033,8.525069011063946,-81.63853666296792,39.85088311391395,9.418960111239812,-79.12291339117283,55.47380846689906,-0.7051998076387149,-0.031399991434849193,0.0,0.7083129759112216,0.0,0.0,0.0,0.0,0.0,0.0,-0.314,9.1551647,-94.828995,43.316994,6.276385219685437,-119.32279904446963,48.87017185418068,0.7065003531521521,0.12810006403225863,-2.946450291050116e-17,-0.6960227184444597
66.1235089302063,8.524803893390775,-81.64797839311677,39.85241860242683,9.455146055821587,-79.12808019155912,55.50792417572201,-0.7051998076387149,-0.031399991434849193,0.0,0.7083129759112216,0.0,0.0,0.0,0.0,0.0,0.0,-0.314,9.1551647,-94.828995,43.316994,6.30667258129148,-119.3061724773338,48.88453266864998,0.7064018884675101,0.1281003424585052,-2.9468609939424183e-17,-0.6961226000005668
66.23735857009888,0,0,0,0,0,0,0,0,0,1,0.0,0.0,0.0,0.0,0.0,0.0,-0.314,0,0,0,0,0,0,0,0,0,1
66.30164837837219,8.524592355236676,-81.65551197676395,39.853643773128454,9.455416388188809,-79.13753616868053,55.49741173465961,-0.7051998076387149,-0.031399991434849193,0.0,0.7083129759112216,0.0,0.0,0.0,0.0,0.0,0.0,-0.314,9.1551647,-94.828995,43.316994,6.313165443503266,-119.30856474809534,48.915389106890686,0.7064021638165477,0.12800039208453867,2.946859845283227e-17,-0.6961407060224993
66.34433150291443,0,0,0,0,0,0,0,0,0,1,0.0,0.0,0.0,0.0,0.0,0.0,-0.314,0,0,0,0,0,0,0,0,0,1
66.4179790019989,8.524534631226595,-81.65756772250042,39.853978094689644,9.439573641845584,-79.12960106093968,55.55645444338342,-0.7051998076387149,-0.031399991434849193,0.0,0.7083129759112216,0.0,0.0,0.0,0.0,0.0,0.0,-0.314,9.1551647,-94.828995,43.316994,6.299862917468317,-119.30910733244036,48.94407269807657,0.7064021638165477,0.12800039208453867,2.946859845283227e-17,-0.6961407060224993
66.4664888381958,0,0,0,0,0,0,0,0,0,1,0.0,0.0,0.0,0.0,0.0,0.0,-0.314,0,0,0,0,0,0,0,0,0,1
66.62141633033752,8.525227600746712,-81.63288875209439,39.84996460616894,9.439897588714388,-79.10074398705768,55.57806842833287,-0.7050998014619467,-0.03149999113040891,4.897525883608215e-18,0.7084080889833964,0.0,0.0,0.0,0.0,0.0,0.0,-0.314,9.1551647,-94.828995,43.316994,6.284336972736526,-119.2958450988314,48.912718939133086,0.7064021638165477,0.12800039208453867,2.946859845283227e-17,-0.6961407060224993
66.67136311531067,8.52543850785307,-81.62537764217525,39.84874309032195,9.454335058719835,-79.09971226019489,55.53946149890922,-0.7050998014619467,-0.03149999113040891,4.897525883608215e-18,0.7084080889833964,0.0,0.0,0.0,0.0,0.0,0.0,-0.314,9.1551647,-94.828995,43.316994,6.288606416251383,-119.28443255163896,48.883538027244434,0.7064021638165477,0.12800039208453867,2.946859845283227e-17,-0.6961407060224993
66.72659111022949,0,0,0,0,0,0,0,0,0,1,0.0,0.0,0.0,0.0,0.0,0.0,-0.314,0,0,0,0,0,0,0,0,0,1
66.78914737701416,8.52523552296819,-81.63260661519843,39.84991872284502,9.438485167119211,-79.11530710046792,55.4864937550163,-0.7050997925839062,-0.03139999076320331,-2.448747565168557e-18,0.7084125373524973,0.0,0.0,0.0,0.0,0.0,0.0,-0.314,9.1551647,-94.828995,43.316994,6.286336528310329,-119.28541083667447,48.903384703719965,0.7063018931191923,0.12810034335065626,0.0,-0.6962240571897017
66.84513401985168,0,0,0,0,0,0,0,0,0,1,0.0,0.0,0.0,0.0,0.0,0.0,-0.314,0,0,0,0,0,0,0,0,0,1
66.99083518981934,8.525704256573983,-81.61591343829836,39.847203946954444,9.403441311765363,-79.08612120954999,55.55446516057233,-0.7050998014619467,-0.03149999113040891,4.897525883608215e-18,0.7084080889833964,0.0,0.0,0.0,0.0,0.0,0.0,-0.314,9.1551647,-94.828995,43.316994,6.285471916707053,-119.29535595631364,48.90279560089532,0.7064021638165477,0.12800039208453867,2.946859845283227e-17,-0.6961407060224993
67.03913283348083,0,0,0,0,0,0,0,0,0,1,0.0,0.0,0.0,0.0,0.0,0.0,-0.314,0,0,0,0,0,0,0,0,0,1
67.10712432861328,0,0,0,0,0,0,0,0,0,1,0.0,0.0,0.0,0.0,0.0,0.0,-0.314,0,0,0,0,0,0,0,0,0,1
67.1602201461792,8.5253753772565,-81.62762593460256,39.84910872534237,9.416149558564257,-79.10497972196553,55.5146800254994,-0.7051999781990189,-0.03139999902928134,0.0,0.708312805763855,0.0,0.0,0.0,0.0,0.0,0.0,-0.314,9.1551647,-94.828995,43.316994,6.290011692589161,-119.2933993862426,48.86310224794426,0.7064024380463695,0.1279004414299698,-2.9468587012938994e-17,-0.6961587984103657
67.24732494354248,0,0,0,0,0,0,0,0,0,1,0.0,0.0,0.0,0.0,0.0,0.0,-0.314,0,0,0,0,0,0,0,0,0,1
67.37841939926147,8.525185721179588,-81.63438022403894,39.85020716108229,9.421229999180866,-79.12193510613731,55.453961790423534,-0.7051997993530568,-0.03129999109437134,0.0,0.708317410169975,0.0,0.0,0.0,0.0,0.0,0.0,-0.314,9.1551647,-94.828995,43.316994,6.280060383964269,-119.33078759403776,48.82988939840499,0.7065024378089438,0.1279004413245066,0.0,-0.6960573126395669
67.41415691375732,8.525199049987554,-81.6339055404521,39.85012996429914,9.442160331398043,-79.12329565003604,55.44621129924059,-0.7051997993530568,-0.03129999109437134,0.0,0.708317410169975,0.0,0.0,0.0,0.0,0.0,0.0,-0.314,9.1551647,-94.828995,43.316994,6.288823134117109,-119.33220157976376,48.84089916017017,0.7065021609479875,0.128000391509331,9.821475838936706e-18,-0.6960392204102309
67.47391414642334,0,0,0,0,0,0,0,0,0,1,0.0,0.0,0.0,0.0,0.0,0.0,-0.314,0,0,0,0,0,0,0,0,0,1
67.53494429588318,8.524988142881197,-81.64141665037127,39.851351480146135,9.427722861392596,-79.12432737689885,55.48481822866424,-0.7051998076387149,-0.031399991434849193,0.0,0.7083129759112216,0.0,0.0,0.0,0.0,0.0,0.0,-0.314,9.1551647,-94.828995,43.316994,6.29418105235834,-119.33508299304307,48.88167893664864,0.7065021609479875,0.128000391509331,9.821475838936706e-18,-0.6960392204102309
67.59861755371094,0,0,0,0,0,0,0,0,0,1,0.0,0.0,0.0,0.0,0.0,0.0,-0.314,0,0,0,0,0,0,0,0,0,1
67.74241781234741,8.525267220410077,-81.63147776290756,39.849735139995474,9.397759446655328,-79.11209687015268,55.4920713991444,-0.7051998076387149,-0.031399991434849193,0.0,0.7083129759112216,0.0,0.0,0.0,0.0,0.0,0.0,-0.314,9.1551647,-94.828995,43.316994,6.266757857929349,-119.3313301783828,48.85857298959087,0.7065021609479875,0.128000391509331,9.821475838936706e-18,-0.6960392204102309
67.79451656341553,8.525222194160223,-81.63308129878524,39.849995919628164,9.417554834902035,-79.11394655656918,55.49424424619923,-0.7051997993530568,-0.03129999109437134,0.0,0.708317410169975,0.0,0.0,0.0,0.0,0.0,0.0,-0.314,9.1551647,-94.828995,43.316994,6.2862829138088046,-119.32372388767789,48.87125827770811,0.7065009127914234,0.1279001652456094,4.910746595139758e-17,-0.6960589112675961
67.86935019493103,8.524030686735651,-81.6755148771981,39.856896802325075,9.448877056732897,-79.1499270009085,55.54643932302379,-0.7051997993530568,-0.03129999109437134,0.0,0.708317410169975,0.0,0.0,0.0,0.0,0.0,0.0,-0.314,9.1551647,-94.828995,43.316994,6.321333914420052,-119.32937983058193,48.915297324768815,0.7065009127914234,0.1279001652456094,4.910746595139758e-17,-0.6960589112675961
67.91056227684021,0,0,0,0,0,0,0,0,0,1,0.0,0.0,0.0,0.0,0.0,0.0,-0.314,0,0,0,0,0,0,0,0,0,1
67.96610999107361,0,0,0,0,0,0,0,0,0,1,0.0,0.0,0.0,0.0,0.0,0.0,-0.314,0,0,0,0,0,0,0,0,0,1
68.10228848457336,8.52463738148653,-81.65390844088627,39.853382993495764,9.435620999942103,-79.13568648226403,55.49523888760477,-0.7051997910384772,-0.031199990754963828,2.4490611495248264e-18,0.7083218303117433,0.0,0.0,0.0,0.0,0.0,0.0,-0.314,9.1551647,-94.828995,43.316994,6.285418302205528,-119.33366900731706,48.87066917488346,0.7065024378089438,0.1279004413245066,0.0,-0.6960573126395669
68.16598010063171,8.524731578477246,-81.65055376989612,39.85283743048045,9.447788582006524,-79.13563304043676,55.47647863465666,-0.7051997910384772,-0.031199990754963828,2.4490611495248264e-18,0.7083218303117433,0.0,0.0,0.0,0.0,0.0,0.0,-0.314,9.1551647,-94.828995,43.316994,6.311976885031214,-119.3473669416165,48.893186019116584,0.7065006335331228,0.12800011478024023,-4.910748536209142e-17,-0.6960408216717908
68.21979022026062,0,0,0,0,0,0,0,0,0,1,0.0,0.0,0.0,0.0,0.0,0.0,-0.314,0,0,0,0,0,0,0,0,0,1
68.28514409065247,8.52515087705497,-81.63562114026293,39.85040896865117,9.500418697424976,-79.10580390378942,55.5746636312596,-0.7050999772351926,-0.03139999898622188,0.0,0.7084123532001656,0.0,0.0,0.0,0.0,0.0,0.0,-0.314,9.1551647,-94.828995,43.316994,6.323927749229881,-119.2995444716644,48.91706463324274,0.7064006502884528,0.1280001178325622,1.9645774394669056e-17,-0.6961422922843441
68.34511661529541,0,0,0,0,0,0,0,0,0,1,0.0,0.0,0.0,0.0,0.0,0.0,-0.314,0,0,0,0,0,0,0,0,0,1
68.49078011512756,8.525195903304825,-81.63401760438525,39.85014818901848,9.48062330917827,-79.10395421737292,55.57249078420476,-0.7050999854812877,-0.03149999935138358,2.4487635761993483e-18,0.7084079054578307,0.0,0.0,0.0,0.0,0.0,0.0,-0.314,9.1551647,-94.828995,43.316994,6.288876748618634,-119.29388852876036,48.873025586182024,0.7064006502884528,0.1280001178325622,1.9645774394669056e-17,-0.6961422922843441
68.53763270378113,8.524638012534272,-81.65388596715825,39.853379338641126,9.420913197569405,-79.12726223200542,55.544358258090824,-0.7051999705430583,-0.03129999869256627,7.347231068886577e-18,0.7083172393976551,0.0,0.0,0.0,0.0,0.0,0.0,-0.314,9.1551647,-94.828995,43.316994,6.2851479698382775,-119.32421303019564,48.88118161594587,0.7065009127914234,0.1279001652456094,4.910746595139758e-17,-0.6960589112675961
68.61521744728088,0,0,0,0,0,0,0,0,0,1,0.0,0.0,0.0,0.0,0.0,0.0,-0.314,0,0,0,0,0,0,0,0,0,1
68.66025686264038,8.52471888071702,-81.6510059797549,39.85291097240895,9.412150447416622,-79.1258482462794,55.533348496325644,-0.7051997993530568,-0.03129999109437134,0.0,0.708317410169975,0.0,0.0,0.0,0.0,0.0,0.0,-0.314,9.1551647,-94.828995,43.316994,6.277790496023215,-119.33176587907329,48.84973607488051,0.7065024378089438,0.1279004413245066,0.0,-0.6960573126395669
68.72668886184692,0,0,0,0,0,0,0,0,0,1,0.0,0.0,0.0,0.0,0.0,0.0,-0.314,0,0,0,0,0,0,0,0,0,1
68.87717795372009,8.5245581421598,-81.6567304192599,39.853841925842694,9.51989728406025,-79.11298071607402,55.667232945981716,-0.7050998014619467,-0.03149999113040891,4.897525883608215e-18,0.7084080889833964,0.0,0.0,0.0,0.0,0.0,0.0,-0.314,9.1551647,-94.828995,43.316994,6.313165443503266,-119.30856474809534,48.915389106890686,0.7064024380463695,0.1279004414299698,-2.9468587012938994e-17,-0.6961587984103657
68.97403812408447,0,0,0,0,0,0,0,0,0,1,0.0,0.0,0.0,0.0,0.0,0.0,-0.314,0,0,0,0,0,0,0,0,0,1
69.03468918800354,8.524862879496336,-81.64587769992424,39.85207697115636,9.441573197419416,-79.11916679878274,55.547120207970295,-0.7050997925839062,-0.03139999076320331,-2.448747565168557e-18,0.7084125373524973,0.0,0.0,0.0,0.0,0.0,0.0,-0.314,9.1551647,-94.828995,43.316994,6.293640387623839,-119.31617103880023,48.902703818773446,0.7064021638165477,0.12800039208453867,2.946859845283227e-17,-0.6961407060224993
69.12363600730896,0,0,0,0,0,0,0,0,0,1,0.0,0.0,0.0,0.0,0.0,0.0,-0.314,0,0,0,0,0,0,0,0,0,1
69.15994238853455,8.526080046728566,-81.60253028963942,39.845027473923764,9.361890303684959,-79.10160294389829,55.36755922265415,-0.7051997910384772,-0.031199990754963828,2.4490611495248264e-18,0.7083218303117433,0.0,0.0,0.0,0.0,0.0,0.0,-0.314,9.1551647,-94.828995,43.316994,6.279790051597018,-119.32133161691635,48.84040183946739,0.7065021609479875,0.128000391509331,9.821475838936706e-18,-0.6960392204102309
69.28143405914307,8.52538393052572,-81.62732132397858,39.84905918716381,9.400029334596383,-79.11111858511715,55.47222472266887,-0.7051997993530568,-0.03129999109437134,0.0,0.708317410169975,0.0,0.0,0.0,0.0,0.0,0.0,-0.314,9.1551647,-94.828995,43.316994,6.278925439993742,-119.33127673655552,48.83981273664275,0.7065021609479875,0.128000391509331,9.821475838936706e-18,-0.6960392204102309
69.340163230896,0,0,0,0,0,0,0,0,0,1,0.0,0.0,0.0,0.0,0.0,0.0,-0.314,0,0,0,0,0,0,0,0,0,1
69.41560316085815,8.525722360920698,-81.6152686817487,39.84709909156671,9.461422200167618,-79.08270343419582,55.58141948103698,-0.7049997966878945,-0.03159999088700349,-7.345303061794965e-18,0.7085031596584228,0.0,0.0,0.0,0.0,0.0,0.0,-0.314,9.1551647,-94.828995,43.316994,6.27811444289199,-119.3029088051913,48.871350059829965,0.7064018884675101,0.1281003424585052,-2.9468609939424183e-17,-0.6961226000005668
69.50728392601013,8.52571758538195,-81.61543875471153,39.8471267501713,9.42437164398254,-79.08748175344871,55.54671466938939,-0.7050998014619467,-0.03149999113040891,4.897525883608215e-18,0.7084080889833964,0.0,0.0,0.0,0.0,0.0,0.0,-0.314,9.1551647,-94.828995,43.316994,6.267946416401401,-119.29252798486162,48.88077607736496,0.7064021638165477,0.12800039208453867,2.946859845283227e-17,-0.6961407060224993
69.54517555236816,0,0,0,0,0,0,0,0,0,1,0.0,0.0,0.0,0.0,0.0,0.0,-0.314,0,0,0,0,0,0,0,0,0,1
69.67140889167786,8.524966260804012,-81.64219594458207,39.85147821510784,9.422912753143237,-79.11682796984849,55.5350240226777,-0.7050998014619467,-0.03149999113040891,4.897525883608215e-18,0.7084080889833964,0.0,0.0,0.0,0.0,0.0,0.0,-0.314,9.1551647,-94.828995,43.316994,6.286012581441554,-119.31426791055647,48.88177071877051,0.7064021638165477,0.12800039208453867,2.946859845283227e-17,-0.6961407060224993
69.76127624511719,8.525321797737428,-81.62953408110424,39.84941904315362,9.45206517077878,-79.1006905452304,55.55930817538476,-0.7050997925839062,-0.03139999076320331,-2.448747565168557e-18,0.7084125373524973,0.0,0.0,0.0,0.0,0.0,0.0,-0.314,9.1551647,-94.828995,43.316994,6.295315996328867,-119.33459385052531,48.87175559841087,0.7065021609479875,0.128000391509331,9.821475838936706e-18,-0.6960392204102309
69.80111908912659,0,0,0,0,0,0,0,0,0,1,0.0,0.0,0.0,0.0,0.0,0.0,-0.314,0,0,0,0,0,0,0,0,0,1
69.87044358253479,0,0,0,0,0,0,0,0,0,1,0.0,0.0,0.0,0.0,0.0,0.0,-0.314,0,0,0,0,0,0,0,0,0,1
69.93223905563354,8.524983367342449,-81.6415867233341,39.851379138750715,9.390672305207545,-79.12910569615174,55.450113417016645,-0.7051997910384772,-0.031199990754963828,2.4490611495248264e-18,0.7083218303117433,0.0,0.0,0.0,0.0,0.0,0.0,-0.314,9.1551647,-94.828995,43.316994,6.296397325797841,-119.37241775901094,48.829705834161246,0.7066024367126134,0.12790044106360493,9.8200820481028e-18,-0.6959557986018455
70.05115842819214,8.524559659986512,-81.65667636435649,39.85383313500861,9.405920772314715,-79.15644190065318,55.37996916440578,-0.7052997997794472,-0.031099991171332504,-2.449390296538388e-18,0.7082266466183087,0.0,0.0,0.0,0.0,0.0,0.0,-0.314,9.1551647,-94.828995,43.316994,6.298720828240448,-119.33312642297201,48.84198558369758,0.7065021609479875,0.128000391509331,9.821475838936706e-18,-0.6960392204102309
70.12213373184204,0,0,0,0,0,0,0,0,0,1,0.0,0.0,0.0,0.0,0.0,0.0,-0.314,0,0,0,0,0,0,0,0,0,1
70.19133639335632,8.524943116631343,-81.64302018624893,39.85161225977882,9.447518249639302,-79.12617706331534,55.486991075719075,-0.7051998076387149,-0.031399991434849193,0.0,0.7083129759112216,0.0,0.0,0.0,0.0,0.0,0.0,-0.314,9.1551647,-94.828995,43.316994,6.288012137015357,-119.30383364839953,48.87243648335739,0.7064021638165477,0.12800039208453867,2.946859845283227e-17,-0.6961407060224993
70.23137593269348,0,0,0,0,0,0,0,0,0,1,0.0,0.0,0.0,0.0,0.0,0.0,-0.314,0,0,0,0,0,0,0,0,0,1
70.31887197494507,8.525600244218566,-81.61961766736857,39.8478063578576,9.436809558414183,-79.09688428874286,55.517441975378865,-0.7050998014619467,-0.03149999113040891,4.897525883608215e-18,0.7084080889833964,0.0,0.0,0.0,0.0,0.0,0.0,-0.314,9.1551647,-94.828995,43.316994,6.267081804798124,-119.30247310450079,48.88018697454032,0.7064018884675101,0.1281003424585052,-2.9468609939424183e-17,-0.6961226000005668
70.44466280937195,8.526130846325445,-81.60072114549725,39.844733256655886,9.469366807961308,-79.0792794365715,55.511956113372634,-0.7050998014619467,-0.03149999113040891,4.897525883608215e-18,0.7084080889833964,0.0,0.0,0.0,0.0,0.0,0.0,-0.314,9.1551647,-94.828995,43.316994,6.279249386862517,-119.30241966267353,48.8614267215922,0.7065018829658432,0.1281003414124905,1.9642959406642367e-17,-0.69602111454734
70.52143740653992,8.525380152795249,-81.62745586163973,39.84908106673779,9.453200114749308,-79.10020140271264,55.54938483714699,-0.7050998014619467,-0.03149999113040891,4.897525883608215e-18,0.7084080889833964,0.0,0.0,0.0,0.0,0.0,0.0,-0.314,9.1551647,-94.828995,43.316994,6.296774887168169,-119.30524763412555,48.88344624512256,0.7064021638165477,0.12800039208453867,2.946859845283227e-17,-0.6961407060224993
70.61175298690796,0,0,0,0,0,0,0,0,0,1,0.0,0.0,0.0,0.0,0.0,0.0,-0.314,0,0,0,0,0,0,0,0,0,1
70.68295049667358,8.524462947360808,-81.66012062555173,39.854393267888625,9.417508365657824,-79.1287296595587,55.57412827280412,-0.7051999781990189,-0.03139999902928134,0.0,0.708312805763855,0.0,0.0,0.0,0.0,0.0,0.0,-0.314,9.1551647,-94.828995,43.316994,6.291640832050035,-119.32660530095717,48.91203805418657,0.7064021638165477,0.12800039208453867,2.946859845283227e-17,-0.6961407060224993
70.73743939399719,0,0,0,0,0,0,0,0,0,1,0.0,0.0,0.0,0.0,0.0,0.0,-0.314,0,0,0,0,0,0,0,0,0,1
70.87132239341736,8.52471888071702,-81.6510059797549,39.85291097240895,9.412150447416622,-79.1258482462794,55.533348496325644,-0.7051999705430583,-0.03129999869256627,7.347231068886577e-18,0.7083172393976551,0.0,0.0,0.0,0.0,0.0,0.0,-0.314,9.1551647,-94.828995,43.316994,6.302403137776622,-119.31758502452625,48.91371358053863,0.7065009127914234,0.1279001652456094,4.910746595139758e-17,-0.6960589112675961
70.93744111061096,8.525082970919653,-81.63803950565308,39.850802262276176,9.425182641084291,-79.11584968481296,55.51517734620217,-0.7050997836783869,-0.031299990397296154,-2.448732237522345e-18,0.708416971604874,0.0,0.0,0.0,0.0,0.0,0.0,-0.314,9.1551647,-94.828995,43.316994,6.30694291365873,-119.31562845445521,48.87402022758757,0.7065009127914234,0.1279001652456094,4.910746595139758e-17,-0.6960589112675961
71.01165008544922,0,0,0,0,0,0,0,0,0,1,0.0,0.0,0.0,0.0,0.0,0.0,-0.314,0,0,0,0,0,0,0,0,0,1
71.06620287895203,8.524871432765556,-81.64557308930024,39.8520274329778,9.425452973451542,-79.12530566193436,55.50466490513977,-0.7051997993530568,-0.03129999109437134,0.0,0.708317410169975,0.0,0.0,0.0,0.0,0.0,0.0,-0.314,9.1551647,-94.828995,43.316994,6.3157056638115705,-119.31704244018121,48.88502998935275,0.7064021638165477,0.12800039208453867,2.946859845283227e-17,-0.6961407060224993
71.10986018180847,0,0,0,0,0,0,0,0,0,1,0.0,0.0,0.0,0.0,0.0,0.0,-0.314,0,0,0,0,0,0,0,0,0,1
71.25777292251587,8.524638012534272,-81.65388596715825,39.853379338641126,9.420913197569405,-79.12726223200542,55.544358258090824,-0.7051999858235425,-0.031499999366763454,0.0,0.7083083580153277,0.0,0.0,0.0,0.0,0.0,0.0,-0.314,9.1551647,-94.828995,43.316994,6.283472361133249,-119.30579021847058,48.91212983630844,0.7064021638165477,0.12800039208453867,2.946859845283227e-17,-0.6961407060224993
71.30486488342285,8.524301210995311,-81.66588060035839,39.85533000035298,9.435033865963476,-79.13155763101072,55.59614779633448,-0.7051999781990189,-0.03139999902928134,0.0,0.708312805763855,0.0,0.0,0.0,0.0,0.0,0.0,-0.314,9.1551647,-94.828995,43.316994,6.272169390672104,-119.29589854065868,48.9314791920812,0.7064006502884528,0.1280001178325622,1.9645774394669056e-17,-0.6961422922843441
71.39281511306763,8.524651972389979,-81.65338880984338,39.85329848700334,9.427135727413912,-79.12019852564553,55.58572713739393,-0.7051999781990189,-0.03139999902928134,0.0,0.708312805763855,0.0,0.0,0.0,0.0,0.0,0.0,-0.314,9.1551647,-94.828995,43.316994,6.2809321408249446,-119.2973125263847,48.94248895384638,0.7064006502884528,0.1280001178325622,1.9645774394669056e-17,-0.6961422922843441
71.4337887763977,0,0,0,0,0,0,0,0,0,1,0.0,0.0,0.0,0.0,0.0,0.0,-0.314,0,0,0,0,0,0,0,0,0,1
71.49431324005127,0,0,0,0,0,0,0,0,0,1,0.0,0.0,0.0,0.0,0.0,0.0,-0.314,0,0,0,0,0,0,0,0,0,1
71.64252519607544,8.524606946140125,-81.65499234572107,39.85355926663603,9.446931115660618,-79.12204821206204,55.58789998444877,-0.7051999781990189,-0.03139999902928134,0.0,0.708312805763855,0.0,0.0,0.0,0.0,0.0,0.0,-0.314,9.1551647,-94.828995,43.316994,6.276385219685437,-119.32279904446963,48.87017185418068,0.7065021609479875,0.128000391509331,9.821475838936706e-18,-0.6960392204102309
71.69078803062439,8.524512118101669,-81.65836949043926,39.85410848450599,9.449471335968923,-79.13052590414793,55.557540866910834,-0.7051998076387149,-0.031399991434849193,0.0,0.7083129759112216,0.0,0.0,0.0,0.0,0.0,0.0,-0.314,9.1551647,-94.828995,43.316994,6.2769258844199385,-119.34171099871246,48.84914697205587,0.7065021609479875,0.128000391509331,9.821475838936706e-18,-0.6960392204102309
71.76205277442932,0,0,0,0,0,0,0,0,0,1,0.0,0.0,0.0,0.0,0.0,0.0,-0.314,0,0,0,0,0,0,0,0,0,1
71.80608081817627,8.524565697620742,-81.6564613439376,39.853798166694745,9.4135557237544,-79.13481508088306,55.51291271702547,-0.7051998076387149,-0.031399991434849193,0.0,0.7083129759112216,0.0,0.0,0.0,0.0,0.0,0.0,-0.314,9.1551647,-94.828995,43.316994,6.265893246326073,-119.34127529802197,48.85798388676622,0.7065021609479875,0.128000391509331,9.821475838936706e-18,-0.6960392204102309
71.86251425743103,0,0,0,0,0,0,0,0,0,1,0.0,0.0,0.0,0.0,0.0,0.0,-0.314,0,0,0,0,0,0,0,0,0,1
72.01327347755432,8.52557836214138,-81.62039696157937,39.847933092819304,9.431999450164824,-79.0893848816925,55.56764776939233,-0.7050998014619467,-0.03149999113040891,4.897525883608215e-18,0.7084080889833964,0.0,0.0,0.0,0.0,0.0,0.0,-0.314,9.1551647,-94.828995,43.316994,6.269622025106429,-119.31095079658668,48.84982785700238,0.7065006335331228,0.12800011478024023,-4.910748536209142e-17,-0.6960408216717908
72.05727291107178,0,0,0,0,0,0,0,0,0,1,0.0,0.0,0.0,0.0,0.0,0.0,-0.314,0,0,0,0,0,0,0,0,0,1
72.10847926139832,0,0,0,0,0,0,0,0,0,1,0.0,0.0,0.0,0.0,0.0,0.0,-0.314,0,0,0,0,0,0,0,0,0,1
72.18115973472595,8.525330982054387,-81.62920699675222,39.84936585012042,9.421237144438209,-79.09840515812343,55.56597224304028,-0.7050998014619467,-0.03149999113040891,4.897525883608215e-18,0.7084080889833964,0.0,0.0,0.0,0.0,0.0,0.0,-0.314,9.1551647,-94.828995,43.316994,6.25658983143876,-119.32094935805313,48.86799900712586,0.7065006335331228,0.12800011478024023,-4.910748536209142e-17,-0.6960408216717908
72.23730683326721,0,0,0,0,0,0,0,0,0,1,0.0,0.0,0.0,0.0,0.0,0.0,-0.314,0,0,0,0,0,0,0,0,0,1
72.3866536617279,8.524493382707213,-81.65903672071693,39.854216994748356,9.406198249939365,-79.1423679297607,55.481467175960134,-0.7052999793348902,-0.03139999907998803,-2.449436698424019e-18,0.708213230043029,0.0,0.0,0.0,0.0,0.0,0.0,-0.314,9.1551647,-94.828995,43.316994,6.274385664111634,-119.33323330662657,48.87950608959381,0.7064018884675101,0.1281003424585052,-2.9468609939424183e-17,-0.6961226000005668
72.42617011070251,8.524300579947571,-81.66590307408643,39.855333655207616,9.449741668336173,-79.13998188126934,55.547028425848424,-0.7051998158949213,-0.031499991776361334,0.0,0.708308527535747,0.0,0.0,0.0,0.0,0.0,0.0,-0.314,9.1551647,-94.828995,43.316994,6.272980387773856,-119.32426647202291,48.899941868893976,0.7064018884675101,0.1281003424585052,-2.9468609939424183e-17,-0.6961226000005668
72.50707006454468,0,0,0,0,0,0,0,0,0,1,0.0,0.0,0.0,0.0,0.0,0.0,-0.314,0,0,0,0,0,0,0,0,0,1
72.54981708526611,8.525096299727622,-81.63756482206625,39.85072506549302,9.446112973301524,-79.11721022871168,55.50742685501924,-0.7051999781990189,-0.03139999902928134,0.0,0.708312805763855,0.0,0.0,0.0,0.0,0.0,0.0,-0.314,9.1551647,-94.828995,43.316994,6.276385219685437,-119.32279904446963,48.87017185418068,0.7065006335331228,0.12800011478024023,-4.910748536209142e-17,-0.6960408216717908
72.63815450668335,8.524659894611457,-81.65310667294743,39.85325260367942,9.425723305818764,-79.13476163905578,55.49415246407736,-0.7051997993530568,-0.03129999109437134,0.0,0.708317410169975,0.0,0.0,0.0,0.0,0.0,0.0,-0.314,9.1551647,-94.828995,43.316994,6.304943358084927,-119.32606271661214,48.8833544630007,0.7065009127914234,0.1279001652456094,4.910746595139758e-17,-0.6960589112675961
72.76046705245972,0,0,0,0,0,0,0,0,0,1,0.0,0.0,0.0,0.0,0.0,0.0,-0.314,0,0,0,0,0,0,0,0,0,1
72.80963277816772,8.525073786602695,-81.63836659000509,39.85085545530937,9.456010667424863,-79.11813507191994,55.50851327854665,-0.7051999781990189,-0.03139999902928134,0.0,0.708312805763855,0.0,0.0,0.0,0.0,0.0,0.0,-0.314,9.1551647,-94.828995,43.316994,6.293640387623839,-119.31617103880023,48.902703818773446,0.7065009127914234,0.1279001652456094,4.910746595139758e-17,-0.6960589112675961
72.86549949645996,0,0,0,0,0,0,0,0,0,1,0.0,0.0,0.0,0.0,0.0,0.0,-0.314,0,0,0,0,0,0,0,0,0,1
72.92741990089417,8.525006878275654,-81.64074942009358,39.851242969903765,9.470995947422182,-79.11248535128608,55.560891919614946,-0.7050998014619467,-0.03149999113040891,4.897525883608215e-18,0.7084080889833964,0.0,0.0,0.0,0.0,0.0,0.0,-0.314,9.1551647,-94.828995,43.316994,6.277249831288714,-119.31285392483046,48.87076095700533,0.7065006335331228,0.12800011478024023,-4.910748536209142e-17,-0.6960408216717908
72.98553657531738,0,0,0,0,0,0,0,0,0,1,0.0,0.0,0.0,0.0,0.0,0.0,-0.314,0,0,0,0,0,0,0,0,0,1
73.13456773757935,8.525344310862355,-81.62873231316539,39.849288653337275,9.442167476655442,-79.09976570202215,55.558221751857346,-0.7050998103119765,-0.03159999149887743,7.346335102289767e-18,0.7084036264978358,0.0,0.0,0.0,0.0,0.0,0.0,-0.314,9.1551647,-94.828995,43.316994,6.2809249955675455,-119.32084247439859,48.83047850122963,0.7065021609479875,0.128000391509331,9.821475838936706e-18,-0.6960392204102309
73.26622724533081,8.525425179045103,-81.62585232576207,39.8488202871051,9.433404726502602,-79.09835171629615,55.547211990092165,-0.7050998014619467,-0.03149999113040891,4.897525883608215e-18,0.7084080889833964,0.0,0.0,0.0,0.0,0.0,0.0,-0.314,9.1551647,-94.828995,43.316994,6.277249831288714,-119.31285392483046,48.87076095700533,0.7065006335331228,0.12800011478024023,-4.910748536209142e-17,-0.6960408216717908
73.31273317337036,8.52517779895811,-81.6346623609349,39.85025304440621,9.422642420775986,-79.10737199272707,55.545536463740106,-0.7050997925839062,-0.03139999076320331,-2.448747565168557e-18,0.7084125373524973,0.0,0.0,0.0,0.0,0.0,0.0,-0.314,9.1551647,-94.828995,43.316994,6.257454443042036,-119.31100423841396,48.8685881099505,0.7065006335331228,0.12800011478024023,-4.910748536209142e-17,-0.6960408216717908
73.36413192749023,0,0,0,0,0,0,0,0,0,1,0.0,0.0,0.0,0.0,0.0,0.0,-0.314,0,0,0,0,0,0,0,0,0,1
73.4223985671997,8.525397890381427,-81.62682416666372,39.84897833552603,9.406251864440918,-79.10405487875728,55.513593601971984,-0.7050997925839062,-0.03139999076320331,-2.448747565168557e-18,0.7084125373524973,0.0,0.0,0.0,0.0,0.0,0.0,-0.314,9.1551647,-94.828995,43.316994,6.258859719379814,-119.31997107301761,48.84815233065033,0.7065006335331228,0.12800011478024023,-4.910748536209142e-17,-0.6960408216717908
73.5276517868042,8.524912681284938,-81.64410409108373,39.85178853291909,9.458828365357789,-79.11253879311334,55.57965217256306,-0.7050998014619467,-0.03149999113040891,4.897525883608215e-18,0.7084080889833964,0.0,0.0,0.0,0.0,0.0,0.0,-0.314,9.1551647,-94.828995,43.316994,6.282878081897223,-119.32519131523117,48.9010282924214,0.7065006335331228,0.12800011478024023,-4.910748536209142e-17,-0.6960408216717908
73.57951712608337,0,0,0,0,0,0,0,0,0,1,0.0,0.0,0.0,0.0,0.0,0.0,-0.314,0,0,0,0,0,0,0,0,0,1
73.62000370025635,0,0,0,0,0,0,0,0,0,1,0.0,0.0,0.0,0.0,0.0,0.0,-0.314,0,0,0,0,0,0,0,0,0,1
73.67683100700378,8.525065233333475,-81.63867120062909,39.85090499348793,9.472130891392709,-79.11199620876832,55.55096858137718,-0.7050997925839062,-0.03139999076320331,-2.448747565168557e-18,0.7084125373524973,0.0,0.0,0.0,0.0,0.0,0.0,-0.314,9.1551647,-94.828995,43.316994,6.286012581441554,-119.31426791055647,48.88177071877051,0.7065006335331228,0.12800011478024023,-4.910748536209142e-17,-0.6960408216717908
73.74460577964783,0,0,0,0,0,0,0,0,0,1,0.0,0.0,0.0,0.0,0.0,0.0,-0.314,0,0,0,0,0,0,0,0,0,1
73.89004850387573,8.525527929305037,-81.62219304414792,39.84822518591122,9.429452084599149,-79.1044371376205,55.48599643431352,-0.7050997925839062,-0.03139999076320331,-2.448747565168557e-18,0.7084125373524973,0.0,0.0,0.0,0.0,0.0,0.0,-0.314,9.1551647,-94.828995,43.316994,6.277790496023215,-119.33176587907329,48.84973607488051,0.7065018829658432,0.1281003414124905,1.9642959406642367e-17,-0.69602111454734
73.93545007705688,8.524809299977264,-81.6477858464259,39.852387288967606,9.47748880963394,-79.11487762204762,55.59174835785565,-0.7050998014619467,-0.03149999113040891,4.897525883608215e-18,0.7084080889833964,0.0,0.0,0.0,0.0,0.0,0.0,-0.314,9.1551647,-94.828995,43.316994,6.262812361283267,-119.31388565169325,48.90936788642897,0.7064021638165477,0.12800039208453867,2.946859845283227e-17,-0.6961407060224993
74.0139684677124,0,0,0,0,0,0,0,0,0,1,0.0,0.0,0.0,0.0,0.0,0.0,-0.314,0,0,0,0,0,0,0,0,0,1
74.05604410171509,8.525403663728452,-81.62661855839923,39.84894489789084,9.533523756963945,-79.08358105784698,55.660163339745296,-0.704999806134712,-0.031699991282936685,0.0,0.7084986830634763,0.0,0.0,0.0,0.0,0.0,0.0,-0.314,9.1551647,-94.828995,43.316994,6.246475419449723,-119.27225548672007,48.90955145067271,0.7063018931191923,0.12810034335065626,0.0,-0.6962240571897017
74.11268019676208,0,0,0,0,0,0,0,0,0,1,0.0,0.0,0.0,0.0,0.0,0.0,-0.314,0,0,0,0,0,0,0,0,0,1
74.2340190410614,8.525992254132618,-81.60565687863705,39.84553594444926,9.462286811770895,-79.07275831455667,55.58200858386162,-0.7049997966878945,-0.03159999088700349,-7.345303061794965e-18,0.7085031596584228,0.0,0.0,0.0,0.0,0.0,0.0,-0.314,9.1551647,-94.828995,43.316994,6.2490156397579995,-119.28073317880595,48.879192333134775,0.7064018884675101,0.1281003424585052,-2.9468609939424183e-17,-0.6961226000005668
74.30344533920288,8.525069642111687,-81.6385141892399,39.850879459059314,9.404252308867115,-79.11448914091422,55.52292783738511,-0.7051999781990189,-0.03139999902928134,0.0,0.708312805763855,0.0,0.0,0.0,0.0,0.0,0.0,-0.314,9.1551647,-94.828995,43.316994,6.268163134267127,-119.34029701298644,48.8381372102907,0.7065021609479875,0.128000391509331,9.821475838936706e-18,-0.6960392204102309
74.38736534118652,8.525069642111687,-81.6385141892399,39.850879459059314,9.404252308867115,-79.11448914091422,55.52292783738511,-0.7051999781990189,-0.03139999902928134,0.0,0.708312805763855,0.0,0.0,0.0,0.0,0.0,0.0,-0.314,9.1551647,-94.828995,43.316994,6.27525027571491,-119.3232881869874,48.88009519241845,0.7065006335331228,0.12800011478024023,-4.910748536209142e-17,-0.6960408216717908
74.4260573387146,0,0,0,0,0,0,0,0,0,1,0.0,0.0,0.0,0.0,0.0,0.0,-0.314,0,0,0,0,0,0,0,0,0,1
74.48993587493896,0,0,0,0,0,0,0,0,0,1,0.0,0.0,0.0,0.0,0.0,0.0,-0.314,0,0,0,0,0,0,0,0,0,1
74.64070701599121,8.52485873500533,-81.64602529915904,39.8521009749063,9.38981483886164,-79.11552086777701,55.56153476680875,-0.7050998014619467,-0.03149999113040891,4.897525883608215e-18,0.7084080889833964,0.0,0.0,0.0,0.0,0.0,0.0,-0.314,9.1551647,-94.828995,43.316994,6.261407084945489,-119.3049188170896,48.929803665729146,0.7064018884675101,0.1281003424585052,-2.9468609939424183e-17,-0.6961226000005668
74.69474411010742,8.525033800178793,-81.63979064076555,39.8510870456588,9.39321967077322,-79.11405344022373,55.531764752095455,-0.7051998158949213,-0.031499991776361334,0.0,0.708308527535747,0.0,0.0,0.0,0.0,0.0,0.0,-0.314,9.1551647,-94.828995,43.316994,6.2715751114360785,-119.31529963741926,48.92037764819415,0.7064018884675101,0.1281003424585052,-2.9468609939424183e-17,-0.6961226000005668
74.75032544136047,0,0,0,0,0,0,0,0,0,1,0.0,0.0,0.0,0.0,0.0,0.0,-0.314,0,0,0,0,0,0,0,0,0,1
74.81466960906982,8.525959558882453,-81.60682126622957,39.845725306329406,9.41279119589683,-79.0916640465293,55.46456601360781,-0.7050997925839062,-0.03139999076320331,-2.448747565168557e-18,0.7084125373524973,0.0,0.0,0.0,0.0,0.0,0.0,-0.314,9.1551647,-94.828995,43.316994,6.276385219685437,-119.32279904446963,48.87017185418068,0.7065003531521521,0.12810006403225863,-2.946450291050116e-17,-0.6960227184444597
74.86474275588989,0,0,0,0,0,0,0,0,0,1,0.0,0.0,0.0,0.0,0.0,0.0,-0.314,0,0,0,0,0,0,0,0,0,1
75.01144075393677,8.525258036093117,-81.6318048472596,39.84978833302868,9.428587472995872,-79.11438225725968,55.48540733148889,-0.7051998076387149,-0.031399991434849193,0.0,0.7083129759112216,0.0,0.0,0.0,0.0,0.0,0.0,-0.314,9.1551647,-94.828995,43.316994,6.298720828240448,-119.33312642297201,48.84198558369758,0.7065021609479875,0.128000391509331,9.821475838936706e-18,-0.6960392204102309
75.04943084716797,8.524345606197425,-81.66429953820875,39.855072875574926,9.429946280089467,-79.13813219485284,55.5448555787936,-0.7051998158949213,-0.031499991776361334,0.0,0.708308527535747,0.0,0.0,0.0,0.0,0.0,0.0,-0.314,9.1551647,-94.828995,43.316994,6.304943358084927,-119.32606271661214,48.8833544630007,0.7065006335331228,0.12800011478024023,-4.910748536209142e-17,-0.6960408216717908
75.14618802070618,0,0,0,0,0,0,0,0,0,1,0.0,0.0,0.0,0.0,0.0,0.0,-0.314,0,0,0,0,0,0,0,0,0,1
75.24181962013245,8.524723656255768,-81.65083590679207,39.85288331380437,9.449201003601672,-79.12106992702651,55.56805330797324,-0.7050997925839062,-0.03139999076320331,-2.448747565168557e-18,0.7084125373524973,0.0,0.0,0.0,0.0,0.0,0.0,-0.314,9.1551647,-94.828995,43.316994,6.290552357323662,-119.31231134048542,48.84207736581945,0.7064021638165477,0.12800039208453867,2.946859845283227e-17,-0.6961407060224993
75.3072657585144,8.525030022448322,-81.63992517842671,39.85110892523278,9.446390450926145,-79.10313625781922,55.608924866573574,-0.7050997925839062,-0.03139999076320331,-2.448747565168557e-18,0.7084125373524973,0.0,0.0,0.0,0.0,0.0,0.0,-0.314,9.1551647,-94.828995,43.316994,6.267946416401401,-119.29252798486162,48.88077607736496,0.706400926916761,0.12790016782652,4.911441675334094e-17,-0.696160382039289
75.4279260635376,8.52531702219868,-81.62970415406707,39.849446701758204,9.41501461459373,-79.1054688644833,55.524603363737164,-0.7050997925839062,-0.03139999076320331,-2.448747565168557e-18,0.7084125373524973,0.0,0.0,0.0,0.0,0.0,0.0,-0.314,9.1551647,-94.828995,43.316994,6.2755742225836855,-119.29443111310539,48.901709177367906,0.7064021638165477,0.12800039208453867,2.946859845283227e-17,-0.6961407060224993
75.4898476600647,0,0,0,0,0,0,0,0,0,1,0.0,0.0,0.0,0.0,0.0,0.0,-0.314,0,0,0,0,0,0,0,0,0,1
75.55282235145569,8.525531707035508,-81.62205850648677,39.84820330633724,9.376281304446252,-79.11535432002502,55.4088363198354,-0.7051997910384772,-0.031199990754963828,2.4490611495248264e-18,0.7083218303117433,0.0,0.0,0.0,0.0,0.0,0.0,-0.314,9.1551647,-94.828995,43.316994,6.288823134117109,-119.33220157976376,48.84089916017017,0.7065021609479875,0.128000391509331,9.821475838936706e-18,-0.6960392204102309
75.63449192047119,0,0,0,0,0,0,0,0,0,1,0.0,0.0,0.0,0.0,0.0,0.0,-0.314,0,0,0,0,0,0,0,0,0,1
75.73605442047119,8.525050906717231,-81.63918141951758,39.850987969301684,9.360979222837528,-79.126331166527,55.446854146434404,-0.7051997993530568,-0.03129999109437134,0.0,0.708317410169975,0.0,0.0,0.0,0.0,0.0,0.0,-0.314,9.1551647,-94.828995,43.316994,6.26729852266385,-119.35024213262562,48.83754810746605,0.7066008978057046,0.12790016250969372,0.0,-0.6959574122388282
75.89266729354858,8.5250379446698,-81.63964304153075,39.85106304190886,9.444978029330997,-79.11769937122945,55.517350193257,-0.7050997925839062,-0.03139999076320331,-2.448747565168557e-18,0.7084125373524973,0.0,0.0,0.0,0.0,0.0,0.0,-0.314,9.1551647,-94.828995,43.316994,6.300720383814252,-119.32269216081508,48.83265134828446,0.7065021609479875,0.128000391509331,9.821475838936706e-18,-0.6960392204102309
75.92956924438477,0,0,0,0,0,0,0,0,0,1,0.0,0.0,0.0,0.0,0.0,0.0,-0.314,0,0,0,0,0,0,0,0,0,1
75.9923300743103,0,0,0,0,0,0,0,0,0,1,0.0,0.0,0.0,0.0,0.0,0.0,-0.314,0,0,0,0,0,0,0,0,0,1
76.05621814727783,8.524314539803278,-81.66540591677158,39.85525280356983,9.45596419818068,-79.13291817490946,55.58839730515154,-0.7051998158949213,-0.031499991776361334,0.0,0.708308527535747,0.0,0.0,0.0,0.0,0.0,0.0,-0.314,9.1551647,-94.828995,43.316994,6.295045663961616,-119.32513787340389,48.88226803947328,0.7065006335331228,0.12800011478024023,-4.910748536209142e-17,-0.6960408216717908
76.11120891571045,0,0,0,0,0,0,0,0,0,1,0.0,0.0,0.0,0.0,0.0,0.0,-0.314,0,0,0,0,0,0,0,0,0,1
76.23342704772949,8.524008804658465,-81.6762941714089,39.85702353728678,9.444066948483538,-79.14242759385814,55.596645117037255,-0.7051998076387149,-0.031399991434849193,0.0,0.7083129759112216,0.0,0.0,0.0,0.0,0.0,0.0,-0.314,9.1551647,-94.828995,43.316994,6.293046108387813,-119.33557213556082,48.8916022748864,0.7065006335331228,0.12800011478024023,-4.910748536209142e-17,-0.6960408216717908
76.30012035369873,8.524651341342238,-81.65341128357142,39.85330214185798,9.441843529786638,-79.12862277590415,55.53660776690789,-0.7051998076387149,-0.031399991434849193,0.0,0.7083129759112216,0.0,0.0,0.0,0.0,0.0,0.0,-0.314,9.1551647,-94.828995,43.316994,6.275790940449411,-119.34220014123022,48.85907031029363,0.7065021609479875,0.128000391509331,9.821475838936706e-18,-0.6960392204102309
76.35536766052246,0,0,0,0,0,0,0,0,0,1,0.0,0.0,0.0,0.0,0.0,0.0,-0.314,0,0,0,0,0,0,0,0,0,1
76.42426657676697,8.525433732314323,-81.62554771513807,39.84877074892654,9.417284502534784,-79.10449057944777,55.50475668726163,-0.7051999781990189,-0.03139999902928134,0.0,0.708312805763855,0.0,0.0,0.0,0.0,0.0,0.0,-0.314,9.1551647,-94.828995,43.316994,6.25686016380601,-119.33040533517455,48.85748656606346,0.7065021609479875,0.128000391509331,9.821475838936706e-18,-0.6960392204102309
76.51488828659058,0,0,0,0,0,0,0,0,0,1,0.0,0.0,0.0,0.0,0.0,0.0,-0.314,0,0,0,0,0,0,0,0,0,1
76.61148238182068,8.524943747679085,-81.64299771252091,39.85160860492418,9.432810447266576,-79.11775281305673,55.536110446205114,-0.7051999705430583,-0.03129999869256627,7.347231068886577e-18,0.7083172393976551,0.0,0.0,0.0,0.0,0.0,0.0,-0.314,9.1551647,-94.828995,43.316994,6.2862829138088046,-119.32372388767789,48.87125827770811,0.7065009127914234,0.1279001652456094,4.910746595139758e-17,-0.6960589112675961
76.67636823654175,8.52504712898676,-81.63931595717874,39.85100984887566,9.414150002990453,-79.11541398412247,55.52401426091252,-0.7050997925839062,-0.03139999076320331,-2.448747565168557e-18,0.7084125373524973,0.0,0.0,0.0,0.0,0.0,0.0,-0.314,9.1551647,-94.828995,43.316994,6.288552801749859,-119.32274560264236,48.85141160123257,0.7065006335331228,0.12800011478024023,-4.910748536209142e-17,-0.6960408216717908
76.75980615615845,0,0,0,0,0,0,0,0,0,1,0.0,0.0,0.0,0.0,0.0,0.0,-0.314,0,0,0,0,0,0,0,0,0,1
76.80424189567566,8.525401668111899,-81.62668962900257,39.84895645595205,9.353081084287993,-79.11497206116181,55.436433487493865,-0.7051998076387149,-0.031399991434849193,0.0,0.7083129759112216,0.0,0.0,0.0,0.0,0.0,0.0,-0.314,9.1551647,-94.828995,43.316994,6.249502689990976,-119.33795818405218,48.826041024998105,0.7065018829658432,0.1281003414124905,1.9642959406642367e-17,-0.69602111454734
76.86270785331726,0,0,0,0,0,0,0,0,0,1,0.0,0.0,0.0,0.0,0.0,0.0,-0.314,0,0,0,0,0,0,0,0,0,1
77.01540613174438,8.525064866572938,-81.63868426220273,39.8509071176639,9.367201752682035,-79.11926746016711,55.48822302573751,-0.7051997993530568,-0.03129999109437134,0.0,0.708317410169975,0.0,0.0,0.0,0.0,0.0,0.0,-0.314,9.1551647,-94.828995,43.316994,6.237605440293834,-119.34746760300087,48.83428883688381,0.7065021609479875,0.128000391509331,9.821475838936706e-18,-0.6960392204102309
77.05933403968811,8.524148027899034,-81.67133596454107,39.856217194638766,9.436439142301253,-79.14052446561438,55.575712017034306,-0.7051997993530568,-0.03129999109437134,0.0,0.708317410169975,0.0,0.0,0.0,0.0,0.0,0.0,-0.314,9.1551647,-94.828995,43.316994,6.29418105235834,-119.33508299304307,48.88167893664864,0.7065009127914234,0.1279001652456094,4.910746595139758e-17,-0.6960589112675961
77.1392297744751,0,0,0,0,0,0,0,0,0,1,0.0,0.0,0.0,0.0,0.0,0.0,-0.314,0,0,0,0,0,0,0,0,0,1
77.17745518684387,8.52377475337944,-81.68462952299491,39.85837909780474,9.454234974974128,-79.1528084141878,55.587219099502256,-0.7051998076387149,-0.031399991434849193,0.0,0.7083129759112216,0.0,0.0,0.0,0.0,0.0,0.0,-0.314,9.1551647,-94.828995,43.316994,6.299538970599542,-119.33796440632236,48.922458713127114,0.7065006335331228,0.12800011478024023,-4.910748536209142e-17,-0.6960408216717908
77.23495388031006,0,0,0,0,0,0,0,0,0,1,0.0,0.0,0.0,0.0,0.0,0.0,-0.314,0,0,0,0,0,0,0,0,0,1
77.38528537750244,8.525127997169509,-81.63643596977539,39.850541482643486,9.405387252837642,-79.11399999839645,55.51300449914734,-0.7051998076387149,-0.031399991434849193,0.0,0.7083129759112216,0.0,0.0,0.0,0.0,0.0,0.0,-0.314,9.1551647,-94.828995,43.316994,6.2370647755593325,-119.32855564875805,48.85531371900862,0.7065018829658432,0.1281003414124905,1.9642959406642367e-17,-0.69602111454734
77.43332052230835,8.525896428285884,-81.6090695586569,39.84609094134982,9.374605695741224,-79.09693150829995,55.43978454019798,-0.7051999781990189,-0.03139999902928134,0.0,0.708312805763855,0.0,0.0,0.0,0.0,0.0,0.0,-0.314,9.1551647,-94.828995,43.316994,6.237335107926583,-119.33801162587946,48.84480127794622,0.7065018829658432,0.1281003414124905,1.9642959406642367e-17,-0.69602111454734
77.48847389221191,0,0,0,0,0,0,0,0,0,1,0.0,0.0,0.0,0.0,0.0,0.0,-0.314,0,0,0,0,0,0,0,0,0,1
77.55405569076538,8.525663008054599,-81.61738243651489,39.847442847013156,9.370065919859115,-79.098888078371,55.47947789314904,-0.7050997925839062,-0.03139999076320331,-2.448747565168557e-18,0.7084125373524973,0.0,0.0,0.0,0.0,0.0,0.0,-0.314,9.1551647,-94.828995,43.316994,6.241882029066062,-119.31252510779453,48.917118377611914,0.7064018884675101,0.1281003424585052,-2.9468609939424183e-17,-0.6961226000005668
77.6341118812561,0,0,0,0,0,0,0,0,0,1,0.0,0.0,0.0,0.0,0.0,0.0,-0.314,0,0,0,0,0,0,0,0,0,1
77.77366209030151,8.524881614890793,-81.64521046964657,39.851968460913994,9.484846283448974,-79.10732477316998,55.623193898921,-0.7050998014619467,-0.03149999113040891,4.897525883608215e-18,0.7084080889833964,0.0,0.0,0.0,0.0,0.0,0.0,-0.314,9.1551647,-94.828995,43.316994,6.304996972586451,-119.28774966560873,48.91548088901255,0.7064006502884528,0.1280001178325622,1.9645774394669056e-17,-0.6961422922843441
77.81307411193848,0,0,0,0,0,0,0,0,0,1,0.0,0.0,0.0,0.0,0.0,0.0,-0.314,0,0,0,0,0,0,0,0,0,1
77.8580253124237,0,0,0,0,0,0,0,0,0,1,0.0,0.0,0.0,0.0,0.0,0.0,-0.314,0,0,0,0,0,0,0,0,0,1
77.93234395980835,8.525218416429752,-81.6332158364464,39.85001779920214,9.470725615054931,-79.10302937416466,55.57140436067735,-0.7050997925839062,-0.03139999076320331,-2.448747565168557e-18,0.7084125373524973,0.0,0.0,0.0,0.0,0.0,0.0,-0.314,9.1551647,-94.828995,43.316994,6.288282469382608,-119.31328962552095,48.86192404229498,0.7065009127914234,0.1279001652456094,4.910746595139758e-17,-0.6960589112675961
77.99315643310547,0,0,0,0,0,0,0,0,0,1,0.0,0.0,0.0,0.0,0.0,0.0,-0.314,0,0,0,0,0,0,0,0,0,1
78.13791584968567,8.525204456574045,-81.63371299376125,39.850098650839925,9.464503085210424,-79.11009308052454,55.530035481374235,-0.7050997836783869,-0.031299990397296154,-2.448732237522345e-18,0.708416971604874,0.0,0.0,0.0,0.0,0.0,0.0,-0.314,9.1551647,-94.828995,43.316994,6.298720828240448,-119.33312642297201,48.84198558369758,0.7065024378089438,0.1279004413245066,0.0,-0.6960573126395669
78.1828510761261,8.525033169131051,-81.63981311449359,39.851090700513446,9.407927473145946,-79.12247769048236,55.482645381609416,-0.7051997993530568,-0.03129999109437134,0.0,0.708317410169975,0.0,0.0,0.0,0.0,0.0,0.0,-0.314,9.1551647,-94.828995,43.316994,6.2984504958731975,-119.32367044585061,48.85249802475998,0.7065009127914234,0.1279001652456094,4.910746595139758e-17,-0.6960589112675961
78.23534321784973,0,0,0,0,0,0,0,0,0,1,0.0,0.0,0.0,0.0,0.0,0.0,-0.314,0,0,0,0,0,0,0,0,0,1
78.30865097045898,8.52472806503398,-81.65067889540288,39.852857779375746,9.38132242107605,-79.12356285917241,55.540012563981165,-0.7051999781990189,-0.03139999902928134,0.0,0.708312805763855,0.0,0.0,0.0,0.0,0.0,0.0,-0.314,9.1551647,-94.828995,43.316994,6.274385664111634,-119.33323330662657,48.87950608959381,0.7065006335331228,0.12800011478024023,-4.910748536209142e-17,-0.6960408216717908
78.36373376846313,0,0,0,0,0,0,0,0,0,1,0.0,0.0,0.0,0.0,0.0,0.0,-0.314,0,0,0,0,0,0,0,0,0,1
78.51479744911194,8.52517779895811,-81.6346623609349,39.85025304440621,9.422642420775986,-79.10737199272707,55.545536463740106,-0.7050997925839062,-0.03139999076320331,-2.448747565168557e-18,0.7084125373524973,0.0,0.0,0.0,0.0,0.0,0.0,-0.314,9.1551647,-94.828995,43.316994,6.2851479698382775,-119.32421303019564,48.88118161594587,0.7064018884675101,0.1281003424585052,-2.9468609939424183e-17,-0.6961226000005668
78.55730080604553,8.525262811631865,-81.63163477429677,39.84976067442409,9.465638029180951,-79.10960393800679,55.52011214313647,-0.7050997836783869,-0.031299990397296154,-2.448732237522345e-18,0.708416971604874,0.0,0.0,0.0,0.0,0.0,0.0,-0.314,9.1551647,-94.828995,43.316994,6.287741804648107,-119.29437767127813,48.88294892441979,0.7064021638165477,0.12800039208453867,2.946859845283227e-17,-0.6961407060224993
78.6129219532013,0,0,0,0,0,0,0,0,0,1,0.0,0.0,0.0,0.0,0.0,0.0,-0.314,0,0,0,0,0,0,0,0,0,1
78.67239356040955,8.524736985063734,-81.65036122320525,39.852806117021224,9.470131335818905,-79.12243047092525,55.560302816790305,-0.7050998014619467,-0.03149999113040891,4.897525883608215e-18,0.7084080889833964,0.0,0.0,0.0,0.0,0.0,0.0,-0.314,9.1551647,-94.828995,43.316994,6.312895111136015,-119.29910877097392,48.92590154795309,0.7064003725394455,0.12810006755705408,-9.822891059587823e-18,-0.6961241888973625
78.7368049621582,0,0,0,0,0,0,0,0,0,1,0.0,0.0,0.0,0.0,0.0,0.0,-0.314,0,0,0,0,0,0,0,0,0,1
78.88682317733765,8.524862879496336,-81.64587769992424,39.85207697115636,9.441573197419416,-79.11916679878274,55.547120207970295,-0.7051998158949213,-0.031499991776361334,0.0,0.708308527535747,0.0,0.0,0.0,0.0,0.0,0.0,-0.314,9.1551647,-94.828995,43.316994,6.310301276326186,-119.32894412989144,48.92413423947917,0.7064018884675101,0.1281003424585052,-2.9468609939424183e-17,-0.6961226000005668
78.92632794380188,8.524237449351,-81.66815136651375,39.85569929022803,9.411556168180596,-79.14524934303999,55.5222469524386,-0.7051998076387149,-0.031399991434849193,0.0,0.7083129759112216,0.0,0.0,0.0,0.0,0.0,0.0,-0.314,9.1551647,-94.828995,43.316994,6.294721717092841,-119.35399494728588,48.86065405452382,0.7065021609479875,0.128000391509331,9.821475838936706e-18,-0.6960392204102309
79.0098147392273,0,0,0,0,0,0,0,0,0,1,0.0,0.0,0.0,0.0,0.0,0.0,-0.314,0,0,0,0,0,0,0,0,0,1
79.05553865432739,8.52457425088996,-81.6561567333136,39.85374862851618,9.397435499786525,-79.14095394403468,55.47045741419495,-0.7051997993530568,-0.03129999109437134,0.0,0.708317410169975,0.0,0.0,0.0,0.0,0.0,0.0,-0.314,9.1551647,-94.828995,43.316994,6.275790940449411,-119.34220014123022,48.85907031029363,0.7065021609479875,0.128000391509331,9.821475838936706e-18,-0.6960392204102309
79.11709785461426,0,0,0,0,0,0,0,0,0,1,0.0,0.0,0.0,0.0,0.0,0.0,-0.314,0,0,0,0,0,0,0,0,0,1
79.23668718338013,8.525149879246694,-81.63565667556459,39.85041474768178,9.410197361087,-79.12149940544683,55.46279870513388,-0.7051997993530568,-0.03129999109437134,0.0,0.708317410169975,0.0,0.0,0.0,0.0,0.0,0.0,-0.314,9.1551647,-94.828995,43.316994,6.2851479698382775,-119.32421303019564,48.88118161594587,0.7065006335331228,0.12800011478024023,-4.910748536209142e-17,-0.6960408216717908
79.30030369758606,8.525118812852549,-81.63676305412743,39.85059467567668,9.436215279178157,-79.11628538550345,55.50634043149182,-0.7051997910384772,-0.031199990754963828,2.4490611495248264e-18,0.7083218303117433,0.0,0.0,0.0,0.0,0.0,0.0,-0.314,9.1551647,-94.828995,43.316994,6.3168406077820975,-119.31655329766346,48.87510665111499,0.7065009127914234,0.1279001652456094,4.910746595139758e-17,-0.6960589112675961
79.36376357078552,0,0,0,0,0,0,0,0,0,1,0.0,0.0,0.0,0.0,0.0,0.0,-0.314,0,0,0,0,0,0,0,0,0,1
79.43078851699829,8.524935194409865,-81.6433023231449,39.85165814310274,9.44893067123445,-79.1116139499051,55.57856574903565,-0.7050997925839062,-0.03139999076320331,-2.448747565168557e-18,0.7084125373524973,0.0,0.0,0.0,0.0,0.0,0.0,-0.314,9.1551647,-94.828995,43.316994,6.301268193806095,-119.31807416704402,48.923636918776396,0.7064024380463695,0.1279004414299698,-2.9468587012938994e-17,-0.6961587984103657
79.50813436508179,0,0,0,0,0,0,0,0,0,1,0.0,0.0,0.0,0.0,0.0,0.0,-0.314,0,0,0,0,0,0,0,0,0,1
79.63665819168091,8.525470205294956,-81.62424878988438,39.84855950747241,9.413609338255952,-79.09650202987964,55.545039143037336,-0.7050998014619467,-0.03149999113040891,4.897525883608215e-18,0.7084080889833964,0.0,0.0,0.0,0.0,0.0,0.0,-0.314,9.1551647,-94.828995,43.316994,6.2543199434977055,-119.32192764308866,48.887845683601384,0.7065006335331228,0.12800011478024023,-4.910748536209142e-17,-0.6960408216717908
79.68367671966553,8.525393114842679,-81.62699423962655,39.849005994130614,9.369201308255839,-79.10883319801017,55.47888879032439,-0.7050997836783869,-0.031299990397296154,-2.448732237522345e-18,0.708416971604874,0.0,0.0,0.0,0.0,0.0,0.0,-0.314,9.1551647,-94.828995,43.316994,6.228302025406521,-119.32714166303204,48.84430395724344,0.7065006335331228,0.12800011478024023,-4.910748536209142e-17,-0.6960408216717908
79.73796272277832,0,0,0,0,0,0,0,0,0,1,0.0,0.0,0.0,0.0,0.0,0.0,-0.314,0,0,0,0,0,0,0,0,0,1
79.79595804214478,8.525150510294436,-81.63563420183655,39.85041109282714,9.395489558714274,-79.1130751551882,55.51191807561993,-0.7050998014619467,-0.03149999113040891,4.897525883608215e-18,0.7084080889833964,0.0,0.0,0.0,0.0,0.0,0.0,-0.314,9.1551647,-94.828995,43.316994,6.271845443803329,-119.32475561454068,48.909865207131745,0.7064018884675101,0.1281003424585052,-2.9468609939424183e-17,-0.6961226000005668
79.8940737247467,8.525240929554679,-81.63241406850756,39.84988740938579,9.460827920931592,-79.10210453095641,55.57031793714994,-0.7050998103119765,-0.03159999149887743,7.346335102289767e-18,0.7084036264978358,0.0,0.0,0.0,0.0,0.0,0.0,-0.314,9.1551647,-94.828995,43.316994,6.2919647789188105,-119.29774822707518,48.93365203913603,0.7064018884675101,0.1281003424585052,-2.9468609939424183e-17,-0.6961226000005668
80.01763963699341,8.525402665920176,-81.6266540937009,39.84895067692145,9.443302420625969,-79.0992765595044,55.54829841361958,-0.7050998014619467,-0.03149999113040891,4.897525883608215e-18,0.7084080889833964,0.0,0.0,0.0,0.0,0.0,0.0,-0.314,9.1551647,-94.828995,43.316994,6.265676528460347,-119.29350626989715,48.900622753840494,0.7064018884675101,0.1281003424585052,-2.9468609939424183e-17,-0.6961226000005668
80.06017589569092,0,0,0,0,0,0,0,0,0,1,0.0,0.0,0.0,0.0,0.0,0.0,-0.314,0,0,0,0,0,0,0,0,0,1
80.11495304107666,0,0,0,0,0,0,0,0,0,1,0.0,0.0,0.0,0.0,0.0,0.0,-0.314,0,0,0,0,0,0,0,0,0,1
80.17853307723999,8.52570362552624,-81.6159359120264,39.84720760180908,9.41814911413806,-79.0945454598086,55.50534579008628,-0.7050997925839062,-0.03139999076320331,-2.448747565168557e-18,0.7084125373524973,0.0,0.0,0.0,0.0,0.0,0.0,-0.314,9.1551647,-94.828995,43.316994,6.247286416551447,-119.3006234180843,48.87801412748549,0.7064018884675101,0.1281003424585052,-2.9468609939424183e-17,-0.6961226000005668
80.23645377159119,0,0,0,0,0,0,0,0,0,1,0.0,0.0,0.0,0.0,0.0,0.0,-0.314,0,0,0,0,0,0,0,0,0,1
80.38954496383667,8.525492087372143,-81.62346949567358,39.848432772510705,9.418419446505311,-79.10400143693,55.49483334902387,-0.7050997836783869,-0.031299990397296154,-2.448732237522345e-18,0.708416971604874,0.0,0.0,0.0,0.0,0.0,0.0,-0.314,9.1551647,-94.828995,43.316994,6.237659054795358,-119.30915455199747,48.86641526289567,0.7064021638165477,0.12800039208453867,2.946859845283227e-17,-0.6961407060224993
80.43183445930481,8.525954783343705,-81.6069913391924,39.84575296493399,9.37574063971175,-79.0964423657822,55.42986120196021,-0.7051997826955055,-0.031099990416662254,-2.449045915550817e-18,0.7083262363362628,0.0,0.0,0.0,0.0,0.0,0.0,-0.314,9.1551647,-94.828995,43.316994,6.249826636859751,-119.30910111017019,48.84765500994756,0.7065009127914234,0.1279001652456094,4.910746595139758e-17,-0.6960589112675961
80.48937821388245,0,0,0,0,0,0,0,0,0,1,0.0,0.0,0.0,0.0,0.0,0.0,-0.314,0,0,0,0,0,0,0,0,0,1
80.54859161376953,8.525761980584063,-81.61385769256191,39.846869625393246,9.419284058108587,-79.09405631729084,55.49542245184851,-0.7050997836783869,-0.031299990397296154,-2.448732237522345e-18,0.708416971604874,0.0,0.0,0.0,0.0,0.0,0.0,-0.314,9.1551647,-94.828995,43.316994,6.26481191685707,-119.30345138953632,48.900033651015846,0.7064021638165477,0.12800039208453867,2.946859845283227e-17,-0.6961407060224993
80.60577726364136,0,0,0,0,0,0,0,0,0,1,0.0,0.0,0.0,0.0,0.0,0.0,-0.314,0,0,0,0,0,0,0,0,0,1
80.74091124534607,8.524809299977264,-81.6477858464259,39.852387288967606,9.47748880963394,-79.11487762204762,55.59174835785565,-0.7050998103119765,-0.03159999149887743,7.346335102289767e-18,0.7084036264978358,0.0,0.0,0.0,0.0,0.0,0.0,-0.314,9.1551647,-94.828995,43.316994,6.283202028765999,-119.29633424134917,48.922642277370855,0.7064018884675101,0.1281003424585052,-2.9468609939424183e-17,-0.6961226000005668
80.8071596622467,8.524840366371409,-81.64667946786307,39.8522073609727,9.451470891542755,-79.12009164199098,55.548206631497706,-0.7051999858235425,-0.031499999366763454,0.0,0.7083083580153277,0.0,0.0,0.0,0.0,0.0,0.0,-0.314,9.1551647,-94.828995,43.316994,6.294504999227115,-119.30622591916107,48.903292921598094,0.7064018884675101,0.1281003424585052,-2.9468609939424183e-17,-0.6961226000005668
80.86498236656189,0,0,0,0,0,0,0,0,0,1,0.0,0.0,0.0,0.0,0.0,0.0,-0.314,0,0,0,0,0,0,0,0,0,1
80.92733454704285,8.524790564582807,-81.64845307670359,39.852495799209976,9.434215723604325,-79.12671964766038,55.51567466690494,-0.7051998076387149,-0.031399991434849193,0.0,0.7083129759112216,0.0,0.0,0.0,0.0,0.0,0.0,-0.314,9.1551647,-94.828995,43.316994,6.290776220446759,-119.33655042059635,48.91144895136193,0.7065018829658432,0.1281003414124905,1.9642959406642367e-17,-0.69602111454734
81.01365518569946,8.52457902642871,-81.65598666035078,39.8537209699116,9.434486055971576,-79.1361756247818,55.50516222584254,-0.7051998076387149,-0.031399991434849193,0.0,0.7083129759112216,0.0,0.0,0.0,0.0,0.0,0.0,-0.314,9.1551647,-94.828995,43.316994,6.2944513847255905,-119.34453897016448,48.87116649558623,0.7065021609479875,0.128000391509331,9.821475838936706e-18,-0.6960392204102309
81.11947107315063,0,0,0,0,0,0,0,0,0,1,0.0,0.0,0.0,0.0,0.0,0.0,-0.314,0,0,0,0,0,0,0,0,0,1
81.18734216690063,8.524475645121033,-81.65966841569295,39.85431972596012,9.453146500247755,-79.13851445371606,55.51725841113513,-0.7051997993530568,-0.03129999109437134,0.0,0.708317410169975,0.0,0.0,0.0,0.0,0.0,0.0,-0.314,9.1551647,-94.828995,43.316994,6.306618966789955,-119.3444855283372,48.85240624263811,0.7065024378089438,0.1279004413245066,0.0,-0.6960573126395669
81.25964546203613,0,0,0,0,0,0,0,0,0,1,0.0,0.0,0.0,0.0,0.0,0.0,-0.314,0,0,0,0,0,0,0,0,0,1
81.3144063949585,8.524300579947571,-81.66590307408643,39.855333655207616,9.449741668336173,-79.13998188126934,55.547028425848424,-0.7051998076387149,-0.031399991434849193,0.0,0.7083129759112216,0.0,0.0,0.0,0.0,0.0,0.0,-0.314,9.1551647,-94.828995,43.316994,6.301808858540596,-119.33698612128684,48.90261203665158,0.7065009127914234,0.1279001652456094,4.910746595139758e-17,-0.6960589112675961
81.36455750465393,0,0,0,0,0,0,0,0,0,1,0.0,0.0,0.0,0.0,0.0,0.0,-0.314,0,0,0,0,0,0,0,0,0,1
81.51118612289429,8.52543850785307,-81.62537764217525,39.84874309032195,9.454335058719835,-79.09971226019489,55.53946149890922,-0.7050998014619467,-0.03149999113040891,4.897525883608215e-18,0.7084080889833964,0.0,0.0,0.0,0.0,0.0,0.0,-0.314,9.1551647,-94.828995,43.316994,6.297639498771446,-119.29530251448637,48.884035347947204,0.7064018884675101,0.1281003424585052,-2.9468609939424183e-17,-0.6961226000005668
81.5543429851532,0,0,0,0,0,0,0,0,0,1,0.0,0.0,0.0,0.0,0.0,0.0,-0.314,0,0,0,0,0,0,0,0,0,1
81.60985469818115,0,0,0,0,0,0,0,0,0,1,0.0,0.0,0.0,0.0,0.0,0.0,-0.314,0,0,0,0,0,0,0,0,0,1
81.67636966705322,8.525280549218044,-81.63100307932075,39.84965794321233,9.418689778872562,-79.11345741405142,55.48432090796147,-0.7051997993530568,-0.03129999109437134,0.0,0.708317410169975,0.0,0.0,0.0,0.0,0.0,0.0,-0.314,9.1551647,-94.828995,43.316994,6.2647583023555455,-119.34176444053973,48.86790722500399,0.7065021609479875,0.128000391509331,9.821475838936706e-18,-0.6960392204102309
81.73318552970886,0,0,0,0,0,0,0,0,0,1,0.0,0.0,0.0,0.0,0.0,0.0,-0.314,0,0,0,0,0,0,0,0,0,1
81.8646388053894,8.525069642111687,-81.6385141892399,39.850879459059314,9.404252308867115,-79.11448914091422,55.52292783738511,-0.7051998076387149,-0.031399991434849193,0.0,0.7083129759112216,0.0,0.0,0.0,0.0,0.0,0.0,-0.314,9.1551647,-94.828995,43.316994,6.261083138076714,-119.3337758909716,48.908189680779685,0.7065009127914234,0.1279001652456094,4.910746595139758e-17,-0.6960589112675961
81.93017554283142,8.524476907216517,-81.65962346823686,39.85431241625084,9.423730895502331,-79.12166595319881,55.61549715210723,-0.7050998014619467,-0.03149999113040891,4.897525883608215e-18,0.7084080889833964,0.0,0.0,0.0,0.0,0.0,0.0,-0.314,9.1551647,-94.828995,43.316994,6.281472805559446,-119.31622448062751,48.92146407172157,0.7064024380463695,0.1279004414299698,-2.9468587012938994e-17,-0.6961587984103657
82.0172975063324,8.524116961504888,-81.67244234310391,39.85639712263367,9.462457060392438,-79.135310445671,55.61925374339225,-0.7050997925839062,-0.03139999076320331,-2.448747565168557e-18,0.7084125373524973,0.0,0.0,0.0,0.0,0.0,0.0,-0.314,9.1551647,-94.828995,43.316994,6.292775776020562,-119.32611615843942,48.90211471594881,0.7064021638165477,0.12800039208453867,2.946859845283227e-17,-0.6961407060224993
82.11493468284607,0,0,0,0,0,0,0,0,0,1,0.0,0.0,0.0,0.0,0.0,0.0,-0.314,0,0,0,0,0,0,0,0,0,1
82.1734504699707,8.524601539553636,-81.65518489241194,39.85359058009526,9.424588361848237,-79.13525078157355,55.50407580231513,-0.7051997993530568,-0.03129999109437134,0.0,0.708317410169975,0.0,0.0,0.0,0.0,0.0,0.0,-0.314,9.1551647,-94.828995,43.316994,6.302943802511123,-119.33649697876908,48.89268869841382,0.7065006335331228,0.12800011478024023,-4.910748536209142e-17,-0.6960408216717908
82.30892825126648,8.5251901299578,-81.63422321264974,39.85018162665367,9.353351416655244,-79.12442803828321,55.42592104643146,-0.7052999722989732,-0.03129999877067611,4.898842728537997e-18,0.7082176636825878,0.0,0.0,0.0,0.0,0.0,0.0,-0.314,9.1551647,-94.828995,43.316994,6.265298967090018,-119.36067639478256,48.84688234287918,0.7066003329009762,0.128100060351847,1.964022257226888e-17,-0.6959212197383284
82.36194086074829,0,0,0,0,0,0,0,0,0,1,0.0,0.0,0.0,0.0,0.0,0.0,-0.314,0,0,0,0,0,0,0,0,0,1
82.42247319221497,8.524880617082516,-81.64524600494823,39.851974239944596,9.39462494711097,-79.12302027482738,55.51132897279528,-0.7051998076387149,-0.031399991434849193,0.0,0.7083129759112216,0.0,0.0,0.0,0.0,0.0,0.0,-0.314,9.1551647,-94.828995,43.316994,6.273250720141107,-119.33372244914433,48.88942942783157,0.7065021609479875,0.128000391509331,9.821475838936706e-18,-0.6960392204102309
82.51923441886902,0,0,0,0,0,0,0,0,0,1,0.0,0.0,0.0,0.0,0.0,0.0,-0.314,0,0,0,0,0,0,0,0,0,1
82.56224918365479,8.524921234554158,-81.64379948045975,39.85173899474052,9.442708141389943,-79.11867765626498,55.537196869732526,-0.7050998014619467,-0.03149999113040891,4.897525883608215e-18,0.7084080889833964,0.0,0.0,0.0,0.0,0.0,0.0,-0.314,9.1551647,-94.828995,43.316994,6.279202917618392,-119.31720276566304,48.9413107481971,0.7064021638165477,0.12800039208453867,2.946859845283227e-17,-0.6961407060224993
82.67077946662903,8.524656116880987,-81.65324121060858,39.853274483253394,9.478894085971717,-79.12384445665126,55.57131257855548,-0.7050998103119765,-0.03159999149887743,7.346335102289767e-18,0.7084036264978358,0.0,0.0,0.0,0.0,0.0,0.0,-0.314,9.1551647,-94.828995,43.316994,6.291100167315534,-119.30769334671436,48.93306293631139,0.7064018884675101,0.1281003424585052,-2.9468609939424183e-17,-0.6961226000005668
82.73477578163147,0,0,0,0,0,0,0,0,0,1,0.0,0.0,0.0,0.0,0.0,0.0,-0.314,0,0,0,0,0,0,0,0,0,1
82.80649971961975,8.524547960034564,-81.65709303891359,39.8539008979065,9.460503974062789,-79.1309616048384,55.54870395220048,-0.7051999858235425,-0.031499999366763454,0.0,0.7083083580153277,0.0,0.0,0.0,0.0,0.0,0.0,-0.314,9.1551647,-94.828995,43.316994,6.287417857779332,-119.32323474516012,48.86133493947034,0.7065006335331228,0.12800011478024023,-4.910748536209142e-17,-0.6960408216717908
82.89122343063354,8.5253753772565,-81.62762593460256,39.84910872534237,9.416149558564257,-79.10497972196553,55.5146800254994,-0.7050997925839062,-0.03139999076320331,-2.448747565168557e-18,0.7084125373524973,0.0,0.0,0.0,0.0,0.0,0.0,-0.314,9.1551647,-94.828995,43.316994,6.249232357623725,-119.32850220693078,48.83655346606051,0.7065021609479875,0.128000391509331,9.821475838936706e-18,-0.6960392204102309
82.99001669883728,0,0,0,0,0,0,0,0,0,1,0.0,0.0,0.0,0.0,0.0,0.0,-0.314,0,0,0,0,0,0,0,0,0,1
83.13801598548889,8.525010656006124,-81.64061488243242,39.85122109032979,9.417825167269285,-79.1234025336906,55.48373180513683,-0.7051997993530568,-0.03129999109437134,0.0,0.708317410169975,0.0,0.0,0.0,0.0,0.0,0.0,-0.314,9.1551647,-94.828995,43.316994,6.265893246326073,-119.34127529802197,48.85798388676622,0.7065018829658432,0.1281003414124905,1.9642959406642367e-17,-0.69602111454734
83.18505430221558,8.525015431544873,-81.64044480946959,39.85119343172521,9.454875723454336,-79.1186242144377,55.51843661678441,-0.7050998014619467,-0.03149999113040891,4.897525883608215e-18,0.7084080889833964,0.0,0.0,0.0,0.0,0.0,0.0,-0.314,9.1551647,-94.828995,43.316994,6.276385219685437,-119.32279904446963,48.87017185418068,0.7064018884675101,0.1281003424585052,-2.9468609939424183e-17,-0.6961226000005668
83.23712229728699,0,0,0,0,0,0,0,0,0,1,0.0,0.0,0.0,0.0,0.0,0.0,-0.314,0,0,0,0,0,0,0,0,0,1
83.31401681900024,8.524592986284418,-81.65548950303591,39.853640118273816,9.440708585816111,-79.12911191842191,55.54653110514566,-0.7050998014619467,-0.03149999113040891,4.897525883608215e-18,0.7084080889833964,0.0,0.0,0.0,0.0,0.0,0.0,-0.314,9.1551647,-94.828995,43.316994,6.276655552052688,-119.33225502159104,48.85965941311828,0.7065021609479875,0.128000391509331,9.821475838936706e-18,-0.6960392204102309
83.38888263702393,8.524300579947571,-81.66590307408643,39.855333655207616,9.449741668336173,-79.13998188126934,55.547028425848424,-0.7051998076387149,-0.031399991434849193,0.0,0.7083129759112216,0.0,0.0,0.0,0.0,0.0,0.0,-0.314,9.1551647,-94.828995,43.316994,6.296721272666645,-119.34356068512895,48.8513198191107,0.7066008978057046,0.12790016250969372,0.0,-0.6959574122388282
83.51732850074768,0,0,0,0,0,0,0,0,0,1,0.0,0.0,0.0,0.0,0.0,0.0,-0.314,0,0,0,0,0,0,0,0,0,1
83.62089323997498,8.525263442679606,-81.63161230056873,39.84975701956945,9.450930226808254,-79.10117968774817,55.56923151362252,-0.7050997925839062,-0.03139999076320331,-2.448747565168557e-18,0.7084125373524973,0.0,0.0,0.0,0.0,0.0,0.0,-0.314,9.1551647,-94.828995,43.316994,6.267081804798124,-119.30247310450079,48.88018697454032,0.7064024380463695,0.1279004414299698,-2.9468587012938994e-17,-0.6961587984103657
83.69713306427002,8.525344310862355,-81.62873231316539,39.849288653337275,9.442167476655442,-79.09976570202215,55.558221751857346,-0.7050997925839062,-0.03139999076320331,-2.448747565168557e-18,0.7084125373524973,0.0,0.0,0.0,0.0,0.0,0.0,-0.314,9.1551647,-94.828995,43.316994,6.257184110674785,-119.30154826129255,48.87910055101291,0.7064021638165477,0.12800039208453867,2.946859845283227e-17,-0.6961407060224993
83.7551896572113,0,0,0,0,0,0,0,0,0,1,0.0,0.0,0.0,0.0,0.0,0.0,-0.314,0,0,0,0,0,0,0,0,0,1
83.86749482154846,8.524449985313376,-81.6605822475649,39.8544683404958,9.501507172151292,-79.12009786426117,55.644624319626715,-0.7050998014619467,-0.03149999113040891,4.897525883608215e-18,0.7084080889833964,0.0,0.0,0.0,0.0,0.0,0.0,-0.314,9.1551647,-94.828995,43.316994,6.314894666709819,-119.28867450881698,48.91656731253997,0.7064006502884528,0.1280001178325622,1.9645774394669056e-17,-0.6961422922843441
84.11415028572083,8.52591516368034,-81.60840232837921,39.84598243110746,9.41787878177081,-79.08508948268718,55.515858231148684,-0.7050997925839062,-0.03139999076320331,-2.448747565168557e-18,0.7084125373524973,0.0,0.0,0.0,0.0,0.0,0.0,-0.314,9.1551647,-94.828995,43.316994,6.236794443192082,-119.31909967163664,48.86582616007103,0.7065003531521521,0.12810006403225863,-2.946450291050116e-17,-0.6960227184444597
84.18500232696533,8.524732209524986,-81.65053129616808,39.852833775625804,9.433080779633826,-79.12720879017814,55.52559800514271,-0.7051999858235425,-0.031499999366763454,0.0,0.7083083580153277,0.0,0.0,0.0,0.0,0.0,0.0,-0.314,9.1551647,-94.828995,43.316994,6.295315996328867,-119.33459385052531,48.87175559841087,0.7065021609479875,0.128000391509331,9.821475838936706e-18,-0.6960392204102309
84.23552012443542,0,0,0,0,0,0,0,0,0,1,0.0,0.0,0.0,0.0,0.0,0.0,-0.314,0,0,0,0,0,0,0,0,0,1
84.30654764175415,8.5243728948611,-81.66332769730708,39.854914827154,9.457099142151208,-79.1324290323917,55.578473966913776,-0.7050998014619467,-0.03149999113040891,4.897525883608215e-18,0.7084080889833964,0.0,0.0,0.0,0.0,0.0,0.0,-0.314,9.1551647,-94.828995,43.316994,6.321333914420052,-119.32937983058193,48.915297324768815,0.7065009127914234,0.1279001652456094,4.910746595139758e-17,-0.6960589112675961
84.37314963340759,0,0,0,0,0,0,0,0,0,1,0.0,0.0,0.0,0.0,0.0,0.0,-0.314,0,0,0,0,0,0,0,0,0,1
84.6116271018982,8.524022764514173,-81.67579701409406,39.856942685648995,9.450289478328045,-79.13536388749827,55.63801399634036,-0.7051998241211433,-0.031599992118871434,-2.4491225754429266e-18,0.708304065043817,0.0,0.0,0.0,0.0,0.0,0.0,-0.314,9.1551647,-94.828995,43.316994,6.270980832200053,-119.33470073417985,48.9092761043071,0.7065018829658432,0.1281003414124905,1.9642959406642367e-17,-0.69602111454734
84.69252586364746,8.523697662927162,-81.68737497273709,39.85882558446295,9.409826944974043,-79.16513958231833,55.52106874678931,-0.7052999793348902,-0.03139999907998803,-2.449436698424019e-18,0.708213230043029,0.0,0.0,0.0,0.0,0.0,0.0,-0.314,9.1551647,-94.828995,43.316994,6.284824022969502,-119.35307010407764,48.85956763099641,0.7065021609479875,0.128000391509331,9.821475838936706e-18,-0.6960392204102309
84.7565233707428,0,0,0,0,0,0,0,0,0,1,0.0,0.0,0.0,0.0,0.0,0.0,-0.314,0,0,0,0,0,0,0,0,0,1
84.83760190010071,8.525406443650647,-81.62651955603974,39.84892879734747,9.390131640473044,-79.11019374190892,55.47113829914146,-0.7051997993530568,-0.03129999109437134,0.0,0.708317410169975,0.0,0.0,0.0,0.0,0.0,0.0,-0.314,9.1551647,-94.828995,43.316994,6.288552801749859,-119.32274560264236,48.85141160123257,0.7065009127914234,0.1279001652456094,4.910746595139758e-17,-0.6960589112675961
84.92365264892578,8.525366823987282,-81.62793054522656,39.849158263520934,9.432269782532074,-79.09884085881392,55.55713532832993,-0.7050997925839062,-0.03139999076320331,-2.448747565168557e-18,0.7084125373524973,0.0,0.0,0.0,0.0,0.0,0.0,-0.314,9.1551647,-94.828995,43.316994,6.286012581441554,-119.31426791055647,48.88177071877051,0.7065009127914234,0.1279001652456094,4.910746595139758e-17,-0.6960589112675961
85.09661173820496,8.524804524438515,-81.64795591938874,39.852414947572186,9.440438253448889,-79.1196559413005,55.557043546208064,-0.7051999781990189,-0.03139999902928134,0.0,0.708312805763855,0.0,0.0,0.0,0.0,0.0,0.0,-0.314,9.1551647,-94.828995,43.316994,6.29704521953542,-119.31470361124696,48.87293380406015,0.7065006335331228,0.12800011478024023,-4.910748536209142e-17,-0.6960408216717908
85.17215204238892,8.524966260804012,-81.64219594458207,39.85147821510784,9.422912753143237,-79.11682796984849,55.5350240226777,-0.7050998014619467,-0.03149999113040891,4.897525883608215e-18,0.7084080889833964,0.0,0.0,0.0,0.0,0.0,0.0,-0.314,9.1551647,-94.828995,43.316994,6.276114887318187,-119.31334306734823,48.88068429524309,0.7064021638165477,0.12800039208453867,2.946859845283227e-17,-0.6961407060224993
85.22650003433228,0,0,0,0,0,0,0,0,0,1,0.0,0.0,0.0,0.0,0.0,0.0,-0.314,0,0,0,0,0,0,0,0,0,1
85.29442286491394,8.524624052678563,-81.65438312447309,39.85346019027891,9.414690667724926,-79.1343259383653,55.50298937878772,-0.7051998076387149,-0.031399991434849193,0.0,0.7083129759112216,0.0,0.0,0.0,0.0,0.0,0.0,-0.314,9.1551647,-94.828995,43.316994,6.293640387623839,-119.31617103880023,48.902703818773446,0.7065009127914234,0.1279001652456094,4.910746595139758e-17,-0.6960589112675961
85.36118721961975,0,0,0,0,0,0,0,0,0,1,0.0,0.0,0.0,0.0,0.0,0.0,-0.314,0,0,0,0,0,0,0,0,0,1
85.53686237335205,8.524278697870384,-81.66668236829723,39.85546039016932,9.444931560086815,-79.13248247421897,55.59723421986189,-0.7050997925839062,-0.03139999076320331,-2.448747565168557e-18,0.7084125373524973,0.0,0.0,0.0,0.0,0.0,0.0,-0.314,9.1551647,-94.828995,43.316994,6.273574667009882,-119.30486537526232,48.91104341278103,0.7064024380463695,0.1279004414299698,-2.9468587012938994e-17,-0.6961587984103657
85.65251731872559,0,0,0,0,0,0,0,0,0,1,0.0,0.0,0.0,0.0,0.0,0.0,-0.314,0,0,0,0,0,0,0,0,0,1
85.74135780334473,8.524440434235881,-81.66092239349057,39.854523657704966,9.427406059781163,-79.12965450276695,55.57521469633153,-0.7051999858235425,-0.031499999366763454,0.0,0.7083083580153277,0.0,0.0,0.0,0.0,0.0,0.0,-0.314,9.1551647,-94.828995,43.316994,6.281743137926696,-119.32568045774893,48.910951630659156,0.7064021638165477,0.12800039208453867,2.946859845283227e-17,-0.6961407060224993
85.8375608921051,8.524566328668483,-81.65643887020956,39.85379451184011,9.398847921381702,-79.12639083062444,55.562032087511525,-0.7050998014619467,-0.03149999113040891,4.897525883608215e-18,0.7084080889833964,0.0,0.0,0.0,0.0,0.0,0.0,-0.314,9.1551647,-94.828995,43.316994,6.269845888229526,-119.33518987669761,48.919199442544866,0.7064021638165477,0.12800039208453867,2.946859845283227e-17,-0.6961407060224993
85.90527081489563,0,0,0,0,0,0,0,0,0,1,0.0,0.0,0.0,0.0,0.0,0.0,-0.314,0,0,0,0,0,0,0,0,0,1
86.10220050811768,8.52470492086131,-81.65150313706977,39.85299182404673,9.405927917572114,-79.13291195263929,55.49197961702254,-0.7051998076387149,-0.031399991434849193,0.0,0.7083129759112216,0.0,0.0,0.0,0.0,0.0,0.0,-0.314,9.1551647,-94.828995,43.316994,6.268433466634377,-119.34975299010786,48.827624769228294,0.7066006159156615,0.1280001115726078,-8.838096617597481e-17,-0.6959393228040847
86.18923377990723,0,0,0,0,0,0,0,0,0,1,0.0,0.0,0.0,0.0,0.0,0.0,-0.314,0,0,0,0,0,0,0,0,0,1
86.274662733078,8.52458821074567,-81.65565957599874,39.853667776878396,9.40365802963106,-79.1338902376748,55.51182629349806,-0.7051998076387149,-0.031399991434849193,0.0,0.7083129759112216,0.0,0.0,0.0,0.0,0.0,0.0,-0.314,9.1551647,-94.828995,43.316994,6.273791384875608,-119.35263440338716,48.86840454570676,0.7065021609479875,0.128000391509331,9.821475838936706e-18,-0.6960392204102309
86.33967971801758,8.52431831753375,-81.66527137911041,39.855230923995855,9.402793418027784,-79.14383535731398,55.51123719067342,-0.7051998076387149,-0.031399991434849193,0.0,0.7083129759112216,0.0,0.0,0.0,0.0,0.0,0.0,-0.314,9.1551647,-94.828995,43.316994,6.27238610853783,-119.3436675687835,48.888840325006925,0.7065021609479875,0.128000391509331,9.821475838936706e-18,-0.6960392204102309
86.40813732147217,0,0,0,0,0,0,0,0,0,1,0.0,0.0,0.0,0.0,0.0,0.0,-0.314,0,0,0,0,0,0,0,0,0,1
86.5972945690155,8.523652636677308,-81.68897850861478,39.85908636409564,9.429622333220692,-79.16698926873484,55.52324159384414,-0.7051998076387149,-0.031399991434849193,0.0,0.7083129759112216,0.0,0.0,0.0,0.0,0.0,0.0,-0.314,9.1551647,-94.828995,43.316994,6.311112273427909,-119.35731206125567,48.89259691629195,0.7065021609479875,0.128000391509331,9.821475838936706e-18,-0.6960392204102309
86.68726921081543,0,0,0,0,0,0,0,0,0,1,0.0,0.0,0.0,0.0,0.0,0.0,-0.314,0,0,0,0,0,0,0,0,0,1
86.77383041381836,8.52385084602344,-81.68191960855442,39.857938390177154,9.408421668636265,-79.15617274771469,55.54150452608949,-0.7051998076387149,-0.031399991434849193,0.0,0.7083129759112216,0.0,0.0,0.0,0.0,0.0,0.0,-0.314,9.1551647,-94.828995,43.316994,6.269251608993471,-119.3545909734582,48.908097898657815,0.7065021609479875,0.128000391509331,9.821475838936706e-18,-0.6960392204102309
86.84032678604126,8.524669078928417,-81.65277958859542,39.853199410646226,9.39489527947822,-79.1324762519488,55.50081653173288,-0.7051997993530568,-0.03129999109437134,0.0,0.708317410169975,0.0,0.0,0.0,0.0,0.0,0.0,-0.314,9.1551647,-94.828995,43.316994,6.261894135178437,-119.36214382233584,48.87665235759248,0.7065021609479875,0.128000391509331,9.821475838936706e-18,-0.6960392204102309
86.91107749938965,0,0,0,0,0,0,0,0,0,1,0.0,0.0,0.0,0.0,0.0,0.0,-0.314,0,0,0,0,0,0,0,0,0,1
87.1478750705719,8.52485810395759,-81.64604777288707,39.852104629760944,9.404522641234337,-79.12394511803564,55.5124153963227,-0.7051998076387149,-0.031399991434849193,0.0,0.7083129759112216,0.0,0.0,0.0,0.0,0.0,0.0,-0.314,9.1551647,-94.828995,43.316994,6.24642180494817,-119.31056853772347,48.87742502466085,0.7064018884675101,0.1281003424585052,-2.9468609939424183e-17,-0.6961226000005668
87.27649736404419,8.52532620651564,-81.62937706971505,39.84939350872501,9.384186588253158,-79.10318347737632,55.53126743139268,-0.7051999781990189,-0.03139999902928134,0.0,0.708312805763855,0.0,0.0,0.0,0.0,0.0,0.0,-0.314,9.1551647,-94.828995,43.316994,6.246962469682671,-119.3294804919663,48.85640014253604,0.7065021609479875,0.128000391509331,9.821475838936706e-18,-0.6960392204102309
87.36328768730164,8.525200312083037,-81.63386059299604,39.85012265458987,9.412744726652676,-79.10644714951881,55.544450040212695,-0.7050998014619467,-0.03149999113040891,4.897525883608215e-18,0.7084080889833964,0.0,0.0,0.0,0.0,0.0,0.0,-0.314,9.1551647,-94.828995,43.316994,6.265352581591571,-119.32236334377914,48.87900876889104,0.7065006335331228,0.12800011478024023,-4.910748536209142e-17,-0.6960408216717908
87.46231818199158,8.525205087621785,-81.63369052003323,39.85009499598529,9.449795282837727,-79.10166883026594,55.57915485186028,-0.7050998014619467,-0.03149999113040891,4.897525883608215e-18,0.7084080889833964,0.0,0.0,0.0,0.0,0.0,0.0,-0.314,9.1551647,-94.828995,43.316994,6.296234222433668,-119.28633567988273,48.904471127247376,0.7063021658368758,0.12800039250618736,-3.929702747370479e-17,-0.6962421633687522
87.52155208587646,0,0,0,0,0,0,0,0,0,1,0.0,0.0,0.0,0.0,0.0,0.0,-0.314,0,0,0,0,0,0,0,0,0,1
87.79244923591614,8.52557773109364,-81.62041943530741,39.84793674767395,9.44670725253755,-79.09780913195111,55.518528398906284,-0.7050997925839062,-0.03139999076320331,-2.448747565168557e-18,0.7084125373524973,0.0,0.0,0.0,0.0,0.0,0.0,-0.314,9.1551647,-94.828995,43.316994,6.284877637471027,-119.31475705307423,48.89169405700827,0.7065009127914234,0.1279001652456094,4.910746595139758e-17,-0.6960589112675961
87.91543793678284,8.524988142881197,-81.64141665037127,39.851351480146135,9.427722861392596,-79.12432737689885,55.48481822866424,-0.7051997910384772,-0.031199990754963828,2.4490611495248264e-18,0.7083218303117433,0.0,0.0,0.0,0.0,0.0,0.0,-0.314,9.1551647,-94.828995,43.316994,6.307213246025981,-119.32508443157661,48.86350778652516,0.7065009127914234,0.1279001652456094,4.910746595139758e-17,-0.6960589112675961
88.03788757324219,8.524489604976742,-81.6591712583781,39.854238874322334,9.459369030092262,-79.13145074735618,55.55862729043825,-0.7051999781990189,-0.03139999902928134,0.0,0.708312805763855,0.0,0.0,0.0,0.0,0.0,0.0,-0.314,9.1551647,-94.828995,43.316994,6.316570275414847,-119.30709732054204,48.88561909217739,0.7064021638165477,0.12800039208453867,2.946859845283227e-17,-0.6961407060224993
88.12492251396179,8.52424763147624,-81.66778874686005,39.85564031816423,9.470949478178,-79.1272684542756,55.64077594621983,-0.7050998103119765,-0.03159999149887743,7.346335102289767e-18,0.7084036264978358,0.0,0.0,0.0,0.0,0.0,0.0,-0.314,9.1551647,-94.828995,43.316994,6.293370055256588,-119.30671506167883,48.91321625983585,0.7064021638165477,0.12800039208453867,2.946859845283227e-17,-0.6961407060224993
88.22553277015686,8.524683038784126,-81.65228243128055,39.853118559008436,9.401117809322756,-79.12541254558892,55.542185411036,-0.7051998076387149,-0.031399991434849193,0.0,0.7083129759112216,0.0,0.0,0.0,0.0,0.0,0.0,-0.314,9.1551647,-94.828995,43.316994,6.25658983143876,-119.32094935805313,48.86799900712586,0.7065006335331228,0.12800011478024023,-4.910748536209142e-17,-0.6960408216717908
88.46797633171082,8.524696998639833,-81.65178527396571,39.85303770737065,9.407340339167263,-79.11834883922904,55.58355429033911,-0.7051999781990189,-0.03139999902928134,0.0,0.708312805763855,0.0,0.0,0.0,0.0,0.0,0.0,-0.314,9.1551647,-94.828995,43.316994,6.276385219685437,-119.32279904446963,48.87017185418068,0.7065006335331228,0.12800011478024023,-4.910748536209142e-17,-0.6960408216717908
88.52801585197449,0,0,0,0,0,0,0,0,0,1,0.0,0.0,0.0,0.0,0.0,0.0,-0.314,0,0,0,0,0,0,0,0,0,1
88.63247442245483,8.524642157025278,-81.65373836792344,39.853355334891184,9.472671556127182,-79.13090816301114,55.52994369925237,-0.7051998076387149,-0.031399991434849193,0.0,0.7083129759112216,0.0,0.0,0.0,0.0,0.0,0.0,-0.314,9.1551647,-94.828995,43.316994,6.307213246025981,-119.32508443157661,48.86350778652516,0.7065003531521521,0.12810006403225863,-2.946450291050116e-17,-0.6960227184444597
88.73900079727173,8.52563545510372,-81.61836368957094,39.84760242611275,9.462549998880775,-79.10574423969196,55.45948569018247,-0.7050997925839062,-0.03139999076320331,-2.448747565168557e-18,0.7084125373524973,0.0,0.0,0.0,0.0,0.0,0.0,-0.314,9.1551647,-94.828995,43.316994,6.291416968926939,-119.30236622084625,48.84266646864409,0.7064018884675101,0.1281003424585052,-2.9468609939424183e-17,-0.6961226000005668
88.8639588356018,8.525761980584063,-81.61385769256191,39.846869625393246,9.419284058108587,-79.09405631729084,55.49542245184851,-0.7050998014619467,-0.03149999113040891,4.897525883608215e-18,0.7084080889833964,0.0,0.0,0.0,0.0,0.0,0.0,-0.314,9.1551647,-94.828995,43.316994,6.270486636709705,-119.30100567694751,48.85041695982703,0.7064018884675101,0.1281003424585052,-2.9468609939424183e-17,-0.6961226000005668
89.1227822303772,8.524696367592092,-81.65180774769374,39.8530413622253,9.422048141539932,-79.12677308948766,55.534434919853055,-0.7051998076387149,-0.031399991434849193,0.0,0.7083129759112216,0.0,0.0,0.0,0.0,0.0,0.0,-0.314,9.1551647,-94.828995,43.316994,6.272439723039355,-119.3053545177801,48.920966751018796,0.7064021638165477,0.12800039208453867,2.946859845283227e-17,-0.6961407060224993
89.21660304069519,0,0,0,0,0,0,0,0,0,1,0.0,0.0,0.0,0.0,0.0,0.0,-0.314,0,0,0,0,0,0,0,0,0,1
89.30441522598267,8.524835590832662,-81.64684954082591,39.852235019577286,9.414420335357704,-79.12486996124387,55.51350181985012,-0.7051998076387149,-0.031399991434849193,0.0,0.7083129759112216,0.0,0.0,0.0,0.0,0.0,0.0,-0.314,9.1551647,-94.828995,43.316994,6.2634066405192925,-119.29448455493267,48.92046943031602,0.7064003725394455,0.12810006755705408,-9.822891059587823e-18,-0.6961241888973625
89.40820384025574,8.525236154015932,-81.63258414147039,39.84991506799038,9.423777364746513,-79.1068828502093,55.53561312550234,-0.7050997836783869,-0.031299990397296154,-2.448732237522345e-18,0.708416971604874,0.0,0.0,0.0,0.0,0.0,0.0,-0.314,9.1551647,-94.828995,43.316994,6.256319499071509,-119.31149338093172,48.87851144818826,0.7064021638165477,0.12800039208453867,2.946859845283227e-17,-0.6961407060224993
89.45490336418152,0,0,0,0,0,0,0,0,0,1,0.0,0.0,0.0,0.0,0.0,0.0,-0.314,0,0,0,0,0,0,0,0,0,1
89.66115021705627,8.524880983843053,-81.64523294337458,39.851972115768625,9.4995540858217,-79.11574902342858,55.57407452843495,-0.7050998014619467,-0.03149999113040891,4.897525883608215e-18,0.7084080889833964,0.0,0.0,0.0,0.0,0.0,0.0,-0.314,9.1551647,-94.828995,43.316994,6.323063137626605,-119.30948959130359,48.9164755304181,0.7064021638165477,0.12800039208453867,2.946859845283227e-17,-0.6961407060224993
89.71953511238098,0,0,0,0,0,0,0,0,0,1,0.0,0.0,0.0,0.0,0.0,0.0,-0.314,0,0,0,0,0,0,0,0,0,1
89.84163093566895,8.525060457794726,-81.63884127359191,39.85093265209252,9.43508033520763,-79.1167745280212,55.51626376972958,-0.7050998014619467,-0.03149999113040891,4.897525883608215e-18,0.7084080889833964,0.0,0.0,0.0,0.0,0.0,0.0,-0.314,9.1551647,-94.828995,43.316994,6.276385219685437,-119.32279904446963,48.87017185418068,0.7064018884675101,0.1281003424585052,-2.9468609939424183e-17,-0.6961226000005668
89.92916059494019,8.525118812852549,-81.63676305412743,39.85059467567668,9.436215279178157,-79.11628538550345,55.50634043149182,-0.7050997925839062,-0.03139999076320331,-2.448747565168557e-18,0.7084125373524973,0.0,0.0,0.0,0.0,0.0,0.0,-0.314,9.1551647,-94.828995,43.316994,6.279519719229768,-119.31187563979493,48.85091428052979,0.7064018884675101,0.1281003424585052,-2.9468609939424183e-17,-0.6961226000005668
90.0305027961731,8.52556377123793,-81.62091659262225,39.84801759931173,9.440484722693014,-79.10487283831098,55.47715951960316,-0.7051997993530568,-0.03129999109437134,0.0,0.708317410169975,0.0,0.0,0.0,0.0,0.0,0.0,-0.314,9.1551647,-94.828995,43.316994,6.280384330833044,-119.30193052015576,48.85150338335444,0.7064021638165477,0.12800039208453867,2.946859845283227e-17,-0.6961407060224993
90.22038078308105,8.525208234304515,-81.6335784561001,39.85007677126595,9.411332305057527,-79.12101026292906,55.452875366896116,-0.7051997993530568,-0.03129999109437134,0.0,0.708317410169975,0.0,0.0,0.0,0.0,0.0,0.0,-0.314,9.1551647,-94.828995,43.316994,6.277520163655964,-119.32230990195187,48.86024851594292,0.7065018829658432,0.1281003414124905,1.9642959406642367e-17,-0.69602111454734
90.29656171798706,8.524943747679085,-81.64299771252091,39.85160860492418,9.432810447266576,-79.11775281305673,55.536110446205114,-0.7050998014619467,-0.03149999113040891,4.897525883608215e-18,0.7084080889833964,0.0,0.0,0.0,0.0,0.0,0.0,-0.314,9.1551647,-94.828995,43.316994,6.284283358235001,-119.33415814983482,48.88059251312123,0.7065003531521521,0.12810006403225863,-2.946450291050116e-17,-0.6960227184444597
90.39987444877625,8.524926010092905,-81.64362940749692,39.85171133613594,9.479758697574994,-79.11389933701209,55.571901681380126,-0.7050998014619467,-0.03149999113040891,4.897525883608215e-18,0.7084080889833964,0.0,0.0,0.0,0.0,0.0,0.0,-0.314,9.1551647,-94.828995,43.316994,6.278384775259241,-119.3123647823127,48.86083761876756,0.7064018884675101,0.1281003424585052,-2.9468609939424183e-17,-0.6961226000005668
90.4574146270752,0,0,0,0,0,0,0,0,0,1,0.0,0.0,0.0,0.0,0.0,0.0,-0.314,0,0,0,0,0,0,0,0,0,1
90.5406129360199,8.524853695179377,-81.64620478427626,39.85213016418955,9.47240122375996,-79.12145218588972,55.540456140314774,-0.7050998014619467,-0.03149999113040891,4.897525883608215e-18,0.7084080889833964,0.0,0.0,0.0,0.0,0.0,0.0,-0.314,9.1551647,-94.828995,43.316994,6.3157056638115705,-119.31704244018121,48.88502998935275,0.7064021638165477,0.12800039208453867,2.946859845283227e-17,-0.6961407060224993
90.76609086990356,8.52449815824596,-81.6588666477541,39.854189336143776,9.443248806124416,-79.1375896105078,55.51617198760772,-0.7051998076387149,-0.031399991434849193,0.0,0.7083129759112216,0.0,0.0,0.0,0.0,0.0,0.0,-0.314,9.1551647,-94.828995,43.316994,6.2862829138088046,-119.32372388767789,48.87125827770811,0.7065006335331228,0.12800011478024023,-4.910748536209142e-17,-0.6960408216717908
90.87817621231079,8.524709696400059,-81.65133306410694,39.85296416544215,9.442978473757194,-79.1281336333864,55.52668442867012,-0.7050998014619467,-0.03149999113040891,4.897525883608215e-18,0.7084080889833964,0.0,0.0,0.0,0.0,0.0,0.0,-0.314,9.1551647,-94.828995,43.316994,6.263947305253794,-119.31339650917549,48.89944454819121,0.7064021638165477,0.12800039208453867,2.946859845283227e-17,-0.6961407060224993
90.97758793830872,0,0,0,0,0,0,0,0,0,1,0.0,0.0,0.0,0.0,0.0,0.0,-0.314,0,0,0,0,0,0,0,0,0,1
91.13041877746582,8.5247766047271,-81.64895023401844,39.85257665084776,9.427993193759846,-79.13378335402027,55.474305787601836,-0.7051998076387149,-0.031399991434849193,0.0,0.7083129759112216,0.0,0.0,0.0,0.0,0.0,0.0,-0.314,9.1551647,-94.828995,43.316994,6.282607749529973,-119.31573533810976,48.911540733483804,0.7064021638165477,0.12800039208453867,2.946859845283227e-17,-0.6961407060224993
91.22614669799805,8.52483495978492,-81.64687201455395,39.85223867443192,9.429128137730373,-79.1332942115025,55.46438244936407,-0.7051997993530568,-0.03129999109437134,0.0,0.708317410169975,0.0,0.0,0.0,0.0,0.0,0.0,-0.314,9.1551647,-94.828995,43.316994,6.2862829138088046,-119.32372388767789,48.87125827770811,0.7065006335331228,0.12800011478024023,-4.910748536209142e-17,-0.6960408216717908
91.51189184188843,8.525149879246694,-81.63565667556459,39.85041474768178,9.410197361087,-79.12149940544683,55.46279870513388,-0.7051997993530568,-0.03129999109437134,0.0,0.708317410169975,0.0,0.0,0.0,0.0,0.0,0.0,-0.314,9.1551647,-94.828995,43.316994,6.270433022208181,-119.33931872795092,48.818290533815166,0.7065018829658432,0.1281003414124905,1.9642959406642367e-17,-0.69602111454734
91.59360480308533,8.525653823737638,-81.6177095208669,39.84749604004635,9.400893946199659,-79.10117346547798,55.47281382549351,-0.7050997925839062,-0.03139999076320331,-2.448747565168557e-18,0.7084125373524973,0.0,0.0,0.0,0.0,0.0,0.0,-0.314,9.1551647,-94.828995,43.316994,6.258859719379814,-119.31997107301761,48.84815233065033,0.7065003531521521,0.12810006403225863,-2.946450291050116e-17,-0.6960227184444597
91.6689612865448,8.525528560352777,-81.6221705704199,39.84822153105658,9.41474428222648,-79.0960128873619,55.53511580479957,-0.7050998014619467,-0.03149999113040891,4.897525883608215e-18,0.7084080889833964,0.0,0.0,0.0,0.0,0.0,0.0,-0.314,9.1551647,-94.828995,43.316994,6.263947305253794,-119.31339650917549,48.89944454819121,0.7064021638165477,0.12800039208453867,2.946859845283227e-17,-0.6961407060224993
91.77874898910522,8.52539852142917,-81.6268016929357,39.84897468067139,9.391544062068192,-79.09563062849867,55.56271297245803,-0.7050998014619467,-0.03149999113040891,4.897525883608215e-18,0.7084080889833964,0.0,0.0,0.0,0.0,0.0,0.0,-0.314,9.1551647,-94.828995,43.316994,6.233389611280501,-119.32056709918992,48.89559617478432,0.7064021638165477,0.12800039208453867,2.946859845283227e-17,-0.6961407060224993
91.8564977645874,0,0,0,0,0,0,0,0,0,1,0.0,0.0,0.0,0.0,0.0,0.0,-0.314,0,0,0,0,0,0,0,0,0,1
92.03891110420227,8.524926641140647,-81.64360693376888,39.851707681281304,9.465050895202296,-79.10547508675347,55.62102105186617,-0.7050998103119765,-0.03159999149887743,7.346335102289767e-18,0.7084036264978358,0.0,0.0,0.0,0.0,0.0,0.0,-0.314,9.1551647,-94.828995,43.316994,6.2930997228893375,-119.29725908455742,48.923728700898266,0.7064003725394455,0.12810006755705408,-9.822891059587823e-18,-0.6961241888973625
92.10899186134338,0,0,0,0,0,0,0,0,0,1,0.0,0.0,0.0,0.0,0.0,0.0,-0.314,0,0,0,0,0,0,0,0,0,1
92.22037243843079,8.525285955804534,-81.6308105326299,39.84962662975311,9.441032532684915,-79.10025484453992,55.56814509009511,-0.7050997925839062,-0.03139999076320331,-2.448747565168557e-18,0.7084125373524973,0.0,0.0,0.0,0.0,0.0,0.0,-0.314,9.1551647,-94.828995,43.316994,6.272439723039355,-119.3053545177801,48.920966751018796,0.7064021638165477,0.12800039208453867,2.946859845283227e-17,-0.6961407060224993
92.34430956840515,8.525038575717542,-81.63962056780272,39.85105938705422,9.430270226958271,-79.10927512097084,55.56646956374305,-0.7050998014619467,-0.03149999113040891,4.897525883608215e-18,0.7084080889833964,0.0,0.0,0.0,0.0,0.0,0.0,-0.314,9.1551647,-94.828995,43.316994,6.27497994334766,-119.31383220986598,48.890607633480855,0.7064021638165477,0.12800039208453867,2.946859845283227e-17,-0.6961407060224993
92.42175793647766,8.524292026678351,-81.66620768471041,39.855383193386174,9.46586189230402,-79.13384301811772,55.58948372867896,-0.7050998103119765,-0.03159999149887743,7.346335102289767e-18,0.7084036264978358,0.0,0.0,0.0,0.0,0.0,0.0,-0.314,9.1551647,-94.828995,43.316994,6.271304779068828,-119.30584366029785,48.93089008925656,0.7064018884675101,0.1281003424585052,-2.9468609939424183e-17,-0.6961226000005668
92.59463453292847,8.524584433015198,-81.6557941136599,39.853689656452374,9.456828809783957,-79.12297305527028,55.58898640797618,-0.7050998103119765,-0.03159999149887743,7.346335102289767e-18,0.7084036264978358,0.0,0.0,0.0,0.0,0.0,0.0,-0.314,9.1551647,-94.828995,43.316994,6.260272140974962,-119.30540795960736,48.93972700396691,0.7064003725394455,0.12810006755705408,-9.822891059587823e-18,-0.6961241888973625
92.70765829086304,8.525038575717542,-81.63962056780272,39.85105938705422,9.430270226958271,-79.10927512097084,55.56646956374305,-0.7050998014619467,-0.03149999113040891,4.897525883608215e-18,0.7084080889833964,0.0,0.0,0.0,0.0,0.0,0.0,-0.314,9.1551647,-94.828995,43.316994,6.2622716965487655,-119.29497369745043,48.93039276855379,0.7064003725394455,0.12810006755705408,-9.822891059587823e-18,-0.6961241888973625
92.80634617805481,8.524912681284938,-81.64410409108373,39.85178853291909,9.458828365357789,-79.11253879311334,55.57965217256306,-0.7050998014619467,-0.03149999113040891,4.897525883608215e-18,0.7084080889833964,0.0,0.0,0.0,0.0,0.0,0.0,-0.314,9.1551647,-94.828995,43.316994,6.29872797349779,-119.30959647495813,48.95399603631433,0.7064006502884528,0.1280001178325622,1.9645774394669056e-17,-0.6961422922843441
92.90728664398193,8.524615499409345,-81.65468773509707,39.85350972845747,9.430810891692744,-79.12818707521366,55.545444681618235,-0.7050997925839062,-0.03139999076320331,-2.448747565168557e-18,0.7084125373524973,0.0,0.0,0.0,0.0,0.0,0.0,-0.314,9.1551647,-94.828995,43.316994,6.289370944108981,-119.3275835859927,48.931884730662105,0.7064021638165477,0.12800039208453867,2.946859845283227e-17,-0.6961407060224993
92.95944690704346,0,0,0,0,0,0,0,0,0,1,0.0,0.0,0.0,0.0,0.0,0.0,-0.314,0,0,0,0,0,0,0,0,0,1
93.21604251861572,8.524799117852027,-81.6481484660796,39.85244626103141,9.418095499636536,-79.13285851081201,55.47321936407442,-0.7051998076387149,-0.031399991434849193,0.0,0.7083129759112216,0.0,0.0,0.0,0.0,0.0,0.0,-0.314,9.1551647,-94.828995,43.316994,6.287147525412081,-119.3137787680387,48.87184738053274,0.7064021638165477,0.12800039208453867,2.946859845283227e-17,-0.6961407060224993
93.2977831363678,8.52504649793902,-81.63933843090676,39.8510135037303,9.428857805363123,-79.12383823438108,55.47489489042647,-0.7051997993530568,-0.03129999109437134,0.0,0.708317410169975,0.0,0.0,0.0,0.0,0.0,0.0,-0.314,9.1551647,-94.828995,43.316994,6.286553246176055,-119.33317986479929,48.8607458366457,0.7065006335331228,0.12800011478024023,-4.910748536209142e-17,-0.6960408216717908
93.40988397598267,8.525469574247216,-81.62427126361241,39.84856316232705,9.428317140628621,-79.10492628013826,55.49591977255129,-0.7050997925839062,-0.03139999076320331,-2.448747565168557e-18,0.7084125373524973,0.0,0.0,0.0,0.0,0.0,0.0,-0.314,9.1551647,-94.828995,43.316994,6.285742249074303,-119.30481193343506,48.892283159832914,0.7064021638165477,0.12800039208453867,2.946859845283227e-17,-0.6961407060224993
93.48902869224548,0,0,0,0,0,0,0,0,0,1,0.0,0.0,0.0,0.0,0.0,0.0,-0.314,0,0,0,0,0,0,0,0,0,1
93.60138535499573,8.524988142881197,-81.64141665037127,39.851351480146135,9.427722861392596,-79.12432737689885,55.48481822866424,-0.7051998076387149,-0.031399991434849193,0.0,0.7083129759112216,0.0,0.0,0.0,0.0,0.0,0.0,-0.314,9.1551647,-94.828995,43.316994,6.296180607932143,-119.32464873088614,48.87234470123552,0.7065006335331228,0.12800011478024023,-4.910748536209142e-17,-0.6960408216717908
93.77611207962036,8.525088377506144,-81.63784695896221,39.85077094881695,9.447525394896672,-79.10264711530145,55.59900152833582,-0.7050998014619467,-0.03149999113040891,4.897525883608215e-18,0.7084080889833964,0.0,0.0,0.0,0.0,0.0,0.0,-0.314,9.1551647,-94.828995,43.316994,6.283472361133249,-119.30579021847058,48.91212983630844,0.7064021638165477,0.12800039208453867,2.946859845283227e-17,-0.6961407060224993
93.82719779014587,0,0,0,0,0,0,0,0,0,1,0.0,0.0,0.0,0.0,0.0,0.0,-0.314,0,0,0,0,0,0,0,0,0,1
93.90444111824036,8.524417921110954,-81.6617241614294,39.854654047521315,9.43730375390453,-79.1305793459752,55.576301119858954,-0.7051999781990189,-0.03139999902928134,0.0,0.708312805763855,0.0,0.0,0.0,0.0,0.0,0.0,-0.314,9.1551647,-94.828995,43.316994,6.294504999227115,-119.30622591916107,48.903292921598094,0.7064021638165477,0.12800039208453867,2.946859845283227e-17,-0.6961407060224993
93.95933198928833,0,0,0,0,0,0,0,0,0,1,0.0,0.0,0.0,0.0,0.0,0.0,-0.314,0,0,0,0,0,0,0,0,0,1
94.04262232780457,8.525901203824631,-81.60889948569408,39.84606328274524,9.411656251926303,-79.09215318904707,55.47448935184556,-0.7050997925839062,-0.03139999076320331,-2.448747565168557e-18,0.7084125373524973,0.0,0.0,0.0,0.0,0.0,0.0,-0.314,9.1551647,-94.828995,43.316994,6.280113998465794,-119.29247454303436,48.862015824416844,0.7064018884675101,0.1281003424585052,-2.9468609939424183e-17,-0.6961226000005668
94.16135859489441,8.525600244218566,-81.61961766736857,39.8478063578576,9.436809558414183,-79.09688428874286,55.517441975378865,-0.7050998014619467,-0.03149999113040891,4.897525883608215e-18,0.7084080889833964,0.0,0.0,0.0,0.0,0.0,0.0,-0.314,9.1551647,-94.828995,43.316994,6.257778389910811,-119.28214716453196,48.89020209489995,0.7063018931191923,0.12810034335065626,0.0,-0.6962240571897017
94.20707321166992,0,0,0,0,0,0,0,0,0,1,0.0,0.0,0.0,0.0,0.0,0.0,-0.314,0,0,0,0,0,0,0,0,0,1
94.29548168182373,8.524543815543556,-81.65724063814838,39.85392490165645,9.40874561550504,-79.12731567383268,55.56311851103894,-0.7050998014619467,-0.03149999113040891,4.897525883608215e-18,0.7084080889833964,0.0,0.0,0.0,0.0,0.0,0.0,-0.314,9.1551647,-94.828995,43.316994,6.240693470593982,-119.35132730131569,48.89491528983781,0.7065021609479875,0.128000391509331,9.821475838936706e-18,-0.6960392204102309
94.3381998538971,0,0,0,0,0,0,0,0,0,1,0.0,0.0,0.0,0.0,0.0,0.0,-0.314,0,0,0,0,0,0,0,0,0,1
94.39412569999695,0,0,0,0,0,0,0,0,0,1,0.0,0.0,0.0,0.0,0.0,0.0,-0.314,0,0,0,0,0,0,0,0,0,1
94.5144670009613,8.525073419842158,-81.63837965157875,39.85085757948534,9.35108152871419,-79.12540632331874,55.44576772290699,-0.7051997910384772,-0.031199990754963828,2.4490611495248264e-18,0.7083218303117433,0.0,0.0,0.0,0.0,0.0,0.0,-0.314,9.1551647,-94.828995,43.316994,6.251996441055098,-119.36121897912759,48.87556593406506,0.7065021609479875,0.128000391509331,9.821475838936706e-18,-0.6960392204102309
94.58900666236877,8.524830815293914,-81.64701961378876,39.85226267818187,9.377369779172597,-79.12964828049678,55.478797008202534,-0.7052999722989732,-0.03129999877067611,4.898842728537997e-18,0.7082176636825878,0.0,0.0,0.0,0.0,0.0,0.0,-0.314,9.1551647,-94.828995,43.316994,6.271521496934525,-119.35361268842267,48.88825122218229,0.7065021609479875,0.128000391509331,9.821475838936706e-18,-0.6960392204102309
94.64647722244263,0,0,0,0,0,0,0,0,0,1,0.0,0.0,0.0,0.0,0.0,0.0,-0.314,0,0,0,0,0,0,0,0,0,1
94.70719623565674,8.524484829437993,-81.65934133134093,39.85426653292692,9.422318473907183,-79.13622906660908,55.52392247879065,-0.7051997993530568,-0.03129999109437134,0.0,0.708317410169975,0.0,0.0,0.0,0.0,0.0,0.0,-0.314,9.1551647,-94.828995,43.316994,6.29418105235834,-119.33508299304307,48.88167893664864,0.7065027135507221,0.1278004908588568,2.9464404470722784e-17,-0.6960753912340971
94.77281928062439,0,0,0,0,0,0,0,0,0,1,0.0,0.0,0.0,0.0,0.0,0.0,-0.314,0,0,0,0,0,0,0,0,0,1
94.92465949058533,8.525320168881409,-81.62959209013394,39.84942847703887,9.376551636813502,-79.12481029714644,55.39832387877299,-0.7051997826955055,-0.031099990416662254,-2.449045915550817e-18,0.7083262363362628,0.0,0.0,0.0,0.0,0.0,0.0,-0.314,9.1551647,-94.828995,43.316994,6.2670281902966,-119.3407861555042,48.84806054852846,0.7065024378089438,0.1279004413245066,0.0,-0.6960573126395669
94.96568250656128,8.525298286804222,-81.63037138434474,39.849555212000574,9.371741528564144,-79.11731089009606,55.44852967278646,-0.7051997993530568,-0.03129999109437134,0.0,0.708317410169975,0.0,0.0,0.0,0.0,0.0,0.0,-0.314,9.1551647,-94.828995,43.316994,6.25372566426168,-119.34132873984925,48.87674413971434,0.7065021609479875,0.128000391509331,9.821475838936706e-18,-0.6960392204102309
95.0191581249237,0,0,0,0,0,0,0,0,0,1,0.0,0.0,0.0,0.0,0.0,0.0,-0.314,0,0,0,0,0,0,0,0,0,1
95.23495531082153,8.525289102487264,-81.63069846869676,39.84960840503377,9.402569554904687,-79.11959627720304,55.441865605130936,-0.7051997993530568,-0.03129999109437134,0.0,0.708317410169975,0.0,0.0,0.0,0.0,0.0,0.0,-0.314,9.1551647,-94.828995,43.316994,6.288228854881083,-119.35160267652435,48.829797616283116,0.7065021609479875,0.128000391509331,9.821475838936706e-18,-0.6960392204102309
95.2962555885315,0,0,0,0,0,0,0,0,0,1,0.0,0.0,0.0,0.0,0.0,0.0,-0.314,0,0,0,0,0,0,0,0,0,1
95.42433547973633,8.525136550438727,-81.6361313591514,39.85049194446492,9.389267028869767,-79.12013886154809,55.47054919631681,-0.7051997993530568,-0.03129999109437134,0.0,0.708317410169975,0.0,0.0,0.0,0.0,0.0,0.0,-0.314,9.1551647,-94.828995,43.316994,6.274926328846135,-119.35214526086939,48.858481207469,0.7065018829658432,0.1281003414124905,1.9642959406642367e-17,-0.69602111454734
95.47118091583252,8.524624683726303,-81.65436065074506,39.85345653542427,9.399982865352229,-79.12590168810668,55.55210874927376,-0.7051998076387149,-0.031399991434849193,0.0,0.7083129759112216,0.0,0.0,0.0,0.0,0.0,0.0,-0.314,9.1551647,-94.828995,43.316994,6.2647583023555455,-119.34176444053973,48.86790722500399,0.7065006335331228,0.12800011478024023,-4.910748536209142e-17,-0.6960408216717908
95.52842545509338,0,0,0,0,0,0,0,0,0,1,0.0,0.0,0.0,0.0,0.0,0.0,-0.314,0,0,0,0,0,0,0,0,0,1
95.59439206123352,8.525483534102923,-81.62377410629756,39.84848231068927,9.434539670473129,-79.09786257377839,55.5372886518544,-0.7050997925839062,-0.03139999076320331,-2.448747565168557e-18,0.7084125373524973,0.0,0.0,0.0,0.0,0.0,0.0,-0.314,9.1551647,-94.828995,43.316994,6.28687719304483,-119.3043227909173,48.88235982159515,0.7064021638165477,0.12800039208453867,2.946859845283227e-17,-0.6961407060224993
95.64794325828552,0,0,0,0,0,0,0,0,0,1,0.0,0.0,0.0,0.0,0.0,0.0,-0.314,0,0,0,0,0,0,0,0,0,1
95.76937437057495,8.525527929305037,-81.62219304414792,39.84822518591122,9.429452084599149,-79.1044371376205,55.48599643431352,-0.7051999705430583,-0.03129999869256627,7.347231068886577e-18,0.7083172393976551,0.0,0.0,0.0,0.0,0.0,0.0,-0.314,9.1551647,-94.828995,43.316994,6.296180607932143,-119.32464873088614,48.87234470123552,0.7065006335331228,0.12800011478024023,-4.910748536209142e-17,-0.6960408216717908
95.83465051651001,8.52498877392894,-81.64139417664323,39.85134782529149,9.413015059019926,-79.11590312664023,55.533937599150285,-0.7051999858235425,-0.031499999366763454,0.0,0.7083083580153277,0.0,0.0,0.0,0.0,0.0,0.0,-0.314,9.1551647,-94.828995,43.316994,6.272980387773856,-119.32426647202291,48.899941868893976,0.7064021638165477,0.12800039208453867,2.946859845283227e-17,-0.6961407060224993
95.91601276397705,0,0,0,0,0,0,0,0,0,1,0.0,0.0,0.0,0.0,0.0,0.0,-0.314,0,0,0,0,0,0,0,0,0,1
95.95560026168823,8.524799748899767,-81.64812599235157,39.85244260617677,9.403387697263838,-79.12443426055339,55.52233873456046,-0.7051999781990189,-0.03139999902928134,0.0,0.708312805763855,0.0,0.0,0.0,0.0,0.0,0.0,-0.314,9.1551647,-94.828995,43.316994,6.263082693650517,-119.32334162881466,48.898855445366564,0.7064021638165477,0.12800039208453867,2.946859845283227e-17,-0.6961407060224993
96.02365446090698,0,0,0,0,0,0,0,0,0,1,0.0,0.0,0.0,0.0,0.0,0.0,-0.314,0,0,0,0,0,0,0,0,0,1
96.14974761009216,8.524543815543556,-81.65724063814838,39.85392490165645,9.40874561550504,-79.12731567383268,55.56311851103894,-0.7051999781990189,-0.03139999902928134,0.0,0.708312805763855,0.0,0.0,0.0,0.0,0.0,0.0,-0.314,9.1551647,-94.828995,43.316994,6.278932585251141,-119.30774678854164,48.9518231892595,0.706400926916761,0.12790016782652,4.911441675334094e-17,-0.696160382039289
96.2098822593689,8.524624683726303,-81.65436065074506,39.85345653542427,9.399982865352229,-79.12590168810668,55.55210874927376,-0.7051997993530568,-0.03129999109437134,0.0,0.708317410169975,0.0,0.0,0.0,0.0,0.0,0.0,-0.314,9.1551647,-94.828995,43.316994,6.270710499832802,-119.32524475705844,48.919788545369514,0.7065009127914234,0.1279001652456094,4.910746595139758e-17,-0.6960589112675961
96.27348351478577,0,0,0,0,0,0,0,0,0,1,0.0,0.0,0.0,0.0,0.0,0.0,-0.314,0,0,0,0,0,0,0,0,0,1
96.34221744537354,8.525010656006124,-81.64061488243242,39.85122109032979,9.417825167269285,-79.1234025336906,55.48373180513683,-0.7051997993530568,-0.03129999109437134,0.0,0.708317410169975,0.0,0.0,0.0,0.0,0.0,0.0,-0.314,9.1551647,-94.828995,43.316994,6.280060383964269,-119.33078759403776,48.82988939840499,0.7065021609479875,0.128000391509331,9.821475838936706e-18,-0.6960392204102309
96.39905738830566,0,0,0,0,0,0,0,0,0,1,0.0,0.0,0.0,0.0,0.0,0.0,-0.314,0,0,0,0,0,0,0,0,0,1
96.51857018470764,8.52504649793902,-81.63933843090676,39.8510135037303,9.428857805363123,-79.12383823438108,55.47489489042647,-0.7051998076387149,-0.031399991434849193,0.0,0.7083129759112216,0.0,0.0,0.0,0.0,0.0,0.0,-0.314,9.1551647,-94.828995,43.316994,6.292822245264716,-119.3113330554499,48.822230689343925,0.7065003531521521,0.12810006403225863,-2.946450291050116e-17,-0.6960227184444597
96.58369946479797,8.525163839102403,-81.63515951824974,39.85033389604399,9.416419890931508,-79.11443569908694,55.504167584437,-0.7050997925839062,-0.03139999076320331,-2.448747565168557e-18,0.7084125373524973,0.0,0.0,0.0,0.0,0.0,0.0,-0.314,9.1551647,-94.828995,43.316994,6.257724775409287,-119.32046021553538,48.85807566888809,0.7064021638165477,0.12800039208453867,2.946859845283227e-17,-0.6961407060224993
96.66541838645935,0,0,0,0,0,0,0,0,0,1,0.0,0.0,0.0,0.0,0.0,0.0,-0.314,0,0,0,0,0,0,0,0,0,1
96.71251034736633,8.525366823987282,-81.62793054522656,39.849158263520934,9.432269782532074,-79.09884085881392,55.55713532832993,-0.7050997836783869,-0.031299990397296154,-2.448732237522345e-18,0.708416971604874,0.0,0.0,0.0,0.0,0.0,0.0,-0.314,9.1551647,-94.828995,43.316994,6.261407084945489,-119.3049188170896,48.929803665729146,0.706400926916761,0.12790016782652,4.911441675334094e-17,-0.696160382039289
96.76757073402405,0,0,0,0,0,0,0,0,0,1,0.0,0.0,0.0,0.0,0.0,0.0,-0.314,0,0,0,0,0,0,0,0,0,1
96.93020677566528,8.525439138900811,-81.62535516844721,39.848739435467316,9.439627256347137,-79.09128800993628,55.58858086939527,-0.7050998014619467,-0.03149999113040891,4.897525883608215e-18,0.7084080889833964,0.0,0.0,0.0,0.0,0.0,0.0,-0.314,9.1551647,-94.828995,43.316994,6.248367746020449,-119.33844732656995,48.83596436323586,0.7065021609479875,0.128000391509331,9.821475838936706e-18,-0.6960392204102309
97.01631593704224,0,0,0,0,0,0,0,0,0,1,0.0,0.0,0.0,0.0,0.0,0.0,-0.314,0,0,0,0,0,0,0,0,0,1
97.08379244804382,8.525146732563964,-81.63576873949773,39.850432972401116,9.4486603388672,-79.1021579727837,55.58907819009805,-0.7050998014619467,-0.03149999113040891,4.897525883608215e-18,0.7084080889833964,0.0,0.0,0.0,0.0,0.0,0.0,-0.314,9.1551647,-94.828995,43.316994,6.252914667159928,-119.312960808485,48.908281462901556,0.7064021638165477,0.12800039208453867,2.946859845283227e-17,-0.6961407060224993
97.14591550827026,0,0,0,0,0,0,0,0,0,1,0.0,0.0,0.0,0.0,0.0,0.0,-0.314,0,0,0,0,0,0,0,0,0,1
97.21000051498413,8.524813077707734,-81.64765130876475,39.85236540939363,9.424318029481014,-79.12579480445213,55.51458824337753,-0.7050997925839062,-0.03139999076320331,-2.448747565168557e-18,0.7084125373524973,0.0,0.0,0.0,0.0,0.0,0.0,-0.314,9.1551647,-94.828995,43.316994,6.27525027571491,-119.3232881869874,48.88009519241845,0.7065006335331228,0.12800011478024023,-4.910748536209142e-17,-0.6960408216717908
97.33352971076965,8.52517716791037,-81.63468483466292,39.850256699260854,9.437350223148684,-79.11579624298568,55.49641709325405,-0.7051999705430583,-0.03129999869256627,7.347231068886577e-18,0.7083172393976551,0.0,0.0,0.0,0.0,0.0,0.0,-0.314,9.1551647,-94.828995,43.316994,6.293910719991089,-119.32562701592165,48.89219137771104,0.7065006335331228,0.12800011478024023,-4.910748536209142e-17,-0.6960408216717908
97.41969013214111,8.52530783788172,-81.63003123841908,39.8494998947914,9.445842640934274,-79.10775425159028,55.51793929608164,-0.7050997836783869,-0.031299990397296154,-2.448732237522345e-18,0.708416971604874,0.0,0.0,0.0,0.0,0.0,0.0,-0.314,9.1551647,-94.828995,43.316994,6.302403137776622,-119.31758502452625,48.91371358053863,0.7064024380463695,0.1279004414299698,-2.9468587012938994e-17,-0.6961587984103657
97.46044826507568,0,0,0,0,0,0,0,0,0,1,0.0,0.0,0.0,0.0,0.0,0.0,-0.314,0,0,0,0,0,0,0,0,0,1
97.51801753044128,0,0,0,0,0,0,0,0,0,1,0.0,0.0,0.0,0.0,0.0,0.0,-0.314,0,0,0,0,0,0,0,0,0,1
97.57840514183044,8.525280549218044,-81.63100307932075,39.84965794321233,9.418689778872562,-79.11345741405142,55.48432090796147,-0.7050997836783869,-0.031299990397296154,-2.448732237522345e-18,0.708416971604874,0.0,0.0,0.0,0.0,0.0,0.0,-0.314,9.1551647,-94.828995,43.316994,6.2837426935005,-119.315246195592,48.901617395246035,0.7064024380463695,0.1279004414299698,-2.9468587012938994e-17,-0.6961587984103657
97.71024322509766,8.52498877392894,-81.64139417664323,39.85134782529149,9.413015059019926,-79.11590312664023,55.533937599150285,-0.7050997925839062,-0.03139999076320331,-2.448747565168557e-18,0.7084125373524973,0.0,0.0,0.0,0.0,0.0,0.0,-0.314,9.1551647,-94.828995,43.316994,6.243881584639865,-119.3020908456376,48.90778414219878,0.706400926916761,0.12790016782652,4.911441675334094e-17,-0.696160382039289
97.78702855110168,0,0,0,0,0,0,0,0,0,1,0.0,0.0,0.0,0.0,0.0,0.0,-0.314,0,0,0,0,0,0,0,0,0,1
97.82906723022461,8.525074417650435,-81.63834411627708,39.850851800454734,9.441302865052165,-79.10971082166134,55.557632649032705,-0.7050997925839062,-0.03139999076320331,-2.448747565168557e-18,0.7084125373524973,0.0,0.0,0.0,0.0,0.0,0.0,-0.314,9.1551647,-94.828995,43.316994,6.275844554950936,-119.30388709022681,48.891196736305496,0.7064021638165477,0.12800039208453867,2.946859845283227e-17,-0.6961407060224993
97.92046022415161,8.525591690949348,-81.61992227799257,39.847855896036165,9.452929782382057,-79.09074542559124,55.5598972782094,-0.7049997777150755,-0.03139999009965017,4.8968071207422625e-18,0.7085120704994629,0.0,0.0,0.0,0.0,0.0,0.0,-0.314,9.1551647,-94.828995,43.316994,6.278979054495267,-119.29296368555211,48.87193916265461,0.706400926916761,0.12790016782652,4.911441675334094e-17,-0.696160382039289
97.9600841999054,0,0,0,0,0,0,0,0,0,1,0.0,0.0,0.0,0.0,0.0,0.0,-0.314,0,0,0,0,0,0,0,0,0,1
98.09275364875793,8.525402665920176,-81.6266540937009,39.84895067692145,9.443302420625969,-79.0992765595044,55.54829841361958,-0.7050997925839062,-0.03139999076320331,-2.448747565168557e-18,0.7084125373524973,0.0,0.0,0.0,0.0,0.0,0.0,-0.314,9.1551647,-94.828995,43.316994,6.277249831288714,-119.31285392483046,48.87076095700533,0.7064024380463695,0.1279004414299698,-2.9468587012938994e-17,-0.6961587984103657
98.20558667182922,8.525199681035296,-81.63388306672408,39.850126309444505,9.427452529025345,-79.11487139977743,55.49533066972664,-0.7050997925839062,-0.03139999076320331,-2.448747565168557e-18,0.7084125373524973,0.0,0.0,0.0,0.0,0.0,0.0,-0.314,9.1551647,-94.828995,43.316994,6.295315996328867,-119.33459385052531,48.87175559841087,0.7065003531521521,0.12810006403225863,-2.946450291050116e-17,-0.6960227184444597
98.26474332809448,0,0,0,0,0,0,0,0,0,1,0.0,0.0,0.0,0.0,0.0,0.0,-0.314,0,0,0,0,0,0,0,0,0,1
98.3402898311615,8.525546664699494,-81.62152581387024,39.84811667566885,9.472725170628735,-79.09259511200773,55.56207012526423,-0.7049997872145043,-0.03149999049256296,-7.345256797989458e-18,0.7085076221371738,0.0,0.0,0.0,0.0,0.0,0.0,-0.314,9.1551647,-94.828995,43.316994,6.290011692589161,-119.2933993862426,48.86310224794426,0.7064003725394455,0.12810006755705408,-9.822891059587823e-18,-0.6961241888973625
98.42641353607178,8.525461020977996,-81.62457587423641,39.84861270050561,9.444437364596496,-79.09878741698664,55.53837507538181,-0.7050997836783869,-0.031299990397296154,-2.448732237522345e-18,0.708416971604874,0.0,0.0,0.0,0.0,0.0,0.0,-0.314,9.1551647,-94.828995,43.316994,6.279249386862517,-119.30241966267353,48.8614267215922,0.7064024380463695,0.1279004414299698,-2.9468587012938994e-17,-0.6961587984103657
98.52054119110107,0,0,0,0,0,0,0,0,0,1,0.0,0.0,0.0,0.0,0.0,0.0,-0.314,0,0,0,0,0,0,0,0,0,1
98.65106272697449,8.525437510044792,-81.62541317747691,39.84874886935256,9.364113722381859,-79.1154077618523,55.427596572783514,-0.7051997910384772,-0.031199990754963828,2.4490611495248264e-18,0.7083218303117433,0.0,0.0,0.0,0.0,0.0,0.0,-0.314,9.1551647,-94.828995,43.316994,6.2670281902966,-119.3407861555042,48.84806054852846,0.7065021609479875,0.128000391509331,9.821475838936706e-18,-0.6960392204102309
98.71094155311584,8.52551460049707,-81.62266772773474,39.848302382694364,9.408521752381972,-79.10307659372177,55.49374692549645,-0.7050997925839062,-0.03139999076320331,-2.448747565168557e-18,0.7084125373524973,0.0,0.0,0.0,0.0,0.0,0.0,-0.314,9.1551647,-94.828995,43.316994,6.288552801749859,-119.32274560264236,48.85141160123257,0.7064021638165477,0.12800039208453867,2.946859845283227e-17,-0.6961407060224993
98.77304291725159,0,0,0,0,0,0,0,0,0,1,0.0,0.0,0.0,0.0,0.0,0.0,-0.314,0,0,0,0,0,0,0,0,0,1
98.83059120178223,8.525627532882242,-81.6186458264669,39.84764830943667,9.463962420475923,-79.09118112628173,55.55106036349905,-0.7049997777150755,-0.03139999009965017,4.8968071207422625e-18,0.7085120704994629,0.0,0.0,0.0,0.0,0.0,0.0,-0.314,9.1551647,-94.828995,43.316994,6.299044775109223,-119.30426934909002,48.86359956864703,0.7064024380463695,0.1279004414299698,-2.9468587012938994e-17,-0.6961587984103657
98.96025538444519,8.525519376035819,-81.6224976547719,39.84827472408978,9.445572308567023,-79.09829827446887,55.52845173714405,-0.7050997836783869,-0.031299990397296154,-2.448732237522345e-18,0.708416971604874,0.0,0.0,0.0,0.0,0.0,0.0,-0.314,9.1551647,-94.828995,43.316994,6.280654663200295,-119.31138649727717,48.84099094229203,0.7065009127914234,0.1279001652456094,4.910746595139758e-17,-0.6960589112675961
99.04116654396057,8.525536482574257,-81.62188843352392,39.84817564773265,9.413331860631331,-79.11057600077211,55.44354113148299,-0.7051997910384772,-0.031199990754963828,2.4490611495248264e-18,0.7083218303117433,0.0,0.0,0.0,0.0,0.0,0.0,-0.314,9.1551647,-94.828995,43.316994,6.271027301444207,-119.31991763119034,48.82939207770222,0.7065024378089438,0.1279004413245066,0.0,-0.6960573126395669
99.08768653869629,0,0,0,0,0,0,0,0,0,1,0.0,0.0,0.0,0.0,0.0,0.0,-0.314,0,0,0,0,0,0,0,0,0,1
99.1673846244812,0,0,0,0,0,0,0,0,0,1,0.0,0.0,0.0,0.0,0.0,0.0,-0.314,0,0,0,0,0,0,0,0,0,1
99.27037262916565,8.525513969449328,-81.62269020146276,39.848306037549,9.42322955475467,-79.11150084398037,55.444627555010406,-0.7050997747459201,-0.031199990032722617,2.448716958864549e-18,0.7084213917402625,0.0,0.0,0.0,0.0,0.0,0.0,-0.314,9.1551647,-94.828995,43.316994,6.288012137015357,-119.30383364839953,48.87243648335739,0.7064024380463695,0.1279004414299698,-2.9468587012938994e-17,-0.6961587984103657
99.4255018234253,8.524876839352045,-81.6453805426094,39.851996119518574,9.447795727263923,-79.11210309242287,55.5884890872734,-0.7050998014619467,-0.03149999113040891,4.897525883608215e-18,0.7084080889833964,0.0,0.0,0.0,0.0,0.0,0.0,-0.314,9.1551647,-94.828995,43.316994,6.285471916707053,-119.29535595631364,48.90279560089532,0.7064021638165477,0.12800039208453867,2.946859845283227e-17,-0.6961407060224993
99.52175760269165,0,0,0,0,0,0,0,0,0,1,0.0,0.0,0.0,0.0,0.0,0.0,-0.314,0,0,0,0,0,0,0,0,0,1
99.58996391296387,8.524957076487052,-81.6425230289341,39.851531408141035,9.453740779483809,-79.11911335695547,55.52835995502218,-0.7050997836783869,-0.031299990397296154,-2.448732237522345e-18,0.708416971604874,0.0,0.0,0.0,0.0,0.0,0.0,-0.314,9.1551647,-94.828995,43.316994,6.306618966789955,-119.3444855283372,48.85240624263811,0.7065024378089438,0.1279004413245066,0.0,-0.6960573126395669
99.64216232299805,0,0,0,0,0,0,0,0,0,1,0.0,0.0,0.0,0.0,0.0,0.0,-0.314,0,0,0,0,0,0,0,0,0,1
99.70885562896729,8.525207603256774,-81.63360092982813,39.850080426120584,9.426040107430225,-79.12943451318768,55.40375599641007,-0.7051997910384772,-0.031199990754963828,2.4490611495248264e-18,0.7083218303117433,0.0,0.0,0.0,0.0,0.0,0.0,-0.314,9.1551647,-94.828995,43.316994,6.30239599251928,-119.34111497254014,48.801703127921876,0.7065021609479875,0.128000391509331,9.821475838936706e-18,-0.6960392204102309
99.83508563041687,8.525720732064679,-81.61532669077842,39.84710852545196,9.38590866620234,-79.10682318611185,55.420435184425216,-0.7051999781990189,-0.03139999902928134,0.0,0.708312805763855,0.0,0.0,0.0,0.0,0.0,0.0,-0.314,9.1551647,-94.828995,43.316994,6.2421988306774665,-119.30719798192641,48.82672190994461,0.7064018884675101,0.1281003424585052,-2.9468609939424183e-17,-0.6961226000005668
99.91242814064026,0,0,0,0,0,0,0,0,0,1,0.0,0.0,0.0,0.0,0.0,0.0,-0.314,0,0,0,0,0,0,0,0,0,1
99.96004462242126,8.525280549218044,-81.63100307932075,39.84965794321233,9.418689778872562,-79.11345741405142,55.48432090796147,-0.7050997925839062,-0.03139999076320331,-2.448747565168557e-18,0.7084125373524973,0.0,0.0,0.0,0.0,0.0,0.0,-0.314,9.1551647,-94.828995,43.316994,6.2687574135031525,-119.32089591622585,48.84923875417775,0.7064021638165477,0.12800039208453867,2.946859845283227e-17,-0.6961407060224993
100.01334023475647,0,0,0,0,0,0,0,0,0,1,0.0,0.0,0.0,0.0,0.0,0.0,-0.314,0,0,0,0,0,0,0,0,0,1
100.07816314697266,8.5253655618918,-81.62797549268261,39.84916557323021,9.461685387277498,-79.11568935933113,55.45889658735783,-0.7050997747459201,-0.031199990032722617,2.448716958864549e-18,0.7084213917402625,0.0,0.0,0.0,0.0,0.0,0.0,-0.314,9.1551647,-94.828995,43.316994,6.329872801449767,-119.306554736197,48.85693550099151,0.7064027111589859,0.12780049049563755,9.822858539886795e-18,-0.6961768771629152
100.20588302612305,8.526000807401836,-81.60535226801305,39.845486406270695,9.446166587803049,-79.07889717770828,55.53955328103109,-0.7049997681901409,-0.03129998970829986,0.0,0.7085165047450258,0.0,0.0,0.0,0.0,0.0,0.0,-0.314,9.1551647,-94.828995,43.316994,6.277573778157489,-119.28399685094845,48.89237494195478,0.706400926916761,0.12790016782652,4.911441675334094e-17,-0.696160382039289
100.29093098640442,0,0,0,0,0,0,0,0,0,1,0.0,0.0,0.0,0.0,0.0,0.0,-0.314,0,0,0,0,0,0,0,0,0,1
100.33848476409912,8.526411185949808,-81.59073731057748,39.84310960679595,9.409987788478645,-79.0502004293081,55.617448024824895,-0.7048997731644212,-0.031499989863355456,0.0,0.7086071269972919,0.0,0.0,0.0,0.0,0.0,0.0,-0.314,9.1551647,-94.828995,43.316994,6.217323001814151,-119.28839291133814,48.885267297965655,0.706400926916761,0.12790016782652,4.911441675334094e-17,-0.696160382039289
100.39168167114258,0,0,0,0,0,0,0,0,0,1,0.0,0.0,0.0,0.0,0.0,0.0,-0.314,0,0,0,0,0,0,0,0,0,1
100.46145415306091,8.526193610161478,-81.59848591464356,39.84436974581144,9.402623169406212,-79.08128322619964,55.47399203114279,-0.7050997836783869,-0.031299990397296154,-2.448732237522345e-18,0.708416971604874,0.0,0.0,0.0,0.0,0.0,0.0,-0.314,9.1551647,-94.828995,43.316994,6.251826192433555,-119.29866684801326,48.83832077453443,0.7064024380463695,0.1279004414299698,-2.9468587012938994e-17,-0.6961587984103657
100.5786395072937,8.525315760103197,-81.62974910152313,39.84945401146748,9.444430219339097,-79.12231736500053,55.426364622765064,-0.7051997910384772,-0.031199990754963828,2.4490611495248264e-18,0.7083218303117433,0.0,0.0,0.0,0.0,0.0,0.0,-0.314,9.1551647,-94.828995,43.316994,6.319434442591927,-119.28671793874594,48.876873959588906,0.706400926916761,0.12790016782652,4.911441675334094e-17,-0.696160382039289
100.63822412490845,0,0,0,0,0,0,0,0,0,1,0.0,0.0,0.0,0.0,0.0,0.0,-0.314,0,0,0,0,0,0,0,0,0,1
100.70421600341797,8.525132772708256,-81.63626589681256,39.8505138240389,9.442437809022692,-79.10922167914356,55.54770931079494,-0.7050997925839062,-0.03139999076320331,-2.448747565168557e-18,0.7084125373524973,0.0,0.0,0.0,0.0,0.0,0.0,-0.314,9.1551647,-94.828995,43.316994,6.298504110374722,-119.2853573948472,48.884624450771845,0.706400926916761,0.12790016782652,4.911441675334094e-17,-0.696160382039289
100.79267287254333,8.525938307853009,-81.60757808671234,39.84584838643647,9.393273285274745,-79.07574038922031,55.56389117810731,-0.7049997872145043,-0.03149999049256296,-7.345256797989458e-18,0.7085076221371738,0.0,0.0,0.0,0.0,0.0,0.0,-0.314,9.1551647,-94.828995,43.316994,6.238523666398635,-119.29920943235828,48.86700436572031,0.7064006502884528,0.1280001178325622,1.9645774394669056e-17,-0.6961422922843441
100.83407092094421,0,0,0,0,0,0,0,0,0,1,0.0,0.0,0.0,0.0,0.0,0.0,-0.314,0,0,0,0,0,0,0,0,0,1
100.9595582485199,8.525614204074275,-81.61912051005372,39.84772550621982,9.443032088258718,-79.08982058238298,55.55881085468199,-0.7049997872145043,-0.03149999049256296,-7.345256797989458e-18,0.7085076221371738,0.0,0.0,0.0,0.0,0.0,0.0,-0.314,9.1551647,-94.828995,43.316994,6.266541140063623,-119.28356115025798,48.90121185666513,0.7063024374373149,0.1279004413821784,-1.9648506181243528e-17,-0.6962602559132264
101.0182192325592,0,0,0,0,0,0,0,0,0,1,0.0,0.0,0.0,0.0,0.0,0.0,-0.314,0,0,0,0,0,0,0,0,0,1
101.07853960990906,8.524880983843053,-81.64523294337458,39.851972115768625,9.4995540858217,-79.11574902342858,55.57407452843495,-0.7050998103119765,-0.03159999149887743,7.346335102289767e-18,0.7084036264978358,0.0,0.0,0.0,0.0,0.0,0.0,-0.314,9.1551647,-94.828995,43.316994,6.3072668605275055,-119.28677138057321,48.89563421253702,0.7063021658368758,0.12800039250618736,-3.929702747370479e-17,-0.6962421633687522
101.13851237297058,0,0,0,0,0,0,0,0,0,1,0.0,0.0,0.0,0.0,0.0,0.0,-0.314,0,0,0,0,0,0,0,0,0,1
101.20537805557251,8.52549686291089,-81.62329942271076,39.848405113906125,9.455470002690362,-79.09922311767713,55.529538160671464,-0.7050998014619467,-0.03149999113040891,4.897525883608215e-18,0.7084080889833964,0.0,0.0,0.0,0.0,0.0,0.0,-0.314,9.1551647,-94.828995,43.316994,6.281519274803571,-119.301441377638,48.84158004511667,0.7064018884675101,0.1281003424585052,-2.9468609939424183e-17,-0.6961226000005668
101.32847023010254,8.52577530939203,-81.61338300897509,39.84679242861011,9.440214390325764,-79.09541686118958,55.48767196066558,-0.7050997836783869,-0.031299990397296154,-2.448732237522345e-18,0.708416971604874,0.0,0.0,0.0,0.0,0.0,0.0,-0.314,9.1551647,-94.828995,43.316994,6.2727565246507595,-119.30002739191198,48.8305702833515,0.7065009127914234,0.1279001652456094,4.910746595139758e-17,-0.6960589112675961
101.42496705055237,8.5250379446698,-81.63964304153075,39.85106304190886,9.444978029330997,-79.11769937122945,55.517350193257,-0.7051999781990189,-0.03139999902928134,0.0,0.708312805763855,0.0,0.0,0.0,0.0,0.0,0.0,-0.314,9.1551647,-94.828995,43.316994,6.299315107476474,-119.31372532621143,48.85308712758463,0.7065009127914234,0.1279001652456094,4.910746595139758e-17,-0.6960589112675961
101.5457592010498,0,0,0,0,0,0,0,0,0,1,0.0,0.0,0.0,0.0,0.0,0.0,-0.314,0,0,0,0,0,0,0,0,0,1
101.58692693710327,8.524610723870596,-81.6548578080599,39.853537387062055,9.393760335507693,-79.13296539446655,55.51073986997065,-0.7051998076387149,-0.031399991434849193,0.0,0.7083129759112216,0.0,0.0,0.0,0.0,0.0,0.0,-0.314,9.1551647,-94.828995,43.316994,6.265622913958822,-119.33181932090056,48.86849632782864,0.7065006335331228,0.12800011478024023,-4.910748536209142e-17,-0.6960408216717908
101.66850590705872,0,0,0,0,0,0,0,0,0,1,0.0,0.0,0.0,0.0,0.0,0.0,-0.314,0,0,0,0,0,0,0,0,0,1
101.79351019859314,8.525010656006124,-81.64061488243242,39.85122109032979,9.417825167269285,-79.1234025336906,55.48373180513683,-0.7051999781990189,-0.03139999902928134,0.0,0.708312805763855,0.0,0.0,0.0,0.0,0.0,0.0,-0.314,9.1551647,-94.828995,43.316994,6.29704521953542,-119.31470361124696,48.87293380406015,0.7064021638165477,0.12800039208453867,2.946859845283227e-17,-0.6961407060224993
101.83519387245178,8.525213009843263,-81.63340838313727,39.85004911266136,9.448382861242578,-79.11623194367617,55.48758017854371,-0.7050997836783869,-0.031299990397296154,-2.448732237522345e-18,0.708416971604874,0.0,0.0,0.0,0.0,0.0,0.0,-0.314,9.1551647,-94.828995,43.316994,6.308348189996508,-119.32459528905886,48.8535844482874,0.7065011909290626,0.12780021542920622,-9.821489323722796e-18,-0.6960769872306257
101.9166350364685,0,0,0,0,0,0,0,0,0,1,0.0,0.0,0.0,0.0,0.0,0.0,-0.314,0,0,0,0,0,0,0,0,0,1
101.96114611625671,8.525455614391507,-81.62476842092725,39.84864401396483,9.422094610784143,-79.11198998649813,55.45455089324817,-0.7051997910384772,-0.031199990754963828,2.4490611495248264e-18,0.7083218303117433,0.0,0.0,0.0,0.0,0.0,0.0,-0.314,9.1551647,-94.828995,43.316994,6.289958078087636,-119.33171243724601,48.830975821932405,0.7065009127914234,0.1279001652456094,4.910746595139758e-17,-0.6960589112675961
102.03852224349976,0,0,0,0,0,0,0,0,0,1,0.0,0.0,0.0,0.0,0.0,0.0,-0.314,0,0,0,0,0,0,0,0,0,1
102.16713118553162,8.525617981804745,-81.61898597239258,39.847703626645846,9.389861308105793,-79.10073776478751,55.48165074020386,-0.7050997925839062,-0.03139999076320331,-2.448747565168557e-18,0.7084125373524973,0.0,0.0,0.0,0.0,0.0,0.0,-0.314,9.1551647,-94.828995,43.316994,6.247556748918697,-119.31007939520572,48.86750168642308,0.7064018884675101,0.1281003424585052,-2.9468609939424183e-17,-0.6961226000005668
102.21212410926819,0,0,0,0,0,0,0,0,0,1,0.0,0.0,0.0,0.0,0.0,0.0,-0.314,0,0,0,0,0,0,0,0,0,1
102.2695209980011,0,0,0,0,0,0,0,0,0,1,0.0,0.0,0.0,0.0,0.0,0.0,-0.314,0,0,0,0,0,0,0,0,0,1
102.33448934555054,8.525631310612711,-81.61851128880575,39.8476264298627,9.410791640323026,-79.10209830868624,55.47390024902093,-0.7050997925839062,-0.03139999076320331,-2.448747565168557e-18,0.7084125373524973,0.0,0.0,0.0,0.0,0.0,0.0,-0.314,9.1551647,-94.828995,43.316994,6.259130051747064,-119.32942705013902,48.83763988958792,0.7065021609479875,0.128000391509331,9.821475838936706e-18,-0.6960392204102309
102.41357374191284,0,0,0,0,0,0,0,0,0,1,0.0,0.0,0.0,0.0,0.0,0.0,-0.314,0,0,0,0,0,0,0,0,0,1
102.53921055793762,8.525806375786175,-81.61227663041227,39.8466125006152,9.414196472234607,-79.10063088113296,55.444130234307636,-0.7051999781990189,-0.03139999902928134,0.0,0.708312805763855,0.0,0.0,0.0,0.0,0.0,0.0,-0.314,9.1551647,-94.828995,43.316994,6.291093022058163,-119.33122329472825,48.82105248369464,0.7065018829658432,0.1281003414124905,1.9642959406642367e-17,-0.69602111454734
102.58710479736328,8.525667152545607,-81.6172348372801,39.847418843263206,9.421824278416892,-79.10253400937673,55.46506333431058,-0.7050997925839062,-0.03139999076320331,-2.448747565168557e-18,0.7084125373524973,0.0,0.0,0.0,0.0,0.0,0.0,-0.314,9.1551647,-94.828995,43.316994,6.281789607170822,-119.31089735475942,48.83106760405427,0.7065006335331228,0.12800011478024023,-4.910748536209142e-17,-0.6960408216717908
102.6410722732544,0,0,0,0,0,0,0,0,0,1,0.0,0.0,0.0,0.0,0.0,0.0,-0.314,0,0,0,0,0,0,0,0,0,1
102.70558428764343,8.525231745237718,-81.6327411528596,39.849940602419,9.491655947272136,-79.1043899180634,55.563653869494416,-0.7050997925839062,-0.03139999076320331,-2.448747565168557e-18,0.7084125373524973,0.0,0.0,0.0,0.0,0.0,0.0,-0.314,9.1551647,-94.828995,43.316994,6.280384330833044,-119.30193052015576,48.85150338335444,0.7064024380463695,0.1279004414299698,-2.9468587012938994e-17,-0.6961587984103657
102.78820419311523,0,0,0,0,0,0,0,0,0,1,0.0,0.0,0.0,0.0,0.0,0.0,-0.314,0,0,0,0,0,0,0,0,0,1
102.920236825943,8.524984365150727,-81.64155118803241,39.85137335972011,9.48089364154552,-79.11341019449432,55.56197834314236,-0.7050998014619467,-0.03149999113040891,4.897525883608215e-18,0.7084080889833964,0.0,0.0,0.0,0.0,0.0,0.0,-0.314,9.1551647,-94.828995,43.316994,6.287147525412081,-119.3137787680387,48.87184738053274,0.7064018884675101,0.1281003424585052,-2.9468609939424183e-17,-0.6961226000005668
102.96928691864014,8.525388706064467,-81.62715125101576,39.84903152855923,9.437079890781433,-79.10634026586428,55.50692953431646,-0.7050997925839062,-0.03139999076320331,-2.448747565168557e-18,0.7084125373524973,0.0,0.0,0.0,0.0,0.0,0.0,-0.314,9.1551647,-94.828995,43.316994,6.291370499682785,-119.31714932383576,48.922550495248984,0.7064018884675101,0.1281003424585052,-2.9468609939424183e-17,-0.6961226000005668
103.03940057754517,0,0,0,0,0,0,0,0,0,1,0.0,0.0,0.0,0.0,0.0,0.0,-0.314,0,0,0,0,0,0,0,0,0,1
103.08441305160522,8.525726138651168,-81.61513414408758,39.84707721199274,9.408251420014722,-79.09362061660036,55.50425936655886,-0.7050997925839062,-0.03139999076320331,-2.448747565168557e-18,0.7084125373524973,0.0,0.0,0.0,0.0,0.0,0.0,-0.314,9.1551647,-94.828995,43.316994,6.294775331594366,-119.31568189628248,48.892780480535684,0.7064021638165477,0.12800039208453867,2.946859845283227e-17,-0.6961407060224993
103.14347052574158,0,0,0,0,0,0,0,0,0,1,0.0,0.0,0.0,0.0,0.0,0.0,-0.314,0,0,0,0,0,0,0,0,0,1
103.28729820251465,8.525366823987282,-81.62793054522656,39.849158263520934,9.432269782532074,-79.09884085881392,55.55713532832993,-0.7050997925839062,-0.03139999076320331,-2.448747565168557e-18,0.7084125373524973,0.0,0.0,0.0,0.0,0.0,0.0,-0.314,9.1551647,-94.828995,43.316994,6.294504999227115,-119.30622591916107,48.903292921598094,0.7064024380463695,0.1279004414299698,-2.9468587012938994e-17,-0.6961587984103657
103.33558940887451,8.524678630005914,-81.65243944266975,39.85314409343705,9.46899639184835,-79.122919613443,55.57022615502807,-0.7050997925839062,-0.03139999076320331,-2.448747565168557e-18,0.7084125373524973,0.0,0.0,0.0,0.0,0.0,0.0,-0.314,9.1551647,-94.828995,43.316994,6.319928638082274,-119.32041299597827,48.93573310406899,0.7064024380463695,0.1279004414299698,-2.9468587012938994e-17,-0.6961587984103657
103.39487957954407,0,0,0,0,0,0,0,0,0,1,0.0,0.0,0.0,0.0,0.0,0.0,-0.314,0,0,0,0,0,0,0,0,0,1
103.45721483230591,8.525285324756792,-81.63083300635792,39.84963028460775,9.455740335057612,-79.10867909479853,55.519025719609054,-0.7050997925839062,-0.03139999076320331,-2.448747565168557e-18,0.7084125373524973,0.0,0.0,0.0,0.0,0.0,0.0,-0.314,9.1551647,-94.828995,43.316994,6.3032677493798985,-119.30763990488708,48.91430268336327,0.7064024380463695,0.1279004414299698,-2.9468587012938994e-17,-0.6961587984103657
103.53627443313599,0,0,0,0,0,0,0,0,0,1,0.0,0.0,0.0,0.0,0.0,0.0,-0.314,0,0,0,0,0,0,0,0,0,1
103.66265535354614,8.526090859901544,-81.6021451962577,39.84496484700532,9.406575811309693,-79.07519780487529,55.53520758692143,-0.7050997925839062,-0.03139999076320331,-2.448747565168557e-18,0.7084125373524973,0.0,0.0,0.0,0.0,0.0,0.0,-0.314,9.1551647,-94.828995,43.316994,6.26481191685707,-119.30345138953632,48.900033651015846,0.7064024380463695,0.1279004414299698,-2.9468587012938994e-17,-0.6961587984103657
103.70489573478699,8.525573586602633,-81.6205670345422,39.84796075142389,9.394948893979773,-79.09416320094539,55.53294295774474,-0.7050997836783869,-0.031299990397296154,-2.448732237522345e-18,0.708416971604874,0.0,0.0,0.0,0.0,0.0,0.0,-0.314,9.1551647,-94.828995,43.316994,6.285418302205528,-119.33366900731706,48.87066917488346,0.7065024378089438,0.1279004413245066,0.0,-0.6960573126395669
103.79517579078674,8.524871432765556,-81.64557308930024,39.8520274329778,9.425452973451542,-79.12530566193436,55.50466490513977,-0.7051999705430583,-0.03129999869256627,7.347231068886577e-18,0.7083172393976551,0.0,0.0,0.0,0.0,0.0,0.0,-0.314,9.1551647,-94.828995,43.316994,6.275520608082161,-119.3327441641088,48.86958275135605,0.7065009127914234,0.1279001652456094,4.910746595139758e-17,-0.6960589112675961
103.83664155006409,0,0,0,0,0,0,0,0,0,1,0.0,0.0,0.0,0.0,0.0,0.0,-0.314,0,0,0,0,0,0,0,0,0,1
103.92322993278503,8.525285324756792,-81.63083300635792,39.84963028460775,9.455740335057612,-79.10867909479853,55.519025719609054,-0.7050997925839062,-0.03139999076320331,-2.448747565168557e-18,0.7084125373524973,0.0,0.0,0.0,0.0,0.0,0.0,-0.314,9.1551647,-94.828995,43.316994,6.2676224695326255,-119.32138505874363,48.85916209241551,0.7064024380463695,0.1279004414299698,-2.9468587012938994e-17,-0.6961587984103657
104.04672336578369,0,0,0,0,0,0,0,0,0,1,0.0,0.0,0.0,0.0,0.0,0.0,-0.314,0,0,0,0,0,0,0,0,0,1
104.09741759300232,8.525469574247216,-81.62427126361241,39.84856316232705,9.428317140628621,-79.10492628013826,55.49591977255129,-0.7050997836783869,-0.031299990397296154,-2.448732237522345e-18,0.708416971604874,0.0,0.0,0.0,0.0,0.0,0.0,-0.314,9.1551647,-94.828995,43.316994,6.279519719229768,-119.31187563979493,48.85091428052979,0.7064021638165477,0.12800039208453867,2.946859845283227e-17,-0.6961407060224993
104.14170742034912,0,0,0,0,0,0,0,0,0,1,0.0,0.0,0.0,0.0,0.0,0.0,-0.314,0,0,0,0,0,0,0,0,0,1
104.20558619499207,8.525325575467898,-81.62939954344307,39.849397163579646,9.398894390625856,-79.11160772763492,55.48214806090664,-0.7051999705430583,-0.03129999869256627,7.347231068886577e-18,0.7083172393976551,0.0,0.0,0.0,0.0,0.0,0.0,-0.314,9.1551647,-94.828995,43.316994,6.266217193194848,-119.31241822413998,48.87959787171568,0.7064021638165477,0.12800039208453867,2.946859845283227e-17,-0.6961407060224993
104.26702570915222,0,0,0,0,0,0,0,0,0,1,0.0,0.0,0.0,0.0,0.0,0.0,-0.314,0,0,0,0,0,0,0,0,0,1
104.41689372062683,8.525527929305037,-81.62219304414792,39.84822518591122,9.429452084599149,-79.1044371376205,55.48599643431352,-0.7050998014619467,-0.03149999113040891,4.897525883608215e-18,0.7084080889833964,0.0,0.0,0.0,0.0,0.0,0.0,-0.314,9.1551647,-94.828995,43.316994,6.2687574135031525,-119.32089591622585,48.84923875417775,0.7065006335331228,0.12800011478024023,-4.910748536209142e-17,-0.6960408216717908
104.46074914932251,8.525419772458614,-81.62604487245291,39.84885160056432,9.411061972690277,-79.11155428580764,55.463387807958526,-0.7051998076387149,-0.031399991434849193,0.0,0.7083129759112216,0.0,0.0,0.0,0.0,0.0,0.0,-0.314,9.1551647,-94.828995,43.316994,6.261670272055369,-119.33790474222491,48.80728077204999,0.7065018829658432,0.1281003414124905,1.9642959406642367e-17,-0.69602111454734
104.58129000663757,8.525631310612711,-81.61851128880575,39.8476264298627,9.410791640323026,-79.10209830868624,55.47390024902093,-0.7050997836783869,-0.031299990397296154,-2.448732237522345e-18,0.708416971604874,0.0,0.0,0.0,0.0,0.0,0.0,-0.314,9.1551647,-94.828995,43.316994,6.290011692589161,-119.2933993862426,48.86310224794426,0.7064021638165477,0.12800039208453867,2.946859845283227e-17,-0.6961407060224993
104.65885639190674,0,0,0,0,0,0,0,0,0,1,0.0,0.0,0.0,0.0,0.0,0.0,-0.314,0,0,0,0,0,0,0,0,0,1
104.70601844787598,8.525811151324923,-81.61210655744944,39.846584842010614,9.451247028419658,-79.09585256188006,55.47883504595522,-0.7050997836783869,-0.031299990397296154,-2.448732237522345e-18,0.708416971604874,0.0,0.0,0.0,0.0,0.0,0.0,-0.314,9.1551647,-94.828995,43.316994,6.3208397189297045,-119.29568477334959,48.856438180288734,0.7064021638165477,0.12800039208453867,2.946859845283227e-17,-0.6961407060224993
104.82991433143616,8.52545624543925,-81.62474594719923,39.84864035911019,9.407386808411445,-79.10356573623952,55.50367026373422,-0.7050997925839062,-0.03139999076320331,-2.448747565168557e-18,0.7084125373524973,0.0,0.0,0.0,0.0,0.0,0.0,-0.314,9.1551647,-94.828995,43.316994,6.278655107626491,-119.3218207594341,48.85032517770516,0.7065006335331228,0.12800011478024023,-4.910748536209142e-17,-0.6960408216717908
104.91898679733276,8.524933565553848,-81.6433603321746,39.851667576987985,9.373417137269143,-79.13573370182112,55.417581452423875,-0.7051997993530568,-0.03129999109437134,0.0,0.708317410169975,0.0,0.0,0.0,0.0,0.0,0.0,-0.314,9.1551647,-94.828995,43.316994,6.258859719379814,-119.31997107301761,48.84815233065033,0.7065006335331228,0.12800011478024023,-4.910748536209142e-17,-0.6960408216717908
104.9568383693695,0,0,0,0,0,0,0,0,0,1,0.0,0.0,0.0,0.0,0.0,0.0,-0.314,0,0,0,0,0,0,0,0,0,1
105.01597547531128,0,0,0,0,0,0,0,0,0,1,0.0,0.0,0.0,0.0,0.0,0.0,-0.314,0,0,0,0,0,0,0,0,0,1
105.08575415611267,8.525261182775846,-81.63169278332646,39.849770108309336,9.390124495215673,-79.1337236899228,55.359127846524714,-0.7051997910384772,-0.031199990754963828,2.4490611495248264e-18,0.7083218303117433,0.0,0.0,0.0,0.0,0.0,0.0,-0.314,9.1551647,-94.828995,43.316994,6.280654663200295,-119.31138649727717,48.84099094229203,0.7064018884675101,0.1281003424585052,-2.9468609939424183e-17,-0.6961226000005668
105.20692372322083,8.526013138401526,-81.60491311972791,39.84541498851816,9.376875583682278,-79.09595322326443,55.41993786372244,-0.7050997836783869,-0.031299990397296154,-2.448732237522345e-18,0.708416971604874,0.0,0.0,0.0,0.0,0.0,0.0,-0.314,9.1551647,-94.828995,43.316994,6.258859719379814,-119.31997107301761,48.84815233065033,0.7064018884675101,0.1281003424585052,-2.9468609939424183e-17,-0.6961226000005668
105.26450991630554,0,0,0,0,0,0,0,0,0,1,0.0,0.0,0.0,0.0,0.0,0.0,-0.314,0,0,0,0,0,0,0,0,0,1
105.33870387077332,8.525945599026745,-81.60731842354443,39.84580615796719,9.406568666052294,-79.09872775288918,55.42319713430469,-0.7051999705430583,-0.03129999869256627,7.347231068886577e-18,0.7083172393976551,0.0,0.0,0.0,0.0,0.0,0.0,-0.314,9.1551647,-94.828995,43.316994,6.28033071633152,-119.34024357115916,48.81937695734258,0.7065018829658432,0.1281003414124905,1.9642959406642367e-17,-0.69602111454734
105.4215259552002,0,0,0,0,0,0,0,0,0,1,0.0,0.0,0.0,0.0,0.0,0.0,-0.314,0,0,0,0,0,0,0,0,0,1
105.4636480808258,8.5256269018345,-81.61866830019494,39.847651964291316,9.47867022284862,-79.09960537654034,55.501940993012994,-0.7050997925839062,-0.03139999076320331,-2.448747565168557e-18,0.7084125373524973,0.0,0.0,0.0,0.0,0.0,0.0,-0.314,9.1551647,-94.828995,43.316994,6.313482245114642,-119.30323762222723,48.82499263922339,0.7064018884675101,0.1281003424585052,-2.9468609939424183e-17,-0.6961226000005668
105.59395718574524,8.525582506632388,-81.62024936234458,39.84790908906936,9.4837578087226,-79.09303081269822,55.55323321055388,-0.7050999854812877,-0.03149999935138358,2.4487635761993483e-18,0.7084079054578307,0.0,0.0,0.0,0.0,0.0,0.0,-0.314,9.1551647,-94.828995,43.316994,6.318029166254178,-119.27775110414228,48.89730973888908,0.7063021658368758,0.12800039250618736,-3.929702747370479e-17,-0.6962421633687522
105.67634224891663,0,0,0,0,0,0,0,0,0,1,0.0,0.0,0.0,0.0,0.0,0.0,-0.314,0,0,0,0,0,0,0,0,0,1
105.71981954574585,8.525730914189916,-81.61496407112475,39.84704955338815,9.445301976199772,-79.08884229734747,55.538964178206456,-0.7049997777150755,-0.03139999009965017,4.8968071207422625e-18,0.7085120704994629,0.0,0.0,0.0,0.0,0.0,0.0,-0.314,9.1551647,-94.828995,43.316994,6.296504554800919,-119.29579165700413,48.893958686184966,0.7064006502884528,0.1280001178325622,1.9645774394669056e-17,-0.6961422922843441
105.77463674545288,0,0,0,0,0,0,0,0,0,1,0.0,0.0,0.0,0.0,0.0,0.0,-0.314,0,0,0,0,0,0,0,0,0,1
105.83785200119019,8.52544769217003,-81.62505055782323,39.84868989728876,9.423507032379263,-79.0974268730879,55.546125566564754,-0.7050997836783869,-0.031299990397296154,-2.448732237522345e-18,0.708416971604874,0.0,0.0,0.0,0.0,0.0,0.0,-0.314,9.1551647,-94.828995,43.316994,6.266217193194848,-119.31241822413998,48.87959787171568,0.7064024380463695,0.1279004414299698,-2.9468587012938994e-17,-0.6961587984103657
105.96087265014648,8.524872063813296,-81.64555061557222,39.852023778123154,9.410745171078872,-79.11688141167575,55.553784275625816,-0.7051998076387149,-0.031399991434849193,0.0,0.7083129759112216,0.0,0.0,0.0,0.0,0.0,0.0,-0.314,9.1551647,-94.828995,43.316994,6.2840130258677505,-119.3247021727134,48.89110495418363,0.7065009127914234,0.1279001652456094,4.910746595139758e-17,-0.6960589112675961
106.02250123023987,0,0,0,0,0,0,0,0,0,1,0.0,0.0,0.0,0.0,0.0,0.0,-0.314,0,0,0,0,0,0,0,0,0,1
106.10096168518066,8.525492718419883,-81.62344702194554,39.84842911765607,9.403711644132613,-79.09557718667139,55.54395271950992,-0.7050998014619467,-0.03149999113040891,4.897525883608215e-18,0.7084080889833964,0.0,0.0,0.0,0.0,0.0,0.0,-0.314,9.1551647,-94.828995,43.316994,6.2461514725809195,-119.30111256060206,48.887937465723255,0.7064021638165477,0.12800039208453867,2.946859845283227e-17,-0.6961407060224993
106.1686418056488,0,0,0,0,0,0,0,0,0,1,0.0,0.0,0.0,0.0,0.0,0.0,-0.314,0,0,0,0,0,0,0,0,0,1
106.21146178245544,8.525951005613233,-81.60712587685357,39.84577484450797,9.428911419864647,-79.08552518337768,55.50702131643833,-0.7050997925839062,-0.03139999076320331,-2.448747565168557e-18,0.7084125373524973,0.0,0.0,0.0,0.0,0.0,0.0,-0.314,9.1551647,-94.828995,43.316994,6.25658983143876,-119.32094935805313,48.86799900712586,0.7064021638165477,0.12800039208453867,2.946859845283227e-17,-0.6961407060224993
106.3352370262146,8.524898721429231,-81.64460124839859,39.85186938455687,9.452605835513282,-79.11960249947323,55.53828329325994,-0.7050997925839062,-0.03139999076320331,-2.448747565168557e-18,0.7084125373524973,0.0,0.0,0.0,0.0,0.0,0.0,-0.314,9.1551647,-94.828995,43.316994,6.305484022819428,-119.34497467085497,48.86232958087588,0.7065021609479875,0.128000391509331,9.821475838936706e-18,-0.6960392204102309
106.39148807525635,0,0,0,0,0,0,0,0,0,1,0.0,0.0,0.0,0.0,0.0,0.0,-0.314,0,0,0,0,0,0,0,0,0,1
106.46811199188232,8.525271995948826,-81.63130768994473,39.849707481390894,9.43481000284038,-79.10731855089979,55.52677621079199,-0.7050997925839062,-0.03139999076320331,-2.448747565168557e-18,0.7084125373524973,0.0,0.0,0.0,0.0,0.0,0.0,-0.314,9.1551647,-94.828995,43.316994,6.258859719379814,-119.31997107301761,48.84815233065033,0.7065021609479875,0.128000391509331,9.821475838936706e-18,-0.6960392204102309
106.53879499435425,8.526126701834437,-81.60086874473204,39.844757260405835,9.41760844940356,-79.07563350556578,55.52637067221109,-0.7050998103119765,-0.03159999149887743,7.346335102289767e-18,0.7084036264978358,0.0,0.0,0.0,0.0,0.0,0.0,-0.314,9.1551647,-94.828995,43.316994,6.2368480576936065,-119.28078662063322,48.89795258608289,0.7063018931191923,0.12810034335065626,0.0,-0.6962240571897017
106.58441138267517,0,0,0,0,0,0,0,0,0,1,0.0,0.0,0.0,0.0,0.0,0.0,-0.314,0,0,0,0,0,0,0,0,0,1
106.70889687538147,8.525978294276909,-81.6061540359519,39.84561679608704,9.456064281926388,-79.07982202091654,55.5406397045585,-0.7049997872145043,-0.03149999049256296,-7.345256797989458e-18,0.7085076221371738,0.0,0.0,0.0,0.0,0.0,0.0,-0.314,9.1551647,-94.828995,43.316994,6.285201584339802,-119.28589997919224,48.91330804195772,0.7063021658368758,0.12800039250618736,-3.929702747370479e-17,-0.6962421633687522
106.79227232933044,8.525285324756792,-81.63083300635792,39.84963028460775,9.455740335057612,-79.10867909479853,55.519025719609054,-0.7050997747459201,-0.031199990032722617,2.448716958864549e-18,0.7084213917402625,0.0,0.0,0.0,0.0,0.0,0.0,-0.314,9.1551647,-94.828995,43.316994,6.31543533144432,-119.3075864630598,48.895542430415155,0.7064027111589859,0.12780049049563755,9.822858539886795e-18,-0.6961768771629152
106.83000183105469,0,0,0,0,0,0,0,0,0,1,0.0,0.0,0.0,0.0,0.0,0.0,-0.314,0,0,0,0,0,0,0,0,0,1
106.89071035385132,0,0,0,0,0,0,0,0,0,1,0.0,0.0,0.0,0.0,0.0,0.0,-0.314,0,0,0,0,0,0,0,0,0,1
106.96164655685425,8.525271995948826,-81.63130768994473,39.849707481390894,9.43481000284038,-79.10731855089979,55.52677621079199,-0.7050997836783869,-0.031299990397296154,-2.448732237522345e-18,0.708416971604874,0.0,0.0,0.0,0.0,0.0,0.0,-0.314,9.1551647,-94.828995,43.316994,6.3157056638115705,-119.31704244018121,48.88502998935275,0.7064027111589859,0.12780049049563755,9.822858539886795e-18,-0.6961768771629152
107.08437514305115,8.525541258113003,-81.6217183605611,39.84814798912807,9.450382416816382,-79.10579768151923,55.47824594313059,-0.7051999781990189,-0.03139999902928134,0.0,0.708312805763855,0.0,0.0,0.0,0.0,0.0,0.0,-0.314,9.1551647,-94.828995,43.316994,6.319110495723152,-119.31557501262793,48.85525997463945,0.7065006335331228,0.12800011478024023,-4.910748536209142e-17,-0.6960408216717908
107.16564607620239,0,0,0,0,0,0,0,0,0,1,0.0,0.0,0.0,0.0,0.0,0.0,-0.314,0,0,0,0,0,0,0,0,0,1
107.20663571357727,8.525671928084353,-81.61706476431726,39.847391184658626,9.458874834601943,-79.09775569012383,55.49976814595817,-0.7050998014619467,-0.03149999113040891,4.897525883608215e-18,0.7084080889833964,0.0,0.0,0.0,0.0,0.0,0.0,-0.314,9.1551647,-94.828995,43.316994,6.300503665948554,-119.27492313269026,48.87529021535872,0.7064018884675101,0.1281003424585052,-2.9468609939424183e-17,-0.6961226000005668
107.28815031051636,0,0,0,0,0,0,0,0,0,1,0.0,0.0,0.0,0.0,0.0,0.0,-0.314,0,0,0,0,0,0,0,0,0,1
107.33543491363525,8.52563608615146,-81.61834121584292,39.84759877125811,9.447842196508077,-79.09731998943334,55.50860506066852,-0.7050998014619467,-0.03149999113040891,4.897525883608215e-18,0.7084080889833964,0.0,0.0,0.0,0.0,0.0,0.0,-0.314,9.1551647,-94.828995,43.316994,6.267946416401401,-119.29252798486162,48.88077607736496,0.7064018884675101,0.1281003424585052,-2.9468609939424183e-17,-0.6961226000005668
107.4546754360199,8.525068380016204,-81.63855913669597,39.850886768768596,9.433667913612481,-79.13133764143146,55.424689096413005,-0.7051997993530568,-0.03129999109437134,0.0,0.708317410169975,0.0,0.0,0.0,0.0,0.0,0.0,-0.314,9.1551647,-94.828995,43.316994,6.298720828240448,-119.33312642297201,48.84198558369758,0.7065021609479875,0.128000391509331,9.821475838936706e-18,-0.6960392204102309
107.52039766311646,0,0,0,0,0,0,0,0,0,1,0.0,0.0,0.0,0.0,0.0,0.0,-0.314,0,0,0,0,0,0,0,0,0,1
107.58424282073975,8.525140694929734,-81.63598375991661,39.85046794071498,9.441025387427516,-79.1237847925538,55.45613463747836,-0.7051997993530568,-0.03129999109437134,0.0,0.708317410169975,0.0,0.0,0.0,0.0,0.0,0.0,-0.314,9.1551647,-94.828995,43.316994,6.300990716181502,-119.3321481379365,48.822138907222055,0.7065024378089438,0.1279004413245066,0.0,-0.6960573126395669
107.66585946083069,8.525483534102923,-81.62377410629756,39.84848231068927,9.434539670473129,-79.09786257377839,55.5372886518544,-0.7050998014619467,-0.03149999113040891,4.897525883608215e-18,0.7084080889833964,0.0,0.0,0.0,0.0,0.0,0.0,-0.314,9.1551647,-94.828995,43.316994,6.258859719379814,-119.31997107301761,48.84815233065033,0.7064018884675101,0.1281003424585052,-2.9468609939424183e-17,-0.6961226000005668
107.70662522315979,0,0,0,0,0,0,0,0,0,1,0.0,0.0,0.0,0.0,0.0,0.0,-0.314,0,0,0,0,0,0,0,0,0,1
107.8327317237854,8.525914532632598,-81.60842480210727,39.845986085962096,9.432586584143479,-79.09351373294581,55.46673886066263,-0.7050998014619467,-0.03149999113040891,4.897525883608215e-18,0.7084080889833964,0.0,0.0,0.0,0.0,0.0,0.0,-0.314,9.1551647,-94.828995,43.316994,6.280384330833044,-119.30193052015576,48.85150338335444,0.7064018884675101,0.1281003424585052,-2.9468609939424183e-17,-0.6961226000005668
107.89013075828552,0,0,0,0,0,0,0,0,0,1,0.0,0.0,0.0,0.0,0.0,0.0,-0.314,0,0,0,0,0,0,0,0,0,1
107.95965266227722,8.525738836411394,-81.61468193422877,39.84700367006423,9.443889554604596,-79.1034054107577,55.44738950488987,-0.7050997925839062,-0.03139999076320331,-2.448747565168557e-18,0.7084125373524973,0.0,0.0,0.0,0.0,0.0,0.0,-0.314,9.1551647,-94.828995,43.316994,6.290552357323662,-119.31231134048542,48.84207736581945,0.7064021638165477,0.12800039208453867,2.946859845283227e-17,-0.6961407060224993
108.01908302307129,0,0,0,0,0,0,0,0,0,1,0.0,0.0,0.0,0.0,0.0,0.0,-0.314,0,0,0,0,0,0,0,0,0,1
108.08094835281372,8.525204456574045,-81.63371299376125,39.850098650839925,9.464503085210424,-79.11009308052454,55.530035481374235,-0.7050998103119765,-0.03159999149887743,7.346335102289767e-18,0.7084036264978358,0.0,0.0,0.0,0.0,0.0,0.0,-0.314,9.1551647,-94.828995,43.316994,6.295639943197642,-119.3057367766433,48.893369583360325,0.7064018884675101,0.1281003424585052,-2.9468609939424183e-17,-0.6961226000005668
108.21085023880005,8.525415994728142,-81.62617941011408,39.8488734801383,9.464232752843174,-79.10063710340313,55.54054792243664,-0.705099819133462,-0.03169999186857289,2.448793842046932e-18,0.7083991498960818,0.0,0.0,0.0,0.0,0.0,0.0,-0.314,9.1551647,-94.828995,43.316994,6.288012137015357,-119.30383364839953,48.87243648335739,0.7064016119972458,0.12820029255102908,-9.822873824266249e-18,-0.6961044803458194
108.29930543899536,8.525482903055183,-81.6237965800256,39.84848596554391,9.449247472845855,-79.106286824037,55.48816928136836,-0.7050998014619467,-0.03149999113040891,4.897525883608215e-18,0.7084080889833964,0.0,0.0,0.0,0.0,0.0,0.0,-0.314,9.1551647,-94.828995,43.316994,6.2716215806802325,-119.30051653442975,48.84049362158926,0.7064018884675101,0.1281003424585052,-2.9468609939424183e-17,-0.6961226000005668
108.34089779853821,0,0,0,0,0,0,0,0,0,1,0.0,0.0,0.0,0.0,0.0,0.0,-0.314,0,0,0,0,0,0,0,0,0,1
108.40417456626892,0,0,0,0,0,0,0,0,0,1,0.0,0.0,0.0,0.0,0.0,0.0,-0.314,0,0,0,0,0,0,0,0,0,1
108.51276159286499,8.525149879246694,-81.63565667556459,39.85041474768178,9.410197361087,-79.12149940544683,55.46279870513388,-0.7051997910384772,-0.031199990754963828,2.4490611495248264e-18,0.7083218303117433,0.0,0.0,0.0,0.0,0.0,0.0,-0.314,9.1551647,-94.828995,43.316994,6.25177257793203,-119.33697989901665,48.806194348522574,0.7065018829658432,0.1281003414124905,1.9642959406642367e-17,-0.69602111454734
108.64198517799377,8.525523153766288,-81.62236311711075,39.8482528445158,9.392401528414098,-79.10921545687339,55.45129162266593,-0.7051997993530568,-0.03129999109437134,0.0,0.708317410169975,0.0,0.0,0.0,0.0,0.0,0.0,-0.314,9.1551647,-94.828995,43.316994,6.262805216025896,-119.33741559970716,48.79735743381222,0.7065018829658432,0.1281003414124905,1.9642959406642367e-17,-0.69602111454734
108.7086272239685,8.524728431794516,-81.65066583382924,39.85285565519978,9.486251559786751,-79.11629160777362,55.60275811962083,-0.705099819133462,-0.03169999186857289,2.448793842046932e-18,0.7083991498960818,0.0,0.0,0.0,0.0,0.0,0.0,-0.314,9.1551647,-94.828995,43.316994,6.302727084645397,-119.28872795064426,48.93532756548808,0.7063018931191923,0.12810034335065626,0.0,-0.6962240571897017
108.7626383304596,0,0,0,0,0,0,0,0,0,1,0.0,0.0,0.0,0.0,0.0,0.0,-0.314,0,0,0,0,0,0,0,0,0,1
108.82483911514282,8.525268218218354,-81.6314422276059,39.849729360964865,9.487980782993304,-79.09640136849528,55.60393632527011,-0.7049996092414944,-0.03169998242972392,0.0,0.708498879380409,0.0,0.0,0.0,0.0,0.0,0.0,-0.314,9.1551647,-94.828995,43.316994,6.299916531969842,-119.27079428143696,48.976199124088424,0.7063018931191923,0.12810034335065626,0.0,-0.6962240571897017
108.89384269714355,0,0,0,0,0,0,0,0,0,1,0.0,0.0,0.0,0.0,0.0,0.0,-0.314,0,0,0,0,0,0,0,0,0,1
109.04130697250366,8.526009360671056,-81.60504765738906,39.845436868092136,9.430046363835174,-79.0850360408599,55.49709797820057,-0.7050998014619467,-0.03149999113040891,4.897525883608215e-18,0.7084080889833964,0.0,0.0,0.0,0.0,0.0,0.0,-0.314,9.1551647,-94.828995,43.316994,6.287147525412081,-119.3137787680387,48.87184738053274,0.7064021638165477,0.12800039208453867,2.946859845283227e-17,-0.6961407060224993
109.09228110313416,8.524772826996628,-81.64908477167958,39.85259853042173,9.481163973912771,-79.12286617161573,55.551465902079954,-0.7050998014619467,-0.03149999113040891,4.897525883608215e-18,0.7084080889833964,0.0,0.0,0.0,0.0,0.0,0.0,-0.314,9.1551647,-94.828995,43.316994,6.325603357934909,-119.31796728338946,48.88611641288017,0.7064021638165477,0.12800039208453867,2.946859845283227e-17,-0.6961407060224993
109.14671015739441,0,0,0,0,0,0,0,0,0,1,0.0,0.0,0.0,0.0,0.0,0.0,-0.314,0,0,0,0,0,0,0,0,0,1
109.20770621299744,8.524939338900873,-81.6431547239101,39.8516341393528,9.500689029792227,-79.11525988091083,55.564151190197194,-0.7050997925839062,-0.03139999076320331,-2.448747565168557e-18,0.7084125373524973,0.0,0.0,0.0,0.0,0.0,0.0,-0.314,9.1551647,-94.828995,43.316994,6.3340957757204706,-119.30992529199406,48.90763861570775,0.706400926916761,0.12790016782652,4.911441675334094e-17,-0.696160382039289
109.30501437187195,8.525532704843785,-81.62202297118507,39.84819752730663,9.466502640784228,-79.0996588183676,55.52070124596111,-0.7050997836783869,-0.031299990397296154,-2.448732237522345e-18,0.708416971604874,0.0,0.0,0.0,0.0,0.0,0.0,-0.314,9.1551647,-94.828995,43.316994,6.297909831138696,-119.30475849160779,48.8735229068848,0.706400926916761,0.12790016782652,4.911441675334094e-17,-0.696160382039289
109.42048335075378,0,0,0,0,0,0,0,0,0,1,0.0,0.0,0.0,0.0,0.0,0.0,-0.314,0,0,0,0,0,0,0,0,0,1
109.45848894119263,8.525500640641361,-81.62316488504959,39.84838323433215,9.402299222537437,-79.11014030008164,55.452378046193346,-0.7051999781990189,-0.03139999902928134,0.0,0.708312805763855,0.0,0.0,0.0,0.0,0.0,0.0,-0.314,9.1551647,-94.828995,43.316994,6.259994663350341,-119.31948193049985,48.83822899241257,0.7064018884675101,0.1281003424585052,-2.9468609939424183e-17,-0.6961226000005668
109.51659631729126,0,0,0,0,0,0,0,0,0,1,0.0,0.0,0.0,0.0,0.0,0.0,-0.314,0,0,0,0,0,0,0,0,0,1
109.58529686927795,8.52531702219868,-81.62970415406707,39.849446701758204,9.41501461459373,-79.1054688644833,55.524603363737164,-0.7050998014619467,-0.03149999113040891,4.897525883608215e-18,0.7084080889833964,0.0,0.0,0.0,0.0,0.0,0.0,-0.314,9.1551647,-94.828995,43.316994,6.276385219685437,-119.32279904446963,48.87017185418068,0.7064018884675101,0.1281003424585052,-2.9468609939424183e-17,-0.6961226000005668
109.64190173149109,0,0,0,0,0,0,0,0,0,1,0.0,0.0,0.0,0.0,0.0,0.0,-0.314,0,0,0,0,0,0,0,0,0,1
109.80497312545776,8.525061088842468,-81.63881879986387,39.85092899723787,9.420372532834932,-79.10835027776258,55.56538314021564,-0.7050997925839062,-0.03139999076320331,-2.448747565168557e-18,0.7084125373524973,0.0,0.0,0.0,0.0,0.0,0.0,-0.314,9.1551647,-94.828995,43.316994,6.290776220446759,-119.33655042059635,48.91144895136193,0.7065006335331228,0.12800011478024023,-4.910748536209142e-17,-0.6960408216717908
109.8926248550415,0,0,0,0,0,0,0,0,0,1,0.0,0.0,0.0,0.0,0.0,0.0,-0.314,0,0,0,0,0,0,0,0,0,1
109.96241641044617,8.524966260804012,-81.64219594458207,39.85147821510784,9.422912753143237,-79.11682796984849,55.5350240226777,-0.7050998014619467,-0.03149999113040891,4.897525883608215e-18,0.7084080889833964,0.0,0.0,0.0,0.0,0.0,0.0,-0.314,9.1551647,-94.828995,43.316994,6.271251164567303,-119.34415671130127,48.898763663244694,0.7064016119972458,0.12820029255102908,-9.822873824266249e-18,-0.6961044803458194
110.0193440914154,0,0,0,0,0,0,0,0,0,1,0.0,0.0,0.0,0.0,0.0,0.0,-0.314,0,0,0,0,0,0,0,0,0,1
110.08216452598572,8.524687183275132,-81.65213483204576,39.853094555258494,9.452876167880504,-79.12905847659464,55.527770852197534,-0.7050998014619467,-0.03149999113040891,4.897525883608215e-18,0.7084080889833964,0.0,0.0,0.0,0.0,0.0,0.0,-0.314,9.1551647,-94.828995,43.316994,6.302673470143873,-119.32704100164767,48.903201139476224,0.7064021638165477,0.12800039208453867,2.946859845283227e-17,-0.6961407060224993
110.21094703674316,8.524125514774108,-81.67213773247992,39.856347584455115,9.446336836424592,-79.14144930882263,55.57679844056172,-0.7051998158949213,-0.031499991776361334,0.0,0.708308527535747,0.0,0.0,0.0,0.0,0.0,0.0,-0.314,9.1551647,-94.828995,43.316994,6.317929082508471,-119.33084725813521,48.94506733948211,0.7064021638165477,0.12800039208453867,2.946859845283227e-17,-0.6961407060224993
110.28795266151428,0,0,0,0,0,0,0,0,0,1,0.0,0.0,0.0,0.0,0.0,0.0,-0.314,0,0,0,0,0,0,0,0,0,1
110.41813659667969,8.524368119322352,-81.66349777026991,39.854942485758585,9.420048585966128,-79.13720735164459,55.54376915526619,-0.7051998158949213,-0.031499991776361334,0.0,0.708308527535747,0.0,0.0,0.0,0.0,0.0,0.0,-0.314,9.1551647,-94.828995,43.316994,6.276338750441312,-119.33758214745914,48.950055880785584,0.7065003531521521,0.12810006403225863,-2.946450291050116e-17,-0.6960227184444597
110.45965647697449,8.524606946140125,-81.65499234572107,39.85355926663603,9.446931115660618,-79.12204821206204,55.58789998444877,-0.7050998014619467,-0.03149999113040891,4.897525883608215e-18,0.7084080889833964,0.0,0.0,0.0,0.0,0.0,0.0,-0.314,9.1551647,-94.828995,43.316994,6.260542473342213,-119.31486393672878,48.929214562904505,0.7064021638165477,0.12800039208453867,2.946859845283227e-17,-0.6961407060224993
110.51648306846619,0,0,0,0,0,0,0,0,0,1,0.0,0.0,0.0,0.0,0.0,0.0,-0.314,0,0,0,0,0,0,0,0,0,1
110.66406154632568,8.524058606447067,-81.6745205625684,39.85673509904951,9.461322116421911,-79.13579958818876,55.62917708163001,-0.7050998014619467,-0.03149999113040891,4.897525883608215e-18,0.7084080889833964,0.0,0.0,0.0,0.0,0.0,0.0,-0.314,9.1551647,-94.828995,43.316994,6.281202473192195,-119.3067685035061,48.931976512783976,0.7064006502884528,0.1280001178325622,1.9645774394669056e-17,-0.6961422922843441
110.70742654800415,8.524125514774108,-81.67213773247992,39.856347584455115,9.446336836424592,-79.14144930882263,55.57679844056172,-0.7051998076387149,-0.031399991434849193,0.0,0.7083129759112216,0.0,0.0,0.0,0.0,0.0,0.0,-0.314,9.1551647,-94.828995,43.316994,6.293910719991089,-119.32562701592165,48.89219137771104,0.7064024380463695,0.1279004414299698,-2.9468587012938994e-17,-0.6961587984103657
110.79998421669006,8.524799748899767,-81.64812599235157,39.85244260617677,9.403387697263838,-79.12443426055339,55.52233873456046,-0.7050997836783869,-0.031299990397296154,-2.448732237522345e-18,0.708416971604874,0.0,0.0,0.0,0.0,0.0,0.0,-0.314,9.1551647,-94.828995,43.316994,6.277790496023215,-119.33176587907329,48.84973607488051,0.7065009127914234,0.1279001652456094,4.910746595139758e-17,-0.6960589112675961
110.84853625297546,0,0,0,0,0,0,0,0,0,1,0.0,0.0,0.0,0.0,0.0,0.0,-0.314,0,0,0,0,0,0,0,0,0,1
110.89179420471191,0,0,0,0,0,0,0,0,0,1,0.0,0.0,0.0,0.0,0.0,0.0,-0.314,0,0,0,0,0,0,0,0,0,1
111.04070854187012,8.524960854217522,-81.64238849127294,39.851509528567064,9.400569999330884,-79.13003053935999,55.451199840544064,-0.7051997993530568,-0.03129999109437134,0.0,0.708317410169975,0.0,0.0,0.0,0.0,0.0,0.0,-0.314,9.1551647,-94.828995,43.316994,6.286553246176055,-119.33317986479929,48.8607458366457,0.7065006335331228,0.12800011478024023,-4.910748536209142e-17,-0.6960408216717908
111.08071064949036,8.5251140373138,-81.63693312709026,39.85062233428127,9.399164722993106,-79.12106370475634,55.47163561984423,-0.7051997993530568,-0.03129999109437134,0.0,0.708317410169975,0.0,0.0,0.0,0.0,0.0,0.0,-0.314,9.1551647,-94.828995,43.316994,6.272980387773856,-119.32426647202291,48.899941868893976,0.7064021638165477,0.12800039208453867,2.946859845283227e-17,-0.6961407060224993
111.14411401748657,0,0,0,0,0,0,0,0,0,1,0.0,0.0,0.0,0.0,0.0,0.0,-0.314,0,0,0,0,0,0,0,0,0,1
111.20847678184509,8.524763275919131,-81.64942491760526,39.852653847630904,9.407062861542641,-79.13242281012153,55.48205627878477,-0.7051997993530568,-0.03129999109437134,0.0,0.708317410169975,0.0,0.0,0.0,0.0,0.0,0.0,-0.314,9.1551647,-94.828995,43.316994,6.265352581591571,-119.32236334377914,48.87900876889104,0.7064021638165477,0.12800039208453867,2.946859845283227e-17,-0.6961407060224993
111.26323962211609,0,0,0,0,0,0,0,0,0,1,0.0,0.0,0.0,0.0,0.0,0.0,-0.314,0,0,0,0,0,0,0,0,0,1
111.42177772521973,8.525011287053866,-81.64059240870439,39.85121743547515,9.403117364896588,-79.11497828343198,55.532851175622866,-0.7050997925839062,-0.03139999076320331,-2.448747565168557e-18,0.7084125373524973,0.0,0.0,0.0,0.0,0.0,0.0,-0.314,9.1551647,-94.828995,43.316994,6.283472361133249,-119.30579021847058,48.91212983630844,0.7064021638165477,0.12800039208453867,2.946859845283227e-17,-0.6961407060224993
111.4621376991272,0,0,0,0,0,0,0,0,0,1,0.0,0.0,0.0,0.0,0.0,0.0,-0.314,0,0,0,0,0,0,0,0,0,1
111.5160391330719,0,0,0,0,0,0,0,0,0,1,0.0,0.0,0.0,0.0,0.0,0.0,-0.314,0,0,0,0,0,0,0,0,0,1
111.57724404335022,8.525807006833917,-81.61225415668423,39.846608845760564,9.399488669861881,-79.09220663087434,55.49324960479368,-0.7050997925839062,-0.03139999076320331,-2.448747565168557e-18,0.7084125373524973,0.0,0.0,0.0,0.0,0.0,0.0,-0.314,9.1551647,-94.828995,43.316994,6.265676528460347,-119.29350626989715,48.900622753840494,0.7063018931191923,0.12810034335065626,0.0,-0.6962240571897017
111.64089393615723,0,0,0,0,0,0,0,0,0,1,0.0,0.0,0.0,0.0,0.0,0.0,-0.314,0,0,0,0,0,0,0,0,0,1
111.79210543632507,8.525959558882453,-81.60682126622957,39.845725306329406,9.41279119589683,-79.0916640465293,55.46456601360781,-0.7050997925839062,-0.03139999076320331,-2.448747565168557e-18,0.7084125373524973,0.0,0.0,0.0,0.0,0.0,0.0,-0.314,9.1551647,-94.828995,43.316994,6.276979498921463,-119.30339794770904,48.881273398067734,0.7064006502884528,0.1280001178325622,1.9645774394669056e-17,-0.6961422922843441
111.83815050125122,8.525519376035819,-81.6224976547719,39.84827472408978,9.445572308567023,-79.09829827446887,55.52845173714405,-0.7050997836783869,-0.031299990397296154,-2.448732237522345e-18,0.708416971604874,0.0,0.0,0.0,0.0,0.0,0.0,-0.314,9.1551647,-94.828995,43.316994,6.287147525412081,-119.3137787680387,48.87184738053274,0.7064021638165477,0.12800039208453867,2.946859845283227e-17,-0.6961407060224993
111.91687417030334,0,0,0,0,0,0,0,0,0,1,0.0,0.0,0.0,0.0,0.0,0.0,-0.314,0,0,0,0,0,0,0,0,0,1
111.95861458778381,8.524431249918921,-81.66124947784257,39.85457685073817,9.458234086121735,-79.13193988987393,55.56855062867601,-0.7051997993530568,-0.03129999109437134,0.0,0.708317410169975,0.0,0.0,0.0,0.0,0.0,0.0,-0.314,9.1551647,-94.828995,43.316994,6.302943802511123,-119.33649697876908,48.89268869841382,0.7065009127914234,0.1279001652456094,4.910746595139758e-17,-0.6960589112675961
112.01640915870667,0,0,0,0,0,0,0,0,0,1,0.0,0.0,0.0,0.0,0.0,0.0,-0.314,0,0,0,0,0,0,0,0,0,1
112.16868948936462,8.524156581168253,-81.6710313539171,39.85616765646021,9.420318918333379,-79.14666332876601,55.53325671420377,-0.7051998076387149,-0.031399991434849193,0.0,0.7083129759112216,0.0,0.0,0.0,0.0,0.0,0.0,-0.314,9.1551647,-94.828995,43.316994,6.271791829301776,-119.36306866554409,48.87773878111989,0.7065021609479875,0.128000391509331,9.821475838936706e-18,-0.6960392204102309
112.20718550682068,8.524462947360808,-81.66012062555173,39.854393267888625,9.417508365657824,-79.1287296595587,55.57412827280412,-0.7050998014619467,-0.03149999113040891,4.897525883608215e-18,0.7084080889833964,0.0,0.0,0.0,0.0,0.0,0.0,-0.314,9.1551647,-94.828995,43.316994,6.271521496934525,-119.35361268842267,48.88825122218229,0.7065021609479875,0.128000391509331,9.821475838936706e-18,-0.6960392204102309
112.27234745025635,0,0,0,0,0,0,0,0,0,1,0.0,0.0,0.0,0.0,0.0,0.0,-0.314,0,0,0,0,0,0,0,0,0,1
112.32915043830872,8.524242224889749,-81.66798129355092,39.85567163162345,9.448606724365646,-79.1404710237871,55.55695176408619,-0.7051998076387149,-0.031399991434849193,0.0,0.7083129759112216,0.0,0.0,0.0,0.0,0.0,0.0,-0.314,9.1551647,-94.828995,43.316994,6.301538526173346,-119.32753014416542,48.913124477713986,0.7064024380463695,0.1279004414299698,-2.9468587012938994e-17,-0.6961587984103657
112.42665195465088,8.524898721429231,-81.64460124839859,39.85186938455687,9.452605835513282,-79.11960249947323,55.53828329325994,-0.7050997925839062,-0.03139999076320331,-2.448747565168557e-18,0.7084125373524973,0.0,0.0,0.0,0.0,0.0,0.0,-0.314,9.1551647,-94.828995,43.316994,6.299044775109223,-119.30426934909002,48.86359956864703,0.7064024380463695,0.1279004414299698,-2.9468587012938994e-17,-0.6961587984103657
112.52241063117981,0,0,0,0,0,0,0,0,0,1,0.0,0.0,0.0,0.0,0.0,0.0,-0.314,0,0,0,0,0,0,0,0,0,1
112.58592319488525,8.525205087621785,-81.63369052003323,39.85009499598529,9.449795282837727,-79.10166883026594,55.57915485186028,-0.7050998014619467,-0.03149999113040891,4.897525883608215e-18,0.7084080889833964,0.0,0.0,0.0,0.0,0.0,0.0,-0.314,9.1551647,-94.828995,43.316994,6.286012581441554,-119.31426791055647,48.88177071877051,0.7064024380463695,0.1279004414299698,-2.9468587012938994e-17,-0.6961587984103657
112.66525077819824,0,0,0,0,0,0,0,0,0,1,0.0,0.0,0.0,0.0,0.0,0.0,-0.314,0,0,0,0,0,0,0,0,0,1
112.70794987678528,8.524687814322874,-81.65211235831772,39.853090900403856,9.438168365507806,-79.12063422633602,55.57689022268359,-0.7050998014619467,-0.03149999113040891,4.897525883608215e-18,0.7084080889833964,0.0,0.0,0.0,0.0,0.0,0.0,-0.314,9.1551647,-94.828995,43.316994,6.26194774967999,-119.32383077133244,48.90877878360433,0.7064021638165477,0.12800039208453867,2.946859845283227e-17,-0.6961407060224993
112.77208256721497,0,0,0,0,0,0,0,0,0,1,0.0,0.0,0.0,0.0,0.0,0.0,-0.314,0,0,0,0,0,0,0,0,0,1
112.92697238922119,8.524943747679085,-81.64299771252091,39.85160860492418,9.432810447266576,-79.11775281305673,55.536110446205114,-0.7050998014619467,-0.03149999113040891,4.897525883608215e-18,0.7084080889833964,0.0,0.0,0.0,0.0,0.0,0.0,-0.314,9.1551647,-94.828995,43.316994,6.240199275103663,-119.31763224408334,48.83605614535773,0.7064018884675101,0.1281003424585052,-2.9468609939424183e-17,-0.6961226000005668
112.97118782997131,8.525199681035296,-81.63388306672408,39.850126309444505,9.427452529025345,-79.11487139977743,55.49533066972664,-0.7050997925839062,-0.03139999076320331,-2.448747565168557e-18,0.7084125373524973,0.0,0.0,0.0,0.0,0.0,0.0,-0.314,9.1551647,-94.828995,43.316994,6.2608056604520925,-119.34784986186409,48.806691669225344,0.7065021609479875,0.128000391509331,9.821475838936706e-18,-0.6960392204102309
113.02042150497437,0,0,0,0,0,0,0,0,0,1,0.0,0.0,0.0,0.0,0.0,0.0,-0.314,0,0,0,0,0,0,0,0,0,1
113.08941411972046,8.525461020977996,-81.62457587423641,39.84861270050561,9.444437364596496,-79.09878741698664,55.53837507538181,-0.7050997925839062,-0.03139999076320331,-2.448747565168557e-18,0.7084125373524973,0.0,0.0,0.0,0.0,0.0,0.0,-0.314,9.1551647,-94.828995,43.316994,6.2851479698382775,-119.32421303019564,48.88118161594587,0.7065009127914234,0.1279001652456094,4.910746595139758e-17,-0.6960589112675961
113.14115881919861,0,0,0,0,0,0,0,0,0,1,0.0,0.0,0.0,0.0,0.0,0.0,-0.314,0,0,0,0,0,0,0,0,0,1
113.26613330841064,8.525222194160223,-81.63308129878524,39.849995919628164,9.417554834902035,-79.11394655656918,55.49424424619923,-0.7051999705430583,-0.03129999869256627,7.347231068886577e-18,0.7083172393976551,0.0,0.0,0.0,0.0,0.0,0.0,-0.314,9.1551647,-94.828995,43.316994,6.306078302055454,-119.32557357409438,48.87343112476293,0.7065009127914234,0.1279001652456094,4.910746595139758e-17,-0.6960589112675961
113.33194303512573,8.52518635222733,-81.63435775031091,39.85020350622765,9.406522196808169,-79.1135108558787,55.50308116090958,-0.7051999781990189,-0.03139999902928134,0.0,0.708312805763855,0.0,0.0,0.0,0.0,0.0,0.0,-0.314,9.1551647,-94.828995,43.316994,6.285688634572779,-119.34312498443848,48.86015673382106,0.7065021609479875,0.128000391509331,9.821475838936706e-18,-0.6960392204102309
113.39219212532043,0,0,0,0,0,0,0,0,0,1,0.0,0.0,0.0,0.0,0.0,0.0,-0.314,0,0,0,0,0,0,0,0,0,1
113.46193861961365,8.5249979582459,-81.64106709229121,39.851294632258295,9.382187032679354,-79.11361773953324,55.54060166680581,-0.7050997925839062,-0.03139999076320331,-2.448747565168557e-18,0.7084125373524973,0.0,0.0,0.0,0.0,0.0,0.0,-0.314,9.1551647,-94.828995,43.316994,6.2410174174627855,-119.3224702274337,48.916529274787266,0.7064021638165477,0.12800039208453867,2.946859845283227e-17,-0.6961407060224993
113.51872301101685,0,0,0,0,0,0,0,0,0,1,0.0,0.0,0.0,0.0,0.0,0.0,-0.314,0,0,0,0,0,0,0,0,0,1
113.66376566886902,8.525609428535526,-81.61929058301655,39.847753164824404,9.405981532073667,-79.09459890163588,55.524106043034394,-0.7049997872145043,-0.03149999049256296,-7.345256797989458e-18,0.7085076221371738,0.0,0.0,0.0,0.0,0.0,0.0,-0.314,9.1551647,-94.828995,43.316994,6.243016973036589,-119.31203596527675,48.907195039374145,0.7064003725394455,0.12810006755705408,-9.822891059587823e-18,-0.6961241888973625
113.70885491371155,8.524952300948303,-81.64269310189692,39.85155906674562,9.416690223298758,-79.12389167620836,55.49365514337459,-0.7051998158949213,-0.031499991776361334,0.0,0.708308527535747,0.0,0.0,0.0,0.0,0.0,0.0,-0.314,9.1551647,-94.828995,43.316994,6.246692137315421,-119.32002451484489,48.86691258359845,0.7064018884675101,0.1281003424585052,-2.9468609939424183e-17,-0.6961226000005668
113.78448700904846,0,0,0,0,0,0,0,0,0,1,0.0,0.0,0.0,0.0,0.0,0.0,-0.314,0,0,0,0,0,0,0,0,0,1
113.83387351036072,8.524151174581764,-81.67122390060794,39.85619896991943,9.397976164521026,-79.1598658982775,55.449432532070134,-0.7052999722989732,-0.03129999877067611,4.898842728537997e-18,0.7082176636825878,0.0,0.0,0.0,0.0,0.0,0.0,-0.314,9.1551647,-94.828995,43.316994,6.2636233583850185,-119.3422535830575,48.87783056324176,0.7065018829658432,0.1281003414124905,1.9642959406642367e-17,-0.69602111454734
113.88944363594055,0,0,0,0,0,0,0,0,0,1,0.0,0.0,0.0,0.0,0.0,0.0,-0.314,0,0,0,0,0,0,0,0,0,1
114.03850626945496,8.525555849016452,-81.62119872951823,39.84806348263565,9.441897144288191,-79.09030972490075,55.56873419291975,-0.7049997966878945,-0.03159999088700349,-7.345303061794965e-18,0.7085031596584228,0.0,0.0,0.0,0.0,0.0,0.0,-0.314,9.1551647,-94.828995,43.316994,6.254643890366481,-119.29307056920666,48.90945966855084,0.7063018931191923,0.12810034335065626,0.0,-0.6962240571897017
114.08028244972229,0,0,0,0,0,0,0,0,0,1,0.0,0.0,0.0,0.0,0.0,0.0,-0.314,0,0,0,0,0,0,0,0,0,1
114.14530634880066,0,0,0,0,0,0,0,0,0,1,0.0,0.0,0.0,0.0,0.0,0.0,-0.314,0,0,0,0,0,0,0,0,0,1
114.20753741264343,8.525244076237408,-81.63230200457444,39.84986918466646,9.422364943151393,-79.12144596361955,55.444038452185765,-0.7051997993530568,-0.03129999109437134,0.0,0.708317410169975,0.0,0.0,0.0,0.0,0.0,0.0,-0.314,9.1551647,-94.828995,43.316994,6.307213246025981,-119.32508443157661,48.86350778652516,0.7065006335331228,0.12800011478024023,-4.910748536209142e-17,-0.6960408216717908
114.27723050117493,0,0,0,0,0,0,0,0,0,1,0.0,0.0,0.0,0.0,0.0,0.0,-0.314,0,0,0,0,0,0,0,0,0,1
114.395827293396,8.524712843082789,-81.65122100017379,39.85294594072281,9.404515495976938,-79.14747506604952,55.40040494370595,-0.705299815202312,-0.03129999179899668,0.0,0.7082178204401294,0.0,0.0,0.0,0.0,0.0,0.0,-0.314,9.1551647,-94.828995,43.316994,6.2893637988516105,-119.3511135340066,48.819874278045354,0.7066006159156615,0.1280001115726078,-8.838096617597481e-17,-0.6959393228040847
114.453857421875,8.525082339871913,-81.6380619793811,39.85080591713081,9.439890443456989,-79.12427393507157,55.466057975716126,-0.7051999781990189,-0.03139999902928134,0.0,0.708312805763855,0.0,0.0,0.0,0.0,0.0,0.0,-0.314,9.1551647,-94.828995,43.316994,6.2862829138088046,-119.32372388767789,48.87125827770811,0.7065006335331228,0.12800011478024023,-4.910748536209142e-17,-0.6960408216717908
114.54709124565125,8.52543310126658,-81.6255701888661,39.84877440378118,9.431992304907453,-79.11291482970638,55.45563731677559,-0.7051999705430583,-0.03129999869256627,7.347231068886577e-18,0.7083172393976551,0.0,0.0,0.0,0.0,0.0,0.0,-0.314,9.1551647,-94.828995,43.316994,6.270756969076956,-119.31046165406892,48.83990451876462,0.7064021638165477,0.12800039208453867,2.946859845283227e-17,-0.6961407060224993
114.59078907966614,0,0,0,0,0,0,0,0,0,1,0.0,0.0,0.0,0.0,0.0,0.0,-0.314,0,0,0,0,0,0,0,0,0,1
114.64230179786682,0,0,0,0,0,0,0,0,0,1,0.0,0.0,0.0,0.0,0.0,0.0,-0.314,0,0,0,0,0,0,0,0,0,1
114.7684805393219,8.525033169131051,-81.63981311449359,39.851090700513446,9.407927473145946,-79.12247769048236,55.482645381609416,-0.7051997993530568,-0.03129999109437134,0.0,0.708317410169975,0.0,0.0,0.0,0.0,0.0,0.0,-0.314,9.1551647,-94.828995,43.316994,6.241874883808691,-119.33605505580842,48.805107924995156,0.7065018829658432,0.1281003414124905,1.9642959406642367e-17,-0.69602111454734
114.83385610580444,8.525334128737118,-81.62909493281909,39.84934762540108,9.38277416665801,-79.11774659078655,55.439692758076106,-0.7051997910384772,-0.031199990754963828,2.4490611495248264e-18,0.7083218303117433,0.0,0.0,0.0,0.0,0.0,0.0,-0.314,9.1551647,-94.828995,43.316994,6.250043354725477,-119.35687013829501,48.80501614287329,0.7066008978057046,0.12790016250969372,0.0,-0.6959574122388282
114.89480710029602,0,0,0,0,0,0,0,0,0,1,0.0,0.0,0.0,0.0,0.0,0.0,-0.314,0,0,0,0,0,0,0,0,0,1
114.95224046707153,8.52518094564084,-81.63455029700177,39.850234819686875,9.384179442995787,-79.12671342539021,55.419256978775934,-0.7051997910384772,-0.031199990754963828,2.4490611495248264e-18,0.7083218303117433,0.0,0.0,0.0,0.0,0.0,0.0,-0.314,9.1551647,-94.828995,43.316994,6.268433466634377,-119.34975299010786,48.827624769228294,0.7065024378089438,0.1279004413245066,0.0,-0.6960573126395669
115.01668357849121,0,0,0,0,0,0,0,0,0,1,0.0,0.0,0.0,0.0,0.0,0.0,-0.314,0,0,0,0,0,0,0,0,0,1
115.16636180877686,8.524759498188661,-81.64955945526641,39.852675727204875,9.460233641695567,-79.121505627717,55.559216393262886,-0.7050997925839062,-0.03139999076320331,-2.448747565168557e-18,0.7084125373524973,0.0,0.0,0.0,0.0,0.0,0.0,-0.314,9.1551647,-94.828995,43.316994,6.295045663961616,-119.32513787340389,48.88226803947328,0.7064021638165477,0.12800039208453867,2.946859845283227e-17,-0.6961407060224993
115.26247000694275,8.52543850785307,-81.62537764217525,39.84874309032195,9.454335058719835,-79.09971226019489,55.53946149890922,-0.7050997836783869,-0.031299990397296154,-2.448732237522345e-18,0.708416971604874,0.0,0.0,0.0,0.0,0.0,0.0,-0.314,9.1551647,-94.828995,43.316994,6.273574667009882,-119.30486537526232,48.91104341278103,0.706400926916761,0.12790016782652,4.911441675334094e-17,-0.696160382039289
115.33610582351685,8.524893945890483,-81.64477132136142,39.85189704316145,9.415555279328231,-79.12438081872612,55.50357848161235,-0.7050997836783869,-0.031299990397296154,-2.448732237522345e-18,0.708416971604874,0.0,0.0,0.0,0.0,0.0,0.0,-0.314,9.1551647,-94.828995,43.316994,6.283148414264474,-119.33464729235257,48.89051585135899,0.7065009127914234,0.1279001652456094,4.910746595139758e-17,-0.6960589112675961
115.41806840896606,8.525132772708256,-81.63626589681256,39.8505138240389,9.442437809022692,-79.10922167914356,55.54770931079494,-0.7050997925839062,-0.03139999076320331,-2.448747565168557e-18,0.7084125373524973,0.0,0.0,0.0,0.0,0.0,0.0,-0.314,9.1551647,-94.828995,43.316994,6.2851479698382775,-119.32421303019564,48.88118161594587,0.7064024380463695,0.1279004414299698,-2.9468587012938994e-17,-0.6961587984103657
115.45659971237183,0,0,0,0,0,0,0,0,0,1,0.0,0.0,0.0,0.0,0.0,0.0,-0.314,0,0,0,0,0,0,0,0,0,1
115.56541895866394,8.52523552296819,-81.63260661519843,39.84991872284502,9.438485167119211,-79.11530710046792,55.4864937550163,-0.7050997836783869,-0.031299990397296154,-2.448732237522345e-18,0.708416971604874,0.0,0.0,0.0,0.0,0.0,0.0,-0.314,9.1551647,-94.828995,43.316994,6.276385219685437,-119.32279904446963,48.87017185418068,0.7064021638165477,0.12800039208453867,2.946859845283227e-17,-0.6961407060224993
115.64851450920105,0,0,0,0,0,0,0,0,0,1,0.0,0.0,0.0,0.0,0.0,0.0,-0.314,0,0,0,0,0,0,0,0,0,1
115.7095718383789,8.52537474620876,-81.6276484083306,39.84911238019701,9.430857360936926,-79.11340397222415,55.46556065501335,-0.7050997836783869,-0.031299990397296154,-2.448732237522345e-18,0.708416971604874,0.0,0.0,0.0,0.0,0.0,0.0,-0.314,9.1551647,-94.828995,43.316994,6.304943358084927,-119.32606271661214,48.8833544630007,0.7064021638165477,0.12800039208453867,2.946859845283227e-17,-0.6961407060224993
115.77160787582397,0,0,0,0,0,0,0,0,0,1,0.0,0.0,0.0,0.0,0.0,0.0,-0.314,0,0,0,0,0,0,0,0,0,1
115.8389937877655,8.525716954334207,-81.61546122843959,39.847130405025936,9.439079446355237,-79.09590600370734,55.497595298903335,-0.7050997925839062,-0.03139999076320331,-2.448747565168557e-18,0.7084125373524973,0.0,0.0,0.0,0.0,0.0,0.0,-0.314,9.1551647,-94.828995,43.316994,6.3021328054093715,-119.30812904740485,48.92422602160104,0.7064006502884528,0.1280001178325622,1.9645774394669056e-17,-0.6961422922843441
115.96364974975586,8.52557295555489,-81.62058950827024,39.84796440627853,9.4096566963525,-79.102587451204,55.4838235872587,-0.7050997925839062,-0.03139999076320331,-2.448747565168557e-18,0.7084125373524973,0.0,0.0,0.0,0.0,0.0,0.0,-0.314,9.1551647,-94.828995,43.316994,6.274439278613158,-119.29492025562315,48.91163251560566,0.7064006502884528,0.1280001178325622,1.9645774394669056e-17,-0.6961422922843441
116.04261541366577,0,0,0,0,0,0,0,0,0,1,0.0,0.0,0.0,0.0,0.0,0.0,-0.314,0,0,0,0,0,0,0,0,0,1
116.08732795715332,8.525582139871851,-81.62026242391822,39.84791121324533,9.378828670011927,-79.10030206409701,55.49048765491422,-0.7050997925839062,-0.03139999076320331,-2.448747565168557e-18,0.7084125373524973,0.0,0.0,0.0,0.0,0.0,0.0,-0.314,9.1551647,-94.828995,43.316994,6.256049166704258,-119.30203740381032,48.889023889250666,0.7064021638165477,0.12800039208453867,2.946859845283227e-17,-0.6961407060224993
116.14276790618896,0,0,0,0,0,0,0,0,0,1,0.0,0.0,0.0,0.0,0.0,0.0,-0.314,0,0,0,0,0,0,0,0,0,1
116.21566987037659,8.52510548404458,-81.63723773771423,39.85067187245983,9.41528494696098,-79.1149248416047,55.514090922674754,-0.7050997836783869,-0.031299990397296154,-2.448732237522345e-18,0.708416971604874,0.0,0.0,0.0,0.0,0.0,0.0,-0.314,9.1551647,-94.828995,43.316994,6.2727100554066055,-119.31481049490151,48.91045430995638,0.7064021638165477,0.12800039208453867,2.946859845283227e-17,-0.6961407060224993
116.33373689651489,8.525060457794726,-81.63884127359191,39.85093265209252,9.43508033520763,-79.1167745280212,55.51626376972958,-0.7050997925839062,-0.03139999076320331,-2.448747565168557e-18,0.7084125373524973,0.0,0.0,0.0,0.0,0.0,0.0,-0.314,9.1551647,-94.828995,43.316994,6.293370055256588,-119.30671506167883,48.91321625983585,0.7064021638165477,0.12800039208453867,2.946859845283227e-17,-0.6961407060224993
116.40971565246582,0,0,0,0,0,0,0,0,0,1,0.0,0.0,0.0,0.0,0.0,0.0,-0.314,0,0,0,0,0,0,0,0,0,1
116.45462203025818,8.525402665920176,-81.6266540937009,39.84895067692145,9.443302420625969,-79.0992765595044,55.54829841361958,-0.7050997925839062,-0.03139999076320331,-2.448747565168557e-18,0.7084125373524973,0.0,0.0,0.0,0.0,0.0,0.0,-0.314,9.1551647,-94.828995,43.316994,6.285742249074303,-119.30481193343506,48.892283159832914,0.7064021638165477,0.12800039208453867,2.946859845283227e-17,-0.6961407060224993
116.51851558685303,0,0,0,0,0,0,0,0,0,1,0.0,0.0,0.0,0.0,0.0,0.0,-0.314,0,0,0,0,0,0,0,0,0,1
116.59190964698792,8.524827037563442,-81.6471541514499,39.852284557755844,9.430540559325522,-79.11873109809225,55.555957122680645,-0.7050998014619467,-0.03149999113040891,4.897525883608215e-18,0.7084080889833964,0.0,0.0,0.0,0.0,0.0,0.0,-0.314,9.1551647,-94.828995,43.316994,6.297585884269921,-119.33361556548978,48.85190892193535,0.7065006335331228,0.12800011478024023,-4.910748536209142e-17,-0.6960408216717908
116.71398901939392,8.524462316313066,-81.66014309927975,39.85439692274326,9.432216168030521,-79.13715390981731,55.52500890231806,-0.7050998014619467,-0.03149999113040891,4.897525883608215e-18,0.7084080889833964,0.0,0.0,0.0,0.0,0.0,0.0,-0.314,9.1551647,-94.828995,43.316994,6.297856216637172,-119.3430715426112,48.84139648087293,0.7065018829658432,0.1281003414124905,1.9642959406642367e-17,-0.69602111454734
116.79564642906189,8.525137548247004,-81.63609582384974,39.85048616543432,9.479488365207743,-79.10444335989068,55.58241412244253,-0.7049997872145043,-0.03149999049256296,-7.345256797989458e-18,0.7085076221371738,0.0,0.0,0.0,0.0,0.0,0.0,-0.314,9.1551647,-94.828995,43.316994,6.298180163505947,-119.3142144687292,48.86301046582239,0.7064018884675101,0.1281003424585052,-2.9468609939424183e-17,-0.6961226000005668
116.84203243255615,0,0,0,0,0,0,0,0,0,1,0.0,0.0,0.0,0.0,0.0,0.0,-0.314,0,0,0,0,0,0,0,0,0,1
116.9177086353302,0,0,0,0,0,0,0,0,0,1,0.0,0.0,0.0,0.0,0.0,0.0,-0.314,0,0,0,0,0,0,0,0,0,1
116.9602210521698,8.524971036342759,-81.64202587161924,39.85145055650325,9.459963309328316,-79.1120496505956,55.56972883432529,-0.7050998014619467,-0.03149999113040891,4.897525883608215e-18,0.7084080889833964,0.0,0.0,0.0,0.0,0.0,0.0,-0.314,9.1551647,-94.828995,43.316994,6.306078302055454,-119.32557357409438,48.87343112476293,0.7064021638165477,0.12800039208453867,2.946859845283227e-17,-0.6961407060224993
117.08785057067871,8.523999620341504,-81.67662125576094,39.85707673031998,9.474894974824082,-79.14471298096514,55.58998104938173,-0.7050997925839062,-0.03139999076320331,-2.448747565168557e-18,0.7084125373524973,0.0,0.0,0.0,0.0,0.0,0.0,-0.314,9.1551647,-94.828995,43.316994,6.349892052819541,-119.33264350272444,48.928479933588825,0.7064024380463695,0.1279004414299698,-2.9468587012938994e-17,-0.6961587984103657
117.14813423156738,0,0,0,0,0,0,0,0,0,1,0.0,0.0,0.0,0.0,0.0,0.0,-0.314,0,0,0,0,0,0,0,0,0,1
117.20912480354309,8.524642788073018,-81.65371589419541,39.853351680036546,9.457963753754484,-79.12248391275253,55.57906306973842,-0.7050997925839062,-0.03139999076320331,-2.448747565168557e-18,0.7084125373524973,0.0,0.0,0.0,0.0,0.0,0.0,-0.314,9.1551647,-94.828995,43.316994,6.3021328054093715,-119.30812904740485,48.92422602160104,0.7064003725394455,0.12810006755705408,-9.822891059587823e-18,-0.6961241888973625
117.26748991012573,0,0,0,0,0,0,0,0,0,1,0.0,0.0,0.0,0.0,0.0,0.0,-0.314,0,0,0,0,0,0,0,0,0,1
117.33295273780823,8.524148027899034,-81.67133596454107,39.856217194638766,9.436439142301253,-79.14052446561438,55.575712017034306,-0.7050998014619467,-0.03149999113040891,4.897525883608215e-18,0.7084080889833964,0.0,0.0,0.0,0.0,0.0,0.0,-0.314,9.1551647,-94.828995,43.316994,6.2837426935005,-119.315246195592,48.901617395246035,0.7064018884675101,0.1281003424585052,-2.9468609939424183e-17,-0.6961226000005668
117.45774579048157,8.524264738014676,-81.6671795256121,39.8555412418071,9.438709030242308,-79.13954618057886,55.55586534055878,-0.7050998014619467,-0.03149999113040891,4.897525883608215e-18,0.7084080889833964,0.0,0.0,0.0,0.0,0.0,0.0,-0.314,9.1551647,-94.828995,43.316994,6.291911164417286,-119.33606127807859,48.901525613124164,0.7064021638165477,0.12800039208453867,2.946859845283227e-17,-0.6961407060224993
117.5441792011261,8.524314539803278,-81.66540591677158,39.85525280356983,9.45596419818068,-79.13291817490946,55.58839730515154,-0.7050997925839062,-0.03139999076320331,-2.448747565168557e-18,0.7084125373524973,0.0,0.0,0.0,0.0,0.0,0.0,-0.314,9.1551647,-94.828995,43.316994,6.3117065526639635,-119.33791096449508,48.903698460179,0.7065009127914234,0.1279001652456094,4.910746595139758e-17,-0.6960589112675961
117.58919072151184,0,0,0,0,0,0,0,0,0,1,0.0,0.0,0.0,0.0,0.0,0.0,-0.314,0,0,0,0,0,0,0,0,0,1
117.6422815322876,0,0,0,0,0,0,0,0,0,1,0.0,0.0,0.0,0.0,0.0,0.0,-0.314,0,0,0,0,0,0,0,0,0,1
117.70558714866638,8.524417921110954,-81.6617241614294,39.854654047521315,9.43730375390453,-79.1305793459752,55.576301119858954,-0.7050997925839062,-0.03139999076320331,-2.448747565168557e-18,0.7084125373524973,0.0,0.0,0.0,0.0,0.0,0.0,-0.314,9.1551647,-94.828995,43.316994,6.283148414264474,-119.33464729235257,48.89051585135899,0.7065009127914234,0.1279001652456094,4.910746595139758e-17,-0.6960589112675961
117.83538150787354,8.526018544988014,-81.60472057303704,39.84538367505893,9.39921833749463,-79.08275065375292,55.50376204585609,-0.7049997872145043,-0.03149999049256296,-7.345256797989458e-18,0.7085076221371738,0.0,0.0,0.0,0.0,0.0,0.0,-0.314,9.1551647,-94.828995,43.316994,6.236253778457581,-119.30018771739381,48.88685104219584,0.7064003725394455,0.12810006755705408,-9.822891059587823e-18,-0.6961241888973625
117.91428089141846,8.52598747859387,-81.60582695159987,39.84556360305384,9.425236255585816,-79.07753663380954,55.547303772214036,-0.7049997966878945,-0.03159999088700349,-7.345303061794965e-18,0.7085031596584228,0.0,0.0,0.0,0.0,0.0,0.0,-0.314,9.1551647,-94.828995,43.316994,6.2368480576936065,-119.28078662063322,48.89795258608289,0.7063018931191923,0.12810034335065626,0.0,-0.6962240571897017
117.95179271697998,0,0,0,0,0,0,0,0,0,1,0.0,0.0,0.0,0.0,0.0,0.0,-0.314,0,0,0,0,0,0,0,0,0,1
118.01116037368774,0,0,0,0,0,0,0,0,0,1,0.0,0.0,0.0,0.0,0.0,0.0,-0.314,0,0,0,0,0,0,0,0,0,1
118.07852005958557,8.5243728948611,-81.66332769730708,39.854914827154,9.457099142151208,-79.1324290323917,55.578473966913776,-0.7050998014619467,-0.03149999113040891,4.897525883608215e-18,0.7084080889833964,0.0,0.0,0.0,0.0,0.0,0.0,-0.314,9.1551647,-94.828995,43.316994,6.272980387773856,-119.32426647202291,48.899941868893976,0.7064021638165477,0.12800039208453867,2.946859845283227e-17,-0.6961407060224993
118.20932507514954,8.524049422130107,-81.67484764692041,39.856788292082705,9.492150142762483,-79.13808497529574,55.6225130139745,-0.7050998014619467,-0.03149999113040891,4.897525883608215e-18,0.7084080889833964,0.0,0.0,0.0,0.0,0.0,0.0,-0.314,9.1551647,-94.828995,43.316994,6.310895555562212,-119.30954303313085,48.93523578336622,0.7064021638165477,0.12800039208453867,2.946859845283227e-17,-0.6961407060224993
118.33845210075378,8.524701774178581,-81.65161520100288,39.85301004876607,9.444390895352342,-79.11357051997615,55.6182591019867,-0.7050998014619467,-0.03149999113040891,4.897525883608215e-18,0.7084080889833964,0.0,0.0,0.0,0.0,0.0,0.0,-0.314,9.1551647,-94.828995,43.316994,6.272169390672104,-119.29589854065868,48.9314791920812,0.7064006502884528,0.1280001178325622,1.9645774394669056e-17,-0.6961422922843441
118.41559314727783,8.525151141342176,-81.63561172810853,39.8504074379725,9.380781756341577,-79.1046509049296,55.56103744610598,-0.7050998014619467,-0.03149999113040891,4.897525883608215e-18,0.7084080889833964,0.0,0.0,0.0,0.0,0.0,0.0,-0.314,9.1551647,-94.828995,43.316994,6.242476308302088,-119.29312401103394,48.92821992149896,0.7063021658368758,0.12800039250618736,-3.929702747370479e-17,-0.6962421633687522
118.46664714813232,0,0,0,0,0,0,0,0,0,1,0.0,0.0,0.0,0.0,0.0,0.0,-0.314,0,0,0,0,0,0,0,0,0,1
118.52108788490295,0,0,0,0,0,0,0,0,0,1,0.0,0.0,0.0,0.0,0.0,0.0,-0.314,0,0,0,0,0,0,0,0,0,1
118.67243385314941,8.524592986284418,-81.65548950303591,39.853640118273816,9.440708585816111,-79.12911191842191,55.54653110514566,-0.7050998014619467,-0.03149999113040891,4.897525883608215e-18,0.7084080889833964,0.0,0.0,0.0,0.0,0.0,0.0,-0.314,9.1551647,-94.828995,43.316994,6.295586328696118,-119.34404982764671,48.86124315734847,0.7065021609479875,0.128000391509331,9.821475838936706e-18,-0.6960392204102309
118.71767616271973,0,0,0,0,0,0,0,0,0,1,0.0,0.0,0.0,0.0,0.0,0.0,-0.314,0,0,0,0,0,0,0,0,0,1
118.79124450683594,0,0,0,0,0,0,0,0,0,1,0.0,0.0,0.0,0.0,0.0,0.0,-0.314,0,0,0,0,0,0,0,0,0,1
118.83451461791992,8.524053830908318,-81.67469063553123,39.85676275765409,9.424271560236832,-79.14057790744165,55.59447226998242,-0.7051998158949213,-0.031499991776361334,0.0,0.708308527535747,0.0,0.0,0.0,0.0,0.0,0.0,-0.314,9.1551647,-94.828995,43.316994,6.278608638382366,-119.33660386242363,48.93020920431005,0.7064021638165477,0.12800039208453867,2.946859845283227e-17,-0.6961407060224993
118.918940782547,0,0,0,0,0,0,0,0,0,1,0.0,0.0,0.0,0.0,0.0,0.0,-0.314,0,0,0,0,0,0,0,0,0,1
119.01955723762512,8.523945674061896,-81.67854246383624,39.857389172307194,9.40588144832796,-79.1476950556288,55.571863643627424,-0.7051998076387149,-0.031399991434849193,0.0,0.7083129759112216,0.0,0.0,0.0,0.0,0.0,0.0,-0.314,9.1551647,-94.828995,43.316994,6.268116665022944,-119.35508011597597,48.918021236895584,0.7065021609479875,0.128000391509331,9.821475838936706e-18,-0.6960392204102309
119.08654308319092,8.524749947111165,-81.64989960119208,39.85273104441404,9.386132529325408,-79.13106226622278,55.4898067699677,-0.7051999705430583,-0.03129999869256627,7.347231068886577e-18,0.7083172393976551,0.0,0.0,0.0,0.0,0.0,0.0,-0.314,9.1551647,-94.828995,43.316994,6.28087852632342,-119.3356255773881,48.91036252783452,0.7064021638165477,0.12800039208453867,2.946859845283227e-17,-0.6961407060224993
119.1431188583374,0,0,0,0,0,0,0,0,0,1,0.0,0.0,0.0,0.0,0.0,0.0,-0.314,0,0,0,0,0,0,0,0,0,1
119.2051408290863,8.52531161561219,-81.62989670075791,39.84947801521742,9.392671860781348,-79.11867143399479,55.44077918160352,-0.7051999628561916,-0.031199998356655115,7.347185226400342e-18,0.7083216589164633,0.0,0.0,0.0,0.0,0.0,0.0,-0.314,9.1551647,-94.828995,43.316994,6.292775776020562,-119.32611615843942,48.90211471594881,0.7064024380463695,0.1279004414299698,-2.9468587012938994e-17,-0.6961587984103657
119.26734137535095,0,0,0,0,0,0,0,0,0,1,0.0,0.0,0.0,0.0,0.0,0.0,-0.314,0,0,0,0,0,0,0,0,0,1
119.41470766067505,8.525564402285672,-81.62089411889423,39.84801394445709,9.425776920320317,-79.09644858805237,55.526278890089216,-0.7050997836783869,-0.031299990397296154,-2.448732237522345e-18,0.708416971604874,0.0,0.0,0.0,0.0,0.0,0.0,-0.314,9.1551647,-94.828995,43.316994,6.2767091665542125,-119.29394197058764,48.89178583913014,0.706400926916761,0.12790016782652,4.911441675334094e-17,-0.696160382039289
119.4592227935791,8.524642788073018,-81.65371589419541,39.853351680036546,9.457963753754484,-79.12248391275253,55.57906306973842,-0.7050997925839062,-0.03139999076320331,-2.448747565168557e-18,0.7084125373524973,0.0,0.0,0.0,0.0,0.0,0.0,-0.314,9.1551647,-94.828995,43.316994,6.284607305103776,-119.30530107595283,48.90220649807068,0.706400926916761,0.12790016782652,4.911441675334094e-17,-0.696160382039289
119.51675415039062,0,0,0,0,0,0,0,0,0,1,0.0,0.0,0.0,0.0,0.0,0.0,-0.314,0,0,0,0,0,0,0,0,0,1
119.57860946655273,8.524368119322352,-81.66349777026991,39.854942485758585,9.420048585966128,-79.13720735164459,55.54376915526619,-0.7051999781990189,-0.03139999902928134,0.0,0.708312805763855,0.0,0.0,0.0,0.0,0.0,0.0,-0.314,9.1551647,-94.828995,43.316994,6.273521052508357,-119.34317842626574,48.87891698676917,0.7065009127914234,0.1279001652456094,4.910746595139758e-17,-0.6960589112675961
119.6676127910614,0,0,0,0,0,0,0,0,0,1,0.0,0.0,0.0,0.0,0.0,0.0,-0.314,0,0,0,0,0,0,0,0,0,1
119.79496264457703,8.525011287053866,-81.64059240870439,39.85121743547515,9.403117364896588,-79.11497828343198,55.532851175622866,-0.7050997925839062,-0.03139999076320331,-2.448747565168557e-18,0.7084125373524973,0.0,0.0,0.0,0.0,0.0,0.0,-0.314,9.1551647,-94.828995,43.316994,6.252320387923902,-119.33236190524559,48.89717991901451,0.7065006335331228,0.12800011478024023,-4.910748536209142e-17,-0.6960408216717908
119.84000515937805,8.524826406515702,-81.64717662517793,39.85228821261048,9.445248361698248,-79.12715534835087,55.5068377521946,-0.7050997925839062,-0.03139999076320331,-2.448747565168557e-18,0.7084125373524973,0.0,0.0,0.0,0.0,0.0,0.0,-0.314,9.1551647,-94.828995,43.316994,6.291911164417286,-119.33606127807859,48.901525613124164,0.7064021638165477,0.12800039208453867,2.946859845283227e-17,-0.6961407060224993
119.9251937866211,8.524992918419946,-81.64124657740842,39.85132382154155,9.464773417577675,-79.11954905764594,55.519523040311825,-0.7050997925839062,-0.03139999076320331,-2.448747565168557e-18,0.7084125373524973,0.0,0.0,0.0,0.0,0.0,0.0,-0.314,9.1551647,-94.828995,43.316994,6.284283358235001,-119.33415814983482,48.88059251312123,0.7065006335331228,0.12800011478024023,-4.910748536209142e-17,-0.6960408216717908
120.02519273757935,0,0,0,0,0,0,0,0,0,1,0.0,0.0,0.0,0.0,0.0,0.0,-0.314,0,0,0,0,0,0,0,0,0,1
120.08927011489868,8.525722360920698,-81.6152686817487,39.84709909156671,9.461422200167618,-79.08270343419582,55.58141948103698,-0.7049997872145043,-0.03149999049256296,-7.345256797989458e-18,0.7085076221371738,0.0,0.0,0.0,0.0,0.0,0.0,-0.314,9.1551647,-94.828995,43.316994,6.244475863875891,-119.282689748877,48.91888568608583,0.7063021658368758,0.12800039250618736,-3.929702747370479e-17,-0.6962421633687522
120.21740388870239,8.525591690949348,-81.61992227799257,39.847855896036165,9.452929782382057,-79.09074542559124,55.5598972782094,-0.7049997872145043,-0.03149999049256296,-7.345256797989458e-18,0.7085076221371738,0.0,0.0,0.0,0.0,0.0,0.0,-0.314,9.1551647,-94.828995,43.316994,6.26454158448982,-119.29399541241492,48.91054609207825,0.7063018931191923,0.12810034335065626,0.0,-0.6962240571897017
120.30162644386292,8.525267220410077,-81.63147776290756,39.849735139995474,9.397759446655328,-79.11209687015268,55.4920713991444,-0.7050997925839062,-0.03139999076320331,-2.448747565168557e-18,0.7084125373524973,0.0,0.0,0.0,0.0,0.0,0.0,-0.314,9.1551647,-94.828995,43.316994,6.255725219835483,-119.33089447769231,48.86740990430122,0.7064021638165477,0.12800039208453867,2.946859845283227e-17,-0.6961407060224993
120.34489440917969,0,0,0,0,0,0,0,0,0,1,0.0,0.0,0.0,0.0,0.0,0.0,-0.314,0,0,0,0,0,0,0,0,0,1
120.39735531806946,0,0,0,0,0,0,0,0,0,1,0.0,0.0,0.0,0.0,0.0,0.0,-0.314,0,0,0,0,0,0,0,0,0,1
120.4620406627655,8.52478578904406,-81.64862314966642,39.852523457814556,9.397165167419274,-79.13149796691327,55.48096985525736,-0.7051997993530568,-0.03129999109437134,0.0,0.708317410169975,0.0,0.0,0.0,0.0,0.0,0.0,-0.314,9.1551647,-94.828995,43.316994,6.286823578543306,-119.3426358419207,48.85023339558329,0.7065021609479875,0.128000391509331,9.821475838936706e-18,-0.6960392204102309
120.58823370933533,8.524417921110954,-81.6617241614294,39.854654047521315,9.43730375390453,-79.1305793459752,55.576301119858954,-0.7050997925839062,-0.03139999076320331,-2.448747565168557e-18,0.7084125373524973,0.0,0.0,0.0,0.0,0.0,0.0,-0.314,9.1551647,-94.828995,43.316994,6.273844999377133,-119.31432135238374,48.900530971718624,0.7064006502884528,0.1280001178325622,1.9645774394669056e-17,-0.6961422922843441
120.64519429206848,0,0,0,0,0,0,0,0,0,1,0.0,0.0,0.0,0.0,0.0,0.0,-0.314,0,0,0,0,0,0,0,0,0,1
120.7079610824585,8.524183869831928,-81.67005951301542,39.85600960803928,9.44747178039512,-79.14096016630486,55.566875102323955,-0.7050997925839062,-0.03139999076320331,-2.448747565168557e-18,0.7084125373524973,0.0,0.0,0.0,0.0,0.0,0.0,-0.314,9.1551647,-94.828995,43.316994,6.282013470293947,-119.33513643487034,48.90043918959675,0.7064021638165477,0.12800039208453867,2.946859845283227e-17,-0.6961407060224993
120.7628448009491,0,0,0,0,0,0,0,0,0,1,0.0,0.0,0.0,0.0,0.0,0.0,-0.314,0,0,0,0,0,0,0,0,0,1
120.83705115318298,8.524785157996318,-81.64864562339446,39.85252711266919,9.411872969792,-79.13992221717189,55.4318504847713,-0.7051997910384772,-0.031199990754963828,2.4490611495248264e-18,0.7083218303117433,0.0,0.0,0.0,0.0,0.0,0.0,-0.314,9.1551647,-94.828995,43.316994,6.316516660913322,-119.34541037154546,48.85349266616553,0.7065009127914234,0.1279001652456094,4.910746595139758e-17,-0.6960589112675961
120.95265531539917,8.52504712898676,-81.63931595717874,39.85100984887566,9.414150002990453,-79.11541398412247,55.52401426091252,-0.7050997925839062,-0.03139999076320331,-2.448747565168557e-18,0.7084125373524973,0.0,0.0,0.0,0.0,0.0,0.0,-0.314,9.1551647,-94.828995,43.316994,6.2676224695326255,-119.32138505874363,48.85916209241551,0.7065006335331228,0.12800011478024023,-4.910748536209142e-17,-0.6960408216717908
121.04782700538635,8.524323724120238,-81.66507883241955,39.85519961053663,9.425136171840109,-79.13063278780247,55.595061372807066,-0.7050998014619467,-0.03149999113040891,4.897525883608215e-18,0.7084080889833964,0.0,0.0,0.0,0.0,0.0,0.0,-0.314,9.1551647,-94.828995,43.316994,6.235929831588805,-119.3290447912758,48.86523705724639,0.7065006335331228,0.12800011478024023,-4.910748536209142e-17,-0.6960408216717908
121.09465074539185,0,0,0,0,0,0,0,0,0,1,0.0,0.0,0.0,0.0,0.0,0.0,-0.314,0,0,0,0,0,0,0,0,0,1
121.14571261405945,0,0,0,0,0,0,0,0,0,1,0.0,0.0,0.0,0.0,0.0,0.0,-0.314,0,0,0,0,0,0,0,0,0,1
121.20703029632568,8.52431894858149,-81.66524890538238,39.85522726914122,9.388085615655058,-79.13541110705536,55.560356561159466,-0.7050997925839062,-0.03139999076320331,-2.448747565168557e-18,0.7084125373524973,0.0,0.0,0.0,0.0,0.0,0.0,-0.314,9.1551647,-94.828995,43.316994,6.232795332044475,-119.3399681959505,48.88449463089727,0.7064024380463695,0.1279004414299698,-2.9468587012938994e-17,-0.6961587984103657
121.3430016040802,8.524499420341442,-81.65882170029803,39.8541820264345,9.413833201378992,-79.12074110999058,55.61441072857982,-0.7050998014619467,-0.03149999113040891,4.897525883608215e-18,0.7084080889833964,0.0,0.0,0.0,0.0,0.0,0.0,-0.314,9.1551647,-94.828995,43.316994,6.230849390972196,-119.31208940710403,48.92595529232226,0.706400926916761,0.12790016782652,4.911441675334094e-17,-0.696160382039289
121.42583131790161,8.524796602217037,-81.6482380562847,39.85246083089611,9.441850675044037,-79.10509282789026,55.648618219524636,-0.7049997966878945,-0.03159999088700349,-7.345303061794965e-18,0.7085031596584228,0.0,0.0,0.0,0.0,0.0,0.0,-0.314,9.1551647,-94.828995,43.316994,6.258596532269934,-119.2869851478823,48.97067522432948,0.7063024374373149,0.1279004413821784,-1.9648506181243528e-17,-0.6962602559132264
121.54248714447021,0,0,0,0,0,0,0,0,0,1,0.0,0.0,0.0,0.0,0.0,0.0,-0.314,0,0,0,0,0,0,0,0,0,1
121.58488821983337,8.52585680862252,-81.61048054784371,39.84632040752329,9.416743837800283,-79.08557862520495,55.525781569386446,-0.7049997872145043,-0.03149999049256296,-7.345256797989458e-18,0.7085076221371738,0.0,0.0,0.0,0.0,0.0,0.0,-0.314,9.1551647,-94.828995,43.316994,6.2837426935005,-119.315246195592,48.901617395246035,0.7064024380463695,0.1279004414299698,-2.9468587012938994e-17,-0.6961587984103657
121.64710021018982,0,0,0,0,0,0,0,0,0,1,0.0,0.0,0.0,0.0,0.0,0.0,-0.314,0,0,0,0,0,0,0,0,0,1
121.79219460487366,8.525653823737638,-81.6177095208669,39.84749604004635,9.400893946199659,-79.10117346547798,55.47281382549351,-0.7050997925839062,-0.03139999076320331,-2.448747565168557e-18,0.7084125373524973,0.0,0.0,0.0,0.0,0.0,0.0,-0.314,9.1551647,-94.828995,43.316994,6.254590275864956,-119.33138362021006,48.87733324253898,0.7064024380463695,0.1279004414299698,-2.9468587012938994e-17,-0.6961587984103657
121.83425307273865,8.525280549218044,-81.63100307932075,39.84965794321233,9.418689778872562,-79.11345741405142,55.48432090796147,-0.7050997836783869,-0.031299990397296154,-2.448732237522345e-18,0.708416971604874,0.0,0.0,0.0,0.0,0.0,0.0,-0.314,9.1551647,-94.828995,43.316994,6.266217193194848,-119.31241822413998,48.87959787171568,0.7064024380463695,0.1279004414299698,-2.9468587012938994e-17,-0.6961587984103657
121.92608976364136,8.524403961255246,-81.66222131874426,39.8547348991591,9.431081224059994,-79.13764305233508,55.53493224055583,-0.7050997836783869,-0.031299990397296154,-2.448732237522345e-18,0.708416971604874,0.0,0.0,0.0,0.0,0.0,0.0,-0.314,9.1551647,-94.828995,43.316994,6.314841052208294,-119.3269875598204,48.88444088652811,0.7064024380463695,0.1279004414299698,-2.9468587012938994e-17,-0.6961587984103657
121.96317744255066,0,0,0,0,0,0,0,0,0,1,0.0,0.0,0.0,0.0,0.0,0.0,-0.314,0,0,0,0,0,0,0,0,0,1
122.01923036575317,0,0,0,0,0,0,0,0,0,1,0.0,0.0,0.0,0.0,0.0,0.0,-0.314,0,0,0,0,0,0,0,0,0,1
122.17216396331787,8.524821630976954,-81.64734669814077,39.85231587121507,9.408197805513169,-79.13193366760376,55.472132940547,-0.7051997993530568,-0.03129999109437134,0.0,0.708317410169975,0.0,0.0,0.0,0.0,0.0,0.0,-0.314,9.1551647,-94.828995,43.316994,6.297856216637172,-119.3430715426112,48.84139648087293,0.7065024378089438,0.1279004413245066,0.0,-0.6960573126395669
122.2111542224884,8.525819704594142,-81.61180194682544,39.846535303832056,9.435126804451784,-79.10199142503168,55.436379743124704,-0.7050997836783869,-0.031299990397296154,-2.448732237522345e-18,0.708416971604874,0.0,0.0,0.0,0.0,0.0,0.0,-0.314,9.1551647,-94.828995,43.316994,6.2809249955675455,-119.32084247439859,48.83047850122963,0.7065006335331228,0.12800011478024023,-4.910748536209142e-17,-0.6960408216717908
122.29184579849243,0,0,0,0,0,0,0,0,0,1,0.0,0.0,0.0,0.0,0.0,0.0,-0.314,0,0,0,0,0,0,0,0,0,1
122.33728265762329,8.525599613170826,-81.6196401410966,39.84781001271224,9.451517360786909,-79.10530853900147,55.46832260489282,-0.7050998014619467,-0.03149999113040891,4.897525883608215e-18,0.7084080889833964,0.0,0.0,0.0,0.0,0.0,0.0,-0.314,9.1551647,-94.828995,43.316994,6.296774887168169,-119.30524763412555,48.88344624512256,0.7064021638165477,0.12800039208453867,2.946859845283227e-17,-0.6961407060224993
122.3972978591919,0,0,0,0,0,0,0,0,0,1,0.0,0.0,0.0,0.0,0.0,0.0,-0.314,0,0,0,0,0,0,0,0,0,1
122.54124474525452,8.525752796267103,-81.61418477691393,39.84692281842645,9.450112084449131,-79.09634170439783,55.48875838419299,-0.7050997925839062,-0.03139999076320331,-2.448747565168557e-18,0.7084125373524973,0.0,0.0,0.0,0.0,0.0,0.0,-0.314,9.1551647,-94.828995,43.316994,6.29704521953542,-119.31470361124696,48.87293380406015,0.7064021638165477,0.12800039208453867,2.946859845283227e-17,-0.6961407060224993
122.58454298973083,8.52597288769042,-81.60634658264276,39.84564810954626,9.433721528114006,-79.09302459042804,55.45681552242487,-0.7050997836783869,-0.031299990397296154,-2.448732237522345e-18,0.708416971604874,0.0,0.0,0.0,0.0,0.0,0.0,-0.314,9.1551647,-94.828995,43.316994,6.291687301294189,-119.31182219796766,48.83215402758169,0.7065009127914234,0.1279001652456094,4.910746595139758e-17,-0.6960589112675961
122.64406633377075,0,0,0,0,0,0,0,0,0,1,0.0,0.0,0.0,0.0,0.0,0.0,-0.314,0,0,0,0,0,0,0,0,0,1
122.70700979232788,8.525253260554368,-81.63197492022243,39.84981599163326,9.391536916810821,-79.11916057651257,55.450702519841286,-0.7051998076387149,-0.031399991434849193,0.0,0.7083129759112216,0.0,0.0,0.0,0.0,0.0,0.0,-0.314,9.1551647,-94.828995,43.316994,6.257995107776537,-119.32991619265678,48.84756322782569,0.7065021609479875,0.128000391509331,9.821475838936706e-18,-0.6960392204102309
122.76700949668884,0,0,0,0,0,0,0,0,0,1,0.0,0.0,0.0,0.0,0.0,0.0,-0.314,0,0,0,0,0,0,0,0,0,1
122.92445349693298,8.52484955068837,-81.64635238351106,39.8521541679395,9.420642865202183,-79.117806254884,55.554870699153234,-0.7050998014619467,-0.03149999113040891,4.897525883608215e-18,0.7084080889833964,0.0,0.0,0.0,0.0,0.0,0.0,-0.314,9.1551647,-94.828995,43.316994,6.25372566426168,-119.34132873984925,48.87674413971434,0.7065018829658432,0.1281003414124905,1.9642959406642367e-17,-0.69602111454734
123.01633906364441,8.524750944919443,-81.64986406589041,39.85272526538344,9.476353865663413,-79.11536676456538,55.60167169609342,-0.7049997966878945,-0.03159999088700349,-7.345303061794965e-18,0.7085031596584228,0.0,0.0,0.0,0.0,0.0,0.0,-0.314,9.1551647,-94.828995,43.316994,6.301538526173346,-119.32753014416542,48.913124477713986,0.7064021638165477,0.12800039208453867,2.946859845283227e-17,-0.6961407060224993
123.07838463783264,8.524629459265052,-81.65419057778223,39.853428876819684,9.43703342153728,-79.12112336885379,55.58681356092136,-0.7050997836783869,-0.031299990397296154,-2.448732237522345e-18,0.708416971604874,0.0,0.0,0.0,0.0,0.0,0.0,-0.314,9.1551647,-94.828995,43.316994,6.291370499682785,-119.31714932383576,48.922550495248984,0.706400926916761,0.12790016782652,4.911441675334094e-17,-0.696160382039289
123.1392867565155,0,0,0,0,0,0,0,0,0,1,0.0,0.0,0.0,0.0,0.0,0.0,-0.314,0,0,0,0,0,0,0,0,0,1
123.20384001731873,8.525092155236614,-81.63771242130105,39.85074906924297,9.394354614743747,-79.11356429770596,55.52184141385769,-0.7050997836783869,-0.031299990397296154,-2.448732237522345e-18,0.708416971604874,0.0,0.0,0.0,0.0,0.0,0.0,-0.314,9.1551647,-94.828995,43.316994,6.252320387923902,-119.33236190524559,48.89717991901451,0.7064024380463695,0.1279004414299698,-2.9468587012938994e-17,-0.6961587984103657
123.32954478263855,8.525419772458614,-81.62604487245291,39.84885160056432,9.411061972690277,-79.11155428580764,55.463387807958526,-0.7050998014619467,-0.03149999113040891,4.897525883608215e-18,0.7084080889833964,0.0,0.0,0.0,0.0,0.0,0.0,-0.314,9.1551647,-94.828995,43.316994,6.265352581591571,-119.32236334377914,48.87900876889104,0.7064018884675101,0.1281003424585052,-2.9468609939424183e-17,-0.6961226000005668
123.38966512680054,0,0,0,0,0,0,0,0,0,1,0.0,0.0,0.0,0.0,0.0,0.0,-0.314,0,0,0,0,0,0,0,0,0,1
123.45405435562134,8.525222194160223,-81.63308129878524,39.849995919628164,9.417554834902035,-79.11394655656918,55.49424424619923,-0.7050998014619467,-0.03149999113040891,4.897525883608215e-18,0.7084080889833964,0.0,0.0,0.0,0.0,0.0,0.0,-0.314,9.1551647,-94.828995,43.316994,6.283202028765999,-119.29633424134917,48.922642277370855,0.7063018931191923,0.12810034335065626,0.0,-0.6962240571897017
123.52057814598083,0,0,0,0,0,0,0,0,0,1,0.0,0.0,0.0,0.0,0.0,0.0,-0.314,0,0,0,0,0,0,0,0,0,1
123.57825636863708,8.524943116631343,-81.64302018624893,39.85161225977882,9.447518249639302,-79.12617706331534,55.486991075719075,-0.7050997925839062,-0.03139999076320331,-2.448747565168557e-18,0.7084125373524973,0.0,0.0,0.0,0.0,0.0,0.0,-0.314,9.1551647,-94.828995,43.316994,6.30667258129148,-119.3061724773338,48.88453266864998,0.7064021638165477,0.12800039208453867,2.946859845283227e-17,-0.6961407060224993
123.6569492816925,0,0,0,0,0,0,0,0,0,1,0.0,0.0,0.0,0.0,0.0,0.0,-0.314,0,0,0,0,0,0,0,0,0,1
123.71398949623108,8.525352233083833,-81.62845017626944,39.849242770013355,9.440755055060265,-79.1143288154324,55.46664707854076,-0.7050997747459201,-0.031199990032722617,2.448716958864549e-18,0.7084213917402625,0.0,0.0,0.0,0.0,0.0,0.0,-0.314,9.1551647,-94.828995,43.316994,6.30017971907975,-119.30378020657226,48.85367623040926,0.7064024380463695,0.1279004414299698,-2.9468587012938994e-17,-0.6961587984103657
123.76375222206116,0,0,0,0,0,0,0,0,0,1,0.0,0.0,0.0,0.0,0.0,0.0,-0.314,0,0,0,0,0,0,0,0,0,1
123.83051681518555,8.525838073228062,-81.6111477781214,39.84642891776566,9.373470751770697,-79.09742065081772,55.44970787843574,-0.7050997836783869,-0.031299990397296154,-2.448732237522345e-18,0.708416971604874,0.0,0.0,0.0,0.0,0.0,0.0,-0.314,9.1551647,-94.828995,43.316994,6.247556748918697,-119.31007939520572,48.86750168642308,0.7064021638165477,0.12800039208453867,2.946859845283227e-17,-0.6961407060224993
123.89474058151245,0,0,0,0,0,0,0,0,0,1,0.0,0.0,0.0,0.0,0.0,0.0,-0.314,0,0,0,0,0,0,0,0,0,1
124.04021430015564,8.524422696649701,-81.66155408846657,39.85462638891673,9.47435431008958,-79.12580102672231,55.61100593150654,-0.7050998014619467,-0.03149999113040891,4.897525883608215e-18,0.7084080889833964,0.0,0.0,0.0,0.0,0.0,0.0,-0.314,9.1551647,-94.828995,43.316994,6.279249386862517,-119.30241966267353,48.8614267215922,0.706400926916761,0.12790016782652,4.911441675334094e-17,-0.696160382039289
124.0890691280365,0,0,0,0,0,0,0,0,0,1,0.0,0.0,0.0,0.0,0.0,0.0,-0.314,0,0,0,0,0,0,0,0,0,1
124.14217185974121,0,0,0,0,0,0,0,0,0,1,0.0,0.0,0.0,0.0,0.0,0.0,-0.314,0,0,0,0,0,0,0,0,0,1
124.20957517623901,8.52517716791037,-81.63468483466292,39.850256699260854,9.437350223148684,-79.11579624298568,55.49641709325405,-0.7050997836783869,-0.031299990397296154,-2.448732237522345e-18,0.708416971604874,0.0,0.0,0.0,0.0,0.0,0.0,-0.314,9.1551647,-94.828995,43.316994,6.2820599395380725,-119.32035333188082,48.820555162991866,0.7065009127914234,0.1279001652456094,4.910746595139758e-17,-0.6960589112675961
124.30505609512329,8.525149879246694,-81.63565667556459,39.85041474768178,9.410197361087,-79.12149940544683,55.46279870513388,-0.7051999705430583,-0.03129999869256627,7.347231068886577e-18,0.7083172393976551,0.0,0.0,0.0,0.0,0.0,0.0,-0.314,9.1551647,-94.828995,43.316994,6.259130051747064,-119.32942705013902,48.83763988958792,0.7065006335331228,0.12800011478024023,-4.910748536209142e-17,-0.6960408216717908
124.39576435089111,0,0,0,0,0,0,0,0,0,1,0.0,0.0,0.0,0.0,0.0,0.0,-0.314,0,0,0,0,0,0,0,0,0,1
124.45357656478882,8.52485810395759,-81.64604777288707,39.852104629760944,9.404522641234337,-79.12394511803564,55.5124153963227,-0.7050998014619467,-0.03149999113040891,4.897525883608215e-18,0.7084080889833964,0.0,0.0,0.0,0.0,0.0,0.0,-0.314,9.1551647,-94.828995,43.316994,6.2554548874682325,-119.32143850057089,48.87792234536363,0.7064018884675101,0.1281003424585052,-2.9468609939424183e-17,-0.6961226000005668
124.54438471794128,8.524862248448596,-81.64590017365228,39.852080626010995,9.456280999792114,-79.12759104904136,55.49800083748424,-0.7050997836783869,-0.031299990397296154,-2.448732237522345e-18,0.708416971604874,0.0,0.0,0.0,0.0,0.0,0.0,-0.314,9.1551647,-94.828995,43.316994,6.289958078087636,-119.33171243724601,48.830975821932405,0.7065006335331228,0.12800011478024023,-4.910748536209142e-17,-0.6960408216717908
124.5885238647461,0,0,0,0,0,0,0,0,0,1,0.0,0.0,0.0,0.0,0.0,0.0,-0.314,0,0,0,0,0,0,0,0,0,1
124.63860535621643,0,0,0,0,0,0,0,0,0,1,0.0,0.0,0.0,0.0,0.0,0.0,-0.314,0,0,0,0,0,0,0,0,0,1
124.76348447799683,8.524943116631343,-81.64302018624893,39.85161225977882,9.447518249639302,-79.12617706331534,55.486991075719075,-0.7050997836783869,-0.031299990397296154,-2.448732237522345e-18,0.708416971604874,0.0,0.0,0.0,0.0,0.0,0.0,-0.314,9.1551647,-94.828995,43.316994,6.302125660152029,-119.33165899541874,48.812215568984286,0.7065009127914234,0.1279001652456094,4.910746595139758e-17,-0.6960589112675961
124.8381712436676,8.524547960034564,-81.65709303891359,39.8539008979065,9.460503974062789,-79.1309616048384,55.54870395220048,-0.7050997925839062,-0.03139999076320331,-2.448747565168557e-18,0.7084125373524973,0.0,0.0,0.0,0.0,0.0,0.0,-0.314,9.1551647,-94.828995,43.316994,6.298180163505947,-119.3142144687292,48.86301046582239,0.7064021638165477,0.12800039208453867,2.946859845283227e-17,-0.6961407060224993
124.92756962776184,8.525042720208548,-81.63947296856793,39.85103538330428,9.482028585516048,-79.11292105197657,55.552055004904595,-0.7050997925839062,-0.03139999076320331,-2.448747565168557e-18,0.7084125373524973,0.0,0.0,0.0,0.0,0.0,0.0,-0.314,9.1551647,-94.828995,43.316994,6.285742249074303,-119.30481193343506,48.892283159832914,0.7064021638165477,0.12800039208453867,2.946859845283227e-17,-0.6961407060224993
125.0228910446167,0,0,0,0,0,0,0,0,0,1,0.0,0.0,0.0,0.0,0.0,0.0,-0.314,0,0,0,0,0,0,0,0,0,1
125.08611750602722,8.52490727469845,-81.64429663777459,39.851819846378305,9.436485611545407,-79.12574136262485,55.49582799042942,-0.7051999705430583,-0.03129999869256627,7.347231068886577e-18,0.7083172393976551,0.0,0.0,0.0,0.0,0.0,0.0,-0.314,9.1551647,-94.828995,43.316994,6.2851479698382775,-119.32421303019564,48.88118161594587,0.7064021638165477,0.12800039208453867,2.946859845283227e-17,-0.6961407060224993
125.2146737575531,8.52457902642871,-81.65598666035078,39.8537209699116,9.434486055971576,-79.1361756247818,55.50516222584254,-0.7050997836783869,-0.031299990397296154,-2.448732237522345e-18,0.708416971604874,0.0,0.0,0.0,0.0,0.0,0.0,-0.314,9.1551647,-94.828995,43.316994,6.314300387473793,-119.30807560557757,48.90546576865292,0.706400926916761,0.12790016782652,4.911441675334094e-17,-0.696160382039289
125.3048574924469,8.525335126545395,-81.62905939751742,39.84934184637048,9.472995502995985,-79.10205108912915,55.551557684201825,-0.7049997681901409,-0.03129998970829986,0.0,0.7085165047450258,0.0,0.0,0.0,0.0,0.0,0.0,-0.314,9.1551647,-94.828995,43.316994,6.313489390372041,-119.27970767421334,48.93700309184014,0.7063009401941353,0.12790017025460837,-2.947282174932398e-17,-0.6962618245528923
125.40038132667542,0,0,0,0,0,0,0,0,0,1,0.0,0.0,0.0,0.0,0.0,0.0,-0.314,0,0,0,0,0,0,0,0,0,1
125.46041870117188,8.525056680064257,-81.63897581125309,39.850954531666495,9.488251115360555,-79.1058573456167,55.5934238842077,-0.7050997836783869,-0.031299990397296154,-2.448732237522345e-18,0.708416971604874,0.0,0.0,0.0,0.0,0.0,0.0,-0.314,9.1551647,-94.828995,43.316994,6.323927749229881,-119.2995444716644,48.91706463324274,0.7064014768193163,0.12770026697314085,-9.822875703984493e-18,-0.6961965206480693
125.51521158218384,0,0,0,0,0,0,0,0,0,1,0.0,0.0,0.0,0.0,0.0,0.0,-0.314,0,0,0,0,0,0,0,0,0,1
125.6668267250061,8.524661523467476,-81.65304866391773,39.853243169794176,9.50123683978407,-79.11064188713976,55.65513676068912,-0.7049997872145043,-0.03149999049256296,-7.345256797989458e-18,0.7085076221371738,0.0,0.0,0.0,0.0,0.0,0.0,-0.314,9.1551647,-94.828995,43.316994,6.310625223194961,-119.30008705600945,48.94574822442862,0.7064012024263794,0.12780021753976684,-3.9291518078243324e-17,-0.696178458160947
125.70969867706299,8.525745505093365,-81.61444444008185,39.84696504689573,9.436816703671582,-79.07335434072897,55.629452427995616,-0.7048997832607234,-0.03159999028378331,0.0,0.7086026645257906,0.0,0.0,0.0,0.0,0.0,0.0,-0.314,9.1551647,-94.828995,43.316994,6.223004866924214,-119.26241725073544,48.94766105939358,0.7063006661940685,0.12800012073175812,0.0,-0.6962437346407293
125.79294037818909,8.525543151256228,-81.621650939377,39.84813702456415,9.406259009698289,-79.0805249307434,55.625604054588734,-0.704999806134712,-0.031699991282936685,0.0,0.7084986830634763,0.0,0.0,0.0,0.0,0.0,0.0,-0.314,9.1551647,-94.828995,43.316994,6.227220695937518,-119.28931775454639,48.886353721493066,0.7064006502884528,0.1280001178325622,1.9645774394669056e-17,-0.6961422922843441
125.83295059204102,0,0,0,0,0,0,0,0,0,1,0.0,0.0,0.0,0.0,0.0,0.0,-0.314,0,0,0,0,0,0,0,0,0,1
125.90001893043518,0,0,0,0,0,0,0,0,0,1,0.0,0.0,0.0,0.0,0.0,0.0,-0.314,0,0,0,0,0,0,0,0,0,1
126.0395154953003,8.524534631226595,-81.65756772250042,39.853978094689644,9.439573641845584,-79.12960106093968,55.55645444338342,-0.7050998103119765,-0.03159999149887743,7.346335102289767e-18,0.7084036264978358,0.0,0.0,0.0,0.0,0.0,0.0,-0.314,9.1551647,-94.828995,43.316994,6.297856216637172,-119.3430715426112,48.84139648087293,0.7065021609479875,0.128000391509331,9.821475838936706e-18,-0.6960392204102309
126.08396244049072,8.525055051208238,-81.63903382028279,39.85096396555174,9.412737581395305,-79.12997709753272,55.43243958759595,-0.7051997993530568,-0.03129999109437134,0.0,0.708317410169975,0.0,0.0,0.0,0.0,0.0,0.0,-0.314,9.1551647,-94.828995,43.316994,6.300396436945476,-119.35154923469707,48.811037363335004,0.7066008978057046,0.12790016250969372,0.0,-0.6959574122388282
126.16340494155884,0,0,0,0,0,0,0,0,0,1,0.0,0.0,0.0,0.0,0.0,0.0,-0.314,0,0,0,0,0,0,0,0,0,1
126.20848298072815,8.525946230074485,-81.6072959498164,39.84580250311255,9.391860863679597,-79.09030350263058,55.47231650479074,-0.7050997836783869,-0.031299990397296154,-2.448732237522345e-18,0.708416971604874,0.0,0.0,0.0,0.0,0.0,0.0,-0.314,9.1551647,-94.828995,43.316994,6.250096969227002,-119.3185570872916,48.83714256888515,0.7064021638165477,0.12800039208453867,2.946859845283227e-17,-0.6961407060224993
126.27098727226257,0,0,0,0,0,0,0,0,0,1,0.0,0.0,0.0,0.0,0.0,0.0,-0.314,0,0,0,0,0,0,0,0,0,1
126.41920900344849,8.525974149785903,-81.60630163518668,39.845640799836985,9.40430592336864,-79.0761760899108,55.55505426339697,-0.7049997777150755,-0.03139999009965017,4.8968071207422625e-18,0.7085120704994629,0.0,0.0,0.0,0.0,0.0,0.0,-0.314,9.1551647,-94.828995,43.316994,6.225221140363715,-119.29975201670332,48.89568795690619,0.7064006502884528,0.1280001178325622,1.9645774394669056e-17,-0.6961422922843441
126.45790672302246,8.525712809843201,-81.61560882767438,39.84715440877588,9.387321087797488,-79.0922600727016,55.512009857741795,-0.7050997836783869,-0.031299990397296154,-2.448732237522345e-18,0.708416971604874,0.0,0.0,0.0,0.0,0.0,0.0,-0.314,9.1551647,-94.828995,43.316994,6.260272140974962,-119.30540795960736,48.93972700396691,0.706400926916761,0.12790016782652,4.911441675334094e-17,-0.696160382039289
126.52008891105652,0,0,0,0,0,0,0,0,0,1,0.0,0.0,0.0,0.0,0.0,0.0,-0.314,0,0,0,0,0,0,0,0,0,1
126.59383225440979,8.525222825207964,-81.63305882505722,39.849992264773526,9.402847032529337,-79.10552230631058,55.54336361668528,-0.7050997925839062,-0.03139999076320331,-2.448747565168557e-18,0.7084125373524973,0.0,0.0,0.0,0.0,0.0,0.0,-0.314,9.1551647,-94.828995,43.316994,6.274439278613158,-119.29492025562315,48.91163251560566,0.706400926916761,0.12790016782652,4.911441675334094e-17,-0.696160382039289
126.64338374137878,0,0,0,0,0,0,0,0,0,1,0.0,0.0,0.0,0.0,0.0,0.0,-0.314,0,0,0,0,0,0,0,0,0,1
126.79445338249207,8.524957707534792,-81.64250055520606,39.8515277532864,9.439032977111111,-79.11068910669685,55.577479325508236,-0.7049997872145043,-0.03149999049256296,-7.345256797989458e-18,0.7085076221371738,0.0,0.0,0.0,0.0,0.0,0.0,-0.314,9.1551647,-94.828995,43.316994,6.266811472430874,-119.29301712737939,48.890699415602725,0.7064006502884528,0.1280001178325622,1.9645774394669056e-17,-0.6961422922843441
126.83146834373474,8.525897426094161,-81.60903402335522,39.84608516231921,9.4648270320792,-79.08123600664254,55.55164946632369,-0.7049997872145043,-0.03149999049256296,-7.345256797989458e-18,0.7085076221371738,0.0,0.0,0.0,0.0,0.0,0.0,-0.314,9.1551647,-94.828995,43.316994,6.275898169452489,-119.2655740392234,48.92332316231736,0.7063006661940685,0.12800012073175812,0.0,-0.6962437346407293
126.89963245391846,0,0,0,0,0,0,0,0,0,1,0.0,0.0,0.0,0.0,0.0,0.0,-0.314,0,0,0,0,0,0,0,0,0,1
126.95916938781738,8.526275476152504,-81.59557039193855,39.843895600548656,9.484081755591376,-79.06417373881622,55.57484719550333,-0.7048997731644212,-0.031499989863355456,0.0,0.7086071269972919,0.0,0.0,0.0,0.0,0.0,0.0,-0.314,9.1551647,-94.828995,43.316994,6.277033113423016,-119.26508489670564,48.91339982407959,0.7063021658368758,0.12800039250618736,-3.929702747370479e-17,-0.6962421633687522
127.01758670806885,0,0,0,0,0,0,0,0,0,1,0.0,0.0,0.0,0.0,0.0,0.0,-0.314,0,0,0,0,0,0,0,0,0,1
127.17224359512329,8.524926641140647,-81.64360693376888,39.851707681281304,9.465050895202296,-79.10547508675347,55.62102105186617,-0.7049997872145043,-0.03149999049256296,-7.345256797989458e-18,0.7085076221371738,0.0,0.0,0.0,0.0,0.0,0.0,-0.314,9.1551647,-94.828995,43.316994,6.284336972736526,-119.2958450988314,48.912718939133086,0.7064006502884528,0.1280001178325622,1.9645774394669056e-17,-0.6961422922843441
127.21310496330261,8.52436434159188,-81.66363230793107,39.85496436533256,9.473219366119054,-79.12629016924006,55.62092926974431,-0.7050998103119765,-0.03159999149887743,7.346335102289767e-18,0.7084036264978358,0.0,0.0,0.0,0.0,0.0,0.0,-0.314,9.1551647,-94.828995,43.316994,6.286012581441554,-119.31426791055647,48.88177071877051,0.7064021638165477,0.12800039208453867,2.946859845283227e-17,-0.6961407060224993
127.2706925868988,0,0,0,0,0,0,0,0,0,1,0.0,0.0,0.0,0.0,0.0,0.0,-0.314,0,0,0,0,0,0,0,0,0,1
127.32881951332092,8.524746169380695,-81.65003413885323,39.85275292398802,9.439303309478362,-79.12014508381826,55.566966884445826,-0.7050998014619467,-0.03149999113040891,4.897525883608215e-18,0.7084080889833964,0.0,0.0,0.0,0.0,0.0,0.0,-0.314,9.1551647,-94.828995,43.316994,6.267892801899876,-119.33084103586503,48.8486496513531,0.7064021638165477,0.12800039208453867,2.946859845283227e-17,-0.6961407060224993
127.39595484733582,0,0,0,0,0,0,0,0,0,1,0.0,0.0,0.0,0.0,0.0,0.0,-0.314,0,0,0,0,0,0,0,0,0,1
127.5165205001831,8.525163839102403,-81.63515951824974,39.85033389604399,9.416419890931508,-79.11443569908694,55.504167584437,-0.7050997925839062,-0.03139999076320331,-2.448747565168557e-18,0.7084125373524973,0.0,0.0,0.0,0.0,0.0,0.0,-0.314,9.1551647,-94.828995,43.316994,6.259130051747064,-119.32942705013902,48.83763988958792,0.7065006335331228,0.12800011478024023,-4.910748536209142e-17,-0.6960408216717908
127.59835600852966,8.525096299727622,-81.63756482206625,39.85072506549302,9.446112973301524,-79.11721022871168,55.50742685501924,-0.7050997925839062,-0.03139999076320331,-2.448747565168557e-18,0.7084125373524973,0.0,0.0,0.0,0.0,0.0,0.0,-0.314,9.1551647,-94.828995,43.316994,6.269027745870403,-119.33035189334727,48.83872631311534,0.7065021609479875,0.128000391509331,9.821475838936706e-18,-0.6960392204102309
127.64858102798462,0,0,0,0,0,0,0,0,0,1,0.0,0.0,0.0,0.0,0.0,0.0,-0.314,0,0,0,0,0,0,0,0,0,1
127.70786237716675,8.525082970919653,-81.63803950565308,39.850802262276176,9.425182641084291,-79.11584968481296,55.51517734620217,-0.7050997836783869,-0.031299990397296154,-2.448732237522345e-18,0.708416971604874,0.0,0.0,0.0,0.0,0.0,0.0,-0.314,9.1551647,-94.828995,43.316994,6.283689078998975,-119.35355924659541,48.86949096923418,0.7065024378089438,0.1279004413245066,0.0,-0.6960573126395669
127.7645366191864,0,0,0,0,0,0,0,0,0,1,0.0,0.0,0.0,0.0,0.0,0.0,-0.314,0,0,0,0,0,0,0,0,0,1
127.91272950172424,8.524934563362125,-81.64332479687293,39.851661797957384,9.463638473607148,-79.12003820016372,55.52944637854959,-0.7050997925839062,-0.03139999076320331,-2.448747565168557e-18,0.7084125373524973,0.0,0.0,0.0,0.0,0.0,0.0,-0.314,9.1551647,-94.828995,43.316994,6.313976440605018,-119.33693267945957,48.88385178370347,0.7064021638165477,0.12800039208453867,2.946859845283227e-17,-0.6961407060224993
127.9542396068573,8.52483658864094,-81.64681400552423,39.85222924054668,9.504641671695651,-79.10917445958647,55.625366745975825,-0.7049997966878945,-0.03159999088700349,-7.345303061794965e-18,0.7085031596584228,0.0,0.0,0.0,0.0,0.0,0.0,-0.314,9.1551647,-94.828995,43.316994,6.296504554800919,-119.29579165700413,48.893958686184966,0.7064006502884528,0.1280001178325622,1.9645774394669056e-17,-0.6961422922843441
128.02181386947632,0,0,0,0,0,0,0,0,0,1,0.0,0.0,0.0,0.0,0.0,0.0,-0.314,0,0,0,0,0,0,0,0,0,1
128.0773627758026,8.525043351256288,-81.6394504948399,39.85103172844964,9.46732078314335,-79.10449680171796,55.60117437539064,-0.7049997872145043,-0.03149999049256296,-7.345256797989458e-18,0.7085076221371738,0.0,0.0,0.0,0.0,0.0,0.0,-0.314,9.1551647,-94.828995,43.316994,6.272439723039355,-119.3053545177801,48.920966751018796,0.7064006502884528,0.1280001178325622,1.9645774394669056e-17,-0.6961422922843441
128.17776679992676,0,0,0,0,0,0,0,0,0,1,0.0,0.0,0.0,0.0,0.0,0.0,-0.314,0,0,0,0,0,0,0,0,0,1
128.27331137657166,8.525879321747446,-81.60967877990488,39.846190017706945,9.406846143676944,-79.0846537819967,55.52469514585903,-0.7050999772351926,-0.03139999898622188,0.0,0.7084123532001656,0.0,0.0,0.0,0.0,0.0,0.0,-0.314,9.1551647,-94.828995,43.316994,6.2554548874682325,-119.32143850057089,48.87792234536363,0.7064024380463695,0.1279004414299698,-2.9468587012938994e-17,-0.6961587984103657
128.33379578590393,8.526230083142114,-81.59718698938987,39.84415850435731,9.39894800512738,-79.0732946766315,55.514274486918495,-0.7049997872145043,-0.03149999049256296,-7.345256797989458e-18,0.7085076221371738,0.0,0.0,0.0,0.0,0.0,0.0,-0.314,9.1551647,-94.828995,43.316994,6.249502689990976,-119.33795818405218,48.826041024998105,0.7065003531521521,0.12810006403225863,-2.946450291050116e-17,-0.6960227184444597
128.4286870956421,8.52550541618011,-81.62299481208676,39.84835557572756,9.439349778722487,-79.10536198082875,55.48708285784093,-0.7050997925839062,-0.03139999076320331,-2.448747565168557e-18,0.7084125373524973,0.0,0.0,0.0,0.0,0.0,0.0,-0.314,9.1551647,-94.828995,43.316994,6.296180607932143,-119.32464873088614,48.87234470123552,0.7064021638165477,0.12800039208453867,2.946859845283227e-17,-0.6961407060224993
128.51821494102478,0,0,0,0,0,0,0,0,0,1,0.0,0.0,0.0,0.0,0.0,0.0,-0.314,0,0,0,0,0,0,0,0,0,1
128.57934713363647,8.525680481353573,-81.61676015369328,39.84734164648007,9.442754610634069,-79.10389455327547,55.45731284312764,-0.7050997836783869,-0.031299990397296154,-2.448732237522345e-18,0.708416971604874,0.0,0.0,0.0,0.0,0.0,0.0,-0.314,9.1551647,-94.828995,43.316994,6.289417413353135,-119.31280048300319,48.85200070405722,0.7064021638165477,0.12800039208453867,2.946859845283227e-17,-0.6961407060224993
128.6889169216156,8.525792415930468,-81.61277378772711,39.846693352252984,9.407973942390072,-79.10769458749283,55.402761355004515,-0.7051999628561916,-0.031199998356655115,7.347185226400342e-18,0.7083216589164633,0.0,0.0,0.0,0.0,0.0,0.0,-0.314,9.1551647,-94.828995,43.316994,6.290228410454887,-119.34116841436742,48.820463380869995,0.7065021609479875,0.128000391509331,9.821475838936706e-18,-0.6960392204102309
128.77409172058105,0,0,0,0,0,0,0,0,0,1,0.0,0.0,0.0,0.0,0.0,0.0,-0.314,0,0,0,0,0,0,0,0,0,1
128.83368110656738,8.525644639420678,-81.61803660521893,39.847549233079555,9.431721972540203,-79.10345885258498,55.466149757838,-0.7050997925839062,-0.03139999076320331,-2.448747565168557e-18,0.7084125373524973,0.0,0.0,0.0,0.0,0.0,0.0,-0.314,9.1551647,-94.828995,43.316994,6.289958078087636,-119.33171243724601,48.830975821932405,0.7065006335331228,0.12800011478024023,-4.910748536209142e-17,-0.6960408216717908
128.9017448425293,0,0,0,0,0,0,0,0,0,1,0.0,0.0,0.0,0.0,0.0,0.0,-0.314,0,0,0,0,0,0,0,0,0,1
128.9613184928894,8.525357639670322,-81.62825762957858,39.84921145655413,9.463097808872647,-79.1011262459209,55.550471260674406,-0.7049997872145043,-0.03149999049256296,-7.345256797989458e-18,0.7085076221371738,0.0,0.0,0.0,0.0,0.0,0.0,-0.314,9.1551647,-94.828995,43.316994,6.261723886556894,-119.29959169122151,48.83940719806185,0.7064018884675101,0.1281003424585052,-2.9468609939424183e-17,-0.6961226000005668
129.08477973937988,8.525151508102713,-81.63559866653489,39.85040531379653,9.48571089505225,-79.0973796535308,55.623783001745636,-0.704999806134712,-0.031699991282936685,0.0,0.7084986830634763,0.0,0.0,0.0,0.0,0.0,0.0,-0.314,9.1551647,-94.828995,43.316994,6.269351692739178,-119.30149481946528,48.86034029806479,0.7064018884675101,0.1281003424585052,-2.9468609939424183e-17,-0.6961226000005668
129.14862656593323,0,0,0,0,0,0,0,0,0,1,0.0,0.0,0.0,0.0,0.0,0.0,-0.314,0,0,0,0,0,0,0,0,0,1
129.22639536857605,8.525065233333475,-81.63867120062909,39.85090499348793,9.472130891392709,-79.11199620876832,55.55096858137718,-0.7050998014619467,-0.03149999113040891,4.897525883608215e-18,0.7084080889833964,0.0,0.0,0.0,0.0,0.0,0.0,-0.314,9.1551647,-94.828995,43.316994,6.289417413353135,-119.31280048300319,48.85200070405722,0.7064018884675101,0.1281003424585052,-2.9468609939424183e-17,-0.6961226000005668
129.26391744613647,0,0,0,0,0,0,0,0,0,1,0.0,0.0,0.0,0.0,0.0,0.0,-0.314,0,0,0,0,0,0,0,0,0,1
129.33575797080994,8.525325575467898,-81.62939954344307,39.849397163579646,9.398894390625856,-79.11160772763492,55.48214806090664,-0.7050997925839062,-0.03139999076320331,-2.448747565168557e-18,0.7084125373524973,0.0,0.0,0.0,0.0,0.0,0.0,-0.314,9.1551647,-94.828995,43.316994,6.276114887318187,-119.31334306734823,48.88068429524309,0.7064021638165477,0.12800039208453867,2.946859845283227e-17,-0.6961407060224993
129.4653639793396,8.524911683476661,-81.64413962638541,39.851794311949696,9.368607029019813,-79.12823429477076,55.46778724643734,-0.7051998076387149,-0.031399991434849193,0.0,0.7083129759112216,0.0,0.0,0.0,0.0,0.0,0.0,-0.314,9.1551647,-94.828995,43.316994,6.273791384875608,-119.35263440338716,48.86840454570676,0.7065021609479875,0.128000391509331,9.821475838936706e-18,-0.6960392204102309
129.5420482158661,0,0,0,0,0,0,0,0,0,1,0.0,0.0,0.0,0.0,0.0,0.0,-0.314,0,0,0,0,0,0,0,0,0,1
129.66518473625183,8.525434363362063,-81.62552524141005,39.8487670940719,9.402576700162086,-79.09606632918917,55.553876057747686,-0.7050998014619467,-0.03149999113040891,4.897525883608215e-18,0.7084080889833964,0.0,0.0,0.0,0.0,0.0,0.0,-0.314,9.1551647,-94.828995,43.316994,6.235389166854304,-119.31013283703298,48.886261939371195,0.7064018884675101,0.1281003424585052,-2.9468609939424183e-17,-0.6961226000005668
129.79551362991333,8.525681743449056,-81.61671520623722,39.847334336770786,9.413339005888702,-79.08704605275824,55.555551584099746,-0.7049997872145043,-0.03149999049256296,-7.345256797989458e-18,0.7085076221371738,0.0,0.0,0.0,0.0,0.0,0.0,-0.314,9.1551647,-94.828995,43.316994,6.233713558149276,-119.29171002530792,48.91721015973378,0.7064003725394455,0.12810006755705408,-9.822891059587823e-18,-0.6961241888973625
129.8373749256134,8.525073786602695,-81.63836659000509,39.85085545530937,9.456010667424863,-79.11813507191994,55.50851327854665,-0.7050997925839062,-0.03139999076320331,-2.448747565168557e-18,0.7084125373524973,0.0,0.0,0.0,0.0,0.0,0.0,-0.314,9.1551647,-94.828995,43.316994,6.3032677493798985,-119.30763990488708,48.91430268336327,0.7064006502884528,0.1280001178325622,1.9645774394669056e-17,-0.6961422922843441
129.96095204353333,8.524745538332953,-81.65005661258125,39.85275657884266,9.45401111185106,-79.12856933407687,55.51784751395977,-0.7050997925839062,-0.03139999076320331,-2.448747565168557e-18,0.7084125373524973,0.0,0.0,0.0,0.0,0.0,0.0,-0.314,9.1551647,-94.828995,43.316994,6.300403582202819,-119.32801928668319,48.923047815951755,0.7064021638165477,0.12800039208453867,2.946859845283227e-17,-0.6961407060224993
130.02415800094604,0,0,0,0,0,0,0,0,0,1,0.0,0.0,0.0,0.0,0.0,0.0,-0.314,0,0,0,0,0,0,0,0,0,1
130.08230876922607,8.525136550438727,-81.6361313591514,39.85049194446492,9.389267028869767,-79.12013886154809,55.47054919631681,-0.7050997836783869,-0.031299990397296154,-2.448732237522345e-18,0.708416971604874,0.0,0.0,0.0,0.0,0.0,0.0,-0.314,9.1551647,-94.828995,43.316994,6.273791384875608,-119.35263440338716,48.86840454570676,0.7065021609479875,0.128000391509331,9.821475838936706e-18,-0.6960392204102309
130.14590573310852,0,0,0,0,0,0,0,0,0,1,0.0,0.0,0.0,0.0,0.0,0.0,-0.314,0,0,0,0,0,0,0,0,0,1
130.20786023139954,8.524835590832662,-81.64684954082591,39.852235019577286,9.414420335357704,-79.12486996124387,55.51350181985012,-0.7050997925839062,-0.03139999076320331,-2.448747565168557e-18,0.7084125373524973,0.0,0.0,0.0,0.0,0.0,0.0,-0.314,9.1551647,-94.828995,43.316994,6.293046108387813,-119.33557213556082,48.8916022748864,0.7065009127914234,0.1279001652456094,4.910746595139758e-17,-0.6960589112675961
130.32824230194092,8.524548591082304,-81.65707056518555,39.85389724305186,9.445796171690091,-79.12253735457979,55.59782332268654,-0.7050998014619467,-0.03149999113040891,4.897525883608215e-18,0.7084080889833964,0.0,0.0,0.0,0.0,0.0,0.0,-0.314,9.1551647,-94.828995,43.316994,6.281743137926696,-119.32568045774893,48.910951630659156,0.7064021638165477,0.12800039208453867,2.946859845283227e-17,-0.6961407060224993
130.4145166873932,0,0,0,0,0,0,0,0,0,1,0.0,0.0,0.0,0.0,0.0,0.0,-0.314,0,0,0,0,0,0,0,0,0,1
130.45786595344543,8.525169245688891,-81.63496697155888,39.850302582584774,9.43876264474386,-79.10123312957545,55.58799176657064,-0.7049997872145043,-0.03149999049256296,-7.345256797989458e-18,0.7085076221371738,0.0,0.0,0.0,0.0,0.0,0.0,-0.314,9.1551647,-94.828995,43.316994,6.263947305253794,-119.31339650917549,48.89944454819121,0.7064024380463695,0.1279004414299698,-2.9468587012938994e-17,-0.6961587984103657
130.51466941833496,0,0,0,0,0,0,0,0,0,1,0.0,0.0,0.0,0.0,0.0,0.0,-0.314,0,0,0,0,0,0,0,0,0,1
130.59251880645752,8.524935194409865,-81.6433023231449,39.85165814310274,9.44893067123445,-79.1116139499051,55.57856574903565,-0.7050997925839062,-0.03139999076320331,-2.448747565168557e-18,0.7084125373524973,0.0,0.0,0.0,0.0,0.0,0.0,-0.314,9.1551647,-94.828995,43.316994,6.290776220446759,-119.33655042059635,48.91144895136193,0.7064024380463695,0.1279004414299698,-2.9468587012938994e-17,-0.6961587984103657
130.7115740776062,8.524714471938807,-81.6511629911441,39.852936506837565,9.480029029942244,-79.1233553141335,55.56138924031772,-0.7050998014619467,-0.03149999113040891,4.897525883608215e-18,0.7084080889833964,0.0,0.0,0.0,0.0,0.0,0.0,-0.314,9.1551647,-94.828995,43.316994,6.321874579154553,-119.34829178482475,48.894272442644,0.7064018884675101,0.1281003424585052,-2.9468609939424183e-17,-0.6961226000005668
130.79424405097961,8.52502876035284,-81.63997012588278,39.85111623494206,9.47580605567154,-79.11998475833644,55.51068612560148,-0.7050998103119765,-0.03159999149887743,7.346335102289767e-18,0.7084036264978358,0.0,0.0,0.0,0.0,0.0,0.0,-0.314,9.1551647,-94.828995,43.316994,6.315381716942795,-119.34589951406322,48.86341600440329,0.7065016038605002,0.12820029103314387,9.821483583322936e-18,-0.6960029950521462
130.83814191818237,0,0,0,0,0,0,0,0,0,1,0.0,0.0,0.0,0.0,0.0,0.0,-0.314,0,0,0,0,0,0,0,0,0,1
130.91733622550964,0,0,0,0,0,0,0,0,0,1,0.0,0.0,0.0,0.0,0.0,0.0,-0.314,0,0,0,0,0,0,0,0,0,1
130.96353483200073,8.525402034872435,-81.62667656742893,39.84895433177608,9.458010222998666,-79.107700809763,55.49917904313352,-0.7050998014619467,-0.03149999113040891,4.897525883608215e-18,0.7084080889833964,0.0,0.0,0.0,0.0,0.0,0.0,-0.314,9.1551647,-94.828995,43.316994,6.296180607932143,-119.32464873088614,48.87234470123552,0.7064021638165477,0.12800039208453867,2.946859845283227e-17,-0.6961407060224993
131.07918572425842,8.524759498188661,-81.64955945526641,39.852675727204875,9.460233641695567,-79.121505627717,55.559216393262886,-0.7050998014619467,-0.03149999113040891,4.897525883608215e-18,0.7084080889833964,0.0,0.0,0.0,0.0,0.0,0.0,-0.314,9.1551647,-94.828995,43.316994,6.290829834948283,-119.29823736959294,48.94357537737379,0.7063021658368758,0.12800039250618736,-3.929702747370479e-17,-0.6962421633687522
131.16755080223083,8.52430598653406,-81.66571052739556,39.85530234174839,9.472084422148527,-79.12677931175783,55.630852607982064,-0.7050998103119765,-0.03159999149887743,7.346335102289767e-18,0.7084036264978358,0.0,0.0,0.0,0.0,0.0,0.0,-0.314,9.1551647,-94.828995,43.316994,6.289965223345007,-119.30818248923211,48.94298627454915,0.7064006502884528,0.1280001178325622,1.9645774394669056e-17,-0.6961422922843441
131.20717668533325,0,0,0,0,0,0,0,0,0,1,0.0,0.0,0.0,0.0,0.0,0.0,-0.314,0,0,0,0,0,0,0,0,0,1
131.29064559936523,8.525007509323395,-81.64072694636556,39.85123931504913,9.456288145049484,-79.10406110102747,55.61001129010099,-0.7049997966878945,-0.03159999088700349,-7.345303061794965e-18,0.7085031596584228,0.0,0.0,0.0,0.0,0.0,0.0,-0.314,9.1551647,-94.828995,43.316994,6.276438834186962,-119.28448599346622,48.90229828019254,0.7063018931191923,0.12810034335065626,0.0,-0.6962240571897017
131.3352861404419,0,0,0,0,0,0,0,0,0,1,0.0,0.0,0.0,0.0,0.0,0.0,-0.314,0,0,0,0,0,0,0,0,0,1
131.46219992637634,8.525591690949348,-81.61992227799257,39.847855896036165,9.452929782382057,-79.09074542559124,55.5598972782094,-0.7049997872145043,-0.03149999049256296,-7.345256797989458e-18,0.7085076221371738,0.0,0.0,0.0,0.0,0.0,0.0,-0.314,9.1551647,-94.828995,43.316994,6.272486192283509,-119.29057141479058,48.8410827244139,0.7064021638165477,0.12800039208453867,2.946859845283227e-17,-0.6961407060224993
131.51802229881287,0,0,0,0,0,0,0,0,0,1,0.0,0.0,0.0,0.0,0.0,0.0,-0.314,0,0,0,0,0,0,0,0,0,1
131.5919725894928,8.524979589611979,-81.64172126099525,39.851401018324694,9.44384308536047,-79.11818851374721,55.52727353149477,-0.7050997836783869,-0.031299990397296154,-2.448732237522345e-18,0.708416971604874,0.0,0.0,0.0,0.0,0.0,0.0,-0.314,9.1551647,-94.828995,43.316994,6.286823578543306,-119.3426358419207,48.85023339558329,0.7065009127914234,0.1279001652456094,4.910746595139758e-17,-0.6960589112675961
131.67819046974182,8.524206382956855,-81.66925774507658,39.85587921822294,9.43757408627178,-79.14003532309661,55.565788678796544,-0.7050998014619467,-0.03149999113040891,4.897525883608215e-18,0.7084080889833964,0.0,0.0,0.0,0.0,0.0,0.0,-0.314,9.1551647,-94.828995,43.316994,6.301808858540596,-119.33698612128684,48.90261203665158,0.7064021638165477,0.12800039208453867,2.946859845283227e-17,-0.6961407060224993
131.7737376689911,0,0,0,0,0,0,0,0,0,1,0.0,0.0,0.0,0.0,0.0,0.0,-0.314,0,0,0,0,0,0,0,0,0,1
131.9263563156128,8.524949154265574,-81.64280516583004,39.851577291464956,9.455153201078957,-79.10455024354522,55.619934628338754,-0.7049997872145043,-0.03149999049256296,-7.345256797989458e-18,0.7085076221371738,0.0,0.0,0.0,0.0,0.0,0.0,-0.314,9.1551647,-94.828995,43.316994,6.285471916707053,-119.29535595631364,48.90279560089532,0.7063021658368758,0.12800039250618736,-3.929702747370479e-17,-0.6962421633687522
132.02372455596924,8.525955781151982,-81.60695580389074,39.845747185903384,9.465961976049726,-79.08074686412479,55.54172612808592,-0.7049997777150755,-0.03139999009965017,4.8968071207422625e-18,0.7085120704994629,0.0,0.0,0.0,0.0,0.0,0.0,-0.314,9.1551647,-94.828995,43.316994,6.267946416401401,-119.29252798486162,48.88077607736496,0.706400926916761,0.12790016782652,4.911441675334094e-17,-0.696160382039289
132.08575010299683,8.524840366371409,-81.64667946786307,39.8522073609727,9.451470891542755,-79.12009164199098,55.548206631497706,-0.7050997925839062,-0.03139999076320331,-2.448747565168557e-18,0.7084125373524973,0.0,0.0,0.0,0.0,0.0,0.0,-0.314,9.1551647,-94.828995,43.316994,6.291911164417286,-119.33606127807859,48.901525613124164,0.7065009127914234,0.1279001652456094,4.910746595139758e-17,-0.6960589112675961
132.1435739994049,0,0,0,0,0,0,0,0,0,1,0.0,0.0,0.0,0.0,0.0,0.0,-0.314,0,0,0,0,0,0,0,0,0,1
132.21577906608582,8.524512118101669,-81.65836949043926,39.85410848450599,9.449471335968923,-79.13052590414793,55.557540866910834,-0.7050997925839062,-0.03139999076320331,-2.448747565168557e-18,0.7084125373524973,0.0,0.0,0.0,0.0,0.0,0.0,-0.314,9.1551647,-94.828995,43.316994,6.305484022819428,-119.34497467085497,48.86232958087588,0.7065021609479875,0.128000391509331,9.821475838936706e-18,-0.6960392204102309
132.33845281600952,8.52490727469845,-81.64429663777459,39.851819846378305,9.436485611545407,-79.12574136262485,55.49582799042942,-0.7051998158949213,-0.031499991776361334,0.0,0.708308527535747,0.0,0.0,0.0,0.0,0.0,0.0,-0.314,9.1551647,-94.828995,43.316994,6.289687745720386,-119.32225646012459,48.84148826299481,0.7064031307592378,0.1282005681813905,-3.929141082061372e-17,-0.6961028883516546
132.40379858016968,0,0,0,0,0,0,0,0,0,1,0.0,0.0,0.0,0.0,0.0,0.0,-0.314,0,0,0,0,0,0,0,0,0,1
132.47464561462402,8.524957076487052,-81.6425230289341,39.851531408141035,9.453740779483809,-79.11911335695547,55.52835995502218,-0.7050998014619467,-0.03149999113040891,4.897525883608215e-18,0.7084080889833964,0.0,0.0,0.0,0.0,0.0,0.0,-0.314,9.1551647,-94.828995,43.316994,6.293370055256588,-119.30671506167883,48.91321625983585,0.7063018931191923,0.12810034335065626,0.0,-0.6962240571897017
132.51698923110962,0,0,0,0,0,0,0,0,0,1,0.0,0.0,0.0,0.0,0.0,0.0,-0.314,0,0,0,0,0,0,0,0,0,1
132.58630347251892,8.524723656255768,-81.65083590679207,39.85288331380437,9.449201003601672,-79.12106992702651,55.56805330797324,-0.7050998014619467,-0.03149999113040891,4.897525883608215e-18,0.7084080889833964,0.0,0.0,0.0,0.0,0.0,0.0,-0.314,9.1551647,-94.828995,43.316994,6.282607749529973,-119.31573533810976,48.911540733483804,0.7064021638165477,0.12800039208453867,2.946859845283227e-17,-0.6961407060224993
132.71341466903687,8.524615499409345,-81.65468773509707,39.85350972845747,9.430810891692744,-79.12818707521366,55.545444681618235,-0.7050998014619467,-0.03149999113040891,4.897525883608215e-18,0.7084080889833964,0.0,0.0,0.0,0.0,0.0,0.0,-0.314,9.1551647,-94.828995,43.316994,6.2543199434977055,-119.32192764308866,48.887845683601384,0.7064021638165477,0.12800039208453867,2.946859845283227e-17,-0.6961407060224993
132.7710099220276,0,0,0,0,0,0,0,0,0,1,0.0,0.0,0.0,0.0,0.0,0.0,-0.314,0,0,0,0,0,0,0,0,0,1
132.82923245429993,8.525137548247004,-81.63609582384974,39.85048616543432,9.479488365207743,-79.10444335989068,55.58241412244253,-0.7050999854812877,-0.03149999935138358,2.4487635761993483e-18,0.7084079054578307,0.0,0.0,0.0,0.0,0.0,0.0,-0.314,9.1551647,-94.828995,43.316994,6.293370055256588,-119.30671506167883,48.91321625983585,0.7063021658368758,0.12800039250618736,-3.929702747370479e-17,-0.6962421633687522
132.92349362373352,8.525218416429752,-81.6332158364464,39.85001779920214,9.470725615054931,-79.10302937416466,55.57140436067735,-0.7049997872145043,-0.03149999049256296,-7.345256797989458e-18,0.7085076221371738,0.0,0.0,0.0,0.0,0.0,0.0,-0.314,9.1551647,-94.828995,43.316994,6.304402693350426,-119.30715076236932,48.904379345125506,0.7063021658368758,0.12800039250618736,-3.929702747370479e-17,-0.6962421633687522
132.9607493877411,0,0,0,0,0,0,0,0,0,1,0.0,0.0,0.0,0.0,0.0,0.0,-0.314,0,0,0,0,0,0,0,0,0,1
133.0978684425354,8.525586284362857,-81.62011482468343,39.84788720949538,9.430587028569676,-79.10394799510274,55.47607309607575,-0.7050997925839062,-0.03139999076320331,-2.448747565168557e-18,0.7084125373524973,0.0,0.0,0.0,0.0,0.0,0.0,-0.314,9.1551647,-94.828995,43.316994,6.281195327934796,-119.33029845152,48.81996606016722,0.7064018884675101,0.1281003424585052,-2.9468609939424183e-17,-0.6961226000005668
133.14480352401733,0,0,0,0,0,0,0,0,0,1,0.0,0.0,0.0,0.0,0.0,0.0,-0.314,0,0,0,0,0,0,0,0,0,1
133.2060730457306,8.52504649793902,-81.63933843090676,39.8510135037303,9.428857805363123,-79.12383823438108,55.47489489042647,-0.7050997925839062,-0.03139999076320331,-2.448747565168557e-18,0.7084125373524973,0.0,0.0,0.0,0.0,0.0,0.0,-0.314,9.1551647,-94.828995,43.316994,6.2780608283904655,-119.3412218561947,48.83922363381811,0.7065021609479875,0.128000391509331,9.821475838936706e-18,-0.6960392204102309
133.26488280296326,0,0,0,0,0,0,0,0,0,1,0.0,0.0,0.0,0.0,0.0,0.0,-0.314,0,0,0,0,0,0,0,0,0,1
133.33220219612122,8.525194905496548,-81.63405313968691,39.85015396804909,9.390401972840294,-79.11964971903032,55.460625858079055,-0.7051999705430583,-0.03129999869256627,7.347231068886577e-18,0.7083172393976551,0.0,0.0,0.0,0.0,0.0,0.0,-0.314,9.1551647,-94.828995,43.316994,6.266163578693323,-119.35073127514337,48.84747144570382,0.7065024378089438,0.1279004413245066,0.0,-0.6960573126395669
133.45567917823792,8.52537474620876,-81.6276484083306,39.84911238019701,9.430857360936926,-79.11340397222415,55.46556065501335,-0.7050997836783869,-0.031299990397296154,-2.448732237522345e-18,0.708416971604874,0.0,0.0,0.0,0.0,0.0,0.0,-0.314,9.1551647,-94.828995,43.316994,6.28909346648436,-119.34165755688518,48.830386719107764,0.7065006335331228,0.12800011478024023,-4.910748536209142e-17,-0.6960408216717908
133.5408103466034,0,0,0,0,0,0,0,0,0,1,0.0,0.0,0.0,0.0,0.0,0.0,-0.314,0,0,0,0,0,0,0,0,0,1
133.58805179595947,8.524921234554158,-81.64379948045975,39.85173899474052,9.442708141389943,-79.11867765626498,55.537196869732526,-0.7050998014619467,-0.03149999113040891,4.897525883608215e-18,0.7084080889833964,0.0,0.0,0.0,0.0,0.0,0.0,-0.314,9.1551647,-94.828995,43.316994,6.295910275564893,-119.31519275376472,48.88285714229792,0.7064021638165477,0.12800039208453867,2.946859845283227e-17,-0.6961407060224993
133.63690519332886,0,0,0,0,0,0,0,0,0,1,0.0,0.0,0.0,0.0,0.0,0.0,-0.314,0,0,0,0,0,0,0,0,0,1
133.71215867996216,8.525007509323395,-81.64072694636556,39.85123931504913,9.456288145049484,-79.10406110102747,55.61001129010099,-0.7049997966878945,-0.03159999088700349,-7.345303061794965e-18,0.7085031596584228,0.0,0.0,0.0,0.0,0.0,0.0,-0.314,9.1551647,-94.828995,43.316994,6.26454158448982,-119.29399541241492,48.91054609207825,0.7064006502884528,0.1280001178325622,1.9645774394669056e-17,-0.6961422922843441
133.82990908622742,8.525592321997088,-81.61989980426453,39.84785224118152,9.43822198000936,-79.08232117533262,55.609016648695444,-0.7049997872145043,-0.03149999049256296,-7.345256797989458e-18,0.7085076221371738,0.0,0.0,0.0,0.0,0.0,0.0,-0.314,9.1551647,-94.828995,43.316994,6.254049611130455,-119.31247166596725,48.898358124663794,0.7064021638165477,0.12800039208453867,2.946859845283227e-17,-0.6961407060224993
133.89650106430054,0,0,0,0,0,0,0,0,0,1,0.0,0.0,0.0,0.0,0.0,0.0,-0.314,0,0,0,0,0,0,0,0,0,1
133.95845413208008,8.525461652025738,-81.62455340050838,39.848609045650974,9.42972956222377,-79.09036316672803,55.58749444586786,-0.7049997872145043,-0.03149999049256296,-7.345256797989458e-18,0.7085076221371738,0.0,0.0,0.0,0.0,0.0,0.0,-0.314,9.1551647,-94.828995,43.316994,6.263676972886543,-119.30394053205409,48.909956989253615,0.7064006502884528,0.1280001178325622,1.9645774394669056e-17,-0.6961422922843441
134.0384726524353,0,0,0,0,0,0,0,0,0,1,0.0,0.0,0.0,0.0,0.0,0.0,-0.314,0,0,0,0,0,0,0,0,0,1
134.08295273780823,8.52543850785307,-81.62537764217525,39.84874309032195,9.454335058719835,-79.09971226019489,55.53946149890922,-0.7049997681901409,-0.03129998970829986,0.0,0.7085165047450258,0.0,0.0,0.0,0.0,0.0,0.0,-0.314,9.1551647,-94.828995,43.316994,6.28687719304483,-119.3043227909173,48.88235982159515,0.706400926916761,0.12790016782652,4.911441675334094e-17,-0.696160382039289
134.21698379516602,8.524884761573523,-81.64509840571343,39.851950236194654,9.446383305668775,-79.1266662058331,55.49691441395683,-0.7050997836783869,-0.031299990397296154,-2.448732237522345e-18,0.708416971604874,0.0,0.0,0.0,0.0,0.0,0.0,-0.314,9.1551647,-94.828995,43.316994,6.272980387773856,-119.32426647202291,48.899941868893976,0.7064024380463695,0.1279004414299698,-2.9468587012938994e-17,-0.6961587984103657
134.2888855934143,8.524651341342238,-81.65341128357142,39.85330214185798,9.441843529786638,-79.12862277590415,55.53660776690789,-0.7050997925839062,-0.03139999076320331,-2.448747565168557e-18,0.7084125373524973,0.0,0.0,0.0,0.0,0.0,0.0,-0.314,9.1551647,-94.828995,43.316994,6.301268193806095,-119.31807416704402,48.923636918776396,0.7064024380463695,0.1279004414299698,-2.9468587012938994e-17,-0.6961587984103657
134.33125376701355,0,0,0,0,0,0,0,0,0,1,0.0,0.0,0.0,0.0,0.0,0.0,-0.314,0,0,0,0,0,0,0,0,0,1
134.41560316085815,8.525043351256288,-81.6394504948399,39.85103172844964,9.46732078314335,-79.10449680171796,55.60117437539064,-0.7049997872145043,-0.03149999049256296,-7.345256797989458e-18,0.7085076221371738,0.0,0.0,0.0,0.0,0.0,0.0,-0.314,9.1551647,-94.828995,43.316994,6.314300387473793,-119.30807560557757,48.90546576865292,0.7064021638165477,0.12800039208453867,2.946859845283227e-17,-0.6961407060224993
134.46070909500122,0,0,0,0,0,0,0,0,0,1,0.0,0.0,0.0,0.0,0.0,0.0,-0.314,0,0,0,0,0,0,0,0,0,1
134.5833158493042,8.52503479798707,-81.63975510546388,39.8510812666282,9.483441007111196,-79.09835793856632,55.64362967822117,-0.704999806134712,-0.031699991282936685,0.0,0.7084986830634763,0.0,0.0,0.0,0.0,0.0,0.0,-0.314,9.1551647,-94.828995,43.316994,6.292559058154836,-119.2783471303146,48.94475358302307,0.7063018931191923,0.12810034335065626,0.0,-0.6962240571897017
134.6373429298401,0,0,0,0,0,0,0,0,0,1,0.0,0.0,0.0,0.0,0.0,0.0,-0.314,0,0,0,0,0,0,0,0,0,1
134.71041059494019,8.524873061621573,-81.64551508027056,39.85201799909255,9.50096650741682,-79.10118591001834,55.66564920175153,-0.704999806134712,-0.031699991282936685,0.0,0.7084986830634763,0.0,0.0,0.0,0.0,0.0,0.0,-0.314,9.1551647,-94.828995,43.316994,6.283525975634802,-119.26747716746718,48.9442562623203,0.7063003910752731,0.12810007092841919,-1.9648563108802602e-17,-0.6962256310960192
134.79461312294006,8.524760129236403,-81.64953698153838,39.85267207235024,9.445525839322869,-79.11308137745839,55.60833576374894,-0.7049997872145043,-0.03149999049256296,-7.345256797989458e-18,0.7085076221371738,0.0,0.0,0.0,0.0,0.0,0.0,-0.314,9.1551647,-94.828995,43.316994,6.275844554950936,-119.30388709022681,48.891196736305496,0.7064006502884528,0.1280001178325622,1.9645774394669056e-17,-0.6961422922843441
134.83452939987183,0,0,0,0,0,0,0,0,0,1,0.0,0.0,0.0,0.0,0.0,0.0,-0.314,0,0,0,0,0,0,0,0,0,1
134.95744013786316,8.52430976426453,-81.6655759897344,39.85528046217442,9.418913641995601,-79.13769649416236,55.55369249350395,-0.7050997836783869,-0.031299990397296154,-2.448732237522345e-18,0.708416971604874,0.0,0.0,0.0,0.0,0.0,0.0,-0.314,9.1551647,-94.828995,43.316994,6.301808858540596,-119.33698612128684,48.90261203665158,0.7065009127914234,0.1279001652456094,4.910746595139758e-17,-0.6960589112675961
135.0241162776947,0,0,0,0,0,0,0,0,0,1,0.0,0.0,0.0,0.0,0.0,0.0,-0.314,0,0,0,0,0,0,0,0,0,1
135.08363604545593,8.524782011313588,-81.64875768732757,39.852545337388534,9.450335947572228,-79.12058078450875,55.558129969735475,-0.7050997925839062,-0.03139999076320331,-2.448747565168557e-18,0.7084125373524973,0.0,0.0,0.0,0.0,0.0,0.0,-0.314,9.1551647,-94.828995,43.316994,6.302673470143873,-119.32704100164767,48.903201139476224,0.7064024380463695,0.1279004414299698,-2.9468587012938994e-17,-0.6961587984103657
135.14275646209717,0,0,0,0,0,0,0,0,0,1,0.0,0.0,0.0,0.0,0.0,0.0,-0.314,0,0,0,0,0,0,0,0,0,1
135.2157051563263,8.524862879496336,-81.64587769992424,39.85207697115636,9.441573197419416,-79.11916679878274,55.547120207970295,-0.7050998014619467,-0.03149999113040891,4.897525883608215e-18,0.7084080889833964,0.0,0.0,0.0,0.0,0.0,0.0,-0.314,9.1551647,-94.828995,43.316994,6.283472361133249,-119.30579021847058,48.91212983630844,0.7064006502884528,0.1280001178325622,1.9645774394669056e-17,-0.6961422922843441
135.33517122268677,8.52457587974598,-81.6560987242839,39.85373919463093,9.472949033751831,-79.11683419211866,55.63144171080671,-0.704999806134712,-0.031699991282936685,0.0,0.7084986830634763,0.0,0.0,0.0,0.0,0.0,0.0,-0.314,9.1551647,-94.828995,43.316994,6.299916531969842,-119.27079428143696,48.976199124088424,0.7062018969333039,0.12810034409113027,6.877956224456013e-17,-0.6963254861137407
135.3946807384491,0,0,0,0,0,0,0,0,0,1,0.0,0.0,0.0,0.0,0.0,0.0,-0.314,0,0,0,0,0,0,0,0,0,1
135.45176720619202,8.525408072506664,-81.62646154701002,39.848919363462215,9.465645174438322,-79.08607398999288,55.632122595753216,-0.7048997933324237,-0.031699990705969405,2.448106000700589e-18,0.7085981879380921,0.0,0.0,0.0,0.0,0.0,0.0,-0.314,9.1551647,-94.828995,43.316994,6.29482894609589,-119.27736884527907,48.92490690654755,0.7063018931191923,0.12810034335065626,0.0,-0.6962240571897017
135.54962992668152,8.524827037563442,-81.6471541514499,39.852284557755844,9.430540559325522,-79.11873109809225,55.555957122680645,-0.7050997925839062,-0.03139999076320331,-2.448747565168557e-18,0.7084125373524973,0.0,0.0,0.0,0.0,0.0,0.0,-0.314,9.1551647,-94.828995,43.316994,6.290228410454887,-119.34116841436742,48.820463380869995,0.7065024378089438,0.1279004413245066,0.0,-0.6960573126395669
135.6527018547058,0,0,0,0,0,0,0,0,0,1,0.0,0.0,0.0,0.0,0.0,0.0,-0.314,0,0,0,0,0,0,0,0,0,1
135.76740264892578,8.525527929305037,-81.62219304414792,39.84822518591122,9.429452084599149,-79.1044371376205,55.48599643431352,-0.7050997925839062,-0.03139999076320331,-2.448747565168557e-18,0.7084125373524973,0.0,0.0,0.0,0.0,0.0,0.0,-0.314,9.1551647,-94.828995,43.316994,6.273567521752511,-119.32839532327623,48.79903296016428,0.7065021609479875,0.128000391509331,9.821475838936706e-18,-0.6960392204102309
135.84636974334717,8.526630015277641,-81.5829440637624,39.84184220762504,9.423012836888944,-79.06373181585556,55.48726642208467,-0.7049997777150755,-0.03139999009965017,4.8968071207422625e-18,0.7085120704994629,0.0,0.0,0.0,0.0,0.0,0.0,-0.314,9.1551647,-94.828995,43.316994,6.251826192433555,-119.29866684801326,48.83832077453443,0.7064021638165477,0.12800039208453867,2.946859845283227e-17,-0.6961407060224993
135.91358542442322,0,0,0,0,0,0,0,0,0,1,0.0,0.0,0.0,0.0,0.0,0.0,-0.314,0,0,0,0,0,0,0,0,0,1
135.95946288108826,8.525321797737428,-81.62953408110424,39.84941904315362,9.45206517077878,-79.1006905452304,55.55930817538476,-0.7050998014619467,-0.03149999113040891,4.897525883608215e-18,0.7084080889833964,0.0,0.0,0.0,0.0,0.0,0.0,-0.314,9.1551647,-94.828995,43.316994,6.287147525412081,-119.3137787680387,48.87184738053274,0.7064024380463695,0.1279004414299698,-2.9468587012938994e-17,-0.6961587984103657
136.04663062095642,8.524678630005914,-81.65243944266975,39.85314409343705,9.46899639184835,-79.122919613443,55.57022615502807,-0.7050998014619467,-0.03149999113040891,4.897525883608215e-18,0.7084080889833964,0.0,0.0,0.0,0.0,0.0,0.0,-0.314,9.1551647,-94.828995,43.316994,6.306078302055454,-119.32557357409438,48.87343112476293,0.7065009127914234,0.1279001652456094,4.910746595139758e-17,-0.6960589112675961
136.17660355567932,0,0,0,0,0,0,0,0,0,1,0.0,0.0,0.0,0.0,0.0,0.0,-0.314,0,0,0,0,0,0,0,0,0,1
136.22660541534424,8.524853695179377,-81.64620478427626,39.85213016418955,9.47240122375996,-79.12145218588972,55.540456140314774,-0.7050998014619467,-0.03149999113040891,4.897525883608215e-18,0.7084080889833964,0.0,0.0,0.0,0.0,0.0,0.0,-0.314,9.1551647,-94.828995,43.316994,6.293910719991089,-119.32562701592165,48.89219137771104,0.7064021638165477,0.12800039208453867,2.946859845283227e-17,-0.6961407060224993
136.2689962387085,0,0,0,0,0,0,0,0,0,1,0.0,0.0,0.0,0.0,0.0,0.0,-0.314,0,0,0,0,0,0,0,0,0,1
136.3422863483429,8.524826406515702,-81.64717662517793,39.85228821261048,9.445248361698248,-79.12715534835087,55.5068377521946,-0.7050997925839062,-0.03139999076320331,-2.448747565168557e-18,0.7084125373524973,0.0,0.0,0.0,0.0,0.0,0.0,-0.314,9.1551647,-94.828995,43.316994,6.304943358084927,-119.32606271661214,48.8833544630007,0.7064021638165477,0.12800039208453867,2.946859845283227e-17,-0.6961407060224993
136.4016149044037,0,0,0,0,0,0,0,0,0,1,0.0,0.0,0.0,0.0,0.0,0.0,-0.314,0,0,0,0,0,0,0,0,0,1
136.52180576324463,8.524732209524986,-81.65053129616808,39.852833775625804,9.433080779633826,-79.12720879017814,55.52559800514271,-0.7050997925839062,-0.03139999076320331,-2.448747565168557e-18,0.7084125373524973,0.0,0.0,0.0,0.0,0.0,0.0,-0.314,9.1551647,-94.828995,43.316994,6.294775331594366,-119.31568189628248,48.892780480535684,0.7064024380463695,0.1279004414299698,-2.9468587012938994e-17,-0.6961587984103657
136.58407521247864,8.525671928084353,-81.61706476431726,39.847391184658626,9.458874834601943,-79.09775569012383,55.49976814595817,-0.7049997777150755,-0.03139999009965017,4.8968071207422625e-18,0.7085120704994629,0.0,0.0,0.0,0.0,0.0,0.0,-0.314,9.1551647,-94.828995,43.316994,6.313759722739292,-119.28916365133475,48.92649065077774,0.7063021658368758,0.12800039250618736,-3.929702747370479e-17,-0.6962421633687522
136.6454086303711,0,0,0,0,0,0,0,0,0,1,0.0,0.0,0.0,0.0,0.0,0.0,-0.314,0,0,0,0,0,0,0,0,0,1
136.71320056915283,8.525811151324923,-81.61210655744944,39.846584842010614,9.451247028419658,-79.09585256188006,55.47883504595522,-0.7050997836783869,-0.031299990397296154,-2.448732237522345e-18,0.708416971604874,0.0,0.0,0.0,0.0,0.0,0.0,-0.314,9.1551647,-94.828995,43.316994,6.3267919164069895,-119.2791650898683,48.90831950065426,0.7063021658368758,0.12800039250618736,-3.929702747370479e-17,-0.6962421633687522
136.7921884059906,0,0,0,0,0,0,0,0,0,1,0.0,0.0,0.0,0.0,0.0,0.0,-0.314,0,0,0,0,0,0,0,0,0,1
136.92784905433655,8.524790564582807,-81.64845307670359,39.852495799209976,9.434215723604325,-79.12671964766038,55.51567466690494,-0.7050997925839062,-0.03139999076320331,-2.448747565168557e-18,0.7084125373524973,0.0,0.0,0.0,0.0,0.0,0.0,-0.314,9.1551647,-94.828995,43.316994,6.294504999227115,-119.30622591916107,48.903292921598094,0.7064003725394455,0.12810006755705408,-9.822891059587823e-18,-0.6961241888973625
137.02423214912415,8.524453763043848,-81.66044770990374,39.85444646092182,9.448336391998396,-79.13101504666568,55.567464205148596,-0.7050998014619467,-0.03149999113040891,4.897525883608215e-18,0.7084080889833964,0.0,0.0,0.0,0.0,0.0,0.0,-0.314,9.1551647,-94.828995,43.316994,6.276392364942836,-119.29926909645575,48.98218230679744,0.7063021658368758,0.12800039250618736,-3.929702747370479e-17,-0.6962421633687522
137.09597992897034,8.524782011313588,-81.64875768732757,39.852545337388534,9.450335947572228,-79.12058078450875,55.558129969735475,-0.7050998014619467,-0.03149999113040891,4.897525883608215e-18,0.7084080889833964,0.0,0.0,0.0,0.0,0.0,0.0,-0.314,9.1551647,-94.828995,43.316994,6.2879656677712035,-119.31861675138904,48.95232050996228,0.7064021638165477,0.12800039208453867,2.946859845283227e-17,-0.6961407060224993
137.1464343070984,0,0,0,0,0,0,0,0,0,1,0.0,0.0,0.0,0.0,0.0,0.0,-0.314,0,0,0,0,0,0,0,0,0,1
137.2085952758789,8.524592986284418,-81.65548950303591,39.853640118273816,9.440708585816111,-79.12911191842191,55.54653110514566,-0.7051999781990189,-0.03139999902928134,0.0,0.708312805763855,0.0,0.0,0.0,0.0,0.0,0.0,-0.314,9.1551647,-94.828995,43.316994,6.315111384575545,-119.3364435369418,48.87392844546571,0.7065006335331228,0.12800011478024023,-4.910748536209142e-17,-0.6960408216717908
137.33741450309753,8.524862879496336,-81.64587769992424,39.85207697115636,9.441573197419416,-79.11916679878274,55.547120207970295,-0.7050997925839062,-0.03139999076320331,-2.448747565168557e-18,0.7084125373524973,0.0,0.0,0.0,0.0,0.0,0.0,-0.314,9.1551647,-94.828995,43.316994,6.317975551752625,-119.3160641551457,48.86518331287722,0.7064021638165477,0.12800039208453867,2.946859845283227e-17,-0.6961407060224993
137.42706418037415,8.525271995948826,-81.63130768994473,39.849707481390894,9.43481000284038,-79.10731855089979,55.52677621079199,-0.7050997925839062,-0.03139999076320331,-2.448747565168557e-18,0.7084125373524973,0.0,0.0,0.0,0.0,0.0,0.0,-0.314,9.1551647,-94.828995,43.316994,6.295639943197642,-119.3057367766433,48.893369583360325,0.7064021638165477,0.12800039208453867,2.946859845283227e-17,-0.6961407060224993
137.46711254119873,0,0,0,0,0,0,0,0,0,1,0.0,0.0,0.0,0.0,0.0,0.0,-0.314,0,0,0,0,0,0,0,0,0,1
137.5185832977295,0,0,0,0,0,0,0,0,0,1,0.0,0.0,0.0,0.0,0.0,0.0,-0.314,0,0,0,0,0,0,0,0,0,1
137.58097863197327,8.525955781151982,-81.60695580389074,39.845747185903384,9.465961976049726,-79.08074686412479,55.54172612808592,-0.7049997872145043,-0.03149999049256296,-7.345256797989458e-18,0.7085076221371738,0.0,0.0,0.0,0.0,0.0,0.0,-0.314,9.1551647,-94.828995,43.316994,6.287201139913634,-119.2754657170353,48.9039738065446,0.7063018931191923,0.12810034335065626,0.0,-0.6962240571897017
137.71342849731445,8.526158766036861,-81.59972683086755,39.84457155338032,9.481811867650322,-79.06515202385175,55.594693871978855,-0.7049997966878945,-0.03159999088700349,-7.345303061794965e-18,0.7085031596584228,0.0,0.0,0.0,0.0,0.0,0.0,-0.314,9.1551647,-94.828995,43.316994,6.269405307240731,-119.26318176846186,48.89246672407665,0.7063021658368758,0.12800039250618736,-3.929702747370479e-17,-0.6962421633687522
137.76673555374146,0,0,0,0,0,0,0,0,0,1,0.0,0.0,0.0,0.0,0.0,0.0,-0.314,0,0,0,0,0,0,0,0,0,1
137.83039832115173,8.526073122315365,-81.60277689123372,39.84506757821708,9.453524061618083,-79.07134432883065,55.57099882209644,-0.7049997966878945,-0.03159999088700349,-7.345303061794965e-18,0.7085031596584228,0.0,0.0,0.0,0.0,0.0,0.0,-0.314,9.1551647,-94.828995,43.316994,6.248745307390777,-119.27127720168454,48.88970477419718,0.7063018931191923,0.12810034335065626,0.0,-0.6962240571897017
137.92630076408386,8.524876839352045,-81.6453805426094,39.851996119518574,9.447795727263923,-79.11210309242287,55.5884890872734,-0.7050998014619467,-0.03149999113040891,4.897525883608215e-18,0.7084080889833964,0.0,0.0,0.0,0.0,0.0,0.0,-0.314,9.1551647,-94.828995,43.316994,6.2554548874682325,-119.32143850057089,48.87792234536363,0.7064021638165477,0.12800039208453867,2.946859845283227e-17,-0.6961407060224993
138.01625537872314,0,0,0,0,0,0,0,0,0,1,0.0,0.0,0.0,0.0,0.0,0.0,-0.314,0,0,0,0,0,0,0,0,0,1
138.18023204803467,8.524893945890483,-81.64477132136142,39.85189704316145,9.415555279328231,-79.12438081872612,55.50357848161235,-0.7051999705430583,-0.03129999869256627,7.347231068886577e-18,0.7083172393976551,0.0,0.0,0.0,0.0,0.0,0.0,-0.314,9.1551647,-94.828995,43.316994,6.256265884569984,-119.34980643193512,48.846385022176406,0.7065021609479875,0.128000391509331,9.821475838936706e-18,-0.6960392204102309
138.2670714855194,8.525171761323879,-81.6348773813538,39.85028801272008,9.41500746933636,-79.1289988124972,55.41259291112041,-0.7051999628561916,-0.031199998356655115,7.347185226400342e-18,0.7083216589164633,0.0,0.0,0.0,0.0,0.0,0.0,-0.314,9.1551647,-94.828995,43.316994,6.306348634422704,-119.3350295512158,48.86291868370053,0.7065009127914234,0.1279001652456094,4.910746595139758e-17,-0.6960589112675961
138.38838911056519,8.524987511833457,-81.64143912409929,39.85135513500077,9.442430663765293,-79.13275162715746,55.435698858178185,-0.7051999628561916,-0.031199998356655115,7.347185226400342e-18,0.7083216589164633,0.8192499999999998,0.24499999999999966,8.149750000000001,-3.5427500000000003,3.78775,4.362,-0.314,9.1551647,-94.828995,43.316994,6.343669522975034,-119.33970720908431,48.88711105428571,0.7065009127914234,0.1279001652456094,4.910746595139758e-17,-0.6960589112675961
138.4834053516388,8.524857472909847,-81.64607024661511,39.85210828461558,9.419230443607063,-79.13236936829425,55.463296025836655,-0.7051999705430583,-0.03129999869256627,7.347231068886577e-18,0.7083172393976551,0.6007499999999997,-0.6007500000000006,13.317499999999999,-6.65875,6.058,7.2595,-0.314,9.1551647,-94.828995,43.316994,6.321874579154553,-119.34829178482475,48.894272442644,0.7065006335331228,0.12800011478024023,-4.910748536209142e-17,-0.6960408216717908
138.5566532611847,8.524624683726303,-81.65436065074506,39.85345653542427,9.399982865352229,-79.12590168810668,55.55210874927376,-0.7050997925839062,-0.03139999076320331,-2.448747565168557e-18,0.7084125373524973,0.20800000000000018,-0.7457500000000001,11.606750000000002,-6.07225,5.3265,6.2802500000000006,-0.314,9.1551647,-94.828995,43.316994,6.281472805559446,-119.31622448062751,48.92146407172157,0.7064006502884528,0.1280001178325622,1.9645774394669056e-17,-0.6961422922843441
138.64764022827148,0,0,0,0,0,0,0,0,0,1,0.49324999999999974,-0.65225,6.7155000000000005,-3.43725,2.785,3.9305,-0.314,0,0,0,0,0,0,0,0,0,1
138.7339539527893,8.525338904275866,-81.62892485985626,39.8493199667965,9.419824722843089,-79.11296827153366,55.4743975697237,-0.7050997925839062,-0.03139999076320331,-2.448747565168557e-18,0.7084125373524973,2.48775,0.26,5.31825,-1.28525,1.54525,3.773,-0.314,9.1551647,-94.828995,43.316994,6.30694291365873,-119.31562845445521,48.87402022758757,0.7064021638165477,0.12800039208453867,2.946859845283227e-17,-0.6961407060224993
138.80164885520935,0,0,0,0,0,0,0,0,0,1,1.32525,-0.02650000000000008,2.31575,-0.5085000000000001,0.482,1.83375,-0.314,0,0,0,0,0,0,0,0,0,1
138.85185980796814,8.525758202853591,-81.61399223022305,39.846891504967225,9.472454838261484,-79.08313913488631,55.57258256632663,-0.7049997777150755,-0.03139999009965017,4.8968071207422625e-18,0.7085120704994629,0.69425,-0.60075,0.09350000000000003,0.0,-0.60075,0.69425,-0.314,9.1551647,-94.828995,43.316994,6.295099278463141,-119.28682482240049,48.91439446548513,0.7063021658368758,0.12800039250618736,-3.929702747370479e-17,-0.6962421633687522
138.9020390510559,0,0,0,0,0,0,0,0,0,1,0.60075,-0.60075,0.0,0.0,-0.60075,0.60075,-0.314,0,0,0,0,0,0,0,0,0,1
139.05259656906128,8.525537113621997,-81.6218659597959,39.848171992878015,9.398624058258605,-79.10215175051351,55.49266050196904,-0.7050997925839062,-0.03139999076320331,-2.448747565168557e-18,0.7084125373524973,0.60075,-0.60075,0.0,0.0,-0.60075,0.60075,-0.314,9.1551647,-94.828995,43.316994,6.252320387923902,-119.33236190524559,48.89717991901451,0.7064021638165477,0.12800039208453867,2.946859845283227e-17,-0.6961407060224993
139.10635781288147,0,0,0,0,0,0,0,0,0,1,0.60075,-0.60075,0.0,0.0,-0.60075,0.60075,-0.314,0,0,0,0,0,0,0,0,0,1
139.17648911476135,8.52530783788172,-81.63003123841908,39.8494998947914,9.445842640934274,-79.10775425159028,55.51793929608164,-0.7050998014619467,-0.03149999113040891,4.897525883608215e-18,0.7084080889833964,0.60075,-0.60075,0.0,0.0,-0.60075,0.60075,-0.314,9.1551647,-94.828995,43.316994,6.2942346668598645,-119.29676994203966,48.9138053626605,0.7063021658368758,0.12800039250618736,-3.929702747370479e-17,-0.6962421633687522
139.27098298072815,0,0,0,0,0,0,0,0,0,1,0.60075,-0.60075,0.0,0.0,-0.60075,0.60075,-0.314,0,0,0,0,0,0,0,0,0,1
139.34401941299438,8.525455614391507,-81.62476842092725,39.84864401396483,9.422094610784143,-79.11198998649813,55.45455089324817,-0.7050997925839062,-0.03139999076320331,-2.448747565168557e-18,0.7084125373524973,0.60075,-0.60075,0.0,0.0,-0.60075,0.60075,-0.314,9.1551647,-94.828995,43.316994,6.277249831288714,-119.31285392483046,48.87076095700533,0.7064018884675101,0.1281003424585052,-2.9468609939424183e-17,-0.6961226000005668
139.4665288925171,8.525698218939752,-81.61612845871727,39.847238915268306,9.395806360325679,-79.1077480293201,55.42152160795263,-0.7051997993530568,-0.03129999109437134,0.0,0.708317410169975,0.82625,-0.34099999999999997,-1.14375,0.8145,-1.1555,0.01175,-0.314,9.1551647,-94.828995,43.316994,6.287958522513833,-119.34214669940295,48.84031005734552,0.7065021609479875,0.128000391509331,9.821475838936706e-18,-0.6960392204102309
139.53863763809204,0,0,0,0,0,0,0,0,0,1,1.2617500000000001,-0.05025000000000013,-2.016,1.61375,-1.6640000000000001,-0.352,-0.314,0,0,0,0,0,0,0,0,0,1
139.58520555496216,8.525639863881931,-81.61820667818175,39.847576891684135,9.394671416355152,-79.10823717183786,55.431444946190396,-0.7051999705430583,-0.03129999869256627,7.347231068886577e-18,0.7083172393976551,4.4965,-0.48924999999999974,-1.50325,2.75525,-3.2445,1.74125,-0.314,9.1551647,-94.828995,43.316994,6.277196216787189,-119.35116697583386,48.83863453099346,0.7065021609479875,0.128000391509331,9.821475838936706e-18,-0.6960392204102309
139.66597843170166,0,0,0,0,0,0,0,0,0,1,8.83225,1.2117500000000003,-1.4299999999999997,5.737,-4.52525,3.09525,-0.314,0,0,0,0,0,0,0,0,0,1
139.71424269676208,8.525527929305037,-81.62219304414792,39.84822518591122,9.429452084599149,-79.1044371376205,55.48599643431352,-0.7050997925839062,-0.03139999076320331,-2.448747565168557e-18,0.7084125373524973,14.447500000000002,1.1755000000000004,2.0220000000000002,6.8005,-5.625,7.647,-0.314,9.1551647,-94.828995,43.316994,6.278384775259241,-119.3123647823127,48.86083761876756,0.7064021638165477,0.12800039208453867,2.946859845283227e-17,-0.6961407060224993
139.84812450408936,8.525488309641672,-81.62360403333473,39.84845465208468,9.471590226658208,-79.0930842545255,55.57199346350199,-0.7049997872145043,-0.03149999049256296,-7.345256797989458e-18,0.7085076221371738,24.04475,-3.8707499999999992,-3.037000000000001,11.605500000000001,-15.47625,12.43925,-0.314,9.1551647,-94.828995,43.316994,6.277573778157489,-119.28399685094845,48.89237494195478,0.7063021658368758,0.12800039250618736,-3.929702747370479e-17,-0.6962421633687522
139.90977692604065,0,0,0,0,0,0,0,0,0,1,32.14975,-1.8030000000000008,-1.0622499999999988,15.7045,-17.5075,16.44525,-0.314,0,0,0,0,0,0,0,0,0,1
139.9571077823639,8.525748020728354,-81.61435484987675,39.84695047703103,9.41306152826408,-79.10112002365071,55.4540535725454,-0.7051997743246691,-0.030999990079501886,0.0,0.7083306282432708,44.9275,3.280750000000001,4.2272500000000015,21.9905,-18.70975,22.937,-0.314,9.1551647,-94.828995,43.316994,6.288823134117109,-119.33220157976376,48.84089916017017,0.706602014159609,0.12750036343808396,-9.820087920581349e-18,-0.6960296336426632
140.02125930786133,0,0,0,0,0,0,0,0,0,1,52.565250000000006,1.6877500000000012,3.3420000000000023,25.4555,-23.76775,27.109750000000002,-0.314,0,0,0,0,0,0,0,0,0,1
140.09129214286804,8.543324241274563,-80.98840664563723,39.74515385055349,5.972395477944588,-78.87602390985698,52.290313875646504,0.7191016856007479,-0.01230002883171909,1.2061739742186767e-18,-0.6947959952798389,53.5745,-3.335000000000001,-3.426000000000002,26.83275,-30.16775,26.74175,-0.314,9.1551647,-94.828995,43.316994,4.1642215197930454,-119.20719474849999,47.13278872095698,0.7313044634616434,0.08990054870121938,-1.4232568479881505e-17,-0.6761003424524332
140.21329808235168,8.557136697842953,-80.50314820981491,39.666863417258405,2.1693480771642157,-78.65900728800517,50.304077672860515,0.7220034782323481,-0.024500118028660013,2.402652519381016e-18,-0.6914555095137886,60.815000000000005,-4.572499999999998,-19.548000000000002,37.895250000000004,-42.46775,22.91975,-0.314,9.1551647,-94.828995,43.316994,1.4593293628092,-119.46050589078993,46.89155878027999,0.7521038183647089,0.08570043509354547,-3.229092589435374e-17,-0.6534487599085349
140.3038158416748,8.64256390148967,-87.73470862029939,41.229252702301075,7.677887068305608,-81.41487119850296,62.94134447743066,-0.6475898616089939,-0.0964984892607596,-1.3770304251423263e-17,0.755854094856696,65.7995,-4.572499999999998,-28.1635,44.69525,-49.26775,21.10425,-0.314,9.1551647,-94.828995,43.316994,2.4241913139833287,-120.827688566836,52.76924990396929,0.7110019588688533,0.18960052236502759,0.0,-0.677146849954692
140.34580540657043,0,0,0,0,0,0,0,0,0,1,72.6995,-2.7932500000000005,-33.28425,51.59525,-54.3885,21.10425,-0.314,0,0,0,0,0,0,0,0,0,1
140.43192863464355,0,0,0,0,0,0,0,0,0,1,79.49950000000001,2.7660000000000053,-34.525,58.395250000000004,-55.62925,21.10425,-0.314,0,0,0,0,0,0,0,0,0,1
140.47990441322327,9.1551647,-94.828995,43.316994,13.588920878281186,-87.23754399917793,75.83625668161436,-0.526485865255803,-0.20659445348879182,-2.524149653522057e-17,0.824700773295088,85.7995,5.14575,-38.44525,64.69525,-59.5495,21.10425,-0.314,9.1551647,-94.828995,43.316994,3.2609293480268207,-122.87944857887763,58.679161097495964,-0.6486007915096844,-0.2931003576803708,3.951360188168678e-17,0.7024309173012314
140.577721118927,9.1551647,-94.828995,43.316994,14.877184654591389,-92.48503819931923,82.92009611105729,-0.4194791959195663,-0.2761863025339313,2.4073036363233668e-17,0.864730206760068,95.7995,12.552,-41.039,74.69525,-62.14325,21.10425,-0.314,9.1551647,-94.828995,43.316994,2.6032482978843916,-124.69679049749283,61.4669960974785,-0.6178004765065246,-0.3519002714189802,3.9470444916549884e-17,0.7031989549221183
140.65185546875,0,0,0,0,0,0,0,0,0,1,102.09125,18.843749999999993,-41.039,80.987,-62.14325,21.10425,-0.314,0,0,0,0,0,0,0,0,0,1
140.72147059440613,9.1551647,-94.828995,43.316994,16.953206259344995,-97.11406567995165,87.40365930121601,-0.29328962099735056,-0.3102890194186085,-1.5346973152139812e-17,0.9042687225838728,103.38325,20.51025,-40.962,82.42775,-61.917500000000004,20.9555,-0.314,9.1551647,-94.828995,43.316994,1.8332693860608344,-125.80017347389374,63.40045891913701,-0.5922001189990326,-0.3892000782074019,5.900710612300959e-17,0.7055652472882179
140.76449966430664,0,0,0,0,0,0,0,0,0,1,103.3655,23.7515,-41.406,84.2615,-60.51,19.104,-0.314,0,0,0,0,0,0,0,0,0,1
140.84351062774658,9.1551647,-94.828995,43.316994,17.595524839535557,-98.85075063817425,88.44962880240874,-0.250882952798013,-0.31877833938623573,-7.59159628808003e-18,0.9140230381853096,103.4655,31.0165,-48.2905,91.38625,-60.36975,12.07925,-0.314,9.1551647,-94.828995,43.316994,1.6145192778903095,-126.3107884632415,63.8541336074642,-0.5852000691299591,-0.39840004706318466,-3.9298779029779735e-17,0.7062706857787198
140.96085500717163,9.1551647,-94.828995,43.316994,18.23208396918116,-102.12407349597387,91.00132430600458,-0.1471923942976637,-0.32958296984042085,0.0,0.9325821492244474,100.58775,38.33625,-58.48800000000001,98.706,-60.36975,1.88175,-0.314,9.1551647,-94.828995,43.316994,0.783903961076561,-127.23362169374832,65.20508032149355,-0.5655002369927389,-0.4273001790751501,-3.934590713319833e-17,0.7054247223648323
141.03804993629456,0,0,0,0,0,0,0,0,0,1,99.3605,40.14525,-58.01375,98.75975,-58.6145,0.60075,-0.314,0,0,0,0,0,0,0,0,0,1
141.09115719795227,9.1551647,-94.828995,43.316994,17.702394623836653,-103.55398055774972,92.49269783135364,-0.04519631504767975,-0.3358726155866274,-7.467540863295353e-17,0.9408224482893192,95.4535,42.208,-52.044000000000004,94.85275,-52.64475,0.60075,-0.314,9.1551647,-94.828995,43.316994,-0.393939387296399,-128.29673871274062,66.37839496412892,-0.5467005747914573,-0.4537004770127752,0.0,0.7037573151883187
141.16785526275635,0,0,0,0,0,0,0,0,0,1,89.19000000000001,42.14450000000001,-45.844,88.58925,-46.44475,0.60075,-0.314,0,0,0,0,0,0,0,0,0,1
141.22108340263367,9.1551647,-94.828995,43.316994,17.759738727137346,-103.08454992281025,92.46193205821261,-0.029798813999244674,-0.33608662366262526,1.0227457977094255e-16,0.9413595551537655,82.39,42.244499999999995,-38.944,81.78925,-39.54475,0.60075,-0.314,9.1551647,-94.828995,43.316994,-0.2939857200587994,-127.99486474302478,66.73725617798986,-0.5467004370112936,-0.4536003625906763,0.0,0.7038219542109124
141.34632658958435,9.1551647,-94.828995,43.316994,18.821906259428033,-101.91603988857526,90.86741506763535,-0.0537963799818042,-0.3396771427475629,-1.662670120697587e-17,0.9390023366295236,69.59,42.144499999999994,-26.244,68.98925,-26.84475,0.60075,-0.314,9.1551647,-94.828995,43.316994,0.7845746284265829,-127.03069305489802,65.00353747805903,-0.5637001054650557,-0.42800008007635965,3.928933464916466e-17,0.7064404593122584
141.38739848136902,0,0,0,0,0,0,0,0,0,1,65.39,42.144499999999994,-22.044,64.78925,-22.644750000000002,0.60075,-0.314,0,0,0,0,0,0,0,0,0,1
141.45803213119507,9.1551647,-94.828995,43.316994,20.33203597217235,-98.90038112955412,86.11991988598156,-0.20668489644951507,-0.3267761207532731,3.7620400893051654e-17,0.9222248752257204,58.79,42.344500000000004,-15.244,58.18925,-15.84475,0.60075,-0.314,9.1551647,-94.828995,43.316994,2.723676644335825,-125.3481930301247,61.93236880171861,-0.5988994092201896,-0.3659996389624135,0.0,0.7122947156304693
141.51561832427979,0,0,0,0,0,0,0,0,0,1,52.589999999999996,42.2445,-9.144,51.98925,-9.74475,0.60075,-0.314,0,0,0,0,0,0,0,0,0,1
141.59030938148499,9.1551647,-94.828995,43.316994,18.864662324646133,-93.10025213188402,80.49396057321258,-0.37718522487179734,-0.28408887164919844,-3.93588867438654e-17,0.8814901129017256,45.29,41.68375,-2.40475,44.68925,-3.0055,0.60075,-0.314,9.1551647,-94.828995,43.316994,3.6822671155732394,-123.88396360666788,59.23208427894399,-0.6263993270984095,-0.3174996589299888,5.8481101846529e-17,0.7119114057170319
141.71580934524536,9.1551647,-94.828995,43.316994,16.607228466469792,-88.79020810835085,75.55068100483237,-0.4825850726746916,-0.23369277141333494,8.220495862927966e-18,0.8440967576177018,32.59,31.3885,0.0,31.989250000000002,-0.60075,0.60075,-0.314,9.1551647,-94.828995,43.316994,3.936533332617728,-122.88090300410128,57.03314860038296,-0.645699738036301,-0.2827998852666346,0.0,0.7092926569428382
141.79380178451538,0,0,0,0,0,0,0,0,0,1,26.69,25.4885,0.0,26.08925,-0.60075,0.60075,-0.314,0,0,0,0,0,0,0,0,0,1
141.88684844970703,9.131980173460422,-94.50812606782603,43.22256712110138,15.279060940651078,-85.89943522781698,70.96619595452077,-0.5424909302641229,-0.18219695390621782,-8.461387112567538e-18,0.8200657660020092,15.49,14.2885,0.0,14.88925,-0.60075,0.60075,-0.314,9.1551647,-94.828995,43.316994,3.962820154858832,-121.98358267668547,55.25640291430889,-0.6638000606060018,-0.2479000226336665,-1.9667203541830906e-17,0.7056309646817491
141.95176935195923,9.087103432822591,-93.88704149129488,43.039791313868925,14.9541273496217,-85.49000779141433,70.13295689174137,-0.5515776651393732,-0.17309299100004621,-1.700779667301231e-17,0.8159662344644264,8.89,7.688500000000001,0.0,8.289250000000001,-0.60075,0.60075,-0.314,9.1551647,-94.828995,43.316994,3.9625118363451577,-121.89075520749506,54.87800766340926,-0.666700535574042,-0.2425001948053175,0.0,0.7047723401103855
142.0266978740692,0,0,0,0,0,0,0,0,0,1,2.2685,1.0670000000000002,0.0,1.66775,-0.60075,0.60075,-0.314,0,0,0,0,0,0,0,0,0,1
142.18510556221008,9.060286203864852,-93.51589672778867,42.93056901740036,14.872674986674667,-85.20794145160079,69.7344545799356,-0.5572876081446378,-0.16679629111524427,1.7061584848273302e-17,0.8133938277849341,0.60075,-0.60075,0.0,0.0,-0.60075,0.60075,-0.314,9.1551647,-94.828995,43.316994,3.9744484100290833,-121.88999263357076,54.67786537230191,-0.6684007303639476,-0.23950026170282093,-3.9415033820577896e-17,0.7041875377292768
142.25430536270142,0,0,0,0,0,0,0,0,0,1,0.60075,-0.60075,0.0,0.0,-0.60075,0.60075,-0.314,0,0,0,0,0,0,0,0,0,1
142.32511186599731,9.052609418409128,-93.40965164456466,42.89930269460869,14.701696572390631,-85.14471924187421,69.59708888536012,-0.5583863502117365,-0.16599594221910507,1.7073969958298526e-17,0.8128038084704129,0.60075,-0.60075,0.0,0.0,-0.60075,0.60075,-0.314,9.1551647,-94.828995,43.316994,3.910568938651096,-121.87161704140279,54.63115615748359,-0.6691006870895341,-0.23820024460428488,0.0,0.7039637163993414
142.40799260139465,0,0,0,0,0,0,0,0,0,1,0.60075,-0.60075,0.0,0.0,-0.60075,0.60075,-0.314,0,0,0,0,0,0,0,0,0,1
142.47398495674133,9.04841657563899,-93.35162358951119,42.882225914721865,14.646896652776888,-85.12243050956415,69.47099296463969,-0.5598876550634379,-0.1648963642078244,-2.563648244143512e-17,0.8119944598201427,0.60075,-0.60075,0.0,0.0,-0.60075,0.60075,-0.314,9.1551647,-94.828995,43.316994,3.9081288020884983,-121.81004319532397,54.6137576744285,-0.6696005527154049,-0.23720019579464469,5.915291281877865e-17,0.7038260913877848
142.60808730125427,9.047816254458606,-93.34331527164312,42.8797809022993,14.694702369431184,-85.13216186189423,69.3953628500226,-0.5599831682143935,-0.1648950436402741,2.5638553699162288e-17,0.8119288613539011,0.60075,-0.60075,0.0,0.0,-0.60075,0.60075,-0.314,9.1551647,-94.828995,43.316994,3.893737801327177,-121.79629181919725,54.57248057724725,-0.6699004950224897,-0.23670017490942427,0.0,0.7037089980712704
142.6620590686798,0,0,0,0,0,0,0,0,0,1,0.60075,-0.60075,0.0,0.0,-0.60075,0.60075,-0.314,0,0,0,0,0,0,0,0,0,1
142.72861528396606,9.043934128731285,-93.28958747459002,42.863969623371645,14.62773486775302,-85.10992657141145,69.28802718225027,-0.560784725889187,-0.16419552780136323,-4.2752594108859864e-17,0.8115172948615582,0.60075,-0.60075,0.0,0.0,-0.60075,0.60075,-0.314,9.1551647,-94.828995,43.316994,3.860362409420958,-121.80905868801827,54.49749330982396,-0.6702005811083482,-0.23610020471453455,-1.9723278079749433e-17,0.7036248108301664
142.7827262878418,0,0,0,0,0,0,0,0,0,1,0.60075,-0.60075,0.0,0.0,-0.60075,0.60075,-0.314,0,0,0,0,0,0,0,0,0,1
142.85375237464905,9.039342921740028,-93.22604614316973,42.84527036954725,14.620477477683664,-85.06438326629616,69.20882404059189,-0.5611841309105018,-0.16379536821657198,-2.5657729913712258e-17,0.8113220375196413,0.60075,-0.60075,0.0,0.0,-0.60075,0.60075,-0.314,9.1551647,-94.828995,43.316994,3.8657667969063425,-121.79715699830805,54.45838905969754,-0.6704006440420337,-0.2358002265291043,0.0,0.7035348105366568
142.98061299324036,9.038920579175263,-93.22020101161026,42.84355023564032,14.620207145316414,-85.05492728917476,69.2193364816543,-0.5614909249450868,-0.1634973574862363,-8.554181035009496e-18,0.8111698683379016,0.60075,-0.60075,0.0,0.0,-0.60075,0.60075,-0.314,9.1551647,-94.828995,43.316994,3.8742592146919037,-121.78911500691265,54.47991126252513,-0.6705005136235829,-0.23560018047683245,3.945318121238151e-17,0.7035066568198168
143.06727361679077,9.038848132846024,-93.21919836977224,42.84325517329579,14.628699563101975,-85.04688529777934,69.24085868448188,-0.5615777969611273,-0.16319354783485746,-1.7108340117603343e-17,0.8111709091833602,0.60075,-0.60075,0.0,0.0,-0.60075,0.60075,-0.314,9.1551647,-94.828995,43.316994,3.883292297211966,-121.79998496976008,54.4804085832279,-0.6706003807201303,-0.23540013364377965,5.918214608773235e-17,0.7034784335418585
143.15790796279907,0,0,0,0,0,0,0,0,0,1,0.60075,-0.60075,0.0,0.0,-0.60075,0.60075,-0.314,0,0,0,0,0,0,0,0,0,1
143.2333927154541,9.03822078670421,-93.2105160321673,42.84070009251553,14.60268164501079,-85.05209931772274,69.19731695812393,-0.5617775675223565,-0.16299349146697065,1.7110409587676425e-17,0.8110727996721815,0.60075,-0.60075,0.0,0.0,-0.60075,0.60075,-0.314,9.1551647,-94.828995,43.316994,3.881833406372664,-121.82933118615983,54.46871793651621,-0.6708002748823003,-0.23520009638091383,-1.9730851019797276e-17,0.7033547510895473
143.28916120529175,0,0,0,0,0,0,0,0,0,1,0.60075,-0.60075,0.0,0.0,-0.60075,0.60075,-0.314,0,0,0,0,0,0,0,0,0,1
143.4143304824829,9.037292012312461,-93.19766199148624,42.83691734254804,14.511595697069538,-85.07773993901931,69.08486292917358,-0.5621829298155158,-0.16279505687293835,-8.557748169859874e-18,0.8108317475788547,0.60075,-0.60075,0.0,0.0,-0.60075,0.60075,-0.314,9.1551647,-94.828995,43.316994,3.8365607647693025,-121.85160747392953,54.40197848097863,-0.6710006764734345,-0.2350002369169256,-5.920302086010664e-17,0.7032303895745563
143.47580647468567,9.035747534711877,-93.17628674892435,42.830626931609395,14.493529532029385,-85.05600001332446,69.08386828776804,-0.5621800434983838,-0.1626942246125704,4.278756728429288e-17,0.810853986837254,0.60075,-0.60075,0.0,0.0,-0.60075,0.60075,-0.314,9.1551647,-94.828995,43.316994,3.8012394317907763,-121.83649555390409,54.36845187498031,-0.671000841628462,-0.2349002946326762,0.0,0.7032636220617257
143.53303408622742,0,0,0,0,0,0,0,0,0,1,0.60075,-0.60075,0.0,0.0,-0.60075,0.60075,-0.314,0,0,0,0,0,0,0,0,0,1
143.60275316238403,9.03503540683016,-93.16643105001292,42.827726548324335,14.527228870804436,-85.01437607062145,69.18046954014079,-0.5620786663877368,-0.1624938325707298,-8.556347898096764e-18,0.8109644426041495,0.60075,-0.60075,0.0,0.0,-0.60075,0.60075,-0.314,9.1551647,-94.828995,43.316994,3.805786352930255,-121.81100903581914,54.440768974646005,-0.6710006600353742,-0.23470023086483202,-3.9463057761825494e-17,0.7033305878917018
143.6805362701416,0,0,0,0,0,0,0,0,0,1,0.60075,-0.60075,0.0,0.0,-0.60075,0.60075,-0.314,0,0,0,0,0,0,0,0,0,1
143.81136226654053,9.034027762754688,-93.15248546962957,42.823622574713966,14.546213261949362,-84.98785782567371,69.21417971038284,-0.5621799963134135,-0.16219422874784006,8.556456166445901e-18,0.810954181138456,0.60075,-0.60075,0.0,0.0,-0.60075,0.60075,-0.314,9.1551647,-94.828995,43.316994,3.8250410764424316,-121.79394676799282,54.46396670382565,-0.6711003537961517,-0.23460012367840444,1.9733260620071256e-17,0.703268865445327
143.86131811141968,9.032103168399834,-93.12584949177356,42.81578400885994,14.574817869593033,-84.97633839482671,69.14747829259795,-0.5622870944787158,-0.16209627959274375,-2.5671099055338914e-17,0.8108995125938077,0.60075,-0.60075,0.0,0.0,-0.60075,0.60075,-0.314,9.1551647,-94.828995,43.316994,3.848835575836773,-121.77492793009544,54.44747108005423,-0.6711006826105043,-0.23440023842035787,1.9731399522287042e-17,0.7033351989117242
143.94513273239136,9.032573978950191,-93.13236540997839,42.81770154514204,14.518782922263028,-85.00763495902734,69.0790633107083,-0.5624897971242557,-0.16199706157178564,1.711661513243681e-17,0.810778749211658,0.60075,-0.60075,0.0,0.0,-0.60075,0.60075,-0.314,9.1551647,-94.828995,43.316994,3.7998877699545233,-121.78921566829702,54.421014080292345,-0.671200887341709,-0.234300309749944,-5.919944452697214e-17,0.7032728728472205
144.04153084754944,0,0,0,0,0,0,0,0,0,1,0.60075,-0.60075,0.0,0.0,-0.60075,0.60075,-0.314,0,0,0,0,0,0,0,0,0,1
144.11278104782104,9.03095705502037,-93.10998752557852,42.81111607185886,14.509209175008465,-84.9778530419371,69.09959087213035,-0.562379826113708,-0.16199418888766123,8.557496367651527e-18,0.81085560610194,0.61475,-0.60075,0.014000000000000012,0.0,-0.60075,0.61475,-0.314,9.1551647,-94.828995,43.316994,3.7928542430082928,-121.76791144329266,54.41118252417645,-0.6712005421217722,-0.2342001891610832,-1.973220326540607e-17,0.7033065502697611
144.22605204582214,9.03063113712849,-93.10547689104968,42.80978866026583,14.548259286767319,-84.96264046052727,69.12496144836481,-0.5623913195967286,-0.16189750114279935,8.55737670064995e-18,0.810866945167928,0.889,-0.514,0.16749999999999998,0.10375000000000001,-0.61775,0.78525,-0.314,9.1551647,-94.828995,43.316994,3.8310397431638705,-121.76264398152202,54.43596399758628,-0.6713002313156036,-0.23410008066584656,-3.946787568032109e-17,0.7032447309918939
144.3170895576477,9.03200387828855,-93.12447533768297,42.815379616072455,14.511155116080744,-85.00573183078356,69.05813021070537,-0.5626896402171156,-0.16179702112516314,-3.423739943602887e-17,0.8106800187172226,2.27575,-0.9209999999999999,0.07325000000000004,0.64075,-1.56175,1.635,-0.314,9.1551647,-94.828995,43.316994,3.8321210726328445,-121.80046789000765,54.39391423333665,-0.6714007879676809,-0.23410027474416747,0.0,0.7031486637127902
144.35749197006226,0,0,0,0,0,0,0,0,0,1,3.4385,-1.02575,0.5427499999999998,0.935,-1.96075,2.5035,-0.314,0,0,0,0,0,0,0,0,0,1
144.45070576667786,9.03187132104074,-93.12264077347548,42.81483973154366,14.47691511257122,-85.02844381924376,68.98255384045743,-0.5628952196954753,-0.16179862594906358,-8.56086048997387e-18,0.8105369678706688,10.202,-1.5385000000000004,0.923,3.87025,-5.40875,6.33175,-0.314,9.1551647,-94.828995,43.316994,3.8174597395043293,-121.77726053675953,54.36314957721782,-0.6714007879676809,-0.23410027474416747,0.0,0.7031486637127902
144.53441905975342,0,0,0,0,0,0,0,0,0,1,13.303,-1.9082499999999998,1.3607499999999995,5.017,-6.92525,8.286,-0.314,0,0,0,0,0,0,0,0,0,1
144.6662473678589,9.030643472539154,-93.10564761051818,42.8098389004261,14.497034447686673,-85.00143643177826,69.00634067246172,-0.5626896402171156,-0.16179702112516314,-3.423739943602887e-17,0.8106800187172226,23.487000000000002,-2.859499999999999,2.047500000000001,9.290000000000001,-12.1495,14.197000000000001,-0.314,9.1551647,-94.828995,43.316994,3.7965294072871245,-121.77589999286079,54.37090006840075,-0.6714004326720141,-0.23400015079721675,-5.920706718651696e-17,0.7031823294386116
144.73187899589539,9.031092658885965,-93.11186425433026,42.81166836477599,14.569459951351803,-84.97345698154743,69.10669851611948,-0.5625882949129793,-0.16159663785626996,-8.55818546931387e-18,0.8107903163336722,25.769750000000002,-2.927999999999999,2.226750000000001,10.307500000000001,-13.2355,15.462250000000001,-0.314,9.1551647,-94.828995,43.316994,3.8310397431638705,-121.76264398152202,54.43596399758628,-0.6714006014651144,-0.23390020953632745,0.0,0.7032154181551659
144.79247117042542,0,0,0,0,0,0,0,0,0,1,30.26625,-1.26525,1.5099999999999998,13.7455,-15.01075,16.52075,-0.314,0,0,0,0,0,0,0,0,0,1
144.91161704063416,9.0306703163212,-93.10601912277076,42.809948230869054,14.569189618984552,-84.964001004426,69.11721095718188,-0.5626925403344334,-0.1613978603340636,-8.558531142978446e-18,0.8107575690251484,41.419250000000005,-3.31625,3.621000000000002,17.241,-20.55725,24.178250000000002,-0.314,9.1551647,-94.828995,43.316994,3.828499522855566,-121.75416628943611,54.46632311512421,-0.6714004205426529,-0.23370014638191547,0.0,0.7032821033384968
144.97823858261108,9.03136133129767,-93.11558262354954,42.81276262465833,14.51201972768402,-84.99578671114439,69.05871931353,-0.5627852975897188,-0.1612957862495054,5.135397825842438e-17,0.8107134994281306,47.71325,-0.9902500000000032,2.0314999999999976,22.34575,-23.336000000000002,25.3675,-0.314,9.1551647,-94.828995,43.316994,3.7667898556729256,-121.78790856622555,54.4475248244234,-0.6714009300931154,-0.2337003237455482,1.973290448321224e-17,0.7032815579491087
145.10767722129822,9.015971478871766,-92.90259032863312,42.750082210253154,14.33041127014846,-84.92076541689408,68.56801556017105,-0.5649826615882791,-0.15799515138220901,8.568285013319453e-18,0.8098346277137924,62.2325,-5.88625,3.16075,26.59275,-32.479,35.63975,-0.314,9.1551647,-94.828995,43.316994,3.691546654074898,-121.82148429526299,54.27602808674923,-0.6737008874371732,-0.23020030323294835,-3.952458817650412e-17,0.7022356688874639
145.19323253631592,8.72034298136602,-88.81115459657562,41.54603448966227,11.277249676869133,-82.35604525027436,62.853138942757674,-0.5948813242033778,-0.09349706473863813,0.0,0.798357381752868,68.0065,-5.7407499999999985,5.97325,28.146250000000002,-33.887,39.86025,-0.314,9.1551647,-94.828995,43.316994,1.8226290699864194,-121.08021897328081,52.14382903733768,0.7105032283531693,0.17420079152585802,9.766168015858922e-18,-0.6817912046451531
145.2807559967041,0,0,0,0,0,0,0,0,0,1,74.32875,-7.756,5.203249999999997,30.68475,-38.44075,43.644,-0.314,0,0,0,0,0,0,0,0,0,1
145.3551950454712,8.493944360277371,-84.89573487247785,40.4652003941572,6.818691630887571,-81.07925038206128,58.536478773701326,-0.6255909449626067,-0.04059941234891596,0.0,0.7790941260834376,84.0425,-5.58325,5.9822500000000005,36.2385,-41.82175,47.804,-0.314,9.1551647,-94.828995,43.316994,-0.4046246498498931,-120.93797516036639,50.465136818626064,0.7370022333950017,0.146000442436459,-1.8830048511368017e-17,-0.6599330108269609
145.41182732582092,0,0,0,0,0,0,0,0,0,1,86.45400000000001,-9.892249999999997,1.3192500000000038,37.62125,-47.5135,48.832750000000004,-0.314,0,0,0,0,0,0,0,0,0,1
145.56494283676147,8.494377162197202,-82.73157641132686,40.028641845762984,1.9798514827711244,-80.35222150956348,53.534513655916996,-0.6549941505959137,0.039699645463599637,4.597788638798376e-18,0.7545903529963804,102.29625,-10.210750000000004,7.600499999999997,42.2425,-52.453250000000004,60.05375,-0.314,9.1551647,-94.828995,43.316994,-2.7277413251281644,-121.12179523391956,48.82994903320113,0.7608077754605,0.12320125911768351,-2.7361289386299722e-17,-0.6371757830855334
145.65721440315247,8.517125160152844,-81.92144385564211,39.89689170955399,-1.9333837630922517,-80.08717581085672,49.37143298313036,-0.665794389672497,0.12049898461330114,-1.8846962095404815e-17,0.7363408350674234,107.174,-17.012,5.591000000000008,42.2855,-59.2975,64.88850000000001,-0.314,9.1551647,-94.828995,43.316994,-4.56717263339732,-121.13894310297262,48.08463137424878,0.7803237551802419,0.11140339142263095,-1.778465376157736e-17,-0.615373156288883
145.72794723510742,8.540057286205231,-81.10475388044821,39.76407515414304,-8.612360640953113,-80.24984218371637,42.05939444957894,-0.6577992618326799,0.24619972372028845,1.9496240096309472e-17,0.7118186757682289,111.67425,-17.54775,8.359999999999992,42.883250000000004,-60.431000000000004,68.791,-0.314,9.1551647,-94.828995,43.316994,-7.7646165388462975,-121.76053515113729,46.12632195100494,0.8109253654841053,0.08510266198384188,1.7113520428023247e-17,-0.5789279648952314
145.81360960006714,0,0,0,0,0,0,0,0,0,1,117.44025,-17.602999999999994,14.070750000000004,42.883250000000004,-60.48625,74.557,-0.314,0,0,0,0,0,0,0,0,0,1
145.90780758857727,8.53857323393818,-81.15760596256203,39.77267037596022,-11.240171706004077,-80.85108284504221,38.24248225861042,-0.6334005393941816,0.3216002738698592,-1.97175211091587e-17,0.7038302498060106,120.77974999999999,-16.728,17.347249999999995,43.35225,-60.08025,77.4275,-0.314,9.1551647,-94.828995,43.316994,-9.102083144757927,-121.83044630261766,45.365272997934326,0.8234146812850256,0.06620118035106715,8.4269737492151e-18,-0.5635651394154941
146.05892491340637,8.545706866692933,-80.90355335774848,39.73135434063543,-13.862622126990715,-81.58227874375967,31.688841564525504,-0.5809008020849543,0.4154005735687553,1.982547949912476e-17,0.6999975868642733,119.98725,-16.746250000000003,15.680999999999997,43.78,-60.526250000000005,76.20725,-0.314,9.1551647,-94.828995,43.316994,-10.86492802254807,-122.23577604150043,43.59177765268352,0.8392344134947096,0.02420099238152046,-4.1340618260710604e-18,-0.5432309924644767
146.12072467803955,8.544525097276368,-80.94564013301276,39.73819882347315,-14.529866778005527,-81.87060204531531,30.06657332238052,-0.5651005398445986,0.43670041718304065,0.0,0.6999672317326728,120.66925,-16.172999999999995,15.572250000000004,44.462,-60.635,76.20725,-0.314,9.1551647,-94.828995,43.316994,-11.451952712793855,-122.4341785670895,42.87999225603524,0.8441411002647333,0.008800428482797834,0.0,-0.5360488366766265
146.1963632106781,0,0,0,0,0,0,0,0,0,1,120.66925,-16.172999999999995,15.572250000000004,44.462,-60.635,76.20725,-0.314,0,0,0,0,0,0,0,0,0,1
146.29020929336548,8.544771479555083,-80.9368656331416,39.73677184520264,-14.609325808616887,-81.8772772705418,29.95638392260686,-0.5662009376795113,0.4347007199033618,5.944883372523662e-17,0.700322627284269,121.71625,-15.20075,15.497500000000002,45.509,-60.70975,76.20725,-0.314,9.1551647,-94.828995,43.316994,-11.58131709937902,-122.49465285613577,42.90252480688483,0.8449320910749808,0.007900300058577756,-2.566365235592148e-18,-0.534815245417186
146.3548345565796,8.54294866616482,-81.0017821358277,39.74732907810372,-14.959858588341888,-81.96593233258764,29.760764265333137,-0.5648011798362775,0.43630091140681254,-3.962490711853337e-17,0.7004578088372873,120.714,-16.25775,15.437249999999992,44.5095,-60.767250000000004,76.2045,-0.314,9.1551647,-94.828995,43.316994,-11.550111511668149,-122.42976811835736,42.94960115019063,0.8450235637267987,0.0069001924138638,5.132174860089622e-19,-0.5346845463365411
146.47588467597961,8.54391430881905,-80.96739235995052,39.741736341922184,-15.102062146360737,-81.95374282312841,29.5939423125034,-0.5643002670340322,0.4365002065574252,3.9609102013653033e-17,0.7007373104813566,121.10175000000001,-15.196750000000002,15.747,45.079,-60.27575,76.02275,-0.314,9.1551647,-94.828995,43.316994,-11.740885314198835,-122.36469622221429,42.81006260856032,0.8463190248725012,0.003100069688177659,5.124319036305917e-19,-0.5326673424444068
146.54334568977356,0,0,0,0,0,0,0,0,0,1,121.779,-15.618249999999996,15.017250000000004,45.57175,-61.19,76.20725,-0.314,0,0,0,0,0,0,0,0,0,1
146.65842175483704,8.543036356287436,-80.99865919624935,39.74682120107553,-15.284821176221925,-82.00089521446827,29.46994316333239,-0.5638007829313669,0.43670060643158526,-5.93901644841165e-17,0.701014448858412,119.46275,-15.224249999999998,14.527000000000001,44.85575,-60.08,74.607,-0.314,9.1551647,-94.828995,43.316994,-11.755206150084291,-122.46659313119483,42.85378827150272,0.8465157780655421,0.0029000540536208764,1.2807820014449386e-19,-0.5323557336711758
146.7230007648468,8.541430325823885,-81.05585533133257,39.756122886997126,-15.269078513624379,-82.06192647620205,29.45865805520161,-0.5636003481061445,0.4369002698502032,7.918273341890301e-17,0.7010512119805887,117.1575,-15.224250000000005,14.457249999999995,43.738,-58.962250000000004,73.4195,-0.314,9.1551647,-94.828995,43.316994,-11.822821545500062,-122.50207198847605,42.703224633831496,0.8467329849110335,0.001400054539831637,-6.402267254295176e-20,-0.5320162517357311
146.8061008453369,0,0,0,0,0,0,0,0,0,1,114.75,-15.224500000000006,14.54999999999999,42.48775,-57.712250000000004,72.26225,-0.314,0,0,0,0,0,0,0,0,0,1
146.93420815467834,8.541293984978841,-81.06071088642165,39.756912535604464,-15.180276744138922,-82.08432403596876,29.366937855394,-0.5633002588323617,0.43650020056865946,0.0,0.7015414409020426,106.11675,-16.107750000000003,14.719999999999999,37.6445,-53.752250000000004,68.47225,-0.314,9.1551647,-94.828995,43.316994,-11.811735292904672,-122.46419463816312,42.72651414513301,0.8467135738581382,0.0011000176346332255,6.402414027362433e-20,-0.5320478491692101
146.97223472595215,8.543345648008305,-80.98764428000189,39.74502986865005,-14.413122585128718,-81.9862542180268,29.640902829655616,-0.5619002932372354,0.43250022570760677,-5.904333290718774e-17,0.7051323388008651,94.977,-15.875499999999995,14.862000000000002,32.11975,-47.99525,62.85725,-0.314,9.1551647,-94.828995,43.316994,-11.537541334761386,-122.41835129269683,42.56866592374868,0.844637963674451,0.0011000494435731663,1.2836294591458696e-19,-0.5353368100654935
147.0737705230713,8.565978682297995,-80.21136827943936,39.62158816280646,-10.907419486367644,-80.83151224054443,31.82198438447584,-0.5788982957493115,0.3903988506832462,-7.754394956305378e-17,0.7158669573068331,85.00025,-11.613000000000003,13.701249999999995,29.843,-41.456,55.15725,-0.314,9.1551647,-94.828995,43.316994,-9.111124244412139,-121.84378352680261,43.227203687325314,0.8309195613338488,0.011100261320021329,-1.0438576468172866e-18,-0.5562818231718447
147.11470079421997,0,0,0,0,0,0,0,0,0,1,76.9135,-13.032499999999999,10.36,26.7605,-39.793,50.153,-0.314,0,0,0,0,0,0,0,0,0,1
147.174738407135,0,0,0,0,0,0,0,0,0,1,73.398,-12.70225,11.999250000000004,24.34825,-37.0505,49.04975,-0.314,0,0,0,0,0,0,0,0,0,1
147.29786705970764,8.563379378447046,-80.29714367301888,39.63489786085536,-5.838606851916467,-79.93638611668833,39.147207090934565,-0.6445996811848509,0.263099869872377,0.0,0.7178228956292263,59.558499999999995,-14.150499999999997,9.152999999999999,18.1275,-32.278,41.431,-0.314,9.1551647,-94.828995,43.316994,-5.762222095160752,-121.06846879891708,45.59334854076584,0.8033037240801832,0.05170023968000183,8.637945643601434e-18,-0.5933213396600017
147.40694975852966,8.559193681234621,-80.43526905057682,39.65633066333481,-4.968076771505963,-79.68825899856944,41.82870113574512,-0.6616981707224787,0.21519940507704005,1.9322385243194546e-17,0.7182233266310788,50.613,-11.2705,14.447500000000002,12.4475,-23.718,38.1655,-0.314,9.1551647,-94.828995,43.316994,-5.062128376317048,-120.97772989647137,45.919745900464925,0.7960210350166732,0.06980184452784395,8.71697304300745e-18,-0.6012305833135031
147.4762601852417,8.550178382284507,-80.74430767990685,39.705456554403895,-4.623595401127119,-79.66854253497931,44.04575861053585,-0.6731979642865777,0.18299944661979162,0.0,0.7164605386322805,41.285,-8.76475,13.654250000000001,9.433,-18.19775,31.852,-0.314,9.1551647,-94.828995,43.316994,-4.786754342799412,-120.99123895254243,46.252892485421626,0.7928071918861774,0.0804007293486991,4.3761547416079945e-18,-0.6041460744006792
147.55986189842224,0,0,0,0,0,0,0,0,0,1,28.882749999999998,-13.3855,8.48875,3.50425,-16.88975,25.3785,-0.314,0,0,0,0,0,0,0,0,0,1
147.60927319526672,8.546771131104036,-80.86565133010753,39.725190414412175,-4.405473504583512,-79.56994702262618,45.45614925258933,-0.6822988259366618,0.15379973534963884,9.708650585963239e-18,0.7147124971146328,21.596,-13.15675,8.13925,0.15,-13.306750000000001,21.446,-0.314,9.1551647,-94.828995,43.316994,-4.425591519822888,-120.91438297502032,46.80185020147883,0.7885133514239855,0.09530161368510565,2.6399910254060505e-17,-0.6075889211096014
147.74034929275513,8.541936683807972,-81.03782222404381,39.75319020107444,-4.186298859600413,-79.60329521081427,46.3764483199262,-0.6857985951743655,0.14419970461379916,0.0,0.7133629735598561,15.209,-1.6455,13.5635,0.0,-1.6455,15.209,-0.314,9.1551647,-94.828995,43.316994,-4.361672724458117,-120.94150541221265,46.6566649370755,0.7868250251415627,0.09970317108110549,-4.409426290590344e-18,-0.6090695013603546
147.78356051445007,0,0,0,0,0,0,0,0,0,1,10.809000000000001,-0.6052500000000001,10.203750000000001,0.0,-0.6052500000000001,10.809000000000001,-0.314,0,0,0,0,0,0,0,0,0,1
147.84584212303162,8.542624246741598,-81.01333580032865,39.74920802601296,-4.208317666544019,-79.58764070644378,46.31423812274201,-0.6859988949139818,0.14389976818968217,0.0,0.7132309393820149,4.65575,-0.60075,4.055000000000001,0.0,-0.60075,4.65575,-0.314,9.1551647,-94.828995,43.316994,-4.1927260444772685,-120.98288509105791,47.10726979890249,0.7859081272623825,0.10210105585123964,-8.829141299350142e-18,-0.6098555483858427
147.90755152702332,0,0,0,0,0,0,0,0,0,1,0.986,-0.60075,0.38525,0.0,-0.60075,0.986,-0.314,0,0,0,0,0,0,0,0,0,1
147.97526001930237,8.541375646354687,-81.05780265074992,39.75643957541642,-4.207545993429051,-79.60726179278363,46.474595278776434,-0.6874996789966902,0.140599934351905,-9.7395697453184e-18,0.7124435766007634,0.60075,-0.60075,0.0,0.0,-0.60075,0.60075,-0.314,9.1551647,-94.828995,43.316994,-4.271050131118102,-120.98907117376663,46.98715706089107,0.7859224594156291,0.10200291495151309,2.2072450725821693e-17,-0.6098535013652732
148.10989570617676,8.541170145834819,-81.06512121397822,39.75762977780418,-4.199640709622116,-79.59509095013493,46.59702639033371,-0.6881991608734368,0.13879983076029215,-3.8975918491028374e-17,0.7121211427517171,0.60075,-0.60075,0.0,0.0,-0.60075,0.60075,-0.314,9.1551647,-94.828995,43.316994,-4.230000463785444,-120.96342433019987,47.003193401712416,0.7854194079223713,0.10300254522027533,1.766927028773663e-17,-0.610333375571922
148.18548154830933,8.539647243457777,-81.11935687890035,39.76645000875372,-4.13185506558483,-79.62216422396804,46.78483518753556,-0.6886992687484643,0.13789985357980722,-1.9496410932344703e-17,0.7118124385032889,0.60075,-0.60075,0.0,0.0,-0.60075,0.60075,-0.314,9.1551647,-94.828995,43.316994,-4.194949463174197,-120.96908027310391,47.04723244877313,0.785213978321137,0.103601844312366,1.7673892965439182e-17,-0.6104962457740173
148.22929739952087,0,0,0,0,0,0,0,0,0,1,0.60075,-0.60075,0.0,0.0,-0.60075,0.60075,-0.314,0,0,0,0,0,0,0,0,0,1
148.3088903427124,0,0,0,0,0,0,0,0,0,1,0.383,-0.43174999999999997,-0.15425,0.05275,-0.4845,0.33025,-0.314,0,0,0,0,0,0,0,0,0,1
148.36937355995178,8.538981562601336,-81.1430640084047,39.7703054488535,-4.105026150391893,-79.6453181353889,46.7968395907063,-0.6889991341166679,0.13729982745169592,0.0,0.7116382160678392,0.28025000000000005,1.3215,0.32025,0.64075,0.68075,-0.3605,-0.314,9.1551647,-94.828995,43.316994,-4.186186713021357,-120.97049425882992,47.05824221053831,0.7851091629743406,0.10400121379356954,8.83812625192098e-18,-0.6105631414875896
148.49297785758972,8.538104343590796,-81.17430472155624,39.775386059654906,-4.077926902831734,-79.67792802393117,46.798331552814616,-0.6891997534783649,0.13679995106767318,9.751935010232233e-18,0.7115402119298974,0.28025000000000005,1.3215,0.32025,0.64075,0.68075,-0.3605,-0.314,9.1551647,-94.828995,43.316994,-4.165850660040178,-120.99125589948923,47.03939017546833,0.7849178851891566,0.10450238119794476,8.840280027808299e-18,-0.6107234773890238
148.57689762115479,8.537574739292195,-81.19316570812589,39.77845338182601,-4.020262816040855,-79.67983737444513,46.91568234094657,-0.6891996514649342,0.1361999311223506,0.0,0.7116554076116335,-0.10225000000000017,2.7815000000000003,0.24075000000000002,1.21925,1.5622500000000001,-1.3215000000000001,-0.314,9.1551647,-94.828995,43.316994,-4.127989106753375,-121.01484551160058,47.042557663928704,0.7847185269589269,0.10480247435363262,1.7685051812904165e-17,-0.6109282075798824
148.66046810150146,0,0,0,0,0,0,0,0,0,1,-0.41400000000000015,5.379,0.7115,2.12675,3.25225,-2.54075,-0.314,0,0,0,0,0,0,0,0,0,1
148.72935891151428,8.538712667197693,-81.15264027621471,39.77186281694035,-4.015669425657194,-79.63956775337067,46.90811541400736,-0.6890991564923626,0.1357998337710969,9.747976427541028e-18,0.7118291632612819,-0.9272499999999999,7.25875,0.8719999999999999,2.72975,4.529,-3.657,-0.314,9.1551647,-94.828995,43.316994,-4.132212081024079,-121.01147495580352,46.99185454921247,0.784617792013606,0.10500238103674309,8.843661174314667e-18,-0.611023256866961
148.79051637649536,0,0,0,0,0,0,0,0,0,1,-1.5419999999999998,11.14125,0.66425,4.4675,6.67375,-6.0095,-0.314,0,0,0,0,0,0,0,0,0,1
148.913268327713,8.539247047035044,-81.13360921668222,39.768767836164656,-4.036282956262994,-79.63288008360382,46.825469437523005,-0.6889992915506598,0.1358998602637658,0.0,0.7119067384306583,-1.3802500000000002,19.03725,0.5244999999999997,8.56625,10.471,-9.9465,-0.314,9.1551647,-94.828995,43.316994,-4.140110219573614,-121.00011585043833,46.98143389027193,0.7846056475090541,0.10500075578441326,8.84379806076677e-18,-0.6110391306468022
148.9755973815918,8.538739955861368,-81.15166843531304,39.77170476851942,-3.988516563595482,-79.63386459090954,46.941733802127544,-0.6889988961053812,0.1355997827458486,0.0,0.7119643390541724,-1.0429999999999993,22.585,0.9145000000000003,10.31375,12.27125,-11.35675,-0.314,9.1551647,-94.828995,43.316994,-4.123449330871267,-121.01288894152954,47.00286431097764,0.7845069994806887,0.10510093772520124,-8.844910126360235e-18,-0.6111485585805548
149.03507685661316,0,0,0,0,0,0,0,0,0,1,-1.8294999999999995,26.22925,1.0067500000000003,11.6965,14.53275,-13.526,-0.314,0,0,0,0,0,0,0,0,0,1
149.09591674804688,8.537674342869398,-81.18961849044487,39.777876505351465,-3.985752480164109,-79.66658136310635,46.98074627013209,-0.6890993018105285,0.13539986281402633,9.746935121510384e-18,0.7119052109615331,-1.1679999999999993,29.817,1.1400000000000006,13.7545,16.0625,-14.9225,-0.314,9.1551647,-94.828995,43.316994,-4.095802273319208,-121.04088083630074,47.0953418435779,0.7844142012548153,0.10550191003618431,-4.422978251035734e-17,-0.6111985829895934
149.18757724761963,8.538366681341774,-81.16496199376688,39.7738666716854,-3.9707207309225794,-79.64614853948297,46.9532408845955,-0.6889990430820221,0.13519981222741564,3.8980345974863374e-17,0.7120402582759837,-0.8924999999999983,38.683,-1.9894999999999996,19.89,18.793,-20.7825,-0.314,9.1551647,-94.828995,43.316994,-4.058374155763829,-120.96893239216244,47.18378706618681,0.7841202327747409,0.10570272746370375,2.654781861457441e-17,-0.6115409994105221
149.31508469581604,0,0,0,0,0,0,0,0,0,1,-3.24775,55.17625,2.8475,24.5405,30.63575,-27.78825,-0.314,0,0,0,0,0,0,0,0,0,1
149.4092185497284,8.539676527738006,-81.11831396739534,39.766280402271576,-3.9242595308471664,-79.58507005819209,47.042183427907176,-0.6889995981464995,0.13509992120405234,1.9489668731065247e-17,0.7120586808997003,-1.1935000000000002,68.494,-1.089500000000001,34.195,34.299,-35.3885,-0.314,9.1551647,-94.828995,43.316994,-4.0458361575864785,-120.92523877346365,47.10675677158325,0.7840256951803319,0.10560346098347324,8.85033991432032e-18,-0.6116793427322107
149.47915244102478,8.525721395240309,-81.61530307286843,39.84710468452144,-6.953084351026433,-79.87417915578861,47.880715561073764,0.7231044306733955,-0.11000067400646311,-3.838391031539022e-17,-0.6819236277316019,-3.8355000000000032,75.80375000000001,0.7512499999999989,35.6085,40.19525,-39.444,-0.314,9.1551647,-94.828995,43.316994,-4.928117400667816,-121.18894346157494,46.91223261993365,0.7907076430437725,0.11420110387706948,0.0,-0.6014478623334035
149.56362748146057,0,0,0,0,0,0,0,0,0,1,-6.346249999999998,76.213,5.514249999999997,32.17625,44.03675,-38.5225,-0.314,0,0,0,0,0,0,0,0,0,1
149.60945224761963,8.484616269148587,-83.56622254955165,40.18355512460337,-14.813864890434928,-81.35074290203875,51.4134183244713,0.7976161079464568,-0.03410068866721938,-2.1748852094311726e-18,-0.6022007035671475,-5.832250000000002,71.2995,9.627749999999999,27.91975,43.37975,-33.752,-0.314,9.1551647,-94.828995,43.316994,-7.137932245071681,-121.75610493053308,47.508257973070215,0.8040166996389515,0.14920309898772577,-3.452114319030031e-17,-0.5755828193701991
149.71998620033264,8.486757679342595,-83.87143303710667,40.24821123087314,-16.771097103398915,-81.62049195717454,51.71036530928399,0.8110235021492945,-0.018400533217690532,-1.0694656020322554e-18,-0.5847241224191096,-4.300000000000001,58.726,5.3705,24.52775,34.19825,-28.82775,-0.314,9.1551647,-94.828995,43.316994,-7.757052168103598,-121.9735305724876,47.16472251474664,0.8084232522997344,0.15210437490696388,-8.583243844320467e-18,-0.5686089203268636
149.77912878990173,0,0,0,0,0,0,0,0,0,1,-7.494,49.927499999999995,5.5915,18.421,31.5065,-25.915,-0.314,0,0,0,0,0,0,0,0,0,1
149.85442781448364,8.492722984732668,-82.79048722270954,40.038222385847924,-11.328215381347718,-80.48926036925533,50.76619707519929,0.7656034487446475,-0.050400227033346685,-4.531650108998898e-18,-0.6413354632213074,-7.330499999999999,41.1995,10.627000000000002,11.621,29.578500000000002,-18.9515,-0.314,9.1551647,-94.828995,43.316994,-5.7979477766430705,-121.4896154359972,47.493258850690694,0.7961239841703491,0.1378041515119634,8.715845825368946e-18,-0.5892339243923398
149.90980076789856,0,0,0,0,0,0,0,0,0,1,-7.5305,30.3615,11.389,5.721,24.6405,-13.2515,-0.314,0,0,0,0,0,0,0,0,0,1
149.96982145309448,8.497331867026604,-82.62634945555669,40.01152900952613,-9.657544876082767,-80.37160040939895,50.741373765905095,0.7517111619103127,-0.05550082411337282,1.384619702787208e-17,-0.6571529407848556,-5.82775,20.06425,11.389,1.42375,18.6405,-7.2515,-0.314,9.1551647,-94.828995,43.316994,-5.254029471362827,-121.51553360024295,47.30225852099676,0.7929151216367218,0.1350025746260026,0.0,-0.5941884505139536
150.0990686416626,8.499864961422086,-82.53613746237808,39.99685802475263,-8.889796437836509,-80.2541294946964,51.02644028405376,0.745607005091495,-0.05620052801252954,-4.653184490303803e-18,-0.6640118181249519,-0.29525,6.1405,5.84525,0.0,6.1405,-0.29525,-0.314,9.1551647,-94.828995,43.316994,-5.119619082750006,-121.23871667019174,47.69405723803138,0.7900184014806353,0.13510314688611874,0.0,-0.5980117599374193
150.1759283542633,0,0,0,0,0,0,0,0,0,1,0.60075,1.4957500000000001,2.0965000000000003,0.0,1.4957500000000001,0.60075,-0.314,0,0,0,0,0,0,0,0,0,1
150.2222878932953,8.503713888159265,-82.39906426321942,39.974566101618535,-8.826210994457455,-80.13261772164618,50.91877515320594,0.7443076514344055,-0.055500570542267216,-1.3983922959548018e-17,-0.6655267137280686,0.60075,0.31,0.91075,0.0,0.31,0.60075,-0.314,9.1551647,-94.828995,43.316994,-5.067103341592031,-121.3090435835651,47.61597892999385,0.7901214778907496,0.13530367796306597,-8.782059592191811e-18,-0.5978302141121713
150.31307530403137,8.500834851040652,-82.50159643784684,39.99124069132385,-8.755675557503508,-80.2394676637039,50.92157551317884,0.7445063415155458,-0.055500472738902344,-1.3980191001023872e-17,-0.6653044453247668,0.60075,-0.60075,0.0,0.0,-0.60075,0.60075,-0.314,9.1551647,-94.828995,43.316994,-4.985011152184057,-121.28127984444546,47.536041159019796,0.7898105128561604,0.1352017996178183,-8.785517274028655e-18,-0.5982640112542222
150.3625271320343,0,0,0,0,0,0,0,0,0,1,0.60075,-0.60075,0.0,0.0,-0.60075,0.60075,-0.314,0,0,0,0,0,0,0,0,0,1
150.48239517211914,8.502007358783564,-82.45983950186606,39.984449849547985,-8.710633924280586,-80.21648224383716,50.806932930557196,0.7440030288899154,-0.0557002267596348,4.6632161661091326e-18,-0.6658505671256554,0.60075,-0.60075,0.0,0.0,-0.60075,0.60075,-0.314,9.1551647,-94.828995,43.316994,-4.953048181872958,-121.2830760890347,47.519453753126506,0.7896251030926271,0.13500429194212846,-1.7575160355795478e-17,-0.5985532872879092
150.56709599494934,8.501872280034002,-82.4646501094991,39.98523218844605,-8.651247759540524,-80.22203130308667,50.81345147172168,0.7438043200215992,-0.05570032350793638,4.6644619539892765e-18,-0.666072524188108,0.60075,-0.60075,0.0,0.0,-0.60075,0.60075,-0.314,9.1551647,-94.828995,43.316994,-4.937251904773916,-121.30579429976505,47.540295071007584,0.7895293465778087,0.13500501809753535,8.78864596228583e-18,-0.5986794267226013
150.6550121307373,0,0,0,0,0,0,0,0,0,1,0.60075,-0.60075,0.0,0.0,-0.60075,0.60075,-0.314,0,0,0,0,0,0,0,0,0,1
150.727689743042,8.500577391301753,-82.51076544325413,39.99273182719148,-8.601265093433511,-80.26035057636025,50.87774273383882,0.7437063474073508,-0.055400472833625425,4.665076429760916e-18,-0.6662069171329789,0.60075,-0.60075,0.0,0.0,-0.60075,0.60075,-0.314,9.1551647,-94.828995,43.316994,-4.909558377977703,-121.31900309154673,47.552888577002946,0.7894171883969398,0.1351029416676293,-8.789894628463764e-18,-0.5988052252746496
150.78364539146423,0,0,0,0,0,0,0,0,0,1,0.60075,-0.60075,0.0,0.0,-0.60075,0.60075,-0.314,0,0,0,0,0,0,0,0,0,1
150.93399906158447,8.500379813003363,-82.51780186958645,39.99387614625532,-8.594772231221725,-80.26274284712179,50.90859917207953,0.7435089710485959,-0.05510066483493968,2.7997889093877654e-17,-0.6664520438148613,0.60075,-0.60075,0.0,0.0,-0.60075,0.60075,-0.314,9.1551647,-94.828995,43.316994,-4.905011456838196,-121.2935165734618,47.62520567666864,0.7891208185176651,0.13540357220541363,8.793195846666025e-18,-0.5991278715065954
151.03231692314148,8.50031768021507,-82.52001462671211,39.99423600224513,-8.542736395039356,-80.25231480723504,50.99568262479542,0.7433115483216972,-0.05480085140324097,4.6675542170536466e-18,-0.6666969392588217,0.60075,-0.60075,0.0,0.0,-0.60075,0.60075,-0.314,9.1551647,-94.828995,43.316994,-4.887756288899823,-121.28688856779242,47.657737641261406,0.7889231926179725,0.13560398646089122,-3.518159419743317e-17,-0.5993427692108916
151.10379648208618,8.500812440389057,-82.50239455636644,39.991370487642904,-8.521211783586125,-80.23427425437319,50.999033677499526,0.7432071080124227,-0.054700523154305056,-4.66821013220937e-18,-0.6668216008547238,0.60075,-0.60075,0.0,0.0,-0.60075,0.60075,-0.314,9.1551647,-94.828995,43.316994,-4.88094662507666,-121.28395371268584,47.59819761183481,0.7888273725443731,0.13560470552360165,3.5185867759764645e-17,-0.5994687149172994
151.18974113464355,8.50172550133249,-82.46987739168925,39.98608229024201,-8.537278393052418,-80.20210006652141,50.988704800680864,0.7431031377587934,-0.05450023012764666,0.0,-0.6669538601500625,0.60075,-0.60075,0.0,0.0,-0.60075,0.60075,-0.314,9.1551647,-94.828995,43.316994,-4.904964987594042,-121.27873347047229,47.54532165006375,0.7888140698096211,0.13560241869445314,0.0,-0.5994867365627002
151.28335547447205,0,0,0,0,0,0,0,0,0,1,0.60075,-0.60075,0.0,0.0,-0.60075,0.60075,-0.314,0,0,0,0,0,0,0,0,0,1
151.43940687179565,8.501253621043968,-82.48668263252245,39.988815290851925,-8.463771559918314,-80.21194452477621,51.047012880089,0.7430046392367841,-0.0543003390451647,-4.669482219542313e-18,-0.6670798897075196,0.60075,-0.60075,0.0,0.0,-0.60075,0.60075,-0.314,9.1551647,-94.828995,43.316994,-4.852334872175646,-121.24890433382495,47.64350664666668,0.7886031331044645,0.13580053953282561,8.798968216866124e-18,-0.5997193609684581
151.5313229560852,0,0,0,0,0,0,0,0,0,1,0.60075,-0.60075,0.0,0.0,-0.60075,0.60075,-0.314,0,0,0,0,0,0,0,0,0,1
151.60941624641418,8.500749676553022,-82.50462978722013,39.99173399848735,-8.45446814503103,-80.23227046474504,51.03699775972937,0.7430037512396422,-0.05450027515822409,-4.669487800250159e-18,-0.667064573824377,0.60075,-0.60075,0.0,0.0,-0.60075,0.60075,-0.314,9.1551647,-94.828995,43.316994,-4.845301345229359,-121.27020855882931,47.65333820278258,0.7886031331044645,0.13580053953282561,8.798968216866124e-18,-0.5997193609684581
151.6900954246521,0,0,0,0,0,0,0,0,0,1,0.60075,-0.60075,0.0,0.0,-0.60075,0.60075,-0.314,0,0,0,0,0,0,0,0,0,1
151.74005246162415,8.50102434530369,-82.49484791114563,39.99014319276531,-8.416552977242674,-80.21754702585298,51.0722916742016,0.7429102431730582,-0.05440075007216902,0.0,-0.6671768348647403,0.60075,-0.60075,0.0,0.0,-0.60075,0.60075,-0.314,9.1551647,-94.828995,43.316994,-4.8419501278193025,-121.30705418227943,47.59144176205743,0.7887182479206367,0.1356031373374392,0.0,-0.5996126370760081
151.84486413002014,8.500471230071884,-82.51454620095578,39.993346683783365,-8.43921253266646,-80.23607672123258,51.07886395973525,0.7430050817717956,-0.054200370702599365,0.0,-0.6670875266986995,0.60075,-0.60075,0.0,0.0,-0.60075,0.60075,-0.314,9.1551647,-94.828995,43.316994,-4.855252653854279,-121.30759676662446,47.6201253532433,0.7886194121683516,0.13570334038960857,8.798786584302261e-18,-0.5997199564449605
151.91131114959717,0,0,0,0,0,0,0,0,0,1,0.60075,-0.60075,0.0,0.0,-0.60075,0.60075,-0.314,0,0,0,0,0,0,0,0,0,1
152.0319001674652,8.500763636408731,-82.50413262990527,39.991653146849565,-8.448245615186522,-80.22520675838516,51.07836663903248,0.7430055233322632,-0.05410040216995347,4.669476663368112e-18,-0.6670951497221359,0.60075,-0.60075,0.0,0.0,-0.60075,0.60075,-0.314,9.1551647,-94.828995,43.316994,-4.853253098280447,-121.29716250446752,47.610791117830175,0.7886164095560728,0.13580282578964586,-8.798820085183445e-18,-0.5997013849295627
152.10862398147583,8.501383659967578,-82.48205151000663,39.988062141237116,-8.440571339760055,-80.21232678363943,51.01941571243053,0.7429061262498998,-0.05410044613019193,0.0,-0.6672058372862771,0.60075,-0.60075,0.0,0.0,-0.60075,0.60075,-0.314,9.1551647,-94.828995,43.316994,-4.829728931253385,-121.26868768944874,47.604807935121165,0.7885175657986049,0.13590302751050148,0.0,-0.5998086491044645
152.1776385307312,0,0,0,0,0,0,0,0,0,1,0.60075,-0.60075,0.0,0.0,-0.60075,0.60075,-0.314,0,0,0,0,0,0,0,0,0,1
152.3141224384308,8.501271725390684,-82.48603787597278,39.98871043546419,-8.405790671516058,-80.20852674942205,51.07396720055365,0.7429065654834389,-0.05400047723260966,0.0,-0.6672134466722408,0.60075,-0.60075,0.0,0.0,-0.60075,0.60075,-0.314,9.1551647,-94.828995,43.316994,-4.83226915156169,-121.26020999736286,47.6351670526591,0.7884217134376272,0.13590374284141743,0.0,-0.5999344751402186
152.3565537929535,0,0,0,0,0,0,0,0,0,1,0.60075,-0.60075,0.0,0.0,-0.60075,0.60075,-0.314,0,0,0,0,0,0,0,0,0,1
152.41708183288574,0,0,0,0,0,0,0,0,0,1,0.60075,-0.60075,0.0,0.0,-0.60075,0.60075,-0.314,0,0,0,0,0,0,0,0,0,1
152.47979283332825,8.501091253630731,-82.49246508105715,39.989755678170916,-8.431538257240021,-80.22319674648685,51.01991303313331,0.7429065654834389,-0.05400047723260966,0.0,-0.6672134466722408,0.60075,-0.60075,0.0,0.0,-0.60075,0.60075,-0.314,9.1551647,-94.828995,43.316994,-4.826648046210579,-121.29607733577745,47.553423935458426,0.7886134038698628,0.1359023098984458,4.399426810308367e-17,-0.5996828006546926
152.53297972679138,0,0,0,0,0,0,0,0,0,1,0.60075,-0.60075,0.0,0.0,-0.60075,0.60075,-0.314,0,0,0,0,0,0,0,0,0,1
152.6790382862091,8.500676099544012,-82.50725011145553,39.99216013625024,-8.432410014100668,-80.2566718141399,50.907313477691915,0.7429106844384605,-0.054300780946302876,-9.340145523889036e-18,-0.6671844873315024,0.60075,-0.60075,0.0,0.0,-0.60075,0.60075,-0.314,9.1551647,-94.828995,43.316994,-4.795549687502785,-121.30781870000585,47.536247426740495,0.7886164095560728,0.13580282578964586,-8.798820085183445e-18,-0.5997013849295627
152.72799444198608,8.5001588262451,-82.52567194974004,39.99515604066882,-8.44403693143056,-80.27563721021001,50.90504884851522,0.7429098009353933,-0.054500719007913506,9.340156631626757e-18,-0.6671691684286339,0.60075,-0.60075,0.0,0.0,-0.60075,0.60075,-0.314,9.1551647,-94.828995,43.316994,-4.839139575143776,-121.32498785148672,47.550570203457085,0.7886194121683516,0.13570334038960857,8.798786584302261e-18,-0.5997199564449605
152.81031203269958,8.501711277189576,-82.4703839611585,39.986164672558466,-8.423863981813554,-80.2103167717411,50.96096210653136,0.7428058453911225,-0.054300427308478665,-1.4012195677297556e-17,-0.6673012360597697,0.60075,-0.60075,0.0,0.0,-0.60075,0.60075,-0.314,9.1551647,-94.828995,43.316994,-4.853476961403516,-121.2729234243566,47.54141953228769,0.7885235657968269,0.13570405564823007,0.0,-0.5998458097408693
152.85349082946777,0,0,0,0,0,0,0,0,0,1,0.60075,-0.60075,0.0,0.0,-0.60075,0.60075,-0.314,0,0,0,0,0,0,0,0,0,1
152.92793154716492,0,0,0,0,0,0,0,0,0,1,0.60075,-0.60075,0.0,0.0,-0.60075,0.60075,-0.314,0,0,0,0,0,0,0,0,0,1
153.03316831588745,8.502695390951057,-82.43533636715802,39.980464956813236,-8.403157512719417,-80.1874382355289,50.88384002980594,0.7428054046013869,-0.054400395813564165,-4.670734664101467e-18,-0.6672935844366387,0.60075,-0.60075,0.0,0.0,-0.60075,0.60075,-0.314,9.1551647,-94.828995,43.316994,-4.801718602845739,-121.27656935536233,47.52700497344924,0.7885235657968269,0.13570405564823007,0.0,-0.5998458097408693
153.17859554290771,8.502528879046814,-82.44126641492751,39.98142934788217,-8.422682568598873,-80.19504452623381,50.871154741688706,0.7428054046013869,-0.054400395813564165,-4.670734664101467e-18,-0.6672935844366387,0.60075,-0.60075,0.0,0.0,-0.60075,0.60075,-0.314,9.1551647,-94.828995,43.316994,-4.8297360765107555,-121.29221763746264,47.49279748250442,0.7886194121683516,0.13570334038960857,8.798786584302261e-18,-0.5997199564449605
153.22695755958557,8.501797551958814,-82.46731142706429,39.985664992867065,-8.410283978153984,-80.19570021650358,51.03377652689983,0.7428071619409644,-0.05400052065806687,0.0,-0.6673241071157759,0.60075,-0.60075,0.0,0.0,-0.60075,0.60075,-0.314,9.1551647,-94.828995,43.316994,-4.8740833467519735,-121.24270580657586,47.570784008420084,0.7884217134376272,0.13590374284141743,0.0,-0.5999344751402186
153.28300619125366,0,0,0,0,0,0,0,0,0,1,0.60075,-0.60075,0.0,0.0,-0.60075,0.60075,-0.314,0,0,0,0,0,0,0,0,0,1
153.349378824234,8.500979950101579,-82.49642897329527,39.990400317543354,-8.411465391368722,-80.21097246201086,51.12358389174248,0.7428080348000876,-0.05380058194971017,1.4012154376685012e-17,-0.6673392846358622,0.60075,-0.60075,0.0,0.0,-0.60075,0.60075,-0.314,9.1551647,-94.828995,43.316994,-4.882027954545663,-121.2461298042002,47.64024737608443,0.7884054591347127,0.1360009417076623,8.801174349455637e-18,-0.5999338095666986
153.4747757911682,8.501428686217432,-82.48044797412896,39.987801361604426,-8.460366728006733,-80.21047709722293,51.01724286537571,0.7428071619409644,-0.05400052065806687,0.0,-0.6673241071157759,0.60075,-0.60075,0.0,0.0,-0.60075,0.60075,-0.314,9.1551647,-94.828995,43.316994,-4.866509155071185,-121.28292198582305,47.55959068241117,0.7885205673333623,0.13580354222431276,-2.6399668663203085e-17,-0.599827235803445
153.56320595741272,8.50169794838161,-82.47085864474532,39.98624186934161,-8.444794314030759,-80.20895622784238,50.9687125977143,0.7428067240600401,-0.05410048973027488,4.670726367405882e-18,-0.667316497399949,0.60075,-0.60075,0.0,0.0,-0.60075,0.60075,-0.314,9.1551647,-94.828995,43.316994,-4.864239267130131,-121.28194370078752,47.53974400593564,0.7885175657986049,0.13590302751050148,0.0,-0.5998086491044645
153.61378598213196,0,0,0,0,0,0,0,0,0,1,0.60075,-0.60075,0.0,0.0,-0.60075,0.60075,-0.314,0,0,0,0,0,0,0,0,0,1
153.6603901386261,0,0,0,0,0,0,0,0,0,1,0.60075,-0.60075,0.0,0.0,-0.60075,0.60075,-0.314,0,0,0,0,0,0,0,0,0,1
153.72850608825684,8.501140424371592,-82.49071394594466,39.98947089478828,-8.39957528692895,-80.22499299107606,51.00332562724002,0.7428075988540245,-0.053900551397727405,9.341441733515238e-18,-0.667331702861283,0.60075,-0.60075,0.0,0.0,-0.60075,0.60075,-0.314,9.1551647,-94.828995,43.316994,-4.839896957743974,-121.25830686911908,47.614233952656164,0.7884157094567847,0.13610271189379555,8.801059923943043e-18,-0.599897258617598
153.85234570503235,8.501221292554341,-82.48783395854133,39.98900252855611,-8.408338037081705,-80.22357900535006,50.992315865474836,0.7428071619409644,-0.05400052065806687,0.0,-0.6673241071157759,0.60075,-0.60075,0.0,0.0,-0.60075,0.60075,-0.314,9.1551647,-94.828995,43.316994,-4.819831237130046,-121.26961253265699,47.605894358648584,0.7884217134376272,0.13590374284141743,0.0,-0.5999344751402186
153.93226194381714,0,0,0,0,0,0,0,0,0,1,0.60075,-0.60075,0.0,0.0,-0.60075,0.60075,-0.314,0,0,0,0,0,0,0,0,0,1
153.9790484905243,8.501068109458062,-82.49328932272401,39.989889722841895,-8.406932760743956,-80.2325458399537,50.97188008617467,0.7428067240600401,-0.05410048973027488,4.670726367405882e-18,-0.667316497399949,0.60075,-0.60075,0.0,0.0,-0.60075,0.60075,-0.314,9.1551647,-94.828995,43.316994,-4.8379510166716955,-121.28618565796556,47.57277329123118,0.788504300647626,0.13590074122766313,-8.800071094359375e-18,-0.5998266052735325
154.05498361587524,0,0,0,0,0,0,0,0,0,1,0.60075,-0.60075,0.0,0.0,-0.60075,0.60075,-0.314,0,0,0,0,0,0,0,0,0,1
154.1103982925415,8.501652922131756,-82.472462180623,39.986502648974295,-8.424998925784081,-80.21080591425887,50.970885444769124,0.7428067240600401,-0.05410048973027488,4.670726367405882e-18,-0.667316497399949,0.60075,-0.60075,0.0,0.0,-0.60075,0.60075,-0.314,9.1551647,-94.828995,43.316994,-4.860880904462704,-121.29525937622375,47.58985801782724,0.7884187129832816,0.1360032280133515,-8.801026395798354e-18,-0.5999158732586879
154.22396302223206,8.501864460285855,-82.4649285969758,39.98527747827267,-8.425269258151332,-80.20134993713744,50.98139788583153,0.7428017409558847,-0.05400012656383654,9.341515402182302e-18,-0.6673301731257146,0.60075,-0.60075,0.0,0.0,-0.60075,0.60075,-0.314,9.1551647,-94.828995,43.316994,-4.832322766063214,-121.29852304836626,47.60304062664724,0.7884187129832816,0.1360032280133515,-8.801026395798354e-18,-0.5999158732586879
154.31260418891907,8.501914262074457,-82.4631549881353,39.9849890400354,-8.40801409021293,-80.19472193146805,51.01392985042429,0.7428026155704823,-0.05380018944223471,1.868300880598829e-17,-0.6673453483149709,0.60075,-0.60075,0.0,0.0,-0.60075,0.60075,-0.314,9.1551647,-94.828995,43.316994,-4.8351333187387695,-121.28058937915897,47.643912185247586,0.7883300961505295,0.13620519991843477,-1.7604031452789456e-17,-0.5999865023635751
154.35767126083374,0,0,0,0,0,0,0,0,0,1,0.60075,-0.60075,0.0,0.0,-0.60075,0.60075,-0.314,0,0,0,0,0,0,0,0,0,1
154.4406611919403,8.501810880766781,-82.46683674347747,39.98558779608392,-8.389353645936808,-80.19706076040232,51.02602603571688,0.742802178747461,-0.05390015809704922,0.0,-0.6673377677047344,0.60075,-0.60075,0.0,0.0,-0.60075,0.60075,-0.314,9.1551647,-94.828995,43.316994,-4.803170348427699,-121.28238562374818,47.627324779354296,0.7884157094567847,0.13610271189379555,8.801059923943043e-18,-0.599897258617598
154.4801115989685,0,0,0,0,0,0,0,0,0,1,0.60075,-0.60075,0.0,0.0,-0.60075,0.60075,-0.314,0,0,0,0,0,0,0,0,0,1
154.60684299468994,8.501666250939723,-82.47198749703617,39.98642545219115,-8.404068593566848,-80.2121664581576,50.96313495358619,0.7428067240600401,-0.05410048973027488,4.670726367405882e-18,-0.667316497399949,0.60075,-0.60075,0.0,0.0,-0.60075,0.60075,-0.314,9.1551647,-94.828995,43.316994,-4.7859223257466965,-121.29928756609269,47.547846291330316,0.7885205673333623,0.13580354222431276,-2.6399668663203085e-17,-0.599827235803445
154.6604540348053,0,0,0,0,0,0,0,0,0,1,0.60075,-0.60075,0.0,0.0,-0.60075,0.60075,-0.314,0,0,0,0,0,0,0,0,0,1
154.72862100601196,8.5008930442846,-82.49952398111749,39.99090365208939,-8.410337592655537,-80.23401326750698,51.00165010088797,0.7428071619409644,-0.05400052065806687,0.0,-0.6673241071157759,0.60075,-0.60075,0.0,0.0,-0.60075,0.60075,-0.314,9.1551647,-94.828995,43.316994,-4.7899214368943035,-121.32015609040656,47.566514762156565,0.7885175657986049,0.13590302751050148,0.0,-0.5998086491044645
154.78820323944092,0,0,0,0,0,0,0,0,0,1,0.60075,-0.60075,0.0,0.0,-0.60075,0.60075,-0.314,0,0,0,0,0,0,0,0,0,1
154.85979771614075,8.501028489794697,-82.49470031191082,39.99011918901537,-8.364794618684925,-80.2211929568587,51.05787711536314,0.7428080348000876,-0.05380058194971017,1.4012154376685012e-17,-0.6673392846358622,0.60075,-0.60075,0.0,0.0,-0.60075,0.60075,-0.314,9.1551647,-94.828995,43.316994,-4.802629683693198,-121.30129757799101,47.60629989722949,0.7884187129832816,0.1360032280133515,-8.801026395798354e-18,-0.5999158732586879
154.97547960281372,8.501540356507121,-82.47647102031719,39.987154598056016,-8.375510455167358,-80.21543013030012,50.976317562406194,0.742802178747461,-0.05390015809704922,0.0,-0.6673377677047344,0.60075,-0.60075,0.0,0.0,-0.60075,0.60075,-0.314,9.1551647,-94.828995,43.316994,-4.818425960792268,-121.27857936726065,47.58545857934841,0.7884187129832816,0.1360032280133515,-8.801026395798354e-18,-0.5999158732586879
155.0549921989441,0,0,0,0,0,0,0,0,0,1,0.60075,-0.60075,0.0,0.0,-0.60075,0.60075,-0.314,0,0,0,0,0,0,0,0,0,1
155.12367272377014,8.50074526777481,-82.50478679860932,39.991759532915964,-8.386589562505407,-80.22977753259914,51.06503850372144,0.7428075988540245,-0.053900551397727405,9.341441733515238e-18,-0.667331702861283,0.60075,-0.60075,0.0,0.0,-0.60075,0.60075,-0.314,9.1551647,-94.828995,43.316994,-4.8164800197199895,-121.30645815610711,47.54399791792343,0.7885175657986049,0.13590302751050148,0.0,-0.5998086491044645
155.18579745292664,0,0,0,0,0,0,0,0,0,1,0.60075,-0.60075,0.0,0.0,-0.60075,0.60075,-0.314,0,0,0,0,0,0,0,0,0,1
