BranchID,TerminalOrder,PathPointIndex,PathEdgeIndex,SourceCurveIndex,CurvePointIndex,X_mm,Y_mm,Z_mm,SegmentLength_mm,CumulativeLength_mm,NormalizedProgress,IsTerminalSegment,Terminal_X_mm,Terminal_Y_mm,Terminal_Z_mm,TotalPathLength_mm,PathEdgeCount
Branch_001,1,0,0,9,0,9.155164700,-94.828995000,43.316994000,0.000000000,0.000000000,0.000000000,0,50.776901000,144.239110000,39.526905000,262.557326671,10
Branch_001,1,1,0,9,1,8.745691300,-90.524384000,41.931053000,4.540724257,4.540724257,0.017294220,0,50.776901000,144.239110000,39.526905000,262.557326671,10
Branch_001,1,2,0,9,2,8.447949400,-85.977066000,40.628029000,4.739685937,9.280410194,0.035346224,0,50.776901000,144.239110000,39.526905000,262.557326671,10
Branch_001,1,3,0,9,3,8.306425100,-80.784424000,39.387024000,5.340754018,14.621164212,0.055687512,0,50.776901000,144.239110000,39.526905000,262.557326671,10
Branch_001,1,4,0,9,4,8.427463500,-75.420364000,38.457928000,5.445274039,20.066438250,0.076426884,0,50.776901000,144.239110000,39.526905000,262.557326671,10
Branch_001,1,5,0,9,5,8.845435100,-70.229225000,37.995411000,5.228436320,25.294874570,0.096340387,0,50.776901000,144.239110000,39.526905000,262.557326671,10
Branch_001,1,6,0,9,6,9.507898300,-65.372032000,38.028183000,4.902270427,30.197144997,0.115011626,0,50.776901000,144.239110000,39.526905000,262.557326671,10
Branch_001,1,7,0,9,7,10.287036000,-60.827480000,38.464947000,4.631497731,34.828642727,0.132651574,0,50.776901000,144.239110000,39.526905000,262.557326671,10
Branch_001,1,8,0,9,8,11.014260000,-56.442604000,39.132923000,4.494683995,39.323326723,0.149770441,0,50.776901000,144.239110000,39.526905000,262.557326671,10
Branch_001,1,9,0,9,9,11.527933000,-52.014019000,39.835442000,4.513286829,43.836613551,0.166960161,0,50.776901000,144.239110000,39.526905000,262.557326671,10
Branch_001,1,10,0,9,10,11.720328000,-47.372635000,40.409962000,4.680762171,48.517375722,0.184787743,0,50.776901000,144.239110000,39.526905000,262.557326671,10
Branch_001,1,11,0,9,11,11.570354000,-42.445747000,40.769272000,4.942248602,53.459624324,0.203611246,0,50.776901000,144.239110000,39.526905000,262.557326671,10
Branch_001,1,12,0,9,12,11.152950000,-37.279388000,40.914940000,5.185239684,58.644864008,0.223360227,0,50.776901000,144.239110000,39.526905000,262.557326671,10
Branch_001,1,13,0,9,13,10.623031000,-32.017574000,40.921852000,5.288435354,63.933299362,0.243502248,0,50.776901000,144.239110000,39.526905000,262.557326671,10
Branch_001,1,14,0,9,14,10.179241000,-26.849152000,40.901917000,5.187478476,69.120777838,0.263259756,0,50.776901000,144.239110000,39.526905000,262.557326671,10
Branch_001,1,15,0,9,15,10.018347000,-21.942720000,40.961330000,4.909428862,74.030206700,0.281958259,0,50.776901000,144.239110000,39.526905000,262.557326671,10
Branch_001,1,16,0,9,16,10.293105000,-17.392542000,41.166740000,4.563091612,78.593298312,0.299337670,0,50.776901000,144.239110000,39.526905000,262.557326671,10
Branch_001,1,17,0,9,17,11.084682000,-13.193231000,41.531292000,4.288788312,82.882086624,0.315672344,0,50.776901000,144.239110000,39.526905000,262.557326671,10
Branch_001,1,18,0,9,18,12.395549000,-9.250117300,42.023792000,4.184384566,87.066471190,0.331609376,0,50.776901000,144.239110000,39.526905000,262.557326671,10
Branch_001,1,19,0,9,19,13.428562000,-7.010438900,42.358051000,2.488976551,89.555447741,0.341089121,0,50.776901000,144.239110000,39.526905000,262.557326671,10
Branch_001,1,20,1,8,1,16.282339000,-1.562926900,43.212620000,6.208841948,95.764289689,0.364736688,0,50.776901000,144.239110000,39.526905000,262.557326671,10
Branch_001,1,21,1,8,2,18.643381000,2.404393400,43.881081000,4.664867608,100.429157296,0.382503732,0,50.776901000,144.239110000,39.526905000,262.557326671,10
Branch_001,1,22,1,8,3,21.147991000,6.488432400,44.652599000,4.852595783,105.281753079,0.400985775,0,50.776901000,144.239110000,39.526905000,262.557326671,10
Branch_001,1,23,1,8,4,24.223534000,11.405412000,45.843182000,5.920569315,111.202322394,0.423535400,0,50.776901000,144.239110000,39.526905000,262.557326671,10
Branch_001,1,24,2,7,1,26.324202000,14.701306000,46.829159000,4.030865161,115.233187555,0.438887724,0,50.776901000,144.239110000,39.526905000,262.557326671,10
Branch_001,1,25,2,7,2,28.908293000,18.630505000,48.351257000,4.942966053,120.176153608,0.457713960,0,50.776901000,144.239110000,39.526905000,262.557326671,10
Branch_001,1,26,2,7,3,31.432501000,22.371405000,50.143032000,4.855555219,125.031708827,0.476207274,0,50.776901000,144.239110000,39.526905000,262.557326671,10
Branch_001,1,27,2,7,4,33.837540000,25.965391000,52.093472000,4.743960809,129.775669636,0.494275560,0,50.776901000,144.239110000,39.526905000,262.557326671,10
Branch_001,1,28,2,7,5,36.051430000,29.527443000,54.029991000,4.619483653,134.395153289,0.511869750,0,50.776901000,144.239110000,39.526905000,262.557326671,10
Branch_001,1,29,2,7,6,38.004852000,33.210518000,55.757656000,4.512840050,138.907993339,0.529057768,0,50.776901000,144.239110000,39.526905000,262.557326671,10
Branch_001,1,30,2,7,7,39.655231000,37.152805000,57.108654000,4.482250911,143.390244250,0.546129282,0,50.776901000,144.239110000,39.526905000,262.557326671,10
Branch_001,1,31,2,7,8,40.956230000,41.252876000,57.950741000,4.383182761,147.773427011,0.562823475,0,50.776901000,144.239110000,39.526905000,262.557326671,10
Branch_001,1,32,3,6,1,42.188423000,46.187943000,58.389992000,5.105499714,152.878926725,0.582268751,0,50.776901000,144.239110000,39.526905000,262.557326671,10
Branch_001,1,33,4,5,1,43.203922000,50.765629000,58.406876000,4.689001216,157.567927941,0.600127713,0,50.776901000,144.239110000,39.526905000,262.557326671,10
Branch_001,1,34,4,5,2,44.359421000,55.519661000,58.187195000,4.897372555,162.465300495,0.618780297,0,50.776901000,144.239110000,39.526905000,262.557326671,10
Branch_001,1,35,4,5,3,45.795403000,60.070236000,57.887691000,4.781158832,167.246459328,0.636990258,0,50.776901000,144.239110000,39.526905000,262.557326671,10
Branch_001,1,36,4,5,4,47.645630000,64.272171000,57.623878000,4.598825393,171.845284721,0.654505768,0,50.776901000,144.239110000,39.526905000,262.557326671,10
Branch_001,1,37,4,5,5,51.342567000,69.871460000,57.347439000,6.715340573,178.560625293,0.680082432,0,50.776901000,144.239110000,39.526905000,262.557326671,10
Branch_001,1,38,5,4,1,55.407112000,74.712769000,57.020290000,6.329757133,184.890382426,0.704190528,0,50.776901000,144.239110000,39.526905000,262.557326671,10
Branch_001,1,39,6,3,1,58.283745000,78.131050000,56.528973000,4.494558355,189.384940781,0.721308916,0,50.776901000,144.239110000,39.526905000,262.557326671,10
Branch_001,1,40,6,3,2,60.622337000,81.607315000,55.718319000,4.267386882,193.652327663,0.737562079,0,50.776901000,144.239110000,39.526905000,262.557326671,10
Branch_001,1,41,6,3,3,62.223511000,85.360001000,54.550529000,4.243835986,197.896163649,0.753725543,0,50.776901000,144.239110000,39.526905000,262.557326671,10
Branch_001,1,42,6,3,4,62.844906000,89.630898000,52.998016000,4.586609810,202.482773459,0.771194527,0,50.776901000,144.239110000,39.526905000,262.557326671,10
Branch_001,1,43,7,2,1,62.470024000,93.598572000,51.485519000,4.262701099,206.745474558,0.787429843,0,50.776901000,144.239110000,39.526905000,262.557326671,10
Branch_001,1,44,7,2,2,61.098911000,97.857376000,49.920139000,4.740018662,211.485493220,0.805483114,0,50.776901000,144.239110000,39.526905000,262.557326671,10
Branch_001,1,45,7,2,3,58.968452000,102.038360000,48.564579000,4.884365432,216.369858651,0.824086158,0,50.776901000,144.239110000,39.526905000,262.557326671,10
Branch_001,1,46,7,2,4,56.398815000,106.080850000,47.520206000,4.902598767,221.272457419,0.842758647,0,50.776901000,144.239110000,39.526905000,262.557326671,10
Branch_001,1,47,7,2,5,53.888828000,109.821590000,46.824791000,4.558154507,225.830611926,0.860119254,0,50.776901000,144.239110000,39.526905000,262.557326671,10
Branch_001,1,48,8,1,1,51.937443000,113.056430000,46.390411000,3.802733126,229.633345052,0.874602693,0,50.776901000,144.239110000,39.526905000,262.557326671,10
Branch_001,1,49,9,0,1,49.591133000,118.053720000,45.808548000,5.551273954,235.184619006,0.895745786,1,50.776901000,144.239110000,39.526905000,262.557326671,10
Branch_001,1,50,9,0,2,48.494026000,122.417270000,45.225018000,4.537038641,239.721657647,0.913025969,1,50.776901000,144.239110000,39.526905000,262.557326671,10
Branch_001,1,51,9,0,3,48.125107000,127.055820000,44.401413000,4.725523519,244.447181166,0.931024033,1,50.776901000,144.239110000,39.526905000,262.557326671,10
Branch_001,1,52,9,0,4,48.374912000,131.824920000,43.315254000,4.897597240,249.344778406,0.949677473,1,50.776901000,144.239110000,39.526905000,262.557326671,10
Branch_001,1,53,9,0,5,49.036747000,136.424320000,42.057686000,4.813936352,254.158714758,0.968012274,1,50.776901000,144.239110000,39.526905000,262.557326671,10
Branch_001,1,54,9,0,6,49.853333000,140.442090000,40.813053000,4.284670323,258.443385080,0.984331263,1,50.776901000,144.239110000,39.526905000,262.557326671,10
Branch_001,1,55,9,0,7,50.776901000,144.239110000,39.526905000,4.113941590,262.557326671,1.000000000,1,50.776901000,144.239110000,39.526905000,262.557326671,10
Branch_002,2,0,0,9,0,9.155164700,-94.828995000,43.316994000,0.000000000,0.000000000,0.000000000,0,-45.704964000,100.761110000,75.430984000,237.968331620,8
Branch_002,2,1,0,9,1,8.745691300,-90.524384000,41.931053000,4.540724257,4.540724257,0.019081212,0,-45.704964000,100.761110000,75.430984000,237.968331620,8
Branch_002,2,2,0,9,2,8.447949400,-85.977066000,40.628029000,4.739685937,9.280410194,0.038998509,0,-45.704964000,100.761110000,75.430984000,237.968331620,8
Branch_002,2,3,0,9,3,8.306425100,-80.784424000,39.387024000,5.340754018,14.621164212,0.061441639,0,-45.704964000,100.761110000,75.430984000,237.968331620,8
Branch_002,2,4,0,9,4,8.427463500,-75.420364000,38.457928000,5.445274039,20.066438250,0.084323986,0,-45.704964000,100.761110000,75.430984000,237.968331620,8
Branch_002,2,5,0,9,5,8.845435100,-70.229225000,37.995411000,5.228436320,25.294874570,0.106295129,0,-45.704964000,100.761110000,75.430984000,237.968331620,8
Branch_002,2,6,0,9,6,9.507898300,-65.372032000,38.028183000,4.902270427,30.197144997,0.126895645,0,-45.704964000,100.761110000,75.430984000,237.968331620,8
Branch_002,2,7,0,9,7,10.287036000,-60.827480000,38.464947000,4.631497731,34.828642727,0.146358309,0,-45.704964000,100.761110000,75.430984000,237.968331620,8
Branch_002,2,8,0,9,8,11.014260000,-56.442604000,39.132923000,4.494683995,39.323326723,0.165246050,0,-45.704964000,100.761110000,75.430984000,237.968331620,8
Branch_002,2,9,0,9,9,11.527933000,-52.014019000,39.835442000,4.513286829,43.836613551,0.184211963,0,-45.704964000,100.761110000,75.430984000,237.968331620,8
Branch_002,2,10,0,9,10,11.720328000,-47.372635000,40.409962000,4.680762171,48.517375722,0.203881648,0,-45.704964000,100.761110000,75.430984000,237.968331620,8
Branch_002,2,11,0,9,11,11.570354000,-42.445747000,40.769272000,4.942248602,53.459624324,0.224650162,0,-45.704964000,100.761110000,75.430984000,237.968331620,8
Branch_002,2,12,0,9,12,11.152950000,-37.279388000,40.914940000,5.185239684,58.644864008,0.246439783,0,-45.704964000,100.761110000,75.430984000,237.968331620,8
Branch_002,2,13,0,9,13,10.623031000,-32.017574000,40.921852000,5.288435354,63.933299362,0.268663057,0,-45.704964000,100.761110000,75.430984000,237.968331620,8
Branch_002,2,14,0,9,14,10.179241000,-26.849152000,40.901917000,5.187478476,69.120777838,0.290462085,0,-45.704964000,100.761110000,75.430984000,237.968331620,8
Branch_002,2,15,0,9,15,10.018347000,-21.942720000,40.961330000,4.909428862,74.030206700,0.311092683,0,-45.704964000,100.761110000,75.430984000,237.968331620,8
Branch_002,2,16,0,9,16,10.293105000,-17.392542000,41.166740000,4.563091612,78.593298312,0.330267888,0,-45.704964000,100.761110000,75.430984000,237.968331620,8
Branch_002,2,17,0,9,17,11.084682000,-13.193231000,41.531292000,4.288788312,82.882086624,0.348290405,0,-45.704964000,100.761110000,75.430984000,237.968331620,8
Branch_002,2,18,0,9,18,12.395549000,-9.250117300,42.023792000,4.184384566,87.066471190,0.365874193,0,-45.704964000,100.761110000,75.430984000,237.968331620,8
Branch_002,2,19,0,9,19,13.428562000,-7.010438900,42.358051000,2.488976551,89.555447741,0.376333469,0,-45.704964000,100.761110000,75.430984000,237.968331620,8
Branch_002,2,20,1,10,1,8.513610800,-3.880808800,41.469315000,5.894165042,95.449612783,0.401102164,0,-45.704964000,100.761110000,75.430984000,237.968331620,8
Branch_002,2,21,1,10,2,5.700329800,-1.497111100,40.852108000,3.738650718,99.188263500,0.416812871,0,-45.704964000,100.761110000,75.430984000,237.968331620,8
Branch_002,2,22,1,10,3,3.228861600,1.258957700,40.246117000,3.751172535,102.939436035,0.432576198,0,-45.704964000,100.761110000,75.430984000,237.968331620,8
Branch_002,2,23,1,10,4,0.224044770,4.499023400,39.624977000,4.462372107,107.401808142,0.451328155,0,-45.704964000,100.761110000,75.430984000,237.968331620,8
Branch_002,2,24,1,10,5,-3.124296900,7.948573600,39.092415000,4.836776903,112.238585045,0.471653452,0,-45.704964000,100.761110000,75.430984000,237.968331620,8
Branch_002,2,25,1,10,6,-6.637706300,11.364470000,38.724075000,4.914068394,117.152653439,0.492303546,0,-45.704964000,100.761110000,75.430984000,237.968331620,8
Branch_002,2,26,1,10,7,-10.168994000,14.571689000,38.552483000,4.773435906,121.926089345,0.512362668,0,-45.704964000,100.761110000,75.430984000,237.968331620,8
Branch_002,2,27,1,10,8,-13.613175000,17.485661000,38.562916000,4.511510216,126.437599561,0.531321116,0,-45.704964000,100.761110000,75.430984000,237.968331620,8
Branch_002,2,28,1,10,9,-16.908464000,20.116638000,38.700928000,4.219006622,130.656606183,0.549050394,0,-45.704964000,100.761110000,75.430984000,237.968331620,8
Branch_002,2,29,1,10,10,-20.028803000,22.556101000,38.889393000,3.965225625,134.621831808,0.565713223,0,-45.704964000,100.761110000,75.430984000,237.968331620,8
Branch_002,2,30,1,10,11,-22.971312000,24.948771000,39.050686000,3.795951050,138.417782859,0.581664719,0,-45.704964000,100.761110000,75.430984000,237.968331620,8
Branch_002,2,31,1,10,12,-25.743008000,27.456394000,39.128395000,3.738517155,142.156300013,0.597374865,0,-45.704964000,100.761110000,75.430984000,237.968331620,8
Branch_002,2,32,1,10,13,-28.350756000,30.220842000,39.103210000,3.800415327,145.956715341,0.613345122,0,-45.704964000,100.761110000,75.430984000,237.968331620,8
Branch_002,2,33,1,10,14,-31.678991000,34.678879000,38.953018000,5.565411013,151.522126354,0.636732314,0,-45.704964000,100.761110000,75.430984000,237.968331620,8
Branch_002,2,34,2,11,1,-33.081928000,36.818501000,38.879490000,2.559613427,154.081739781,0.647488423,0,-45.704964000,100.761110000,75.430984000,237.968331620,8
Branch_002,2,35,2,11,2,-34.981613000,40.218311000,38.837078000,3.894779829,157.976519609,0.663855222,0,-45.704964000,100.761110000,75.430984000,237.968331620,8
Branch_002,2,36,3,12,1,-37.197227000,44.650524000,38.950371000,4.956439526,162.932959136,0.684683370,0,-45.704964000,100.761110000,75.430984000,237.968331620,8
Branch_002,2,37,3,12,2,-39.077698000,48.744965000,39.314186000,4.520285349,167.453244485,0.703678693,0,-45.704964000,100.761110000,75.430984000,237.968331620,8
Branch_002,2,38,3,12,3,-40.901249000,52.758144000,39.973698000,4.457117904,171.910362389,0.722408571,0,-45.704964000,100.761110000,75.430984000,237.968331620,8
Branch_002,2,39,3,12,4,-42.725853000,56.560471000,40.943188000,4.327445116,176.237807505,0.740593533,0,-45.704964000,100.761110000,75.430984000,237.968331620,8
Branch_002,2,40,3,12,5,-44.602505000,60.068466000,42.203861000,4.173385683,180.411193189,0.758131101,0,-45.704964000,100.761110000,75.430984000,237.968331620,8
Branch_002,2,41,3,12,6,-46.556820000,63.258331000,43.715164000,4.034677508,184.445870697,0.775085783,0,-45.704964000,100.761110000,75.430984000,237.968331620,8
Branch_002,2,42,3,12,7,-48.668339000,66.297379000,45.521130000,4.117746766,188.563617463,0.792389543,0,-45.704964000,100.761110000,75.430984000,237.968331620,8
Branch_002,2,43,4,13,1,-50.579292000,68.882439000,47.314671000,3.681177242,192.244794705,0.807858732,0,-45.704964000,100.761110000,75.430984000,237.968331620,8
Branch_002,2,44,5,14,1,-52.457863000,71.521378000,49.351467000,3.826429928,196.071224633,0.823938309,0,-45.704964000,100.761110000,75.430984000,237.968331620,8
Branch_002,2,45,5,14,2,-54.050007000,74.205940000,51.548962000,3.817169098,199.888393731,0.839978969,0,-45.704964000,100.761110000,75.430984000,237.968331620,8
Branch_002,2,46,5,14,3,-55.129581000,76.894508000,53.810669000,3.675485882,203.563879613,0.855424242,0,-45.704964000,100.761110000,75.430984000,237.968331620,8
Branch_002,2,47,6,15,1,-55.721176000,80.070518000,56.517704000,4.214862116,207.778741729,0.873136103,0,-45.704964000,100.761110000,75.430984000,237.968331620,8
Branch_002,2,48,6,15,2,-55.564167000,83.306961000,59.313175000,4.279471139,212.058212868,0.891119467,0,-45.704964000,100.761110000,75.430984000,237.968331620,8
Branch_002,2,49,6,15,3,-54.214123000,87.843506000,63.320751000,6.201896866,218.260109734,0.917181325,0,-45.704964000,100.761110000,75.430984000,237.968331620,8
Branch_002,2,50,7,16,1,-53.257683000,90.076660000,65.325134000,3.149492891,221.409602625,0.930416250,1,-45.704964000,100.761110000,75.430984000,237.968331620,8
Branch_002,2,51,7,16,2,-51.393818000,93.324196000,68.309914000,4.788464729,226.198067353,0.950538527,1,-45.704964000,100.761110000,75.430984000,237.968331620,8
Branch_002,2,52,7,16,3,-49.382771000,96.236526000,71.049629000,4.475713837,230.673781190,0.969346550,1,-45.704964000,100.761110000,75.430984000,237.968331620,8
Branch_002,2,53,7,16,4,-47.521366000,98.624237000,73.342232000,3.797633593,234.471414783,0.985305117,1,-45.704964000,100.761110000,75.430984000,237.968331620,8
Branch_002,2,54,7,16,5,-45.704964000,100.761110000,75.430984000,3.496916836,237.968331620,1.000000000,1,-45.704964000,100.761110000,75.430984000,237.968331620,8
Branch_003,3,0,0,9,0,9.155164700,-94.828995000,43.316994000,0.000000000,0.000000000,0.000000000,0,70.201263000,-13.558737000,83.102394000,186.826433078,7
Branch_003,3,1,0,9,1,8.745691300,-90.524384000,41.931053000,4.540724257,4.540724257,0.024304507,0,70.201263000,-13.558737000,83.102394000,186.826433078,7
Branch_003,3,2,0,9,2,8.447949400,-85.977066000,40.628029000,4.739685937,9.280410194,0.049673968,0,70.201263000,-13.558737000,83.102394000,186.826433078,7
Branch_003,3,3,0,9,3,8.306425100,-80.784424000,39.387024000,5.340754018,14.621164212,0.078260683,0,70.201263000,-13.558737000,83.102394000,186.826433078,7
Branch_003,3,4,0,9,4,8.427463500,-75.420364000,38.457928000,5.445274039,20.066438250,0.107406848,0,70.201263000,-13.558737000,83.102394000,186.826433078,7
Branch_003,3,5,0,9,5,8.845435100,-70.229225000,37.995411000,5.228436320,25.294874570,0.135392375,0,70.201263000,-13.558737000,83.102394000,186.826433078,7
Branch_003,3,6,0,9,6,9.507898300,-65.372032000,38.028183000,4.902270427,30.197144997,0.161632080,0,70.201263000,-13.558737000,83.102394000,186.826433078,7
Branch_003,3,7,0,9,7,10.287036000,-60.827480000,38.464947000,4.631497731,34.828642727,0.186422457,0,70.201263000,-13.558737000,83.102394000,186.826433078,7
Branch_003,3,8,0,9,8,11.014260000,-56.442604000,39.132923000,4.494683995,39.323326723,0.210480530,0,70.201263000,-13.558737000,83.102394000,186.826433078,7
Branch_003,3,9,0,9,9,11.527933000,-52.014019000,39.835442000,4.513286829,43.836613551,0.234638176,0,70.201263000,-13.558737000,83.102394000,186.826433078,7
Branch_003,3,10,0,9,10,11.720328000,-47.372635000,40.409962000,4.680762171,48.517375722,0.259692244,0,70.201263000,-13.558737000,83.102394000,186.826433078,7
Branch_003,3,11,0,9,11,11.570354000,-42.445747000,40.769272000,4.942248602,53.459624324,0.286145935,0,70.201263000,-13.558737000,83.102394000,186.826433078,7
Branch_003,3,12,0,9,12,11.152950000,-37.279388000,40.914940000,5.185239684,58.644864008,0.313900250,0,70.201263000,-13.558737000,83.102394000,186.826433078,7
Branch_003,3,13,0,9,13,10.623031000,-32.017574000,40.921852000,5.288435354,63.933299362,0.342206926,0,70.201263000,-13.558737000,83.102394000,186.826433078,7
Branch_003,3,14,0,9,14,10.179241000,-26.849152000,40.901917000,5.187478476,69.120777838,0.369973224,0,70.201263000,-13.558737000,83.102394000,186.826433078,7
Branch_003,3,15,0,9,15,10.018347000,-21.942720000,40.961330000,4.909428862,74.030206700,0.396251245,0,70.201263000,-13.558737000,83.102394000,186.826433078,7
Branch_003,3,16,0,9,16,10.293105000,-17.392542000,41.166740000,4.563091612,78.593298312,0.420675474,0,70.201263000,-13.558737000,83.102394000,186.826433078,7
Branch_003,3,17,0,9,17,11.084682000,-13.193231000,41.531292000,4.288788312,82.882086624,0.443631478,0,70.201263000,-13.558737000,83.102394000,186.826433078,7
Branch_003,3,18,0,9,18,12.395549000,-9.250117300,42.023792000,4.184384566,87.066471190,0.466028654,0,70.201263000,-13.558737000,83.102394000,186.826433078,7
Branch_003,3,19,0,9,19,13.428562000,-7.010438900,42.358051000,2.488976551,89.555447741,0.479351055,0,70.201263000,-13.558737000,83.102394000,186.826433078,7
Branch_003,3,20,1,8,1,16.282339000,-1.562926900,43.212620000,6.208841948,95.764289689,0.512584264,0,70.201263000,-13.558737000,83.102394000,186.826433078,7
Branch_003,3,21,1,8,2,18.643381000,2.404393400,43.881081000,4.664867608,100.429157296,0.537553255,0,70.201263000,-13.558737000,83.102394000,186.826433078,7
Branch_003,3,22,1,8,3,21.147991000,6.488432400,44.652599000,4.852595783,105.281753079,0.563527073,0,70.201263000,-13.558737000,83.102394000,186.826433078,7
Branch_003,3,23,1,8,4,24.223534000,11.405412000,45.843182000,5.920569315,111.202322394,0.595217286,0,70.201263000,-13.558737000,83.102394000,186.826433078,7
Branch_003,3,24,2,21,1,27.690271000,9.568561600,45.976391000,3.925561037,115.127883431,0.616229093,0,70.201263000,-13.558737000,83.102394000,186.826433078,7
Branch_003,3,25,2,21,2,30.500639000,8.436563500,45.614300000,3.051343620,118.179227051,0.632561598,0,70.201263000,-13.558737000,83.102394000,186.826433078,7
Branch_003,3,26,2,21,3,33.836395000,7.302638100,44.907448000,3.593423807,121.772650857,0.651795620,0,70.201263000,-13.558737000,83.102394000,186.826433078,7
Branch_003,3,27,2,21,4,37.648449000,5.861568000,44.297165000,4.120786827,125.893437684,0.673852386,0,70.201263000,-13.558737000,83.102394000,186.826433078,7
Branch_003,3,28,2,21,5,41.557293000,4.180810000,43.965683000,4.267773329,130.161211013,0.696695906,0,70.201263000,-13.558737000,83.102394000,186.826433078,7
Branch_003,3,29,2,21,6,45.247955000,2.346591900,44.046879000,4.122127464,134.283338477,0.718759847,0,70.201263000,-13.558737000,83.102394000,186.826433078,7
Branch_003,3,30,2,21,7,48.516773000,0.457833470,44.605518000,3.816366997,138.099705474,0.739187187,0,70.201263000,-13.558737000,83.102394000,186.826433078,7
Branch_003,3,31,2,21,8,51.288979000,-1.384460900,45.637222000,3.484765099,141.584470573,0.757839607,0,70.201263000,-13.558737000,83.102394000,186.826433078,7
Branch_003,3,32,2,21,9,53.190578000,-2.784993900,46.827793000,2.644812044,144.229282617,0.771996126,0,70.201263000,-13.558737000,83.102394000,186.826433078,7
Branch_003,3,33,3,20,1,55.586220000,-4.596087500,48.883541000,3.639403860,147.868686477,0.791476260,0,70.201263000,-13.558737000,83.102394000,186.826433078,7
Branch_003,3,34,3,20,2,57.378574000,-5.870704200,50.964619000,3.027881476,150.896567954,0.807683182,0,70.201263000,-13.558737000,83.102394000,186.826433078,7
Branch_003,3,35,3,20,3,59.110535000,-6.922920200,53.305656000,3.096336812,153.992904765,0.824256516,0,70.201263000,-13.558737000,83.102394000,186.826433078,7
Branch_003,3,36,3,20,4,61.685532000,-8.151027700,57.298828000,4.907573759,158.900478525,0.850524607,0,70.201263000,-13.558737000,83.102394000,186.826433078,7
Branch_003,3,37,4,19,1,62.618176000,-8.550990100,58.847027000,1.851138811,160.751617335,0.860432941,0,70.201263000,-13.558737000,83.102394000,186.826433078,7
Branch_003,3,38,4,19,2,63.963196000,-9.102930100,61.391586000,2.930613770,163.682231105,0.876119232,0,70.201263000,-13.558737000,83.102394000,186.826433078,7
Branch_003,3,39,5,18,1,65.948616000,-9.976252600,65.706612000,4.829496262,168.511727367,0.901969409,0,70.201263000,-13.558737000,83.102394000,186.826433078,7
Branch_003,3,40,5,18,2,67.338921000,-10.727242000,69.531403000,4.138352240,172.650079608,0.924120194,0,70.201263000,-13.558737000,83.102394000,186.826433078,7
Branch_003,3,41,5,18,3,68.356697000,-11.435657000,73.069717000,3.749318039,176.399397647,0.944188650,0,70.201263000,-13.558737000,83.102394000,186.826433078,7
Branch_003,3,42,6,17,1,69.271095000,-12.258317000,77.063965000,4.179343281,180.578740928,0.966558843,1,70.201263000,-13.558737000,83.102394000,186.826433078,7
Branch_003,3,43,6,17,2,69.814026000,-12.924428000,80.195862000,3.247654038,183.826394967,0.983942111,1,70.201263000,-13.558737000,83.102394000,186.826433078,7
Branch_003,3,44,6,17,3,70.201263000,-13.558737000,83.102394000,3.000038111,186.826433078,1.000000000,1,70.201263000,-13.558737000,83.102394000,186.826433078,7
Branch_004,4,0,0,9,0,9.155164700,-94.828995000,43.316994000,0.000000000,0.000000000,0.000000000,0,-48.494358000,-35.608982000,36.598019000,234.608052350,7
Branch_004,4,1,0,9,1,8.745691300,-90.524384000,41.931053000,4.540724257,4.540724257,0.019354512,0,-48.494358000,-35.608982000,36.598019000,234.608052350,7
Branch_004,4,2,0,9,2,8.447949400,-85.977066000,40.628029000,4.739685937,9.280410194,0.039557083,0,-48.494358000,-35.608982000,36.598019000,234.608052350,7
Branch_004,4,3,0,9,3,8.306425100,-80.784424000,39.387024000,5.340754018,14.621164212,0.062321664,0,-48.494358000,-35.608982000,36.598019000,234.608052350,7
Branch_004,4,4,0,9,4,8.427463500,-75.420364000,38.457928000,5.445274039,20.066438250,0.085531754,0,-48.494358000,-35.608982000,36.598019000,234.608052350,7
Branch_004,4,5,0,9,5,8.845435100,-70.229225000,37.995411000,5.228436320,25.294874570,0.107817589,0,-48.494358000,-35.608982000,36.598019000,234.608052350,7
Branch_004,4,6,0,9,6,9.507898300,-65.372032000,38.028183000,4.902270427,30.197144997,0.128713165,0,-48.494358000,-35.608982000,36.598019000,234.608052350,7
Branch_004,4,7,0,9,7,10.287036000,-60.827480000,38.464947000,4.631497731,34.828642727,0.148454592,0,-48.494358000,-35.608982000,36.598019000,234.608052350,7
Branch_004,4,8,0,9,8,11.014260000,-56.442604000,39.132923000,4.494683995,39.323326723,0.167612860,0,-48.494358000,-35.608982000,36.598019000,234.608052350,7
Branch_004,4,9,0,9,9,11.527933000,-52.014019000,39.835442000,4.513286829,43.836613551,0.186850422,0,-48.494358000,-35.608982000,36.598019000,234.608052350,7
Branch_004,4,10,0,9,10,11.720328000,-47.372635000,40.409962000,4.680762171,48.517375722,0.206801835,0,-48.494358000,-35.608982000,36.598019000,234.608052350,7
Branch_004,4,11,0,9,11,11.570354000,-42.445747000,40.769272000,4.942248602,53.459624324,0.227867815,0,-48.494358000,-35.608982000,36.598019000,234.608052350,7
Branch_004,4,12,0,9,12,11.152950000,-37.279388000,40.914940000,5.185239684,58.644864008,0.249969528,0,-48.494358000,-35.608982000,36.598019000,234.608052350,7
Branch_004,4,13,0,9,13,10.623031000,-32.017574000,40.921852000,5.288435354,63.933299362,0.272511104,0,-48.494358000,-35.608982000,36.598019000,234.608052350,7
Branch_004,4,14,0,9,14,10.179241000,-26.849152000,40.901917000,5.187478476,69.120777838,0.294622359,0,-48.494358000,-35.608982000,36.598019000,234.608052350,7
Branch_004,4,15,0,9,15,10.018347000,-21.942720000,40.961330000,4.909428862,74.030206700,0.315548448,0,-48.494358000,-35.608982000,36.598019000,234.608052350,7
Branch_004,4,16,0,9,16,10.293105000,-17.392542000,41.166740000,4.563091612,78.593298312,0.334998298,0,-48.494358000,-35.608982000,36.598019000,234.608052350,7
Branch_004,4,17,0,9,17,11.084682000,-13.193231000,41.531292000,4.288788312,82.882086624,0.353278951,0,-48.494358000,-35.608982000,36.598019000,234.608052350,7
Branch_004,4,18,0,9,18,12.395549000,-9.250117300,42.023792000,4.184384566,87.066471190,0.371114590,0,-48.494358000,-35.608982000,36.598019000,234.608052350,7
Branch_004,4,19,0,9,19,13.428562000,-7.010438900,42.358051000,2.488976551,89.555447741,0.381723674,0,-48.494358000,-35.608982000,36.598019000,234.608052350,7
Branch_004,4,20,1,10,1,8.513610800,-3.880808800,41.469315000,5.894165042,95.449612783,0.406847130,0,-48.494358000,-35.608982000,36.598019000,234.608052350,7
Branch_004,4,21,1,10,2,5.700329800,-1.497111100,40.852108000,3.738650718,99.188263500,0.422782861,0,-48.494358000,-35.608982000,36.598019000,234.608052350,7
Branch_004,4,22,1,10,3,3.228861600,1.258957700,40.246117000,3.751172535,102.939436035,0.438771965,0,-48.494358000,-35.608982000,36.598019000,234.608052350,7
Branch_004,4,23,1,10,4,0.224044770,4.499023400,39.624977000,4.462372107,107.401808142,0.457792506,0,-48.494358000,-35.608982000,36.598019000,234.608052350,7
Branch_004,4,24,1,10,5,-3.124296900,7.948573600,39.092415000,4.836776903,112.238585045,0.478408920,0,-48.494358000,-35.608982000,36.598019000,234.608052350,7
Branch_004,4,25,1,10,6,-6.637706300,11.364470000,38.724075000,4.914068394,117.152653439,0.499354785,0,-48.494358000,-35.608982000,36.598019000,234.608052350,7
Branch_004,4,26,1,10,7,-10.168994000,14.571689000,38.552483000,4.773435906,121.926089345,0.519701213,0,-48.494358000,-35.608982000,36.598019000,234.608052350,7
Branch_004,4,27,1,10,8,-13.613175000,17.485661000,38.562916000,4.511510216,126.437599561,0.538931202,0,-48.494358000,-35.608982000,36.598019000,234.608052350,7
Branch_004,4,28,1,10,9,-16.908464000,20.116638000,38.700928000,4.219006622,130.656606183,0.556914415,0,-48.494358000,-35.608982000,36.598019000,234.608052350,7
Branch_004,4,29,1,10,10,-20.028803000,22.556101000,38.889393000,3.965225625,134.621831808,0.573815905,0,-48.494358000,-35.608982000,36.598019000,234.608052350,7
Branch_004,4,30,1,10,11,-22.971312000,24.948771000,39.050686000,3.795951050,138.417782859,0.589995874,0,-48.494358000,-35.608982000,36.598019000,234.608052350,7
Branch_004,4,31,1,10,12,-25.743008000,27.456394000,39.128395000,3.738517155,142.156300013,0.605931035,0,-48.494358000,-35.608982000,36.598019000,234.608052350,7
Branch_004,4,32,1,10,13,-28.350756000,30.220842000,39.103210000,3.800415327,145.956715341,0.622130033,0,-48.494358000,-35.608982000,36.598019000,234.608052350,7
Branch_004,4,33,1,10,14,-31.678991000,34.678879000,38.953018000,5.565411013,151.522126354,0.645852198,0,-48.494358000,-35.608982000,36.598019000,234.608052350,7
Branch_004,4,34,2,22,1,-33.540119000,32.828140000,39.465443000,2.674249738,154.196376091,0.657250996,0,-48.494358000,-35.608982000,36.598019000,234.608052350,7
Branch_004,4,35,2,22,2,-34.860867000,31.102398000,40.012878000,2.241036771,156.437412862,0.666803255,0,-48.494358000,-35.608982000,36.598019000,234.608052350,7
Branch_004,4,36,2,22,3,-36.322609000,28.840321000,40.706116000,2.781053928,159.218466791,0.678657298,0,-48.494358000,-35.608982000,36.598019000,234.608052350,7
Branch_004,4,37,2,22,4,-38.073528000,26.209150000,41.376247000,3.230766741,162.449233532,0.692428209,0,-48.494358000,-35.608982000,36.598019000,234.608052350,7
Branch_004,4,38,2,22,5,-39.973618000,23.443958000,41.869690000,3.391181918,165.840415449,0.706882879,0,-48.494358000,-35.608982000,36.598019000,234.608052350,7
Branch_004,4,39,2,22,6,-41.880322000,20.744228000,42.058407000,3.310540186,169.150955635,0.720993819,0,-48.494358000,-35.608982000,36.598019000,234.608052350,7
Branch_004,4,40,2,22,7,-43.663528000,18.242468000,41.861221000,3.078556326,172.229511962,0.734115945,0,-48.494358000,-35.608982000,36.598019000,234.608052350,7
Branch_004,4,41,3,23,1,-45.218269000,15.988478000,41.254684000,2.804563715,175.034075676,0.746070196,0,-48.494358000,-35.608982000,36.598019000,234.608052350,7
Branch_004,4,42,3,23,2,-46.473606000,13.951802000,40.271839000,2.586484952,177.620560628,0.757094903,0,-48.494358000,-35.608982000,36.598019000,234.608052350,7
Branch_004,4,43,3,23,3,-47.396786000,12.040812000,38.990082000,2.479323517,180.099884145,0.767662842,0,-48.494358000,-35.608982000,36.598019000,234.608052350,7
Branch_004,4,44,3,23,4,-47.936047000,10.275660000,37.621986000,2.297444379,182.397328524,0.777455534,0,-48.494358000,-35.608982000,36.598019000,234.608052350,7
Branch_004,4,45,4,24,1,-48.297630000,8.110427900,35.941898000,2.764356706,185.161685230,0.789238406,0,-48.494358000,-35.608982000,36.598019000,234.608052350,7
Branch_004,4,46,4,24,2,-48.372631000,5.887855100,34.370441000,2.723037294,187.884722524,0.800845157,0,-48.494358000,-35.608982000,36.598019000,234.608052350,7
Branch_004,4,47,4,24,3,-48.290897000,3.434089200,32.859783000,2.882661120,190.767383644,0.813132293,0,-48.494358000,-35.608982000,36.598019000,234.608052350,7
Branch_004,4,48,4,24,4,-48.127777000,0.775396880,31.443312000,3.016892951,193.784276595,0.825991583,0,-48.494358000,-35.608982000,36.598019000,234.608052350,7
Branch_004,4,49,4,24,5,-47.984459000,-1.483309300,30.382214000,2.499644499,196.283921095,0.836646139,0,-48.494358000,-35.608982000,36.598019000,234.608052350,7
Branch_004,4,50,5,25,1,-47.811871000,-4.838178200,28.930590000,3.659527865,199.943448959,0.852244614,0,-48.494358000,-35.608982000,36.598019000,234.608052350,7
Branch_004,4,51,5,25,2,-47.743603000,-7.598588000,27.848036000,2.965880299,202.909329258,0.864886466,0,-48.494358000,-35.608982000,36.598019000,234.608052350,7
Branch_004,4,52,5,25,3,-47.757740000,-10.227840000,26.915194000,2.789867404,205.699196662,0.876778076,0,-48.494358000,-35.608982000,36.598019000,234.608052350,7
Branch_004,4,53,5,25,4,-47.847652000,-12.702284000,26.187532000,2.580784622,208.279981283,0.887778485,0,-48.494358000,-35.608982000,36.598019000,234.608052350,7
Branch_004,4,54,5,25,5,-47.992935000,-15.046505000,25.741287000,2.390735001,210.670716285,0.897968822,0,-48.494358000,-35.608982000,36.598019000,234.608052350,7
Branch_004,4,55,5,25,6,-48.159924000,-17.250248000,25.662239000,2.211473971,212.882190255,0.907395071,0,-48.494358000,-35.608982000,36.598019000,234.608052350,7
Branch_004,4,56,6,26,1,-48.335632000,-19.609449000,26.012108000,2.391466282,215.273656537,0.917588524,1,-48.494358000,-35.608982000,36.598019000,234.608052350,7
Branch_004,4,57,6,26,2,-48.478394000,-21.971951000,26.832041000,2.504812730,217.778469267,0.928265109,1,-48.494358000,-35.608982000,36.598019000,234.608052350,7
Branch_004,4,58,6,26,3,-48.577038000,-24.436657000,28.097660000,2.772417313,220.550886581,0.940082339,1,-48.494358000,-35.608982000,36.598019000,234.608052350,7
Branch_004,4,59,6,26,4,-48.625435000,-26.971521000,29.722042000,3.011062047,223.561948627,0.952916775,1,-48.494358000,-35.608982000,36.598019000,234.608052350,7
Branch_004,4,60,6,26,5,-48.627926000,-29.480543000,31.555441000,3.107498913,226.669447540,0.966162266,1,-48.494358000,-35.608982000,36.598019000,234.608052350,7
Branch_004,4,61,6,26,6,-48.597221000,-31.813509000,33.400806000,2.974734465,229.644182005,0.978841859,1,-48.494358000,-35.608982000,36.598019000,234.608052350,7
Branch_004,4,62,6,26,7,-48.550926000,-33.789478000,35.040436000,2.568069947,232.212251953,0.989788073,1,-48.494358000,-35.608982000,36.598019000,234.608052350,7
Branch_004,4,63,6,26,8,-48.494358000,-35.608982000,36.598019000,2.395800398,234.608052350,1.000000000,1,-48.494358000,-35.608982000,36.598019000,234.608052350,7
Branch_005,5,0,0,9,0,9.155164700,-94.828995000,43.316994000,0.000000000,0.000000000,0.000000000,0,-36.751720000,132.481400000,44.324299000,262.740672935,8
Branch_005,5,1,0,9,1,8.745691300,-90.524384000,41.931053000,4.540724257,4.540724257,0.017282152,0,-36.751720000,132.481400000,44.324299000,262.740672935,8
Branch_005,5,2,0,9,2,8.447949400,-85.977066000,40.628029000,4.739685937,9.280410194,0.035321559,0,-36.751720000,132.481400000,44.324299000,262.740672935,8
Branch_005,5,3,0,9,3,8.306425100,-80.784424000,39.387024000,5.340754018,14.621164212,0.055648652,0,-36.751720000,132.481400000,44.324299000,262.740672935,8
Branch_005,5,4,0,9,4,8.427463500,-75.420364000,38.457928000,5.445274039,20.066438250,0.076373551,0,-36.751720000,132.481400000,44.324299000,262.740672935,8
Branch_005,5,5,0,9,5,8.845435100,-70.229225000,37.995411000,5.228436320,25.294874570,0.096273159,0,-36.751720000,132.481400000,44.324299000,262.740672935,8
Branch_005,5,6,0,9,6,9.507898300,-65.372032000,38.028183000,4.902270427,30.197144997,0.114931368,0,-36.751720000,132.481400000,44.324299000,262.740672935,8
Branch_005,5,7,0,9,7,10.287036000,-60.827480000,38.464947000,4.631497731,34.828642727,0.132559007,0,-36.751720000,132.481400000,44.324299000,262.740672935,8
Branch_005,5,8,0,9,8,11.014260000,-56.442604000,39.132923000,4.494683995,39.323326723,0.149665928,0,-36.751720000,132.481400000,44.324299000,262.740672935,8
Branch_005,5,9,0,9,9,11.527933000,-52.014019000,39.835442000,4.513286829,43.836613551,0.166843653,0,-36.751720000,132.481400000,44.324299000,262.740672935,8
Branch_005,5,10,0,9,10,11.720328000,-47.372635000,40.409962000,4.680762171,48.517375722,0.184658794,0,-36.751720000,132.481400000,44.324299000,262.740672935,8
Branch_005,5,11,0,9,11,11.570354000,-42.445747000,40.769272000,4.942248602,53.459624324,0.203469161,0,-36.751720000,132.481400000,44.324299000,262.740672935,8
Branch_005,5,12,0,9,12,11.152950000,-37.279388000,40.914940000,5.185239684,58.644864008,0.223204361,0,-36.751720000,132.481400000,44.324299000,262.740672935,8
Branch_005,5,13,0,9,13,10.623031000,-32.017574000,40.921852000,5.288435354,63.933299362,0.243332327,0,-36.751720000,132.481400000,44.324299000,262.740672935,8
Branch_005,5,14,0,9,14,10.179241000,-26.849152000,40.901917000,5.187478476,69.120777838,0.263076048,0,-36.751720000,132.481400000,44.324299000,262.740672935,8
Branch_005,5,15,0,9,15,10.018347000,-21.942720000,40.961330000,4.909428862,74.030206700,0.281761502,0,-36.751720000,132.481400000,44.324299000,262.740672935,8
Branch_005,5,16,0,9,16,10.293105000,-17.392542000,41.166740000,4.563091612,78.593298312,0.299128785,0,-36.751720000,132.481400000,44.324299000,262.740672935,8
Branch_005,5,17,0,9,17,11.084682000,-13.193231000,41.531292000,4.288788312,82.882086624,0.315452060,0,-36.751720000,132.481400000,44.324299000,262.740672935,8
Branch_005,5,18,0,9,18,12.395549000,-9.250117300,42.023792000,4.184384566,87.066471190,0.331377971,0,-36.751720000,132.481400000,44.324299000,262.740672935,8
Branch_005,5,19,0,9,19,13.428562000,-7.010438900,42.358051000,2.488976551,89.555447741,0.340851101,0,-36.751720000,132.481400000,44.324299000,262.740672935,8
Branch_005,5,20,1,10,1,8.513610800,-3.880808800,41.469315000,5.894165042,95.449612783,0.363284495,0,-36.751720000,132.481400000,44.324299000,262.740672935,8
Branch_005,5,21,1,10,2,5.700329800,-1.497111100,40.852108000,3.738650718,99.188263500,0.377513928,0,-36.751720000,132.481400000,44.324299000,262.740672935,8
Branch_005,5,22,1,10,3,3.228861600,1.258957700,40.246117000,3.751172535,102.939436035,0.391791019,0,-36.751720000,132.481400000,44.324299000,262.740672935,8
Branch_005,5,23,1,10,4,0.224044770,4.499023400,39.624977000,4.462372107,107.401808142,0.408774960,0,-36.751720000,132.481400000,44.324299000,262.740672935,8
Branch_005,5,24,1,10,5,-3.124296900,7.948573600,39.092415000,4.836776903,112.238585045,0.427183899,0,-36.751720000,132.481400000,44.324299000,262.740672935,8
Branch_005,5,25,1,10,6,-6.637706300,11.364470000,38.724075000,4.914068394,117.152653439,0.445887011,0,-36.751720000,132.481400000,44.324299000,262.740672935,8
Branch_005,5,26,1,10,7,-10.168994000,14.571689000,38.552483000,4.773435906,121.926089345,0.464054872,0,-36.751720000,132.481400000,44.324299000,262.740672935,8
Branch_005,5,27,1,10,8,-13.613175000,17.485661000,38.562916000,4.511510216,126.437599561,0.481225834,0,-36.751720000,132.481400000,44.324299000,262.740672935,8
Branch_005,5,28,1,10,9,-16.908464000,20.116638000,38.700928000,4.219006622,130.656606183,0.497283518,0,-36.751720000,132.481400000,44.324299000,262.740672935,8
Branch_005,5,29,1,10,10,-20.028803000,22.556101000,38.889393000,3.965225625,134.621831808,0.512375303,0,-36.751720000,132.481400000,44.324299000,262.740672935,8
Branch_005,5,30,1,10,11,-22.971312000,24.948771000,39.050686000,3.795951050,138.417782859,0.526822822,0,-36.751720000,132.481400000,44.324299000,262.740672935,8
Branch_005,5,31,1,10,12,-25.743008000,27.456394000,39.128395000,3.738517155,142.156300013,0.541051747,0,-36.751720000,132.481400000,44.324299000,262.740672935,8
Branch_005,5,32,1,10,13,-28.350756000,30.220842000,39.103210000,3.800415327,145.956715341,0.555516258,0,-36.751720000,132.481400000,44.324299000,262.740672935,8
Branch_005,5,33,1,10,14,-31.678991000,34.678879000,38.953018000,5.565411013,151.522126354,0.576698403,0,-36.751720000,132.481400000,44.324299000,262.740672935,8
Branch_005,5,34,2,11,1,-33.081928000,36.818501000,38.879490000,2.559613427,154.081739781,0.586440379,0,-36.751720000,132.481400000,44.324299000,262.740672935,8
Branch_005,5,35,2,11,2,-34.981613000,40.218311000,38.837078000,3.894779829,157.976519609,0.601264044,0,-36.751720000,132.481400000,44.324299000,262.740672935,8
Branch_005,5,36,3,12,1,-37.197227000,44.650524000,38.950371000,4.956439526,162.932959136,0.620128423,0,-36.751720000,132.481400000,44.324299000,262.740672935,8
Branch_005,5,37,3,12,2,-39.077698000,48.744965000,39.314186000,4.520285349,167.453244485,0.637332784,0,-36.751720000,132.481400000,44.324299000,262.740672935,8
Branch_005,5,38,3,12,3,-40.901249000,52.758144000,39.973698000,4.457117904,171.910362389,0.654296727,0,-36.751720000,132.481400000,44.324299000,262.740672935,8
Branch_005,5,39,3,12,4,-42.725853000,56.560471000,40.943188000,4.327445116,176.237807505,0.670767131,0,-36.751720000,132.481400000,44.324299000,262.740672935,8
Branch_005,5,40,3,12,5,-44.602505000,60.068466000,42.203861000,4.173385683,180.411193189,0.686651180,0,-36.751720000,132.481400000,44.324299000,262.740672935,8
Branch_005,5,41,3,12,6,-46.556820000,63.258331000,43.715164000,4.034677508,184.445870697,0.702007301,0,-36.751720000,132.481400000,44.324299000,262.740672935,8
Branch_005,5,42,3,12,7,-48.668339000,66.297379000,45.521130000,4.117746766,188.563617463,0.717679586,0,-36.751720000,132.481400000,44.324299000,262.740672935,8
Branch_005,5,43,4,13,1,-50.579292000,68.882439000,47.314671000,3.681177242,192.244794705,0.731690273,0,-36.751720000,132.481400000,44.324299000,262.740672935,8
Branch_005,5,44,5,27,1,-48.690441000,72.230789000,44.909473000,4.534774883,196.779569588,0.748949782,0,-36.751720000,132.481400000,44.324299000,262.740672935,8
Branch_005,5,45,5,27,2,-47.930210000,73.844986000,44.024170000,1.991819402,198.771388990,0.756530714,0,-36.751720000,132.481400000,44.324299000,262.740672935,8
Branch_005,5,46,5,27,3,-47.045216000,76.029518000,42.882030000,2.619136922,201.390525913,0.766499239,0,-36.751720000,132.481400000,44.324299000,262.740672935,8
Branch_005,5,47,5,27,4,-46.254795000,78.566696000,41.654549000,2.927242246,204.317768159,0.777640423,0,-36.751720000,132.481400000,44.324299000,262.740672935,8
Branch_005,5,48,5,27,5,-45.734581000,81.254890000,40.501083000,2.971109793,207.288877951,0.788948569,0,-36.751720000,132.481400000,44.324299000,262.740672935,8
Branch_005,5,49,5,27,6,-45.563881000,83.948097000,39.536957000,2.865665957,210.154543909,0.799855392,0,-36.751720000,132.481400000,44.324299000,262.740672935,8
Branch_005,5,50,5,27,7,-45.701767000,86.574341000,38.817318000,2.726545504,212.881089413,0.810232717,0,-36.751720000,132.481400000,44.324299000,262.740672935,8
Branch_005,5,51,5,27,8,-45.998642000,89.129250000,38.340176000,2.615981508,215.497070921,0.820189233,0,-36.751720000,132.481400000,44.324299000,262.740672935,8
Branch_005,5,52,5,27,9,-46.191780000,91.343819000,38.109314000,2.234930738,217.732001660,0.828695456,0,-36.751720000,132.481400000,44.324299000,262.740672935,8
Branch_005,5,53,6,28,1,-46.205544000,94.176872000,37.944023000,2.837904132,220.569905792,0.839496616,0,-36.751720000,132.481400000,44.324299000,262.740672935,8
Branch_005,5,54,6,28,2,-45.736401000,96.728386000,37.940884000,2.594287706,223.164193498,0.849370564,0,-36.751720000,132.481400000,44.324299000,262.740672935,8
Branch_005,5,55,6,28,3,-44.774288000,99.281036000,38.052784000,2.730239011,225.894432509,0.859761947,0,-36.751720000,132.481400000,44.324299000,262.740672935,8
Branch_005,5,56,6,28,4,-43.378967000,101.779390000,38.305992000,2.872770038,228.767202547,0.870695808,0,-36.751720000,132.481400000,44.324299000,262.740672935,8
Branch_005,5,57,6,28,5,-41.637257000,104.251630000,38.770802000,3.059668720,231.826871267,0.882341012,0,-36.751720000,132.481400000,44.324299000,262.740672935,8
Branch_005,5,58,7,29,1,-39.983761000,106.390200000,39.386528000,2.772480690,234.599351957,0.892893169,1,-36.751720000,132.481400000,44.324299000,262.740672935,8
Branch_005,5,59,7,29,2,-38.417393000,108.486000000,40.238586000,2.751706595,237.351058552,0.903366258,1,-36.751720000,132.481400000,44.324299000,262.740672935,8
Branch_005,5,60,7,29,3,-37.178650000,110.531520000,41.243935000,2.594101560,239.945160112,0.913239497,1,-36.751720000,132.481400000,44.324299000,262.740672935,8
Branch_005,5,61,7,29,4,-36.352837000,112.658070000,42.303986000,2.515529792,242.460689904,0.922813690,1,-36.751720000,132.481400000,44.324299000,262.740672935,8
Branch_005,5,62,7,29,5,-35.935566000,115.005740000,43.293724000,2.581714706,245.042404611,0.932639785,1,-36.751720000,132.481400000,44.324299000,262.740672935,8
Branch_005,5,63,7,29,6,-35.849823000,117.671040000,44.092266000,2.783674779,247.826079390,0.943234546,1,-36.751720000,132.481400000,44.324299000,262.740672935,8
Branch_005,5,64,7,29,7,-35.979088000,120.657800000,44.615349000,3.034972910,250.861052300,0.954785757,1,-36.751720000,132.481400000,44.324299000,262.740672935,8
Branch_005,5,65,7,29,8,-36.204327000,123.847860000,44.839195000,3.205826328,254.066878627,0.966987242,1,-36.751720000,132.481400000,44.324299000,262.740672935,8
Branch_005,5,66,7,29,9,-36.432930000,127.003650000,44.807510000,3.164217722,257.231096350,0.979030363,1,-36.751720000,132.481400000,44.324299000,262.740672935,8
Branch_005,5,67,7,29,10,-36.612103000,129.805190000,44.618668000,2.813608117,260.044704467,0.989739052,1,-36.751720000,132.481400000,44.324299000,262.740672935,8
Branch_005,5,68,7,29,11,-36.751720000,132.481400000,44.324299000,2.695968468,262.740672935,1.000000000,1,-36.751720000,132.481400000,44.324299000,262.740672935,8
Branch_006,6,0,0,9,0,9.155164700,-94.828995000,43.316994000,0.000000000,0.000000000,0.000000000,0,50.286102000,39.706833000,131.827880000,229.460319499,7
Branch_006,6,1,0,9,1,8.745691300,-90.524384000,41.931053000,4.540724257,4.540724257,0.019788712,0,50.286102000,39.706833000,131.827880000,229.460319499,7
Branch_006,6,2,0,9,2,8.447949400,-85.977066000,40.628029000,4.739685937,9.280410194,0.040444510,0,50.286102000,39.706833000,131.827880000,229.460319499,7
Branch_006,6,3,0,9,3,8.306425100,-80.784424000,39.387024000,5.340754018,14.621164212,0.063719794,0,50.286102000,39.706833000,131.827880000,229.460319499,7
Branch_006,6,4,0,9,4,8.427463500,-75.420364000,38.457928000,5.445274039,20.066438250,0.087450581,0,50.286102000,39.706833000,131.827880000,229.460319499,7
Branch_006,6,5,0,9,5,8.845435100,-70.229225000,37.995411000,5.228436320,25.294874570,0.110236378,0,50.286102000,39.706833000,131.827880000,229.460319499,7
Branch_006,6,6,0,9,6,9.507898300,-65.372032000,38.028183000,4.902270427,30.197144997,0.131600728,0,50.286102000,39.706833000,131.827880000,229.460319499,7
Branch_006,6,7,0,9,7,10.287036000,-60.827480000,38.464947000,4.631497731,34.828642727,0.151785035,0,50.286102000,39.706833000,131.827880000,229.460319499,7
Branch_006,6,8,0,9,8,11.014260000,-56.442604000,39.132923000,4.494683995,39.323326723,0.171373102,0,50.286102000,39.706833000,131.827880000,229.460319499,7
Branch_006,6,9,0,9,9,11.527933000,-52.014019000,39.835442000,4.513286829,43.836613551,0.191042241,0,50.286102000,39.706833000,131.827880000,229.460319499,7
Branch_006,6,10,0,9,10,11.720328000,-47.372635000,40.409962000,4.680762171,48.517375722,0.211441245,0,50.286102000,39.706833000,131.827880000,229.460319499,7
Branch_006,6,11,0,9,11,11.570354000,-42.445747000,40.769272000,4.942248602,53.459624324,0.232979822,0,50.286102000,39.706833000,131.827880000,229.460319499,7
Branch_006,6,12,0,9,12,11.152950000,-37.279388000,40.914940000,5.185239684,58.644864008,0.255577366,0,50.286102000,39.706833000,131.827880000,229.460319499,7
Branch_006,6,13,0,9,13,10.623031000,-32.017574000,40.921852000,5.288435354,63.933299362,0.278624642,0,50.286102000,39.706833000,131.827880000,229.460319499,7
Branch_006,6,14,0,9,14,10.179241000,-26.849152000,40.901917000,5.187478476,69.120777838,0.301231943,0,50.286102000,39.706833000,131.827880000,229.460319499,7
Branch_006,6,15,0,9,15,10.018347000,-21.942720000,40.961330000,4.909428862,74.030206700,0.322627489,0,50.286102000,39.706833000,131.827880000,229.460319499,7
Branch_006,6,16,0,9,16,10.293105000,-17.392542000,41.166740000,4.563091612,78.593298312,0.342513679,0,50.286102000,39.706833000,131.827880000,229.460319499,7
Branch_006,6,17,0,9,17,11.084682000,-13.193231000,41.531292000,4.288788312,82.882086624,0.361204442,0,50.286102000,39.706833000,131.827880000,229.460319499,7
Branch_006,6,18,0,9,18,12.395549000,-9.250117300,42.023792000,4.184384566,87.066471190,0.379440207,0,50.286102000,39.706833000,131.827880000,229.460319499,7
Branch_006,6,19,0,9,19,13.428562000,-7.010438900,42.358051000,2.488976551,89.555447741,0.390287296,0,50.286102000,39.706833000,131.827880000,229.460319499,7
Branch_006,6,20,1,8,1,16.282339000,-1.562926900,43.212620000,6.208841948,95.764289689,0.417345752,0,50.286102000,39.706833000,131.827880000,229.460319499,7
Branch_006,6,21,1,8,2,18.643381000,2.404393400,43.881081000,4.664867608,100.429157296,0.437675488,0,50.286102000,39.706833000,131.827880000,229.460319499,7
Branch_006,6,22,1,8,3,21.147991000,6.488432400,44.652599000,4.852595783,105.281753079,0.458823353,0,50.286102000,39.706833000,131.827880000,229.460319499,7
Branch_006,6,23,1,8,4,24.223534000,11.405412000,45.843182000,5.920569315,111.202322394,0.484625501,0,50.286102000,39.706833000,131.827880000,229.460319499,7
Branch_006,6,24,2,7,1,26.324202000,14.701306000,46.829159000,4.030865161,115.233187555,0.502192221,0,50.286102000,39.706833000,131.827880000,229.460319499,7
Branch_006,6,25,2,7,2,28.908293000,18.630505000,48.351257000,4.942966053,120.176153608,0.523733924,0,50.286102000,39.706833000,131.827880000,229.460319499,7
Branch_006,6,26,2,7,3,31.432501000,22.371405000,50.143032000,4.855555219,125.031708827,0.544894686,0,50.286102000,39.706833000,131.827880000,229.460319499,7
Branch_006,6,27,2,7,4,33.837540000,25.965391000,52.093472000,4.743960809,129.775669636,0.565569114,0,50.286102000,39.706833000,131.827880000,229.460319499,7
Branch_006,6,28,2,7,5,36.051430000,29.527443000,54.029991000,4.619483653,134.395153289,0.585701064,0,50.286102000,39.706833000,131.827880000,229.460319499,7
Branch_006,6,29,2,7,6,38.004852000,33.210518000,55.757656000,4.512840050,138.907993339,0.605368256,0,50.286102000,39.706833000,131.827880000,229.460319499,7
Branch_006,6,30,2,7,7,39.655231000,37.152805000,57.108654000,4.482250911,143.390244250,0.624902138,0,50.286102000,39.706833000,131.827880000,229.460319499,7
Branch_006,6,31,2,7,8,40.956230000,41.252876000,57.950741000,4.383182761,147.773427011,0.644004276,0,50.286102000,39.706833000,131.827880000,229.460319499,7
Branch_006,6,32,3,30,1,43.295071000,40.246666000,60.737228000,3.774539123,151.547966134,0.660453914,0,50.286102000,39.706833000,131.827880000,229.460319499,7
Branch_006,6,33,3,30,2,44.702137000,39.873608000,62.468090000,2.261612315,153.809578449,0.670310138,0,50.286102000,39.706833000,131.827880000,229.460319499,7
Branch_006,6,34,3,30,3,45.984074000,39.836739000,64.156197000,2.120006377,155.929584826,0.679549236,0,50.286102000,39.706833000,131.827880000,229.460319499,7
Branch_006,6,35,3,30,4,47.473175000,39.863491000,66.208878000,2.536067181,158.465652007,0.690601549,0,50.286102000,39.706833000,131.827880000,229.460319499,7
Branch_006,6,36,3,30,5,49.024231000,39.993126000,68.493973000,2.764821713,161.230473720,0.702650785,0,50.286102000,39.706833000,131.827880000,229.460319499,7
Branch_006,6,37,3,30,6,50.501301000,40.248829000,70.885628000,2.822611105,164.053084825,0.714951871,0,50.286102000,39.706833000,131.827880000,229.460319499,7
Branch_006,6,38,3,30,7,51.796120000,40.628902000,73.280006000,2.748464614,166.801549439,0.726929823,0,50.286102000,39.706833000,131.827880000,229.460319499,7
Branch_006,6,39,3,30,8,52.841160000,41.102505000,75.606209000,2.593767299,169.395316738,0.738233596,0,50.286102000,39.706833000,131.827880000,229.460319499,7
Branch_006,6,40,3,30,9,53.802250000,41.776031000,78.586617000,3.203148936,172.598465674,0.752193085,0,50.286102000,39.706833000,131.827880000,229.460319499,7
Branch_006,6,41,4,31,1,54.141121000,42.075058000,79.956009000,1.442042007,174.040507681,0.758477579,0,50.286102000,39.706833000,131.827880000,229.460319499,7
Branch_006,6,42,4,31,2,54.475849000,42.406338000,82.010620000,2.107893649,176.148401330,0.767663889,0,50.286102000,39.706833000,131.827880000,229.460319499,7
Branch_006,6,43,4,31,3,54.695782000,42.522011000,84.038651000,2.043198596,178.191599926,0.776568255,0,50.286102000,39.706833000,131.827880000,229.460319499,7
Branch_006,6,44,4,31,4,54.879318000,42.359379000,86.085213000,2.061201264,180.252801190,0.785551077,0,50.286102000,39.706833000,131.827880000,229.460319499,7
Branch_006,6,45,4,31,5,55.090481000,41.888096000,88.184288000,2.161669108,182.414470299,0.794971744,0,50.286102000,39.706833000,131.827880000,229.460319499,7
Branch_006,6,46,4,31,6,55.250336000,41.441544000,89.439613000,1.341940075,183.756410374,0.800819988,0,50.286102000,39.706833000,131.827880000,229.460319499,7
Branch_006,6,47,5,32,1,55.710163000,40.098606000,92.574272000,3.441076923,187.197487297,0.815816380,0,50.286102000,39.706833000,131.827880000,229.460319499,7
Branch_006,6,48,5,32,2,56.079823000,38.955936000,94.754387000,2.489024841,189.686512137,0.826663680,0,50.286102000,39.706833000,131.827880000,229.460319499,7
Branch_006,6,49,6,33,1,56.456650000,37.685123000,97.069839000,2.668010913,192.354523051,0.838291010,1,50.286102000,39.706833000,131.827880000,229.460319499,7
Branch_006,6,50,6,33,2,56.733200000,36.522202000,99.257706000,2.493115955,194.847639005,0.849156139,1,50.286102000,39.706833000,131.827880000,229.460319499,7
Branch_006,6,51,6,33,3,56.852631000,35.541744000,101.359540000,2.322341021,197.169980026,0.859277022,1,50.286102000,39.706833000,131.827880000,229.460319499,7
Branch_006,6,52,6,33,4,56.760937000,34.833855000,103.363850000,2.127621489,199.297601516,0.868549307,1,50.286102000,39.706833000,131.827880000,229.460319499,7
Branch_006,6,53,6,33,5,56.430920000,34.453793000,105.285220000,1.986207698,201.283809214,0.877205304,1,50.286102000,39.706833000,131.827880000,229.460319499,7
Branch_006,6,54,6,33,6,55.868538000,34.415722000,107.164120000,1.961628947,203.245438161,0.885754184,1,50.286102000,39.706833000,131.827880000,229.460319499,7
Branch_006,6,55,6,33,7,55.112957000,34.692966000,109.060340000,2.059955624,205.305393784,0.894731578,1,50.286102000,39.706833000,131.827880000,229.460319499,7
Branch_006,6,56,6,33,8,54.230438000,35.224476000,111.041240000,2.232780212,207.538173997,0.904462150,1,50.286102000,39.706833000,131.827880000,229.460319499,7
Branch_006,6,57,6,33,9,53.303318000,35.926201000,113.166560000,2.422592531,209.960766528,0.915019935,1,50.286102000,39.706833000,131.827880000,229.460319499,7
Branch_006,6,58,6,33,10,52.416279000,36.705185000,115.472520000,2.590580202,212.551346729,0.926309818,1,50.286102000,39.706833000,131.827880000,229.460319499,7
Branch_006,6,59,6,33,11,51.642559000,37.473862000,117.958620000,2.714811260,215.266157990,0.938141106,1,50.286102000,39.706833000,131.827880000,229.460319499,7
Branch_006,6,60,6,33,12,51.032745000,38.162048000,120.579450000,2.777449005,218.043606994,0.950245373,1,50.286102000,39.706833000,131.827880000,229.460319499,7
Branch_006,6,61,6,33,13,50.608189000,38.724670000,123.243710000,2.755915938,220.799522933,0.962255798,1,50.286102000,39.706833000,131.827880000,229.460319499,7
Branch_006,6,62,6,33,14,50.360188000,39.144146000,125.821010000,2.622963953,223.422486886,0.973686812,1,50.286102000,39.706833000,131.827880000,229.460319499,7
Branch_006,6,63,6,33,15,50.254974000,39.427402000,128.155870000,2.354331151,225.776818037,0.983947109,1,50.286102000,39.706833000,131.827880000,229.460319499,7
Branch_006,6,64,6,33,16,50.243298000,39.598446000,130.086820000,1.938545919,227.715363956,0.992395393,1,50.286102000,39.706833000,131.827880000,229.460319499,7
Branch_006,6,65,6,33,17,50.286102000,39.706833000,131.827880000,1.744955543,229.460319499,1.000000000,1,50.286102000,39.706833000,131.827880000,229.460319499,7
Branch_007,7,0,0,9,0,9.155164700,-94.828995000,43.316994000,0.000000000,0.000000000,0.000000000,0,78.341980000,77.648438000,24.616385000,215.254520229,7
Branch_007,7,1,0,9,1,8.745691300,-90.524384000,41.931053000,4.540724257,4.540724257,0.021094676,0,78.341980000,77.648438000,24.616385000,215.254520229,7
Branch_007,7,2,0,9,2,8.447949400,-85.977066000,40.628029000,4.739685937,9.280410194,0.043113660,0,78.341980000,77.648438000,24.616385000,215.254520229,7
Branch_007,7,3,0,9,3,8.306425100,-80.784424000,39.387024000,5.340754018,14.621164212,0.067925004,0,78.341980000,77.648438000,24.616385000,215.254520229,7
Branch_007,7,4,0,9,4,8.427463500,-75.420364000,38.457928000,5.445274039,20.066438250,0.093221913,0,78.341980000,77.648438000,24.616385000,215.254520229,7
Branch_007,7,5,0,9,5,8.845435100,-70.229225000,37.995411000,5.228436320,25.294874570,0.117511468,0,78.341980000,77.648438000,24.616385000,215.254520229,7
Branch_007,7,6,0,9,6,9.507898300,-65.372032000,38.028183000,4.902270427,30.197144997,0.140285765,0,78.341980000,77.648438000,24.616385000,215.254520229,7
Branch_007,7,7,0,9,7,10.287036000,-60.827480000,38.464947000,4.631497731,34.828642727,0.161802143,0,78.341980000,77.648438000,24.616385000,215.254520229,7
Branch_007,7,8,0,9,8,11.014260000,-56.442604000,39.132923000,4.494683995,39.323326723,0.182682931,0,78.341980000,77.648438000,24.616385000,215.254520229,7
Branch_007,7,9,0,9,9,11.527933000,-52.014019000,39.835442000,4.513286829,43.836613551,0.203650142,0,78.341980000,77.648438000,24.616385000,215.254520229,7
Branch_007,7,10,0,9,10,11.720328000,-47.372635000,40.409962000,4.680762171,48.517375722,0.225395386,0,78.341980000,77.648438000,24.616385000,215.254520229,7
Branch_007,7,11,0,9,11,11.570354000,-42.445747000,40.769272000,4.942248602,53.459624324,0.248355409,0,78.341980000,77.648438000,24.616385000,215.254520229,7
Branch_007,7,12,0,9,12,11.152950000,-37.279388000,40.914940000,5.185239684,58.644864008,0.272444286,0,78.341980000,77.648438000,24.616385000,215.254520229,7
Branch_007,7,13,0,9,13,10.623031000,-32.017574000,40.921852000,5.288435354,63.933299362,0.297012575,0,78.341980000,77.648438000,24.616385000,215.254520229,7
Branch_007,7,14,0,9,14,10.179241000,-26.849152000,40.901917000,5.187478476,69.120777838,0.321111853,0,78.341980000,77.648438000,24.616385000,215.254520229,7
Branch_007,7,15,0,9,15,10.018347000,-21.942720000,40.961330000,4.909428862,74.030206700,0.343919406,0,78.341980000,77.648438000,24.616385000,215.254520229,7
Branch_007,7,16,0,9,16,10.293105000,-17.392542000,41.166740000,4.563091612,78.593298312,0.365117993,0,78.341980000,77.648438000,24.616385000,215.254520229,7
Branch_007,7,17,0,9,17,11.084682000,-13.193231000,41.531292000,4.288788312,82.882086624,0.385042259,0,78.341980000,77.648438000,24.616385000,215.254520229,7
Branch_007,7,18,0,9,18,12.395549000,-9.250117300,42.023792000,4.184384566,87.066471190,0.404481500,0,78.341980000,77.648438000,24.616385000,215.254520229,7
Branch_007,7,19,0,9,19,13.428562000,-7.010438900,42.358051000,2.488976551,89.555447741,0.416044447,0,78.341980000,77.648438000,24.616385000,215.254520229,7
Branch_007,7,20,1,8,1,16.282339000,-1.562926900,43.212620000,6.208841948,95.764289689,0.444888635,0,78.341980000,77.648438000,24.616385000,215.254520229,7
Branch_007,7,21,1,8,2,18.643381000,2.404393400,43.881081000,4.664867608,100.429157296,0.466560039,0,78.341980000,77.648438000,24.616385000,215.254520229,7
Branch_007,7,22,1,8,3,21.147991000,6.488432400,44.652599000,4.852595783,105.281753079,0.489103564,0,78.341980000,77.648438000,24.616385000,215.254520229,7
Branch_007,7,23,1,8,4,24.223534000,11.405412000,45.843182000,5.920569315,111.202322394,0.516608535,0,78.341980000,77.648438000,24.616385000,215.254520229,7
Branch_007,7,24,2,7,1,26.324202000,14.701306000,46.829159000,4.030865161,115.233187555,0.535334577,0,78.341980000,77.648438000,24.616385000,215.254520229,7
Branch_007,7,25,2,7,2,28.908293000,18.630505000,48.351257000,4.942966053,120.176153608,0.558297933,0,78.341980000,77.648438000,24.616385000,215.254520229,7
Branch_007,7,26,2,7,3,31.432501000,22.371405000,50.143032000,4.855555219,125.031708827,0.580855207,0,78.341980000,77.648438000,24.616385000,215.254520229,7
Branch_007,7,27,2,7,4,33.837540000,25.965391000,52.093472000,4.743960809,129.775669636,0.602894051,0,78.341980000,77.648438000,24.616385000,215.254520229,7
Branch_007,7,28,2,7,5,36.051430000,29.527443000,54.029991000,4.619483653,134.395153289,0.624354616,0,78.341980000,77.648438000,24.616385000,215.254520229,7
Branch_007,7,29,2,7,6,38.004852000,33.210518000,55.757656000,4.512840050,138.907993339,0.645319751,0,78.341980000,77.648438000,24.616385000,215.254520229,7
Branch_007,7,30,2,7,7,39.655231000,37.152805000,57.108654000,4.482250911,143.390244250,0.666142779,0,78.341980000,77.648438000,24.616385000,215.254520229,7
Branch_007,7,31,2,7,8,40.956230000,41.252876000,57.950741000,4.383182761,147.773427011,0.686505570,0,78.341980000,77.648438000,24.616385000,215.254520229,7
Branch_007,7,32,3,6,1,42.188423000,46.187943000,58.389992000,5.105499714,152.878926725,0.710224002,0,78.341980000,77.648438000,24.616385000,215.254520229,7
Branch_007,7,33,4,36,1,43.238983000,46.377754000,55.953835000,2.659805530,155.538732255,0.722580562,0,78.341980000,77.648438000,24.616385000,215.254520229,7
Branch_007,7,34,4,36,2,43.936150000,46.795120000,53.947746000,2.164400443,157.703132698,0.732635638,0,78.341980000,77.648438000,24.616385000,215.254520229,7
Branch_007,7,35,4,36,3,44.764256000,47.499069000,51.703186000,2.493863135,160.196995833,0.744221286,0,78.341980000,77.648438000,24.616385000,215.254520229,7
Branch_007,7,36,4,36,4,46.239586000,48.470669000,48.974102000,3.250923661,163.447919494,0.759323982,0,78.341980000,77.648438000,24.616385000,215.254520229,7
Branch_007,7,37,5,35,1,47.444607000,49.139492000,47.340294000,2.137458396,165.585377891,0.769253894,0,78.341980000,77.648438000,24.616385000,215.254520229,7
Branch_007,7,38,5,35,2,49.272709000,49.997200000,45.729561000,2.583037114,168.168415005,0.781253814,0,78.341980000,77.648438000,24.616385000,215.254520229,7
Branch_007,7,39,5,35,3,51.339153000,50.888668000,44.563374000,2.534738274,170.703153279,0.793029355,0,78.341980000,77.648438000,24.616385000,215.254520229,7
Branch_007,7,40,5,35,4,53.528610000,51.855755000,43.688499000,2.548408422,173.251561701,0.804868402,0,78.341980000,77.648438000,24.616385000,215.254520229,7
Branch_007,7,41,5,35,5,55.704136000,52.944916000,42.863056000,2.569151846,175.820713547,0.816803816,0,78.341980000,77.648438000,24.616385000,215.254520229,7
Branch_007,7,42,5,35,6,57.732147000,54.184872000,41.846561000,2.585262382,178.405975929,0.828814074,0,78.341980000,77.648438000,24.616385000,215.254520229,7
Branch_007,7,43,5,35,7,59.509247000,55.572083000,40.481743000,2.635368464,181.041344393,0.841057109,0,78.341980000,77.648438000,24.616385000,215.254520229,7
Branch_007,7,44,5,35,8,60.984318000,57.069817000,38.742283000,2.728509242,183.769853634,0.853732844,0,78.341980000,77.648438000,24.616385000,215.254520229,7
Branch_007,7,45,5,35,9,62.170300000,58.621544000,36.733410000,2.801781704,186.571635338,0.866748978,0,78.341980000,77.648438000,24.616385000,215.254520229,7
Branch_007,7,46,5,35,10,63.142319000,60.173599000,34.648663000,2.774863188,189.346498527,0.879640057,0,78.341980000,77.648438000,24.616385000,215.254520229,7
Branch_007,7,47,5,35,11,64.022057000,61.698193000,32.700764000,2.625383082,191.971881609,0.891836703,0,78.341980000,77.648438000,24.616385000,215.254520229,7
Branch_007,7,48,5,35,12,65.340614000,63.748360000,30.601805000,3.216738437,195.188620046,0.906780586,0,78.341980000,77.648438000,24.616385000,215.254520229,7
Branch_007,7,49,6,34,1,66.060516000,64.749352000,29.768972000,1.487902779,196.676522825,0.913692881,1,78.341980000,77.648438000,24.616385000,215.254520229,7
Branch_007,7,50,6,34,2,67.437912000,66.391479000,28.813335000,2.346708951,199.023231776,0.924594901,1,78.341980000,77.648438000,24.616385000,215.254520229,7
Branch_007,7,51,6,34,3,69.107231000,68.186264000,28.072788000,2.560525137,201.583756913,0.936490238,1,78.341980000,77.648438000,24.616385000,215.254520229,7
Branch_007,7,52,6,34,4,71.017181000,70.139481000,27.414381000,2.810065022,204.393821936,0.949544854,1,78.341980000,77.648438000,24.616385000,215.254520229,7
Branch_007,7,53,6,34,5,73.045639000,72.187035000,26.741194000,2.959780393,207.353602329,0.963294997,1,78.341980000,77.648438000,24.616385000,215.254520229,7
Branch_007,7,54,6,34,6,75.017639000,74.191505000,26.030218000,2.900374261,210.253976590,0.976769159,1,78.341980000,77.648438000,24.616385000,215.254520229,7
Branch_007,7,55,6,34,7,76.733856000,75.961685000,25.338276000,2.560804904,212.814781494,0.988665796,1,78.341980000,77.648438000,24.616385000,215.254520229,7
Branch_007,7,56,6,34,8,78.341980000,77.648438000,24.616385000,2.439738736,215.254520229,1.000000000,1,78.341980000,77.648438000,24.616385000,215.254520229,7
Branch_008,8,0,0,9,0,9.155164700,-94.828995000,43.316994000,0.000000000,0.000000000,0.000000000,0,-61.759926000,140.778490000,39.388924000,274.451869920,8
Branch_008,8,1,0,9,1,8.745691300,-90.524384000,41.931053000,4.540724257,4.540724257,0.016544701,0,-61.759926000,140.778490000,39.388924000,274.451869920,8
Branch_008,8,2,0,9,2,8.447949400,-85.977066000,40.628029000,4.739685937,9.280410194,0.033814345,0,-61.759926000,140.778490000,39.388924000,274.451869920,8
Branch_008,8,3,0,9,3,8.306425100,-80.784424000,39.387024000,5.340754018,14.621164212,0.053274056,0,-61.759926000,140.778490000,39.388924000,274.451869920,8
Branch_008,8,4,0,9,4,8.427463500,-75.420364000,38.457928000,5.445274039,20.066438250,0.073114598,0,-61.759926000,140.778490000,39.388924000,274.451869920,8
Branch_008,8,5,0,9,5,8.845435100,-70.229225000,37.995411000,5.228436320,25.294874570,0.092165066,0,-61.759926000,140.778490000,39.388924000,274.451869920,8
Branch_008,8,6,0,9,6,9.507898300,-65.372032000,38.028183000,4.902270427,30.197144997,0.110027106,0,-61.759926000,140.778490000,39.388924000,274.451869920,8
Branch_008,8,7,0,9,7,10.287036000,-60.827480000,38.464947000,4.631497731,34.828642727,0.126902552,0,-61.759926000,140.778490000,39.388924000,274.451869920,8
Branch_008,8,8,0,9,8,11.014260000,-56.442604000,39.132923000,4.494683995,39.323326723,0.143279500,0,-61.759926000,140.778490000,39.388924000,274.451869920,8
Branch_008,8,9,0,9,9,11.527933000,-52.014019000,39.835442000,4.513286829,43.836613551,0.159724230,0,-61.759926000,140.778490000,39.388924000,274.451869920,8
Branch_008,8,10,0,9,10,11.720328000,-47.372635000,40.409962000,4.680762171,48.517375722,0.176779177,0,-61.759926000,140.778490000,39.388924000,274.451869920,8
Branch_008,8,11,0,9,11,11.570354000,-42.445747000,40.769272000,4.942248602,53.459624324,0.194786883,0,-61.759926000,140.778490000,39.388924000,274.451869920,8
Branch_008,8,12,0,9,12,11.152950000,-37.279388000,40.914940000,5.185239684,58.644864008,0.213679958,0,-61.759926000,140.778490000,39.388924000,274.451869920,8
Branch_008,8,13,0,9,13,10.623031000,-32.017574000,40.921852000,5.288435354,63.933299362,0.232949039,0,-61.759926000,140.778490000,39.388924000,274.451869920,8
Branch_008,8,14,0,9,14,10.179241000,-26.849152000,40.901917000,5.187478476,69.120777838,0.251850271,0,-61.759926000,140.778490000,39.388924000,274.451869920,8
Branch_008,8,15,0,9,15,10.018347000,-21.942720000,40.961330000,4.909428862,74.030206700,0.269738394,0,-61.759926000,140.778490000,39.388924000,274.451869920,8
Branch_008,8,16,0,9,16,10.293105000,-17.392542000,41.166740000,4.563091612,78.593298312,0.286364594,0,-61.759926000,140.778490000,39.388924000,274.451869920,8
Branch_008,8,17,0,9,17,11.084682000,-13.193231000,41.531292000,4.288788312,82.882086624,0.301991335,0,-61.759926000,140.778490000,39.388924000,274.451869920,8
Branch_008,8,18,0,9,18,12.395549000,-9.250117300,42.023792000,4.184384566,87.066471190,0.317237668,0,-61.759926000,140.778490000,39.388924000,274.451869920,8
Branch_008,8,19,0,9,19,13.428562000,-7.010438900,42.358051000,2.488976551,89.555447741,0.326306568,0,-61.759926000,140.778490000,39.388924000,274.451869920,8
Branch_008,8,20,1,10,1,8.513610800,-3.880808800,41.469315000,5.894165042,95.449612783,0.347782702,0,-61.759926000,140.778490000,39.388924000,274.451869920,8
Branch_008,8,21,1,10,2,5.700329800,-1.497111100,40.852108000,3.738650718,99.188263500,0.361404947,0,-61.759926000,140.778490000,39.388924000,274.451869920,8
Branch_008,8,22,1,10,3,3.228861600,1.258957700,40.246117000,3.751172535,102.939436035,0.375072817,0,-61.759926000,140.778490000,39.388924000,274.451869920,8
Branch_008,8,23,1,10,4,0.224044770,4.499023400,39.624977000,4.462372107,107.401808142,0.391332033,0,-61.759926000,140.778490000,39.388924000,274.451869920,8
Branch_008,8,24,1,10,5,-3.124296900,7.948573600,39.092415000,4.836776903,112.238585045,0.408955439,0,-61.759926000,140.778490000,39.388924000,274.451869920,8
Branch_008,8,25,1,10,6,-6.637706300,11.364470000,38.724075000,4.914068394,117.152653439,0.426860467,0,-61.759926000,140.778490000,39.388924000,274.451869920,8
Branch_008,8,26,1,10,7,-10.168994000,14.571689000,38.552483000,4.773435906,121.926089345,0.444253083,0,-61.759926000,140.778490000,39.388924000,274.451869920,8
Branch_008,8,27,1,10,8,-13.613175000,17.485661000,38.562916000,4.511510216,126.437599561,0.460691339,0,-61.759926000,140.778490000,39.388924000,274.451869920,8
Branch_008,8,28,1,10,9,-16.908464000,20.116638000,38.700928000,4.219006622,130.656606183,0.476063822,0,-61.759926000,140.778490000,39.388924000,274.451869920,8
Branch_008,8,29,1,10,10,-20.028803000,22.556101000,38.889393000,3.965225625,134.621831808,0.490511622,0,-61.759926000,140.778490000,39.388924000,274.451869920,8
Branch_008,8,30,1,10,11,-22.971312000,24.948771000,39.050686000,3.795951050,138.417782859,0.504342648,0,-61.759926000,140.778490000,39.388924000,274.451869920,8
Branch_008,8,31,1,10,12,-25.743008000,27.456394000,39.128395000,3.738517155,142.156300013,0.517964407,0,-61.759926000,140.778490000,39.388924000,274.451869920,8
Branch_008,8,32,1,10,13,-28.350756000,30.220842000,39.103210000,3.800415327,145.956715341,0.531811699,0,-61.759926000,140.778490000,39.388924000,274.451869920,8
Branch_008,8,33,1,10,14,-31.678991000,34.678879000,38.953018000,5.565411013,151.522126354,0.552089976,0,-61.759926000,140.778490000,39.388924000,274.451869920,8
Branch_008,8,34,2,11,1,-33.081928000,36.818501000,38.879490000,2.559613427,154.081739781,0.561416251,0,-61.759926000,140.778490000,39.388924000,274.451869920,8
Branch_008,8,35,2,11,2,-34.981613000,40.218311000,38.837078000,3.894779829,157.976519609,0.575607372,0,-61.759926000,140.778490000,39.388924000,274.451869920,8
Branch_008,8,36,3,12,1,-37.197227000,44.650524000,38.950371000,4.956439526,162.932959136,0.593666785,0,-61.759926000,140.778490000,39.388924000,274.451869920,8
Branch_008,8,37,3,12,2,-39.077698000,48.744965000,39.314186000,4.520285349,167.453244485,0.610137014,0,-61.759926000,140.778490000,39.388924000,274.451869920,8
Branch_008,8,38,3,12,3,-40.901249000,52.758144000,39.973698000,4.457117904,171.910362389,0.626377085,0,-61.759926000,140.778490000,39.388924000,274.451869920,8
Branch_008,8,39,3,12,4,-42.725853000,56.560471000,40.943188000,4.327445116,176.237807505,0.642144678,0,-61.759926000,140.778490000,39.388924000,274.451869920,8
Branch_008,8,40,3,12,5,-44.602505000,60.068466000,42.203861000,4.173385683,180.411193189,0.657350935,0,-61.759926000,140.778490000,39.388924000,274.451869920,8
Branch_008,8,41,3,12,6,-46.556820000,63.258331000,43.715164000,4.034677508,184.445870697,0.672051791,0,-61.759926000,140.778490000,39.388924000,274.451869920,8
Branch_008,8,42,3,12,7,-48.668339000,66.297379000,45.521130000,4.117746766,188.563617463,0.687055321,0,-61.759926000,140.778490000,39.388924000,274.451869920,8
Branch_008,8,43,4,13,1,-50.579292000,68.882439000,47.314671000,3.681177242,192.244794705,0.700468154,0,-61.759926000,140.778490000,39.388924000,274.451869920,8
Branch_008,8,44,5,27,1,-48.690441000,72.230789000,44.909473000,4.534774883,196.779569588,0.716991178,0,-61.759926000,140.778490000,39.388924000,274.451869920,8
Branch_008,8,45,5,27,2,-47.930210000,73.844986000,44.024170000,1.991819402,198.771388990,0.724248623,0,-61.759926000,140.778490000,39.388924000,274.451869920,8
Branch_008,8,46,5,27,3,-47.045216000,76.029518000,42.882030000,2.619136922,201.390525913,0.733791779,0,-61.759926000,140.778490000,39.388924000,274.451869920,8
Branch_008,8,47,5,27,4,-46.254795000,78.566696000,41.654549000,2.927242246,204.317768159,0.744457555,0,-61.759926000,140.778490000,39.388924000,274.451869920,8
Branch_008,8,48,5,27,5,-45.734581000,81.254890000,40.501083000,2.971109793,207.288877951,0.755283169,0,-61.759926000,140.778490000,39.388924000,274.451869920,8
Branch_008,8,49,5,27,6,-45.563881000,83.948097000,39.536957000,2.865665957,210.154543909,0.765724584,0,-61.759926000,140.778490000,39.388924000,274.451869920,8
Branch_008,8,50,5,27,7,-45.701767000,86.574341000,38.817318000,2.726545504,212.881089413,0.775659096,0,-61.759926000,140.778490000,39.388924000,274.451869920,8
Branch_008,8,51,5,27,8,-45.998642000,89.129250000,38.340176000,2.615981508,215.497070921,0.785190755,0,-61.759926000,140.778490000,39.388924000,274.451869920,8
Branch_008,8,52,5,27,9,-46.191780000,91.343819000,38.109314000,2.234930738,217.732001660,0.793334007,0,-61.759926000,140.778490000,39.388924000,274.451869920,8
Branch_008,8,53,6,38,1,-48.750332000,92.465057000,38.793526000,2.876023131,220.608024791,0.803813160,0,-61.759926000,140.778490000,39.388924000,274.451869920,8
Branch_008,8,54,6,38,2,-50.173653000,93.456032000,39.301716000,1.807244089,222.415268880,0.810398082,0,-61.759926000,140.778490000,39.388924000,274.451869920,8
Branch_008,8,55,6,38,3,-51.358532000,94.777214000,39.837189000,1.853696700,224.268965579,0.817152259,0,-61.759926000,140.778490000,39.388924000,274.451869920,8
Branch_008,8,56,6,38,4,-52.770187000,96.420929000,40.394535000,2.237231191,226.506196771,0.825303893,0,-61.759926000,140.778490000,39.388924000,274.451869920,8
Branch_008,8,57,6,38,5,-54.295784000,98.302872000,40.878860000,2.470572073,228.976768844,0.834305734,0,-61.759926000,140.778490000,39.388924000,274.451869920,8
Branch_008,8,58,6,38,6,-55.826950000,100.336070000,41.211567000,2.566915927,231.543684770,0.843658616,0,-61.759926000,140.778490000,39.388924000,274.451869920,8
Branch_008,8,59,6,38,7,-57.272900000,102.439720000,41.344810000,2.556143271,234.099828042,0.852972246,0,-61.759926000,140.778490000,39.388924000,274.451869920,8
Branch_008,8,60,6,38,8,-58.569599000,104.546950000,41.269867000,2.475371290,236.575199331,0.861991574,0,-61.759926000,140.778490000,39.388924000,274.451869920,8
Branch_008,8,61,6,38,9,-59.683769000,106.610500000,41.017860000,2.358626914,238.933826245,0.870585529,0,-61.759926000,140.778490000,39.388924000,274.451869920,8
Branch_008,8,62,6,38,10,-60.611355000,108.605830000,40.652744000,2.230485886,241.164312132,0.878712585,0,-61.759926000,140.778490000,39.388924000,274.451869920,8
Branch_008,8,63,6,38,11,-61.371193000,110.531320000,40.257980000,2.107297829,243.271609961,0.886390791,0,-61.759926000,140.778490000,39.388924000,274.451869920,8
Branch_008,8,64,6,38,12,-61.995457000,112.405500000,39.919651000,2.004176321,245.275786282,0.893693260,0,-61.759926000,140.778490000,39.388924000,274.451869920,8
Branch_008,8,65,6,38,13,-62.518993000,114.261880000,39.709263000,1.940231883,247.216018165,0.900762739,0,-61.759926000,140.778490000,39.388924000,274.451869920,8
Branch_008,8,66,6,38,14,-62.969746000,116.141950000,39.669743000,1.933753682,249.149771847,0.907808615,0,-61.759926000,140.778490000,39.388924000,274.451869920,8
Branch_008,8,67,6,38,15,-63.362152000,118.087320000,39.807243000,1.989309718,251.139081565,0.915056916,0,-61.759926000,140.778490000,39.388924000,274.451869920,8
Branch_008,8,68,6,38,16,-63.573112000,119.384280000,39.986916000,1.326232163,252.465313728,0.919889210,0,-61.759926000,140.778490000,39.388924000,274.451869920,8
Branch_008,8,69,7,37,1,-63.951958000,122.294660000,40.457462000,2.972414772,255.437728500,0.930719578,1,-61.759926000,140.778490000,39.388924000,274.451869920,8
Branch_008,8,70,7,37,2,-64.110344000,124.575330000,40.828518000,2.316079517,257.753808017,0.939158506,1,-61.759926000,140.778490000,39.388924000,274.451869920,8
Branch_008,8,71,7,37,3,-64.146309000,126.950720000,41.122616000,2.393797144,260.147605161,0.947880607,1,-61.759926000,140.778490000,39.388924000,274.451869920,8
Branch_008,8,72,7,37,4,-64.044952000,129.374910000,41.274014000,2.431026892,262.578632053,0.956738360,1,-61.759926000,140.778490000,39.388924000,274.451869920,8
Branch_008,8,73,7,37,5,-63.807072000,131.781570000,41.245712000,2.418553339,264.997185392,0.965550665,1,-61.759926000,140.778490000,39.388924000,274.451869920,8
Branch_008,8,74,7,37,6,-63.453072000,134.088620000,41.037086000,2.343356676,267.340542068,0.974088980,1,-61.759926000,140.778490000,39.388924000,274.451869920,8
Branch_008,8,75,7,37,7,-63.022713000,136.204710000,40.684219000,2.188049560,269.528591628,0.982061415,1,-61.759926000,140.778490000,39.388924000,274.451869920,8
Branch_008,8,76,7,37,8,-62.570633000,138.036900000,40.252792000,1.935826898,271.464418526,0.989114844,1,-61.759926000,140.778490000,39.388924000,274.451869920,8
Branch_008,8,77,7,37,9,-62.158398000,139.498550000,39.825069000,1.577753270,273.042171797,0.994863587,1,-61.759926000,140.778490000,39.388924000,274.451869920,8
Branch_008,8,78,7,37,10,-61.759926000,140.778490000,39.388924000,1.409698124,274.451869920,1.000000000,1,-61.759926000,140.778490000,39.388924000,274.451869920,8
Branch_009,9,0,0,9,0,9.155164700,-94.828995000,43.316994000,0.000000000,0.000000000,0.000000000,0,-87.798805000,34.657761000,49.685760000,224.553302636,5
Branch_009,9,1,0,9,1,8.745691300,-90.524384000,41.931053000,4.540724257,4.540724257,0.020221142,0,-87.798805000,34.657761000,49.685760000,224.553302636,5
Branch_009,9,2,0,9,2,8.447949400,-85.977066000,40.628029000,4.739685937,9.280410194,0.041328318,0,-87.798805000,34.657761000,49.685760000,224.553302636,5
Branch_009,9,3,0,9,3,8.306425100,-80.784424000,39.387024000,5.340754018,14.621164212,0.065112221,0,-87.798805000,34.657761000,49.685760000,224.553302636,5
Branch_009,9,4,0,9,4,8.427463500,-75.420364000,38.457928000,5.445274039,20.066438250,0.089361581,0,-87.798805000,34.657761000,49.685760000,224.553302636,5
Branch_009,9,5,0,9,5,8.845435100,-70.229225000,37.995411000,5.228436320,25.294874570,0.112645302,0,-87.798805000,34.657761000,49.685760000,224.553302636,5
Branch_009,9,6,0,9,6,9.507898300,-65.372032000,38.028183000,4.902270427,30.197144997,0.134476512,0,-87.798805000,34.657761000,49.685760000,224.553302636,5
Branch_009,9,7,0,9,7,10.287036000,-60.827480000,38.464947000,4.631497731,34.828642727,0.155101895,0,-87.798805000,34.657761000,49.685760000,224.553302636,5
Branch_009,9,8,0,9,8,11.014260000,-56.442604000,39.132923000,4.494683995,39.323326723,0.175118007,0,-87.798805000,34.657761000,49.685760000,224.553302636,5
Branch_009,9,9,0,9,9,11.527933000,-52.014019000,39.835442000,4.513286829,43.836613551,0.195216962,0,-87.798805000,34.657761000,49.685760000,224.553302636,5
Branch_009,9,10,0,9,10,11.720328000,-47.372635000,40.409962000,4.680762171,48.517375722,0.216061733,0,-87.798805000,34.657761000,49.685760000,224.553302636,5
Branch_009,9,11,0,9,11,11.570354000,-42.445747000,40.769272000,4.942248602,53.459624324,0.238070978,0,-87.798805000,34.657761000,49.685760000,224.553302636,5
Branch_009,9,12,0,9,12,11.152950000,-37.279388000,40.914940000,5.185239684,58.644864008,0.261162331,0,-87.798805000,34.657761000,49.685760000,224.553302636,5
Branch_009,9,13,0,9,13,10.623031000,-32.017574000,40.921852000,5.288435354,63.933299362,0.284713245,0,-87.798805000,34.657761000,49.685760000,224.553302636,5
Branch_009,9,14,0,9,14,10.179241000,-26.849152000,40.901917000,5.187478476,69.120777838,0.307814568,0,-87.798805000,34.657761000,49.685760000,224.553302636,5
Branch_009,9,15,0,9,15,10.018347000,-21.942720000,40.961330000,4.909428862,74.030206700,0.329677657,0,-87.798805000,34.657761000,49.685760000,224.553302636,5
Branch_009,9,16,0,9,16,10.293105000,-17.392542000,41.166740000,4.563091612,78.593298312,0.349998407,0,-87.798805000,34.657761000,49.685760000,224.553302636,5
Branch_009,9,17,0,9,17,11.084682000,-13.193231000,41.531292000,4.288788312,82.882086624,0.369097607,0,-87.798805000,34.657761000,49.685760000,224.553302636,5
Branch_009,9,18,0,9,18,12.395549000,-9.250117300,42.023792000,4.184384566,87.066471190,0.387731867,0,-87.798805000,34.657761000,49.685760000,224.553302636,5
Branch_009,9,19,0,9,19,13.428562000,-7.010438900,42.358051000,2.488976551,89.555447741,0.398815990,0,-87.798805000,34.657761000,49.685760000,224.553302636,5
Branch_009,9,20,1,10,1,8.513610800,-3.880808800,41.469315000,5.894165042,95.449612783,0.425064391,0,-87.798805000,34.657761000,49.685760000,224.553302636,5
Branch_009,9,21,1,10,2,5.700329800,-1.497111100,40.852108000,3.738650718,99.188263500,0.441713670,0,-87.798805000,34.657761000,49.685760000,224.553302636,5
Branch_009,9,22,1,10,3,3.228861600,1.258957700,40.246117000,3.751172535,102.939436035,0.458418713,0,-87.798805000,34.657761000,49.685760000,224.553302636,5
Branch_009,9,23,1,10,4,0.224044770,4.499023400,39.624977000,4.462372107,107.401808142,0.478290931,0,-87.798805000,34.657761000,49.685760000,224.553302636,5
Branch_009,9,24,1,10,5,-3.124296900,7.948573600,39.092415000,4.836776903,112.238585045,0.499830480,0,-87.798805000,34.657761000,49.685760000,224.553302636,5
Branch_009,9,25,1,10,6,-6.637706300,11.364470000,38.724075000,4.914068394,117.152653439,0.521714230,0,-87.798805000,34.657761000,49.685760000,224.553302636,5
Branch_009,9,26,1,10,7,-10.168994000,14.571689000,38.552483000,4.773435906,121.926089345,0.542971704,0,-87.798805000,34.657761000,49.685760000,224.553302636,5
Branch_009,9,27,1,10,8,-13.613175000,17.485661000,38.562916000,4.511510216,126.437599561,0.563062748,0,-87.798805000,34.657761000,49.685760000,224.553302636,5
Branch_009,9,28,1,10,9,-16.908464000,20.116638000,38.700928000,4.219006622,130.656606183,0.581851189,0,-87.798805000,34.657761000,49.685760000,224.553302636,5
Branch_009,9,29,1,10,10,-20.028803000,22.556101000,38.889393000,3.965225625,134.621831808,0.599509472,0,-87.798805000,34.657761000,49.685760000,224.553302636,5
Branch_009,9,30,1,10,11,-22.971312000,24.948771000,39.050686000,3.795951050,138.417782859,0.616413926,0,-87.798805000,34.657761000,49.685760000,224.553302636,5
Branch_009,9,31,1,10,12,-25.743008000,27.456394000,39.128395000,3.738517155,142.156300013,0.633062611,0,-87.798805000,34.657761000,49.685760000,224.553302636,5
Branch_009,9,32,1,10,13,-28.350756000,30.220842000,39.103210000,3.800415327,145.956715341,0.649986946,0,-87.798805000,34.657761000,49.685760000,224.553302636,5
Branch_009,9,33,1,10,14,-31.678991000,34.678879000,38.953018000,5.565411013,151.522126354,0.674771311,0,-87.798805000,34.657761000,49.685760000,224.553302636,5
Branch_009,9,34,2,22,1,-33.540119000,32.828140000,39.465443000,2.674249738,154.196376091,0.686680509,0,-87.798805000,34.657761000,49.685760000,224.553302636,5
Branch_009,9,35,2,22,2,-34.860867000,31.102398000,40.012878000,2.241036771,156.437412862,0.696660486,0,-87.798805000,34.657761000,49.685760000,224.553302636,5
Branch_009,9,36,2,22,3,-36.322609000,28.840321000,40.706116000,2.781053928,159.218466791,0.709045313,0,-87.798805000,34.657761000,49.685760000,224.553302636,5
Branch_009,9,37,2,22,4,-38.073528000,26.209150000,41.376247000,3.230766741,162.449233532,0.723432840,0,-87.798805000,34.657761000,49.685760000,224.553302636,5
Branch_009,9,38,2,22,5,-39.973618000,23.443958000,41.869690000,3.391181918,165.840415449,0.738534742,0,-87.798805000,34.657761000,49.685760000,224.553302636,5
Branch_009,9,39,2,22,6,-41.880322000,20.744228000,42.058407000,3.310540186,169.150955635,0.753277523,0,-87.798805000,34.657761000,49.685760000,224.553302636,5
Branch_009,9,40,2,22,7,-43.663528000,18.242468000,41.861221000,3.078556326,172.229511962,0.766987214,0,-87.798805000,34.657761000,49.685760000,224.553302636,5
Branch_009,9,41,3,39,1,-45.442932000,19.623219000,42.861023000,2.464215080,174.693727041,0.777961068,0,-87.798805000,34.657761000,49.685760000,224.553302636,5
Branch_009,9,42,3,39,2,-46.601040000,20.784950000,43.693714000,1.839621526,176.533348567,0.786153428,0,-87.798805000,34.657761000,49.685760000,224.553302636,5
Branch_009,9,43,3,39,3,-48.218472000,22.345884000,44.859756000,2.532243111,179.065591678,0.797430230,0,-87.798805000,34.657761000,49.685760000,224.553302636,5
Branch_009,9,44,3,39,4,-50.173981000,24.120699000,46.268578000,2.993119303,182.058710981,0.810759445,0,-87.798805000,34.657761000,49.685760000,224.553302636,5
Branch_009,9,45,3,39,5,-52.338848000,25.910690000,47.813343000,3.205778503,185.264489484,0.825035692,0,-87.798805000,34.657761000,49.685760000,224.553302636,5
Branch_009,9,46,3,39,6,-54.597103000,27.534302000,49.380829000,3.192623362,188.457112846,0.839253356,0,-87.798805000,34.657761000,49.685760000,224.553302636,5
Branch_009,9,47,3,39,7,-56.862572000,28.853876000,50.861519000,3.010991233,191.468104079,0.852662160,0,-87.798805000,34.657761000,49.685760000,224.553302636,5
Branch_009,9,48,3,39,8,-59.089535000,29.794203000,52.158855000,2.743475855,194.211579935,0.864879642,0,-87.798805000,34.657761000,49.685760000,224.553302636,5
Branch_009,9,49,3,39,9,-61.275166000,30.349878000,53.196796000,2.482554953,196.694134887,0.875935168,0,-87.798805000,34.657761000,49.685760000,224.553302636,5
Branch_009,9,50,3,39,10,-63.453144000,30.580515000,53.924995000,2.308041459,199.002176347,0.886213536,0,-87.798805000,34.657761000,49.685760000,224.553302636,5
Branch_009,9,51,3,39,11,-65.679779000,30.594982000,54.321274000,2.261669685,201.263846031,0.896285397,0,-87.798805000,34.657761000,49.685760000,224.553302636,5
Branch_009,9,52,3,39,12,-68.930161000,30.521904000,54.308716000,3.251227652,204.515073683,0.910764043,0,-87.798805000,34.657761000,49.685760000,224.553302636,5
Branch_009,9,53,4,40,1,-70.502762000,30.511845000,54.166576000,1.579043656,206.094117339,0.917795975,1,-87.798805000,34.657761000,49.685760000,224.553302636,5
Branch_009,9,54,4,40,2,-73.151886000,30.653160000,53.698692000,2.693834318,208.787951658,0.929792389,1,-87.798805000,34.657761000,49.685760000,224.553302636,5
Branch_009,9,55,4,40,3,-75.925476000,31.011032000,53.054729000,2.869766925,211.657718582,0.942572281,1,-87.798805000,34.657761000,49.685760000,224.553302636,5
Branch_009,9,56,4,40,4,-78.736649000,31.588161000,52.310268000,2.964792353,214.622510936,0.955775348,1,-87.798805000,34.657761000,49.685760000,224.553302636,5
Branch_009,9,57,4,40,5,-81.454430000,32.331669000,51.543083000,2.920224398,217.542735334,0.968779941,1,-87.798805000,34.657761000,49.685760000,224.553302636,5
Branch_009,9,58,4,40,6,-83.918053000,33.144783000,50.827255000,2.691282666,220.234018000,0.980764992,1,-87.798805000,34.657761000,49.685760000,224.553302636,5
Branch_009,9,59,4,40,7,-85.957649000,33.906708000,50.228073000,2.258207390,222.492225390,0.990821434,1,-87.798805000,34.657761000,49.685760000,224.553302636,5
Branch_009,9,60,4,40,8,-87.798805000,34.657761000,49.685760000,2.061077246,224.553302636,1.000000000,1,-87.798805000,34.657761000,49.685760000,224.553302636,5
Branch_010,10,0,0,9,0,9.155164700,-94.828995000,43.316994000,0.000000000,0.000000000,0.000000000,0,-48.871502000,-14.141013000,74.822952000,232.307572956,6
Branch_010,10,1,0,9,1,8.745691300,-90.524384000,41.931053000,4.540724257,4.540724257,0.019546174,0,-48.871502000,-14.141013000,74.822952000,232.307572956,6
Branch_010,10,2,0,9,2,8.447949400,-85.977066000,40.628029000,4.739685937,9.280410194,0.039948806,0,-48.871502000,-14.141013000,74.822952000,232.307572956,6
Branch_010,10,3,0,9,3,8.306425100,-80.784424000,39.387024000,5.340754018,14.621164212,0.062938819,0,-48.871502000,-14.141013000,74.822952000,232.307572956,6
Branch_010,10,4,0,9,4,8.427463500,-75.420364000,38.457928000,5.445274039,20.066438250,0.086378752,0,-48.871502000,-14.141013000,74.822952000,232.307572956,6
Branch_010,10,5,0,9,5,8.845435100,-70.229225000,37.995411000,5.228436320,25.294874570,0.108885278,0,-48.871502000,-14.141013000,74.822952000,232.307572956,6
Branch_010,10,6,0,9,6,9.507898300,-65.372032000,38.028183000,4.902270427,30.197144997,0.129987777,0,-48.871502000,-14.141013000,74.822952000,232.307572956,6
Branch_010,10,7,0,9,7,10.287036000,-60.827480000,38.464947000,4.631497731,34.828642727,0.149924698,0,-48.871502000,-14.141013000,74.822952000,232.307572956,6
Branch_010,10,8,0,9,8,11.014260000,-56.442604000,39.132923000,4.494683995,39.323326723,0.169272685,0,-48.871502000,-14.141013000,74.822952000,232.307572956,6
Branch_010,10,9,0,9,9,11.527933000,-52.014019000,39.835442000,4.513286829,43.836613551,0.188700751,0,-48.871502000,-14.141013000,74.822952000,232.307572956,6
Branch_010,10,10,0,9,10,11.720328000,-47.372635000,40.409962000,4.680762171,48.517375722,0.208849738,0,-48.871502000,-14.141013000,74.822952000,232.307572956,6
Branch_010,10,11,0,9,11,11.570354000,-42.445747000,40.769272000,4.942248602,53.459624324,0.230124329,0,-48.871502000,-14.141013000,74.822952000,232.307572956,6
Branch_010,10,12,0,9,12,11.152950000,-37.279388000,40.914940000,5.185239684,58.644864008,0.252444909,0,-48.871502000,-14.141013000,74.822952000,232.307572956,6
Branch_010,10,13,0,9,13,10.623031000,-32.017574000,40.921852000,5.288435354,63.933299362,0.275209708,0,-48.871502000,-14.141013000,74.822952000,232.307572956,6
Branch_010,10,14,0,9,14,10.179241000,-26.849152000,40.901917000,5.187478476,69.120777838,0.297539925,0,-48.871502000,-14.141013000,74.822952000,232.307572956,6
Branch_010,10,15,0,9,15,10.018347000,-21.942720000,40.961330000,4.909428862,74.030206700,0.318673239,0,-48.871502000,-14.141013000,74.822952000,232.307572956,6
Branch_010,10,16,0,9,16,10.293105000,-17.392542000,41.166740000,4.563091612,78.593298312,0.338315696,0,-48.871502000,-14.141013000,74.822952000,232.307572956,6
Branch_010,10,17,0,9,17,11.084682000,-13.193231000,41.531292000,4.288788312,82.882086624,0.356777377,0,-48.871502000,-14.141013000,74.822952000,232.307572956,6
Branch_010,10,18,0,9,18,12.395549000,-9.250117300,42.023792000,4.184384566,87.066471190,0.374789638,0,-48.871502000,-14.141013000,74.822952000,232.307572956,6
Branch_010,10,19,0,9,19,13.428562000,-7.010438900,42.358051000,2.488976551,89.555447741,0.385503781,0,-48.871502000,-14.141013000,74.822952000,232.307572956,6
Branch_010,10,20,1,10,1,8.513610800,-3.880808800,41.469315000,5.894165042,95.449612783,0.410876028,0,-48.871502000,-14.141013000,74.822952000,232.307572956,6
Branch_010,10,21,1,10,2,5.700329800,-1.497111100,40.852108000,3.738650718,99.188263500,0.426969566,0,-48.871502000,-14.141013000,74.822952000,232.307572956,6
Branch_010,10,22,1,10,3,3.228861600,1.258957700,40.246117000,3.751172535,102.939436035,0.443117005,0,-48.871502000,-14.141013000,74.822952000,232.307572956,6
Branch_010,10,23,1,10,4,0.224044770,4.499023400,39.624977000,4.462372107,107.401808142,0.462325902,0,-48.871502000,-14.141013000,74.822952000,232.307572956,6
Branch_010,10,24,1,10,5,-3.124296900,7.948573600,39.092415000,4.836776903,112.238585045,0.483146475,0,-48.871502000,-14.141013000,74.822952000,232.307572956,6
Branch_010,10,25,1,10,6,-6.637706300,11.364470000,38.724075000,4.914068394,117.152653439,0.504299761,0,-48.871502000,-14.141013000,74.822952000,232.307572956,6
Branch_010,10,26,1,10,7,-10.168994000,14.571689000,38.552483000,4.773435906,121.926089345,0.524847674,0,-48.871502000,-14.141013000,74.822952000,232.307572956,6
Branch_010,10,27,1,10,8,-13.613175000,17.485661000,38.562916000,4.511510216,126.437599561,0.544268092,0,-48.871502000,-14.141013000,74.822952000,232.307572956,6
Branch_010,10,28,1,10,9,-16.908464000,20.116638000,38.700928000,4.219006622,130.656606183,0.562429388,0,-48.871502000,-14.141013000,74.822952000,232.307572956,6
Branch_010,10,29,1,10,10,-20.028803000,22.556101000,38.889393000,3.965225625,134.621831808,0.579498249,0,-48.871502000,-14.141013000,74.822952000,232.307572956,6
Branch_010,10,30,1,10,11,-22.971312000,24.948771000,39.050686000,3.795951050,138.417782859,0.595838444,0,-48.871502000,-14.141013000,74.822952000,232.307572956,6
Branch_010,10,31,1,10,12,-25.743008000,27.456394000,39.128395000,3.738517155,142.156300013,0.611931407,0,-48.871502000,-14.141013000,74.822952000,232.307572956,6
Branch_010,10,32,1,10,13,-28.350756000,30.220842000,39.103210000,3.800415327,145.956715341,0.628290819,0,-48.871502000,-14.141013000,74.822952000,232.307572956,6
Branch_010,10,33,1,10,14,-31.678991000,34.678879000,38.953018000,5.565411013,151.522126354,0.652247899,0,-48.871502000,-14.141013000,74.822952000,232.307572956,6
Branch_010,10,34,2,22,1,-33.540119000,32.828140000,39.465443000,2.674249738,154.196376091,0.663759576,0,-48.871502000,-14.141013000,74.822952000,232.307572956,6
Branch_010,10,35,2,22,2,-34.860867000,31.102398000,40.012878000,2.241036771,156.437412862,0.673406428,0,-48.871502000,-14.141013000,74.822952000,232.307572956,6
Branch_010,10,36,2,22,3,-36.322609000,28.840321000,40.706116000,2.781053928,159.218466791,0.685377858,0,-48.871502000,-14.141013000,74.822952000,232.307572956,6
Branch_010,10,37,2,22,4,-38.073528000,26.209150000,41.376247000,3.230766741,162.449233532,0.699285139,0,-48.871502000,-14.141013000,74.822952000,232.307572956,6
Branch_010,10,38,2,22,5,-39.973618000,23.443958000,41.869690000,3.391181918,165.840415449,0.713882950,0,-48.871502000,-14.141013000,74.822952000,232.307572956,6
Branch_010,10,39,2,22,6,-41.880322000,20.744228000,42.058407000,3.310540186,169.150955635,0.728133627,0,-48.871502000,-14.141013000,74.822952000,232.307572956,6
Branch_010,10,40,2,22,7,-43.663528000,18.242468000,41.861221000,3.078556326,172.229511962,0.741385697,0,-48.871502000,-14.141013000,74.822952000,232.307572956,6
Branch_010,10,41,3,23,1,-45.218269000,15.988478000,41.254684000,2.804563715,175.034075676,0.753458329,0,-48.871502000,-14.141013000,74.822952000,232.307572956,6
Branch_010,10,42,3,23,2,-46.473606000,13.951802000,40.271839000,2.586484952,177.620560628,0.764592210,0,-48.871502000,-14.141013000,74.822952000,232.307572956,6
Branch_010,10,43,3,23,3,-47.396786000,12.040812000,38.990082000,2.479323517,180.099884145,0.775264800,0,-48.871502000,-14.141013000,74.822952000,232.307572956,6
Branch_010,10,44,3,23,4,-47.936047000,10.275660000,37.621986000,2.297444379,182.397328524,0.785154467,0,-48.871502000,-14.141013000,74.822952000,232.307572956,6
Branch_010,10,45,4,41,1,-48.948158000,9.485485100,39.799870000,2.528225418,184.925553942,0.796037562,0,-48.871502000,-14.141013000,74.822952000,232.307572956,6
Branch_010,10,46,4,41,2,-50.216930000,8.775816000,41.742508000,2.426366629,187.351920571,0.806482192,0,-48.871502000,-14.141013000,74.822952000,232.307572956,6
Branch_010,10,47,4,41,3,-51.905312000,7.809968500,44.098011000,3.054814160,190.406734732,0.819632061,0,-48.871502000,-14.141013000,74.822952000,232.307572956,6
Branch_010,10,48,4,41,4,-53.539581000,6.579966500,46.639164000,3.262085016,193.668819748,0.833674156,0,-48.871502000,-14.141013000,74.822952000,232.307572956,6
Branch_010,10,49,4,41,5,-54.843132000,5.113370900,49.059185000,3.115549631,196.784369379,0.847085469,0,-48.871502000,-14.141013000,74.822952000,232.307572956,6
Branch_010,10,50,4,41,6,-55.677292000,3.430911500,51.160011000,2.817793892,199.602163272,0.859215052,0,-48.871502000,-14.141013000,74.822952000,232.307572956,6
Branch_010,10,51,4,41,7,-56.060349000,1.440241000,52.966614000,2.715385075,202.317548346,0.870903801,0,-48.871502000,-14.141013000,74.822952000,232.307572956,6
Branch_010,10,52,5,42,1,-56.113037000,-0.496922280,54.329151000,2.368941678,204.686490025,0.881101238,1,-48.871502000,-14.141013000,74.822952000,232.307572956,6
Branch_010,10,53,5,42,2,-56.012672000,-2.665933400,55.662079000,2.547818562,207.234308587,0.892068674,1,-48.871502000,-14.141013000,74.822952000,232.307572956,6
Branch_010,10,54,5,42,3,-55.881481000,-4.879063600,57.096054000,2.640348587,209.874657174,0.903434419,1,-48.871502000,-14.141013000,74.822952000,232.307572956,6
Branch_010,10,55,5,42,4,-55.747593000,-7.034059500,58.802773000,2.752239646,212.626896820,0.915281814,1,-48.871502000,-14.141013000,74.822952000,232.307572956,6
Branch_010,10,56,5,42,5,-55.535892000,-9.015779500,60.867344000,2.869579218,215.496476038,0.927634314,1,-48.871502000,-14.141013000,74.822952000,232.307572956,6
Branch_010,10,57,5,42,6,-55.111263000,-10.717372000,63.267185000,2.972366675,218.468842712,0.940429276,1,-48.871502000,-14.141013000,74.822952000,232.307572956,6
Branch_010,10,58,5,42,7,-54.352772000,-12.063556000,65.880417000,3.035869142,221.504711854,0.953497594,1,-48.871502000,-14.141013000,74.822952000,232.307572956,6
Branch_010,10,59,5,42,8,-53.227913000,-13.028216000,68.516335000,3.023894904,224.528606757,0.966514367,1,-48.871502000,-14.141013000,74.822952000,232.307572956,6
Branch_010,10,60,5,42,9,-51.835735000,-13.639760000,70.955750000,2.874524515,227.403131273,0.978888154,1,-48.871502000,-14.141013000,74.822952000,232.307572956,6
Branch_010,10,61,5,42,10,-50.399529000,-13.971245000,72.989067000,2.511363773,229.914495046,0.989698666,1,-48.871502000,-14.141013000,74.822952000,232.307572956,6
Branch_010,10,62,5,42,11,-48.871502000,-14.141013000,74.822952000,2.393077909,232.307572956,1.000000000,1,-48.871502000,-14.141013000,74.822952000,232.307572956,6
Branch_011,11,0,0,9,0,9.155164700,-94.828995000,43.316994000,0.000000000,0.000000000,0.000000000,0,65.930542000,-40.384277000,24.221535000,194.926446579,6
Branch_011,11,1,0,9,1,8.745691300,-90.524384000,41.931053000,4.540724257,4.540724257,0.023294552,0,65.930542000,-40.384277000,24.221535000,194.926446579,6
Branch_011,11,2,0,9,2,8.447949400,-85.977066000,40.628029000,4.739685937,9.280410194,0.047609805,0,65.930542000,-40.384277000,24.221535000,194.926446579,6
Branch_011,11,3,0,9,3,8.306425100,-80.784424000,39.387024000,5.340754018,14.621164212,0.075008622,0,65.930542000,-40.384277000,24.221535000,194.926446579,6
Branch_011,11,4,0,9,4,8.427463500,-75.420364000,38.457928000,5.445274039,20.066438250,0.102943642,0,65.930542000,-40.384277000,24.221535000,194.926446579,6
Branch_011,11,5,0,9,5,8.845435100,-70.229225000,37.995411000,5.228436320,25.294874570,0.129766253,0,65.930542000,-40.384277000,24.221535000,194.926446579,6
Branch_011,11,6,0,9,6,9.507898300,-65.372032000,38.028183000,4.902270427,30.197144997,0.154915588,0,65.930542000,-40.384277000,24.221535000,194.926446579,6
Branch_011,11,7,0,9,7,10.287036000,-60.827480000,38.464947000,4.631497731,34.828642727,0.178675820,0,65.930542000,-40.384277000,24.221535000,194.926446579,6
Branch_011,11,8,0,9,8,11.014260000,-56.442604000,39.132923000,4.494683995,39.323326723,0.201734179,0,65.930542000,-40.384277000,24.221535000,194.926446579,6
Branch_011,11,9,0,9,9,11.527933000,-52.014019000,39.835442000,4.513286829,43.836613551,0.224887973,0,65.930542000,-40.384277000,24.221535000,194.926446579,6
Branch_011,11,10,0,9,10,11.720328000,-47.372635000,40.409962000,4.680762171,48.517375722,0.248900940,0,65.930542000,-40.384277000,24.221535000,194.926446579,6
Branch_011,11,11,0,9,11,11.570354000,-42.445747000,40.769272000,4.942248602,53.459624324,0.274255368,0,65.930542000,-40.384277000,24.221535000,194.926446579,6
Branch_011,11,12,0,9,12,11.152950000,-37.279388000,40.914940000,5.185239684,58.644864008,0.300856374,0,65.930542000,-40.384277000,24.221535000,194.926446579,6
Branch_011,11,13,0,9,13,10.623031000,-32.017574000,40.921852000,5.288435354,63.933299362,0.327986789,0,65.930542000,-40.384277000,24.221535000,194.926446579,6
Branch_011,11,14,0,9,14,10.179241000,-26.849152000,40.901917000,5.187478476,69.120777838,0.354599281,0,65.930542000,-40.384277000,24.221535000,194.926446579,6
Branch_011,11,15,0,9,15,10.018347000,-21.942720000,40.961330000,4.909428862,74.030206700,0.379785340,0,65.930542000,-40.384277000,24.221535000,194.926446579,6
Branch_011,11,16,0,9,16,10.293105000,-17.392542000,41.166740000,4.563091612,78.593298312,0.403194639,0,65.930542000,-40.384277000,24.221535000,194.926446579,6
Branch_011,11,17,0,9,17,11.084682000,-13.193231000,41.531292000,4.288788312,82.882086624,0.425196725,0,65.930542000,-40.384277000,24.221535000,194.926446579,6
Branch_011,11,18,0,9,18,12.395549000,-9.250117300,42.023792000,4.184384566,87.066471190,0.446663204,0,65.930542000,-40.384277000,24.221535000,194.926446579,6
Branch_011,11,19,0,9,19,13.428562000,-7.010438900,42.358051000,2.488976551,89.555447741,0.459432003,0,65.930542000,-40.384277000,24.221535000,194.926446579,6
Branch_011,11,20,1,8,1,16.282339000,-1.562926900,43.212620000,6.208841948,95.764289689,0.491284232,0,65.930542000,-40.384277000,24.221535000,194.926446579,6
Branch_011,11,21,1,8,2,18.643381000,2.404393400,43.881081000,4.664867608,100.429157296,0.515215657,0,65.930542000,-40.384277000,24.221535000,194.926446579,6
Branch_011,11,22,1,8,3,21.147991000,6.488432400,44.652599000,4.852595783,105.281753079,0.540110154,0,65.930542000,-40.384277000,24.221535000,194.926446579,6
Branch_011,11,23,1,8,4,24.223534000,11.405412000,45.843182000,5.920569315,111.202322394,0.570483505,0,65.930542000,-40.384277000,24.221535000,194.926446579,6
Branch_011,11,24,2,21,1,27.690271000,9.568561600,45.976391000,3.925561037,115.127883431,0.590622183,0,65.930542000,-40.384277000,24.221535000,194.926446579,6
Branch_011,11,25,2,21,2,30.500639000,8.436563500,45.614300000,3.051343620,118.179227051,0.606276004,0,65.930542000,-40.384277000,24.221535000,194.926446579,6
Branch_011,11,26,2,21,3,33.836395000,7.302638100,44.907448000,3.593423807,121.772650857,0.624710772,0,65.930542000,-40.384277000,24.221535000,194.926446579,6
Branch_011,11,27,2,21,4,37.648449000,5.861568000,44.297165000,4.120786827,125.893437684,0.645850986,0,65.930542000,-40.384277000,24.221535000,194.926446579,6
Branch_011,11,28,2,21,5,41.557293000,4.180810000,43.965683000,4.267773329,130.161211013,0.667745261,0,65.930542000,-40.384277000,24.221535000,194.926446579,6
Branch_011,11,29,2,21,6,45.247955000,2.346591900,44.046879000,4.122127464,134.283338477,0.688892353,0,65.930542000,-40.384277000,24.221535000,194.926446579,6
Branch_011,11,30,2,21,7,48.516773000,0.457833470,44.605518000,3.816366997,138.099705474,0.708470851,0,65.930542000,-40.384277000,24.221535000,194.926446579,6
Branch_011,11,31,2,21,8,51.288979000,-1.384460900,45.637222000,3.484765099,141.584470573,0.726348184,0,65.930542000,-40.384277000,24.221535000,194.926446579,6
Branch_011,11,32,2,21,9,53.190578000,-2.784993900,46.827793000,2.644812044,144.229282617,0.739916441,0,65.930542000,-40.384277000,24.221535000,194.926446579,6
Branch_011,11,33,3,43,1,53.525616000,-4.094480000,43.873051000,3.249231385,147.478514002,0.756585454,0,65.930542000,-40.384277000,24.221535000,194.926446579,6
Branch_011,11,34,3,43,2,53.407143000,-5.104843600,42.257790000,1.908910305,149.387424307,0.766378431,0,65.930542000,-40.384277000,24.221535000,194.926446579,6
Branch_011,11,35,3,43,3,53.225269000,-6.584104100,40.215679000,2.528143017,151.915567324,0.779348159,0,65.930542000,-40.384277000,24.221535000,194.926446579,6
Branch_011,11,36,3,43,4,52.991764000,-8.477386500,38.102013000,2.847213865,154.762781189,0.793954766,0,65.930542000,-40.384277000,24.221535000,194.926446579,6
Branch_011,11,37,3,43,5,52.742374000,-10.699895000,36.249531000,2.904036667,157.666817856,0.808852881,0,65.930542000,-40.384277000,24.221535000,194.926446579,6
Branch_011,11,38,3,43,6,52.541138000,-13.138442000,34.896049000,2.796233346,160.463051202,0.823197950,0,65.930542000,-40.384277000,24.221535000,194.926446579,6
Branch_011,11,39,4,44,1,52.475361000,-15.662065000,34.138508000,2.635691186,163.098742388,0.836719415,0,65.930542000,-40.384277000,24.221535000,194.926446579,6
Branch_011,11,40,4,44,2,52.640877000,-18.140959000,33.923367000,2.493711423,165.592453810,0.849512504,0,65.930542000,-40.384277000,24.221535000,194.926446579,6
Branch_011,11,41,4,44,3,53.120621000,-20.469654000,34.073341000,2.382323846,167.974777657,0.861734160,0,65.930542000,-40.384277000,24.221535000,194.926446579,6
Branch_011,11,42,4,44,4,53.962257000,-22.587952000,34.341145000,2.295050447,170.269828104,0.873508090,0,65.930542000,-40.384277000,24.221535000,194.926446579,6
Branch_011,11,43,4,44,5,54.975361000,-24.197189000,34.453842000,1.904921009,172.174749113,0.883280602,0,65.930542000,-40.384277000,24.221535000,194.926446579,6
Branch_011,11,44,5,45,1,56.656212000,-26.235954000,34.275524000,2.648324021,174.823073134,0.896866876,1,65.930542000,-40.384277000,24.221535000,194.926446579,6
Branch_011,11,45,5,45,2,58.335026000,-27.906870000,33.639656000,2.452489519,177.275562652,0.909448491,1,65.930542000,-40.384277000,24.221535000,194.926446579,6
Branch_011,11,46,5,45,3,60.057095000,-29.602997000,32.568340000,2.643877155,179.919439808,0.923011951,1,65.930542000,-40.384277000,24.221535000,194.926446579,6
Branch_011,11,47,5,45,4,61.679893000,-31.395882000,31.155010000,2.800966201,182.720406009,0.937381301,1,65.930542000,-40.384277000,24.221535000,194.926446579,6
Branch_011,11,48,5,45,5,63.086586000,-33.301659000,29.552986000,2.859589493,185.579995502,0.952051396,1,65.930542000,-40.384277000,24.221535000,194.926446579,6
Branch_011,11,49,5,45,6,64.205925000,-35.264854000,27.936649000,2.778416762,188.358412264,0.966305063,1,65.930542000,-40.384277000,24.221535000,194.926446579,6
Branch_011,11,50,5,45,7,65.019356000,-37.160965000,26.467379000,2.532915563,190.891327827,0.979299275,1,65.930542000,-40.384277000,24.221535000,194.926446579,6
Branch_011,11,51,5,45,8,65.553673000,-38.818222000,25.271969000,2.112108067,193.003435894,0.990134686,1,65.930542000,-40.384277000,24.221535000,194.926446579,6
Branch_011,11,52,5,45,9,65.930542000,-40.384277000,24.221535000,1.923010685,194.926446579,1.000000000,1,65.930542000,-40.384277000,24.221535000,194.926446579,6
Branch_012,12,0,0,9,0,9.155164700,-94.828995000,43.316994000,0.000000000,0.000000000,0.000000000,0,81.572052000,97.572105000,89.272026000,234.512612241,8
Branch_012,12,1,0,9,1,8.745691300,-90.524384000,41.931053000,4.540724257,4.540724257,0.019362388,0,81.572052000,97.572105000,89.272026000,234.512612241,8
Branch_012,12,2,0,9,2,8.447949400,-85.977066000,40.628029000,4.739685937,9.280410194,0.039573182,0,81.572052000,97.572105000,89.272026000,234.512612241,8
Branch_012,12,3,0,9,3,8.306425100,-80.784424000,39.387024000,5.340754018,14.621164212,0.062347027,0,81.572052000,97.572105000,89.272026000,234.512612241,8
Branch_012,12,4,0,9,4,8.427463500,-75.420364000,38.457928000,5.445274039,20.066438250,0.085566563,0,81.572052000,97.572105000,89.272026000,234.512612241,8
Branch_012,12,5,0,9,5,8.845435100,-70.229225000,37.995411000,5.228436320,25.294874570,0.107861468,0,81.572052000,97.572105000,89.272026000,234.512612241,8
Branch_012,12,6,0,9,6,9.507898300,-65.372032000,38.028183000,4.902270427,30.197144997,0.128765548,0,81.572052000,97.572105000,89.272026000,234.512612241,8
Branch_012,12,7,0,9,7,10.287036000,-60.827480000,38.464947000,4.631497731,34.828642727,0.148515009,0,81.572052000,97.572105000,89.272026000,234.512612241,8
Branch_012,12,8,0,9,8,11.014260000,-56.442604000,39.132923000,4.494683995,39.323326723,0.167681074,0,81.572052000,97.572105000,89.272026000,234.512612241,8
Branch_012,12,9,0,9,9,11.527933000,-52.014019000,39.835442000,4.513286829,43.836613551,0.186926465,0,81.572052000,97.572105000,89.272026000,234.512612241,8
Branch_012,12,10,0,9,10,11.720328000,-47.372635000,40.409962000,4.680762171,48.517375722,0.206885998,0,81.572052000,97.572105000,89.272026000,234.512612241,8
Branch_012,12,11,0,9,11,11.570354000,-42.445747000,40.769272000,4.942248602,53.459624324,0.227960551,0,81.572052000,97.572105000,89.272026000,234.512612241,8
Branch_012,12,12,0,9,12,11.152950000,-37.279388000,40.914940000,5.185239684,58.644864008,0.250071258,0,81.572052000,97.572105000,89.272026000,234.512612241,8
Branch_012,12,13,0,9,13,10.623031000,-32.017574000,40.921852000,5.288435354,63.933299362,0.272622008,0,81.572052000,97.572105000,89.272026000,234.512612241,8
Branch_012,12,14,0,9,14,10.179241000,-26.849152000,40.901917000,5.187478476,69.120777838,0.294742262,0,81.572052000,97.572105000,89.272026000,234.512612241,8
Branch_012,12,15,0,9,15,10.018347000,-21.942720000,40.961330000,4.909428862,74.030206700,0.315676867,0,81.572052000,97.572105000,89.272026000,234.512612241,8
Branch_012,12,16,0,9,16,10.293105000,-17.392542000,41.166740000,4.563091612,78.593298312,0.335134633,0,81.572052000,97.572105000,89.272026000,234.512612241,8
Branch_012,12,17,0,9,17,11.084682000,-13.193231000,41.531292000,4.288788312,82.882086624,0.353422726,0,81.572052000,97.572105000,89.272026000,234.512612241,8
Branch_012,12,18,0,9,18,12.395549000,-9.250117300,42.023792000,4.184384566,87.066471190,0.371265623,0,81.572052000,97.572105000,89.272026000,234.512612241,8
Branch_012,12,19,0,9,19,13.428562000,-7.010438900,42.358051000,2.488976551,89.555447741,0.381879025,0,81.572052000,97.572105000,89.272026000,234.512612241,8
Branch_012,12,20,1,8,1,16.282339000,-1.562926900,43.212620000,6.208841948,95.764289689,0.408354539,0,81.572052000,97.572105000,89.272026000,234.512612241,8
Branch_012,12,21,1,8,2,18.643381000,2.404393400,43.881081000,4.664867608,100.429157296,0.428246295,0,81.572052000,97.572105000,89.272026000,234.512612241,8
Branch_012,12,22,1,8,3,21.147991000,6.488432400,44.652599000,4.852595783,105.281753079,0.448938554,0,81.572052000,97.572105000,89.272026000,234.512612241,8
Branch_012,12,23,1,8,4,24.223534000,11.405412000,45.843182000,5.920569315,111.202322394,0.474184827,0,81.572052000,97.572105000,89.272026000,234.512612241,8
Branch_012,12,24,2,7,1,26.324202000,14.701306000,46.829159000,4.030865161,115.233187555,0.491373093,0,81.572052000,97.572105000,89.272026000,234.512612241,8
Branch_012,12,25,2,7,2,28.908293000,18.630505000,48.351257000,4.942966053,120.176153608,0.512450706,0,81.572052000,97.572105000,89.272026000,234.512612241,8
Branch_012,12,26,2,7,3,31.432501000,22.371405000,50.143032000,4.855555219,125.031708827,0.533155584,0,81.572052000,97.572105000,89.272026000,234.512612241,8
Branch_012,12,27,2,7,4,33.837540000,25.965391000,52.093472000,4.743960809,129.775669636,0.553384606,0,81.572052000,97.572105000,89.272026000,234.512612241,8
Branch_012,12,28,2,7,5,36.051430000,29.527443000,54.029991000,4.619483653,134.395153289,0.573082838,0,81.572052000,97.572105000,89.272026000,234.512612241,8
Branch_012,12,29,2,7,6,38.004852000,33.210518000,55.757656000,4.512840050,138.907993339,0.592326323,0,81.572052000,97.572105000,89.272026000,234.512612241,8
Branch_012,12,30,2,7,7,39.655231000,37.152805000,57.108654000,4.482250911,143.390244250,0.611439372,0,81.572052000,97.572105000,89.272026000,234.512612241,8
Branch_012,12,31,2,7,8,40.956230000,41.252876000,57.950741000,4.383182761,147.773427011,0.630129977,0,81.572052000,97.572105000,89.272026000,234.512612241,8
Branch_012,12,32,3,6,1,42.188423000,46.187943000,58.389992000,5.105499714,152.878926725,0.651900660,0,81.572052000,97.572105000,89.272026000,234.512612241,8
Branch_012,12,33,4,5,1,43.203922000,50.765629000,58.406876000,4.689001216,157.567927941,0.671895326,0,81.572052000,97.572105000,89.272026000,234.512612241,8
Branch_012,12,34,4,5,2,44.359421000,55.519661000,58.187195000,4.897372555,162.465300495,0.692778520,0,81.572052000,97.572105000,89.272026000,234.512612241,8
Branch_012,12,35,4,5,3,45.795403000,60.070236000,57.887691000,4.781158832,167.246459328,0.713166161,0,81.572052000,97.572105000,89.272026000,234.512612241,8
Branch_012,12,36,4,5,4,47.645630000,64.272171000,57.623878000,4.598825393,171.845284721,0.732776302,0,81.572052000,97.572105000,89.272026000,234.512612241,8
Branch_012,12,37,4,5,5,51.342567000,69.871460000,57.347439000,6.715340573,178.560625293,0.761411608,0,81.572052000,97.572105000,89.272026000,234.512612241,8
Branch_012,12,38,5,4,1,55.407112000,74.712769000,57.020290000,6.329757133,184.890382426,0.788402725,0,81.572052000,97.572105000,89.272026000,234.512612241,8
Branch_012,12,39,6,46,1,56.602974000,74.981224000,58.792492000,2.154728275,187.045110701,0.797590837,0,81.572052000,97.572105000,89.272026000,234.512612241,8
Branch_012,12,40,6,46,2,57.923401000,75.306297000,60.244251000,1.989171715,189.034282416,0.806072989,0,81.572052000,97.572105000,89.272026000,234.512612241,8
Branch_012,12,41,6,46,3,59.860531000,75.912285000,61.624493000,2.454539075,191.488821491,0.816539544,0,81.572052000,97.572105000,89.272026000,234.512612241,8
Branch_012,12,42,6,46,4,61.937817000,76.701103000,63.321873000,2.796149107,194.284970598,0.828462780,0,81.572052000,97.572105000,89.272026000,234.512612241,8
Branch_012,12,43,6,46,5,63.901939000,77.652855000,65.217926000,2.891128513,197.176099111,0.840791023,0,81.572052000,97.572105000,89.272026000,234.512612241,8
Branch_012,12,44,6,46,6,65.596672000,78.741425000,67.178352000,2.810760518,199.986859629,0.852776564,0,81.572052000,97.572105000,89.272026000,234.512612241,8
Branch_012,12,45,6,46,7,66.992027000,79.936951000,69.070564000,2.637567866,202.624427494,0.864023583,0,81.572052000,97.572105000,89.272026000,234.512612241,8
Branch_012,12,46,6,46,8,68.174423000,81.209892000,70.785965000,2.441524049,205.065951543,0.874434640,0,81.572052000,97.572105000,89.272026000,234.512612241,8
Branch_012,12,47,6,46,9,69.302444000,82.535805000,72.262024000,2.282373070,207.348324613,0.884167050,0,81.572052000,97.572105000,89.272026000,234.512612241,8
Branch_012,12,48,6,46,10,70.543228000,83.899063000,73.497963000,2.219360836,209.567685450,0.893630767,0,81.572052000,97.572105000,89.272026000,234.512612241,8
Branch_012,12,49,6,46,11,72.009842000,85.294182000,74.558098000,2.284994501,211.852679950,0.903374356,0,81.572052000,97.572105000,89.272026000,234.512612241,8
Branch_012,12,50,6,46,12,73.719345000,86.723663000,75.559494000,2.443073962,214.295753912,0.913792021,0,81.572052000,97.572105000,89.272026000,234.512612241,8
Branch_012,12,51,6,46,13,75.583969000,88.192337000,76.644478000,2.609792379,216.905546291,0.924920601,0,81.572052000,97.572105000,89.272026000,234.512612241,8
Branch_012,12,52,6,46,14,77.437103000,89.699379000,77.943260000,2.718844588,219.624390879,0.936514198,0,81.572052000,97.572105000,89.272026000,234.512612241,8
Branch_012,12,53,6,46,15,79.084801000,91.230080000,79.535133000,2.755360938,222.379751817,0.948263506,0,81.572052000,97.572105000,89.272026000,234.512612241,8
Branch_012,12,54,6,46,16,79.715172000,91.978127000,80.462166000,1.347713655,223.727465472,0.954010376,0,81.572052000,97.572105000,89.272026000,234.512612241,8
Branch_012,12,55,7,47,1,80.365341000,92.749664000,81.418312000,1.390037497,225.117502969,0.959937723,1,81.572052000,97.572105000,89.272026000,234.512612241,8
Branch_012,12,56,7,47,2,81.197418000,94.201508000,83.497231000,2.668727664,227.786230633,0.971317613,1,81.572052000,97.572105000,89.272026000,234.512612241,8
Branch_012,12,57,7,47,3,81.601395000,95.510818000,85.592026000,2.503129278,230.289359912,0.981991364,1,81.572052000,97.572105000,89.272026000,234.512612241,8
Branch_012,12,58,7,47,4,81.687202000,96.593620000,87.469528000,2.169063570,232.458423482,0.991240604,1,81.572052000,97.572105000,89.272026000,234.512612241,8
Branch_012,12,59,7,47,5,81.572052000,97.572105000,89.272026000,2.054188759,234.512612241,1.000000000,1,81.572052000,97.572105000,89.272026000,234.512612241,8
Branch_013,13,0,0,9,0,9.155164700,-94.828995000,43.316994000,0.000000000,0.000000000,0.000000000,0,53.429951000,-52.844383000,45.496872000,207.994714026,6
Branch_013,13,1,0,9,1,8.745691300,-90.524384000,41.931053000,4.540724257,4.540724257,0.021830960,0,53.429951000,-52.844383000,45.496872000,207.994714026,6
Branch_013,13,2,0,9,2,8.447949400,-85.977066000,40.628029000,4.739685937,9.280410194,0.044618491,0,53.429951000,-52.844383000,45.496872000,207.994714026,6
Branch_013,13,3,0,9,3,8.306425100,-80.784424000,39.387024000,5.340754018,14.621164212,0.070295845,0,53.429951000,-52.844383000,45.496872000,207.994714026,6
Branch_013,13,4,0,9,4,8.427463500,-75.420364000,38.457928000,5.445274039,20.066438250,0.096475713,0,53.429951000,-52.844383000,45.496872000,207.994714026,6
Branch_013,13,5,0,9,5,8.845435100,-70.229225000,37.995411000,5.228436320,25.294874570,0.121613064,0,53.429951000,-52.844383000,45.496872000,207.994714026,6
Branch_013,13,6,0,9,6,9.507898300,-65.372032000,38.028183000,4.902270427,30.197144997,0.145182271,0,53.429951000,-52.844383000,45.496872000,207.994714026,6
Branch_013,13,7,0,9,7,10.287036000,-60.827480000,38.464947000,4.631497731,34.828642727,0.167449653,0,53.429951000,-52.844383000,45.496872000,207.994714026,6
Branch_013,13,8,0,9,8,11.014260000,-56.442604000,39.132923000,4.494683995,39.323326723,0.189059260,0,53.429951000,-52.844383000,45.496872000,207.994714026,6
Branch_013,13,9,0,9,9,11.527933000,-52.014019000,39.835442000,4.513286829,43.836613551,0.210758306,0,53.429951000,-52.844383000,45.496872000,207.994714026,6
Branch_013,13,10,0,9,10,11.720328000,-47.372635000,40.409962000,4.680762171,48.517375722,0.233262542,0,53.429951000,-52.844383000,45.496872000,207.994714026,6
Branch_013,13,11,0,9,11,11.570354000,-42.445747000,40.769272000,4.942248602,53.459624324,0.257023956,0,53.429951000,-52.844383000,45.496872000,207.994714026,6
Branch_013,13,12,0,9,12,11.152950000,-37.279388000,40.914940000,5.185239684,58.644864008,0.281953627,0,53.429951000,-52.844383000,45.496872000,207.994714026,6
Branch_013,13,13,0,9,13,10.623031000,-32.017574000,40.921852000,5.288435354,63.933299362,0.307379443,0,53.429951000,-52.844383000,45.496872000,207.994714026,6
Branch_013,13,14,0,9,14,10.179241000,-26.849152000,40.901917000,5.187478476,69.120777838,0.332319877,0,53.429951000,-52.844383000,45.496872000,207.994714026,6
Branch_013,13,15,0,9,15,10.018347000,-21.942720000,40.961330000,4.909428862,74.030206700,0.355923500,0,53.429951000,-52.844383000,45.496872000,207.994714026,6
Branch_013,13,16,0,9,16,10.293105000,-17.392542000,41.166740000,4.563091612,78.593298312,0.377861998,0,53.429951000,-52.844383000,45.496872000,207.994714026,6
Branch_013,13,17,0,9,17,11.084682000,-13.193231000,41.531292000,4.288788312,82.882086624,0.398481697,0,53.429951000,-52.844383000,45.496872000,207.994714026,6
Branch_013,13,18,0,9,18,12.395549000,-9.250117300,42.023792000,4.184384566,87.066471190,0.418599442,0,53.429951000,-52.844383000,45.496872000,207.994714026,6
Branch_013,13,19,0,9,19,13.428562000,-7.010438900,42.358051000,2.488976551,89.555447741,0.430565979,0,53.429951000,-52.844383000,45.496872000,207.994714026,6
Branch_013,13,20,1,8,1,16.282339000,-1.562926900,43.212620000,6.208841948,95.764289689,0.460416940,0,53.429951000,-52.844383000,45.496872000,207.994714026,6
Branch_013,13,21,1,8,2,18.643381000,2.404393400,43.881081000,4.664867608,100.429157296,0.482844758,0,53.429951000,-52.844383000,45.496872000,207.994714026,6
Branch_013,13,22,1,8,3,21.147991000,6.488432400,44.652599000,4.852595783,105.281753079,0.506175138,0,53.429951000,-52.844383000,45.496872000,207.994714026,6
Branch_013,13,23,1,8,4,24.223534000,11.405412000,45.843182000,5.920569315,111.202322394,0.534640137,0,53.429951000,-52.844383000,45.496872000,207.994714026,6
Branch_013,13,24,2,21,1,27.690271000,9.568561600,45.976391000,3.925561037,115.127883431,0.553513506,0,53.429951000,-52.844383000,45.496872000,207.994714026,6
Branch_013,13,25,2,21,2,30.500639000,8.436563500,45.614300000,3.051343620,118.179227051,0.568183800,0,53.429951000,-52.844383000,45.496872000,207.994714026,6
Branch_013,13,26,2,21,3,33.836395000,7.302638100,44.907448000,3.593423807,121.772650857,0.585460315,0,53.429951000,-52.844383000,45.496872000,207.994714026,6
Branch_013,13,27,2,21,4,37.648449000,5.861568000,44.297165000,4.120786827,125.893437684,0.605272294,0,53.429951000,-52.844383000,45.496872000,207.994714026,6
Branch_013,13,28,2,21,5,41.557293000,4.180810000,43.965683000,4.267773329,130.161211013,0.625790956,0,53.429951000,-52.844383000,45.496872000,207.994714026,6
Branch_013,13,29,2,21,6,45.247955000,2.346591900,44.046879000,4.122127464,134.283338477,0.645609381,0,53.429951000,-52.844383000,45.496872000,207.994714026,6
Branch_013,13,30,2,21,7,48.516773000,0.457833470,44.605518000,3.816366997,138.099705474,0.663957765,0,53.429951000,-52.844383000,45.496872000,207.994714026,6
Branch_013,13,31,2,21,8,51.288979000,-1.384460900,45.637222000,3.484765099,141.584470573,0.680711869,0,53.429951000,-52.844383000,45.496872000,207.994714026,6
Branch_013,13,32,2,21,9,53.190578000,-2.784993900,46.827793000,2.644812044,144.229282617,0.693427635,0,53.429951000,-52.844383000,45.496872000,207.994714026,6
Branch_013,13,33,3,20,1,55.586220000,-4.596087500,48.883541000,3.639403860,147.868686477,0.710925214,0,53.429951000,-52.844383000,45.496872000,207.994714026,6
Branch_013,13,34,3,20,2,57.378574000,-5.870704200,50.964619000,3.027881476,150.896567954,0.725482706,0,53.429951000,-52.844383000,45.496872000,207.994714026,6
Branch_013,13,35,3,20,3,59.110535000,-6.922920200,53.305656000,3.096336812,153.992904765,0.740369319,0,53.429951000,-52.844383000,45.496872000,207.994714026,6
Branch_013,13,36,3,20,4,61.685532000,-8.151027700,57.298828000,4.907573759,158.900478525,0.763964023,0,53.429951000,-52.844383000,45.496872000,207.994714026,6
Branch_013,13,37,4,48,1,61.562588000,-10.440657000,57.101917000,2.301367311,161.201845836,0.775028570,0,53.429951000,-52.844383000,45.496872000,207.994714026,6
Branch_013,13,38,4,48,2,61.705193000,-12.008467000,57.041222000,1.575451765,162.777297601,0.782603050,0,53.429951000,-52.844383000,45.496872000,207.994714026,6
Branch_013,13,39,4,48,3,62.052563000,-13.689122000,57.018829000,1.716324151,164.493621752,0.790854818,0,53.429951000,-52.844383000,45.496872000,207.994714026,6
Branch_013,13,40,4,48,4,62.408543000,-15.709700000,56.935108000,2.053403618,166.547025371,0.800727202,0,53.429951000,-52.844383000,45.496872000,207.994714026,6
Branch_013,13,41,4,48,5,62.710716000,-17.924007000,56.760418000,2.241646852,168.788672223,0.811504624,0,53.429951000,-52.844383000,45.496872000,207.994714026,6
Branch_013,13,42,4,48,6,62.910072000,-20.193783000,56.473991000,2.296446457,171.085118680,0.822545513,0,53.429951000,-52.844383000,45.496872000,207.994714026,6
Branch_013,13,43,4,48,7,62.969597000,-22.779001000,55.977077000,2.633214548,173.718333228,0.835205520,0,53.429951000,-52.844383000,45.496872000,207.994714026,6
Branch_013,13,44,5,49,1,62.921055000,-24.487837000,55.555050000,1.760847407,175.479180635,0.843671347,1,53.429951000,-52.844383000,45.496872000,207.994714026,6
Branch_013,13,45,5,49,2,62.756893000,-26.407059000,54.956093000,2.017203940,177.496384575,0.853369690,1,53.429951000,-52.844383000,45.496872000,207.994714026,6
Branch_013,13,46,5,49,3,62.528202000,-28.174778000,54.306564000,1.897107788,179.393492363,0.862490632,1,53.429951000,-52.844383000,45.496872000,207.994714026,6
Branch_013,13,47,5,49,4,62.280102000,-29.834070000,53.644184000,1.803760188,181.197252550,0.871162776,1,53.429951000,-52.844383000,45.496872000,207.994714026,6
Branch_013,13,48,5,49,5,62.049545000,-31.446930000,53.002441000,1.751087659,182.948340209,0.879581681,1,53.429951000,-52.844383000,45.496872000,207.994714026,6
Branch_013,13,49,5,49,6,61.854393000,-33.078827000,52.403934000,1.749109131,184.697449340,0.887991073,1,53.429951000,-52.844383000,45.496872000,207.994714026,6
Branch_013,13,50,5,49,7,61.686981000,-34.784195000,51.856110000,1.799004705,186.496454044,0.896640354,1,53.429951000,-52.844383000,45.496872000,207.994714026,6
Branch_013,13,51,5,49,8,61.513912000,-36.595387000,51.350449000,1.888402072,188.384856117,0.905719441,1,53.429951000,-52.844383000,45.496872000,207.994714026,6
Branch_013,13,52,5,49,9,61.282364000,-38.516647000,50.865299000,1.995050121,190.379906238,0.915311272,1,53.429951000,-52.844383000,45.496872000,207.994714026,6
Branch_013,13,53,5,49,10,60.931873000,-40.523663000,50.371868000,2.096289893,192.476196131,0.925389845,1,53.429951000,-52.844383000,45.496872000,207.994714026,6
Branch_013,13,54,5,49,11,60.409180000,-42.568127000,49.842144000,2.175694955,194.651891086,0.935850183,1,53.429951000,-52.844383000,45.496872000,207.994714026,6
Branch_013,13,55,5,49,12,59.683075000,-44.585823000,49.257019000,2.222767843,196.874658929,0.946536838,1,53.429951000,-52.844383000,45.496872000,207.994714026,6
Branch_013,13,56,5,49,13,58.755936000,-46.506248000,48.612949000,2.227654612,199.102313541,0.957246988,1,53.429951000,-52.844383000,45.496872000,207.994714026,6
Branch_013,13,57,5,49,14,57.669346000,-48.261707000,47.925545000,2.175968379,201.278281921,0.967708640,1,53.429951000,-52.844383000,45.496872000,207.994714026,6
Branch_013,13,58,5,49,15,56.502148000,-49.794296000,47.229309000,2.048395660,203.326677581,0.977556947,1,53.429951000,-52.844383000,45.496872000,207.994714026,6
Branch_013,13,59,5,49,16,55.361015000,-51.059677000,46.573357000,1.825827655,205.152505236,0.986335187,1,53.429951000,-52.844383000,45.496872000,207.994714026,6
Branch_013,13,60,5,49,17,54.364952000,-52.027687000,46.013908000,1.497387072,206.649892308,0.993534347,1,53.429951000,-52.844383000,45.496872000,207.994714026,6
Branch_013,13,61,5,49,18,53.429951000,-52.844383000,45.496872000,1.344821717,207.994714026,1.000000000,1,53.429951000,-52.844383000,45.496872000,207.994714026,6
Branch_014,14,0,0,9,0,9.155164700,-94.828995000,43.316994000,0.000000000,0.000000000,0.000000000,0,72.031357000,-31.070269000,8.174747500,199.735506257,6
Branch_014,14,1,0,9,1,8.745691300,-90.524384000,41.931053000,4.540724257,4.540724257,0.022733686,0,72.031357000,-31.070269000,8.174747500,199.735506257,6
Branch_014,14,2,0,9,2,8.447949400,-85.977066000,40.628029000,4.739685937,9.280410194,0.046463497,0,72.031357000,-31.070269000,8.174747500,199.735506257,6
Branch_014,14,3,0,9,3,8.306425100,-80.784424000,39.387024000,5.340754018,14.621164212,0.073202629,0,72.031357000,-31.070269000,8.174747500,199.735506257,6
Branch_014,14,4,0,9,4,8.427463500,-75.420364000,38.457928000,5.445274039,20.066438250,0.100465053,0,72.031357000,-31.070269000,8.174747500,199.735506257,6
Branch_014,14,5,0,9,5,8.845435100,-70.229225000,37.995411000,5.228436320,25.294874570,0.126641853,0,72.031357000,-31.070269000,8.174747500,199.735506257,6
Branch_014,14,6,0,9,6,9.507898300,-65.372032000,38.028183000,4.902270427,30.197144997,0.151185663,0,72.031357000,-31.070269000,8.174747500,199.735506257,6
Branch_014,14,7,0,9,7,10.287036000,-60.827480000,38.464947000,4.631497731,34.828642727,0.174373818,0,72.031357000,-31.070269000,8.174747500,199.735506257,6
Branch_014,14,8,0,9,8,11.014260000,-56.442604000,39.132923000,4.494683995,39.323326723,0.196876997,0,72.031357000,-31.070269000,8.174747500,199.735506257,6
Branch_014,14,9,0,9,9,11.527933000,-52.014019000,39.835442000,4.513286829,43.836613551,0.219473314,0,72.031357000,-31.070269000,8.174747500,199.735506257,6
Branch_014,14,10,0,9,10,11.720328000,-47.372635000,40.409962000,4.680762171,48.517375722,0.242908117,0,72.031357000,-31.070269000,8.174747500,199.735506257,6
Branch_014,14,11,0,9,11,11.570354000,-42.445747000,40.769272000,4.942248602,53.459624324,0.267652083,0,72.031357000,-31.070269000,8.174747500,199.735506257,6
Branch_014,14,12,0,9,12,11.152950000,-37.279388000,40.914940000,5.185239684,58.644864008,0.293612614,0,72.031357000,-31.070269000,8.174747500,199.735506257,6
Branch_014,14,13,0,9,13,10.623031000,-32.017574000,40.921852000,5.288435354,63.933299362,0.320089806,0,72.031357000,-31.070269000,8.174747500,199.735506257,6
Branch_014,14,14,0,9,14,10.179241000,-26.849152000,40.901917000,5.187478476,69.120777838,0.346061545,0,72.031357000,-31.070269000,8.174747500,199.735506257,6
Branch_014,14,15,0,9,15,10.018347000,-21.942720000,40.961330000,4.909428862,74.030206700,0.370641195,0,72.031357000,-31.070269000,8.174747500,199.735506257,6
Branch_014,14,16,0,9,16,10.293105000,-17.392542000,41.166740000,4.563091612,78.593298312,0.393486866,0,72.031357000,-31.070269000,8.174747500,199.735506257,6
Branch_014,14,17,0,9,17,11.084682000,-13.193231000,41.531292000,4.288788312,82.882086624,0.414959204,0,72.031357000,-31.070269000,8.174747500,199.735506257,6
Branch_014,14,18,0,9,18,12.395549000,-9.250117300,42.023792000,4.184384566,87.066471190,0.435908832,0,72.031357000,-31.070269000,8.174747500,199.735506257,6
Branch_014,14,19,0,9,19,13.428562000,-7.010438900,42.358051000,2.488976551,89.555447741,0.448370194,0,72.031357000,-31.070269000,8.174747500,199.735506257,6
Branch_014,14,20,1,8,1,16.282339000,-1.562926900,43.212620000,6.208841948,95.764289689,0.479455513,0,72.031357000,-31.070269000,8.174747500,199.735506257,6
Branch_014,14,21,1,8,2,18.643381000,2.404393400,43.881081000,4.664867608,100.429157296,0.502810738,0,72.031357000,-31.070269000,8.174747500,199.735506257,6
Branch_014,14,22,1,8,3,21.147991000,6.488432400,44.652599000,4.852595783,105.281753079,0.527105846,0,72.031357000,-31.070269000,8.174747500,199.735506257,6
Branch_014,14,23,1,8,4,24.223534000,11.405412000,45.843182000,5.920569315,111.202322394,0.556747894,0,72.031357000,-31.070269000,8.174747500,199.735506257,6
Branch_014,14,24,2,21,1,27.690271000,9.568561600,45.976391000,3.925561037,115.127883431,0.576401690,0,72.031357000,-31.070269000,8.174747500,199.735506257,6
Branch_014,14,25,2,21,2,30.500639000,8.436563500,45.614300000,3.051343620,118.179227051,0.591678612,0,72.031357000,-31.070269000,8.174747500,199.735506257,6
Branch_014,14,26,2,21,3,33.836395000,7.302638100,44.907448000,3.593423807,121.772650857,0.609669523,0,72.031357000,-31.070269000,8.174747500,199.735506257,6
Branch_014,14,27,2,21,4,37.648449000,5.861568000,44.297165000,4.120786827,125.893437684,0.630300741,0,72.031357000,-31.070269000,8.174747500,199.735506257,6
Branch_014,14,28,2,21,5,41.557293000,4.180810000,43.965683000,4.267773329,130.161211013,0.651667865,0,72.031357000,-31.070269000,8.174747500,199.735506257,6
Branch_014,14,29,2,21,6,45.247955000,2.346591900,44.046879000,4.122127464,134.283338477,0.672305796,0,72.031357000,-31.070269000,8.174747500,199.735506257,6
Branch_014,14,30,2,21,7,48.516773000,0.457833470,44.605518000,3.816366997,138.099705474,0.691412899,0,72.031357000,-31.070269000,8.174747500,199.735506257,6
Branch_014,14,31,2,21,8,51.288979000,-1.384460900,45.637222000,3.484765099,141.584470573,0.708859798,0,72.031357000,-31.070269000,8.174747500,199.735506257,6
Branch_014,14,32,2,21,9,53.190578000,-2.784993900,46.827793000,2.644812044,144.229282617,0.722101370,0,72.031357000,-31.070269000,8.174747500,199.735506257,6
Branch_014,14,33,3,43,1,53.525616000,-4.094480000,43.873051000,3.249231385,147.478514002,0.738369040,0,72.031357000,-31.070269000,8.174747500,199.735506257,6
Branch_014,14,34,3,43,2,53.407143000,-5.104843600,42.257790000,1.908910305,149.387424307,0.747926231,0,72.031357000,-31.070269000,8.174747500,199.735506257,6
Branch_014,14,35,3,43,3,53.225269000,-6.584104100,40.215679000,2.528143017,151.915567324,0.760583685,0,72.031357000,-31.070269000,8.174747500,199.735506257,6
Branch_014,14,36,3,43,4,52.991764000,-8.477386500,38.102013000,2.847213865,154.762781189,0.774838606,0,72.031357000,-31.070269000,8.174747500,199.735506257,6
Branch_014,14,37,3,43,5,52.742374000,-10.699895000,36.249531000,2.904036667,157.666817856,0.789378017,0,72.031357000,-31.070269000,8.174747500,199.735506257,6
Branch_014,14,38,3,43,6,52.541138000,-13.138442000,34.896049000,2.796233346,160.463051202,0.803377698,0,72.031357000,-31.070269000,8.174747500,199.735506257,6
Branch_014,14,39,4,50,1,53.475639000,-13.223398000,32.866135000,2.236305097,162.699356299,0.814574030,0,72.031357000,-31.070269000,8.174747500,199.735506257,6
Branch_014,14,40,4,50,2,54.435627000,-13.725657000,31.302498000,1.902314835,164.601671134,0.824098200,0,72.031357000,-31.070269000,8.174747500,199.735506257,6
Branch_014,14,41,4,50,3,55.798412000,-14.679162000,29.594069000,2.384341500,166.986012634,0.836035694,0,72.031357000,-31.070269000,8.174747500,199.735506257,6
Branch_014,14,42,4,50,4,57.746922000,-15.957281000,27.489840000,3.139754621,170.125767256,0.851755256,0,72.031357000,-31.070269000,8.174747500,199.735506257,6
Branch_014,14,43,5,51,1,59.278332000,-16.912325000,26.054388000,2.306045983,172.431813238,0.863300754,1,72.031357000,-31.070269000,8.174747500,199.735506257,6
Branch_014,14,44,5,51,2,61.170521000,-18.038092000,24.597538000,2.640102739,175.071915977,0.876518749,1,72.031357000,-31.070269000,8.174747500,199.735506257,6
Branch_014,14,45,5,51,3,63.027649000,-19.131950000,23.422186000,2.454974960,177.526890938,0.888809878,1,72.031357000,-31.070269000,8.174747500,199.735506257,6
Branch_014,14,46,5,51,4,64.771187000,-20.218191000,22.435863000,2.278744682,179.805635620,0.900218689,1,72.031357000,-31.070269000,8.174747500,199.735506257,6
Branch_014,14,47,5,51,5,66.347046000,-21.348726000,21.463781000,2.169420289,181.975055909,0.911080155,1,72.031357000,-31.070269000,8.174747500,199.735506257,6
Branch_014,14,48,5,51,6,67.725113000,-22.579714000,20.307877000,2.179567427,184.154623336,0.921992423,1,72.031357000,-31.070269000,8.174747500,199.735506257,6
Branch_014,14,49,5,51,7,68.895386000,-23.945610000,18.813808000,2.338258530,186.492881866,0.933699197,1,72.031357000,-31.070269000,8.174747500,199.735506257,6
Branch_014,14,50,5,51,8,69.862175000,-25.437893000,16.927557000,2.592206079,189.085087946,0.946677391,1,72.031357000,-31.070269000,8.174747500,199.735506257,6
Branch_014,14,51,5,51,9,70.637856000,-26.994686000,14.725804000,2.805886978,191.890974923,0.960725404,1,72.031357000,-31.070269000,8.174747500,199.735506257,6
Branch_014,14,52,5,51,10,71.237457000,-28.504625000,12.411281000,2.827800180,194.718775104,0.974883128,1,72.031357000,-31.070269000,8.174747500,199.735506257,6
Branch_014,14,53,5,51,11,71.674843000,-29.824648000,10.273449000,2.550312313,197.269087417,0.987651575,1,72.031357000,-31.070269000,8.174747500,199.735506257,6
Branch_014,14,54,5,51,12,72.031357000,-31.070269000,8.174747500,2.466418840,199.735506257,1.000000000,1,72.031357000,-31.070269000,8.174747500,199.735506257,6
Branch_015,15,0,0,9,0,9.155164700,-94.828995000,43.316994000,0.000000000,0.000000000,0.000000000,0,49.096233000,92.881760000,85.127472000,220.128005964,6
Branch_015,15,1,0,9,1,8.745691300,-90.524384000,41.931053000,4.540724257,4.540724257,0.020627654,0,49.096233000,92.881760000,85.127472000,220.128005964,6
Branch_015,15,2,0,9,2,8.447949400,-85.977066000,40.628029000,4.739685937,9.280410194,0.042159153,0,49.096233000,92.881760000,85.127472000,220.128005964,6
Branch_015,15,3,0,9,3,8.306425100,-80.784424000,39.387024000,5.340754018,14.621164212,0.066421190,0,49.096233000,92.881760000,85.127472000,220.128005964,6
Branch_015,15,4,0,9,4,8.427463500,-75.420364000,38.457928000,5.445274039,20.066438250,0.091158043,0,49.096233000,92.881760000,85.127472000,220.128005964,6
Branch_015,15,5,0,9,5,8.845435100,-70.229225000,37.995411000,5.228436320,25.294874570,0.114909843,0,49.096233000,92.881760000,85.127472000,220.128005964,6
Branch_015,15,6,0,9,6,9.507898300,-65.372032000,38.028183000,4.902270427,30.197144997,0.137179932,0,49.096233000,92.881760000,85.127472000,220.128005964,6
Branch_015,15,7,0,9,7,10.287036000,-60.827480000,38.464947000,4.631497731,34.828642727,0.158219953,0,49.096233000,92.881760000,85.127472000,220.128005964,6
Branch_015,15,8,0,9,8,11.014260000,-56.442604000,39.132923000,4.494683995,39.323326723,0.178638454,0,49.096233000,92.881760000,85.127472000,220.128005964,6
Branch_015,15,9,0,9,9,11.527933000,-52.014019000,39.835442000,4.513286829,43.836613551,0.199141465,0,49.096233000,92.881760000,85.127472000,220.128005964,6
Branch_015,15,10,0,9,10,11.720328000,-47.372635000,40.409962000,4.680762171,48.517375722,0.220405284,0,49.096233000,92.881760000,85.127472000,220.128005964,6
Branch_015,15,11,0,9,11,11.570354000,-42.445747000,40.769272000,4.942248602,53.459624324,0.242856987,0,49.096233000,92.881760000,85.127472000,220.128005964,6
Branch_015,15,12,0,9,12,11.152950000,-37.279388000,40.914940000,5.185239684,58.644864008,0.266412553,0,49.096233000,92.881760000,85.127472000,220.128005964,6
Branch_015,15,13,0,9,13,10.623031000,-32.017574000,40.921852000,5.288435354,63.933299362,0.290436917,0,49.096233000,92.881760000,85.127472000,220.128005964,6
Branch_015,15,14,0,9,14,10.179241000,-26.849152000,40.901917000,5.187478476,69.120777838,0.314002653,0,49.096233000,92.881760000,85.127472000,220.128005964,6
Branch_015,15,15,0,9,15,10.018347000,-21.942720000,40.961330000,4.909428862,74.030206700,0.336305262,0,49.096233000,92.881760000,85.127472000,220.128005964,6
Branch_015,15,16,0,9,16,10.293105000,-17.392542000,41.166740000,4.563091612,78.593298312,0.357034526,0,49.096233000,92.881760000,85.127472000,220.128005964,6
Branch_015,15,17,0,9,17,11.084682000,-13.193231000,41.531292000,4.288788312,82.882086624,0.376517682,0,49.096233000,92.881760000,85.127472000,220.128005964,6
Branch_015,15,18,0,9,18,12.395549000,-9.250117300,42.023792000,4.184384566,87.066471190,0.395526552,0,49.096233000,92.881760000,85.127472000,220.128005964,6
Branch_015,15,19,0,9,19,13.428562000,-7.010438900,42.358051000,2.488976551,89.555447741,0.406833503,0,49.096233000,92.881760000,85.127472000,220.128005964,6
Branch_015,15,20,1,8,1,16.282339000,-1.562926900,43.212620000,6.208841948,95.764289689,0.435039100,0,49.096233000,92.881760000,85.127472000,220.128005964,6
Branch_015,15,21,1,8,2,18.643381000,2.404393400,43.881081000,4.664867608,100.429157296,0.456230714,0,49.096233000,92.881760000,85.127472000,220.128005964,6
Branch_015,15,22,1,8,3,21.147991000,6.488432400,44.652599000,4.852595783,105.281753079,0.478275141,0,49.096233000,92.881760000,85.127472000,220.128005964,6
Branch_015,15,23,1,8,4,24.223534000,11.405412000,45.843182000,5.920569315,111.202322394,0.505171170,0,49.096233000,92.881760000,85.127472000,220.128005964,6
Branch_015,15,24,2,7,1,26.324202000,14.701306000,46.829159000,4.030865161,115.233187555,0.523482630,0,49.096233000,92.881760000,85.127472000,220.128005964,6
Branch_015,15,25,2,7,2,28.908293000,18.630505000,48.351257000,4.942966053,120.176153608,0.545937592,0,49.096233000,92.881760000,85.127472000,220.128005964,6
Branch_015,15,26,2,7,3,31.432501000,22.371405000,50.143032000,4.855555219,125.031708827,0.567995464,0,49.096233000,92.881760000,85.127472000,220.128005964,6
Branch_015,15,27,2,7,4,33.837540000,25.965391000,52.093472000,4.743960809,129.775669636,0.589546383,0,49.096233000,92.881760000,85.127472000,220.128005964,6
Branch_015,15,28,2,7,5,36.051430000,29.527443000,54.029991000,4.619483653,134.395153289,0.610531825,0,49.096233000,92.881760000,85.127472000,220.128005964,6
Branch_015,15,29,2,7,6,38.004852000,33.210518000,55.757656000,4.512840050,138.907993339,0.631032806,0,49.096233000,92.881760000,85.127472000,220.128005964,6
Branch_015,15,30,2,7,7,39.655231000,37.152805000,57.108654000,4.482250911,143.390244250,0.651394826,0,49.096233000,92.881760000,85.127472000,220.128005964,6
Branch_015,15,31,2,7,8,40.956230000,41.252876000,57.950741000,4.383182761,147.773427011,0.671306799,0,49.096233000,92.881760000,85.127472000,220.128005964,6
Branch_015,15,32,3,6,1,42.188423000,46.187943000,58.389992000,5.105499714,152.878926725,0.694500121,0,49.096233000,92.881760000,85.127472000,220.128005964,6
Branch_015,15,33,4,5,1,43.203922000,50.765629000,58.406876000,4.689001216,157.567927941,0.715801369,0,49.096233000,92.881760000,85.127472000,220.128005964,6
Branch_015,15,34,4,5,2,44.359421000,55.519661000,58.187195000,4.897372555,162.465300495,0.738049208,0,49.096233000,92.881760000,85.127472000,220.128005964,6
Branch_015,15,35,4,5,3,45.795403000,60.070236000,57.887691000,4.781158832,167.246459328,0.759769111,0,49.096233000,92.881760000,85.127472000,220.128005964,6
Branch_015,15,36,4,5,4,47.645630000,64.272171000,57.623878000,4.598825393,171.845284721,0.780660707,0,49.096233000,92.881760000,85.127472000,220.128005964,6
Branch_015,15,37,4,5,5,51.342567000,69.871460000,57.347439000,6.715340573,178.560625293,0.811167232,0,49.096233000,92.881760000,85.127472000,220.128005964,6
Branch_015,15,38,5,52,1,48.204361000,71.892258000,60.114304000,4.646235399,183.206860693,0.832274203,1,49.096233000,92.881760000,85.127472000,220.128005964,6
Branch_015,15,39,5,52,2,47.126484000,72.459724000,61.574486000,1.901569868,185.108430560,0.840912676,1,49.096233000,92.881760000,85.127472000,220.128005964,6
Branch_015,15,40,5,52,3,45.811993000,73.202248000,63.557632000,2.492407779,187.600838339,0.852235214,1,49.096233000,92.881760000,85.127472000,220.128005964,6
Branch_015,15,41,5,52,4,44.543945000,74.028915000,65.860992000,2.756227739,190.357066078,0.864756237,1,49.096233000,92.881760000,85.127472000,220.128005964,6
Branch_015,15,42,5,52,5,43.588242000,74.871468000,68.278809000,2.732965940,193.090032018,0.877171586,1,49.096233000,92.881760000,85.127472000,220.128005964,6
Branch_015,15,43,5,52,6,43.135033000,75.707886000,70.637283000,2.543106973,195.633138991,0.888724441,1,49.096233000,92.881760000,85.127472000,220.128005964,6
Branch_015,15,44,5,52,7,43.260170000,76.572006000,72.819153000,2.350089220,197.983228211,0.899400453,1,49.096233000,92.881760000,85.127472000,220.128005964,6
Branch_015,15,45,5,52,8,43.915409000,77.545364000,74.772675000,2.278818147,200.262046358,0.909752694,1,49.096233000,92.881760000,85.127472000,220.128005964,6
Branch_015,15,46,5,52,9,44.948586000,78.732315000,76.504387000,2.339900391,202.601946749,0.920382420,1,49.096233000,92.881760000,85.127472000,220.128005964,6
Branch_015,15,47,5,52,10,46.147266000,80.224403000,78.058525000,2.465462485,205.067409234,0.931582551,1,49.096233000,92.881760000,85.127472000,220.128005964,6
Branch_015,15,48,5,52,11,47.293732000,82.063416000,79.489784000,2.597085949,207.664495183,0.943380622,1,49.096233000,92.881760000,85.127472000,220.128005964,6
Branch_015,15,49,5,52,12,48.216560000,84.213295000,80.836983000,2.699728945,210.364224129,0.955644981,1,49.096233000,92.881760000,85.127472000,220.128005964,6
Branch_015,15,50,5,52,13,48.825626000,86.549461000,82.104805000,2.726904031,213.091128160,0.968032792,1,49.096233000,92.881760000,85.127472000,220.128005964,6
Branch_015,15,51,5,52,14,49.122345000,88.869743000,83.258179000,2.608068693,215.699196853,0.979880756,1,49.096233000,92.881760000,85.127472000,220.128005964,6
Branch_015,15,52,5,52,15,49.183891000,90.925728000,84.230042000,2.274946136,217.974142989,0.990215407,1,49.096233000,92.881760000,85.127472000,220.128005964,6
Branch_015,15,53,5,52,16,49.096233000,92.881760000,85.127472000,2.153862975,220.128005964,1.000000000,1,49.096233000,92.881760000,85.127472000,220.128005964,6
Branch_016,16,0,0,9,0,9.155164700,-94.828995000,43.316994000,0.000000000,0.000000000,0.000000000,0,75.011513000,139.445680000,39.682365000,267.452256279,10
Branch_016,16,1,0,9,1,8.745691300,-90.524384000,41.931053000,4.540724257,4.540724257,0.016977700,0,75.011513000,139.445680000,39.682365000,267.452256279,10
Branch_016,16,2,0,9,2,8.447949400,-85.977066000,40.628029000,4.739685937,9.280410194,0.034699315,0,75.011513000,139.445680000,39.682365000,267.452256279,10
Branch_016,16,3,0,9,3,8.306425100,-80.784424000,39.387024000,5.340754018,14.621164212,0.054668315,0,75.011513000,139.445680000,39.682365000,267.452256279,10
Branch_016,16,4,0,9,4,8.427463500,-75.420364000,38.457928000,5.445274039,20.066438250,0.075028114,0,75.011513000,139.445680000,39.682365000,267.452256279,10
Branch_016,16,5,0,9,5,8.845435100,-70.229225000,37.995411000,5.228436320,25.294874570,0.094577159,0,75.011513000,139.445680000,39.682365000,267.452256279,10
Branch_016,16,6,0,9,6,9.507898300,-65.372032000,38.028183000,4.902270427,30.197144997,0.112906675,0,75.011513000,139.445680000,39.682365000,267.452256279,10
Branch_016,16,7,0,9,7,10.287036000,-60.827480000,38.464947000,4.631497731,34.828642727,0.130223776,0,75.011513000,139.445680000,39.682365000,267.452256279,10
Branch_016,16,8,0,9,8,11.014260000,-56.442604000,39.132923000,4.494683995,39.323326723,0.147029333,0,75.011513000,139.445680000,39.682365000,267.452256279,10
Branch_016,16,9,0,9,9,11.527933000,-52.014019000,39.835442000,4.513286829,43.836613551,0.163904445,0,75.011513000,139.445680000,39.682365000,267.452256279,10
Branch_016,16,10,0,9,10,11.720328000,-47.372635000,40.409962000,4.680762171,48.517375722,0.181405745,0,75.011513000,139.445680000,39.682365000,267.452256279,10
Branch_016,16,11,0,9,11,11.570354000,-42.445747000,40.769272000,4.942248602,53.459624324,0.199884739,0,75.011513000,139.445680000,39.682365000,267.452256279,10
Branch_016,16,12,0,9,12,11.152950000,-37.279388000,40.914940000,5.185239684,58.644864008,0.219272272,0,75.011513000,139.445680000,39.682365000,267.452256279,10
Branch_016,16,13,0,9,13,10.623031000,-32.017574000,40.921852000,5.288435354,63.933299362,0.239045653,0,75.011513000,139.445680000,39.682365000,267.452256279,10
Branch_016,16,14,0,9,14,10.179241000,-26.849152000,40.901917000,5.187478476,69.120777838,0.258441558,0,75.011513000,139.445680000,39.682365000,267.452256279,10
Branch_016,16,15,0,9,15,10.018347000,-21.942720000,40.961330000,4.909428862,74.030206700,0.276797839,0,75.011513000,139.445680000,39.682365000,267.452256279,10
Branch_016,16,16,0,9,16,10.293105000,-17.392542000,41.166740000,4.563091612,78.593298312,0.293859171,0,75.011513000,139.445680000,39.682365000,267.452256279,10
Branch_016,16,17,0,9,17,11.084682000,-13.193231000,41.531292000,4.288788312,82.882086624,0.309894887,0,75.011513000,139.445680000,39.682365000,267.452256279,10
Branch_016,16,18,0,9,18,12.395549000,-9.250117300,42.023792000,4.184384566,87.066471190,0.325540238,0,75.011513000,139.445680000,39.682365000,267.452256279,10
Branch_016,16,19,0,9,19,13.428562000,-7.010438900,42.358051000,2.488976551,89.555447741,0.334846484,0,75.011513000,139.445680000,39.682365000,267.452256279,10
Branch_016,16,20,1,8,1,16.282339000,-1.562926900,43.212620000,6.208841948,95.764289689,0.358061252,0,75.011513000,139.445680000,39.682365000,267.452256279,10
Branch_016,16,21,1,8,2,18.643381000,2.404393400,43.881081000,4.664867608,100.429157296,0.375503122,0,75.011513000,139.445680000,39.682365000,267.452256279,10
Branch_016,16,22,1,8,3,21.147991000,6.488432400,44.652599000,4.852595783,105.281753079,0.393646906,0,75.011513000,139.445680000,39.682365000,267.452256279,10
Branch_016,16,23,1,8,4,24.223534000,11.405412000,45.843182000,5.920569315,111.202322394,0.415783826,0,75.011513000,139.445680000,39.682365000,267.452256279,10
Branch_016,16,24,2,7,1,26.324202000,14.701306000,46.829159000,4.030865161,115.233187555,0.430855171,0,75.011513000,139.445680000,39.682365000,267.452256279,10
Branch_016,16,25,2,7,2,28.908293000,18.630505000,48.351257000,4.942966053,120.176153608,0.449336847,0,75.011513000,139.445680000,39.682365000,267.452256279,10
Branch_016,16,26,2,7,3,31.432501000,22.371405000,50.143032000,4.855555219,125.031708827,0.467491696,0,75.011513000,139.445680000,39.682365000,267.452256279,10
Branch_016,16,27,2,7,4,33.837540000,25.965391000,52.093472000,4.743960809,129.775669636,0.485229295,0,75.011513000,139.445680000,39.682365000,267.452256279,10
Branch_016,16,28,2,7,5,36.051430000,29.527443000,54.029991000,4.619483653,134.395153289,0.502501475,0,75.011513000,139.445680000,39.682365000,267.452256279,10
Branch_016,16,29,2,7,6,38.004852000,33.210518000,55.757656000,4.512840050,138.907993339,0.519374917,0,75.011513000,139.445680000,39.682365000,267.452256279,10
Branch_016,16,30,2,7,7,39.655231000,37.152805000,57.108654000,4.482250911,143.390244250,0.536133986,0,75.011513000,139.445680000,39.682365000,267.452256279,10
Branch_016,16,31,2,7,8,40.956230000,41.252876000,57.950741000,4.383182761,147.773427011,0.552522641,0,75.011513000,139.445680000,39.682365000,267.452256279,10
Branch_016,16,32,3,6,1,42.188423000,46.187943000,58.389992000,5.105499714,152.878926725,0.571612028,0,75.011513000,139.445680000,39.682365000,267.452256279,10
Branch_016,16,33,4,5,1,43.203922000,50.765629000,58.406876000,4.689001216,157.567927941,0.589144134,0,75.011513000,139.445680000,39.682365000,267.452256279,10
Branch_016,16,34,4,5,2,44.359421000,55.519661000,58.187195000,4.897372555,162.465300495,0.607455337,0,75.011513000,139.445680000,39.682365000,267.452256279,10
Branch_016,16,35,4,5,3,45.795403000,60.070236000,57.887691000,4.781158832,167.246459328,0.625332019,0,75.011513000,139.445680000,39.682365000,267.452256279,10
Branch_016,16,36,4,5,4,47.645630000,64.272171000,57.623878000,4.598825393,171.845284721,0.642526958,0,75.011513000,139.445680000,39.682365000,267.452256279,10
Branch_016,16,37,4,5,5,51.342567000,69.871460000,57.347439000,6.715340573,178.560625293,0.667635517,0,75.011513000,139.445680000,39.682365000,267.452256279,10
Branch_016,16,38,5,4,1,55.407112000,74.712769000,57.020290000,6.329757133,184.890382426,0.691302384,0,75.011513000,139.445680000,39.682365000,267.452256279,10
Branch_016,16,39,6,3,1,58.283745000,78.131050000,56.528973000,4.494558355,189.384940781,0.708107471,0,75.011513000,139.445680000,39.682365000,267.452256279,10
Branch_016,16,40,6,3,2,60.622337000,81.607315000,55.718319000,4.267386882,193.652327663,0.724063167,0,75.011513000,139.445680000,39.682365000,267.452256279,10
Branch_016,16,41,6,3,3,62.223511000,85.360001000,54.550529000,4.243835986,197.896163649,0.739930806,0,75.011513000,139.445680000,39.682365000,267.452256279,10
Branch_016,16,42,6,3,4,62.844906000,89.630898000,52.998016000,4.586609810,202.482773459,0.757080072,0,75.011513000,139.445680000,39.682365000,267.452256279,10
Branch_016,16,43,7,2,1,62.470024000,93.598572000,51.485519000,4.262701099,206.745474558,0.773018248,0,75.011513000,139.445680000,39.682365000,267.452256279,10
Branch_016,16,44,7,2,2,61.098911000,97.857376000,49.920139000,4.740018662,211.485493220,0.790741107,0,75.011513000,139.445680000,39.682365000,267.452256279,10
Branch_016,16,45,7,2,3,58.968452000,102.038360000,48.564579000,4.884365432,216.369858651,0.809003677,0,75.011513000,139.445680000,39.682365000,267.452256279,10
Branch_016,16,46,7,2,4,56.398815000,106.080850000,47.520206000,4.902598767,221.272457419,0.827334420,0,75.011513000,139.445680000,39.682365000,267.452256279,10
Branch_016,16,47,7,2,5,53.888828000,109.821590000,46.824791000,4.558154507,225.830611926,0.844377292,0,75.011513000,139.445680000,39.682365000,267.452256279,10
Branch_016,16,48,8,1,1,51.937443000,113.056430000,46.390411000,3.802733126,229.633345052,0.858595655,0,75.011513000,139.445680000,39.682365000,267.452256279,10
Branch_016,16,49,9,53,1,55.863464000,115.202730000,45.362541000,4.590943402,234.224288454,0.875761124,1,75.011513000,139.445680000,39.682365000,267.452256279,10
Branch_016,16,50,9,53,2,57.870754000,116.292950000,45.164314000,2.292833779,236.517122232,0.884333995,1,75.011513000,139.445680000,39.682365000,267.452256279,10
Branch_016,16,51,9,53,3,60.362251000,117.726620000,44.752213000,2.903927376,239.421049608,0.895191736,1,75.011513000,139.445680000,39.682365000,267.452256279,10
Branch_016,16,52,9,53,4,62.898422000,119.348940000,44.060509000,3.089100184,242.510149792,0.906741836,1,75.011513000,139.445680000,39.682365000,267.452256279,10
Branch_016,16,53,9,53,5,65.129128000,121.059910000,43.088581000,2.974577556,245.484727348,0.917863737,1,75.011513000,139.445680000,39.682365000,267.452256279,10
Branch_016,16,54,9,53,6,66.882469000,122.844120000,41.923435000,2.759560687,248.244288036,0.928181693,1,75.011513000,139.445680000,39.682365000,267.452256279,10
Branch_016,16,55,9,53,7,68.185150000,124.761070000,40.728172000,2.607743992,250.852032028,0.937932009,1,75.011513000,139.445680000,39.682365000,267.452256279,10
Branch_016,16,56,9,53,8,69.211304000,126.898540000,39.698353000,2.585013966,253.437045994,0.947597338,1,75.011513000,139.445680000,39.682365000,267.452256279,10
Branch_016,16,57,9,53,9,70.182884000,129.306170000,39.000923000,2.688318902,256.125364896,0.957648922,1,75.011513000,139.445680000,39.682365000,267.452256279,10
Branch_016,16,58,9,53,10,71.261765000,131.935670000,38.718121000,2.856261794,258.981626690,0.968328442,1,75.011513000,139.445680000,39.682365000,267.452256279,10
Branch_016,16,59,9,53,11,72.475220000,134.612810000,38.817791000,2.941000803,261.922627493,0.979324800,1,75.011513000,139.445680000,39.682365000,267.452256279,10
Branch_016,16,60,9,53,12,73.701805000,137.055190000,39.162476000,2.754730218,264.677357711,0.989624696,1,75.011513000,139.445680000,39.682365000,267.452256279,10
Branch_016,16,61,9,53,13,75.011513000,139.445680000,39.682365000,2.774898567,267.452256279,1.000000000,1,75.011513000,139.445680000,39.682365000,267.452256279,10
Branch_017,17,0,0,9,0,9.155164700,-94.828995000,43.316994000,0.000000000,0.000000000,0.000000000,0,-84.042053000,104.999540000,50.299454000,245.162625468,8
Branch_017,17,1,0,9,1,8.745691300,-90.524384000,41.931053000,4.540724257,4.540724257,0.018521274,0,-84.042053000,104.999540000,50.299454000,245.162625468,8
Branch_017,17,2,0,9,2,8.447949400,-85.977066000,40.628029000,4.739685937,9.280410194,0.037854099,0,-84.042053000,104.999540000,50.299454000,245.162625468,8
Branch_017,17,3,0,9,3,8.306425100,-80.784424000,39.387024000,5.340754018,14.621164212,0.059638634,0,-84.042053000,104.999540000,50.299454000,245.162625468,8
Branch_017,17,4,0,9,4,8.427463500,-75.420364000,38.457928000,5.445274039,20.066438250,0.081849500,0,-84.042053000,104.999540000,50.299454000,245.162625468,8
Branch_017,17,5,0,9,5,8.845435100,-70.229225000,37.995411000,5.228436320,25.294874570,0.103175900,0,-84.042053000,104.999540000,50.299454000,245.162625468,8
Branch_017,17,6,0,9,6,9.507898300,-65.372032000,38.028183000,4.902270427,30.197144997,0.123171894,0,-84.042053000,104.999540000,50.299454000,245.162625468,8
Branch_017,17,7,0,9,7,10.287036000,-60.827480000,38.464947000,4.631497731,34.828642727,0.142063427,0,-84.042053000,104.999540000,50.299454000,245.162625468,8
Branch_017,17,8,0,9,8,11.014260000,-56.442604000,39.132923000,4.494683995,39.323326723,0.160396907,0,-84.042053000,104.999540000,50.299454000,245.162625468,8
Branch_017,17,9,0,9,9,11.527933000,-52.014019000,39.835442000,4.513286829,43.836613551,0.178806266,0,-84.042053000,104.999540000,50.299454000,245.162625468,8
Branch_017,17,10,0,9,10,11.720328000,-47.372635000,40.409962000,4.680762171,48.517375722,0.197898744,0,-84.042053000,104.999540000,50.299454000,245.162625468,8
Branch_017,17,11,0,9,11,11.570354000,-42.445747000,40.769272000,4.942248602,53.459624324,0.218057806,0,-84.042053000,104.999540000,50.299454000,245.162625468,8
Branch_017,17,12,0,9,12,11.152950000,-37.279388000,40.914940000,5.185239684,58.644864008,0.239208011,0,-84.042053000,104.999540000,50.299454000,245.162625468,8
Branch_017,17,13,0,9,13,10.623031000,-32.017574000,40.921852000,5.288435354,63.933299362,0.260779143,0,-84.042053000,104.999540000,50.299454000,245.162625468,8
Branch_017,17,14,0,9,14,10.179241000,-26.849152000,40.901917000,5.187478476,69.120777838,0.281938479,0,-84.042053000,104.999540000,50.299454000,245.162625468,8
Branch_017,17,15,0,9,15,10.018347000,-21.942720000,40.961330000,4.909428862,74.030206700,0.301963672,0,-84.042053000,104.999540000,50.299454000,245.162625468,8
Branch_017,17,16,0,9,16,10.293105000,-17.392542000,41.166740000,4.563091612,78.593298312,0.320576181,0,-84.042053000,104.999540000,50.299454000,245.162625468,8
Branch_017,17,17,0,9,17,11.084682000,-13.193231000,41.531292000,4.288788312,82.882086624,0.338069828,0,-84.042053000,104.999540000,50.299454000,245.162625468,8
Branch_017,17,18,0,9,18,12.395549000,-9.250117300,42.023792000,4.184384566,87.066471190,0.355137619,0,-84.042053000,104.999540000,50.299454000,245.162625468,8
Branch_017,17,19,0,9,19,13.428562000,-7.010438900,42.358051000,2.488976551,89.555447741,0.365289969,0,-84.042053000,104.999540000,50.299454000,245.162625468,8
Branch_017,17,20,1,10,1,8.513610800,-3.880808800,41.469315000,5.894165042,95.449612783,0.389331827,0,-84.042053000,104.999540000,50.299454000,245.162625468,8
Branch_017,17,21,1,10,2,5.700329800,-1.497111100,40.852108000,3.738650718,99.188263500,0.404581503,0,-84.042053000,104.999540000,50.299454000,245.162625468,8
Branch_017,17,22,1,10,3,3.228861600,1.258957700,40.246117000,3.751172535,102.939436035,0.419882255,0,-84.042053000,104.999540000,50.299454000,245.162625468,8
Branch_017,17,23,1,10,4,0.224044770,4.499023400,39.624977000,4.462372107,107.401808142,0.438083937,0,-84.042053000,104.999540000,50.299454000,245.162625468,8
Branch_017,17,24,1,10,5,-3.124296900,7.948573600,39.092415000,4.836776903,112.238585045,0.457812788,0,-84.042053000,104.999540000,50.299454000,245.162625468,8
Branch_017,17,25,1,10,6,-6.637706300,11.364470000,38.724075000,4.914068394,117.152653439,0.477856905,0,-84.042053000,104.999540000,50.299454000,245.162625468,8
Branch_017,17,26,1,10,7,-10.168994000,14.571689000,38.552483000,4.773435906,121.926089345,0.497327393,0,-84.042053000,104.999540000,50.299454000,245.162625468,8
Branch_017,17,27,1,10,8,-13.613175000,17.485661000,38.562916000,4.511510216,126.437599561,0.515729505,0,-84.042053000,104.999540000,50.299454000,245.162625468,8
Branch_017,17,28,1,10,9,-16.908464000,20.116638000,38.700928000,4.219006622,130.656606183,0.532938518,0,-84.042053000,104.999540000,50.299454000,245.162625468,8
Branch_017,17,29,1,10,10,-20.028803000,22.556101000,38.889393000,3.965225625,134.621831808,0.549112376,0,-84.042053000,104.999540000,50.299454000,245.162625468,8
Branch_017,17,30,1,10,11,-22.971312000,24.948771000,39.050686000,3.795951050,138.417782859,0.564595776,0,-84.042053000,104.999540000,50.299454000,245.162625468,8
Branch_017,17,31,1,10,12,-25.743008000,27.456394000,39.128395000,3.738517155,142.156300013,0.579844908,0,-84.042053000,104.999540000,50.299454000,245.162625468,8
Branch_017,17,32,1,10,13,-28.350756000,30.220842000,39.103210000,3.800415327,145.956715341,0.595346518,0,-84.042053000,104.999540000,50.299454000,245.162625468,8
Branch_017,17,33,1,10,14,-31.678991000,34.678879000,38.953018000,5.565411013,151.522126354,0.618047413,0,-84.042053000,104.999540000,50.299454000,245.162625468,8
Branch_017,17,34,2,11,1,-33.081928000,36.818501000,38.879490000,2.559613427,154.081739781,0.628487884,0,-84.042053000,104.999540000,50.299454000,245.162625468,8
Branch_017,17,35,2,11,2,-34.981613000,40.218311000,38.837078000,3.894779829,157.976519609,0.644374400,0,-84.042053000,104.999540000,50.299454000,245.162625468,8
Branch_017,17,36,3,12,1,-37.197227000,44.650524000,38.950371000,4.956439526,162.932959136,0.664591346,0,-84.042053000,104.999540000,50.299454000,245.162625468,8
Branch_017,17,37,3,12,2,-39.077698000,48.744965000,39.314186000,4.520285349,167.453244485,0.683029251,0,-84.042053000,104.999540000,50.299454000,245.162625468,8
Branch_017,17,38,3,12,3,-40.901249000,52.758144000,39.973698000,4.457117904,171.910362389,0.701209501,0,-84.042053000,104.999540000,50.299454000,245.162625468,8
Branch_017,17,39,3,12,4,-42.725853000,56.560471000,40.943188000,4.327445116,176.237807505,0.718860826,0,-84.042053000,104.999540000,50.299454000,245.162625468,8
Branch_017,17,40,3,12,5,-44.602505000,60.068466000,42.203861000,4.173385683,180.411193189,0.735883754,0,-84.042053000,104.999540000,50.299454000,245.162625468,8
Branch_017,17,41,3,12,6,-46.556820000,63.258331000,43.715164000,4.034677508,184.445870697,0.752340902,0,-84.042053000,104.999540000,50.299454000,245.162625468,8
Branch_017,17,42,3,12,7,-48.668339000,66.297379000,45.521130000,4.117746766,188.563617463,0.769136883,0,-84.042053000,104.999540000,50.299454000,245.162625468,8
Branch_017,17,43,4,13,1,-50.579292000,68.882439000,47.314671000,3.681177242,192.244794705,0.784152129,0,-84.042053000,104.999540000,50.299454000,245.162625468,8
Branch_017,17,44,5,14,1,-52.457863000,71.521378000,49.351467000,3.826429928,196.071224633,0.799759850,0,-84.042053000,104.999540000,50.299454000,245.162625468,8
Branch_017,17,45,5,14,2,-54.050007000,74.205940000,51.548962000,3.817169098,199.888393731,0.815329797,0,-84.042053000,104.999540000,50.299454000,245.162625468,8
Branch_017,17,46,5,14,3,-55.129581000,76.894508000,53.810669000,3.675485882,203.563879613,0.830321829,0,-84.042053000,104.999540000,50.299454000,245.162625468,8
Branch_017,17,47,6,54,1,-57.495739000,77.351532000,53.044418000,2.528777415,206.092657027,0.840636523,0,-84.042053000,104.999540000,50.299454000,245.162625468,8
Branch_017,17,48,6,54,2,-59.177181000,78.113068000,52.573238000,1.905044585,207.997701612,0.848407057,0,-84.042053000,104.999540000,50.299454000,245.162625468,8
Branch_017,17,49,6,54,3,-60.982471000,79.364807000,52.140808000,2.238954714,210.236656327,0.857539586,0,-84.042053000,104.999540000,50.299454000,245.162625468,8
Branch_017,17,50,6,54,4,-63.053463000,80.839287000,51.653137000,2.588613942,212.825270268,0.868098348,0,-84.042053000,104.999540000,50.299454000,245.162625468,8
Branch_017,17,51,6,54,5,-65.185493000,82.422180000,51.166866000,2.699548417,215.524818685,0.879109604,0,-84.042053000,104.999540000,50.299454000,245.162625468,8
Branch_017,17,52,6,54,6,-67.206017000,84.022018000,50.732822000,2.613502067,218.138320753,0.889769884,0,-84.042053000,104.999540000,50.299454000,245.162625468,8
Branch_017,17,53,6,54,7,-69.043777000,85.626915000,50.382320000,2.464935669,220.603256421,0.899824172,0,-84.042053000,104.999540000,50.299454000,245.162625468,8
Branch_017,17,54,7,55,1,-70.537239000,87.107025000,50.154034000,2.115010368,222.718266789,0.908451141,1,-84.042053000,104.999540000,50.299454000,245.162625468,8
Branch_017,17,55,7,55,2,-71.843758000,88.617569000,50.030022000,2.001028248,224.719295037,0.916613185,1,-84.042053000,104.999540000,50.299454000,245.162625468,8
Branch_017,17,56,7,55,3,-73.010201000,90.176239000,50.001022000,1.947018860,226.666313897,0.924554929,1,-84.042053000,104.999540000,50.299454000,245.162625468,8
Branch_017,17,57,7,55,4,-74.149612000,91.845497000,50.040165000,2.021438070,228.687751967,0.932800224,1,-84.042053000,104.999540000,50.299454000,245.162625468,8
Branch_017,17,58,7,55,5,-75.366386000,93.668289000,50.115921000,2.192908711,230.880660678,0.941744935,1,-84.042053000,104.999540000,50.299454000,245.162625468,8
Branch_017,17,59,7,55,6,-76.725525000,95.647949000,50.198845000,2.402746122,233.283406800,0.951545556,1,-84.042053000,104.999540000,50.299454000,245.162625468,8
Branch_017,17,60,7,55,7,-78.231766000,97.736282000,50.266930000,2.575758575,235.859165375,0.962051883,1,-84.042053000,104.999540000,50.299454000,245.162625468,8
Branch_017,17,61,7,55,8,-79.823051000,99.832809000,50.308628000,2.632366262,238.491531637,0.972789108,1,-84.042053000,104.999540000,50.299454000,245.162625468,8
Branch_017,17,62,7,55,9,-81.379761000,101.795780000,50.323090000,2.505356326,240.996887963,0.983008269,1,-84.042053000,104.999540000,50.299454000,245.162625468,8
Branch_017,17,63,7,55,10,-82.747574000,103.463060000,50.317795000,2.156562783,243.153450746,0.991804727,1,-84.042053000,104.999540000,50.299454000,245.162625468,8
Branch_017,17,64,7,55,11,-84.042053000,104.999540000,50.299454000,2.009174722,245.162625468,1.000000000,1,-84.042053000,104.999540000,50.299454000,245.162625468,8
Branch_018,18,0,0,9,0,9.155164700,-94.828995000,43.316994000,0.000000000,0.000000000,0.000000000,0,29.398561000,97.384499000,68.795631000,219.429676305,6
Branch_018,18,1,0,9,1,8.745691300,-90.524384000,41.931053000,4.540724257,4.540724257,0.020693301,0,29.398561000,97.384499000,68.795631000,219.429676305,6
Branch_018,18,2,0,9,2,8.447949400,-85.977066000,40.628029000,4.739685937,9.280410194,0.042293323,0,29.398561000,97.384499000,68.795631000,219.429676305,6
Branch_018,18,3,0,9,3,8.306425100,-80.784424000,39.387024000,5.340754018,14.621164212,0.066632574,0,29.398561000,97.384499000,68.795631000,219.429676305,6
Branch_018,18,4,0,9,4,8.427463500,-75.420364000,38.457928000,5.445274039,20.066438250,0.091448151,0,29.398561000,97.384499000,68.795631000,219.429676305,6
Branch_018,18,5,0,9,5,8.845435100,-70.229225000,37.995411000,5.228436320,25.294874570,0.115275541,0,29.398561000,97.384499000,68.795631000,219.429676305,6
Branch_018,18,6,0,9,6,9.507898300,-65.372032000,38.028183000,4.902270427,30.197144997,0.137616504,0,29.398561000,97.384499000,68.795631000,219.429676305,6
Branch_018,18,7,0,9,7,10.287036000,-60.827480000,38.464947000,4.631497731,34.828642727,0.158723484,0,29.398561000,97.384499000,68.795631000,219.429676305,6
Branch_018,18,8,0,9,8,11.014260000,-56.442604000,39.132923000,4.494683995,39.323326723,0.179206967,0,29.398561000,97.384499000,68.795631000,219.429676305,6
Branch_018,18,9,0,9,9,11.527933000,-52.014019000,39.835442000,4.513286829,43.836613551,0.199775228,0,29.398561000,97.384499000,68.795631000,219.429676305,6
Branch_018,18,10,0,9,10,11.720328000,-47.372635000,40.409962000,4.680762171,48.517375722,0.221106719,0,29.398561000,97.384499000,68.795631000,219.429676305,6
Branch_018,18,11,0,9,11,11.570354000,-42.445747000,40.769272000,4.942248602,53.459624324,0.243629874,0,29.398561000,97.384499000,68.795631000,219.429676305,6
Branch_018,18,12,0,9,12,11.152950000,-37.279388000,40.914940000,5.185239684,58.644864008,0.267260404,0,29.398561000,97.384499000,68.795631000,219.429676305,6
Branch_018,18,13,0,9,13,10.623031000,-32.017574000,40.921852000,5.288435354,63.933299362,0.291361225,0,29.398561000,97.384499000,68.795631000,219.429676305,6
Branch_018,18,14,0,9,14,10.179241000,-26.849152000,40.901917000,5.187478476,69.120777838,0.315001959,0,29.398561000,97.384499000,68.795631000,219.429676305,6
Branch_018,18,15,0,9,15,10.018347000,-21.942720000,40.961330000,4.909428862,74.030206700,0.337375545,0,29.398561000,97.384499000,68.795631000,219.429676305,6
Branch_018,18,16,0,9,16,10.293105000,-17.392542000,41.166740000,4.563091612,78.593298312,0.358170780,0,29.398561000,97.384499000,68.795631000,219.429676305,6
Branch_018,18,17,0,9,17,11.084682000,-13.193231000,41.531292000,4.288788312,82.882086624,0.377715941,0,29.398561000,97.384499000,68.795631000,219.429676305,6
Branch_018,18,18,0,9,18,12.395549000,-9.250117300,42.023792000,4.184384566,87.066471190,0.396785306,0,29.398561000,97.384499000,68.795631000,219.429676305,6
Branch_018,18,19,0,9,19,13.428562000,-7.010438900,42.358051000,2.488976551,89.555447741,0.408128241,0,29.398561000,97.384499000,68.795631000,219.429676305,6
Branch_018,18,20,1,8,1,16.282339000,-1.562926900,43.212620000,6.208841948,95.764289689,0.436423602,0,29.398561000,97.384499000,68.795631000,219.429676305,6
Branch_018,18,21,1,8,2,18.643381000,2.404393400,43.881081000,4.664867608,100.429157296,0.457682657,0,29.398561000,97.384499000,68.795631000,219.429676305,6
Branch_018,18,22,1,8,3,21.147991000,6.488432400,44.652599000,4.852595783,105.281753079,0.479797240,0,29.398561000,97.384499000,68.795631000,219.429676305,6
Branch_018,18,23,1,8,4,24.223534000,11.405412000,45.843182000,5.920569315,111.202322394,0.506778865,0,29.398561000,97.384499000,68.795631000,219.429676305,6
Branch_018,18,24,2,7,1,26.324202000,14.701306000,46.829159000,4.030865161,115.233187555,0.525148601,0,29.398561000,97.384499000,68.795631000,219.429676305,6
Branch_018,18,25,2,7,2,28.908293000,18.630505000,48.351257000,4.942966053,120.176153608,0.547675026,0,29.398561000,97.384499000,68.795631000,219.429676305,6
Branch_018,18,26,2,7,3,31.432501000,22.371405000,50.143032000,4.855555219,125.031708827,0.569803096,0,29.398561000,97.384499000,68.795631000,219.429676305,6
Branch_018,18,27,2,7,4,33.837540000,25.965391000,52.093472000,4.743960809,129.775669636,0.591422600,0,29.398561000,97.384499000,68.795631000,219.429676305,6
Branch_018,18,28,2,7,5,36.051430000,29.527443000,54.029991000,4.619483653,134.395153289,0.612474828,0,29.398561000,97.384499000,68.795631000,219.429676305,6
Branch_018,18,29,2,7,6,38.004852000,33.210518000,55.757656000,4.512840050,138.907993339,0.633041053,0,29.398561000,97.384499000,68.795631000,219.429676305,6
Branch_018,18,30,2,7,7,39.655231000,37.152805000,57.108654000,4.482250911,143.390244250,0.653467875,0,29.398561000,97.384499000,68.795631000,219.429676305,6
Branch_018,18,31,2,7,8,40.956230000,41.252876000,57.950741000,4.383182761,147.773427011,0.673443217,0,29.398561000,97.384499000,68.795631000,219.429676305,6
Branch_018,18,32,3,6,1,42.188423000,46.187943000,58.389992000,5.105499714,152.878926725,0.696710351,0,29.398561000,97.384499000,68.795631000,219.429676305,6
Branch_018,18,33,4,5,1,43.203922000,50.765629000,58.406876000,4.689001216,157.567927941,0.718079389,0,29.398561000,97.384499000,68.795631000,219.429676305,6
Branch_018,18,34,4,5,2,44.359421000,55.519661000,58.187195000,4.897372555,162.465300495,0.740398032,0,29.398561000,97.384499000,68.795631000,219.429676305,6
Branch_018,18,35,4,5,3,45.795403000,60.070236000,57.887691000,4.781158832,167.246459328,0.762187058,0,29.398561000,97.384499000,68.795631000,219.429676305,6
Branch_018,18,36,4,5,4,47.645630000,64.272171000,57.623878000,4.598825393,171.845284721,0.783145141,0,29.398561000,97.384499000,68.795631000,219.429676305,6
Branch_018,18,37,4,5,5,51.342567000,69.871460000,57.347439000,6.715340573,178.560625293,0.813748752,0,29.398561000,97.384499000,68.795631000,219.429676305,6
Branch_018,18,38,5,56,1,47.837482000,72.005386000,59.610035000,4.686000607,183.246625901,0.835104116,1,29.398561000,97.384499000,68.795631000,219.429676305,6
Branch_018,18,39,5,56,2,46.372520000,72.540100000,60.552574000,1.822199904,185.068825804,0.843408371,1,29.398561000,97.384499000,68.795631000,219.429676305,6
Branch_018,18,40,5,56,3,44.409485000,73.271866000,61.756916000,2.416490750,187.485316554,0.854420969,1,29.398561000,97.384499000,68.795631000,219.429676305,6
Branch_018,18,41,5,56,4,42.178349000,74.144928000,63.027042000,2.711719964,190.197036518,0.866779005,1,29.398561000,97.384499000,68.795631000,219.429676305,6
Branch_018,18,42,5,56,5,39.912994000,75.122681000,64.178673000,2.722882327,192.919918845,0.879187912,1,29.398561000,97.384499000,68.795631000,219.429676305,6
Branch_018,18,43,5,56,6,37.811085000,76.203194000,65.079201000,2.529126424,195.449045268,0.890713820,1,29.398561000,97.384499000,68.795631000,219.429676305,6
Branch_018,18,44,5,56,7,36.005035000,77.423523000,65.673172000,2.259163788,197.708209056,0.901009437,1,29.398561000,97.384499000,68.795631000,219.429676305,6
Branch_018,18,45,5,56,8,34.549713000,78.850204000,65.987343000,2.062058248,199.770267304,0.910406790,1,29.398561000,97.384499000,68.795631000,219.429676305,6
Branch_018,18,46,5,56,9,33.428261000,80.557068000,66.114815000,2.046286494,201.816553797,0.919732268,1,29.398561000,97.384499000,68.795631000,219.429676305,6
Branch_018,18,47,5,56,10,32.572979000,82.595665000,66.183044000,2.211795701,204.028349498,0.929812015,1,29.398561000,97.384499000,68.795631000,219.429676305,6
Branch_018,18,48,5,56,11,31.894648000,84.966042000,66.314781000,2.469043277,206.497392776,0.941064109,1,29.398561000,97.384499000,68.795631000,219.429676305,6
Branch_018,18,49,5,56,12,31.312105000,87.595985000,66.592552000,2.707972167,209.205364943,0.953405066,1,29.398561000,97.384499000,68.795631000,219.429676305,6
Branch_018,18,50,5,56,13,30.774509000,90.335701000,67.036003000,2.826959853,212.032324796,0.966288281,1,29.398561000,97.384499000,68.795631000,219.429676305,6
Branch_018,18,51,5,56,14,30.271135000,92.970718000,67.597954000,2.740891990,214.773216786,0.978779263,1,29.398561000,97.384499000,68.795631000,219.429676305,6
Branch_018,18,52,5,56,15,29.827467000,95.251930000,68.179535000,2.395622245,217.168839031,0.989696757,1,29.398561000,97.384499000,68.795631000,219.429676305,6
Branch_018,18,53,5,56,16,29.398561000,97.384499000,68.795631000,2.260837274,219.429676305,1.000000000,1,29.398561000,97.384499000,68.795631000,219.429676305,6
Branch_019,19,0,0,9,0,9.155164700,-94.828995000,43.316994000,0.000000000,0.000000000,0.000000000,0,84.980583000,4.119596000,19.067266000,189.483520778,5
Branch_019,19,1,0,9,1,8.745691300,-90.524384000,41.931053000,4.540724257,4.540724257,0.023963690,0,84.980583000,4.119596000,19.067266000,189.483520778,5
Branch_019,19,2,0,9,2,8.447949400,-85.977066000,40.628029000,4.739685937,9.280410194,0.048977400,0,84.980583000,4.119596000,19.067266000,189.483520778,5
Branch_019,19,3,0,9,3,8.306425100,-80.784424000,39.387024000,5.340754018,14.621164212,0.077163250,0,84.980583000,4.119596000,19.067266000,189.483520778,5
Branch_019,19,4,0,9,4,8.427463500,-75.420364000,38.457928000,5.445274039,20.066438250,0.105900704,0,84.980583000,4.119596000,19.067266000,189.483520778,5
Branch_019,19,5,0,9,5,8.845435100,-70.229225000,37.995411000,5.228436320,25.294874570,0.133493797,0,84.980583000,4.119596000,19.067266000,189.483520778,5
Branch_019,19,6,0,9,6,9.507898300,-65.372032000,38.028183000,4.902270427,30.197144997,0.159365547,0,84.980583000,4.119596000,19.067266000,189.483520778,5
Branch_019,19,7,0,9,7,10.287036000,-60.827480000,38.464947000,4.631497731,34.828642727,0.183808294,0,84.980583000,4.119596000,19.067266000,189.483520778,5
Branch_019,19,8,0,9,8,11.014260000,-56.442604000,39.132923000,4.494683995,39.323326723,0.207529006,0,84.980583000,4.119596000,19.067266000,189.483520778,5
Branch_019,19,9,0,9,9,11.527933000,-52.014019000,39.835442000,4.513286829,43.836613551,0.231347894,0,84.980583000,4.119596000,19.067266000,189.483520778,5
Branch_019,19,10,0,9,10,11.720328000,-47.372635000,40.409962000,4.680762171,48.517375722,0.256050634,0,84.980583000,4.119596000,19.067266000,189.483520778,5
Branch_019,19,11,0,9,11,11.570354000,-42.445747000,40.769272000,4.942248602,53.459624324,0.282133370,0,84.980583000,4.119596000,19.067266000,189.483520778,5
Branch_019,19,12,0,9,12,11.152950000,-37.279388000,40.914940000,5.185239684,58.644864008,0.309498492,0,84.980583000,4.119596000,19.067266000,189.483520778,5
Branch_019,19,13,0,9,13,10.623031000,-32.017574000,40.921852000,5.288435354,63.933299362,0.337408230,0,84.980583000,4.119596000,19.067266000,189.483520778,5
Branch_019,19,14,0,9,14,10.179241000,-26.849152000,40.901917000,5.187478476,69.120777838,0.364785167,0,84.980583000,4.119596000,19.067266000,189.483520778,5
Branch_019,19,15,0,9,15,10.018347000,-21.942720000,40.961330000,4.909428862,74.030206700,0.390694697,0,84.980583000,4.119596000,19.067266000,189.483520778,5
Branch_019,19,16,0,9,16,10.293105000,-17.392542000,41.166740000,4.563091612,78.593298312,0.414776430,0,84.980583000,4.119596000,19.067266000,189.483520778,5
Branch_019,19,17,0,9,17,11.084682000,-13.193231000,41.531292000,4.288788312,82.882086624,0.437410527,0,84.980583000,4.119596000,19.067266000,189.483520778,5
Branch_019,19,18,0,9,18,12.395549000,-9.250117300,42.023792000,4.184384566,87.066471190,0.459493632,0,84.980583000,4.119596000,19.067266000,189.483520778,5
Branch_019,19,19,0,9,19,13.428562000,-7.010438900,42.358051000,2.488976551,89.555447741,0.472629215,0,84.980583000,4.119596000,19.067266000,189.483520778,5
Branch_019,19,20,1,8,1,16.282339000,-1.562926900,43.212620000,6.208841948,95.764289689,0.505396402,0,84.980583000,4.119596000,19.067266000,189.483520778,5
Branch_019,19,21,1,8,2,18.643381000,2.404393400,43.881081000,4.664867608,100.429157296,0.530015259,0,84.980583000,4.119596000,19.067266000,189.483520778,5
Branch_019,19,22,1,8,3,21.147991000,6.488432400,44.652599000,4.852595783,105.281753079,0.555624851,0,84.980583000,4.119596000,19.067266000,189.483520778,5
Branch_019,19,23,1,8,4,24.223534000,11.405412000,45.843182000,5.920569315,111.202322394,0.586870678,0,84.980583000,4.119596000,19.067266000,189.483520778,5
Branch_019,19,24,2,21,1,27.690271000,9.568561600,45.976391000,3.925561037,115.127883431,0.607587842,0,84.980583000,4.119596000,19.067266000,189.483520778,5
Branch_019,19,25,2,21,2,30.500639000,8.436563500,45.614300000,3.051343620,118.179227051,0.623691319,0,84.980583000,4.119596000,19.067266000,189.483520778,5
Branch_019,19,26,2,21,3,33.836395000,7.302638100,44.907448000,3.593423807,121.772650857,0.642655627,0,84.980583000,4.119596000,19.067266000,189.483520778,5
Branch_019,19,27,2,21,4,37.648449000,5.861568000,44.297165000,4.120786827,125.893437684,0.664403095,0,84.980583000,4.119596000,19.067266000,189.483520778,5
Branch_019,19,28,2,21,5,41.557293000,4.180810000,43.965683000,4.267773329,130.161211013,0.686926285,0,84.980583000,4.119596000,19.067266000,189.483520778,5
Branch_019,19,29,2,21,6,45.247955000,2.346591900,44.046879000,4.122127464,134.283338477,0.708680828,0,84.980583000,4.119596000,19.067266000,189.483520778,5
Branch_019,19,30,2,21,7,48.516773000,0.457833470,44.605518000,3.816366997,138.099705474,0.728821720,0,84.980583000,4.119596000,19.067266000,189.483520778,5
Branch_019,19,31,2,21,8,51.288979000,-1.384460900,45.637222000,3.484765099,141.584470573,0.747212581,0,84.980583000,4.119596000,19.067266000,189.483520778,5
Branch_019,19,32,2,21,9,53.190578000,-2.784993900,46.827793000,2.644812044,144.229282617,0.761170586,0,84.980583000,4.119596000,19.067266000,189.483520778,5
Branch_019,19,33,3,57,1,55.760658000,-1.788961300,44.960678000,3.329190678,147.558473295,0.778740403,0,84.980583000,4.119596000,19.067266000,189.483520778,5
Branch_019,19,34,3,57,2,56.946560000,-1.176290200,44.243145000,1.515448131,149.073921425,0.786738186,0,84.980583000,4.119596000,19.067266000,189.483520778,5
Branch_019,19,35,3,57,3,58.590473000,-0.435375060,43.390305000,1.994678235,151.068599660,0.797265108,0,84.980583000,4.119596000,19.067266000,189.483520778,5
Branch_019,19,36,3,57,4,60.546688000,0.282025810,42.573643000,2.237940561,153.306540222,0.809075848,0,84.980583000,4.119596000,19.067266000,189.483520778,5
Branch_019,19,37,3,57,5,62.648026000,0.853525040,41.900856000,2.279226866,155.585767088,0.821104476,0,84.980583000,4.119596000,19.067266000,189.483520778,5
Branch_019,19,38,3,57,6,64.727837000,1.217070500,41.376190000,2.175558206,157.761325294,0.832585993,0,84.980583000,4.119596000,19.067266000,189.483520778,5
Branch_019,19,39,3,57,7,66.643921000,1.379474200,40.900852000,1.980832924,159.742158218,0.843039846,0,84.980583000,4.119596000,19.067266000,189.483520778,5
Branch_019,19,40,3,57,8,68.300110000,1.401256900,40.313305000,1.757454969,161.499613187,0.852314821,0,84.980583000,4.119596000,19.067266000,189.483520778,5
Branch_019,19,41,3,57,9,69.660759000,1.365191000,39.453892000,1.609738226,163.109351412,0.860810221,0,84.980583000,4.119596000,19.067266000,189.483520778,5
Branch_019,19,42,3,57,10,70.753960000,1.341516000,38.228981000,1.641967079,164.751318492,0.869475709,0,84.980583000,4.119596000,19.067266000,189.483520778,5
Branch_019,19,43,3,57,11,71.890648000,1.379075900,36.152412000,2.367616769,167.118935261,0.881970815,0,84.980583000,4.119596000,19.067266000,189.483520778,5
Branch_019,19,44,4,58,1,72.498138000,1.420892100,34.832226000,1.453851357,168.572786618,0.889643521,1,84.980583000,4.119596000,19.067266000,189.483520778,5
Branch_019,19,45,4,58,2,73.380981000,1.476056300,32.954235000,2.075886569,170.648673188,0.900599020,1,84.980583000,4.119596000,19.067266000,189.483520778,5
Branch_019,19,46,4,58,3,74.402458000,1.489159200,31.193289000,2.035808872,172.684482059,0.911343009,1,84.980583000,4.119596000,19.067266000,189.483520778,5
Branch_019,19,47,4,58,4,75.607689000,1.446616400,29.662270000,1.948951213,174.633433273,0.921628607,1,84.980583000,4.119596000,19.067266000,189.483520778,5
Branch_019,19,48,4,58,5,76.985550000,1.376537300,28.372541000,1.888600781,176.522034053,0.931595705,1,84.980583000,4.119596000,19.067266000,189.483520778,5
Branch_019,19,49,4,58,6,78.474190000,1.344936600,27.237608000,1.872196723,178.394230776,0.941476230,1,84.980583000,4.119596000,19.067266000,189.483520778,5
Branch_019,19,50,4,58,7,79.978752000,1.432950700,26.116590000,1.878332944,180.272563720,0.951389139,1,84.980583000,4.119596000,19.067266000,189.483520778,5
Branch_019,19,51,4,58,8,81.395638000,1.703390100,24.881056000,1.899275565,182.171839285,0.961412573,1,84.980583000,4.119596000,19.067266000,189.483520778,5
Branch_019,19,52,4,58,9,82.635635000,2.169728800,23.479424000,1.928635945,184.100475230,0.971590957,1,84.980583000,4.119596000,19.067266000,189.483520778,5
Branch_019,19,53,4,58,10,83.639389000,2.780329500,21.973646000,1.909901226,186.010376456,0.981670468,1,84.980583000,4.119596000,19.067266000,189.483520778,5
Branch_019,19,54,4,58,11,84.381447000,3.425375200,20.533056000,1.744142649,187.754519104,0.990875187,1,84.980583000,4.119596000,19.067266000,189.483520778,5
Branch_019,19,55,4,58,12,84.980583000,4.119596000,19.067266000,1.729001674,189.483520778,1.000000000,1,84.980583000,4.119596000,19.067266000,189.483520778,5
Branch_020,20,0,0,9,0,9.155164700,-94.828995000,43.316994000,0.000000000,0.000000000,0.000000000,0,87.802010000,41.437954000,60.848392000,212.242296625,6
Branch_020,20,1,0,9,1,8.745691300,-90.524384000,41.931053000,4.540724257,4.540724257,0.021394059,0,87.802010000,41.437954000,60.848392000,212.242296625,6
Branch_020,20,2,0,9,2,8.447949400,-85.977066000,40.628029000,4.739685937,9.280410194,0.043725545,0,87.802010000,41.437954000,60.848392000,212.242296625,6
Branch_020,20,3,0,9,3,8.306425100,-80.784424000,39.387024000,5.340754018,14.621164212,0.068889022,0,87.802010000,41.437954000,60.848392000,212.242296625,6
Branch_020,20,4,0,9,4,8.427463500,-75.420364000,38.457928000,5.445274039,20.066438250,0.094544954,0,87.802010000,41.437954000,60.848392000,212.242296625,6
Branch_020,20,5,0,9,5,8.845435100,-70.229225000,37.995411000,5.228436320,25.294874570,0.119179235,0,87.802010000,41.437954000,60.848392000,212.242296625,6
Branch_020,20,6,0,9,6,9.507898300,-65.372032000,38.028183000,4.902270427,30.197144997,0.142276754,0,87.802010000,41.437954000,60.848392000,212.242296625,6
Branch_020,20,7,0,9,7,10.287036000,-60.827480000,38.464947000,4.631497731,34.828642727,0.164098501,0,87.802010000,41.437954000,60.848392000,212.242296625,6
Branch_020,20,8,0,9,8,11.014260000,-56.442604000,39.132923000,4.494683995,39.323326723,0.185275637,0,87.802010000,41.437954000,60.848392000,212.242296625,6
Branch_020,20,9,0,9,9,11.527933000,-52.014019000,39.835442000,4.513286829,43.836613551,0.206540422,0,87.802010000,41.437954000,60.848392000,212.242296625,6
Branch_020,20,10,0,9,10,11.720328000,-47.372635000,40.409962000,4.680762171,48.517375722,0.228594283,0,87.802010000,41.437954000,60.848392000,212.242296625,6
Branch_020,20,11,0,9,11,11.570354000,-42.445747000,40.769272000,4.942248602,53.459624324,0.251880163,0,87.802010000,41.437954000,60.848392000,212.242296625,6
Branch_020,20,12,0,9,12,11.152950000,-37.279388000,40.914940000,5.185239684,58.644864008,0.276310919,0,87.802010000,41.437954000,60.848392000,212.242296625,6
Branch_020,20,13,0,9,13,10.623031000,-32.017574000,40.921852000,5.288435354,63.933299362,0.301227891,0,87.802010000,41.437954000,60.848392000,212.242296625,6
Branch_020,20,14,0,9,14,10.179241000,-26.849152000,40.901917000,5.187478476,69.120777838,0.325669195,0,87.802010000,41.437954000,60.848392000,212.242296625,6
Branch_020,20,15,0,9,15,10.018347000,-21.942720000,40.961330000,4.909428862,74.030206700,0.348800441,0,87.802010000,41.437954000,60.848392000,212.242296625,6
Branch_020,20,16,0,9,16,10.293105000,-17.392542000,41.166740000,4.563091612,78.593298312,0.370299886,0,87.802010000,41.437954000,60.848392000,212.242296625,6
Branch_020,20,17,0,9,17,11.084682000,-13.193231000,41.531292000,4.288788312,82.882086624,0.390506925,0,87.802010000,41.437954000,60.848392000,212.242296625,6
Branch_020,20,18,0,9,18,12.395549000,-9.250117300,42.023792000,4.184384566,87.066471190,0.410222056,0,87.802010000,41.437954000,60.848392000,212.242296625,6
Branch_020,20,19,0,9,19,13.428562000,-7.010438900,42.358051000,2.488976551,89.555447741,0.421949108,0,87.802010000,41.437954000,60.848392000,212.242296625,6
Branch_020,20,20,1,8,1,16.282339000,-1.562926900,43.212620000,6.208841948,95.764289689,0.451202664,0,87.802010000,41.437954000,60.848392000,212.242296625,6
Branch_020,20,21,1,8,2,18.643381000,2.404393400,43.881081000,4.664867608,100.429157296,0.473181637,0,87.802010000,41.437954000,60.848392000,212.242296625,6
Branch_020,20,22,1,8,3,21.147991000,6.488432400,44.652599000,4.852595783,105.281753079,0.496045109,0,87.802010000,41.437954000,60.848392000,212.242296625,6
Branch_020,20,23,1,8,4,24.223534000,11.405412000,45.843182000,5.920569315,111.202322394,0.523940441,0,87.802010000,41.437954000,60.848392000,212.242296625,6
Branch_020,20,24,2,7,1,26.324202000,14.701306000,46.829159000,4.030865161,115.233187555,0.542932250,0,87.802010000,41.437954000,60.848392000,212.242296625,6
Branch_020,20,25,2,7,2,28.908293000,18.630505000,48.351257000,4.942966053,120.176153608,0.566221510,0,87.802010000,41.437954000,60.848392000,212.242296625,6
Branch_020,20,26,2,7,3,31.432501000,22.371405000,50.143032000,4.855555219,125.031708827,0.589098925,0,87.802010000,41.437954000,60.848392000,212.242296625,6
Branch_020,20,27,2,7,4,33.837540000,25.965391000,52.093472000,4.743960809,129.775669636,0.611450553,0,87.802010000,41.437954000,60.848392000,212.242296625,6
Branch_020,20,28,2,7,5,36.051430000,29.527443000,54.029991000,4.619483653,134.395153289,0.633215695,0,87.802010000,41.437954000,60.848392000,212.242296625,6
Branch_020,20,29,2,7,6,38.004852000,33.210518000,55.757656000,4.512840050,138.907993339,0.654478375,0,87.802010000,41.437954000,60.848392000,212.242296625,6
Branch_020,20,30,2,7,7,39.655231000,37.152805000,57.108654000,4.482250911,143.390244250,0.675596931,0,87.802010000,41.437954000,60.848392000,212.242296625,6
Branch_020,20,31,2,7,8,40.956230000,41.252876000,57.950741000,4.383182761,147.773427011,0.696248718,0,87.802010000,41.437954000,60.848392000,212.242296625,6
Branch_020,20,32,3,30,1,43.295071000,40.246666000,60.737228000,3.774539123,151.547966134,0.714032823,0,87.802010000,41.437954000,60.848392000,212.242296625,6
Branch_020,20,33,3,30,2,44.702137000,39.873608000,62.468090000,2.261612315,153.809578449,0.724688627,0,87.802010000,41.437954000,60.848392000,212.242296625,6
Branch_020,20,34,3,30,3,45.984074000,39.836739000,64.156197000,2.120006377,155.929584826,0.734677241,0,87.802010000,41.437954000,60.848392000,212.242296625,6
Branch_020,20,35,3,30,4,47.473175000,39.863491000,66.208878000,2.536067181,158.465652007,0.746626165,0,87.802010000,41.437954000,60.848392000,212.242296625,6
Branch_020,20,36,3,30,5,49.024231000,39.993126000,68.493973000,2.764821713,161.230473720,0.759652889,0,87.802010000,41.437954000,60.848392000,212.242296625,6
Branch_020,20,37,3,30,6,50.501301000,40.248829000,70.885628000,2.822611105,164.053084825,0.772951892,0,87.802010000,41.437954000,60.848392000,212.242296625,6
Branch_020,20,38,3,30,7,51.796120000,40.628902000,73.280006000,2.748464614,166.801549439,0.785901548,0,87.802010000,41.437954000,60.848392000,212.242296625,6
Branch_020,20,39,3,30,8,52.841160000,41.102505000,75.606209000,2.593767299,169.395316738,0.798122332,0,87.802010000,41.437954000,60.848392000,212.242296625,6
Branch_020,20,40,3,30,9,53.802250000,41.776031000,78.586617000,3.203148936,172.598465674,0.813214276,0,87.802010000,41.437954000,60.848392000,212.242296625,6
Branch_020,20,41,4,59,1,55.764053000,41.372856000,77.941414000,2.104164443,174.702630117,0.823128250,0,87.802010000,41.437954000,60.848392000,212.242296625,6
Branch_020,20,42,4,59,2,57.241482000,41.244682000,77.272644000,1.626800030,176.329430147,0.830793074,0,87.802010000,41.437954000,60.848392000,212.242296625,6
Branch_020,20,43,4,59,3,58.950939000,41.234322000,76.382309000,1.927445713,178.256875860,0.839874420,0,87.802010000,41.437954000,60.848392000,212.242296625,6
Branch_020,20,44,4,59,4,60.989071000,41.182468000,75.408333000,2.259491123,180.516366983,0.850520230,0,87.802010000,41.437954000,60.848392000,212.242296625,6
Branch_020,20,45,4,59,5,63.200649000,41.070610000,74.474922000,2.403090834,182.919457817,0.861842624,0,87.802010000,41.437954000,60.848392000,212.242296625,6
Branch_020,20,46,4,59,6,65.444389000,40.889477000,73.678650000,2.387724324,185.307182141,0.873092617,0,87.802010000,41.437954000,60.848392000,212.242296625,6
Branch_020,20,47,4,59,7,67.612556000,40.643299000,73.068535000,2.265787294,187.572969435,0.883768092,0,87.802010000,41.437954000,60.848392000,212.242296625,6
Branch_020,20,48,4,59,8,69.889145000,40.311478000,72.594261000,2.349020749,189.921990184,0.894835729,0,87.802010000,41.437954000,60.848392000,212.242296625,6
Branch_020,20,49,5,60,1,71.522552000,40.046463000,72.317085000,1.677819392,191.599809576,0.902740936,1,87.802010000,41.437954000,60.848392000,212.242296625,6
Branch_020,20,50,5,60,2,73.278183000,39.769939000,72.006508000,1.804207251,193.404016827,0.911241632,1,87.802010000,41.437954000,60.848392000,212.242296625,6
Branch_020,20,51,5,60,3,74.963631000,39.564877000,71.581108000,1.750357262,195.154374089,0.919488609,1,87.802010000,41.437954000,60.848392000,212.242296625,6
Branch_020,20,52,5,60,4,76.638702000,39.467991000,70.927895000,1.800537968,196.954912057,0.927972017,1,87.802010000,41.437954000,60.848392000,212.242296625,6
Branch_020,20,53,5,60,5,78.349045000,39.502201000,69.971306000,1.959976025,198.914888082,0.937206632,1,87.802010000,41.437954000,60.848392000,212.242296625,6
Branch_020,20,54,5,60,6,80.109428000,39.671257000,68.693939000,2.181557859,201.096445940,0.947485252,1,87.802010000,41.437954000,60.848392000,212.242296625,6
Branch_020,20,55,5,60,7,81.894104000,39.957569000,67.146515000,2.379404132,203.475850072,0.958696044,1,87.802010000,41.437954000,60.848392000,212.242296625,6
Branch_020,20,56,5,60,8,83.636124000,40.323845000,65.444786000,2.462655757,205.938505829,0.970299083,1,87.802010000,41.437954000,60.848392000,212.242296625,6
Branch_020,20,57,5,60,9,85.235931000,40.718319000,63.753597000,2.361167594,208.299673423,0.981423951,1,87.802010000,41.437954000,60.848392000,212.242296625,6
Branch_020,20,58,5,60,10,86.577248000,41.082821000,62.260880000,2.039656109,210.339329533,0.991033987,1,87.802010000,41.437954000,60.848392000,212.242296625,6
Branch_020,20,59,5,60,11,87.802010000,41.437954000,60.848392000,1.902967092,212.242296625,1.000000000,1,87.802010000,41.437954000,60.848392000,212.242296625,6
Branch_021,21,0,0,9,0,9.155164700,-94.828995000,43.316994000,0.000000000,0.000000000,0.000000000,0,-21.152262000,57.771553000,23.466335000,196.092108154,5
Branch_021,21,1,0,9,1,8.745691300,-90.524384000,41.931053000,4.540724257,4.540724257,0.023156079,0,-21.152262000,57.771553000,23.466335000,196.092108154,5
Branch_021,21,2,0,9,2,8.447949400,-85.977066000,40.628029000,4.739685937,9.280410194,0.047326791,0,-21.152262000,57.771553000,23.466335000,196.092108154,5
Branch_021,21,3,0,9,3,8.306425100,-80.784424000,39.387024000,5.340754018,14.621164212,0.074562737,0,-21.152262000,57.771553000,23.466335000,196.092108154,5
Branch_021,21,4,0,9,4,8.427463500,-75.420364000,38.457928000,5.445274039,20.066438250,0.102331697,0,-21.152262000,57.771553000,23.466335000,196.092108154,5
Branch_021,21,5,0,9,5,8.845435100,-70.229225000,37.995411000,5.228436320,25.294874570,0.128994863,0,-21.152262000,57.771553000,23.466335000,196.092108154,5
Branch_021,21,6,0,9,6,9.507898300,-65.372032000,38.028183000,4.902270427,30.197144997,0.153994698,0,-21.152262000,57.771553000,23.466335000,196.092108154,5
Branch_021,21,7,0,9,7,10.287036000,-60.827480000,38.464947000,4.631497731,34.828642727,0.177613689,0,-21.152262000,57.771553000,23.466335000,196.092108154,5
Branch_021,21,8,0,9,8,11.014260000,-56.442604000,39.132923000,4.494683995,39.323326723,0.200534979,0,-21.152262000,57.771553000,23.466335000,196.092108154,5
Branch_021,21,9,0,9,9,11.527933000,-52.014019000,39.835442000,4.513286829,43.836613551,0.223551136,0,-21.152262000,57.771553000,23.466335000,196.092108154,5
Branch_021,21,10,0,9,10,11.720328000,-47.372635000,40.409962000,4.680762171,48.517375722,0.247421358,0,-21.152262000,57.771553000,23.466335000,196.092108154,5
Branch_021,21,11,0,9,11,11.570354000,-42.445747000,40.769272000,4.942248602,53.459624324,0.272625068,0,-21.152262000,57.771553000,23.466335000,196.092108154,5
Branch_021,21,12,0,9,12,11.152950000,-37.279388000,40.914940000,5.185239684,58.644864008,0.299067946,0,-21.152262000,57.771553000,23.466335000,196.092108154,5
Branch_021,21,13,0,9,13,10.623031000,-32.017574000,40.921852000,5.288435354,63.933299362,0.326037085,0,-21.152262000,57.771553000,23.466335000,196.092108154,5
Branch_021,21,14,0,9,14,10.179241000,-26.849152000,40.901917000,5.187478476,69.120777838,0.352491380,0,-21.152262000,57.771553000,23.466335000,196.092108154,5
Branch_021,21,15,0,9,15,10.018347000,-21.942720000,40.961330000,4.909428862,74.030206700,0.377527721,0,-21.152262000,57.771553000,23.466335000,196.092108154,5
Branch_021,21,16,0,9,16,10.293105000,-17.392542000,41.166740000,4.563091612,78.593298312,0.400797865,0,-21.152262000,57.771553000,23.466335000,196.092108154,5
Branch_021,21,17,0,9,17,11.084682000,-13.193231000,41.531292000,4.288788312,82.882086624,0.422669160,0,-21.152262000,57.771553000,23.466335000,196.092108154,5
Branch_021,21,18,0,9,18,12.395549000,-9.250117300,42.023792000,4.184384566,87.066471190,0.444008033,0,-21.152262000,57.771553000,23.466335000,196.092108154,5
Branch_021,21,19,0,9,19,13.428562000,-7.010438900,42.358051000,2.488976551,89.555447741,0.456700928,0,-21.152262000,57.771553000,23.466335000,196.092108154,5
Branch_021,21,20,1,10,1,8.513610800,-3.880808800,41.469315000,5.894165042,95.449612783,0.486759073,0,-21.152262000,57.771553000,23.466335000,196.092108154,5
Branch_021,21,21,1,10,2,5.700329800,-1.497111100,40.852108000,3.738650718,99.188263500,0.505824862,0,-21.152262000,57.771553000,23.466335000,196.092108154,5
Branch_021,21,22,1,10,3,3.228861600,1.258957700,40.246117000,3.751172535,102.939436035,0.524954507,0,-21.152262000,57.771553000,23.466335000,196.092108154,5
Branch_021,21,23,1,10,4,0.224044770,4.499023400,39.624977000,4.462372107,107.401808142,0.547711018,0,-21.152262000,57.771553000,23.466335000,196.092108154,5
Branch_021,21,24,1,10,5,-3.124296900,7.948573600,39.092415000,4.836776903,112.238585045,0.572376860,0,-21.152262000,57.771553000,23.466335000,196.092108154,5
Branch_021,21,25,1,10,6,-6.637706300,11.364470000,38.724075000,4.914068394,117.152653439,0.597436860,0,-21.152262000,57.771553000,23.466335000,196.092108154,5
Branch_021,21,26,1,10,7,-10.168994000,14.571689000,38.552483000,4.773435906,121.926089345,0.621779686,0,-21.152262000,57.771553000,23.466335000,196.092108154,5
Branch_021,21,27,1,10,8,-13.613175000,17.485661000,38.562916000,4.511510216,126.437599561,0.644786783,0,-21.152262000,57.771553000,23.466335000,196.092108154,5
Branch_021,21,28,1,10,9,-16.908464000,20.116638000,38.700928000,4.219006622,130.656606183,0.666302216,0,-21.152262000,57.771553000,23.466335000,196.092108154,5
Branch_021,21,29,1,10,10,-20.028803000,22.556101000,38.889393000,3.965225625,134.621831808,0.686523456,0,-21.152262000,57.771553000,23.466335000,196.092108154,5
Branch_021,21,30,1,10,11,-22.971312000,24.948771000,39.050686000,3.795951050,138.417782859,0.705881456,0,-21.152262000,57.771553000,23.466335000,196.092108154,5
Branch_021,21,31,1,10,12,-25.743008000,27.456394000,39.128395000,3.738517155,142.156300013,0.724946564,0,-21.152262000,57.771553000,23.466335000,196.092108154,5
Branch_021,21,32,1,10,13,-28.350756000,30.220842000,39.103210000,3.800415327,145.956715341,0.744327330,0,-21.152262000,57.771553000,23.466335000,196.092108154,5
Branch_021,21,33,1,10,14,-31.678991000,34.678879000,38.953018000,5.565411013,151.522126354,0.772708947,0,-21.152262000,57.771553000,23.466335000,196.092108154,5
Branch_021,21,34,2,11,1,-33.081928000,36.818501000,38.879490000,2.559613427,154.081739781,0.785762065,0,-21.152262000,57.771553000,23.466335000,196.092108154,5
Branch_021,21,35,2,11,2,-34.981613000,40.218311000,38.837078000,3.894779829,157.976519609,0.805624056,0,-21.152262000,57.771553000,23.466335000,196.092108154,5
Branch_021,21,36,3,61,1,-35.475735000,40.534775000,36.845673000,2.076053922,160.052573532,0.816211193,0,-21.152262000,57.771553000,23.466335000,196.092108154,5
Branch_021,21,37,3,61,2,-36.055759000,41.018837000,35.346100000,1.679125678,161.731699210,0.824774137,0,-21.152262000,57.771553000,23.466335000,196.092108154,5
Branch_021,21,38,3,61,3,-36.795139000,41.766941000,33.615776000,2.024935437,163.756634647,0.835100587,0,-21.152262000,57.771553000,23.466335000,196.092108154,5
Branch_021,21,39,3,61,4,-37.459053000,42.598156000,31.567286000,2.308248569,166.064883216,0.846871834,0,-21.152262000,57.771553000,23.466335000,196.092108154,5
Branch_021,21,40,3,61,5,-37.852947000,43.421696000,29.379478000,2.370627440,168.435510656,0.858961190,0,-21.152262000,57.771553000,23.466335000,196.092108154,5
Branch_021,21,41,3,61,6,-37.815964000,44.174286000,27.230293000,2.277444975,170.712955631,0.870575350,0,-21.152262000,57.771553000,23.466335000,196.092108154,5
Branch_021,21,42,3,61,7,-37.250183000,44.834927000,25.277079000,2.138129931,172.851085562,0.881479052,0,-21.152262000,57.771553000,23.466335000,196.092108154,5
Branch_021,21,43,3,61,8,-36.137295000,45.429554000,23.641102000,2.066040105,174.917125666,0.892015121,0,-21.152262000,57.771553000,23.466335000,196.092108154,5
Branch_021,21,44,3,61,9,-35.050892000,45.834045000,22.795732000,1.434759521,176.351885188,0.899331885,0,-21.152262000,57.771553000,23.466335000,196.092108154,5
Branch_021,21,45,4,62,1,-32.587734000,46.708500000,21.575596000,2.884536486,179.236421674,0.914041995,1,-21.152262000,57.771553000,23.466335000,196.092108154,5
Branch_021,21,46,4,62,2,-30.452520000,47.570980000,21.156492000,2.340653485,181.577075159,0.925978495,1,-21.152262000,57.771553000,23.466335000,196.092108154,5
Branch_021,21,47,4,62,3,-28.316660000,48.674862000,21.087656000,2.405242567,183.982317726,0.938244376,1,-21.152262000,57.771553000,23.466335000,196.092108154,5
Branch_021,21,48,4,62,4,-26.342876000,50.036427000,21.291428000,2.406492376,186.388810102,0.950516631,1,-21.152262000,57.771553000,23.466335000,196.092108154,5
Branch_021,21,49,4,62,5,-24.650690000,51.613007000,21.677929000,2.344884001,188.733694103,0.962474706,1,-21.152262000,57.771553000,23.466335000,196.092108154,5
Branch_021,21,50,4,62,6,-23.304199000,53.302940000,22.156300000,2.213086164,190.946780267,0.973760658,1,-21.152262000,57.771553000,23.466335000,196.092108154,5
Branch_021,21,51,4,62,7,-22.312904000,54.958145000,22.643499000,1.989907595,192.936687862,0.983908479,1,-21.152262000,57.771553000,23.466335000,196.092108154,5
Branch_021,21,52,4,62,8,-21.644285000,56.407177000,23.070158000,1.651902844,194.588590706,0.992332596,1,-21.152262000,57.771553000,23.466335000,196.092108154,5
Branch_021,21,53,4,62,9,-21.152262000,57.771553000,23.466335000,1.503517448,196.092108154,1.000000000,1,-21.152262000,57.771553000,23.466335000,196.092108154,5
Branch_022,22,0,0,9,0,9.155164700,-94.828995000,43.316994000,0.000000000,0.000000000,0.000000000,0,49.619377000,93.878754000,32.818680000,215.468906285,7
Branch_022,22,1,0,9,1,8.745691300,-90.524384000,41.931053000,4.540724257,4.540724257,0.021073687,0,49.619377000,93.878754000,32.818680000,215.468906285,7
Branch_022,22,2,0,9,2,8.447949400,-85.977066000,40.628029000,4.739685937,9.280410194,0.043070763,0,49.619377000,93.878754000,32.818680000,215.468906285,7
Branch_022,22,3,0,9,3,8.306425100,-80.784424000,39.387024000,5.340754018,14.621164212,0.067857421,0,49.619377000,93.878754000,32.818680000,215.468906285,7
Branch_022,22,4,0,9,4,8.427463500,-75.420364000,38.457928000,5.445274039,20.066438250,0.093129160,0,49.619377000,93.878754000,32.818680000,215.468906285,7
Branch_022,22,5,0,9,5,8.845435100,-70.229225000,37.995411000,5.228436320,25.294874570,0.117394547,0,49.619377000,93.878754000,32.818680000,215.468906285,7
Branch_022,22,6,0,9,6,9.507898300,-65.372032000,38.028183000,4.902270427,30.197144997,0.140146184,0,49.619377000,93.878754000,32.818680000,215.468906285,7
Branch_022,22,7,0,9,7,10.287036000,-60.827480000,38.464947000,4.631497731,34.828642727,0.161641154,0,49.619377000,93.878754000,32.818680000,215.468906285,7
Branch_022,22,8,0,9,8,11.014260000,-56.442604000,39.132923000,4.494683995,39.323326723,0.182501166,0,49.619377000,93.878754000,32.818680000,215.468906285,7
Branch_022,22,9,0,9,9,11.527933000,-52.014019000,39.835442000,4.513286829,43.836613551,0.203447515,0,49.619377000,93.878754000,32.818680000,215.468906285,7
Branch_022,22,10,0,9,10,11.720328000,-47.372635000,40.409962000,4.680762171,48.517375722,0.225171124,0,49.619377000,93.878754000,32.818680000,215.468906285,7
Branch_022,22,11,0,9,11,11.570354000,-42.445747000,40.769272000,4.942248602,53.459624324,0.248108301,0,49.619377000,93.878754000,32.818680000,215.468906285,7
Branch_022,22,12,0,9,12,11.152950000,-37.279388000,40.914940000,5.185239684,58.644864008,0.272173211,0,49.619377000,93.878754000,32.818680000,215.468906285,7
Branch_022,22,13,0,9,13,10.623031000,-32.017574000,40.921852000,5.288435354,63.933299362,0.296717055,0,49.619377000,93.878754000,32.818680000,215.468906285,7
Branch_022,22,14,0,9,14,10.179241000,-26.849152000,40.901917000,5.187478476,69.120777838,0.320792355,0,49.619377000,93.878754000,32.818680000,215.468906285,7
Branch_022,22,15,0,9,15,10.018347000,-21.942720000,40.961330000,4.909428862,74.030206700,0.343577215,0,49.619377000,93.878754000,32.818680000,215.468906285,7
Branch_022,22,16,0,9,16,10.293105000,-17.392542000,41.166740000,4.563091612,78.593298312,0.364754709,0,49.619377000,93.878754000,32.818680000,215.468906285,7
Branch_022,22,17,0,9,17,11.084682000,-13.193231000,41.531292000,4.288788312,82.882086624,0.384659151,0,49.619377000,93.878754000,32.818680000,215.468906285,7
Branch_022,22,18,0,9,18,12.395549000,-9.250117300,42.023792000,4.184384566,87.066471190,0.404079051,0,49.619377000,93.878754000,32.818680000,215.468906285,7
Branch_022,22,19,0,9,19,13.428562000,-7.010438900,42.358051000,2.488976551,89.555447741,0.415630493,0,49.619377000,93.878754000,32.818680000,215.468906285,7
Branch_022,22,20,1,8,1,16.282339000,-1.562926900,43.212620000,6.208841948,95.764289689,0.444445982,0,49.619377000,93.878754000,32.818680000,215.468906285,7
Branch_022,22,21,1,8,2,18.643381000,2.404393400,43.881081000,4.664867608,100.429157296,0.466095823,0,49.619377000,93.878754000,32.818680000,215.468906285,7
Branch_022,22,22,1,8,3,21.147991000,6.488432400,44.652599000,4.852595783,105.281753079,0.488616919,0,49.619377000,93.878754000,32.818680000,215.468906285,7
Branch_022,22,23,1,8,4,24.223534000,11.405412000,45.843182000,5.920569315,111.202322394,0.516094523,0,49.619377000,93.878754000,32.818680000,215.468906285,7
Branch_022,22,24,2,7,1,26.324202000,14.701306000,46.829159000,4.030865161,115.233187555,0.534801933,0,49.619377000,93.878754000,32.818680000,215.468906285,7
Branch_022,22,25,2,7,2,28.908293000,18.630505000,48.351257000,4.942966053,120.176153608,0.557742440,0,49.619377000,93.878754000,32.818680000,215.468906285,7
Branch_022,22,26,2,7,3,31.432501000,22.371405000,50.143032000,4.855555219,125.031708827,0.580277271,0,49.619377000,93.878754000,32.818680000,215.468906285,7
Branch_022,22,27,2,7,4,33.837540000,25.965391000,52.093472000,4.743960809,129.775669636,0.602294187,0,49.619377000,93.878754000,32.818680000,215.468906285,7
Branch_022,22,28,2,7,5,36.051430000,29.527443000,54.029991000,4.619483653,134.395153289,0.623733399,0,49.619377000,93.878754000,32.818680000,215.468906285,7
Branch_022,22,29,2,7,6,38.004852000,33.210518000,55.757656000,4.512840050,138.907993339,0.644677674,0,49.619377000,93.878754000,32.818680000,215.468906285,7
Branch_022,22,30,2,7,7,39.655231000,37.152805000,57.108654000,4.482250911,143.390244250,0.665479984,0,49.619377000,93.878754000,32.818680000,215.468906285,7
Branch_022,22,31,2,7,8,40.956230000,41.252876000,57.950741000,4.383182761,147.773427011,0.685822514,0,49.619377000,93.878754000,32.818680000,215.468906285,7
Branch_022,22,32,3,6,1,42.188423000,46.187943000,58.389992000,5.105499714,152.878926725,0.709517347,0,49.619377000,93.878754000,32.818680000,215.468906285,7
Branch_022,22,33,4,5,1,43.203922000,50.765629000,58.406876000,4.689001216,157.567927941,0.731279193,0,49.619377000,93.878754000,32.818680000,215.468906285,7
Branch_022,22,34,4,5,2,44.359421000,55.519661000,58.187195000,4.897372555,162.465300495,0.754008099,0,49.619377000,93.878754000,32.818680000,215.468906285,7
Branch_022,22,35,4,5,3,45.795403000,60.070236000,57.887691000,4.781158832,167.246459328,0.776197653,0,49.619377000,93.878754000,32.818680000,215.468906285,7
Branch_022,22,36,4,5,4,47.645630000,64.272171000,57.623878000,4.598825393,171.845284721,0.797540989,0,49.619377000,93.878754000,32.818680000,215.468906285,7
Branch_022,22,37,4,5,5,51.342567000,69.871460000,57.347439000,6.715340573,178.560625293,0.828707160,0,49.619377000,93.878754000,32.818680000,215.468906285,7
Branch_022,22,38,5,63,1,49.590546000,71.640656000,55.933273000,2.863476479,181.424101773,0.841996671,0,49.619377000,93.878754000,32.818680000,215.468906285,7
Branch_022,22,39,5,63,2,48.278820000,73.045837000,54.159683000,2.615488526,184.039590299,0.854135260,0,49.619377000,93.878754000,32.818680000,215.468906285,7
Branch_022,22,40,5,63,3,47.148109000,74.357506000,51.998871000,2.769131891,186.808722190,0.866986914,0,49.619377000,93.878754000,32.818680000,215.468906285,7
Branch_022,22,41,5,63,4,46.191601000,75.748932000,49.463795000,3.045912703,189.854634893,0.881123120,0,49.619377000,93.878754000,32.818680000,215.468906285,7
Branch_022,22,42,5,63,5,45.533073000,77.148750000,47.047455000,2.869119822,192.723754715,0.894438822,0,49.619377000,93.878754000,32.818680000,215.468906285,7
Branch_022,22,43,5,63,6,45.302570000,78.518913000,44.934124000,2.529159187,195.252913902,0.906176753,0,49.619377000,93.878754000,32.818680000,215.468906285,7
Branch_022,22,44,5,63,7,45.520279000,79.906494000,43.164494000,2.259284970,197.512198873,0.916662187,0,49.619377000,93.878754000,32.818680000,215.468906285,7
Branch_022,22,45,5,63,8,45.910557000,80.916512000,42.153812000,1.481192554,198.993391427,0.923536462,0,49.619377000,93.878754000,32.818680000,215.468906285,7
Branch_022,22,46,6,64,1,46.899525000,83.151329000,40.255840000,3.094311303,202.087702730,0.937897287,1,49.619377000,93.878754000,32.818680000,215.468906285,7
Branch_022,22,47,6,64,2,47.738186000,85.165825000,38.827118000,2.608216433,204.695919163,0.950002126,1,49.619377000,93.878754000,32.818680000,215.468906285,7
Branch_022,22,48,6,64,3,48.476597000,87.407501000,37.305260000,2.808275960,207.504195123,0.963035450,1,49.619377000,93.878754000,32.818680000,215.468906285,7
Branch_022,22,49,6,64,4,49.032116000,89.710152000,35.738369000,2.840061688,210.344256811,0.976216292,1,49.619377000,93.878754000,32.818680000,215.468906285,7
Branch_022,22,50,6,64,5,49.388844000,91.816925000,34.278423000,2.587892900,212.932149711,0.988226809,1,49.619377000,93.878754000,32.818680000,215.468906285,7
Branch_022,22,51,6,64,6,49.619377000,93.878754000,32.818680000,2.536756574,215.468906285,1.000000000,1,49.619377000,93.878754000,32.818680000,215.468906285,7
Branch_023,23,0,0,9,0,9.155164700,-94.828995000,43.316994000,0.000000000,0.000000000,0.000000000,0,-95.587273000,94.103325000,64.086723000,254.666207429,8
Branch_023,23,1,0,9,1,8.745691300,-90.524384000,41.931053000,4.540724257,4.540724257,0.017830101,0,-95.587273000,94.103325000,64.086723000,254.666207429,8
Branch_023,23,2,0,9,2,8.447949400,-85.977066000,40.628029000,4.739685937,9.280410194,0.036441467,0,-95.587273000,94.103325000,64.086723000,254.666207429,8
Branch_023,23,3,0,9,3,8.306425100,-80.784424000,39.387024000,5.340754018,14.621164212,0.057413052,0,-95.587273000,94.103325000,64.086723000,254.666207429,8
Branch_023,23,4,0,9,4,8.427463500,-75.420364000,38.457928000,5.445274039,20.066438250,0.078795057,0,-95.587273000,94.103325000,64.086723000,254.666207429,8
Branch_023,23,5,0,9,5,8.845435100,-70.229225000,37.995411000,5.228436320,25.294874570,0.099325603,0,-95.587273000,94.103325000,64.086723000,254.666207429,8
Branch_023,23,6,0,9,6,9.507898300,-65.372032000,38.028183000,4.902270427,30.197144997,0.118575391,0,-95.587273000,94.103325000,64.086723000,254.666207429,8
Branch_023,23,7,0,9,7,10.287036000,-60.827480000,38.464947000,4.631497731,34.828642727,0.136761933,0,-95.587273000,94.103325000,64.086723000,254.666207429,8
Branch_023,23,8,0,9,8,11.014260000,-56.442604000,39.132923000,4.494683995,39.323326723,0.154411247,0,-95.587273000,94.103325000,64.086723000,254.666207429,8
Branch_023,23,9,0,9,9,11.527933000,-52.014019000,39.835442000,4.513286829,43.836613551,0.172133610,0,-95.587273000,94.103325000,64.086723000,254.666207429,8
Branch_023,23,10,0,9,10,11.720328000,-47.372635000,40.409962000,4.680762171,48.517375722,0.190513599,0,-95.587273000,94.103325000,64.086723000,254.666207429,8
Branch_023,23,11,0,9,11,11.570354000,-42.445747000,40.769272000,4.942248602,53.459624324,0.209920369,0,-95.587273000,94.103325000,64.086723000,254.666207429,8
Branch_023,23,12,0,9,12,11.152950000,-37.279388000,40.914940000,5.185239684,58.644864008,0.230281295,0,-95.587273000,94.103325000,64.086723000,254.666207429,8
Branch_023,23,13,0,9,13,10.623031000,-32.017574000,40.921852000,5.288435354,63.933299362,0.251047440,0,-95.587273000,94.103325000,64.086723000,254.666207429,8
Branch_023,23,14,0,9,14,10.179241000,-26.849152000,40.901917000,5.187478476,69.120777838,0.271417156,0,-95.587273000,94.103325000,64.086723000,254.666207429,8
Branch_023,23,15,0,9,15,10.018347000,-21.942720000,40.961330000,4.909428862,74.030206700,0.290695053,0,-95.587273000,94.103325000,64.086723000,254.666207429,8
Branch_023,23,16,0,9,16,10.293105000,-17.392542000,41.166740000,4.563091612,78.593298312,0.308612984,0,-95.587273000,94.103325000,64.086723000,254.666207429,8
Branch_023,23,17,0,9,17,11.084682000,-13.193231000,41.531292000,4.288788312,82.882086624,0.325453807,0,-95.587273000,94.103325000,64.086723000,254.666207429,8
Branch_023,23,18,0,9,18,12.395549000,-9.250117300,42.023792000,4.184384566,87.066471190,0.341884666,0,-95.587273000,94.103325000,64.086723000,254.666207429,8
Branch_023,23,19,0,9,19,13.428562000,-7.010438900,42.358051000,2.488976551,89.555447741,0.351658151,0,-95.587273000,94.103325000,64.086723000,254.666207429,8
Branch_023,23,20,1,10,1,8.513610800,-3.880808800,41.469315000,5.894165042,95.449612783,0.374802820,0,-95.587273000,94.103325000,64.086723000,254.666207429,8
Branch_023,23,21,1,10,2,5.700329800,-1.497111100,40.852108000,3.738650718,99.188263500,0.389483412,0,-95.587273000,94.103325000,64.086723000,254.666207429,8
Branch_023,23,22,1,10,3,3.228861600,1.258957700,40.246117000,3.751172535,102.939436035,0.404213174,0,-95.587273000,94.103325000,64.086723000,254.666207429,8
Branch_023,23,23,1,10,4,0.224044770,4.499023400,39.624977000,4.462372107,107.401808142,0.421735609,0,-95.587273000,94.103325000,64.086723000,254.666207429,8
Branch_023,23,24,1,10,5,-3.124296900,7.948573600,39.092415000,4.836776903,112.238585045,0.440728223,0,-95.587273000,94.103325000,64.086723000,254.666207429,8
Branch_023,23,25,1,10,6,-6.637706300,11.364470000,38.724075000,4.914068394,117.152653439,0.460024338,0,-95.587273000,94.103325000,64.086723000,254.666207429,8
Branch_023,23,26,1,10,7,-10.168994000,14.571689000,38.552483000,4.773435906,121.926089345,0.478768230,0,-95.587273000,94.103325000,64.086723000,254.666207429,8
Branch_023,23,27,1,10,8,-13.613175000,17.485661000,38.562916000,4.511510216,126.437599561,0.496483616,0,-95.587273000,94.103325000,64.086723000,254.666207429,8
Branch_023,23,28,1,10,9,-16.908464000,20.116638000,38.700928000,4.219006622,130.656606183,0.513050426,0,-95.587273000,94.103325000,64.086723000,254.666207429,8
Branch_023,23,29,1,10,10,-20.028803000,22.556101000,38.889393000,3.965225625,134.621831808,0.528620712,0,-95.587273000,94.103325000,64.086723000,254.666207429,8
Branch_023,23,30,1,10,11,-22.971312000,24.948771000,39.050686000,3.795951050,138.417782859,0.543526305,0,-95.587273000,94.103325000,64.086723000,254.666207429,8
Branch_023,23,31,1,10,12,-25.743008000,27.456394000,39.128395000,3.738517155,142.156300013,0.558206373,0,-95.587273000,94.103325000,64.086723000,254.666207429,8
Branch_023,23,32,1,10,13,-28.350756000,30.220842000,39.103210000,3.800415327,145.956715341,0.573129497,0,-95.587273000,94.103325000,64.086723000,254.666207429,8
Branch_023,23,33,1,10,14,-31.678991000,34.678879000,38.953018000,5.565411013,151.522126354,0.594983244,0,-95.587273000,94.103325000,64.086723000,254.666207429,8
Branch_023,23,34,2,11,1,-33.081928000,36.818501000,38.879490000,2.559613427,154.081739781,0.605034101,0,-95.587273000,94.103325000,64.086723000,254.666207429,8
Branch_023,23,35,2,11,2,-34.981613000,40.218311000,38.837078000,3.894779829,157.976519609,0.620327766,0,-95.587273000,94.103325000,64.086723000,254.666207429,8
Branch_023,23,36,3,12,1,-37.197227000,44.650524000,38.950371000,4.956439526,162.932959136,0.639790260,0,-95.587273000,94.103325000,64.086723000,254.666207429,8
Branch_023,23,37,3,12,2,-39.077698000,48.744965000,39.314186000,4.520285349,167.453244485,0.657540104,0,-95.587273000,94.103325000,64.086723000,254.666207429,8
Branch_023,23,38,3,12,3,-40.901249000,52.758144000,39.973698000,4.457117904,171.910362389,0.675041907,0,-95.587273000,94.103325000,64.086723000,254.666207429,8
Branch_023,23,39,3,12,4,-42.725853000,56.560471000,40.943188000,4.327445116,176.237807505,0.692034523,0,-95.587273000,94.103325000,64.086723000,254.666207429,8
Branch_023,23,40,3,12,5,-44.602505000,60.068466000,42.203861000,4.173385683,180.411193189,0.708422193,0,-95.587273000,94.103325000,64.086723000,254.666207429,8
Branch_023,23,41,3,12,6,-46.556820000,63.258331000,43.715164000,4.034677508,184.445870697,0.724265196,0,-95.587273000,94.103325000,64.086723000,254.666207429,8
Branch_023,23,42,3,12,7,-48.668339000,66.297379000,45.521130000,4.117746766,188.563617463,0.740434388,0,-95.587273000,94.103325000,64.086723000,254.666207429,8
Branch_023,23,43,4,13,1,-50.579292000,68.882439000,47.314671000,3.681177242,192.244794705,0.754889299,0,-95.587273000,94.103325000,64.086723000,254.666207429,8
Branch_023,23,44,5,14,1,-52.457863000,71.521378000,49.351467000,3.826429928,196.071224633,0.769914574,0,-95.587273000,94.103325000,64.086723000,254.666207429,8
Branch_023,23,45,5,14,2,-54.050007000,74.205940000,51.548962000,3.817169098,199.888393731,0.784903485,0,-95.587273000,94.103325000,64.086723000,254.666207429,8
Branch_023,23,46,5,14,3,-55.129581000,76.894508000,53.810669000,3.675485882,203.563879613,0.799336047,0,-95.587273000,94.103325000,64.086723000,254.666207429,8
Branch_023,23,47,6,54,1,-57.495739000,77.351532000,53.044418000,2.528777415,206.092657027,0.809265819,0,-95.587273000,94.103325000,64.086723000,254.666207429,8
Branch_023,23,48,6,54,2,-59.177181000,78.113068000,52.573238000,1.905044585,207.997701612,0.816746374,0,-95.587273000,94.103325000,64.086723000,254.666207429,8
Branch_023,23,49,6,54,3,-60.982471000,79.364807000,52.140808000,2.238954714,210.236656327,0.825538097,0,-95.587273000,94.103325000,64.086723000,254.666207429,8
Branch_023,23,50,6,54,4,-63.053463000,80.839287000,51.653137000,2.588613942,212.825270268,0.835702830,0,-95.587273000,94.103325000,64.086723000,254.666207429,8
Branch_023,23,51,6,54,5,-65.185493000,82.422180000,51.166866000,2.699548417,215.524818685,0.846303170,0,-95.587273000,94.103325000,64.086723000,254.666207429,8
Branch_023,23,52,6,54,6,-67.206017000,84.022018000,50.732822000,2.613502067,218.138320753,0.856565631,0,-95.587273000,94.103325000,64.086723000,254.666207429,8
Branch_023,23,53,6,54,7,-69.043777000,85.626915000,50.382320000,2.464935669,220.603256421,0.866244716,0,-95.587273000,94.103325000,64.086723000,254.666207429,8
Branch_023,23,54,7,65,1,-70.689117000,84.657875000,51.559830000,2.243370687,222.846627108,0.875053779,1,-95.587273000,94.103325000,64.086723000,254.666207429,8
Branch_023,23,55,7,65,2,-72.126602000,84.075600000,52.613148000,1.874802952,224.721430060,0.882415584,1,-95.587273000,94.103325000,64.086723000,254.666207429,8
Branch_023,23,56,7,65,3,-73.926712000,83.618973000,53.878288000,2.247105571,226.968535631,0.891239313,1,-95.587273000,94.103325000,64.086723000,254.666207429,8
Branch_023,23,57,7,65,4,-76.005501000,83.219955000,55.217216000,2.504657114,229.473192746,0.901074371,1,-95.587273000,94.103325000,64.086723000,254.666207429,8
Branch_023,23,58,7,65,5,-78.183922000,83.006950000,56.452457000,2.513306490,231.986499235,0.910943394,1,-95.587273000,94.103325000,64.086723000,254.666207429,8
Branch_023,23,59,7,65,6,-80.326340000,83.088432000,57.471188000,2.373690598,234.360189833,0.920264185,1,-95.587273000,94.103325000,64.086723000,254.666207429,8
Branch_023,23,60,7,65,7,-82.359627000,83.534180000,58.246861000,2.221399538,236.581589371,0.928986974,1,-95.587273000,94.103325000,64.086723000,254.666207429,8
Branch_023,23,61,7,65,8,-84.272583000,84.363815000,58.834839000,2.166428632,238.748018003,0.937493908,1,-95.587273000,94.103325000,64.086723000,254.666207429,8
Branch_023,23,62,7,65,9,-86.096733000,85.544060000,59.344120000,2.231561924,240.979579927,0.946256601,1,-95.587273000,94.103325000,64.086723000,254.666207429,8
Branch_023,23,63,7,65,10,-87.875618000,86.994286000,59.894329000,2.360151952,243.339731879,0.955524230,1,-95.587273000,94.103325000,64.086723000,254.666207429,8
Branch_023,23,64,7,65,11,-89.632378000,88.598450000,60.571278000,2.473420261,245.813152140,0.965236631,1,-95.587273000,94.103325000,64.086723000,254.666207429,8
Branch_023,23,65,7,65,12,-91.345993000,90.220688000,61.394577000,2.499190617,248.312342757,0.975050225,1,-95.587273000,94.103325000,64.086723000,254.666207429,8
Branch_023,23,66,7,65,13,-92.943581000,91.721619000,62.307045000,2.374379737,250.686722494,0.984373722,1,-95.587273000,94.103325000,64.086723000,254.666207429,8
Branch_023,23,67,7,65,14,-94.311096000,92.973038000,63.188797000,2.052713662,252.739436156,0.992434131,1,-95.587273000,94.103325000,64.086723000,254.666207429,8
Branch_023,23,68,7,65,15,-95.587273000,94.103325000,64.086723000,1.926771273,254.666207429,1.000000000,1,-95.587273000,94.103325000,64.086723000,254.666207429,8
Branch_024,24,0,0,9,0,9.155164700,-94.828995000,43.316994000,0.000000000,0.000000000,0.000000000,0,-43.001343000,-17.999878000,1.035497300,233.193542245,7
Branch_024,24,1,0,9,1,8.745691300,-90.524384000,41.931053000,4.540724257,4.540724257,0.019471913,0,-43.001343000,-17.999878000,1.035497300,233.193542245,7
Branch_024,24,2,0,9,2,8.447949400,-85.977066000,40.628029000,4.739685937,9.280410194,0.039797029,0,-43.001343000,-17.999878000,1.035497300,233.193542245,7
Branch_024,24,3,0,9,3,8.306425100,-80.784424000,39.387024000,5.340754018,14.621164212,0.062699696,0,-43.001343000,-17.999878000,1.035497300,233.193542245,7
Branch_024,24,4,0,9,4,8.427463500,-75.420364000,38.457928000,5.445274039,20.066438250,0.086050574,0,-43.001343000,-17.999878000,1.035497300,233.193542245,7
Branch_024,24,5,0,9,5,8.845435100,-70.229225000,37.995411000,5.228436320,25.294874570,0.108471591,0,-43.001343000,-17.999878000,1.035497300,233.193542245,7
Branch_024,24,6,0,9,6,9.507898300,-65.372032000,38.028183000,4.902270427,30.197144997,0.129493916,0,-43.001343000,-17.999878000,1.035497300,233.193542245,7
Branch_024,24,7,0,9,7,10.287036000,-60.827480000,38.464947000,4.631497731,34.828642727,0.149355091,0,-43.001343000,-17.999878000,1.035497300,233.193542245,7
Branch_024,24,8,0,9,8,11.014260000,-56.442604000,39.132923000,4.494683995,39.323326723,0.168629570,0,-43.001343000,-17.999878000,1.035497300,233.193542245,7
Branch_024,24,9,0,9,9,11.527933000,-52.014019000,39.835442000,4.513286829,43.836613551,0.187983823,0,-43.001343000,-17.999878000,1.035497300,233.193542245,7
Branch_024,24,10,0,9,10,11.720328000,-47.372635000,40.409962000,4.680762171,48.517375722,0.208056258,0,-43.001343000,-17.999878000,1.035497300,233.193542245,7
Branch_024,24,11,0,9,11,11.570354000,-42.445747000,40.769272000,4.942248602,53.459624324,0.229250020,0,-43.001343000,-17.999878000,1.035497300,233.193542245,7
Branch_024,24,12,0,9,12,11.152950000,-37.279388000,40.914940000,5.185239684,58.644864008,0.251485798,0,-43.001343000,-17.999878000,1.035497300,233.193542245,7
Branch_024,24,13,0,9,13,10.623031000,-32.017574000,40.921852000,5.288435354,63.933299362,0.274164107,0,-43.001343000,-17.999878000,1.035497300,233.193542245,7
Branch_024,24,14,0,9,14,10.179241000,-26.849152000,40.901917000,5.187478476,69.120777838,0.296409485,0,-43.001343000,-17.999878000,1.035497300,233.193542245,7
Branch_024,24,15,0,9,15,10.018347000,-21.942720000,40.961330000,4.909428862,74.030206700,0.317462508,0,-43.001343000,-17.999878000,1.035497300,233.193542245,7
Branch_024,24,16,0,9,16,10.293105000,-17.392542000,41.166740000,4.563091612,78.593298312,0.337030338,0,-43.001343000,-17.999878000,1.035497300,233.193542245,7
Branch_024,24,17,0,9,17,11.084682000,-13.193231000,41.531292000,4.288788312,82.882086624,0.355421878,0,-43.001343000,-17.999878000,1.035497300,233.193542245,7
Branch_024,24,18,0,9,18,12.395549000,-9.250117300,42.023792000,4.184384566,87.066471190,0.373365705,0,-43.001343000,-17.999878000,1.035497300,233.193542245,7
Branch_024,24,19,0,9,19,13.428562000,-7.010438900,42.358051000,2.488976551,89.555447741,0.384039141,0,-43.001343000,-17.999878000,1.035497300,233.193542245,7
Branch_024,24,20,1,10,1,8.513610800,-3.880808800,41.469315000,5.894165042,95.449612783,0.409314992,0,-43.001343000,-17.999878000,1.035497300,233.193542245,7
Branch_024,24,21,1,10,2,5.700329800,-1.497111100,40.852108000,3.738650718,99.188263500,0.425347385,0,-43.001343000,-17.999878000,1.035497300,233.193542245,7
Branch_024,24,22,1,10,3,3.228861600,1.258957700,40.246117000,3.751172535,102.939436035,0.441433476,0,-43.001343000,-17.999878000,1.035497300,233.193542245,7
Branch_024,24,23,1,10,4,0.224044770,4.499023400,39.624977000,4.462372107,107.401808142,0.460569393,0,-43.001343000,-17.999878000,1.035497300,233.193542245,7
Branch_024,24,24,1,10,5,-3.124296900,7.948573600,39.092415000,4.836776903,112.238585045,0.481310863,0,-43.001343000,-17.999878000,1.035497300,233.193542245,7
Branch_024,24,25,1,10,6,-6.637706300,11.364470000,38.724075000,4.914068394,117.152653439,0.502383781,0,-43.001343000,-17.999878000,1.035497300,233.193542245,7
Branch_024,24,26,1,10,7,-10.168994000,14.571689000,38.552483000,4.773435906,121.926089345,0.522853627,0,-43.001343000,-17.999878000,1.035497300,233.193542245,7
Branch_024,24,27,1,10,8,-13.613175000,17.485661000,38.562916000,4.511510216,126.437599561,0.542200261,0,-43.001343000,-17.999878000,1.035497300,233.193542245,7
Branch_024,24,28,1,10,9,-16.908464000,20.116638000,38.700928000,4.219006622,130.656606183,0.560292558,0,-43.001343000,-17.999878000,1.035497300,233.193542245,7
Branch_024,24,29,1,10,10,-20.028803000,22.556101000,38.889393000,3.965225625,134.621831808,0.577296569,0,-43.001343000,-17.999878000,1.035497300,233.193542245,7
Branch_024,24,30,1,10,11,-22.971312000,24.948771000,39.050686000,3.795951050,138.417782859,0.593574683,0,-43.001343000,-17.999878000,1.035497300,233.193542245,7
Branch_024,24,31,1,10,12,-25.743008000,27.456394000,39.128395000,3.738517155,142.156300013,0.609606504,0,-43.001343000,-17.999878000,1.035497300,233.193542245,7
Branch_024,24,32,1,10,13,-28.350756000,30.220842000,39.103210000,3.800415327,145.956715341,0.625903762,0,-43.001343000,-17.999878000,1.035497300,233.193542245,7
Branch_024,24,33,1,10,14,-31.678991000,34.678879000,38.953018000,5.565411013,151.522126354,0.649769822,0,-43.001343000,-17.999878000,1.035497300,233.193542245,7
Branch_024,24,34,2,22,1,-33.540119000,32.828140000,39.465443000,2.674249738,154.196376091,0.661237762,0,-43.001343000,-17.999878000,1.035497300,233.193542245,7
Branch_024,24,35,2,22,2,-34.860867000,31.102398000,40.012878000,2.241036771,156.437412862,0.670847963,0,-43.001343000,-17.999878000,1.035497300,233.193542245,7
Branch_024,24,36,2,22,3,-36.322609000,28.840321000,40.706116000,2.781053928,159.218466791,0.682773911,0,-43.001343000,-17.999878000,1.035497300,233.193542245,7
Branch_024,24,37,2,22,4,-38.073528000,26.209150000,41.376247000,3.230766741,162.449233532,0.696628354,0,-43.001343000,-17.999878000,1.035497300,233.193542245,7
Branch_024,24,38,2,22,5,-39.973618000,23.443958000,41.869690000,3.391181918,165.840415449,0.711170703,0,-43.001343000,-17.999878000,1.035497300,233.193542245,7
Branch_024,24,39,2,22,6,-41.880322000,20.744228000,42.058407000,3.310540186,169.150955635,0.725367238,0,-43.001343000,-17.999878000,1.035497300,233.193542245,7
Branch_024,24,40,2,22,7,-43.663528000,18.242468000,41.861221000,3.078556326,172.229511962,0.738568960,0,-43.001343000,-17.999878000,1.035497300,233.193542245,7
Branch_024,24,41,3,23,1,-45.218269000,15.988478000,41.254684000,2.804563715,175.034075676,0.750595724,0,-43.001343000,-17.999878000,1.035497300,233.193542245,7
Branch_024,24,42,3,23,2,-46.473606000,13.951802000,40.271839000,2.586484952,177.620560628,0.761687305,0,-43.001343000,-17.999878000,1.035497300,233.193542245,7
Branch_024,24,43,3,23,3,-47.396786000,12.040812000,38.990082000,2.479323517,180.099884145,0.772319346,0,-43.001343000,-17.999878000,1.035497300,233.193542245,7
Branch_024,24,44,3,23,4,-47.936047000,10.275660000,37.621986000,2.297444379,182.397328524,0.782171439,0,-43.001343000,-17.999878000,1.035497300,233.193542245,7
Branch_024,24,45,4,24,1,-48.297630000,8.110427900,35.941898000,2.764356706,185.161685230,0.794025784,0,-43.001343000,-17.999878000,1.035497300,233.193542245,7
Branch_024,24,46,4,24,2,-48.372631000,5.887855100,34.370441000,2.723037294,187.884722524,0.805702940,0,-43.001343000,-17.999878000,1.035497300,233.193542245,7
Branch_024,24,47,4,24,3,-48.290897000,3.434089200,32.859783000,2.882661120,190.767383644,0.818064608,0,-43.001343000,-17.999878000,1.035497300,233.193542245,7
Branch_024,24,48,4,24,4,-48.127777000,0.775396880,31.443312000,3.016892951,193.784276595,0.831001900,0,-43.001343000,-17.999878000,1.035497300,233.193542245,7
Branch_024,24,49,4,24,5,-47.984459000,-1.483309300,30.382214000,2.499644499,196.283921095,0.841721084,0,-43.001343000,-17.999878000,1.035497300,233.193542245,7
Branch_024,24,50,5,66,1,-48.072002000,-1.110161300,28.405504000,2.013525672,198.297446766,0.850355652,0,-43.001343000,-17.999878000,1.035497300,233.193542245,7
Branch_024,24,51,5,66,2,-48.277550000,-1.050697800,26.642183000,1.776256411,200.073703177,0.857972743,0,-43.001343000,-17.999878000,1.035497300,233.193542245,7
Branch_024,24,52,5,66,3,-48.523506000,-1.267764000,24.507410000,2.159830514,202.233533692,0.867234709,0,-43.001343000,-17.999878000,1.035497300,233.193542245,7
Branch_024,24,53,5,66,4,-48.629337000,-1.651038500,22.201273000,2.340163970,204.573697661,0.877269995,0,-43.001343000,-17.999878000,1.035497300,233.193542245,7
Branch_024,24,54,5,66,5,-48.565750000,-1.950182000,21.028889000,1.211616434,205.785314096,0.882465750,0,-43.001343000,-17.999878000,1.035497300,233.193542245,7
Branch_024,24,55,6,67,1,-48.509098000,-2.216683600,19.984432000,1.079408624,206.864722719,0.887094560,1,-43.001343000,-17.999878000,1.035497300,233.193542245,7
Branch_024,24,56,6,67,2,-48.140465000,-2.940133600,18.010424000,2.134473653,208.999196372,0.896247788,1,-43.001343000,-17.999878000,1.035497300,233.193542245,7
Branch_024,24,57,6,67,3,-47.570042000,-3.764233800,16.303843000,1.979126638,210.978323010,0.904734844,1,-43.001343000,-17.999878000,1.035497300,233.193542245,7
Branch_024,24,58,6,67,4,-46.894741000,-4.623530400,14.781844000,1.873740388,212.852063398,0.912769974,1,-43.001343000,-17.999878000,1.035497300,233.193542245,7
Branch_024,24,59,6,67,5,-46.226955000,-5.475071000,13.308133000,1.828355449,214.680418847,0.920610480,1,-43.001343000,-17.999878000,1.035497300,233.193542245,7
Branch_024,24,60,6,67,6,-45.656647000,-6.322403400,11.758134000,1.856265151,216.536683998,0.928570671,1,-43.001343000,-17.999878000,1.035497300,233.193542245,7
Branch_024,24,61,6,67,7,-45.224369000,-7.221104600,10.071733000,1.959203014,218.495887012,0.936972289,1,-43.001343000,-17.999878000,1.035497300,233.193542245,7
Branch_024,24,62,6,67,8,-44.914478000,-8.260747000,8.276180300,2.097831797,220.593718809,0.945968386,1,-43.001343000,-17.999878000,1.035497300,233.193542245,7
Branch_024,24,63,6,67,9,-44.670013000,-9.527387600,6.473927000,2.216361546,222.810080355,0.955472773,1,-43.001343000,-17.999878000,1.035497300,233.193542245,7
Branch_024,24,64,6,67,10,-44.422409000,-11.058913000,4.803466800,2.279762065,225.089842420,0.965249038,1,-43.001343000,-17.999878000,1.035497300,233.193542245,7
Branch_024,24,65,6,67,11,-44.123863000,-12.809712000,3.390684800,2.269444829,227.359287249,0.974981061,1,-43.001343000,-17.999878000,1.035497300,233.193542245,7
Branch_024,24,66,6,67,12,-43.769512000,-14.639208000,2.310408600,2.153976999,229.513264248,0.984217925,1,-43.001343000,-17.999878000,1.035497300,233.193542245,7
Branch_024,24,67,6,67,13,-43.401005000,-16.331354000,1.572300300,1.882540665,231.395804914,0.992290793,1,-43.001343000,-17.999878000,1.035497300,233.193542245,7
Branch_024,24,68,6,67,14,-43.001343000,-17.999878000,1.035497300,1.797737332,233.193542245,1.000000000,1,-43.001343000,-17.999878000,1.035497300,233.193542245,7
Branch_025,25,0,0,9,0,9.155164700,-94.828995000,43.316994000,0.000000000,0.000000000,0.000000000,0,-51.007133000,131.738390000,25.224682000,265.757970535,8
Branch_025,25,1,0,9,1,8.745691300,-90.524384000,41.931053000,4.540724257,4.540724257,0.017085938,0,-51.007133000,131.738390000,25.224682000,265.757970535,8
Branch_025,25,2,0,9,2,8.447949400,-85.977066000,40.628029000,4.739685937,9.280410194,0.034920534,0,-51.007133000,131.738390000,25.224682000,265.757970535,8
Branch_025,25,3,0,9,3,8.306425100,-80.784424000,39.387024000,5.340754018,14.621164212,0.055016842,0,-51.007133000,131.738390000,25.224682000,265.757970535,8
Branch_025,25,4,0,9,4,8.427463500,-75.420364000,38.457928000,5.445274039,20.066438250,0.075506440,0,-51.007133000,131.738390000,25.224682000,265.757970535,8
Branch_025,25,5,0,9,5,8.845435100,-70.229225000,37.995411000,5.228436320,25.294874570,0.095180116,0,-51.007133000,131.738390000,25.224682000,265.757970535,8
Branch_025,25,6,0,9,6,9.507898300,-65.372032000,38.028183000,4.902270427,30.197144997,0.113626489,0,-51.007133000,131.738390000,25.224682000,265.757970535,8
Branch_025,25,7,0,9,7,10.287036000,-60.827480000,38.464947000,4.631497731,34.828642727,0.131053991,0,-51.007133000,131.738390000,25.224682000,265.757970535,8
Branch_025,25,8,0,9,8,11.014260000,-56.442604000,39.132923000,4.494683995,39.323326723,0.147966688,0,-51.007133000,131.738390000,25.224682000,265.757970535,8
Branch_025,25,9,0,9,9,11.527933000,-52.014019000,39.835442000,4.513286829,43.836613551,0.164949384,0,-51.007133000,131.738390000,25.224682000,265.757970535,8
Branch_025,25,10,0,9,10,11.720328000,-47.372635000,40.409962000,4.680762171,48.517375722,0.182562260,0,-51.007133000,131.738390000,25.224682000,265.757970535,8
Branch_025,25,11,0,9,11,11.570354000,-42.445747000,40.769272000,4.942248602,53.459624324,0.201159063,0,-51.007133000,131.738390000,25.224682000,265.757970535,8
Branch_025,25,12,0,9,12,11.152950000,-37.279388000,40.914940000,5.185239684,58.644864008,0.220670198,0,-51.007133000,131.738390000,25.224682000,265.757970535,8
Branch_025,25,13,0,9,13,10.623031000,-32.017574000,40.921852000,5.288435354,63.933299362,0.240569640,0,-51.007133000,131.738390000,25.224682000,265.757970535,8
Branch_025,25,14,0,9,14,10.179241000,-26.849152000,40.901917000,5.187478476,69.120777838,0.260089200,0,-51.007133000,131.738390000,25.224682000,265.757970535,8
Branch_025,25,15,0,9,15,10.018347000,-21.942720000,40.961330000,4.909428862,74.030206700,0.278562508,0,-51.007133000,131.738390000,25.224682000,265.757970535,8
Branch_025,25,16,0,9,16,10.293105000,-17.392542000,41.166740000,4.563091612,78.593298312,0.295732610,0,-51.007133000,131.738390000,25.224682000,265.757970535,8
Branch_025,25,17,0,9,17,11.084682000,-13.193231000,41.531292000,4.288788312,82.882086624,0.311870558,0,-51.007133000,131.738390000,25.224682000,265.757970535,8
Branch_025,25,18,0,9,18,12.395549000,-9.250117300,42.023792000,4.184384566,87.066471190,0.327615653,0,-51.007133000,131.738390000,25.224682000,265.757970535,8
Branch_025,25,19,0,9,19,13.428562000,-7.010438900,42.358051000,2.488976551,89.555447741,0.336981230,0,-51.007133000,131.738390000,25.224682000,265.757970535,8
Branch_025,25,20,1,10,1,8.513610800,-3.880808800,41.469315000,5.894165042,95.449612783,0.359159925,0,-51.007133000,131.738390000,25.224682000,265.757970535,8
Branch_025,25,21,1,10,2,5.700329800,-1.497111100,40.852108000,3.738650718,99.188263500,0.373227803,0,-51.007133000,131.738390000,25.224682000,265.757970535,8
Branch_025,25,22,1,10,3,3.228861600,1.258957700,40.246117000,3.751172535,102.939436035,0.387342799,0,-51.007133000,131.738390000,25.224682000,265.757970535,8
Branch_025,25,23,1,10,4,0.224044770,4.499023400,39.624977000,4.462372107,107.401808142,0.404133911,0,-51.007133000,131.738390000,25.224682000,265.757970535,8
Branch_025,25,24,1,10,5,-3.124296900,7.948573600,39.092415000,4.836776903,112.238585045,0.422333843,0,-51.007133000,131.738390000,25.224682000,265.757970535,8
Branch_025,25,25,1,10,6,-6.637706300,11.364470000,38.724075000,4.914068394,117.152653439,0.440824609,0,-51.007133000,131.738390000,25.224682000,265.757970535,8
Branch_025,25,26,1,10,7,-10.168994000,14.571689000,38.552483000,4.773435906,121.926089345,0.458786200,0,-51.007133000,131.738390000,25.224682000,265.757970535,8
Branch_025,25,27,1,10,8,-13.613175000,17.485661000,38.562916000,4.511510216,126.437599561,0.475762211,0,-51.007133000,131.738390000,25.224682000,265.757970535,8
Branch_025,25,28,1,10,9,-16.908464000,20.116638000,38.700928000,4.219006622,130.656606183,0.491637583,0,-51.007133000,131.738390000,25.224682000,265.757970535,8
Branch_025,25,29,1,10,10,-20.028803000,22.556101000,38.889393000,3.965225625,134.621831808,0.506558022,0,-51.007133000,131.738390000,25.224682000,265.757970535,8
Branch_025,25,30,1,10,11,-22.971312000,24.948771000,39.050686000,3.795951050,138.417782859,0.520841511,0,-51.007133000,131.738390000,25.224682000,265.757970535,8
Branch_025,25,31,1,10,12,-25.743008000,27.456394000,39.128395000,3.738517155,142.156300013,0.534908886,0,-51.007133000,131.738390000,25.224682000,265.757970535,8
Branch_025,25,32,1,10,13,-28.350756000,30.220842000,39.103210000,3.800415327,145.956715341,0.549209173,0,-51.007133000,131.738390000,25.224682000,265.757970535,8
Branch_025,25,33,1,10,14,-31.678991000,34.678879000,38.953018000,5.565411013,151.522126354,0.570150826,0,-51.007133000,131.738390000,25.224682000,265.757970535,8
Branch_025,25,34,2,11,1,-33.081928000,36.818501000,38.879490000,2.559613427,154.081739781,0.579782196,0,-51.007133000,131.738390000,25.224682000,265.757970535,8
Branch_025,25,35,2,11,2,-34.981613000,40.218311000,38.837078000,3.894779829,157.976519609,0.594437560,0,-51.007133000,131.738390000,25.224682000,265.757970535,8
Branch_025,25,36,3,12,1,-37.197227000,44.650524000,38.950371000,4.956439526,162.932959136,0.613087761,0,-51.007133000,131.738390000,25.224682000,265.757970535,8
Branch_025,25,37,3,12,2,-39.077698000,48.744965000,39.314186000,4.520285349,167.453244485,0.630096791,0,-51.007133000,131.738390000,25.224682000,265.757970535,8
Branch_025,25,38,3,12,3,-40.901249000,52.758144000,39.973698000,4.457117904,171.910362389,0.646868134,0,-51.007133000,131.738390000,25.224682000,265.757970535,8
Branch_025,25,39,3,12,4,-42.725853000,56.560471000,40.943188000,4.327445116,176.237807505,0.663151540,0,-51.007133000,131.738390000,25.224682000,265.757970535,8
Branch_025,25,40,3,12,5,-44.602505000,60.068466000,42.203861000,4.173385683,180.411193189,0.678855249,0,-51.007133000,131.738390000,25.224682000,265.757970535,8
Branch_025,25,41,3,12,6,-46.556820000,63.258331000,43.715164000,4.034677508,184.445870697,0.694037023,0,-51.007133000,131.738390000,25.224682000,265.757970535,8
Branch_025,25,42,3,12,7,-48.668339000,66.297379000,45.521130000,4.117746766,188.563617463,0.709531372,0,-51.007133000,131.738390000,25.224682000,265.757970535,8
Branch_025,25,43,4,13,1,-50.579292000,68.882439000,47.314671000,3.681177242,192.244794705,0.723382988,0,-51.007133000,131.738390000,25.224682000,265.757970535,8
Branch_025,25,44,5,27,1,-48.690441000,72.230789000,44.909473000,4.534774883,196.779569588,0.740446539,0,-51.007133000,131.738390000,25.224682000,265.757970535,8
Branch_025,25,45,5,27,2,-47.930210000,73.844986000,44.024170000,1.991819402,198.771388990,0.747941402,0,-51.007133000,131.738390000,25.224682000,265.757970535,8
Branch_025,25,46,5,27,3,-47.045216000,76.029518000,42.882030000,2.619136922,201.390525913,0.757796748,0,-51.007133000,131.738390000,25.224682000,265.757970535,8
Branch_025,25,47,5,27,4,-46.254795000,78.566696000,41.654549000,2.927242246,204.317768159,0.768811441,0,-51.007133000,131.738390000,25.224682000,265.757970535,8
Branch_025,25,48,5,27,5,-45.734581000,81.254890000,40.501083000,2.971109793,207.288877951,0.779991199,0,-51.007133000,131.738390000,25.224682000,265.757970535,8
Branch_025,25,49,5,27,6,-45.563881000,83.948097000,39.536957000,2.865665957,210.154543909,0.790774190,0,-51.007133000,131.738390000,25.224682000,265.757970535,8
Branch_025,25,50,5,27,7,-45.701767000,86.574341000,38.817318000,2.726545504,212.881089413,0.801033696,0,-51.007133000,131.738390000,25.224682000,265.757970535,8
Branch_025,25,51,5,27,8,-45.998642000,89.129250000,38.340176000,2.615981508,215.497070921,0.810877170,0,-51.007133000,131.738390000,25.224682000,265.757970535,8
Branch_025,25,52,5,27,9,-46.191780000,91.343819000,38.109314000,2.234930738,217.732001660,0.819286817,0,-51.007133000,131.738390000,25.224682000,265.757970535,8
Branch_025,25,53,6,28,1,-46.205544000,94.176872000,37.944023000,2.837904132,220.569905792,0.829965345,0,-51.007133000,131.738390000,25.224682000,265.757970535,8
Branch_025,25,54,6,28,2,-45.736401000,96.728386000,37.940884000,2.594287706,223.164193498,0.839727189,0,-51.007133000,131.738390000,25.224682000,265.757970535,8
Branch_025,25,55,6,28,3,-44.774288000,99.281036000,38.052784000,2.730239011,225.894432509,0.850000593,0,-51.007133000,131.738390000,25.224682000,265.757970535,8
Branch_025,25,56,6,28,4,-43.378967000,101.779390000,38.305992000,2.872770038,228.767202547,0.860810316,0,-51.007133000,131.738390000,25.224682000,265.757970535,8
Branch_025,25,57,6,28,5,-41.637257000,104.251630000,38.770802000,3.059668720,231.826871267,0.872323305,0,-51.007133000,131.738390000,25.224682000,265.757970535,8
Branch_025,25,58,7,68,1,-42.969097000,105.407520000,37.094948000,2.432769226,234.259640493,0.881477383,1,-51.007133000,131.738390000,25.224682000,265.757970535,8
Branch_025,25,59,7,68,2,-44.150753000,106.541790000,35.992756000,1.974261011,236.233901505,0.888906177,1,-51.007133000,131.738390000,25.224682000,265.757970535,8
Branch_025,25,60,7,68,3,-45.534267000,108.084030000,34.996574000,2.298911434,238.532812939,0.897556572,1,-51.007133000,131.738390000,25.224682000,265.757970535,8
Branch_025,25,61,7,68,4,-46.942970000,109.912160000,34.015015000,2.507979567,241.040792506,0.906993653,1,-51.007133000,131.738390000,25.224682000,265.757970535,8
Branch_025,25,62,7,68,5,-48.150158000,111.901210000,33.205944000,2.463375459,243.504167965,0.916262897,1,-51.007133000,131.738390000,25.224682000,265.757970535,8
Branch_025,25,63,7,68,6,-49.006767000,113.958160000,32.644058000,2.297942157,245.802110123,0.924909645,1,-51.007133000,131.738390000,25.224682000,265.757970535,8
Branch_025,25,64,7,68,7,-49.470432000,116.033600000,32.301357000,2.154038162,247.956148284,0.933014907,1,-51.007133000,131.738390000,25.224682000,265.757970535,8
Branch_025,25,65,7,68,8,-49.603924000,118.118050000,32.059872000,2.102633330,250.058781614,0.940926743,1,-51.007133000,131.738390000,25.224682000,265.757970535,8
Branch_025,25,66,7,68,9,-49.544899000,120.224490000,31.752947000,2.129501439,252.188283054,0.948939678,1,-51.007133000,131.738390000,25.224682000,265.757970535,8
Branch_025,25,67,7,68,10,-49.457027000,122.362910000,31.222763000,2.204916474,254.393199528,0.957236387,1,-51.007133000,131.738390000,25.224682000,265.757970535,8
Branch_025,25,68,7,68,11,-49.477558000,124.515320000,30.376673000,2.312824814,256.706024342,0.965939136,1,-51.007133000,131.738390000,25.224682000,265.757970535,8
Branch_025,25,69,7,68,12,-49.677048000,126.619450000,29.225060000,2.406942421,259.112966763,0.974996032,1,-51.007133000,131.738390000,25.224682000,265.757970535,8
Branch_025,25,70,7,68,13,-50.042530000,128.566700000,27.888880000,2.389714763,261.502681525,0.983988104,1,-51.007133000,131.738390000,25.224682000,265.757970535,8
Branch_025,25,71,7,68,14,-50.488190000,130.216020000,26.573896000,2.155934187,263.658615712,0.992100501,1,-51.007133000,131.738390000,25.224682000,265.757970535,8
Branch_025,25,72,7,68,15,-51.007133000,131.738390000,25.224682000,2.099354823,265.757970535,1.000000000,1,-51.007133000,131.738390000,25.224682000,265.757970535,8
Branch_026,26,0,0,9,0,9.155164700,-94.828995000,43.316994000,0.000000000,0.000000000,0.000000000,0,80.785851000,114.327600000,59.569523000,234.233859284,8
Branch_026,26,1,0,9,1,8.745691300,-90.524384000,41.931053000,4.540724257,4.540724257,0.019385431,0,80.785851000,114.327600000,59.569523000,234.233859284,8
Branch_026,26,2,0,9,2,8.447949400,-85.977066000,40.628029000,4.739685937,9.280410194,0.039620276,0,80.785851000,114.327600000,59.569523000,234.233859284,8
Branch_026,26,3,0,9,3,8.306425100,-80.784424000,39.387024000,5.340754018,14.621164212,0.062421224,0,80.785851000,114.327600000,59.569523000,234.233859284,8
Branch_026,26,4,0,9,4,8.427463500,-75.420364000,38.457928000,5.445274039,20.066438250,0.085668393,0,80.785851000,114.327600000,59.569523000,234.233859284,8
Branch_026,26,5,0,9,5,8.845435100,-70.229225000,37.995411000,5.228436320,25.294874570,0.107989830,0,80.785851000,114.327600000,59.569523000,234.233859284,8
Branch_026,26,6,0,9,6,9.507898300,-65.372032000,38.028183000,4.902270427,30.197144997,0.128918787,0,80.785851000,114.327600000,59.569523000,234.233859284,8
Branch_026,26,7,0,9,7,10.287036000,-60.827480000,38.464947000,4.631497731,34.828642727,0.148691751,0,80.785851000,114.327600000,59.569523000,234.233859284,8
Branch_026,26,8,0,9,8,11.014260000,-56.442604000,39.132923000,4.494683995,39.323326723,0.167880625,0,80.785851000,114.327600000,59.569523000,234.233859284,8
Branch_026,26,9,0,9,9,11.527933000,-52.014019000,39.835442000,4.513286829,43.836613551,0.187148919,0,80.785851000,114.327600000,59.569523000,234.233859284,8
Branch_026,26,10,0,9,10,11.720328000,-47.372635000,40.409962000,4.680762171,48.517375722,0.207132205,0,80.785851000,114.327600000,59.569523000,234.233859284,8
Branch_026,26,11,0,9,11,11.570354000,-42.445747000,40.769272000,4.942248602,53.459624324,0.228231838,0,80.785851000,114.327600000,59.569523000,234.233859284,8
Branch_026,26,12,0,9,12,11.152950000,-37.279388000,40.914940000,5.185239684,58.644864008,0.250368859,0,80.785851000,114.327600000,59.569523000,234.233859284,8
Branch_026,26,13,0,9,13,10.623031000,-32.017574000,40.921852000,5.288435354,63.933299362,0.272946446,0,80.785851000,114.327600000,59.569523000,234.233859284,8
Branch_026,26,14,0,9,14,10.179241000,-26.849152000,40.901917000,5.187478476,69.120777838,0.295093024,0,80.785851000,114.327600000,59.569523000,234.233859284,8
Branch_026,26,15,0,9,15,10.018347000,-21.942720000,40.961330000,4.909428862,74.030206700,0.316052542,0,80.785851000,114.327600000,59.569523000,234.233859284,8
Branch_026,26,16,0,9,16,10.293105000,-17.392542000,41.166740000,4.563091612,78.593298312,0.335533465,0,80.785851000,114.327600000,59.569523000,234.233859284,8
Branch_026,26,17,0,9,17,11.084682000,-13.193231000,41.531292000,4.288788312,82.882086624,0.353843321,0,80.785851000,114.327600000,59.569523000,234.233859284,8
Branch_026,26,18,0,9,18,12.395549000,-9.250117300,42.023792000,4.184384566,87.066471190,0.371707453,0,80.785851000,114.327600000,59.569523000,234.233859284,8
Branch_026,26,19,0,9,19,13.428562000,-7.010438900,42.358051000,2.488976551,89.555447741,0.382333485,0,80.785851000,114.327600000,59.569523000,234.233859284,8
Branch_026,26,20,1,8,1,16.282339000,-1.562926900,43.212620000,6.208841948,95.764289689,0.408840507,0,80.785851000,114.327600000,59.569523000,234.233859284,8
Branch_026,26,21,1,8,2,18.643381000,2.404393400,43.881081000,4.664867608,100.429157296,0.428755935,0,80.785851000,114.327600000,59.569523000,234.233859284,8
Branch_026,26,22,1,8,3,21.147991000,6.488432400,44.652599000,4.852595783,105.281753079,0.449472819,0,80.785851000,114.327600000,59.569523000,234.233859284,8
Branch_026,26,23,1,8,4,24.223534000,11.405412000,45.843182000,5.920569315,111.202322394,0.474749136,0,80.785851000,114.327600000,59.569523000,234.233859284,8
Branch_026,26,24,2,7,1,26.324202000,14.701306000,46.829159000,4.030865161,115.233187555,0.491957857,0,80.785851000,114.327600000,59.569523000,234.233859284,8
Branch_026,26,25,2,7,2,28.908293000,18.630505000,48.351257000,4.942966053,120.176153608,0.513060554,0,80.785851000,114.327600000,59.569523000,234.233859284,8
Branch_026,26,26,2,7,3,31.432501000,22.371405000,50.143032000,4.855555219,125.031708827,0.533790073,0,80.785851000,114.327600000,59.569523000,234.233859284,8
Branch_026,26,27,2,7,4,33.837540000,25.965391000,52.093472000,4.743960809,129.775669636,0.554043169,0,80.785851000,114.327600000,59.569523000,234.233859284,8
Branch_026,26,28,2,7,5,36.051430000,29.527443000,54.029991000,4.619483653,134.395153289,0.573764842,0,80.785851000,114.327600000,59.569523000,234.233859284,8
Branch_026,26,29,2,7,6,38.004852000,33.210518000,55.757656000,4.512840050,138.907993339,0.593031229,0,80.785851000,114.327600000,59.569523000,234.233859284,8
Branch_026,26,30,2,7,7,39.655231000,37.152805000,57.108654000,4.482250911,143.390244250,0.612167023,0,80.785851000,114.327600000,59.569523000,234.233859284,8
Branch_026,26,31,2,7,8,40.956230000,41.252876000,57.950741000,4.383182761,147.773427011,0.630879871,0,80.785851000,114.327600000,59.569523000,234.233859284,8
Branch_026,26,32,3,6,1,42.188423000,46.187943000,58.389992000,5.105499714,152.878926725,0.652676463,0,80.785851000,114.327600000,59.569523000,234.233859284,8
Branch_026,26,33,4,5,1,43.203922000,50.765629000,58.406876000,4.689001216,157.567927941,0.672694923,0,80.785851000,114.327600000,59.569523000,234.233859284,8
Branch_026,26,34,4,5,2,44.359421000,55.519661000,58.187195000,4.897372555,162.465300495,0.693602970,0,80.785851000,114.327600000,59.569523000,234.233859284,8
Branch_026,26,35,4,5,3,45.795403000,60.070236000,57.887691000,4.781158832,167.246459328,0.714014873,0,80.785851000,114.327600000,59.569523000,234.233859284,8
Branch_026,26,36,4,5,4,47.645630000,64.272171000,57.623878000,4.598825393,171.845284721,0.733648351,0,80.785851000,114.327600000,59.569523000,234.233859284,8
Branch_026,26,37,4,5,5,51.342567000,69.871460000,57.347439000,6.715340573,178.560625293,0.762317736,0,80.785851000,114.327600000,59.569523000,234.233859284,8
Branch_026,26,38,5,4,1,55.407112000,74.712769000,57.020290000,6.329757133,184.890382426,0.789340973,0,80.785851000,114.327600000,59.569523000,234.233859284,8
Branch_026,26,39,6,3,1,58.283745000,78.131050000,56.528973000,4.494558355,189.384940781,0.808529311,0,80.785851000,114.327600000,59.569523000,234.233859284,8
Branch_026,26,40,6,3,2,60.622337000,81.607315000,55.718319000,4.267386882,193.652327663,0.826747799,0,80.785851000,114.327600000,59.569523000,234.233859284,8
Branch_026,26,41,6,3,3,62.223511000,85.360001000,54.550529000,4.243835986,197.896163649,0.844865743,0,80.785851000,114.327600000,59.569523000,234.233859284,8
Branch_026,26,42,6,3,4,62.844906000,89.630898000,52.998016000,4.586609810,202.482773459,0.864447070,0,80.785851000,114.327600000,59.569523000,234.233859284,8
Branch_026,26,43,7,69,1,64.558502000,90.630379000,52.846218000,1.989576878,204.472350337,0.872941047,1,80.785851000,114.327600000,59.569523000,234.233859284,8
Branch_026,26,44,7,69,2,66.098953000,92.031105000,53.022987000,2.089562129,206.561912466,0.881861884,1,80.785851000,114.327600000,59.569523000,234.233859284,8
Branch_026,26,45,7,69,3,67.568794000,93.917641000,53.546406000,2.448145848,209.010058314,0.892313600,1,80.785851000,114.327600000,59.569523000,234.233859284,8
Branch_026,26,46,7,69,4,69.165276000,96.112892000,54.289501000,2.814262232,211.824320545,0.904328355,1,80.785851000,114.327600000,59.569523000,234.233859284,8
Branch_026,26,47,7,69,5,70.771011000,98.123909000,54.997387000,2.669021703,214.493342249,0.915723042,1,80.785851000,114.327600000,59.569523000,234.233859284,8
Branch_026,26,48,7,69,6,72.292747000,99.874985000,55.630878000,2.404840631,216.898182879,0.925989878,1,80.785851000,114.327600000,59.569523000,234.233859284,8
Branch_026,26,49,7,69,7,73.704681000,101.465990000,56.196312000,2.201038423,219.099221302,0.935386634,1,80.785851000,114.327600000,59.569523000,234.233859284,8
Branch_026,26,50,7,69,8,75.030823000,103.102320000,56.731106000,2.173069970,221.272291272,0.944663986,1,80.785851000,114.327600000,59.569523000,234.233859284,8
Branch_026,26,51,7,69,9,76.309998000,104.981540000,57.277977000,2.338124116,223.610415388,0.954645994,1,80.785851000,114.327600000,59.569523000,234.233859284,8
Branch_026,26,52,7,69,10,77.558357000,107.181360000,57.858238000,2.595055116,226.205470504,0.965724901,1,80.785851000,114.327600000,59.569523000,234.233859284,8
Branch_026,26,53,7,69,11,78.744438000,109.593440000,58.454777000,2.753321057,228.958791561,0.977479483,1,80.785851000,114.327600000,59.569523000,234.233859284,8
Branch_026,26,54,7,69,12,79.786514000,111.930230000,59.011368000,2.618454398,231.577245959,0.988658286,1,80.785851000,114.327600000,59.569523000,234.233859284,8
Branch_026,26,55,7,69,13,80.785851000,114.327600000,59.569523000,2.656613325,234.233859284,1.000000000,1,80.785851000,114.327600000,59.569523000,234.233859284,8
Branch_027,27,0,0,9,0,9.155164700,-94.828995000,43.316994000,0.000000000,0.000000000,0.000000000,0,57.162338000,42.916100000,21.098541000,200.238691875,7
Branch_027,27,1,0,9,1,8.745691300,-90.524384000,41.931053000,4.540724257,4.540724257,0.022676558,0,57.162338000,42.916100000,21.098541000,200.238691875,7
Branch_027,27,2,0,9,2,8.447949400,-85.977066000,40.628029000,4.739685937,9.280410194,0.046346738,0,57.162338000,42.916100000,21.098541000,200.238691875,7
Branch_027,27,3,0,9,3,8.306425100,-80.784424000,39.387024000,5.340754018,14.621164212,0.073018676,0,57.162338000,42.916100000,21.098541000,200.238691875,7
Branch_027,27,4,0,9,4,8.427463500,-75.420364000,38.457928000,5.445274039,20.066438250,0.100212592,0,57.162338000,42.916100000,21.098541000,200.238691875,7
Branch_027,27,5,0,9,5,8.845435100,-70.229225000,37.995411000,5.228436320,25.294874570,0.126323611,0,57.162338000,42.916100000,21.098541000,200.238691875,7
Branch_027,27,6,0,9,6,9.507898300,-65.372032000,38.028183000,4.902270427,30.197144997,0.150805744,0,57.162338000,42.916100000,21.098541000,200.238691875,7
Branch_027,27,7,0,9,7,10.287036000,-60.827480000,38.464947000,4.631497731,34.828642727,0.173935629,0,57.162338000,42.916100000,21.098541000,200.238691875,7
Branch_027,27,8,0,9,8,11.014260000,-56.442604000,39.132923000,4.494683995,39.323326723,0.196382259,0,57.162338000,42.916100000,21.098541000,200.238691875,7
Branch_027,27,9,0,9,9,11.527933000,-52.014019000,39.835442000,4.513286829,43.836613551,0.218921793,0,57.162338000,42.916100000,21.098541000,200.238691875,7
Branch_027,27,10,0,9,10,11.720328000,-47.372635000,40.409962000,4.680762171,48.517375722,0.242297706,0,57.162338000,42.916100000,21.098541000,200.238691875,7
Branch_027,27,11,0,9,11,11.570354000,-42.445747000,40.769272000,4.942248602,53.459624324,0.266979492,0,57.162338000,42.916100000,21.098541000,200.238691875,7
Branch_027,27,12,0,9,12,11.152950000,-37.279388000,40.914940000,5.185239684,58.644864008,0.292874786,0,57.162338000,42.916100000,21.098541000,200.238691875,7
Branch_027,27,13,0,9,13,10.623031000,-32.017574000,40.921852000,5.288435354,63.933299362,0.319285443,0,57.162338000,42.916100000,21.098541000,200.238691875,7
Branch_027,27,14,0,9,14,10.179241000,-26.849152000,40.901917000,5.187478476,69.120777838,0.345191917,0,57.162338000,42.916100000,21.098541000,200.238691875,7
Branch_027,27,15,0,9,15,10.018347000,-21.942720000,40.961330000,4.909428862,74.030206700,0.369709800,0,57.162338000,42.916100000,21.098541000,200.238691875,7
Branch_027,27,16,0,9,16,10.293105000,-17.392542000,41.166740000,4.563091612,78.593298312,0.392498061,0,57.162338000,42.916100000,21.098541000,200.238691875,7
Branch_027,27,17,0,9,17,11.084682000,-13.193231000,41.531292000,4.288788312,82.882086624,0.413916441,0,57.162338000,42.916100000,21.098541000,200.238691875,7
Branch_027,27,18,0,9,18,12.395549000,-9.250117300,42.023792000,4.184384566,87.066471190,0.434813424,0,57.162338000,42.916100000,21.098541000,200.238691875,7
Branch_027,27,19,0,9,19,13.428562000,-7.010438900,42.358051000,2.488976551,89.555447741,0.447243472,0,57.162338000,42.916100000,21.098541000,200.238691875,7
Branch_027,27,20,1,8,1,16.282339000,-1.562926900,43.212620000,6.208841948,95.764289689,0.478250676,0,57.162338000,42.916100000,21.098541000,200.238691875,7
Branch_027,27,21,1,8,2,18.643381000,2.404393400,43.881081000,4.664867608,100.429157296,0.501547210,0,57.162338000,42.916100000,21.098541000,200.238691875,7
Branch_027,27,22,1,8,3,21.147991000,6.488432400,44.652599000,4.852595783,105.281753079,0.525781267,0,57.162338000,42.916100000,21.098541000,200.238691875,7
Branch_027,27,23,1,8,4,24.223534000,11.405412000,45.843182000,5.920569315,111.202322394,0.555348826,0,57.162338000,42.916100000,21.098541000,200.238691875,7
Branch_027,27,24,2,7,1,26.324202000,14.701306000,46.829159000,4.030865161,115.233187555,0.575479127,0,57.162338000,42.916100000,21.098541000,200.238691875,7
Branch_027,27,25,2,7,2,28.908293000,18.630505000,48.351257000,4.942966053,120.176153608,0.600164496,0,57.162338000,42.916100000,21.098541000,200.238691875,7
Branch_027,27,26,2,7,3,31.432501000,22.371405000,50.143032000,4.855555219,125.031708827,0.624413332,0,57.162338000,42.916100000,21.098541000,200.238691875,7
Branch_027,27,27,2,7,4,33.837540000,25.965391000,52.093472000,4.743960809,129.775669636,0.648104861,0,57.162338000,42.916100000,21.098541000,200.238691875,7
Branch_027,27,28,2,7,5,36.051430000,29.527443000,54.029991000,4.619483653,134.395153289,0.671174747,0,57.162338000,42.916100000,21.098541000,200.238691875,7
Branch_027,27,29,2,7,6,38.004852000,33.210518000,55.757656000,4.512840050,138.907993339,0.693712050,0,57.162338000,42.916100000,21.098541000,200.238691875,7
Branch_027,27,30,2,7,7,39.655231000,37.152805000,57.108654000,4.482250911,143.390244250,0.716096589,0,57.162338000,42.916100000,21.098541000,200.238691875,7
Branch_027,27,31,2,7,8,40.956230000,41.252876000,57.950741000,4.383182761,147.773427011,0.737986378,0,57.162338000,42.916100000,21.098541000,200.238691875,7
Branch_027,27,32,3,6,1,42.188423000,46.187943000,58.389992000,5.105499714,152.878926725,0.763483447,0,57.162338000,42.916100000,21.098541000,200.238691875,7
Branch_027,27,33,4,36,1,43.238983000,46.377754000,55.953835000,2.659805530,155.538732255,0.776766622,0,57.162338000,42.916100000,21.098541000,200.238691875,7
Branch_027,27,34,4,36,2,43.936150000,46.795120000,53.947746000,2.164400443,157.703132698,0.787575724,0,57.162338000,42.916100000,21.098541000,200.238691875,7
Branch_027,27,35,4,36,3,44.764256000,47.499069000,51.703186000,2.493863135,160.196995833,0.800030176,0,57.162338000,42.916100000,21.098541000,200.238691875,7
Branch_027,27,36,4,36,4,46.239586000,48.470669000,48.974102000,3.250923661,163.447919494,0.816265418,0,57.162338000,42.916100000,21.098541000,200.238691875,7
Branch_027,27,37,5,70,1,44.573921000,47.144516000,46.410255000,3.332631559,166.780551054,0.832908713,0,57.162338000,42.916100000,21.098541000,200.238691875,7
Branch_027,27,38,5,70,2,43.769394000,46.585018000,44.452709000,2.189129518,168.969680572,0.843841313,0,57.162338000,42.916100000,21.098541000,200.238691875,7
Branch_027,27,39,5,70,3,42.999134000,45.710186000,42.037487000,2.681777173,171.651457745,0.857234215,0,57.162338000,42.916100000,21.098541000,200.238691875,7
Branch_027,27,40,5,70,4,42.572033000,44.558502000,39.573250000,2.753407941,174.404865686,0.870984843,0,57.162338000,42.916100000,21.098541000,200.238691875,7
Branch_027,27,41,5,70,5,42.656128000,43.260002000,37.344994000,2.580368001,176.985233687,0.883871304,0,57.162338000,42.916100000,21.098541000,200.238691875,7
Branch_027,27,42,5,70,6,43.155056000,42.197010000,35.710194000,2.012821945,178.998055632,0.893923417,0,57.162338000,42.916100000,21.098541000,200.238691875,7
Branch_027,27,43,6,71,1,44.163609000,41.080135000,33.784504000,2.443945764,181.442001396,0.906128579,1,57.162338000,42.916100000,21.098541000,200.238691875,7
Branch_027,27,44,6,71,2,45.263508000,40.597881000,32.190018000,1.996179435,183.438180830,0.916097579,1,57.162338000,42.916100000,21.098541000,200.238691875,7
Branch_027,27,45,6,71,3,46.440392000,40.620052000,30.503668000,2.056531990,185.494712820,0.926367982,1,57.162338000,42.916100000,21.098541000,200.238691875,7
Branch_027,27,46,6,71,4,47.720299000,41.045712000,28.670429000,2.275986291,187.770699111,0.937734348,1,57.162338000,42.916100000,21.098541000,200.238691875,7
Branch_027,27,47,6,71,5,49.208210000,41.671604000,26.759001000,2.501834715,190.272533825,0.950228610,1,57.162338000,42.916100000,21.098541000,200.238691875,7
Branch_027,27,48,6,71,6,50.984146000,42.274574000,24.923185000,2.624450777,192.896984603,0.963335222,1,57.162338000,42.916100000,21.098541000,200.238691875,7
Branch_027,27,49,6,71,7,52.996895000,42.696754000,23.331640000,2.600463416,195.497448018,0.976322039,1,57.162338000,42.916100000,21.098541000,200.238691875,7
Branch_027,27,50,6,71,8,55.017815000,42.894119000,22.106001000,2.371763384,197.869211402,0.988166720,1,57.162338000,42.916100000,21.098541000,200.238691875,7
Branch_027,27,51,6,71,9,57.162338000,42.916100000,21.098541000,2.369480473,200.238691875,1.000000000,1,57.162338000,42.916100000,21.098541000,200.238691875,7
Branch_028,28,0,0,9,0,9.155164700,-94.828995000,43.316994000,0.000000000,0.000000000,0.000000000,0,-77.389778000,74.709900000,31.581997000,223.862939532,6
Branch_028,28,1,0,9,1,8.745691300,-90.524384000,41.931053000,4.540724257,4.540724257,0.020283501,0,-77.389778000,74.709900000,31.581997000,223.862939532,6
Branch_028,28,2,0,9,2,8.447949400,-85.977066000,40.628029000,4.739685937,9.280410194,0.041455768,0,-77.389778000,74.709900000,31.581997000,223.862939532,6
Branch_028,28,3,0,9,3,8.306425100,-80.784424000,39.387024000,5.340754018,14.621164212,0.065313018,0,-77.389778000,74.709900000,31.581997000,223.862939532,6
Branch_028,28,4,0,9,4,8.427463500,-75.420364000,38.457928000,5.445274039,20.066438250,0.089637161,0,-77.389778000,74.709900000,31.581997000,223.862939532,6
Branch_028,28,5,0,9,5,8.845435100,-70.229225000,37.995411000,5.228436320,25.294874570,0.112992685,0,-77.389778000,74.709900000,31.581997000,223.862939532,6
Branch_028,28,6,0,9,6,9.507898300,-65.372032000,38.028183000,4.902270427,30.197144997,0.134891220,0,-77.389778000,74.709900000,31.581997000,223.862939532,6
Branch_028,28,7,0,9,7,10.287036000,-60.827480000,38.464947000,4.631497731,34.828642727,0.155580208,0,-77.389778000,74.709900000,31.581997000,223.862939532,6
Branch_028,28,8,0,9,8,11.014260000,-56.442604000,39.132923000,4.494683995,39.323326723,0.175658047,0,-77.389778000,74.709900000,31.581997000,223.862939532,6
Branch_028,28,9,0,9,9,11.527933000,-52.014019000,39.835442000,4.513286829,43.836613551,0.195818985,0,-77.389778000,74.709900000,31.581997000,223.862939532,6
Branch_028,28,10,0,9,10,11.720328000,-47.372635000,40.409962000,4.680762171,48.517375722,0.216728038,0,-77.389778000,74.709900000,31.581997000,223.862939532,6
Branch_028,28,11,0,9,11,11.570354000,-42.445747000,40.769272000,4.942248602,53.459624324,0.238805157,0,-77.389778000,74.709900000,31.581997000,223.862939532,6
Branch_028,28,12,0,9,12,11.152950000,-37.279388000,40.914940000,5.185239684,58.644864008,0.261967721,0,-77.389778000,74.709900000,31.581997000,223.862939532,6
Branch_028,28,13,0,9,13,10.623031000,-32.017574000,40.921852000,5.288435354,63.933299362,0.285591262,0,-77.389778000,74.709900000,31.581997000,223.862939532,6
Branch_028,28,14,0,9,14,10.179241000,-26.849152000,40.901917000,5.187478476,69.120777838,0.308763827,0,-77.389778000,74.709900000,31.581997000,223.862939532,6
Branch_028,28,15,0,9,15,10.018347000,-21.942720000,40.961330000,4.909428862,74.030206700,0.330694338,0,-77.389778000,74.709900000,31.581997000,223.862939532,6
Branch_028,28,16,0,9,16,10.293105000,-17.392542000,41.166740000,4.563091612,78.593298312,0.351077755,0,-77.389778000,74.709900000,31.581997000,223.862939532,6
Branch_028,28,17,0,9,17,11.084682000,-13.193231000,41.531292000,4.288788312,82.882086624,0.370235854,0,-77.389778000,74.709900000,31.581997000,223.862939532,6
Branch_028,28,18,0,9,18,12.395549000,-9.250117300,42.023792000,4.184384566,87.066471190,0.388927579,0,-77.389778000,74.709900000,31.581997000,223.862939532,6
Branch_028,28,19,0,9,19,13.428562000,-7.010438900,42.358051000,2.488976551,89.555447741,0.400045885,0,-77.389778000,74.709900000,31.581997000,223.862939532,6
Branch_028,28,20,1,10,1,8.513610800,-3.880808800,41.469315000,5.894165042,95.449612783,0.426375232,0,-77.389778000,74.709900000,31.581997000,223.862939532,6
Branch_028,28,21,1,10,2,5.700329800,-1.497111100,40.852108000,3.738650718,99.188263500,0.443075856,0,-77.389778000,74.709900000,31.581997000,223.862939532,6
Branch_028,28,22,1,10,3,3.228861600,1.258957700,40.246117000,3.751172535,102.939436035,0.459832415,0,-77.389778000,74.709900000,31.581997000,223.862939532,6
Branch_028,28,23,1,10,4,0.224044770,4.499023400,39.624977000,4.462372107,107.401808142,0.479765916,0,-77.389778000,74.709900000,31.581997000,223.862939532,6
Branch_028,28,24,1,10,5,-3.124296900,7.948573600,39.092415000,4.836776903,112.238585045,0.501371890,0,-77.389778000,74.709900000,31.581997000,223.862939532,6
Branch_028,28,25,1,10,6,-6.637706300,11.364470000,38.724075000,4.914068394,117.152653439,0.523323127,0,-77.389778000,74.709900000,31.581997000,223.862939532,6
Branch_028,28,26,1,10,7,-10.168994000,14.571689000,38.552483000,4.773435906,121.926089345,0.544646155,0,-77.389778000,74.709900000,31.581997000,223.862939532,6
Branch_028,28,27,1,10,8,-13.613175000,17.485661000,38.562916000,4.511510216,126.437599561,0.564799157,0,-77.389778000,74.709900000,31.581997000,223.862939532,6
Branch_028,28,28,1,10,9,-16.908464000,20.116638000,38.700928000,4.219006622,130.656606183,0.583645540,0,-77.389778000,74.709900000,31.581997000,223.862939532,6
Branch_028,28,29,1,10,10,-20.028803000,22.556101000,38.889393000,3.965225625,134.621831808,0.601358278,0,-77.389778000,74.709900000,31.581997000,223.862939532,6
Branch_028,28,30,1,10,11,-22.971312000,24.948771000,39.050686000,3.795951050,138.417782859,0.618314863,0,-77.389778000,74.709900000,31.581997000,223.862939532,6
Branch_028,28,31,1,10,12,-25.743008000,27.456394000,39.128395000,3.738517155,142.156300013,0.635014890,0,-77.389778000,74.709900000,31.581997000,223.862939532,6
Branch_028,28,32,1,10,13,-28.350756000,30.220842000,39.103210000,3.800415327,145.956715341,0.651991418,0,-77.389778000,74.709900000,31.581997000,223.862939532,6
Branch_028,28,33,1,10,14,-31.678991000,34.678879000,38.953018000,5.565411013,151.522126354,0.676852214,0,-77.389778000,74.709900000,31.581997000,223.862939532,6
Branch_028,28,34,2,11,1,-33.081928000,36.818501000,38.879490000,2.559613427,154.081739781,0.688286056,0,-77.389778000,74.709900000,31.581997000,223.862939532,6
Branch_028,28,35,2,11,2,-34.981613000,40.218311000,38.837078000,3.894779829,157.976519609,0.705684112,0,-77.389778000,74.709900000,31.581997000,223.862939532,6
Branch_028,28,36,3,12,1,-37.197227000,44.650524000,38.950371000,4.956439526,162.932959136,0.727824621,0,-77.389778000,74.709900000,31.581997000,223.862939532,6
Branch_028,28,37,3,12,2,-39.077698000,48.744965000,39.314186000,4.520285349,167.453244485,0.748016822,0,-77.389778000,74.709900000,31.581997000,223.862939532,6
Branch_028,28,38,3,12,3,-40.901249000,52.758144000,39.973698000,4.457117904,171.910362389,0.767926852,0,-77.389778000,74.709900000,31.581997000,223.862939532,6
Branch_028,28,39,3,12,4,-42.725853000,56.560471000,40.943188000,4.327445116,176.237807505,0.787257631,0,-77.389778000,74.709900000,31.581997000,223.862939532,6
Branch_028,28,40,3,12,5,-44.602505000,60.068466000,42.203861000,4.173385683,180.411193189,0.805900224,0,-77.389778000,74.709900000,31.581997000,223.862939532,6
Branch_028,28,41,3,12,6,-46.556820000,63.258331000,43.715164000,4.034677508,184.445870697,0.823923205,0,-77.389778000,74.709900000,31.581997000,223.862939532,6
Branch_028,28,42,3,12,7,-48.668339000,66.297379000,45.521130000,4.117746766,188.563617463,0.842317258,0,-77.389778000,74.709900000,31.581997000,223.862939532,6
Branch_028,28,43,4,73,1,-50.560658000,66.227295000,43.972309000,2.446350231,191.009967694,0.853245151,0,-77.389778000,74.709900000,31.581997000,223.862939532,6
Branch_028,28,44,4,73,2,-52.158661000,66.077911000,43.126339000,1.814275174,192.824242868,0.861349553,0,-77.389778000,74.709900000,31.581997000,223.862939532,6
Branch_028,28,45,4,73,3,-54.222397000,65.912941000,41.935577000,2.388333209,195.212576078,0.872018283,0,-77.389778000,74.709900000,31.581997000,223.862939532,6
Branch_028,28,46,4,73,4,-56.455101000,65.793999000,40.487701000,2.663730328,197.876306406,0.883917217,0,-77.389778000,74.709900000,31.581997000,223.862939532,6
Branch_028,28,47,4,73,5,-58.599934000,65.788803000,38.889011000,2.675097253,200.551403659,0.895866927,0,-77.389778000,74.709900000,31.581997000,223.862939532,6
Branch_028,28,48,4,73,6,-60.503323000,65.960808000,37.255043000,2.514423757,203.065827416,0.907098905,0,-77.389778000,74.709900000,31.581997000,223.862939532,6
Branch_028,28,49,4,73,7,-62.144711000,66.358795000,35.699265000,2.296299938,205.362127354,0.917356521,0,-77.389778000,74.709900000,31.581997000,223.862939532,6
Branch_028,28,50,4,73,8,-63.624352000,67.007668000,34.320946000,2.123708296,207.485835650,0.926843166,0,-77.389778000,74.709900000,31.581997000,223.862939532,6
Branch_028,28,51,4,73,9,-65.113319000,67.901962000,33.193909000,2.070506432,209.556342082,0.936092158,0,-77.389778000,74.709900000,31.581997000,223.862939532,6
Branch_028,28,52,4,73,10,-66.989059000,69.135254000,32.300076000,2.416267191,211.972609272,0.946885669,0,-77.389778000,74.709900000,31.581997000,223.862939532,6
Branch_028,28,53,5,72,1,-68.725342000,70.240883000,31.815372000,2.114717974,214.087327246,0.956332154,1,-77.389778000,74.709900000,31.581997000,223.862939532,6
Branch_028,28,54,5,72,2,-70.919014000,71.520294000,31.531998000,2.555267143,216.642594390,0.967746581,1,-77.389778000,74.709900000,31.581997000,223.862939532,6
Branch_028,28,55,5,72,3,-73.202271000,72.731255000,31.445808000,2.585946207,219.228540597,0.979298052,1,-77.389778000,74.709900000,31.581997000,223.862939532,6
Branch_028,28,56,5,72,4,-75.311455000,73.761864000,31.479198000,2.347749337,221.576289934,0.989785493,1,-77.389778000,74.709900000,31.581997000,223.862939532,6
Branch_028,28,57,5,72,5,-77.389778000,74.709900000,31.581997000,2.286649598,223.862939532,1.000000000,1,-77.389778000,74.709900000,31.581997000,223.862939532,6
Branch_029,29,0,0,9,0,9.155164700,-94.828995000,43.316994000,0.000000000,0.000000000,0.000000000,0,64.669395000,54.694798000,108.131290000,210.373699438,6
Branch_029,29,1,0,9,1,8.745691300,-90.524384000,41.931053000,4.540724257,4.540724257,0.021584087,0,64.669395000,54.694798000,108.131290000,210.373699438,6
Branch_029,29,2,0,9,2,8.447949400,-85.977066000,40.628029000,4.739685937,9.280410194,0.044113928,0,64.669395000,54.694798000,108.131290000,210.373699438,6
Branch_029,29,3,0,9,3,8.306425100,-80.784424000,39.387024000,5.340754018,14.621164212,0.069500913,0,64.669395000,54.694798000,108.131290000,210.373699438,6
Branch_029,29,4,0,9,4,8.427463500,-75.420364000,38.457928000,5.445274039,20.066438250,0.095384729,0,64.669395000,54.694798000,108.131290000,210.373699438,6
Branch_029,29,5,0,9,5,8.845435100,-70.229225000,37.995411000,5.228436320,25.294874570,0.120237818,0,64.669395000,54.694798000,108.131290000,210.373699438,6
Branch_029,29,6,0,9,6,9.507898300,-65.372032000,38.028183000,4.902270427,30.197144997,0.143540495,0,64.669395000,54.694798000,108.131290000,210.373699438,6
Branch_029,29,7,0,9,7,10.287036000,-60.827480000,38.464947000,4.631497731,34.828642727,0.165556069,0,64.669395000,54.694798000,108.131290000,210.373699438,6
Branch_029,29,8,0,9,8,11.014260000,-56.442604000,39.132923000,4.494683995,39.323326723,0.186921306,0,64.669395000,54.694798000,108.131290000,210.373699438,6
Branch_029,29,9,0,9,9,11.527933000,-52.014019000,39.835442000,4.513286829,43.836613551,0.208374971,0,64.669395000,54.694798000,108.131290000,210.373699438,6
Branch_029,29,10,0,9,10,11.720328000,-47.372635000,40.409962000,4.680762171,48.517375722,0.230624721,0,64.669395000,54.694798000,108.131290000,210.373699438,6
Branch_029,29,11,0,9,11,11.570354000,-42.445747000,40.769272000,4.942248602,53.459624324,0.254117432,0,64.669395000,54.694798000,108.131290000,210.373699438,6
Branch_029,29,12,0,9,12,11.152950000,-37.279388000,40.914940000,5.185239684,58.644864008,0.278765189,0,64.669395000,54.694798000,108.131290000,210.373699438,6
Branch_029,29,13,0,9,13,10.623031000,-32.017574000,40.921852000,5.288435354,63.933299362,0.303903480,0,64.669395000,54.694798000,108.131290000,210.373699438,6
Branch_029,29,14,0,9,14,10.179241000,-26.849152000,40.901917000,5.187478476,69.120777838,0.328561878,0,64.669395000,54.694798000,108.131290000,210.373699438,6
Branch_029,29,15,0,9,15,10.018347000,-21.942720000,40.961330000,4.909428862,74.030206700,0.351898583,0,64.669395000,54.694798000,108.131290000,210.373699438,6
Branch_029,29,16,0,9,16,10.293105000,-17.392542000,41.166740000,4.563091612,78.593298312,0.373588992,0,64.669395000,54.694798000,108.131290000,210.373699438,6
Branch_029,29,17,0,9,17,11.084682000,-13.193231000,41.531292000,4.288788312,82.882086624,0.393975515,0,64.669395000,54.694798000,108.131290000,210.373699438,6
Branch_029,29,18,0,9,18,12.395549000,-9.250117300,42.023792000,4.184384566,87.066471190,0.413865761,0,64.669395000,54.694798000,108.131290000,210.373699438,6
Branch_029,29,19,0,9,19,13.428562000,-7.010438900,42.358051000,2.488976551,89.555447741,0.425696976,0,64.669395000,54.694798000,108.131290000,210.373699438,6
Branch_029,29,20,1,8,1,16.282339000,-1.562926900,43.212620000,6.208841948,95.764289689,0.455210371,0,64.669395000,54.694798000,108.131290000,210.373699438,6
Branch_029,29,21,1,8,2,18.643381000,2.404393400,43.881081000,4.664867608,100.429157296,0.477384566,0,64.669395000,54.694798000,108.131290000,210.373699438,6
Branch_029,29,22,1,8,3,21.147991000,6.488432400,44.652599000,4.852595783,105.281753079,0.500451118,0,64.669395000,54.694798000,108.131290000,210.373699438,6
Branch_029,29,23,1,8,4,24.223534000,11.405412000,45.843182000,5.920569315,111.202322394,0.528594224,0,64.669395000,54.694798000,108.131290000,210.373699438,6
Branch_029,29,24,2,7,1,26.324202000,14.701306000,46.829159000,4.030865161,115.233187555,0.547754723,0,64.669395000,54.694798000,108.131290000,210.373699438,6
Branch_029,29,25,2,7,2,28.908293000,18.630505000,48.351257000,4.942966053,120.176153608,0.571250845,0,64.669395000,54.694798000,108.131290000,210.373699438,6
Branch_029,29,26,2,7,3,31.432501000,22.371405000,50.143032000,4.855555219,125.031708827,0.594331464,0,64.669395000,54.694798000,108.131290000,210.373699438,6
Branch_029,29,27,2,7,4,33.837540000,25.965391000,52.093472000,4.743960809,129.775669636,0.616881625,0,64.669395000,54.694798000,108.131290000,210.373699438,6
Branch_029,29,28,2,7,5,36.051430000,29.527443000,54.029991000,4.619483653,134.395153289,0.638840091,0,64.669395000,54.694798000,108.131290000,210.373699438,6
Branch_029,29,29,2,7,6,38.004852000,33.210518000,55.757656000,4.512840050,138.907993339,0.660291632,0,64.669395000,54.694798000,108.131290000,210.373699438,6
Branch_029,29,30,2,7,7,39.655231000,37.152805000,57.108654000,4.482250911,143.390244250,0.681597769,0,64.669395000,54.694798000,108.131290000,210.373699438,6
Branch_029,29,31,2,7,8,40.956230000,41.252876000,57.950741000,4.383182761,147.773427011,0.702432991,0,64.669395000,54.694798000,108.131290000,210.373699438,6
Branch_029,29,32,3,30,1,43.295071000,40.246666000,60.737228000,3.774539123,151.547966134,0.720375059,0,64.669395000,54.694798000,108.131290000,210.373699438,6
Branch_029,29,33,3,30,2,44.702137000,39.873608000,62.468090000,2.261612315,153.809578449,0.731125511,0,64.669395000,54.694798000,108.131290000,210.373699438,6
Branch_029,29,34,3,30,3,45.984074000,39.836739000,64.156197000,2.120006377,155.929584826,0.741202846,0,64.669395000,54.694798000,108.131290000,210.373699438,6
Branch_029,29,35,3,30,4,47.473175000,39.863491000,66.208878000,2.536067181,158.465652007,0.753257905,0,64.669395000,54.694798000,108.131290000,210.373699438,6
Branch_029,29,36,3,30,5,49.024231000,39.993126000,68.493973000,2.764821713,161.230473720,0.766400335,0,64.669395000,54.694798000,108.131290000,210.373699438,6
Branch_029,29,37,3,30,6,50.501301000,40.248829000,70.885628000,2.822611105,164.053084825,0.779817464,0,64.669395000,54.694798000,108.131290000,210.373699438,6
Branch_029,29,38,3,30,7,51.796120000,40.628902000,73.280006000,2.748464614,166.801549439,0.792882142,0,64.669395000,54.694798000,108.131290000,210.373699438,6
Branch_029,29,39,3,30,8,52.841160000,41.102505000,75.606209000,2.593767299,169.395316738,0.805211475,0,64.669395000,54.694798000,108.131290000,210.373699438,6
Branch_029,29,40,3,30,9,53.802250000,41.776031000,78.586617000,3.203148936,172.598465674,0.820437470,0,64.669395000,54.694798000,108.131290000,210.373699438,6
Branch_029,29,41,4,31,1,54.141121000,42.075058000,79.956009000,1.442042007,174.040507681,0.827292138,0,64.669395000,54.694798000,108.131290000,210.373699438,6
Branch_029,29,42,4,31,2,54.475849000,42.406338000,82.010620000,2.107893649,176.148401330,0.837311897,0,64.669395000,54.694798000,108.131290000,210.373699438,6
Branch_029,29,43,4,31,3,54.695782000,42.522011000,84.038651000,2.043198596,178.191599926,0.847024131,0,64.669395000,54.694798000,108.131290000,210.373699438,6
Branch_029,29,44,4,31,4,54.879318000,42.359379000,86.085213000,2.061201264,180.252801190,0.856821940,0,64.669395000,54.694798000,108.131290000,210.373699438,6
Branch_029,29,45,4,31,5,55.090481000,41.888096000,88.184288000,2.161669108,182.414470299,0.867097317,0,64.669395000,54.694798000,108.131290000,210.373699438,6
Branch_029,29,46,4,31,6,55.250336000,41.441544000,89.439613000,1.341940075,183.756410374,0.873476156,0,64.669395000,54.694798000,108.131290000,210.373699438,6
Branch_029,29,47,5,74,1,55.740746000,42.972073000,90.190613000,1.773984777,185.530395151,0.881908697,1,64.669395000,54.694798000,108.131290000,210.373699438,6
Branch_029,29,48,5,74,2,56.502445000,44.387577000,90.995796000,1.797819959,187.328215109,0.890454537,1,64.669395000,54.694798000,108.131290000,210.373699438,6
Branch_029,29,49,5,74,3,57.404568000,45.946949000,92.214859000,2.175219883,189.503434992,0.900794327,1,64.669395000,54.694798000,108.131290000,210.373699438,6
Branch_029,29,50,5,74,4,58.062965000,47.388294000,93.727013000,2.190335988,191.693770980,0.911205971,1,64.669395000,54.694798000,108.131290000,210.373699438,6
Branch_029,29,51,5,74,5,58.441536000,48.560642000,95.369606000,2.053248061,193.747019041,0.920965974,1,64.669395000,54.694798000,108.131290000,210.373699438,6
Branch_029,29,52,5,74,6,58.722515000,49.509243000,96.953514000,1.867500364,195.614519404,0.929843036,1,64.669395000,54.694798000,108.131290000,210.373699438,6
Branch_029,29,53,5,74,7,59.185112000,50.395939000,98.338676000,1.708478723,197.322998127,0.937964197,1,64.669395000,54.694798000,108.131290000,210.373699438,6
Branch_029,29,54,5,74,8,60.028522000,51.365196000,99.502174000,1.733357192,199.056355320,0.946203617,1,64.669395000,54.694798000,108.131290000,210.373699438,6
Branch_029,29,55,5,74,9,61.242607000,52.436478000,100.554280000,1.930951720,200.987307040,0.955382291,1,64.669395000,54.694798000,108.131290000,210.373699438,6
Branch_029,29,56,5,74,10,62.600769000,53.484394000,101.681890000,2.052860510,203.040167550,0.965140453,1,64.669395000,54.694798000,108.131290000,210.373699438,6
Branch_029,29,57,5,74,11,63.777855000,54.313782000,103.039480000,1.979006446,205.019173996,0.974547553,1,64.669395000,54.694798000,108.131290000,210.373699438,6
Branch_029,29,58,5,74,12,64.523148000,54.780342000,104.640440000,1.826530266,206.845704262,0.983229866,1,64.669395000,54.694798000,108.131290000,210.373699438,6
Branch_029,29,59,5,74,13,64.787323000,54.881512000,106.308610000,1.691985505,208.537689766,0.991272627,1,64.669395000,54.694798000,108.131290000,210.373699438,6
Branch_029,29,60,5,74,14,64.669395000,54.694798000,108.131290000,1.836009671,210.373699438,1.000000000,1,64.669395000,54.694798000,108.131290000,210.373699438,6
Branch_030,30,0,0,9,0,9.155164700,-94.828995000,43.316994000,0.000000000,0.000000000,0.000000000,0,-27.679562000,21.792316000,10.468040000,205.545948558,6
Branch_030,30,1,0,9,1,8.745691300,-90.524384000,41.931053000,4.540724257,4.540724257,0.022091042,0,-27.679562000,21.792316000,10.468040000,205.545948558,6
Branch_030,30,2,0,9,2,8.447949400,-85.977066000,40.628029000,4.739685937,9.280410194,0.045150052,0,-27.679562000,21.792316000,10.468040000,205.545948558,6
Branch_030,30,3,0,9,3,8.306425100,-80.784424000,39.387024000,5.340754018,14.621164212,0.071133313,0,-27.679562000,21.792316000,10.468040000,205.545948558,6
Branch_030,30,4,0,9,4,8.427463500,-75.420364000,38.457928000,5.445274039,20.066438250,0.097625073,0,-27.679562000,21.792316000,10.468040000,205.545948558,6
Branch_030,30,5,0,9,5,8.845435100,-70.229225000,37.995411000,5.228436320,25.294874570,0.123061898,0,-27.679562000,21.792316000,10.468040000,205.545948558,6
Branch_030,30,6,0,9,6,9.507898300,-65.372032000,38.028183000,4.902270427,30.197144997,0.146911896,0,-27.679562000,21.792316000,10.468040000,205.545948558,6
Branch_030,30,7,0,9,7,10.287036000,-60.827480000,38.464947000,4.631497731,34.828642727,0.169444560,0,-27.679562000,21.792316000,10.468040000,205.545948558,6
Branch_030,30,8,0,9,8,11.014260000,-56.442604000,39.132923000,4.494683995,39.323326723,0.191311612,0,-27.679562000,21.792316000,10.468040000,205.545948558,6
Branch_030,30,9,0,9,9,11.527933000,-52.014019000,39.835442000,4.513286829,43.836613551,0.213269169,0,-27.679562000,21.792316000,10.468040000,205.545948558,6
Branch_030,30,10,0,9,10,11.720328000,-47.372635000,40.409962000,4.680762171,48.517375722,0.236041508,0,-27.679562000,21.792316000,10.468040000,205.545948558,6
Branch_030,30,11,0,9,11,11.570354000,-42.445747000,40.769272000,4.942248602,53.459624324,0.260086004,0,-27.679562000,21.792316000,10.468040000,205.545948558,6
Branch_030,30,12,0,9,12,11.152950000,-37.279388000,40.914940000,5.185239684,58.644864008,0.285312673,0,-27.679562000,21.792316000,10.468040000,205.545948558,6
Branch_030,30,13,0,9,13,10.623031000,-32.017574000,40.921852000,5.288435354,63.933299362,0.311041399,0,-27.679562000,21.792316000,10.468040000,205.545948558,6
Branch_030,30,14,0,9,14,10.179241000,-26.849152000,40.901917000,5.187478476,69.120777838,0.336278960,0,-27.679562000,21.792316000,10.468040000,205.545948558,6
Branch_030,30,15,0,9,15,10.018347000,-21.942720000,40.961330000,4.909428862,74.030206700,0.360163784,0,-27.679562000,21.792316000,10.468040000,205.545948558,6
Branch_030,30,16,0,9,16,10.293105000,-17.392542000,41.166740000,4.563091612,78.593298312,0.382363646,0,-27.679562000,21.792316000,10.468040000,205.545948558,6
Branch_030,30,17,0,9,17,11.084682000,-13.193231000,41.531292000,4.288788312,82.882086624,0.403228997,0,-27.679562000,21.792316000,10.468040000,205.545948558,6
Branch_030,30,18,0,9,18,12.395549000,-9.250117300,42.023792000,4.184384566,87.066471190,0.423586414,0,-27.679562000,21.792316000,10.468040000,205.545948558,6
Branch_030,30,19,0,9,19,13.428562000,-7.010438900,42.358051000,2.488976551,89.555447741,0.435695514,0,-27.679562000,21.792316000,10.468040000,205.545948558,6
Branch_030,30,20,1,10,1,8.513610800,-3.880808800,41.469315000,5.894165042,95.449612783,0.464371171,0,-27.679562000,21.792316000,10.468040000,205.545948558,6
Branch_030,30,21,1,10,2,5.700329800,-1.497111100,40.852108000,3.738650718,99.188263500,0.482560051,0,-27.679562000,21.792316000,10.468040000,205.545948558,6
Branch_030,30,22,1,10,3,3.228861600,1.258957700,40.246117000,3.751172535,102.939436035,0.500809852,0,-27.679562000,21.792316000,10.468040000,205.545948558,6
Branch_030,30,23,1,10,4,0.224044770,4.499023400,39.624977000,4.462372107,107.401808142,0.522519704,0,-27.679562000,21.792316000,10.468040000,205.545948558,6
Branch_030,30,24,1,10,5,-3.124296900,7.948573600,39.092415000,4.836776903,112.238585045,0.546051070,0,-27.679562000,21.792316000,10.468040000,205.545948558,6
Branch_030,30,25,1,10,6,-6.637706300,11.364470000,38.724075000,4.914068394,117.152653439,0.569958466,0,-27.679562000,21.792316000,10.468040000,205.545948558,6
Branch_030,30,26,1,10,7,-10.168994000,14.571689000,38.552483000,4.773435906,121.926089345,0.593181672,0,-27.679562000,21.792316000,10.468040000,205.545948558,6
Branch_030,30,27,1,10,8,-13.613175000,17.485661000,38.562916000,4.511510216,126.437599561,0.615130585,0,-27.679562000,21.792316000,10.468040000,205.545948558,6
Branch_030,30,28,1,10,9,-16.908464000,20.116638000,38.700928000,4.219006622,130.656606183,0.635656441,0,-27.679562000,21.792316000,10.468040000,205.545948558,6
Branch_030,30,29,1,10,10,-20.028803000,22.556101000,38.889393000,3.965225625,134.621831808,0.654947630,0,-27.679562000,21.792316000,10.468040000,205.545948558,6
Branch_030,30,30,1,10,11,-22.971312000,24.948771000,39.050686000,3.795951050,138.417782859,0.673415282,0,-27.679562000,21.792316000,10.468040000,205.545948558,6
Branch_030,30,31,1,10,12,-25.743008000,27.456394000,39.128395000,3.738517155,142.156300013,0.691603513,0,-27.679562000,21.792316000,10.468040000,205.545948558,6
Branch_030,30,32,1,10,13,-28.350756000,30.220842000,39.103210000,3.800415327,145.956715341,0.710092884,0,-27.679562000,21.792316000,10.468040000,205.545948558,6
Branch_030,30,33,1,10,14,-31.678991000,34.678879000,38.953018000,5.565411013,151.522126354,0.737169122,0,-27.679562000,21.792316000,10.468040000,205.545948558,6
Branch_030,30,34,2,11,1,-33.081928000,36.818501000,38.879490000,2.559613427,154.081739781,0.749621877,0,-27.679562000,21.792316000,10.468040000,205.545948558,6
Branch_030,30,35,2,11,2,-34.981613000,40.218311000,38.837078000,3.894779829,157.976519609,0.768570340,0,-27.679562000,21.792316000,10.468040000,205.545948558,6
Branch_030,30,36,3,61,1,-35.475735000,40.534775000,36.845673000,2.076053922,160.052573532,0.778670534,0,-27.679562000,21.792316000,10.468040000,205.545948558,6
Branch_030,30,37,3,61,2,-36.055759000,41.018837000,35.346100000,1.679125678,161.731699210,0.786839635,0,-27.679562000,21.792316000,10.468040000,205.545948558,6
Branch_030,30,38,3,61,3,-36.795139000,41.766941000,33.615776000,2.024935437,163.756634647,0.796691133,0,-27.679562000,21.792316000,10.468040000,205.545948558,6
Branch_030,30,39,3,61,4,-37.459053000,42.598156000,31.567286000,2.308248569,166.064883216,0.807920975,0,-27.679562000,21.792316000,10.468040000,205.545948558,6
Branch_030,30,40,3,61,5,-37.852947000,43.421696000,29.379478000,2.370627440,168.435510656,0.819454296,0,-27.679562000,21.792316000,10.468040000,205.545948558,6
Branch_030,30,41,3,61,6,-37.815964000,44.174286000,27.230293000,2.277444975,170.712955631,0.830534276,0,-27.679562000,21.792316000,10.468040000,205.545948558,6
Branch_030,30,42,3,61,7,-37.250183000,44.834927000,25.277079000,2.138129931,172.851085562,0.840936476,0,-27.679562000,21.792316000,10.468040000,205.545948558,6
Branch_030,30,43,3,61,8,-36.137295000,45.429554000,23.641102000,2.066040105,174.917125666,0.850987951,0,-27.679562000,21.792316000,10.468040000,205.545948558,6
Branch_030,30,44,3,61,9,-35.050892000,45.834045000,22.795732000,1.434759521,176.351885188,0.857968189,0,-27.679562000,21.792316000,10.468040000,205.545948558,6
Branch_030,30,45,4,75,1,-35.086208000,44.739735000,21.574865000,1.639901774,177.991786961,0.865946462,0,-27.679562000,21.792316000,10.468040000,205.545948558,6
Branch_030,30,46,4,75,2,-34.956467000,43.796158000,20.500103000,1.436065332,179.427852294,0.872933052,0,-27.679562000,21.792316000,10.468040000,205.545948558,6
Branch_030,30,47,4,75,3,-34.772991000,42.516094000,19.111383000,1.897569636,181.325421930,0.882164904,0,-27.679562000,21.792316000,10.468040000,205.545948558,6
Branch_030,30,48,4,75,4,-34.543602000,41.025787000,17.619642000,2.121067061,183.446488992,0.892484091,0,-27.679562000,21.792316000,10.468040000,205.545948558,6
Branch_030,30,49,4,75,5,-34.271591000,39.443798000,16.226276000,2.125593562,185.572082553,0.902825299,0,-27.679562000,21.792316000,10.468040000,205.545948558,6
Branch_030,30,50,4,75,6,-33.844471000,37.407330000,14.842885000,2.498680465,188.070763019,0.914981610,0,-27.679562000,21.792316000,10.468040000,205.545948558,6
Branch_030,30,51,5,76,1,-33.577152000,36.302799000,14.256261000,1.278896358,189.349659377,0.921203559,1,-27.679562000,21.792316000,10.468040000,205.545948558,6
Branch_030,30,52,5,76,2,-33.128185000,34.775990000,13.737267000,1.673939026,191.023598403,0.929347427,1,-27.679562000,21.792316000,10.468040000,205.545948558,6
Branch_030,30,53,5,76,3,-32.591766000,33.235611000,13.440198000,1.657939323,192.681537725,0.937413455,1,-27.679562000,21.792316000,10.468040000,205.545948558,6
Branch_030,30,54,5,76,4,-31.961199000,31.632395000,13.241985000,1.734129372,194.415667097,0.945850154,1,-27.679562000,21.792316000,10.468040000,205.545948558,6
Branch_030,30,55,5,76,5,-31.243927000,29.935305000,13.019781000,1.855793148,196.271460245,0.954878759,1,-27.679562000,21.792316000,10.468040000,205.545948558,6
Branch_030,30,56,5,76,6,-30.465647000,28.154346000,12.687090000,1.971856491,198.243316736,0.964472023,1,-27.679562000,21.792316000,10.468040000,205.545948558,6
Branch_030,30,57,5,76,7,-29.670746000,26.352362000,12.217376000,2.024758054,200.268074790,0.974322657,1,-27.679562000,21.792316000,10.468040000,205.545948558,6
Branch_030,30,58,5,76,8,-28.918467000,24.642063000,11.649288000,1.952887692,202.220962482,0.983823636,1,-27.679562000,21.792316000,10.468040000,205.545948558,6
Branch_030,30,59,5,76,9,-28.275169000,23.168543000,11.072816000,1.708043756,203.929006239,0.992133426,1,-27.679562000,21.792316000,10.468040000,205.545948558,6
Branch_030,30,60,5,76,10,-27.679562000,21.792316000,10.468040000,1.616942319,205.545948558,1.000000000,1,-27.679562000,21.792316000,10.468040000,205.545948558,6
Branch_031,31,0,0,9,0,9.155164700,-94.828995000,43.316994000,0.000000000,0.000000000,0.000000000,0,-78.680313000,138.953610000,32.483257000,280.352832782,8
Branch_031,31,1,0,9,1,8.745691300,-90.524384000,41.931053000,4.540724257,4.540724257,0.016196463,0,-78.680313000,138.953610000,32.483257000,280.352832782,8
Branch_031,31,2,0,9,2,8.447949400,-85.977066000,40.628029000,4.739685937,9.280410194,0.033102609,0,-78.680313000,138.953610000,32.483257000,280.352832782,8
Branch_031,31,3,0,9,3,8.306425100,-80.784424000,39.387024000,5.340754018,14.621164212,0.052152725,0,-78.680313000,138.953610000,32.483257000,280.352832782,8
Branch_031,31,4,0,9,4,8.427463500,-75.420364000,38.457928000,5.445274039,20.066438250,0.071575657,0,-78.680313000,138.953610000,32.483257000,280.352832782,8
Branch_031,31,5,0,9,5,8.845435100,-70.229225000,37.995411000,5.228436320,25.294874570,0.090225144,0,-78.680313000,138.953610000,32.483257000,280.352832782,8
Branch_031,31,6,0,9,6,9.507898300,-65.372032000,38.028183000,4.902270427,30.197144997,0.107711218,0,-78.680313000,138.953610000,32.483257000,280.352832782,8
Branch_031,31,7,0,9,7,10.287036000,-60.827480000,38.464947000,4.631497731,34.828642727,0.124231464,0,-78.680313000,138.953610000,32.483257000,280.352832782,8
Branch_031,31,8,0,9,8,11.014260000,-56.442604000,39.132923000,4.494683995,39.323326723,0.140263704,0,-78.680313000,138.953610000,32.483257000,280.352832782,8
Branch_031,31,9,0,9,9,11.527933000,-52.014019000,39.835442000,4.513286829,43.836613551,0.156362299,0,-78.680313000,138.953610000,32.483257000,280.352832782,8
Branch_031,31,10,0,9,10,11.720328000,-47.372635000,40.409962000,4.680762171,48.517375722,0.173058268,0,-78.680313000,138.953610000,32.483257000,280.352832782,8
Branch_031,31,11,0,9,11,11.570354000,-42.445747000,40.769272000,4.942248602,53.459624324,0.190686942,0,-78.680313000,138.953610000,32.483257000,280.352832782,8
Branch_031,31,12,0,9,12,11.152950000,-37.279388000,40.914940000,5.185239684,58.644864008,0.209182349,0,-78.680313000,138.953610000,32.483257000,280.352832782,8
Branch_031,31,13,0,9,13,10.623031000,-32.017574000,40.921852000,5.288435354,63.933299362,0.228045848,0,-78.680313000,138.953610000,32.483257000,280.352832782,8
Branch_031,31,14,0,9,14,10.179241000,-26.849152000,40.901917000,5.187478476,69.120777838,0.246549240,0,-78.680313000,138.953610000,32.483257000,280.352832782,8
Branch_031,31,15,0,9,15,10.018347000,-21.942720000,40.961330000,4.909428862,74.030206700,0.264060848,0,-78.680313000,138.953610000,32.483257000,280.352832782,8
Branch_031,31,16,0,9,16,10.293105000,-17.392542000,41.166740000,4.563091612,78.593298312,0.280337094,0,-78.680313000,138.953610000,32.483257000,280.352832782,8
Branch_031,31,17,0,9,17,11.084682000,-13.193231000,41.531292000,4.288788312,82.882086624,0.295634918,0,-78.680313000,138.953610000,32.483257000,280.352832782,8
Branch_031,31,18,0,9,18,12.395549000,-9.250117300,42.023792000,4.184384566,87.066471190,0.310560340,0,-78.680313000,138.953610000,32.483257000,280.352832782,8
Branch_031,31,19,0,9,19,13.428562000,-7.010438900,42.358051000,2.488976551,89.555447741,0.319438355,0,-78.680313000,138.953610000,32.483257000,280.352832782,8
Branch_031,31,20,1,10,1,8.513610800,-3.880808800,41.469315000,5.894165042,95.449612783,0.340462452,0,-78.680313000,138.953610000,32.483257000,280.352832782,8
Branch_031,31,21,1,10,2,5.700329800,-1.497111100,40.852108000,3.738650718,99.188263500,0.353797971,0,-78.680313000,138.953610000,32.483257000,280.352832782,8
Branch_031,31,22,1,10,3,3.228861600,1.258957700,40.246117000,3.751172535,102.939436035,0.367178156,0,-78.680313000,138.953610000,32.483257000,280.352832782,8
Branch_031,31,23,1,10,4,0.224044770,4.499023400,39.624977000,4.462372107,107.401808142,0.383095141,0,-78.680313000,138.953610000,32.483257000,280.352832782,8
Branch_031,31,24,1,10,5,-3.124296900,7.948573600,39.092415000,4.836776903,112.238585045,0.400347605,0,-78.680313000,138.953610000,32.483257000,280.352832782,8
Branch_031,31,25,1,10,6,-6.637706300,11.364470000,38.724075000,4.914068394,117.152653439,0.417875761,0,-78.680313000,138.953610000,32.483257000,280.352832782,8
Branch_031,31,26,1,10,7,-10.168994000,14.571689000,38.552483000,4.773435906,121.926089345,0.434902291,0,-78.680313000,138.953610000,32.483257000,280.352832782,8
Branch_031,31,27,1,10,8,-13.613175000,17.485661000,38.562916000,4.511510216,126.437599561,0.450994550,0,-78.680313000,138.953610000,32.483257000,280.352832782,8
Branch_031,31,28,1,10,9,-16.908464000,20.116638000,38.700928000,4.219006622,130.656606183,0.466043467,0,-78.680313000,138.953610000,32.483257000,280.352832782,8
Branch_031,31,29,1,10,10,-20.028803000,22.556101000,38.889393000,3.965225625,134.621831808,0.480187164,0,-78.680313000,138.953610000,32.483257000,280.352832782,8
Branch_031,31,30,1,10,11,-22.971312000,24.948771000,39.050686000,3.795951050,138.417782859,0.493727071,0,-78.680313000,138.953610000,32.483257000,280.352832782,8
Branch_031,31,31,1,10,12,-25.743008000,27.456394000,39.128395000,3.738517155,142.156300013,0.507062114,0,-78.680313000,138.953610000,32.483257000,280.352832782,8
Branch_031,31,32,1,10,13,-28.350756000,30.220842000,39.103210000,3.800415327,145.956715341,0.520617944,0,-78.680313000,138.953610000,32.483257000,280.352832782,8
Branch_031,31,33,1,10,14,-31.678991000,34.678879000,38.953018000,5.565411013,151.522126354,0.540469397,0,-78.680313000,138.953610000,32.483257000,280.352832782,8
Branch_031,31,34,2,11,1,-33.081928000,36.818501000,38.879490000,2.559613427,154.081739781,0.549599368,0,-78.680313000,138.953610000,32.483257000,280.352832782,8
Branch_031,31,35,2,11,2,-34.981613000,40.218311000,38.837078000,3.894779829,157.976519609,0.563491790,0,-78.680313000,138.953610000,32.483257000,280.352832782,8
Branch_031,31,36,3,12,1,-37.197227000,44.650524000,38.950371000,4.956439526,162.932959136,0.581171082,0,-78.680313000,138.953610000,32.483257000,280.352832782,8
Branch_031,31,37,3,12,2,-39.077698000,48.744965000,39.314186000,4.520285349,167.453244485,0.597294641,0,-78.680313000,138.953610000,32.483257000,280.352832782,8
Branch_031,31,38,3,12,3,-40.901249000,52.758144000,39.973698000,4.457117904,171.910362389,0.613192885,0,-78.680313000,138.953610000,32.483257000,280.352832782,8
Branch_031,31,39,3,12,4,-42.725853000,56.560471000,40.943188000,4.327445116,176.237807505,0.628628595,0,-78.680313000,138.953610000,32.483257000,280.352832782,8
Branch_031,31,40,3,12,5,-44.602505000,60.068466000,42.203861000,4.173385683,180.411193189,0.643514786,0,-78.680313000,138.953610000,32.483257000,280.352832782,8
Branch_031,31,41,3,12,6,-46.556820000,63.258331000,43.715164000,4.034677508,184.445870697,0.657906214,0,-78.680313000,138.953610000,32.483257000,280.352832782,8
Branch_031,31,42,3,12,7,-48.668339000,66.297379000,45.521130000,4.117746766,188.563617463,0.672593944,0,-78.680313000,138.953610000,32.483257000,280.352832782,8
Branch_031,31,43,4,13,1,-50.579292000,68.882439000,47.314671000,3.681177242,192.244794705,0.685724459,0,-78.680313000,138.953610000,32.483257000,280.352832782,8
Branch_031,31,44,5,27,1,-48.690441000,72.230789000,44.909473000,4.534774883,196.779569588,0.701899701,0,-78.680313000,138.953610000,32.483257000,280.352832782,8
Branch_031,31,45,5,27,2,-47.930210000,73.844986000,44.024170000,1.991819402,198.771388990,0.709004389,0,-78.680313000,138.953610000,32.483257000,280.352832782,8
Branch_031,31,46,5,27,3,-47.045216000,76.029518000,42.882030000,2.619136922,201.390525913,0.718346677,0,-78.680313000,138.953610000,32.483257000,280.352832782,8
Branch_031,31,47,5,27,4,-46.254795000,78.566696000,41.654549000,2.927242246,204.317768159,0.728787957,0,-78.680313000,138.953610000,32.483257000,280.352832782,8
Branch_031,31,48,5,27,5,-45.734581000,81.254890000,40.501083000,2.971109793,207.288877951,0.739385709,0,-78.680313000,138.953610000,32.483257000,280.352832782,8
Branch_031,31,49,5,27,6,-45.563881000,83.948097000,39.536957000,2.865665957,210.154543909,0.749607350,0,-78.680313000,138.953610000,32.483257000,280.352832782,8
Branch_031,31,50,5,27,7,-45.701767000,86.574341000,38.817318000,2.726545504,212.881089413,0.759332757,0,-78.680313000,138.953610000,32.483257000,280.352832782,8
Branch_031,31,51,5,27,8,-45.998642000,89.129250000,38.340176000,2.615981508,215.497070921,0.768663790,0,-78.680313000,138.953610000,32.483257000,280.352832782,8
Branch_031,31,52,5,27,9,-46.191780000,91.343819000,38.109314000,2.234930738,217.732001660,0.776635640,0,-78.680313000,138.953610000,32.483257000,280.352832782,8
Branch_031,31,53,6,38,1,-48.750332000,92.465057000,38.793526000,2.876023131,220.608024791,0.786894224,0,-78.680313000,138.953610000,32.483257000,280.352832782,8
Branch_031,31,54,6,38,2,-50.173653000,93.456032000,39.301716000,1.807244089,222.415268880,0.793340544,0,-78.680313000,138.953610000,32.483257000,280.352832782,8
Branch_031,31,55,6,38,3,-51.358532000,94.777214000,39.837189000,1.853696700,224.268965579,0.799952557,0,-78.680313000,138.953610000,32.483257000,280.352832782,8
Branch_031,31,56,6,38,4,-52.770187000,96.420929000,40.394535000,2.237231191,226.506196771,0.807932613,0,-78.680313000,138.953610000,32.483257000,280.352832782,8
Branch_031,31,57,6,38,5,-54.295784000,98.302872000,40.878860000,2.470572073,228.976768844,0.816744980,0,-78.680313000,138.953610000,32.483257000,280.352832782,8
Branch_031,31,58,6,38,6,-55.826950000,100.336070000,41.211567000,2.566915927,231.543684770,0.825900999,0,-78.680313000,138.953610000,32.483257000,280.352832782,8
Branch_031,31,59,6,38,7,-57.272900000,102.439720000,41.344810000,2.556143271,234.099828042,0.835018593,0,-78.680313000,138.953610000,32.483257000,280.352832782,8
Branch_031,31,60,6,38,8,-58.569599000,104.546950000,41.269867000,2.475371290,236.575199331,0.843848079,0,-78.680313000,138.953610000,32.483257000,280.352832782,8
Branch_031,31,61,6,38,9,-59.683769000,106.610500000,41.017860000,2.358626914,238.933826245,0.852261145,0,-78.680313000,138.953610000,32.483257000,280.352832782,8
Branch_031,31,62,6,38,10,-60.611355000,108.605830000,40.652744000,2.230485886,241.164312132,0.860217140,0,-78.680313000,138.953610000,32.483257000,280.352832782,8
Branch_031,31,63,6,38,11,-61.371193000,110.531320000,40.257980000,2.107297829,243.271609961,0.867733732,0,-78.680313000,138.953610000,32.483257000,280.352832782,8
Branch_031,31,64,6,38,12,-61.995457000,112.405500000,39.919651000,2.004176321,245.275786282,0.874882497,0,-78.680313000,138.953610000,32.483257000,280.352832782,8
Branch_031,31,65,6,38,13,-62.518993000,114.261880000,39.709263000,1.940231883,247.216018165,0.881803175,0,-78.680313000,138.953610000,32.483257000,280.352832782,8
Branch_031,31,66,6,38,14,-62.969746000,116.141950000,39.669743000,1.933753682,249.149771847,0.888700747,0,-78.680313000,138.953610000,32.483257000,280.352832782,8
Branch_031,31,67,6,38,15,-63.362152000,118.087320000,39.807243000,1.989309718,251.139081565,0.895796483,0,-78.680313000,138.953610000,32.483257000,280.352832782,8
Branch_031,31,68,6,38,16,-63.573112000,119.384280000,39.986916000,1.326232163,252.465313728,0.900527065,0,-78.680313000,138.953610000,32.483257000,280.352832782,8
Branch_031,31,69,7,77,1,-65.185020000,120.172270000,38.362309000,2.420438709,254.885752438,0.909160610,1,-78.680313000,138.953610000,32.483257000,280.352832782,8
Branch_031,31,70,7,77,2,-66.568901000,121.203260000,37.178825000,2.092534678,256.978287116,0.916624543,1,-78.680313000,138.953610000,32.483257000,280.352832782,8
Branch_031,31,71,7,77,3,-68.129677000,122.636990000,35.918236000,2.465905120,259.444192236,0.925420263,1,-78.680313000,138.953610000,32.483257000,280.352832782,8
Branch_031,31,72,7,77,4,-69.709648000,124.140470000,34.544125000,2.577778406,262.021970642,0.934615028,1,-78.680313000,138.953610000,32.483257000,280.352832782,8
Branch_031,31,73,7,77,5,-71.118584000,125.598910000,33.248180000,2.406578760,264.428549403,0.943199135,1,-78.680313000,138.953610000,32.483257000,280.352832782,8
Branch_031,31,74,7,77,6,-72.297554000,127.029890000,32.196102000,2.131793175,266.560342577,0.950803100,1,-78.680313000,138.953610000,32.483257000,280.352832782,8
Branch_031,31,75,7,77,7,-73.310165000,128.553210000,31.499147000,1.957455269,268.517797847,0.957785214,1,-78.680313000,138.953610000,32.483257000,280.352832782,8
Branch_031,31,76,7,77,8,-74.282196000,130.306930000,31.196222000,2.027841626,270.545639472,0.965018391,1,-78.680313000,138.953610000,32.483257000,280.352832782,8
Branch_031,31,77,7,77,9,-75.318253000,132.346910000,31.250204000,2.288634214,272.834273686,0.973181797,1,-78.680313000,138.953610000,32.483257000,280.352832782,8
Branch_031,31,78,7,77,10,-76.433235000,134.575590000,31.559429000,2.511139085,275.345412771,0.982138864,1,-78.680313000,138.953610000,32.483257000,280.352832782,8
Branch_031,31,79,7,77,11,-77.529030000,136.734500000,31.982174000,2.457716909,277.803129680,0.990905378,1,-78.680313000,138.953610000,32.483257000,280.352832782,8
Branch_031,31,80,7,77,12,-78.680313000,138.953610000,32.483257000,2.549703103,280.352832782,1.000000000,1,-78.680313000,138.953610000,32.483257000,280.352832782,8
Branch_032,32,0,0,9,0,9.155164700,-94.828995000,43.316994000,0.000000000,0.000000000,0.000000000,0,-69.180336000,1.021451100,27.274729000,210.673638393,6
Branch_032,32,1,0,9,1,8.745691300,-90.524384000,41.931053000,4.540724257,4.540724257,0.021553358,0,-69.180336000,1.021451100,27.274729000,210.673638393,6
Branch_032,32,2,0,9,2,8.447949400,-85.977066000,40.628029000,4.739685937,9.280410194,0.044051122,0,-69.180336000,1.021451100,27.274729000,210.673638393,6
Branch_032,32,3,0,9,3,8.306425100,-80.784424000,39.387024000,5.340754018,14.621164212,0.069401964,0,-69.180336000,1.021451100,27.274729000,210.673638393,6
Branch_032,32,4,0,9,4,8.427463500,-75.420364000,38.457928000,5.445274039,20.066438250,0.095248928,0,-69.180336000,1.021451100,27.274729000,210.673638393,6
Branch_032,32,5,0,9,5,8.845435100,-70.229225000,37.995411000,5.228436320,25.294874570,0.120066634,0,-69.180336000,1.021451100,27.274729000,210.673638393,6
Branch_032,32,6,0,9,6,9.507898300,-65.372032000,38.028183000,4.902270427,30.197144997,0.143336135,0,-69.180336000,1.021451100,27.274729000,210.673638393,6
Branch_032,32,7,0,9,7,10.287036000,-60.827480000,38.464947000,4.631497731,34.828642727,0.165320365,0,-69.180336000,1.021451100,27.274729000,210.673638393,6
Branch_032,32,8,0,9,8,11.014260000,-56.442604000,39.132923000,4.494683995,39.323326723,0.186655184,0,-69.180336000,1.021451100,27.274729000,210.673638393,6
Branch_032,32,9,0,9,9,11.527933000,-52.014019000,39.835442000,4.513286829,43.836613551,0.208078305,0,-69.180336000,1.021451100,27.274729000,210.673638393,6
Branch_032,32,10,0,9,10,11.720328000,-47.372635000,40.409962000,4.680762171,48.517375722,0.230296377,0,-69.180336000,1.021451100,27.274729000,210.673638393,6
Branch_032,32,11,0,9,11,11.570354000,-42.445747000,40.769272000,4.942248602,53.459624324,0.253755642,0,-69.180336000,1.021451100,27.274729000,210.673638393,6
Branch_032,32,12,0,9,12,11.152950000,-37.279388000,40.914940000,5.185239684,58.644864008,0.278368307,0,-69.180336000,1.021451100,27.274729000,210.673638393,6
Branch_032,32,13,0,9,13,10.623031000,-32.017574000,40.921852000,5.288435354,63.933299362,0.303470808,0,-69.180336000,1.021451100,27.274729000,210.673638393,6
Branch_032,32,14,0,9,14,10.179241000,-26.849152000,40.901917000,5.187478476,69.120777838,0.328094100,0,-69.180336000,1.021451100,27.274729000,210.673638393,6
Branch_032,32,15,0,9,15,10.018347000,-21.942720000,40.961330000,4.909428862,74.030206700,0.351397580,0,-69.180336000,1.021451100,27.274729000,210.673638393,6
Branch_032,32,16,0,9,16,10.293105000,-17.392542000,41.166740000,4.563091612,78.593298312,0.373057108,0,-69.180336000,1.021451100,27.274729000,210.673638393,6
Branch_032,32,17,0,9,17,11.084682000,-13.193231000,41.531292000,4.288788312,82.882086624,0.393414607,0,-69.180336000,1.021451100,27.274729000,210.673638393,6
Branch_032,32,18,0,9,18,12.395549000,-9.250117300,42.023792000,4.184384566,87.066471190,0.413276535,0,-69.180336000,1.021451100,27.274729000,210.673638393,6
Branch_032,32,19,0,9,19,13.428562000,-7.010438900,42.358051000,2.488976551,89.555447741,0.425090906,0,-69.180336000,1.021451100,27.274729000,210.673638393,6
Branch_032,32,20,1,10,1,8.513610800,-3.880808800,41.469315000,5.894165042,95.449612783,0.453068611,0,-69.180336000,1.021451100,27.274729000,210.673638393,6
Branch_032,32,21,1,10,2,5.700329800,-1.497111100,40.852108000,3.738650718,99.188263500,0.470814784,0,-69.180336000,1.021451100,27.274729000,210.673638393,6
Branch_032,32,22,1,10,3,3.228861600,1.258957700,40.246117000,3.751172535,102.939436035,0.488620393,0,-69.180336000,1.021451100,27.274729000,210.673638393,6
Branch_032,32,23,1,10,4,0.224044770,4.499023400,39.624977000,4.462372107,107.401808142,0.509801838,0,-69.180336000,1.021451100,27.274729000,210.673638393,6
Branch_032,32,24,1,10,5,-3.124296900,7.948573600,39.092415000,4.836776903,112.238585045,0.532760463,0,-69.180336000,1.021451100,27.274729000,210.673638393,6
Branch_032,32,25,1,10,6,-6.637706300,11.364470000,38.724075000,4.914068394,117.152653439,0.556085965,0,-69.180336000,1.021451100,27.274729000,210.673638393,6
Branch_032,32,26,1,10,7,-10.168994000,14.571689000,38.552483000,4.773435906,121.926089345,0.578743930,0,-69.180336000,1.021451100,27.274729000,210.673638393,6
Branch_032,32,27,1,10,8,-13.613175000,17.485661000,38.562916000,4.511510216,126.437599561,0.600158617,0,-69.180336000,1.021451100,27.274729000,210.673638393,6
Branch_032,32,28,1,10,9,-16.908464000,20.116638000,38.700928000,4.219006622,130.656606183,0.620184885,0,-69.180336000,1.021451100,27.274729000,210.673638393,6
Branch_032,32,29,1,10,10,-20.028803000,22.556101000,38.889393000,3.965225625,134.621831808,0.639006536,0,-69.180336000,1.021451100,27.274729000,210.673638393,6
Branch_032,32,30,1,10,11,-22.971312000,24.948771000,39.050686000,3.795951050,138.417782859,0.657024694,0,-69.180336000,1.021451100,27.274729000,210.673638393,6
Branch_032,32,31,1,10,12,-25.743008000,27.456394000,39.128395000,3.738517155,142.156300013,0.674770233,0,-69.180336000,1.021451100,27.274729000,210.673638393,6
Branch_032,32,32,1,10,13,-28.350756000,30.220842000,39.103210000,3.800415327,145.956715341,0.692809582,0,-69.180336000,1.021451100,27.274729000,210.673638393,6
Branch_032,32,33,1,10,14,-31.678991000,34.678879000,38.953018000,5.565411013,151.522126354,0.719226798,0,-69.180336000,1.021451100,27.274729000,210.673638393,6
Branch_032,32,34,2,22,1,-33.540119000,32.828140000,39.465443000,2.674249738,154.196376091,0.731920601,0,-69.180336000,1.021451100,27.274729000,210.673638393,6
Branch_032,32,35,2,22,2,-34.860867000,31.102398000,40.012878000,2.241036771,156.437412862,0.742558082,0,-69.180336000,1.021451100,27.274729000,210.673638393,6
Branch_032,32,36,2,22,3,-36.322609000,28.840321000,40.706116000,2.781053928,159.218466791,0.755758851,0,-69.180336000,1.021451100,27.274729000,210.673638393,6
Branch_032,32,37,2,22,4,-38.073528000,26.209150000,41.376247000,3.230766741,162.449233532,0.771094261,0,-69.180336000,1.021451100,27.274729000,210.673638393,6
Branch_032,32,38,2,22,5,-39.973618000,23.443958000,41.869690000,3.391181918,165.840415449,0.787191111,0,-69.180336000,1.021451100,27.274729000,210.673638393,6
Branch_032,32,39,2,22,6,-41.880322000,20.744228000,42.058407000,3.310540186,169.150955635,0.802905180,0,-69.180336000,1.021451100,27.274729000,210.673638393,6
Branch_032,32,40,2,22,7,-43.663528000,18.242468000,41.861221000,3.078556326,172.229511962,0.817518097,0,-69.180336000,1.021451100,27.274729000,210.673638393,6
Branch_032,32,41,3,23,1,-45.218269000,15.988478000,41.254684000,2.804563715,175.034075676,0.830830459,0,-69.180336000,1.021451100,27.274729000,210.673638393,6
Branch_032,32,42,3,23,2,-46.473606000,13.951802000,40.271839000,2.586484952,177.620560628,0.843107671,0,-69.180336000,1.021451100,27.274729000,210.673638393,6
Branch_032,32,43,3,23,3,-47.396786000,12.040812000,38.990082000,2.479323517,180.099884145,0.854876222,0,-69.180336000,1.021451100,27.274729000,210.673638393,6
Branch_032,32,44,3,23,4,-47.936047000,10.275660000,37.621986000,2.297444379,182.397328524,0.865781452,0,-69.180336000,1.021451100,27.274729000,210.673638393,6
Branch_032,32,45,4,78,1,-49.590435000,10.133540000,36.902508000,1.809653652,184.206982176,0.874371296,0,-69.180336000,1.021451100,27.274729000,210.673638393,6
Branch_032,32,46,4,78,2,-51.168613000,10.136004000,36.110512000,1.765760328,185.972742504,0.882752792,0,-69.180336000,1.021451100,27.274729000,210.673638393,6
Branch_032,32,47,4,78,3,-53.227856000,10.195457000,35.045670000,2.319031021,188.291773525,0.893760486,0,-69.180336000,1.021451100,27.274729000,210.673638393,6
Branch_032,32,48,4,78,4,-55.494358000,10.321472000,33.827106000,2.576394636,190.868168161,0.905989803,0,-69.180336000,1.021451100,27.274729000,210.673638393,6
Branch_032,32,49,4,78,5,-57.727768000,10.462085000,32.574383000,2.564606628,193.432774789,0.918163166,0,-69.180336000,1.021451100,27.274729000,210.673638393,6
Branch_032,32,50,4,78,6,-59.858055000,10.484792000,31.337315000,2.463529084,195.896303873,0.929856746,0,-69.180336000,1.021451100,27.274729000,210.673638393,6
Branch_032,32,51,5,79,1,-61.569908000,10.258823000,30.336596000,1.995730743,197.892034616,0.939329838,1,-69.180336000,1.021451100,27.274729000,210.673638393,6
Branch_032,32,52,5,79,2,-63.149208000,9.594306000,29.454937000,1.926939004,199.818973620,0.948476398,1,-69.180336000,1.021451100,27.274729000,210.673638393,6
Branch_032,32,53,5,79,3,-64.573631000,8.420905100,28.748026000,1.976252443,201.795226063,0.957857032,1,-69.180336000,1.021451100,27.274729000,210.673638393,6
Branch_032,32,54,5,79,4,-65.894524000,6.782380100,28.201899000,2.174345233,203.969571296,0.968177950,1,-69.180336000,1.021451100,27.274729000,210.673638393,6
Branch_032,32,55,5,79,5,-67.113113000,4.865279700,27.794773000,2.307809497,206.277380793,0.979132379,1,-69.180336000,1.021451100,27.274729000,210.673638393,6
Branch_032,32,56,5,79,6,-68.170242000,2.970910100,27.505905000,2.188516078,208.465896872,0.989520561,1,-69.180336000,1.021451100,27.274729000,210.673638393,6
Branch_032,32,57,5,79,7,-69.180336000,1.021451100,27.274729000,2.207741521,210.673638393,1.000000000,1,-69.180336000,1.021451100,27.274729000,210.673638393,6
Branch_033,33,0,0,9,0,9.155164700,-94.828995000,43.316994000,0.000000000,0.000000000,0.000000000,0,-72.212723000,94.349342000,75.481796000,241.990922609,8
Branch_033,33,1,0,9,1,8.745691300,-90.524384000,41.931053000,4.540724257,4.540724257,0.018764027,0,-72.212723000,94.349342000,75.481796000,241.990922609,8
Branch_033,33,2,0,9,2,8.447949400,-85.977066000,40.628029000,4.739685937,9.280410194,0.038350241,0,-72.212723000,94.349342000,75.481796000,241.990922609,8
Branch_033,33,3,0,9,3,8.306425100,-80.784424000,39.387024000,5.340754018,14.621164212,0.060420300,0,-72.212723000,94.349342000,75.481796000,241.990922609,8
Branch_033,33,4,0,9,4,8.427463500,-75.420364000,38.457928000,5.445274039,20.066438250,0.082922277,0,-72.212723000,94.349342000,75.481796000,241.990922609,8
Branch_033,33,5,0,9,5,8.845435100,-70.229225000,37.995411000,5.228436320,25.294874570,0.104528196,0,-72.212723000,94.349342000,75.481796000,241.990922609,8
Branch_033,33,6,0,9,6,9.507898300,-65.372032000,38.028183000,4.902270427,30.197144997,0.124786272,0,-72.212723000,94.349342000,75.481796000,241.990922609,8
Branch_033,33,7,0,9,7,10.287036000,-60.827480000,38.464947000,4.631497731,34.828642727,0.143925410,0,-72.212723000,94.349342000,75.481796000,241.990922609,8
Branch_033,33,8,0,9,8,11.014260000,-56.442604000,39.132923000,4.494683995,39.323326723,0.162499181,0,-72.212723000,94.349342000,75.481796000,241.990922609,8
Branch_033,33,9,0,9,9,11.527933000,-52.014019000,39.835442000,4.513286829,43.836613551,0.181149826,0,-72.212723000,94.349342000,75.481796000,241.990922609,8
Branch_033,33,10,0,9,10,11.720328000,-47.372635000,40.409962000,4.680762171,48.517375722,0.200492544,0,-72.212723000,94.349342000,75.481796000,241.990922609,8
Branch_033,33,11,0,9,11,11.570354000,-42.445747000,40.769272000,4.942248602,53.459624324,0.220915825,0,-72.212723000,94.349342000,75.481796000,241.990922609,8
Branch_033,33,12,0,9,12,11.152950000,-37.279388000,40.914940000,5.185239684,58.644864008,0.242343239,0,-72.212723000,94.349342000,75.481796000,241.990922609,8
Branch_033,33,13,0,9,13,10.623031000,-32.017574000,40.921852000,5.288435354,63.933299362,0.264197097,0,-72.212723000,94.349342000,75.481796000,241.990922609,8
Branch_033,33,14,0,9,14,10.179241000,-26.849152000,40.901917000,5.187478476,69.120777838,0.285633763,0,-72.212723000,94.349342000,75.481796000,241.990922609,8
Branch_033,33,15,0,9,15,10.018347000,-21.942720000,40.961330000,4.909428862,74.030206700,0.305921420,0,-72.212723000,94.349342000,75.481796000,241.990922609,8
Branch_033,33,16,0,9,16,10.293105000,-17.392542000,41.166740000,4.563091612,78.593298312,0.324777878,0,-72.212723000,94.349342000,75.481796000,241.990922609,8
Branch_033,33,17,0,9,17,11.084682000,-13.193231000,41.531292000,4.288788312,82.882086624,0.342500808,0,-72.212723000,94.349342000,75.481796000,241.990922609,8
Branch_033,33,18,0,9,18,12.395549000,-9.250117300,42.023792000,4.184384566,87.066471190,0.359792302,0,-72.212723000,94.349342000,75.481796000,241.990922609,8
Branch_033,33,19,0,9,19,13.428562000,-7.010438900,42.358051000,2.488976551,89.555447741,0.370077715,0,-72.212723000,94.349342000,75.481796000,241.990922609,8
Branch_033,33,20,1,10,1,8.513610800,-3.880808800,41.469315000,5.894165042,95.449612783,0.394434683,0,-72.212723000,94.349342000,75.481796000,241.990922609,8
Branch_033,33,21,1,10,2,5.700329800,-1.497111100,40.852108000,3.738650718,99.188263500,0.409884232,0,-72.212723000,94.349342000,75.481796000,241.990922609,8
Branch_033,33,22,1,10,3,3.228861600,1.258957700,40.246117000,3.751172535,102.939436035,0.425385527,0,-72.212723000,94.349342000,75.481796000,241.990922609,8
Branch_033,33,23,1,10,4,0.224044770,4.499023400,39.624977000,4.462372107,107.401808142,0.443825772,0,-72.212723000,94.349342000,75.481796000,241.990922609,8
Branch_033,33,24,1,10,5,-3.124296900,7.948573600,39.092415000,4.836776903,112.238585045,0.463813204,0,-72.212723000,94.349342000,75.481796000,241.990922609,8
Branch_033,33,25,1,10,6,-6.637706300,11.364470000,38.724075000,4.914068394,117.152653439,0.484120033,0,-72.212723000,94.349342000,75.481796000,241.990922609,8
Branch_033,33,26,1,10,7,-10.168994000,14.571689000,38.552483000,4.773435906,121.926089345,0.503845715,0,-72.212723000,94.349342000,75.481796000,241.990922609,8
Branch_033,33,27,1,10,8,-13.613175000,17.485661000,38.562916000,4.511510216,126.437599561,0.522489018,0,-72.212723000,94.349342000,75.481796000,241.990922609,8
Branch_033,33,28,1,10,9,-16.908464000,20.116638000,38.700928000,4.219006622,130.656606183,0.539923584,0,-72.212723000,94.349342000,75.481796000,241.990922609,8
Branch_033,33,29,1,10,10,-20.028803000,22.556101000,38.889393000,3.965225625,134.621831808,0.556309428,0,-72.212723000,94.349342000,75.481796000,241.990922609,8
Branch_033,33,30,1,10,11,-22.971312000,24.948771000,39.050686000,3.795951050,138.417782859,0.571995765,0,-72.212723000,94.349342000,75.481796000,241.990922609,8
Branch_033,33,31,1,10,12,-25.743008000,27.456394000,39.128395000,3.738517155,142.156300013,0.587444762,0,-72.212723000,94.349342000,75.481796000,241.990922609,8
Branch_033,33,32,1,10,13,-28.350756000,30.220842000,39.103210000,3.800415327,145.956715341,0.603149547,0,-72.212723000,94.349342000,75.481796000,241.990922609,8
Branch_033,33,33,1,10,14,-31.678991000,34.678879000,38.953018000,5.565411013,151.522126354,0.626147976,0,-72.212723000,94.349342000,75.481796000,241.990922609,8
Branch_033,33,34,2,11,1,-33.081928000,36.818501000,38.879490000,2.559613427,154.081739781,0.636725288,0,-72.212723000,94.349342000,75.481796000,241.990922609,8
Branch_033,33,35,2,11,2,-34.981613000,40.218311000,38.837078000,3.894779829,157.976519609,0.652820023,0,-72.212723000,94.349342000,75.481796000,241.990922609,8
Branch_033,33,36,3,12,1,-37.197227000,44.650524000,38.950371000,4.956439526,162.932959136,0.673301946,0,-72.212723000,94.349342000,75.481796000,241.990922609,8
Branch_033,33,37,3,12,2,-39.077698000,48.744965000,39.314186000,4.520285349,167.453244485,0.691981512,0,-72.212723000,94.349342000,75.481796000,241.990922609,8
Branch_033,33,38,3,12,3,-40.901249000,52.758144000,39.973698000,4.457117904,171.910362389,0.710400045,0,-72.212723000,94.349342000,75.481796000,241.990922609,8
Branch_033,33,39,3,12,4,-42.725853000,56.560471000,40.943188000,4.327445116,176.237807505,0.728282721,0,-72.212723000,94.349342000,75.481796000,241.990922609,8
Branch_033,33,40,3,12,5,-44.602505000,60.068466000,42.203861000,4.173385683,180.411193189,0.745528763,0,-72.212723000,94.349342000,75.481796000,241.990922609,8
Branch_033,33,41,3,12,6,-46.556820000,63.258331000,43.715164000,4.034677508,184.445870697,0.762201609,0,-72.212723000,94.349342000,75.481796000,241.990922609,8
Branch_033,33,42,3,12,7,-48.668339000,66.297379000,45.521130000,4.117746766,188.563617463,0.779217730,0,-72.212723000,94.349342000,75.481796000,241.990922609,8
Branch_033,33,43,4,13,1,-50.579292000,68.882439000,47.314671000,3.681177242,192.244794705,0.794429777,0,-72.212723000,94.349342000,75.481796000,241.990922609,8
Branch_033,33,44,5,14,1,-52.457863000,71.521378000,49.351467000,3.826429928,196.071224633,0.810242064,0,-72.212723000,94.349342000,75.481796000,241.990922609,8
Branch_033,33,45,5,14,2,-54.050007000,74.205940000,51.548962000,3.817169098,199.888393731,0.826016082,0,-72.212723000,94.349342000,75.481796000,241.990922609,8
Branch_033,33,46,5,14,3,-55.129581000,76.894508000,53.810669000,3.675485882,203.563879613,0.841204610,0,-72.212723000,94.349342000,75.481796000,241.990922609,8
Branch_033,33,47,6,15,1,-55.721176000,80.070518000,56.517704000,4.214862116,207.778741729,0.858622049,0,-72.212723000,94.349342000,75.481796000,241.990922609,8
Branch_033,33,48,6,15,2,-55.564167000,83.306961000,59.313175000,4.279471139,212.058212868,0.876306477,0,-72.212723000,94.349342000,75.481796000,241.990922609,8
Branch_033,33,49,6,15,3,-54.214123000,87.843506000,63.320751000,6.201896866,218.260109734,0.901935111,0,-72.212723000,94.349342000,75.481796000,241.990922609,8
Branch_033,33,50,7,80,1,-56.229897000,87.687393000,64.281715000,2.238563802,220.498673536,0.911185722,1,-72.212723000,94.349342000,75.481796000,241.990922609,8
Branch_033,33,51,7,80,2,-57.929760000,87.751396000,64.825096000,1.785747326,222.284420862,0.918565120,1,-72.212723000,94.349342000,75.481796000,241.990922609,8
Branch_033,33,52,7,80,3,-59.997360000,88.072784000,65.407135000,2.171872327,224.456293189,0.927540136,1,-72.212723000,94.349342000,75.481796000,241.990922609,8
Branch_033,33,53,7,80,4,-62.349297000,88.586494000,66.293747000,2.565460281,227.021753470,0.938141609,1,-72.212723000,94.349342000,75.481796000,241.990922609,8
Branch_033,33,54,7,80,5,-64.738304000,89.315445000,67.508331000,2.777397757,229.799151227,0.949618890,1,-72.212723000,94.349342000,75.481796000,241.990922609,8
Branch_033,33,55,7,80,6,-66.951347000,90.243401000,69.016502000,2.834297342,232.633448569,0.961331301,1,-72.212723000,94.349342000,75.481796000,241.990922609,8
Branch_033,33,56,7,80,7,-68.837608000,91.307137000,70.715485000,2.752464000,235.385912569,0.972705546,1,-72.212723000,94.349342000,75.481796000,241.990922609,8
Branch_033,33,57,7,80,8,-70.318771000,92.400703000,72.441101000,2.523386813,237.909299382,0.983133156,1,-72.212723000,94.349342000,75.481796000,241.990922609,8
Branch_033,33,58,7,80,9,-71.380882000,93.391647000,73.991936000,2.124885640,240.034185023,0.991914004,1,-72.212723000,94.349342000,75.481796000,241.990922609,8
Branch_033,33,59,7,80,10,-72.212723000,94.349342000,75.481796000,1.956737586,241.990922609,1.000000000,1,-72.212723000,94.349342000,75.481796000,241.990922609,8
Branch_034,34,0,0,9,0,9.155164700,-94.828995000,43.316994000,0.000000000,0.000000000,0.000000000,0,-74.241096000,52.549171000,69.130699000,232.188080069,5
Branch_034,34,1,0,9,1,8.745691300,-90.524384000,41.931053000,4.540724257,4.540724257,0.019556233,0,-74.241096000,52.549171000,69.130699000,232.188080069,5
Branch_034,34,2,0,9,2,8.447949400,-85.977066000,40.628029000,4.739685937,9.280410194,0.039969365,0,-74.241096000,52.549171000,69.130699000,232.188080069,5
Branch_034,34,3,0,9,3,8.306425100,-80.784424000,39.387024000,5.340754018,14.621164212,0.062971209,0,-74.241096000,52.549171000,69.130699000,232.188080069,5
Branch_034,34,4,0,9,4,8.427463500,-75.420364000,38.457928000,5.445274039,20.066438250,0.086423206,0,-74.241096000,52.549171000,69.130699000,232.188080069,5
Branch_034,34,5,0,9,5,8.845435100,-70.229225000,37.995411000,5.228436320,25.294874570,0.108941314,0,-74.241096000,52.549171000,69.130699000,232.188080069,5
Branch_034,34,6,0,9,6,9.507898300,-65.372032000,38.028183000,4.902270427,30.197144997,0.130054674,0,-74.241096000,52.549171000,69.130699000,232.188080069,5
Branch_034,34,7,0,9,7,10.287036000,-60.827480000,38.464947000,4.631497731,34.828642727,0.150001855,0,-74.241096000,52.549171000,69.130699000,232.188080069,5
Branch_034,34,8,0,9,8,11.014260000,-56.442604000,39.132923000,4.494683995,39.323326723,0.169359800,0,-74.241096000,52.549171000,69.130699000,232.188080069,5
Branch_034,34,9,0,9,9,11.527933000,-52.014019000,39.835442000,4.513286829,43.836613551,0.188797864,0,-74.241096000,52.549171000,69.130699000,232.188080069,5
Branch_034,34,10,0,9,10,11.720328000,-47.372635000,40.409962000,4.680762171,48.517375722,0.208957220,0,-74.241096000,52.549171000,69.130699000,232.188080069,5
Branch_034,34,11,0,9,11,11.570354000,-42.445747000,40.769272000,4.942248602,53.459624324,0.230242760,0,-74.241096000,52.549171000,69.130699000,232.188080069,5
Branch_034,34,12,0,9,12,11.152950000,-37.279388000,40.914940000,5.185239684,58.644864008,0.252574826,0,-74.241096000,52.549171000,69.130699000,232.188080069,5
Branch_034,34,13,0,9,13,10.623031000,-32.017574000,40.921852000,5.288435354,63.933299362,0.275351342,0,-74.241096000,52.549171000,69.130699000,232.188080069,5
Branch_034,34,14,0,9,14,10.179241000,-26.849152000,40.901917000,5.187478476,69.120777838,0.297693050,0,-74.241096000,52.549171000,69.130699000,232.188080069,5
Branch_034,34,15,0,9,15,10.018347000,-21.942720000,40.961330000,4.909428862,74.030206700,0.318837240,0,-74.241096000,52.549171000,69.130699000,232.188080069,5
Branch_034,34,16,0,9,16,10.293105000,-17.392542000,41.166740000,4.563091612,78.593298312,0.338489807,0,-74.241096000,52.549171000,69.130699000,232.188080069,5
Branch_034,34,17,0,9,17,11.084682000,-13.193231000,41.531292000,4.288788312,82.882086624,0.356960989,0,-74.241096000,52.549171000,69.130699000,232.188080069,5
Branch_034,34,18,0,9,18,12.395549000,-9.250117300,42.023792000,4.184384566,87.066471190,0.374982519,0,-74.241096000,52.549171000,69.130699000,232.188080069,5
Branch_034,34,19,0,9,19,13.428562000,-7.010438900,42.358051000,2.488976551,89.555447741,0.385702176,0,-74.241096000,52.549171000,69.130699000,232.188080069,5
Branch_034,34,20,1,10,1,8.513610800,-3.880808800,41.469315000,5.894165042,95.449612783,0.411087480,0,-74.241096000,52.549171000,69.130699000,232.188080069,5
Branch_034,34,21,1,10,2,5.700329800,-1.497111100,40.852108000,3.738650718,99.188263500,0.427189300,0,-74.241096000,52.549171000,69.130699000,232.188080069,5
Branch_034,34,22,1,10,3,3.228861600,1.258957700,40.246117000,3.751172535,102.939436035,0.443345050,0,-74.241096000,52.549171000,69.130699000,232.188080069,5
Branch_034,34,23,1,10,4,0.224044770,4.499023400,39.624977000,4.462372107,107.401808142,0.462563832,0,-74.241096000,52.549171000,69.130699000,232.188080069,5
Branch_034,34,24,1,10,5,-3.124296900,7.948573600,39.092415000,4.836776903,112.238585045,0.483395121,0,-74.241096000,52.549171000,69.130699000,232.188080069,5
Branch_034,34,25,1,10,6,-6.637706300,11.364470000,38.724075000,4.914068394,117.152653439,0.504559293,0,-74.241096000,52.549171000,69.130699000,232.188080069,5
Branch_034,34,26,1,10,7,-10.168994000,14.571689000,38.552483000,4.773435906,121.926089345,0.525117781,0,-74.241096000,52.549171000,69.130699000,232.188080069,5
Branch_034,34,27,1,10,8,-13.613175000,17.485661000,38.562916000,4.511510216,126.437599561,0.544548194,0,-74.241096000,52.549171000,69.130699000,232.188080069,5
Branch_034,34,28,1,10,9,-16.908464000,20.116638000,38.700928000,4.219006622,130.656606183,0.562718836,0,-74.241096000,52.549171000,69.130699000,232.188080069,5
Branch_034,34,29,1,10,10,-20.028803000,22.556101000,38.889393000,3.965225625,134.621831808,0.579796481,0,-74.241096000,52.549171000,69.130699000,232.188080069,5
Branch_034,34,30,1,10,11,-22.971312000,24.948771000,39.050686000,3.795951050,138.417782859,0.596145086,0,-74.241096000,52.549171000,69.130699000,232.188080069,5
Branch_034,34,31,1,10,12,-25.743008000,27.456394000,39.128395000,3.738517155,142.156300013,0.612246331,0,-74.241096000,52.549171000,69.130699000,232.188080069,5
Branch_034,34,32,1,10,13,-28.350756000,30.220842000,39.103210000,3.800415327,145.956715341,0.628614162,0,-74.241096000,52.549171000,69.130699000,232.188080069,5
Branch_034,34,33,1,10,14,-31.678991000,34.678879000,38.953018000,5.565411013,151.522126354,0.652583571,0,-74.241096000,52.549171000,69.130699000,232.188080069,5
Branch_034,34,34,2,22,1,-33.540119000,32.828140000,39.465443000,2.674249738,154.196376091,0.664101172,0,-74.241096000,52.549171000,69.130699000,232.188080069,5
Branch_034,34,35,2,22,2,-34.860867000,31.102398000,40.012878000,2.241036771,156.437412862,0.673752989,0,-74.241096000,52.549171000,69.130699000,232.188080069,5
Branch_034,34,36,2,22,3,-36.322609000,28.840321000,40.706116000,2.781053928,159.218466791,0.685730580,0,-74.241096000,52.549171000,69.130699000,232.188080069,5
Branch_034,34,37,2,22,4,-38.073528000,26.209150000,41.376247000,3.230766741,162.449233532,0.699645018,0,-74.241096000,52.549171000,69.130699000,232.188080069,5
Branch_034,34,38,2,22,5,-39.973618000,23.443958000,41.869690000,3.391181918,165.840415449,0.714250341,0,-74.241096000,52.549171000,69.130699000,232.188080069,5
Branch_034,34,39,2,22,6,-41.880322000,20.744228000,42.058407000,3.310540186,169.150955635,0.728508352,0,-74.241096000,52.549171000,69.130699000,232.188080069,5
Branch_034,34,40,2,22,7,-43.663528000,18.242468000,41.861221000,3.078556326,172.229511962,0.741767243,0,-74.241096000,52.549171000,69.130699000,232.188080069,5
Branch_034,34,41,3,39,1,-45.442932000,19.623219000,42.861023000,2.464215080,174.693727041,0.752380256,0,-74.241096000,52.549171000,69.130699000,232.188080069,5
Branch_034,34,42,3,39,2,-46.601040000,20.784950000,43.693714000,1.839621526,176.533348567,0.760303236,0,-74.241096000,52.549171000,69.130699000,232.188080069,5
Branch_034,34,43,3,39,3,-48.218472000,22.345884000,44.859756000,2.532243111,179.065591678,0.771209235,0,-74.241096000,52.549171000,69.130699000,232.188080069,5
Branch_034,34,44,3,39,4,-50.173981000,24.120699000,46.268578000,2.993119303,182.058710981,0.784100161,0,-74.241096000,52.549171000,69.130699000,232.188080069,5
Branch_034,34,45,3,39,5,-52.338848000,25.910690000,47.813343000,3.205778503,185.264489484,0.797906979,0,-74.241096000,52.549171000,69.130699000,232.188080069,5
Branch_034,34,46,3,39,6,-54.597103000,27.534302000,49.380829000,3.192623362,188.457112846,0.811657139,0,-74.241096000,52.549171000,69.130699000,232.188080069,5
Branch_034,34,47,3,39,7,-56.862572000,28.853876000,50.861519000,3.010991233,191.468104079,0.824625037,0,-74.241096000,52.549171000,69.130699000,232.188080069,5
Branch_034,34,48,3,39,8,-59.089535000,29.794203000,52.158855000,2.743475855,194.211579935,0.836440785,0,-74.241096000,52.549171000,69.130699000,232.188080069,5
Branch_034,34,49,3,39,9,-61.275166000,30.349878000,53.196796000,2.482554953,196.694134887,0.847132785,0,-74.241096000,52.549171000,69.130699000,232.188080069,5
Branch_034,34,50,3,39,10,-63.453144000,30.580515000,53.924995000,2.308041459,199.002176347,0.857073181,0,-74.241096000,52.549171000,69.130699000,232.188080069,5
Branch_034,34,51,3,39,11,-65.679779000,30.594982000,54.321274000,2.261669685,201.263846031,0.866813860,0,-74.241096000,52.549171000,69.130699000,232.188080069,5
Branch_034,34,52,3,39,12,-68.930161000,30.521904000,54.308716000,3.251227652,204.515073683,0.880816421,0,-74.241096000,52.549171000,69.130699000,232.188080069,5
Branch_034,34,53,4,81,1,-69.171799000,32.345810000,55.843784000,2.396133507,206.911207190,0.891136217,1,-74.241096000,52.549171000,69.130699000,232.188080069,5
Branch_034,34,54,4,81,2,-69.816681000,33.932426000,56.977924000,2.054141345,208.965348535,0.899983102,1,-74.241096000,52.549171000,69.130699000,232.188080069,5
Branch_034,34,55,4,81,3,-70.464561000,35.857780000,58.418468000,2.490362129,211.455710665,0.910708726,1,-74.241096000,52.549171000,69.130699000,232.188080069,5
Branch_034,34,56,4,81,4,-70.895676000,37.781433000,59.950962000,2.496965932,213.952676597,0.921462792,1,-74.241096000,52.549171000,69.130699000,232.188080069,5
Branch_034,34,57,4,81,5,-71.010590000,39.494713000,61.410763000,2.253786269,216.206462866,0.931169519,1,-74.241096000,52.549171000,69.130699000,232.188080069,5
Branch_034,34,58,4,81,6,-70.874802000,40.982578000,62.720718000,1.986998425,218.193461291,0.939727230,1,-74.241096000,52.549171000,69.130699000,232.188080069,5
Branch_034,34,59,4,81,7,-70.688934000,42.395363000,63.889664000,1.843079792,220.036541083,0.947665104,1,-74.241096000,52.549171000,69.130699000,232.188080069,5
Branch_034,34,60,4,81,8,-70.696632000,43.944180000,64.975487000,1.891535077,221.928076160,0.955811668,1,-74.241096000,52.549171000,69.130699000,232.188080069,5
Branch_034,34,61,4,81,9,-71.070107000,45.767296000,66.031403000,2.139671499,224.067747659,0.965026920,1,-74.241096000,52.549171000,69.130699000,232.188080069,5
Branch_034,34,62,4,81,10,-71.823647000,47.827904000,67.060257000,2.423317646,226.491065305,0.975463793,1,-74.241096000,52.549171000,69.130699000,232.188080069,5
Branch_034,34,63,4,81,11,-72.793945000,49.890217000,67.997169000,2.464227509,228.955292814,0.986076860,1,-74.241096000,52.549171000,69.130699000,232.188080069,5
Branch_034,34,64,4,81,12,-73.697388000,51.586666000,68.727432000,2.056072108,231.011364922,0.994932060,1,-74.241096000,52.549171000,69.130699000,232.188080069,5
Branch_034,34,65,4,81,13,-74.241096000,52.549171000,69.130699000,1.176715147,232.188080069,1.000000000,1,-74.241096000,52.549171000,69.130699000,232.188080069,5
Branch_035,35,0,0,9,0,9.155164700,-94.828995000,43.316994000,0.000000000,0.000000000,0.000000000,0,-47.003372000,-35.195431000,8.252284000,238.848093303,7
Branch_035,35,1,0,9,1,8.745691300,-90.524384000,41.931053000,4.540724257,4.540724257,0.019010929,0,-47.003372000,-35.195431000,8.252284000,238.848093303,7
Branch_035,35,2,0,9,2,8.447949400,-85.977066000,40.628029000,4.739685937,9.280410194,0.038854864,0,-47.003372000,-35.195431000,8.252284000,238.848093303,7
Branch_035,35,3,0,9,3,8.306425100,-80.784424000,39.387024000,5.340754018,14.621164212,0.061215327,0,-47.003372000,-35.195431000,8.252284000,238.848093303,7
Branch_035,35,4,0,9,4,8.427463500,-75.420364000,38.457928000,5.445274039,20.066438250,0.084013391,0,-47.003372000,-35.195431000,8.252284000,238.848093303,7
Branch_035,35,5,0,9,5,8.845435100,-70.229225000,37.995411000,5.228436320,25.294874570,0.105903607,0,-47.003372000,-35.195431000,8.252284000,238.848093303,7
Branch_035,35,6,0,9,6,9.507898300,-65.372032000,38.028183000,4.902270427,30.197144997,0.126428244,0,-47.003372000,-35.195431000,8.252284000,238.848093303,7
Branch_035,35,7,0,9,7,10.287036000,-60.827480000,38.464947000,4.631497731,34.828642727,0.145819220,0,-47.003372000,-35.195431000,8.252284000,238.848093303,7
Branch_035,35,8,0,9,8,11.014260000,-56.442604000,39.132923000,4.494683995,39.323326723,0.164637390,0,-47.003372000,-35.195431000,8.252284000,238.848093303,7
Branch_035,35,9,0,9,9,11.527933000,-52.014019000,39.835442000,4.513286829,43.836613551,0.183533446,0,-47.003372000,-35.195431000,8.252284000,238.848093303,7
Branch_035,35,10,0,9,10,11.720328000,-47.372635000,40.409962000,4.680762171,48.517375722,0.203130680,0,-47.003372000,-35.195431000,8.252284000,238.848093303,7
Branch_035,35,11,0,9,11,11.570354000,-42.445747000,40.769272000,4.942248602,53.459624324,0.223822697,0,-47.003372000,-35.195431000,8.252284000,238.848093303,7
Branch_035,35,12,0,9,12,11.152950000,-37.279388000,40.914940000,5.185239684,58.644864008,0.245532058,0,-47.003372000,-35.195431000,8.252284000,238.848093303,7
Branch_035,35,13,0,9,13,10.623031000,-32.017574000,40.921852000,5.288435354,63.933299362,0.267673476,0,-47.003372000,-35.195431000,8.252284000,238.848093303,7
Branch_035,35,14,0,9,14,10.179241000,-26.849152000,40.901917000,5.187478476,69.120777838,0.289392211,0,-47.003372000,-35.195431000,8.252284000,238.848093303,7
Branch_035,35,15,0,9,15,10.018347000,-21.942720000,40.961330000,4.909428862,74.030206700,0.309946819,0,-47.003372000,-35.195431000,8.252284000,238.848093303,7
Branch_035,35,16,0,9,16,10.293105000,-17.392542000,41.166740000,4.563091612,78.593298312,0.329051395,0,-47.003372000,-35.195431000,8.252284000,238.848093303,7
Branch_035,35,17,0,9,17,11.084682000,-13.193231000,41.531292000,4.288788312,82.882086624,0.347007529,0,-47.003372000,-35.195431000,8.252284000,238.848093303,7
Branch_035,35,18,0,9,18,12.395549000,-9.250117300,42.023792000,4.184384566,87.066471190,0.364526549,0,-47.003372000,-35.195431000,8.252284000,238.848093303,7
Branch_035,35,19,0,9,19,13.428562000,-7.010438900,42.358051000,2.488976551,89.555447741,0.374947300,0,-47.003372000,-35.195431000,8.252284000,238.848093303,7
Branch_035,35,20,1,10,1,8.513610800,-3.880808800,41.469315000,5.894165042,95.449612783,0.399624763,0,-47.003372000,-35.195431000,8.252284000,238.848093303,7
Branch_035,35,21,1,10,2,5.700329800,-1.497111100,40.852108000,3.738650718,99.188263500,0.415277602,0,-47.003372000,-35.195431000,8.252284000,238.848093303,7
Branch_035,35,22,1,10,3,3.228861600,1.258957700,40.246117000,3.751172535,102.939436035,0.430982867,0,-47.003372000,-35.195431000,8.252284000,238.848093303,7
Branch_035,35,23,1,10,4,0.224044770,4.499023400,39.624977000,4.462372107,107.401808142,0.449665755,0,-47.003372000,-35.195431000,8.252284000,238.848093303,7
Branch_035,35,24,1,10,5,-3.124296900,7.948573600,39.092415000,4.836776903,112.238585045,0.469916186,0,-47.003372000,-35.195431000,8.252284000,238.848093303,7
Branch_035,35,25,1,10,6,-6.637706300,11.364470000,38.724075000,4.914068394,117.152653439,0.490490218,0,-47.003372000,-35.195431000,8.252284000,238.848093303,7
Branch_035,35,26,1,10,7,-10.168994000,14.571689000,38.552483000,4.773435906,121.926089345,0.510475456,0,-47.003372000,-35.195431000,8.252284000,238.848093303,7
Branch_035,35,27,1,10,8,-13.613175000,17.485661000,38.562916000,4.511510216,126.437599561,0.529364073,0,-47.003372000,-35.195431000,8.252284000,238.848093303,7
Branch_035,35,28,1,10,9,-16.908464000,20.116638000,38.700928000,4.219006622,130.656606183,0.547028048,0,-47.003372000,-35.195431000,8.252284000,238.848093303,7
Branch_035,35,29,1,10,10,-20.028803000,22.556101000,38.889393000,3.965225625,134.621831808,0.563629502,0,-47.003372000,-35.195431000,8.252284000,238.848093303,7
Branch_035,35,30,1,10,11,-22.971312000,24.948771000,39.050686000,3.795951050,138.417782859,0.579522243,0,-47.003372000,-35.195431000,8.252284000,238.848093303,7
Branch_035,35,31,1,10,12,-25.743008000,27.456394000,39.128395000,3.738517155,142.156300013,0.595174523,0,-47.003372000,-35.195431000,8.252284000,238.848093303,7
Branch_035,35,32,1,10,13,-28.350756000,30.220842000,39.103210000,3.800415327,145.956715341,0.611085956,0,-47.003372000,-35.195431000,8.252284000,238.848093303,7
Branch_035,35,33,1,10,14,-31.678991000,34.678879000,38.953018000,5.565411013,151.522126354,0.634387004,0,-47.003372000,-35.195431000,8.252284000,238.848093303,7
Branch_035,35,34,2,22,1,-33.540119000,32.828140000,39.465443000,2.674249738,154.196376091,0.645583450,0,-47.003372000,-35.195431000,8.252284000,238.848093303,7
Branch_035,35,35,2,22,2,-34.860867000,31.102398000,40.012878000,2.241036771,156.437412862,0.654966136,0,-47.003372000,-35.195431000,8.252284000,238.848093303,7
Branch_035,35,36,2,22,3,-36.322609000,28.840321000,40.706116000,2.781053928,159.218466791,0.666609746,0,-47.003372000,-35.195431000,8.252284000,238.848093303,7
Branch_035,35,37,2,22,4,-38.073528000,26.209150000,41.376247000,3.230766741,162.449233532,0.680136196,0,-47.003372000,-35.195431000,8.252284000,238.848093303,7
Branch_035,35,38,2,22,5,-39.973618000,23.443958000,41.869690000,3.391181918,165.840415449,0.694334266,0,-47.003372000,-35.195431000,8.252284000,238.848093303,7
Branch_035,35,39,2,22,6,-41.880322000,20.744228000,42.058407000,3.310540186,169.150955635,0.708194708,0,-47.003372000,-35.195431000,8.252284000,238.848093303,7
Branch_035,35,40,2,22,7,-43.663528000,18.242468000,41.861221000,3.078556326,172.229511962,0.721083889,0,-47.003372000,-35.195431000,8.252284000,238.848093303,7
Branch_035,35,41,3,23,1,-45.218269000,15.988478000,41.254684000,2.804563715,175.034075676,0.732825928,0,-47.003372000,-35.195431000,8.252284000,238.848093303,7
Branch_035,35,42,3,23,2,-46.473606000,13.951802000,40.271839000,2.586484952,177.620560628,0.743654924,0,-47.003372000,-35.195431000,8.252284000,238.848093303,7
Branch_035,35,43,3,23,3,-47.396786000,12.040812000,38.990082000,2.479323517,180.099884145,0.754035260,0,-47.003372000,-35.195431000,8.252284000,238.848093303,7
Branch_035,35,44,3,23,4,-47.936047000,10.275660000,37.621986000,2.297444379,182.397328524,0.763654112,0,-47.003372000,-35.195431000,8.252284000,238.848093303,7
Branch_035,35,45,4,24,1,-48.297630000,8.110427900,35.941898000,2.764356706,185.161685230,0.775227814,0,-47.003372000,-35.195431000,8.252284000,238.848093303,7
Branch_035,35,46,4,24,2,-48.372631000,5.887855100,34.370441000,2.723037294,187.884722524,0.786628522,0,-47.003372000,-35.195431000,8.252284000,238.848093303,7
Branch_035,35,47,4,24,3,-48.290897000,3.434089200,32.859783000,2.882661120,190.767383644,0.798697536,0,-47.003372000,-35.195431000,8.252284000,238.848093303,7
Branch_035,35,48,4,24,4,-48.127777000,0.775396880,31.443312000,3.016892951,193.784276595,0.811328547,0,-47.003372000,-35.195431000,8.252284000,238.848093303,7
Branch_035,35,49,4,24,5,-47.984459000,-1.483309300,30.382214000,2.499644499,196.283921095,0.821793963,0,-47.003372000,-35.195431000,8.252284000,238.848093303,7
Branch_035,35,50,5,25,1,-47.811871000,-4.838178200,28.930590000,3.659527865,199.943448959,0.837115533,0,-47.003372000,-35.195431000,8.252284000,238.848093303,7
Branch_035,35,51,5,25,2,-47.743603000,-7.598588000,27.848036000,2.965880299,202.909329258,0.849532967,0,-47.003372000,-35.195431000,8.252284000,238.848093303,7
Branch_035,35,52,5,25,3,-47.757740000,-10.227840000,26.915194000,2.789867404,205.699196662,0.861213476,0,-47.003372000,-35.195431000,8.252284000,238.848093303,7
Branch_035,35,53,5,25,4,-47.847652000,-12.702284000,26.187532000,2.580784622,208.279981283,0.872018606,0,-47.003372000,-35.195431000,8.252284000,238.848093303,7
Branch_035,35,54,5,25,5,-47.992935000,-15.046505000,25.741287000,2.390735001,210.670716285,0.882028043,0,-47.003372000,-35.195431000,8.252284000,238.848093303,7
Branch_035,35,55,5,25,6,-48.159924000,-17.250248000,25.662239000,2.211473971,212.882190255,0.891286957,0,-47.003372000,-35.195431000,8.252284000,238.848093303,7
Branch_035,35,56,6,82,1,-47.649937000,-18.192863000,23.480244000,2.430989913,215.313180169,0.901464932,1,-47.003372000,-35.195431000,8.252284000,238.848093303,7
Branch_035,35,57,6,82,2,-47.166122000,-19.460930000,21.745943000,2.202242228,217.515422396,0.910685195,1,-47.003372000,-35.195431000,8.252284000,238.848093303,7
Branch_035,35,58,6,82,3,-46.826950000,-21.177217000,19.920513000,2.528413217,220.043835614,0.921271058,1,-47.003372000,-35.195431000,8.252284000,238.848093303,7
Branch_035,35,59,6,82,4,-46.838409000,-22.883348000,18.104609000,2.491690518,222.535526131,0.931703172,1,-47.003372000,-35.195431000,8.252284000,238.848093303,7
Branch_035,35,60,6,82,5,-47.246788000,-24.432337000,16.495882000,2.270273748,224.805799879,0.941208267,1,-47.003372000,-35.195431000,8.252284000,238.848093303,7
Branch_035,35,61,6,82,6,-47.894901000,-25.862082000,15.118661000,2.088290906,226.894090785,0.949951443,1,-47.003372000,-35.195431000,8.252284000,238.848093303,7
Branch_035,35,62,6,82,7,-48.495277000,-27.331396000,13.865355000,2.022402260,228.916493045,0.958418758,1,-47.003372000,-35.195431000,8.252284000,238.848093303,7
Branch_035,35,63,6,82,8,-48.771362000,-28.990028000,12.599984000,2.104387513,231.020880558,0.967229327,1,-47.003372000,-35.195431000,8.252284000,238.848093303,7
Branch_035,35,64,6,82,9,-48.596291000,-30.850761000,11.268217000,2.294903156,233.315783714,0.976837539,1,-47.003372000,-35.195431000,8.252284000,238.848093303,7
Branch_035,35,65,6,82,10,-48.059074000,-32.731190000,9.956798600,2.354662088,235.670445802,0.986695948,1,-47.003372000,-35.195431000,8.252284000,238.848093303,7
Branch_035,35,66,6,82,11,-47.424160000,-34.298058000,8.872473700,2.008469966,237.678915769,0.995104933,1,-47.003372000,-35.195431000,8.252284000,238.848093303,7
Branch_035,35,67,6,82,12,-47.003372000,-35.195431000,8.252284000,1.169177534,238.848093303,1.000000000,1,-47.003372000,-35.195431000,8.252284000,238.848093303,7
Branch_036,36,0,0,9,0,9.155164700,-94.828995000,43.316994000,0.000000000,0.000000000,0.000000000,0,76.038589000,100.989250000,41.173267000,224.132508890,8
Branch_036,36,1,0,9,1,8.745691300,-90.524384000,41.931053000,4.540724257,4.540724257,0.020259106,0,76.038589000,100.989250000,41.173267000,224.132508890,8
Branch_036,36,2,0,9,2,8.447949400,-85.977066000,40.628029000,4.739685937,9.280410194,0.041405909,0,76.038589000,100.989250000,41.173267000,224.132508890,8
Branch_036,36,3,0,9,3,8.306425100,-80.784424000,39.387024000,5.340754018,14.621164212,0.065234465,0,76.038589000,100.989250000,41.173267000,224.132508890,8
Branch_036,36,4,0,9,4,8.427463500,-75.420364000,38.457928000,5.445274039,20.066438250,0.089529352,0,76.038589000,100.989250000,41.173267000,224.132508890,8
Branch_036,36,5,0,9,5,8.845435100,-70.229225000,37.995411000,5.228436320,25.294874570,0.112856786,0,76.038589000,100.989250000,41.173267000,224.132508890,8
Branch_036,36,6,0,9,6,9.507898300,-65.372032000,38.028183000,4.902270427,30.197144997,0.134728983,0,76.038589000,100.989250000,41.173267000,224.132508890,8
Branch_036,36,7,0,9,7,10.287036000,-60.827480000,38.464947000,4.631497731,34.828642727,0.155393088,0,76.038589000,100.989250000,41.173267000,224.132508890,8
Branch_036,36,8,0,9,8,11.014260000,-56.442604000,39.132923000,4.494683995,39.323326723,0.175446779,0,76.038589000,100.989250000,41.173267000,224.132508890,8
Branch_036,36,9,0,9,9,11.527933000,-52.014019000,39.835442000,4.513286829,43.836613551,0.195583469,0,76.038589000,100.989250000,41.173267000,224.132508890,8
Branch_036,36,10,0,9,10,11.720328000,-47.372635000,40.409962000,4.680762171,48.517375722,0.216467374,0,76.038589000,100.989250000,41.173267000,224.132508890,8
Branch_036,36,11,0,9,11,11.570354000,-42.445747000,40.769272000,4.942248602,53.459624324,0.238517940,0,76.038589000,100.989250000,41.173267000,224.132508890,8
Branch_036,36,12,0,9,12,11.152950000,-37.279388000,40.914940000,5.185239684,58.644864008,0.261652646,0,76.038589000,100.989250000,41.173267000,224.132508890,8
Branch_036,36,13,0,9,13,10.623031000,-32.017574000,40.921852000,5.288435354,63.933299362,0.285247775,0,76.038589000,100.989250000,41.173267000,224.132508890,8
Branch_036,36,14,0,9,14,10.179241000,-26.849152000,40.901917000,5.187478476,69.120777838,0.308392469,0,76.038589000,100.989250000,41.173267000,224.132508890,8
Branch_036,36,15,0,9,15,10.018347000,-21.942720000,40.961330000,4.909428862,74.030206700,0.330296605,0,76.038589000,100.989250000,41.173267000,224.132508890,8
Branch_036,36,16,0,9,16,10.293105000,-17.392542000,41.166740000,4.563091612,78.593298312,0.350655506,0,76.038589000,100.989250000,41.173267000,224.132508890,8
Branch_036,36,17,0,9,17,11.084682000,-13.193231000,41.531292000,4.288788312,82.882086624,0.369790563,0,76.038589000,100.989250000,41.173267000,224.132508890,8
Branch_036,36,18,0,9,18,12.395549000,-9.250117300,42.023792000,4.184384566,87.066471190,0.388459807,0,76.038589000,100.989250000,41.173267000,224.132508890,8
Branch_036,36,19,0,9,19,13.428562000,-7.010438900,42.358051000,2.488976551,89.555447741,0.399564740,0,76.038589000,100.989250000,41.173267000,224.132508890,8
Branch_036,36,20,1,8,1,16.282339000,-1.562926900,43.212620000,6.208841948,95.764289689,0.427266398,0,76.038589000,100.989250000,41.173267000,224.132508890,8
Branch_036,36,21,1,8,2,18.643381000,2.404393400,43.881081000,4.664867608,100.429157296,0.448079387,0,76.038589000,100.989250000,41.173267000,224.132508890,8
Branch_036,36,22,1,8,3,21.147991000,6.488432400,44.652599000,4.852595783,105.281753079,0.469729954,0,76.038589000,100.989250000,41.173267000,224.132508890,8
Branch_036,36,23,1,8,4,24.223534000,11.405412000,45.843182000,5.920569315,111.202322394,0.496145441,0,76.038589000,100.989250000,41.173267000,224.132508890,8
Branch_036,36,24,2,7,1,26.324202000,14.701306000,46.829159000,4.030865161,115.233187555,0.514129736,0,76.038589000,100.989250000,41.173267000,224.132508890,8
Branch_036,36,25,2,7,2,28.908293000,18.630505000,48.351257000,4.942966053,120.176153608,0.536183502,0,76.038589000,100.989250000,41.173267000,224.132508890,8
Branch_036,36,26,2,7,3,31.432501000,22.371405000,50.143032000,4.855555219,125.031708827,0.557847273,0,76.038589000,100.989250000,41.173267000,224.132508890,8
Branch_036,36,27,2,7,4,33.837540000,25.965391000,52.093472000,4.743960809,129.775669636,0.579013148,0,76.038589000,100.989250000,41.173267000,224.132508890,8
Branch_036,36,28,2,7,5,36.051430000,29.527443000,54.029991000,4.619483653,134.395153289,0.599623651,0,76.038589000,100.989250000,41.173267000,224.132508890,8
Branch_036,36,29,2,7,6,38.004852000,33.210518000,55.757656000,4.512840050,138.907993339,0.619758348,0,76.038589000,100.989250000,41.173267000,224.132508890,8
Branch_036,36,30,2,7,7,39.655231000,37.152805000,57.108654000,4.482250911,143.390244250,0.639756566,0,76.038589000,100.989250000,41.173267000,224.132508890,8
Branch_036,36,31,2,7,8,40.956230000,41.252876000,57.950741000,4.383182761,147.773427011,0.659312778,0,76.038589000,100.989250000,41.173267000,224.132508890,8
Branch_036,36,32,3,6,1,42.188423000,46.187943000,58.389992000,5.105499714,152.878926725,0.682091712,0,76.038589000,100.989250000,41.173267000,224.132508890,8
Branch_036,36,33,4,5,1,43.203922000,50.765629000,58.406876000,4.689001216,157.567927941,0.703012377,0,76.038589000,100.989250000,41.173267000,224.132508890,8
Branch_036,36,34,4,5,2,44.359421000,55.519661000,58.187195000,4.897372555,162.465300495,0.724862722,0,76.038589000,100.989250000,41.173267000,224.132508890,8
Branch_036,36,35,4,5,3,45.795403000,60.070236000,57.887691000,4.781158832,167.246459328,0.746194562,0,76.038589000,100.989250000,41.173267000,224.132508890,8
Branch_036,36,36,4,5,4,47.645630000,64.272171000,57.623878000,4.598825393,171.845284721,0.766712895,0,76.038589000,100.989250000,41.173267000,224.132508890,8
Branch_036,36,37,4,5,5,51.342567000,69.871460000,57.347439000,6.715340573,178.560625293,0.796674370,0,76.038589000,100.989250000,41.173267000,224.132508890,8
Branch_036,36,38,5,4,1,55.407112000,74.712769000,57.020290000,6.329757133,184.890382426,0.824915508,0,76.038589000,100.989250000,41.173267000,224.132508890,8
Branch_036,36,39,6,3,1,58.283745000,78.131050000,56.528973000,4.494558355,189.384940781,0.844968638,0,76.038589000,100.989250000,41.173267000,224.132508890,8
Branch_036,36,40,6,3,2,60.622337000,81.607315000,55.718319000,4.267386882,193.652327663,0.864008209,0,76.038589000,100.989250000,41.173267000,224.132508890,8
Branch_036,36,41,6,3,3,62.223511000,85.360001000,54.550529000,4.243835986,197.896163649,0.882942705,0,76.038589000,100.989250000,41.173267000,224.132508890,8
Branch_036,36,42,6,3,4,62.844906000,89.630898000,52.998016000,4.586609810,202.482773459,0.903406536,0,76.038589000,100.989250000,41.173267000,224.132508890,8
Branch_036,36,43,7,83,1,65.090965000,90.250259000,51.888077000,2.580766100,205.063539559,0.914921002,1,76.038589000,100.989250000,41.173267000,224.132508890,8
Branch_036,36,44,7,83,2,66.814888000,91.019699000,51.001316000,2.085735720,207.149275279,0.924226817,1,76.038589000,100.989250000,41.173267000,224.132508890,8
Branch_036,36,45,7,83,3,68.686272000,92.270370000,49.828468000,2.538075739,209.687351018,0.935550813,1,76.038589000,100.989250000,41.173267000,224.132508890,8
Branch_036,36,46,7,83,4,70.675789000,93.871506000,48.292801000,2.979947570,212.667298588,0.948846286,1,76.038589000,100.989250000,41.173267000,224.132508890,8
Branch_036,36,47,7,83,5,72.522415000,95.707581000,46.495220000,3.164252904,215.831551492,0.962964063,1,76.038589000,100.989250000,41.173267000,224.132508890,8
Branch_036,36,48,7,83,6,74.045395000,97.598877000,44.611687000,3.073136053,218.904687545,0.976675310,1,76.038589000,100.989250000,41.173267000,224.132508890,8
Branch_036,36,49,7,83,7,75.161919000,99.319046000,42.875992000,2.686679059,221.591366604,0.988662322,1,76.038589000,100.989250000,41.173267000,224.132508890,8
Branch_036,36,50,7,83,8,76.038589000,100.989250000,41.173267000,2.541142286,224.132508890,1.000000000,1,76.038589000,100.989250000,41.173267000,224.132508890,8
Branch_037,37,0,0,9,0,9.155164700,-94.828995000,43.316994000,0.000000000,0.000000000,0.000000000,0,53.373081000,49.419193000,110.885110000,211.144259155,7
Branch_037,37,1,0,9,1,8.745691300,-90.524384000,41.931053000,4.540724257,4.540724257,0.021505317,0,53.373081000,49.419193000,110.885110000,211.144259155,7
Branch_037,37,2,0,9,2,8.447949400,-85.977066000,40.628029000,4.739685937,9.280410194,0.043952936,0,53.373081000,49.419193000,110.885110000,211.144259155,7
Branch_037,37,3,0,9,3,8.306425100,-80.784424000,39.387024000,5.340754018,14.621164212,0.069247273,0,53.373081000,49.419193000,110.885110000,211.144259155,7
Branch_037,37,4,0,9,4,8.427463500,-75.420364000,38.457928000,5.445274039,20.066438250,0.095036627,0,53.373081000,49.419193000,110.885110000,211.144259155,7
Branch_037,37,5,0,9,5,8.845435100,-70.229225000,37.995411000,5.228436320,25.294874570,0.119799016,0,53.373081000,49.419193000,110.885110000,211.144259155,7
Branch_037,37,6,0,9,6,9.507898300,-65.372032000,38.028183000,4.902270427,30.197144997,0.143016652,0,53.373081000,49.419193000,110.885110000,211.144259155,7
Branch_037,37,7,0,9,7,10.287036000,-60.827480000,38.464947000,4.631497731,34.828642727,0.164951881,0,53.373081000,49.419193000,110.885110000,211.144259155,7
Branch_037,37,8,0,9,8,11.014260000,-56.442604000,39.132923000,4.494683995,39.323326723,0.186239147,0,53.373081000,49.419193000,110.885110000,211.144259155,7
Branch_037,37,9,0,9,9,11.527933000,-52.014019000,39.835442000,4.513286829,43.836613551,0.207614518,0,53.373081000,49.419193000,110.885110000,211.144259155,7
Branch_037,37,10,0,9,10,11.720328000,-47.372635000,40.409962000,4.680762171,48.517375722,0.229783068,0,53.373081000,49.419193000,110.885110000,211.144259155,7
Branch_037,37,11,0,9,11,11.570354000,-42.445747000,40.769272000,4.942248602,53.459624324,0.253190044,0,53.373081000,49.419193000,110.885110000,211.144259155,7
Branch_037,37,12,0,9,12,11.152950000,-37.279388000,40.914940000,5.185239684,58.644864008,0.277747850,0,53.373081000,49.419193000,110.885110000,211.144259155,7
Branch_037,37,13,0,9,13,10.623031000,-32.017574000,40.921852000,5.288435354,63.933299362,0.302794400,0,53.373081000,49.419193000,110.885110000,211.144259155,7
Branch_037,37,14,0,9,14,10.179241000,-26.849152000,40.901917000,5.187478476,69.120777838,0.327362809,0,53.373081000,49.419193000,110.885110000,211.144259155,7
Branch_037,37,15,0,9,15,10.018347000,-21.942720000,40.961330000,4.909428862,74.030206700,0.350614348,0,53.373081000,49.419193000,110.885110000,211.144259155,7
Branch_037,37,16,0,9,16,10.293105000,-17.392542000,41.166740000,4.563091612,78.593298312,0.372225599,0,53.373081000,49.419193000,110.885110000,211.144259155,7
Branch_037,37,17,0,9,17,11.084682000,-13.193231000,41.531292000,4.288788312,82.882086624,0.392537723,0,53.373081000,49.419193000,110.885110000,211.144259155,7
Branch_037,37,18,0,9,18,12.395549000,-9.250117300,42.023792000,4.184384566,87.066471190,0.412355380,0,53.373081000,49.419193000,110.885110000,211.144259155,7
Branch_037,37,19,0,9,19,13.428562000,-7.010438900,42.358051000,2.488976551,89.555447741,0.424143418,0,53.373081000,49.419193000,110.885110000,211.144259155,7
Branch_037,37,20,1,8,1,16.282339000,-1.562926900,43.212620000,6.208841948,95.764289689,0.453549105,0,53.373081000,49.419193000,110.885110000,211.144259155,7
Branch_037,37,21,1,8,2,18.643381000,2.404393400,43.881081000,4.664867608,100.429157296,0.475642377,0,53.373081000,49.419193000,110.885110000,211.144259155,7
Branch_037,37,22,1,8,3,21.147991000,6.488432400,44.652599000,4.852595783,105.281753079,0.498624748,0,53.373081000,49.419193000,110.885110000,211.144259155,7
Branch_037,37,23,1,8,4,24.223534000,11.405412000,45.843182000,5.920569315,111.202322394,0.526665148,0,53.373081000,49.419193000,110.885110000,211.144259155,7
Branch_037,37,24,2,7,1,26.324202000,14.701306000,46.829159000,4.030865161,115.233187555,0.545755722,0,53.373081000,49.419193000,110.885110000,211.144259155,7
Branch_037,37,25,2,7,2,28.908293000,18.630505000,48.351257000,4.942966053,120.176153608,0.569166096,0,53.373081000,49.419193000,110.885110000,211.144259155,7
Branch_037,37,26,2,7,3,31.432501000,22.371405000,50.143032000,4.855555219,125.031708827,0.592162483,0,53.373081000,49.419193000,110.885110000,211.144259155,7
Branch_037,37,27,2,7,4,33.837540000,25.965391000,52.093472000,4.743960809,129.775669636,0.614630349,0,53.373081000,49.419193000,110.885110000,211.144259155,7
Branch_037,37,28,2,7,5,36.051430000,29.527443000,54.029991000,4.619483653,134.395153289,0.636508678,0,53.373081000,49.419193000,110.885110000,211.144259155,7
Branch_037,37,29,2,7,6,38.004852000,33.210518000,55.757656000,4.512840050,138.907993339,0.657881933,0,53.373081000,49.419193000,110.885110000,211.144259155,7
Branch_037,37,30,2,7,7,39.655231000,37.152805000,57.108654000,4.482250911,143.390244250,0.679110315,0,53.373081000,49.419193000,110.885110000,211.144259155,7
Branch_037,37,31,2,7,8,40.956230000,41.252876000,57.950741000,4.383182761,147.773427011,0.699869500,0,53.373081000,49.419193000,110.885110000,211.144259155,7
Branch_037,37,32,3,30,1,43.295071000,40.246666000,60.737228000,3.774539123,151.547966134,0.717746089,0,53.373081000,49.419193000,110.885110000,211.144259155,7
Branch_037,37,33,3,30,2,44.702137000,39.873608000,62.468090000,2.261612315,153.809578449,0.728457307,0,53.373081000,49.419193000,110.885110000,211.144259155,7
Branch_037,37,34,3,30,3,45.984074000,39.836739000,64.156197000,2.120006377,155.929584826,0.738497866,0,53.373081000,49.419193000,110.885110000,211.144259155,7
Branch_037,37,35,3,30,4,47.473175000,39.863491000,66.208878000,2.536067181,158.465652007,0.750508930,0,53.373081000,49.419193000,110.885110000,211.144259155,7
Branch_037,37,36,3,30,5,49.024231000,39.993126000,68.493973000,2.764821713,161.230473720,0.763603398,0,53.373081000,49.419193000,110.885110000,211.144259155,7
Branch_037,37,37,3,30,6,50.501301000,40.248829000,70.885628000,2.822611105,164.053084825,0.776971562,0,53.373081000,49.419193000,110.885110000,211.144259155,7
Branch_037,37,38,3,30,7,51.796120000,40.628902000,73.280006000,2.748464614,166.801549439,0.789988561,0,53.373081000,49.419193000,110.885110000,211.144259155,7
Branch_037,37,39,3,30,8,52.841160000,41.102505000,75.606209000,2.593767299,169.395316738,0.802272898,0,53.373081000,49.419193000,110.885110000,211.144259155,7
Branch_037,37,40,3,30,9,53.802250000,41.776031000,78.586617000,3.203148936,172.598465674,0.817443327,0,53.373081000,49.419193000,110.885110000,211.144259155,7
Branch_037,37,41,4,31,1,54.141121000,42.075058000,79.956009000,1.442042007,174.040507681,0.824272980,0,53.373081000,49.419193000,110.885110000,211.144259155,7
Branch_037,37,42,4,31,2,54.475849000,42.406338000,82.010620000,2.107893649,176.148401330,0.834256172,0,53.373081000,49.419193000,110.885110000,211.144259155,7
Branch_037,37,43,4,31,3,54.695782000,42.522011000,84.038651000,2.043198596,178.191599926,0.843932961,0,53.373081000,49.419193000,110.885110000,211.144259155,7
Branch_037,37,44,4,31,4,54.879318000,42.359379000,86.085213000,2.061201264,180.252801190,0.853695014,0,53.373081000,49.419193000,110.885110000,211.144259155,7
Branch_037,37,45,4,31,5,55.090481000,41.888096000,88.184288000,2.161669108,182.414470299,0.863932891,0,53.373081000,49.419193000,110.885110000,211.144259155,7
Branch_037,37,46,4,31,6,55.250336000,41.441544000,89.439613000,1.341940075,183.756410374,0.870288452,0,53.373081000,49.419193000,110.885110000,211.144259155,7
Branch_037,37,47,5,32,1,55.710163000,40.098606000,92.574272000,3.441076923,187.197487297,0.886585731,0,53.373081000,49.419193000,110.885110000,211.144259155,7
Branch_037,37,48,5,32,2,56.079823000,38.955936000,94.754387000,2.489024841,189.686512137,0.898373997,0,53.373081000,49.419193000,110.885110000,211.144259155,7
Branch_037,37,49,6,84,1,55.966488000,40.107754000,95.477417000,1.364661829,191.051173967,0.904837170,1,53.373081000,49.419193000,110.885110000,211.144259155,7
Branch_037,37,50,6,84,2,56.123573000,41.669422000,96.428230000,1.835082560,192.886256526,0.913528302,1,53.373081000,49.419193000,110.885110000,211.144259155,7
Branch_037,37,51,6,84,3,56.240051000,43.567249000,97.578484000,2.222250821,195.108507347,0.924053101,1,53.373081000,49.419193000,110.885110000,211.144259155,7
Branch_037,37,52,6,84,4,56.227600000,45.434395000,98.761635000,2.210483092,197.318990439,0.934522166,1,53.373081000,49.419193000,110.885110000,211.144259155,7
Branch_037,37,53,6,84,5,56.034241000,46.986897000,99.932953000,1.954388912,199.273379351,0.943778344,1,53.373081000,49.419193000,110.885110000,211.144259155,7
Branch_037,37,54,6,84,6,55.662373000,48.088467000,101.181020000,1.705700299,200.979079651,0.951856709,1,53.373081000,49.419193000,110.885110000,211.144259155,7
Branch_037,37,55,6,84,7,55.164936000,48.753235000,102.658700000,1.694962609,202.674042260,0.959884219,1,53.373081000,49.419193000,110.885110000,211.144259155,7
Branch_037,37,56,6,84,8,54.623646000,49.095406000,104.466250000,1.917632097,204.591674357,0.968966313,1,53.373081000,49.419193000,110.885110000,211.144259155,7
Branch_037,37,57,6,84,9,54.120605000,49.255955000,106.546490000,2.146211706,206.737886063,0.979130983,1,53.373081000,49.419193000,110.885110000,211.144259155,7
Branch_037,37,58,6,84,10,53.716221000,49.341885000,108.649190000,2.142955360,208.880841422,0.989280231,1,53.373081000,49.419193000,110.885110000,211.144259155,7
Branch_037,37,59,6,84,11,53.373081000,49.419193000,110.885110000,2.263417733,211.144259155,1.000000000,1,53.373081000,49.419193000,110.885110000,211.144259155,7
Branch_038,38,0,0,9,0,9.155164700,-94.828995000,43.316994000,0.000000000,0.000000000,0.000000000,0,-71.678741000,-5.379263400,70.483208000,227.992871964,6
Branch_038,38,1,0,9,1,8.745691300,-90.524384000,41.931053000,4.540724257,4.540724257,0.019916080,0,-71.678741000,-5.379263400,70.483208000,227.992871964,6
Branch_038,38,2,0,9,2,8.447949400,-85.977066000,40.628029000,4.739685937,9.280410194,0.040704826,0,-71.678741000,-5.379263400,70.483208000,227.992871964,6
Branch_038,38,3,0,9,3,8.306425100,-80.784424000,39.387024000,5.340754018,14.621164212,0.064129918,0,-71.678741000,-5.379263400,70.483208000,227.992871964,6
Branch_038,38,4,0,9,4,8.427463500,-75.420364000,38.457928000,5.445274039,20.066438250,0.088013446,0,-71.678741000,-5.379263400,70.483208000,227.992871964,6
Branch_038,38,5,0,9,5,8.845435100,-70.229225000,37.995411000,5.228436320,25.294874570,0.110945901,0,-71.678741000,-5.379263400,70.483208000,227.992871964,6
Branch_038,38,6,0,9,6,9.507898300,-65.372032000,38.028183000,4.902270427,30.197144997,0.132447759,0,-71.678741000,-5.379263400,70.483208000,227.992871964,6
Branch_038,38,7,0,9,7,10.287036000,-60.827480000,38.464947000,4.631497731,34.828642727,0.152761981,0,-71.678741000,-5.379263400,70.483208000,227.992871964,6
Branch_038,38,8,0,9,8,11.014260000,-56.442604000,39.132923000,4.494683995,39.323326723,0.172476123,0,-71.678741000,-5.379263400,70.483208000,227.992871964,6
Branch_038,38,9,0,9,9,11.527933000,-52.014019000,39.835442000,4.513286829,43.836613551,0.192271860,0,-71.678741000,-5.379263400,70.483208000,227.992871964,6
Branch_038,38,10,0,9,10,11.720328000,-47.372635000,40.409962000,4.680762171,48.517375722,0.212802160,0,-71.678741000,-5.379263400,70.483208000,227.992871964,6
Branch_038,38,11,0,9,11,11.570354000,-42.445747000,40.769272000,4.942248602,53.459624324,0.234479367,0,-71.678741000,-5.379263400,70.483208000,227.992871964,6
Branch_038,38,12,0,9,12,11.152950000,-37.279388000,40.914940000,5.185239684,58.644864008,0.257222357,0,-71.678741000,-5.379263400,70.483208000,227.992871964,6
Branch_038,38,13,0,9,13,10.623031000,-32.017574000,40.921852000,5.288435354,63.933299362,0.280417975,0,-71.678741000,-5.379263400,70.483208000,227.992871964,6
Branch_038,38,14,0,9,14,10.179241000,-26.849152000,40.901917000,5.187478476,69.120777838,0.303170784,0,-71.678741000,-5.379263400,70.483208000,227.992871964,6
Branch_038,38,15,0,9,15,10.018347000,-21.942720000,40.961330000,4.909428862,74.030206700,0.324704040,0,-71.678741000,-5.379263400,70.483208000,227.992871964,6
Branch_038,38,16,0,9,16,10.293105000,-17.392542000,41.166740000,4.563091612,78.593298312,0.344718226,0,-71.678741000,-5.379263400,70.483208000,227.992871964,6
Branch_038,38,17,0,9,17,11.084682000,-13.193231000,41.531292000,4.288788312,82.882086624,0.363529289,0,-71.678741000,-5.379263400,70.483208000,227.992871964,6
Branch_038,38,18,0,9,18,12.395549000,-9.250117300,42.023792000,4.184384566,87.066471190,0.381882427,0,-71.678741000,-5.379263400,70.483208000,227.992871964,6
Branch_038,38,19,0,9,19,13.428562000,-7.010438900,42.358051000,2.488976551,89.555447741,0.392799332,0,-71.678741000,-5.379263400,70.483208000,227.992871964,6
Branch_038,38,20,1,10,1,8.513610800,-3.880808800,41.469315000,5.894165042,95.449612783,0.418651741,0,-71.678741000,-5.379263400,70.483208000,227.992871964,6
Branch_038,38,21,1,10,2,5.700329800,-1.497111100,40.852108000,3.738650718,99.188263500,0.435049845,0,-71.678741000,-5.379263400,70.483208000,227.992871964,6
Branch_038,38,22,1,10,3,3.228861600,1.258957700,40.246117000,3.751172535,102.939436035,0.451502870,0,-71.678741000,-5.379263400,70.483208000,227.992871964,6
Branch_038,38,23,1,10,4,0.224044770,4.499023400,39.624977000,4.462372107,107.401808142,0.471075289,0,-71.678741000,-5.379263400,70.483208000,227.992871964,6
Branch_038,38,24,1,10,5,-3.124296900,7.948573600,39.092415000,4.836776903,112.238585045,0.492289886,0,-71.678741000,-5.379263400,70.483208000,227.992871964,6
Branch_038,38,25,1,10,6,-6.637706300,11.364470000,38.724075000,4.914068394,117.152653439,0.513843492,0,-71.678741000,-5.379263400,70.483208000,227.992871964,6
Branch_038,38,26,1,10,7,-10.168994000,14.571689000,38.552483000,4.773435906,121.926089345,0.534780269,0,-71.678741000,-5.379263400,70.483208000,227.992871964,6
Branch_038,38,27,1,10,8,-13.613175000,17.485661000,38.562916000,4.511510216,126.437599561,0.554568213,0,-71.678741000,-5.379263400,70.483208000,227.992871964,6
Branch_038,38,28,1,10,9,-16.908464000,20.116638000,38.700928000,4.219006622,130.656606183,0.573073206,0,-71.678741000,-5.379263400,70.483208000,227.992871964,6
Branch_038,38,29,1,10,10,-20.028803000,22.556101000,38.889393000,3.965225625,134.621831808,0.590465091,0,-71.678741000,-5.379263400,70.483208000,227.992871964,6
Branch_038,38,30,1,10,11,-22.971312000,24.948771000,39.050686000,3.795951050,138.417782859,0.607114519,0,-71.678741000,-5.379263400,70.483208000,227.992871964,6
Branch_038,38,31,1,10,12,-25.743008000,27.456394000,39.128395000,3.738517155,142.156300013,0.623512037,0,-71.678741000,-5.379263400,70.483208000,227.992871964,6
Branch_038,38,32,1,10,13,-28.350756000,30.220842000,39.103210000,3.800415327,145.956715341,0.640181046,0,-71.678741000,-5.379263400,70.483208000,227.992871964,6
Branch_038,38,33,1,10,14,-31.678991000,34.678879000,38.953018000,5.565411013,151.522126354,0.664591507,0,-71.678741000,-5.379263400,70.483208000,227.992871964,6
Branch_038,38,34,2,22,1,-33.540119000,32.828140000,39.465443000,2.674249738,154.196376091,0.676321039,0,-71.678741000,-5.379263400,70.483208000,227.992871964,6
Branch_038,38,35,2,22,2,-34.860867000,31.102398000,40.012878000,2.241036771,156.437412862,0.686150455,0,-71.678741000,-5.379263400,70.483208000,227.992871964,6
Branch_038,38,36,2,22,3,-36.322609000,28.840321000,40.706116000,2.781053928,159.218466791,0.698348441,0,-71.678741000,-5.379263400,70.483208000,227.992871964,6
Branch_038,38,37,2,22,4,-38.073528000,26.209150000,41.376247000,3.230766741,162.449233532,0.712518914,0,-71.678741000,-5.379263400,70.483208000,227.992871964,6
Branch_038,38,38,2,22,5,-39.973618000,23.443958000,41.869690000,3.391181918,165.840415449,0.727392984,0,-71.678741000,-5.379263400,70.483208000,227.992871964,6
Branch_038,38,39,2,22,6,-41.880322000,20.744228000,42.058407000,3.310540186,169.150955635,0.741913351,0,-71.678741000,-5.379263400,70.483208000,227.992871964,6
Branch_038,38,40,2,22,7,-43.663528000,18.242468000,41.861221000,3.078556326,172.229511962,0.755416213,0,-71.678741000,-5.379263400,70.483208000,227.992871964,6
Branch_038,38,41,3,23,1,-45.218269000,15.988478000,41.254684000,2.804563715,175.034075676,0.767717316,0,-71.678741000,-5.379263400,70.483208000,227.992871964,6
Branch_038,38,42,3,23,2,-46.473606000,13.951802000,40.271839000,2.586484952,177.620560628,0.779061903,0,-71.678741000,-5.379263400,70.483208000,227.992871964,6
Branch_038,38,43,3,23,3,-47.396786000,12.040812000,38.990082000,2.479323517,180.099884145,0.789936469,0,-71.678741000,-5.379263400,70.483208000,227.992871964,6
Branch_038,38,44,3,23,4,-47.936047000,10.275660000,37.621986000,2.297444379,182.397328524,0.800013294,0,-71.678741000,-5.379263400,70.483208000,227.992871964,6
Branch_038,38,45,4,41,1,-48.948158000,9.485485100,39.799870000,2.528225418,184.925553942,0.811102349,0,-71.678741000,-5.379263400,70.483208000,227.992871964,6
Branch_038,38,46,4,41,2,-50.216930000,8.775816000,41.742508000,2.426366629,187.351920571,0.821744640,0,-71.678741000,-5.379263400,70.483208000,227.992871964,6
Branch_038,38,47,4,41,3,-51.905312000,7.809968500,44.098011000,3.054814160,190.406734732,0.835143367,0,-71.678741000,-5.379263400,70.483208000,227.992871964,6
Branch_038,38,48,4,41,4,-53.539581000,6.579966500,46.639164000,3.262085016,193.668819748,0.849451205,0,-71.678741000,-5.379263400,70.483208000,227.992871964,6
Branch_038,38,49,4,41,5,-54.843132000,5.113370900,49.059185000,3.115549631,196.784369379,0.863116323,0,-71.678741000,-5.379263400,70.483208000,227.992871964,6
Branch_038,38,50,4,41,6,-55.677292000,3.430911500,51.160011000,2.817793892,199.602163272,0.875475455,0,-71.678741000,-5.379263400,70.483208000,227.992871964,6
Branch_038,38,51,4,41,7,-56.060349000,1.440241000,52.966614000,2.715385075,202.317548346,0.887385411,0,-71.678741000,-5.379263400,70.483208000,227.992871964,6
Branch_038,38,52,5,85,1,-57.914379000,1.341718800,54.299591000,2.285598728,204.603147075,0.897410280,1,-71.678741000,-5.379263400,70.483208000,227.992871964,6
Branch_038,38,53,5,85,2,-59.358425000,1.136670000,55.779114000,2.077571219,206.680718293,0.906522719,1,-71.678741000,-5.379263400,70.483208000,227.992871964,6
Branch_038,38,54,5,85,3,-60.950169000,0.933741270,57.653149000,2.467151437,209.147869730,0.917343897,1,-71.678741000,-5.379263400,70.483208000,227.992871964,6
Branch_038,38,55,5,85,4,-62.674465000,0.862419430,59.518574000,2.541278011,211.689147741,0.928490202,1,-71.678741000,-5.379263400,70.483208000,227.992871964,6
Branch_038,38,56,5,85,5,-64.357826000,0.873263600,61.183228000,2.367465901,214.056613642,0.938874149,1,-71.678741000,-5.379263400,70.483208000,227.992871964,6
Branch_038,38,57,5,85,6,-65.906021000,0.792339800,62.638222000,2.126138274,216.182751916,0.948199608,1,-71.678741000,-5.379263400,70.483208000,227.992871964,6
Branch_038,38,58,5,85,7,-67.297577000,0.398174970,64.008766000,1.992532276,218.175284192,0.956939058,1,-71.678741000,-5.379263400,70.483208000,227.992871964,6
Branch_038,38,59,5,85,8,-68.546898000,-0.458944110,65.439438000,2.083813439,220.259097631,0.966078877,1,-71.678741000,-5.379263400,70.483208000,227.992871964,6
Branch_038,38,60,5,85,9,-69.659195000,-1.754111500,66.974930000,2.296170479,222.555268110,0.976150115,1,-71.678741000,-5.379263400,70.483208000,227.992871964,6
Branch_038,38,61,5,85,10,-70.601166000,-3.256399900,68.498688000,2.337951720,224.893219830,0.986404609,1,-71.678741000,-5.379263400,70.483208000,227.992871964,6
Branch_038,38,62,5,85,11,-71.301552000,-4.591918000,69.761086000,1.966671771,226.859891601,0.995030633,1,-71.678741000,-5.379263400,70.483208000,227.992871964,6
Branch_038,38,63,5,85,12,-71.678741000,-5.379263400,70.483208000,1.132980363,227.992871964,1.000000000,1,-71.678741000,-5.379263400,70.483208000,227.992871964,6
Branch_039,39,0,0,9,0,9.155164700,-94.828995000,43.316994000,0.000000000,0.000000000,0.000000000,0,-77.904030000,-6.032274700,47.255001000,227.421465284,6
Branch_039,39,1,0,9,1,8.745691300,-90.524384000,41.931053000,4.540724257,4.540724257,0.019966120,0,-77.904030000,-6.032274700,47.255001000,227.421465284,6
Branch_039,39,2,0,9,2,8.447949400,-85.977066000,40.628029000,4.739685937,9.280410194,0.040807099,0,-77.904030000,-6.032274700,47.255001000,227.421465284,6
Branch_039,39,3,0,9,3,8.306425100,-80.784424000,39.387024000,5.340754018,14.621164212,0.064291047,0,-77.904030000,-6.032274700,47.255001000,227.421465284,6
Branch_039,39,4,0,9,4,8.427463500,-75.420364000,38.457928000,5.445274039,20.066438250,0.088234583,0,-77.904030000,-6.032274700,47.255001000,227.421465284,6
Branch_039,39,5,0,9,5,8.845435100,-70.229225000,37.995411000,5.228436320,25.294874570,0.111224657,0,-77.904030000,-6.032274700,47.255001000,227.421465284,6
Branch_039,39,6,0,9,6,9.507898300,-65.372032000,38.028183000,4.902270427,30.197144997,0.132780540,0,-77.904030000,-6.032274700,47.255001000,227.421465284,6
Branch_039,39,7,0,9,7,10.287036000,-60.827480000,38.464947000,4.631497731,34.828642727,0.153145802,0,-77.904030000,-6.032274700,47.255001000,227.421465284,6
Branch_039,39,8,0,9,8,11.014260000,-56.442604000,39.132923000,4.494683995,39.323326723,0.172909477,0,-77.904030000,-6.032274700,47.255001000,227.421465284,6
Branch_039,39,9,0,9,9,11.527933000,-52.014019000,39.835442000,4.513286829,43.836613551,0.192754952,0,-77.904030000,-6.032274700,47.255001000,227.421465284,6
Branch_039,39,10,0,9,10,11.720328000,-47.372635000,40.409962000,4.680762171,48.517375722,0.213336835,0,-77.904030000,-6.032274700,47.255001000,227.421465284,6
Branch_039,39,11,0,9,11,11.570354000,-42.445747000,40.769272000,4.942248602,53.459624324,0.235068507,0,-77.904030000,-6.032274700,47.255001000,227.421465284,6
Branch_039,39,12,0,9,12,11.152950000,-37.279388000,40.914940000,5.185239684,58.644864008,0.257868640,0,-77.904030000,-6.032274700,47.255001000,227.421465284,6
Branch_039,39,13,0,9,13,10.623031000,-32.017574000,40.921852000,5.288435354,63.933299362,0.281122537,0,-77.904030000,-6.032274700,47.255001000,227.421465284,6
Branch_039,39,14,0,9,14,10.179241000,-26.849152000,40.901917000,5.187478476,69.120777838,0.303932515,0,-77.904030000,-6.032274700,47.255001000,227.421465284,6
Branch_039,39,15,0,9,15,10.018347000,-21.942720000,40.961330000,4.909428862,74.030206700,0.325519874,0,-77.904030000,-6.032274700,47.255001000,227.421465284,6
Branch_039,39,16,0,9,16,10.293105000,-17.392542000,41.166740000,4.563091612,78.593298312,0.345584346,0,-77.904030000,-6.032274700,47.255001000,227.421465284,6
Branch_039,39,17,0,9,17,11.084682000,-13.193231000,41.531292000,4.288788312,82.882086624,0.364442673,0,-77.904030000,-6.032274700,47.255001000,227.421465284,6
Branch_039,39,18,0,9,18,12.395549000,-9.250117300,42.023792000,4.184384566,87.066471190,0.382841923,0,-77.904030000,-6.032274700,47.255001000,227.421465284,6
Branch_039,39,19,0,9,19,13.428562000,-7.010438900,42.358051000,2.488976551,89.555447741,0.393786258,0,-77.904030000,-6.032274700,47.255001000,227.421465284,6
Branch_039,39,20,1,10,1,8.513610800,-3.880808800,41.469315000,5.894165042,95.449612783,0.419703622,0,-77.904030000,-6.032274700,47.255001000,227.421465284,6
Branch_039,39,21,1,10,2,5.700329800,-1.497111100,40.852108000,3.738650718,99.188263500,0.436142927,0,-77.904030000,-6.032274700,47.255001000,227.421465284,6
Branch_039,39,22,1,10,3,3.228861600,1.258957700,40.246117000,3.751172535,102.939436035,0.452637291,0,-77.904030000,-6.032274700,47.255001000,227.421465284,6
Branch_039,39,23,1,10,4,0.224044770,4.499023400,39.624977000,4.462372107,107.401808142,0.472258887,0,-77.904030000,-6.032274700,47.255001000,227.421465284,6
Branch_039,39,24,1,10,5,-3.124296900,7.948573600,39.092415000,4.836776903,112.238585045,0.493526787,0,-77.904030000,-6.032274700,47.255001000,227.421465284,6
Branch_039,39,25,1,10,6,-6.637706300,11.364470000,38.724075000,4.914068394,117.152653439,0.515134547,0,-77.904030000,-6.032274700,47.255001000,227.421465284,6
Branch_039,39,26,1,10,7,-10.168994000,14.571689000,38.552483000,4.773435906,121.926089345,0.536123928,0,-77.904030000,-6.032274700,47.255001000,227.421465284,6
Branch_039,39,27,1,10,8,-13.613175000,17.485661000,38.562916000,4.511510216,126.437599561,0.555961591,0,-77.904030000,-6.032274700,47.255001000,227.421465284,6
Branch_039,39,28,1,10,9,-16.908464000,20.116638000,38.700928000,4.219006622,130.656606183,0.574513079,0,-77.904030000,-6.032274700,47.255001000,227.421465284,6
Branch_039,39,29,1,10,10,-20.028803000,22.556101000,38.889393000,3.965225625,134.621831808,0.591948661,0,-77.904030000,-6.032274700,47.255001000,227.421465284,6
Branch_039,39,30,1,10,11,-22.971312000,24.948771000,39.050686000,3.795951050,138.417782859,0.608639922,0,-77.904030000,-6.032274700,47.255001000,227.421465284,6
Branch_039,39,31,1,10,12,-25.743008000,27.456394000,39.128395000,3.738517155,142.156300013,0.625078639,0,-77.904030000,-6.032274700,47.255001000,227.421465284,6
Branch_039,39,32,1,10,13,-28.350756000,30.220842000,39.103210000,3.800415327,145.956715341,0.641789530,0,-77.904030000,-6.032274700,47.255001000,227.421465284,6
Branch_039,39,33,1,10,14,-31.678991000,34.678879000,38.953018000,5.565411013,151.522126354,0.666261323,0,-77.904030000,-6.032274700,47.255001000,227.421465284,6
Branch_039,39,34,2,22,1,-33.540119000,32.828140000,39.465443000,2.674249738,154.196376091,0.678020326,0,-77.904030000,-6.032274700,47.255001000,227.421465284,6
Branch_039,39,35,2,22,2,-34.860867000,31.102398000,40.012878000,2.241036771,156.437412862,0.687874439,0,-77.904030000,-6.032274700,47.255001000,227.421465284,6
Branch_039,39,36,2,22,3,-36.322609000,28.840321000,40.706116000,2.781053928,159.218466791,0.700103073,0,-77.904030000,-6.032274700,47.255001000,227.421465284,6
Branch_039,39,37,2,22,4,-38.073528000,26.209150000,41.376247000,3.230766741,162.449233532,0.714309150,0,-77.904030000,-6.032274700,47.255001000,227.421465284,6
Branch_039,39,38,2,22,5,-39.973618000,23.443958000,41.869690000,3.391181918,165.840415449,0.729220592,0,-77.904030000,-6.032274700,47.255001000,227.421465284,6
Branch_039,39,39,2,22,6,-41.880322000,20.744228000,42.058407000,3.310540186,169.150955635,0.743777442,0,-77.904030000,-6.032274700,47.255001000,227.421465284,6
Branch_039,39,40,2,22,7,-43.663528000,18.242468000,41.861221000,3.078556326,172.229511962,0.757314230,0,-77.904030000,-6.032274700,47.255001000,227.421465284,6
Branch_039,39,41,3,23,1,-45.218269000,15.988478000,41.254684000,2.804563715,175.034075676,0.769646240,0,-77.904030000,-6.032274700,47.255001000,227.421465284,6
Branch_039,39,42,3,23,2,-46.473606000,13.951802000,40.271839000,2.586484952,177.620560628,0.781019331,0,-77.904030000,-6.032274700,47.255001000,227.421465284,6
Branch_039,39,43,3,23,3,-47.396786000,12.040812000,38.990082000,2.479323517,180.099884145,0.791921220,0,-77.904030000,-6.032274700,47.255001000,227.421465284,6
Branch_039,39,44,3,23,4,-47.936047000,10.275660000,37.621986000,2.297444379,182.397328524,0.802023364,0,-77.904030000,-6.032274700,47.255001000,227.421465284,6
Branch_039,39,45,4,41,1,-48.948158000,9.485485100,39.799870000,2.528225418,184.925553942,0.813140280,0,-77.904030000,-6.032274700,47.255001000,227.421465284,6
Branch_039,39,46,4,41,2,-50.216930000,8.775816000,41.742508000,2.426366629,187.351920571,0.823809311,0,-77.904030000,-6.032274700,47.255001000,227.421465284,6
Branch_039,39,47,4,41,3,-51.905312000,7.809968500,44.098011000,3.054814160,190.406734732,0.837241702,0,-77.904030000,-6.032274700,47.255001000,227.421465284,6
Branch_039,39,48,4,41,4,-53.539581000,6.579966500,46.639164000,3.262085016,193.668819748,0.851585489,0,-77.904030000,-6.032274700,47.255001000,227.421465284,6
Branch_039,39,49,4,41,5,-54.843132000,5.113370900,49.059185000,3.115549631,196.784369379,0.865284942,0,-77.904030000,-6.032274700,47.255001000,227.421465284,6
Branch_039,39,50,4,41,6,-55.677292000,3.430911500,51.160011000,2.817793892,199.602163272,0.877675126,0,-77.904030000,-6.032274700,47.255001000,227.421465284,6
Branch_039,39,51,4,41,7,-56.060349000,1.440241000,52.966614000,2.715385075,202.317548346,0.889615007,0,-77.904030000,-6.032274700,47.255001000,227.421465284,6
Branch_039,39,52,5,86,1,-58.173496000,1.251293400,51.946522000,2.354077129,204.671625475,0.899966172,1,-77.904030000,-6.032274700,47.255001000,227.421465284,6
Branch_039,39,53,5,86,2,-59.551125000,1.139172900,51.056873000,1.643748159,206.315373634,0.907193933,1,-77.904030000,-6.032274700,47.255001000,227.421465284,6
Branch_039,39,54,5,86,3,-61.282822000,0.971634750,49.942566000,2.066040566,208.381414201,0.916278566,1,-77.904030000,-6.032274700,47.255001000,227.421465284,6
Branch_039,39,55,5,86,4,-63.096977000,0.740189790,48.802200000,2.155263266,210.536677467,0.925755523,1,-77.904030000,-6.032274700,47.255001000,227.421465284,6
Branch_039,39,56,5,86,5,-64.795013000,0.424474540,47.813351000,1.990182082,212.526859549,0.934506597,1,-77.904030000,-6.032274700,47.255001000,227.421465284,6
Branch_039,39,57,5,86,6,-66.306534000,-0.005801993,47.093929000,1.728410149,214.255269698,0.942106628,1,-77.904030000,-6.032274700,47.255001000,227.421465284,6
Branch_039,39,58,5,86,7,-67.691742000,-0.581910970,46.684139000,1.555194715,215.810464413,0.948945009,1,-77.904030000,-6.032274700,47.255001000,227.421465284,6
Branch_039,39,59,5,86,8,-69.091148000,-1.321865200,46.551956000,1.588502994,217.398967407,0.955929851,1,-77.904030000,-6.032274700,47.255001000,227.421465284,6
Branch_039,39,60,5,86,9,-70.642776000,-2.215347500,46.617355000,1.791685547,219.190652954,0.963808111,1,-77.904030000,-6.032274700,47.255001000,227.421465284,6
Branch_039,39,61,5,86,10,-72.399918000,-3.213536300,46.784832000,2.027801133,221.218454087,0.972724601,1,-77.904030000,-6.032274700,47.255001000,227.421465284,6
Branch_039,39,62,5,86,11,-74.281952000,-4.228716900,46.972366000,2.146581615,223.365035701,0.982163383,1,-77.904030000,-6.032274700,47.255001000,227.421465284,6
Branch_039,39,63,5,86,12,-76.078552000,-5.145737600,47.127918000,2.023090445,225.388126147,0.991059159,1,-77.904030000,-6.032274700,47.255001000,227.421465284,6
Branch_039,39,64,5,86,13,-77.904030000,-6.032274700,47.255001000,2.033339137,227.421465284,1.000000000,1,-77.904030000,-6.032274700,47.255001000,227.421465284,6
Branch_040,40,0,0,9,0,9.155164700,-94.828995000,43.316994000,0.000000000,0.000000000,0.000000000,0,-88.204643000,20.667320000,65.863922000,229.475838030,5
Branch_040,40,1,0,9,1,8.745691300,-90.524384000,41.931053000,4.540724257,4.540724257,0.019787374,0,-88.204643000,20.667320000,65.863922000,229.475838030,5
Branch_040,40,2,0,9,2,8.447949400,-85.977066000,40.628029000,4.739685937,9.280410194,0.040441775,0,-88.204643000,20.667320000,65.863922000,229.475838030,5
Branch_040,40,3,0,9,3,8.306425100,-80.784424000,39.387024000,5.340754018,14.621164212,0.063715485,0,-88.204643000,20.667320000,65.863922000,229.475838030,5
Branch_040,40,4,0,9,4,8.427463500,-75.420364000,38.457928000,5.445274039,20.066438250,0.087444667,0,-88.204643000,20.667320000,65.863922000,229.475838030,5
Branch_040,40,5,0,9,5,8.845435100,-70.229225000,37.995411000,5.228436320,25.294874570,0.110228923,0,-88.204643000,20.667320000,65.863922000,229.475838030,5
Branch_040,40,6,0,9,6,9.507898300,-65.372032000,38.028183000,4.902270427,30.197144997,0.131591828,0,-88.204643000,20.667320000,65.863922000,229.475838030,5
Branch_040,40,7,0,9,7,10.287036000,-60.827480000,38.464947000,4.631497731,34.828642727,0.151774771,0,-88.204643000,20.667320000,65.863922000,229.475838030,5
Branch_040,40,8,0,9,8,11.014260000,-56.442604000,39.132923000,4.494683995,39.323326723,0.171361513,0,-88.204643000,20.667320000,65.863922000,229.475838030,5
Branch_040,40,9,0,9,9,11.527933000,-52.014019000,39.835442000,4.513286829,43.836613551,0.191029321,0,-88.204643000,20.667320000,65.863922000,229.475838030,5
Branch_040,40,10,0,9,10,11.720328000,-47.372635000,40.409962000,4.680762171,48.517375722,0.211426946,0,-88.204643000,20.667320000,65.863922000,229.475838030,5
Branch_040,40,11,0,9,11,11.570354000,-42.445747000,40.769272000,4.942248602,53.459624324,0.232964066,0,-88.204643000,20.667320000,65.863922000,229.475838030,5
Branch_040,40,12,0,9,12,11.152950000,-37.279388000,40.914940000,5.185239684,58.644864008,0.255560082,0,-88.204643000,20.667320000,65.863922000,229.475838030,5
Branch_040,40,13,0,9,13,10.623031000,-32.017574000,40.921852000,5.288435354,63.933299362,0.278605800,0,-88.204643000,20.667320000,65.863922000,229.475838030,5
Branch_040,40,14,0,9,14,10.179241000,-26.849152000,40.901917000,5.187478476,69.120777838,0.301211572,0,-88.204643000,20.667320000,65.863922000,229.475838030,5
Branch_040,40,15,0,9,15,10.018347000,-21.942720000,40.961330000,4.909428862,74.030206700,0.322605671,0,-88.204643000,20.667320000,65.863922000,229.475838030,5
Branch_040,40,16,0,9,16,10.293105000,-17.392542000,41.166740000,4.563091612,78.593298312,0.342490517,0,-88.204643000,20.667320000,65.863922000,229.475838030,5
Branch_040,40,17,0,9,17,11.084682000,-13.193231000,41.531292000,4.288788312,82.882086624,0.361180015,0,-88.204643000,20.667320000,65.863922000,229.475838030,5
Branch_040,40,18,0,9,18,12.395549000,-9.250117300,42.023792000,4.184384566,87.066471190,0.379414547,0,-88.204643000,20.667320000,65.863922000,229.475838030,5
Branch_040,40,19,0,9,19,13.428562000,-7.010438900,42.358051000,2.488976551,89.555447741,0.390260903,0,-88.204643000,20.667320000,65.863922000,229.475838030,5
Branch_040,40,20,1,10,1,8.513610800,-3.880808800,41.469315000,5.894165042,95.449612783,0.415946243,0,-88.204643000,20.667320000,65.863922000,229.475838030,5
Branch_040,40,21,1,10,2,5.700329800,-1.497111100,40.852108000,3.738650718,99.188263500,0.432238376,0,-88.204643000,20.667320000,65.863922000,229.475838030,5
Branch_040,40,22,1,10,3,3.228861600,1.258957700,40.246117000,3.751172535,102.939436035,0.448585075,0,-88.204643000,20.667320000,65.863922000,229.475838030,5
Branch_040,40,23,1,10,4,0.224044770,4.499023400,39.624977000,4.462372107,107.401808142,0.468031010,0,-88.204643000,20.667320000,65.863922000,229.475838030,5
Branch_040,40,24,1,10,5,-3.124296900,7.948573600,39.092415000,4.836776903,112.238585045,0.489108509,0,-88.204643000,20.667320000,65.863922000,229.475838030,5
Branch_040,40,25,1,10,6,-6.637706300,11.364470000,38.724075000,4.914068394,117.152653439,0.510522826,0,-88.204643000,20.667320000,65.863922000,229.475838030,5
Branch_040,40,26,1,10,7,-10.168994000,14.571689000,38.552483000,4.773435906,121.926089345,0.531324301,0,-88.204643000,20.667320000,65.863922000,229.475838030,5
Branch_040,40,27,1,10,8,-13.613175000,17.485661000,38.562916000,4.511510216,126.437599561,0.550984368,0,-88.204643000,20.667320000,65.863922000,229.475838030,5
Branch_040,40,28,1,10,9,-16.908464000,20.116638000,38.700928000,4.219006622,130.656606183,0.569369775,0,-88.204643000,20.667320000,65.863922000,229.475838030,5
Branch_040,40,29,1,10,10,-20.028803000,22.556101000,38.889393000,3.965225625,134.621831808,0.586649265,0,-88.204643000,20.667320000,65.863922000,229.475838030,5
Branch_040,40,30,1,10,11,-22.971312000,24.948771000,39.050686000,3.795951050,138.417782859,0.603191099,0,-88.204643000,20.667320000,65.863922000,229.475838030,5
Branch_040,40,31,1,10,12,-25.743008000,27.456394000,39.128395000,3.738517155,142.156300013,0.619482649,0,-88.204643000,20.667320000,65.863922000,229.475838030,5
Branch_040,40,32,1,10,13,-28.350756000,30.220842000,39.103210000,3.800415327,145.956715341,0.636043936,0,-88.204643000,20.667320000,65.863922000,229.475838030,5
Branch_040,40,33,1,10,14,-31.678991000,34.678879000,38.953018000,5.565411013,151.522126354,0.660296647,0,-88.204643000,20.667320000,65.863922000,229.475838030,5
Branch_040,40,34,2,22,1,-33.540119000,32.828140000,39.465443000,2.674249738,154.196376091,0.671950378,0,-88.204643000,20.667320000,65.863922000,229.475838030,5
Branch_040,40,35,2,22,2,-34.860867000,31.102398000,40.012878000,2.241036771,156.437412862,0.681716272,0,-88.204643000,20.667320000,65.863922000,229.475838030,5
Branch_040,40,36,2,22,3,-36.322609000,28.840321000,40.706116000,2.781053928,159.218466791,0.693835430,0,-88.204643000,20.667320000,65.863922000,229.475838030,5
Branch_040,40,37,2,22,4,-38.073528000,26.209150000,41.376247000,3.230766741,162.449233532,0.707914327,0,-88.204643000,20.667320000,65.863922000,229.475838030,5
Branch_040,40,38,2,22,5,-39.973618000,23.443958000,41.869690000,3.391181918,165.840415449,0.722692275,0,-88.204643000,20.667320000,65.863922000,229.475838030,5
Branch_040,40,39,2,22,6,-41.880322000,20.744228000,42.058407000,3.310540186,169.150955635,0.737118806,0,-88.204643000,20.667320000,65.863922000,229.475838030,5
Branch_040,40,40,2,22,7,-43.663528000,18.242468000,41.861221000,3.078556326,172.229511962,0.750534407,0,-88.204643000,20.667320000,65.863922000,229.475838030,5
Branch_040,40,41,3,39,1,-45.442932000,19.623219000,42.861023000,2.464215080,174.693727041,0.761272858,0,-88.204643000,20.667320000,65.863922000,229.475838030,5
Branch_040,40,42,3,39,2,-46.601040000,20.784950000,43.693714000,1.839621526,176.533348567,0.769289482,0,-88.204643000,20.667320000,65.863922000,229.475838030,5
Branch_040,40,43,3,39,3,-48.218472000,22.345884000,44.859756000,2.532243111,179.065591678,0.780324383,0,-88.204643000,20.667320000,65.863922000,229.475838030,5
Branch_040,40,44,3,39,4,-50.173981000,24.120699000,46.268578000,2.993119303,182.058710981,0.793367670,0,-88.204643000,20.667320000,65.863922000,229.475838030,5
Branch_040,40,45,3,39,5,-52.338848000,25.910690000,47.813343000,3.205778503,185.264489484,0.807337675,0,-88.204643000,20.667320000,65.863922000,229.475838030,5
Branch_040,40,46,3,39,6,-54.597103000,27.534302000,49.380829000,3.192623362,188.457112846,0.821250352,0,-88.204643000,20.667320000,65.863922000,229.475838030,5
Branch_040,40,47,3,39,7,-56.862572000,28.853876000,50.861519000,3.010991233,191.468104079,0.834371521,0,-88.204643000,20.667320000,65.863922000,229.475838030,5
Branch_040,40,48,3,39,8,-59.089535000,29.794203000,52.158855000,2.743475855,194.211579935,0.846326923,0,-88.204643000,20.667320000,65.863922000,229.475838030,5
Branch_040,40,49,3,39,9,-61.275166000,30.349878000,53.196796000,2.482554953,196.694134887,0.857145295,0,-88.204643000,20.667320000,65.863922000,229.475838030,5
Branch_040,40,50,3,39,10,-63.453144000,30.580515000,53.924995000,2.308041459,199.002176347,0.867203179,0,-88.204643000,20.667320000,65.863922000,229.475838030,5
Branch_040,40,51,3,39,11,-65.679779000,30.594982000,54.321274000,2.261669685,201.263846031,0.877058987,0,-88.204643000,20.667320000,65.863922000,229.475838030,5
Branch_040,40,52,3,39,12,-68.930161000,30.521904000,54.308716000,3.251227652,204.515073683,0.891227048,0,-88.204643000,20.667320000,65.863922000,229.475838030,5
Branch_040,40,53,4,87,1,-69.958984000,30.006622000,55.315056000,1.528630924,206.043704607,0.897888450,1,-88.204643000,20.667320000,65.863922000,229.475838030,5
Branch_040,40,54,4,87,2,-71.072250000,29.151567000,56.135281000,1.625807273,207.669511880,0.904973324,1,-88.204643000,20.667320000,65.863922000,229.475838030,5
Branch_040,40,55,4,87,3,-72.550423000,27.947529000,57.100212000,2.136772042,209.806283922,0.914284858,1,-88.204643000,20.667320000,65.863922000,229.475838030,5
Branch_040,40,56,4,87,4,-74.143318000,26.830271000,58.190079000,2.230109862,212.036393784,0.924003135,1,-88.204643000,20.667320000,65.863922000,229.475838030,5
Branch_040,40,57,4,87,5,-75.696846000,25.985182000,59.304024000,2.090095244,214.126489028,0.933111263,1,-88.204643000,20.667320000,65.863922000,229.475838030,5
Branch_040,40,58,4,87,6,-77.151863000,25.459316000,60.373009000,1.880515475,216.007004502,0.941306093,1,-88.204643000,20.667320000,65.863922000,229.475838030,5
Branch_040,40,59,4,87,7,-78.545242000,25.157591000,61.366356000,1.737607918,217.744612420,0.948878166,1,-88.204643000,20.667320000,65.863922000,229.475838030,5
Branch_040,40,60,4,87,8,-79.971153000,24.893475000,62.284065000,1.716149542,219.460761962,0.956356730,1,-88.204643000,20.667320000,65.863922000,229.475838030,5
Branch_040,40,61,4,87,9,-81.518127000,24.473936000,63.139225000,1.816711357,221.277473319,0.964273517,1,-88.204643000,20.667320000,65.863922000,229.475838030,5
Branch_040,40,62,4,87,10,-83.207153000,23.785503000,63.938126000,1.991228674,223.268701993,0.972950808,1,-88.204643000,20.667320000,65.863922000,229.475838030,5
Branch_040,40,63,4,87,11,-84.955650000,22.848148000,64.666206000,2.113285745,225.381987738,0.982159994,1,-88.204643000,20.667320000,65.863922000,229.475838030,5
Branch_040,40,64,4,87,12,-86.582619000,21.816147000,65.285156000,2.023648510,227.405636249,0.990978563,1,-88.204643000,20.667320000,65.863922000,229.475838030,5
Branch_040,40,65,4,87,13,-88.204643000,20.667320000,65.863922000,2.070201781,229.475838030,1.000000000,1,-88.204643000,20.667320000,65.863922000,229.475838030,5
Branch_041,41,0,0,9,0,9.155164700,-94.828995000,43.316994000,0.000000000,0.000000000,0.000000000,0,39.490917000,-34.883289000,27.543894000,192.434340365,6
Branch_041,41,1,0,9,1,8.745691300,-90.524384000,41.931053000,4.540724257,4.540724257,0.023596226,0,39.490917000,-34.883289000,27.543894000,192.434340365,6
Branch_041,41,2,0,9,2,8.447949400,-85.977066000,40.628029000,4.739685937,9.280410194,0.048226373,0,39.490917000,-34.883289000,27.543894000,192.434340365,6
Branch_041,41,3,0,9,3,8.306425100,-80.784424000,39.387024000,5.340754018,14.621164212,0.075980016,0,39.490917000,-34.883289000,27.543894000,192.434340365,6
Branch_041,41,4,0,9,4,8.427463500,-75.420364000,38.457928000,5.445274039,20.066438250,0.104276805,0,39.490917000,-34.883289000,27.543894000,192.434340365,6
Branch_041,41,5,0,9,5,8.845435100,-70.229225000,37.995411000,5.228436320,25.294874570,0.131446781,0,39.490917000,-34.883289000,27.543894000,192.434340365,6
Branch_041,41,6,0,9,6,9.507898300,-65.372032000,38.028183000,4.902270427,30.197144997,0.156921810,0,39.490917000,-34.883289000,27.543894000,192.434340365,6
Branch_041,41,7,0,9,7,10.287036000,-60.827480000,38.464947000,4.631497731,34.828642727,0.180989748,0,39.490917000,-34.883289000,27.543894000,192.434340365,6
Branch_041,41,8,0,9,8,11.014260000,-56.442604000,39.132923000,4.494683995,39.323326723,0.204346722,0,39.490917000,-34.883289000,27.543894000,192.434340365,6
Branch_041,41,9,0,9,9,11.527933000,-52.014019000,39.835442000,4.513286829,43.836613551,0.227800368,0,39.490917000,-34.883289000,27.543894000,192.434340365,6
Branch_041,41,10,0,9,10,11.720328000,-47.372635000,40.409962000,4.680762171,48.517375722,0.252124312,0,39.490917000,-34.883289000,27.543894000,192.434340365,6
Branch_041,41,11,0,9,11,11.570354000,-42.445747000,40.769272000,4.942248602,53.459624324,0.277807091,0,39.490917000,-34.883289000,27.543894000,192.434340365,6
Branch_041,41,12,0,9,12,11.152950000,-37.279388000,40.914940000,5.185239684,58.644864008,0.304752592,0,39.490917000,-34.883289000,27.543894000,192.434340365,6
Branch_041,41,13,0,9,13,10.623031000,-32.017574000,40.921852000,5.288435354,63.933299362,0.332234357,0,39.490917000,-34.883289000,27.543894000,192.434340365,6
Branch_041,41,14,0,9,14,10.179241000,-26.849152000,40.901917000,5.187478476,69.120777838,0.359191492,0,39.490917000,-34.883289000,27.543894000,192.434340365,6
Branch_041,41,15,0,9,15,10.018347000,-21.942720000,40.961330000,4.909428862,74.030206700,0.384703721,0,39.490917000,-34.883289000,27.543894000,192.434340365,6
Branch_041,41,16,0,9,16,10.293105000,-17.392542000,41.166740000,4.563091612,78.593298312,0.408416181,0,39.490917000,-34.883289000,27.543894000,192.434340365,6
Branch_041,41,17,0,9,17,11.084682000,-13.193231000,41.531292000,4.288788312,82.882086624,0.430703202,0,39.490917000,-34.883289000,27.543894000,192.434340365,6
Branch_041,41,18,0,9,18,12.395549000,-9.250117300,42.023792000,4.184384566,87.066471190,0.452447682,0,39.490917000,-34.883289000,27.543894000,192.434340365,6
Branch_041,41,19,0,9,19,13.428562000,-7.010438900,42.358051000,2.488976551,89.555447741,0.465381842,0,39.490917000,-34.883289000,27.543894000,192.434340365,6
Branch_041,41,20,1,8,1,16.282339000,-1.562926900,43.212620000,6.208841948,95.764289689,0.497646571,0,39.490917000,-34.883289000,27.543894000,192.434340365,6
Branch_041,41,21,1,8,2,18.643381000,2.404393400,43.881081000,4.664867608,100.429157296,0.521887918,0,39.490917000,-34.883289000,27.543894000,192.434340365,6
Branch_041,41,22,1,8,3,21.147991000,6.488432400,44.652599000,4.852595783,105.281753079,0.547104809,0,39.490917000,-34.883289000,27.543894000,192.434340365,6
Branch_041,41,23,1,8,4,24.223534000,11.405412000,45.843182000,5.920569315,111.202322394,0.577871508,0,39.490917000,-34.883289000,27.543894000,192.434340365,6
Branch_041,41,24,2,21,1,27.690271000,9.568561600,45.976391000,3.925561037,115.127883431,0.598270991,0,39.490917000,-34.883289000,27.543894000,192.434340365,6
Branch_041,41,25,2,21,2,30.500639000,8.436563500,45.614300000,3.051343620,118.179227051,0.614127535,0,39.490917000,-34.883289000,27.543894000,192.434340365,6
Branch_041,41,26,2,21,3,33.836395000,7.302638100,44.907448000,3.593423807,121.772650857,0.632801041,0,39.490917000,-34.883289000,27.543894000,192.434340365,6
Branch_041,41,27,2,21,4,37.648449000,5.861568000,44.297165000,4.120786827,125.893437684,0.654215030,0,39.490917000,-34.883289000,27.543894000,192.434340365,6
Branch_041,41,28,2,21,5,41.557293000,4.180810000,43.965683000,4.267773329,130.161211013,0.676392845,0,39.490917000,-34.883289000,27.543894000,192.434340365,6
Branch_041,41,29,2,21,6,45.247955000,2.346591900,44.046879000,4.122127464,134.283338477,0.697813801,0,39.490917000,-34.883289000,27.543894000,192.434340365,6
Branch_041,41,30,2,21,7,48.516773000,0.457833470,44.605518000,3.816366997,138.099705474,0.717645849,0,39.490917000,-34.883289000,27.543894000,192.434340365,6
Branch_041,41,31,2,21,8,51.288979000,-1.384460900,45.637222000,3.484765099,141.584470573,0.735754701,0,39.490917000,-34.883289000,27.543894000,192.434340365,6
Branch_041,41,32,2,21,9,53.190578000,-2.784993900,46.827793000,2.644812044,144.229282617,0.749498672,0,39.490917000,-34.883289000,27.543894000,192.434340365,6
Branch_041,41,33,3,43,1,53.525616000,-4.094480000,43.873051000,3.249231385,147.478514002,0.766383556,0,39.490917000,-34.883289000,27.543894000,192.434340365,6
Branch_041,41,34,3,43,2,53.407143000,-5.104843600,42.257790000,1.908910305,149.387424307,0.776303356,0,39.490917000,-34.883289000,27.543894000,192.434340365,6
Branch_041,41,35,3,43,3,53.225269000,-6.584104100,40.215679000,2.528143017,151.915567324,0.789441048,0,39.490917000,-34.883289000,27.543894000,192.434340365,6
Branch_041,41,36,3,43,4,52.991764000,-8.477386500,38.102013000,2.847213865,154.762781189,0.804236816,0,39.490917000,-34.883289000,27.543894000,192.434340365,6
Branch_041,41,37,3,43,5,52.742374000,-10.699895000,36.249531000,2.904036667,157.666817856,0.819327868,0,39.490917000,-34.883289000,27.543894000,192.434340365,6
Branch_041,41,38,3,43,6,52.541138000,-13.138442000,34.896049000,2.796233346,160.463051202,0.833858712,0,39.490917000,-34.883289000,27.543894000,192.434340365,6
Branch_041,41,39,4,44,1,52.475361000,-15.662065000,34.138508000,2.635691186,163.098742388,0.847555286,0,39.490917000,-34.883289000,27.543894000,192.434340365,6
Branch_041,41,40,4,44,2,52.640877000,-18.140959000,33.923367000,2.493711423,165.592453810,0.860514051,0,39.490917000,-34.883289000,27.543894000,192.434340365,6
Branch_041,41,41,4,44,3,53.120621000,-20.469654000,34.073341000,2.382323846,167.974777657,0.872893982,0,39.490917000,-34.883289000,27.543894000,192.434340365,6
Branch_041,41,42,4,44,4,53.962257000,-22.587952000,34.341145000,2.295050447,170.269828104,0.884820390,0,39.490917000,-34.883289000,27.543894000,192.434340365,6
Branch_041,41,43,4,44,5,54.975361000,-24.197189000,34.453842000,1.904921009,172.174749113,0.894719460,0,39.490917000,-34.883289000,27.543894000,192.434340365,6
Branch_041,41,44,5,88,1,53.240337000,-25.556501000,34.044258000,2.241828818,174.416577931,0.906369298,1,39.490917000,-34.883289000,27.543894000,192.434340365,6
Branch_041,41,45,5,88,2,52.131794000,-26.694153000,33.538498000,1.667007149,176.083585079,0.915032030,1,39.490917000,-34.883289000,27.543894000,192.434340365,6
Branch_041,41,46,5,88,3,50.573307000,-28.173887000,32.821770000,2.265434498,178.349019577,0.926804536,1,39.490917000,-34.883289000,27.543894000,192.434340365,6
Branch_041,41,47,5,88,4,48.683758000,-29.783964000,31.944048000,2.633085505,180.982105083,0.940487570,1,39.490917000,-34.883289000,27.543894000,192.434340365,6
Branch_041,41,48,5,88,5,46.610600000,-31.323809000,30.970259000,2.759958647,183.742063730,0.954829909,1,39.490917000,-34.883289000,27.543894000,192.434340365,6
Branch_041,41,49,5,88,6,44.519680000,-32.642529000,29.976992000,2.664122410,186.406186140,0.968674228,1,39.490917000,-34.883289000,27.543894000,192.434340365,6
Branch_041,41,50,5,88,7,42.582497000,-33.659428000,29.047020000,2.377311396,188.783497536,0.981028112,1,39.490917000,-34.883289000,27.543894000,192.434340365,6
Branch_041,41,51,5,88,8,40.961620000,-34.362270000,28.261858000,1.933315415,190.716812951,0.991074735,1,39.490917000,-34.883289000,27.543894000,192.434340365,6
Branch_041,41,52,5,88,9,39.490917000,-34.883289000,27.543894000,1.717527414,192.434340365,1.000000000,1,39.490917000,-34.883289000,27.543894000,192.434340365,6
Branch_042,42,0,0,9,0,9.155164700,-94.828995000,43.316994000,0.000000000,0.000000000,0.000000000,0,-58.759281000,97.028473000,19.452259000,243.463483012,7
Branch_042,42,1,0,9,1,8.745691300,-90.524384000,41.931053000,4.540724257,4.540724257,0.018650535,0,-58.759281000,97.028473000,19.452259000,243.463483012,7
Branch_042,42,2,0,9,2,8.447949400,-85.977066000,40.628029000,4.739685937,9.280410194,0.038118284,0,-58.759281000,97.028473000,19.452259000,243.463483012,7
Branch_042,42,3,0,9,3,8.306425100,-80.784424000,39.387024000,5.340754018,14.621164212,0.060054855,0,-58.759281000,97.028473000,19.452259000,243.463483012,7
Branch_042,42,4,0,9,4,8.427463500,-75.420364000,38.457928000,5.445274039,20.066438250,0.082420731,0,-58.759281000,97.028473000,19.452259000,243.463483012,7
Branch_042,42,5,0,9,5,8.845435100,-70.229225000,37.995411000,5.228436320,25.294874570,0.103895969,0,-58.759281000,97.028473000,19.452259000,243.463483012,7
Branch_042,42,6,0,9,6,9.507898300,-65.372032000,38.028183000,4.902270427,30.197144997,0.124031516,0,-58.759281000,97.028473000,19.452259000,243.463483012,7
Branch_042,42,7,0,9,7,10.287036000,-60.827480000,38.464947000,4.631497731,34.828642727,0.143054894,0,-58.759281000,97.028473000,19.452259000,243.463483012,7
Branch_042,42,8,0,9,8,11.014260000,-56.442604000,39.132923000,4.494683995,39.323326723,0.161516324,0,-58.759281000,97.028473000,19.452259000,243.463483012,7
Branch_042,42,9,0,9,9,11.527933000,-52.014019000,39.835442000,4.513286829,43.836613551,0.180054163,0,-58.759281000,97.028473000,19.452259000,243.463483012,7
Branch_042,42,10,0,9,10,11.720328000,-47.372635000,40.409962000,4.680762171,48.517375722,0.199279888,0,-58.759281000,97.028473000,19.452259000,243.463483012,7
Branch_042,42,11,0,9,11,11.570354000,-42.445747000,40.769272000,4.942248602,53.459624324,0.219579642,0,-58.759281000,97.028473000,19.452259000,243.463483012,7
Branch_042,42,12,0,9,12,11.152950000,-37.279388000,40.914940000,5.185239684,58.644864008,0.240877454,0,-58.759281000,97.028473000,19.452259000,243.463483012,7
Branch_042,42,13,0,9,13,10.623031000,-32.017574000,40.921852000,5.288435354,63.933299362,0.262599132,0,-58.759281000,97.028473000,19.452259000,243.463483012,7
Branch_042,42,14,0,9,14,10.179241000,-26.849152000,40.901917000,5.187478476,69.120777838,0.283906141,0,-58.759281000,97.028473000,19.452259000,243.463483012,7
Branch_042,42,15,0,9,15,10.018347000,-21.942720000,40.961330000,4.909428862,74.030206700,0.304071090,0,-58.759281000,97.028473000,19.452259000,243.463483012,7
Branch_042,42,16,0,9,16,10.293105000,-17.392542000,41.166740000,4.563091612,78.593298312,0.322813497,0,-58.759281000,97.028473000,19.452259000,243.463483012,7
Branch_042,42,17,0,9,17,11.084682000,-13.193231000,41.531292000,4.288788312,82.882086624,0.340429232,0,-58.759281000,97.028473000,19.452259000,243.463483012,7
Branch_042,42,18,0,9,18,12.395549000,-9.250117300,42.023792000,4.184384566,87.066471190,0.357616141,0,-58.759281000,97.028473000,19.452259000,243.463483012,7
Branch_042,42,19,0,9,19,13.428562000,-7.010438900,42.358051000,2.488976551,89.555447741,0.367839343,0,-58.759281000,97.028473000,19.452259000,243.463483012,7
Branch_042,42,20,1,10,1,8.513610800,-3.880808800,41.469315000,5.894165042,95.449612783,0.392048991,0,-58.759281000,97.028473000,19.452259000,243.463483012,7
Branch_042,42,21,1,10,2,5.700329800,-1.497111100,40.852108000,3.738650718,99.188263500,0.407405095,0,-58.759281000,97.028473000,19.452259000,243.463483012,7
Branch_042,42,22,1,10,3,3.228861600,1.258957700,40.246117000,3.751172535,102.939436035,0.422812632,0,-58.759281000,97.028473000,19.452259000,243.463483012,7
Branch_042,42,23,1,10,4,0.224044770,4.499023400,39.624977000,4.462372107,107.401808142,0.441141344,0,-58.759281000,97.028473000,19.452259000,243.463483012,7
Branch_042,42,24,1,10,5,-3.124296900,7.948573600,39.092415000,4.836776903,112.238585045,0.461007884,0,-58.759281000,97.028473000,19.452259000,243.463483012,7
Branch_042,42,25,1,10,6,-6.637706300,11.364470000,38.724075000,4.914068394,117.152653439,0.481191890,0,-58.759281000,97.028473000,19.452259000,243.463483012,7
Branch_042,42,26,1,10,7,-10.168994000,14.571689000,38.552483000,4.773435906,121.926089345,0.500798263,0,-58.759281000,97.028473000,19.452259000,243.463483012,7
Branch_042,42,27,1,10,8,-13.613175000,17.485661000,38.562916000,4.511510216,126.437599561,0.519328804,0,-58.759281000,97.028473000,19.452259000,243.463483012,7
Branch_042,42,28,1,10,9,-16.908464000,20.116638000,38.700928000,4.219006622,130.656606183,0.536657919,0,-58.759281000,97.028473000,19.452259000,243.463483012,7
Branch_042,42,29,1,10,10,-20.028803000,22.556101000,38.889393000,3.965225625,134.621831808,0.552944656,0,-58.759281000,97.028473000,19.452259000,243.463483012,7
Branch_042,42,30,1,10,11,-22.971312000,24.948771000,39.050686000,3.795951050,138.417782859,0.568536115,0,-58.759281000,97.028473000,19.452259000,243.463483012,7
Branch_042,42,31,1,10,12,-25.743008000,27.456394000,39.128395000,3.738517155,142.156300013,0.583891671,0,-58.759281000,97.028473000,19.452259000,243.463483012,7
Branch_042,42,32,1,10,13,-28.350756000,30.220842000,39.103210000,3.800415327,145.956715341,0.599501467,0,-58.759281000,97.028473000,19.452259000,243.463483012,7
Branch_042,42,33,1,10,14,-31.678991000,34.678879000,38.953018000,5.565411013,151.522126354,0.622360793,0,-58.759281000,97.028473000,19.452259000,243.463483012,7
Branch_042,42,34,2,11,1,-33.081928000,36.818501000,38.879490000,2.559613427,154.081739781,0.632874129,0,-58.759281000,97.028473000,19.452259000,243.463483012,7
Branch_042,42,35,2,11,2,-34.981613000,40.218311000,38.837078000,3.894779829,157.976519609,0.648871517,0,-58.759281000,97.028473000,19.452259000,243.463483012,7
Branch_042,42,36,3,12,1,-37.197227000,44.650524000,38.950371000,4.956439526,162.932959136,0.669229558,0,-58.759281000,97.028473000,19.452259000,243.463483012,7
Branch_042,42,37,3,12,2,-39.077698000,48.744965000,39.314186000,4.520285349,167.453244485,0.687796143,0,-58.759281000,97.028473000,19.452259000,243.463483012,7
Branch_042,42,38,3,12,3,-40.901249000,52.758144000,39.973698000,4.457117904,171.910362389,0.706103274,0,-58.759281000,97.028473000,19.452259000,243.463483012,7
Branch_042,42,39,3,12,4,-42.725853000,56.560471000,40.943188000,4.327445116,176.237807505,0.723877788,0,-58.759281000,97.028473000,19.452259000,243.463483012,7
Branch_042,42,40,3,12,5,-44.602505000,60.068466000,42.203861000,4.173385683,180.411193189,0.741019519,0,-58.759281000,97.028473000,19.452259000,243.463483012,7
Branch_042,42,41,3,12,6,-46.556820000,63.258331000,43.715164000,4.034677508,184.445870697,0.757591522,0,-58.759281000,97.028473000,19.452259000,243.463483012,7
Branch_042,42,42,3,12,7,-48.668339000,66.297379000,45.521130000,4.117746766,188.563617463,0.774504723,0,-58.759281000,97.028473000,19.452259000,243.463483012,7
Branch_042,42,43,4,13,1,-50.579292000,68.882439000,47.314671000,3.681177242,192.244794705,0.789624761,0,-58.759281000,97.028473000,19.452259000,243.463483012,7
Branch_042,42,44,5,27,1,-48.690441000,72.230789000,44.909473000,4.534774883,196.779569588,0.808250860,0,-58.759281000,97.028473000,19.452259000,243.463483012,7
Branch_042,42,45,5,27,2,-47.930210000,73.844986000,44.024170000,1.991819402,198.771388990,0.816432044,0,-58.759281000,97.028473000,19.452259000,243.463483012,7
Branch_042,42,46,5,27,3,-47.045216000,76.029518000,42.882030000,2.619136922,201.390525913,0.827189866,0,-58.759281000,97.028473000,19.452259000,243.463483012,7
Branch_042,42,47,5,27,4,-46.254795000,78.566696000,41.654549000,2.927242246,204.317768159,0.839213198,0,-58.759281000,97.028473000,19.452259000,243.463483012,7
Branch_042,42,48,5,27,5,-45.734581000,81.254890000,40.501083000,2.971109793,207.288877951,0.851416711,0,-58.759281000,97.028473000,19.452259000,243.463483012,7
Branch_042,42,49,5,27,6,-45.563881000,83.948097000,39.536957000,2.865665957,210.154543909,0.863187125,0,-58.759281000,97.028473000,19.452259000,243.463483012,7
Branch_042,42,50,5,27,7,-45.701767000,86.574341000,38.817318000,2.726545504,212.881089413,0.874386116,0,-58.759281000,97.028473000,19.452259000,243.463483012,7
Branch_042,42,51,5,27,8,-45.998642000,89.129250000,38.340176000,2.615981508,215.497070921,0.885130978,0,-58.759281000,97.028473000,19.452259000,243.463483012,7
Branch_042,42,52,5,27,9,-46.191780000,91.343819000,38.109314000,2.234930738,217.732001660,0.894310715,0,-58.759281000,97.028473000,19.452259000,243.463483012,7
Branch_042,42,53,6,89,1,-47.911598000,90.476601000,36.648567000,2.417358643,220.149360303,0.904239755,1,-58.759281000,97.028473000,19.452259000,243.463483012,7
Branch_042,42,54,6,89,2,-48.938480000,90.002121000,35.227436000,1.816378604,221.965738907,0.911700335,1,-58.759281000,97.028473000,19.452259000,243.463483012,7
Branch_042,42,55,6,89,3,-49.745174000,89.721085000,33.392311000,2.024208539,223.989947446,0.920014553,1,-58.759281000,97.028473000,19.452259000,243.463483012,7
Branch_042,42,56,6,89,4,-50.516895000,89.560715000,31.363108000,2.176909887,226.166857332,0.928955975,1,-58.759281000,97.028473000,19.452259000,243.463483012,7
Branch_042,42,57,6,89,5,-51.156620000,89.631462000,29.354073000,2.109614857,228.276472189,0.937620991,1,-58.759281000,97.028473000,19.452259000,243.463483012,7
Branch_042,42,58,6,89,6,-51.667450000,90.004028000,27.510469000,1.949007035,230.225479224,0.945626327,1,-58.759281000,97.028473000,19.452259000,243.463483012,7
Branch_042,42,59,6,89,7,-52.147087000,90.693520000,25.892284000,1.823176778,232.048656002,0.953114829,1,-58.759281000,97.028473000,19.452259000,243.463483012,7
Branch_042,42,60,6,89,8,-52.742130000,91.657242000,24.487623000,1.804413697,233.853069699,0.960526264,1,-58.759281000,97.028473000,19.452259000,243.463483012,7
Branch_042,42,61,6,89,9,-53.579224000,92.805084000,23.247671000,1.885669267,235.738738966,0.968271447,1,-58.759281000,97.028473000,19.452259000,243.463483012,7
Branch_042,42,62,6,89,10,-54.699661000,94.018105000,22.128038000,1.995088237,237.733827203,0.976466057,1,-58.759281000,97.028473000,19.452259000,243.463483012,7
Branch_042,42,63,6,89,11,-56.023415000,95.169487000,21.120199000,2.023300426,239.757127628,0.984776545,1,-58.759281000,97.028473000,19.452259000,243.463483012,7
Branch_042,42,64,6,89,12,-57.358017000,96.142876000,20.261806000,1.861581904,241.618709533,0.992422792,1,-58.759281000,97.028473000,19.452259000,243.463483012,7
Branch_042,42,65,6,89,13,-58.759281000,97.028473000,19.452259000,1.844773479,243.463483012,1.000000000,1,-58.759281000,97.028473000,19.452259000,243.463483012,7
Branch_043,43,0,0,9,0,9.155164700,-94.828995000,43.316994000,0.000000000,0.000000000,0.000000000,0,-50.243137000,56.315842000,11.255948000,199.511630417,6
Branch_043,43,1,0,9,1,8.745691300,-90.524384000,41.931053000,4.540724257,4.540724257,0.022759196,0,-50.243137000,56.315842000,11.255948000,199.511630417,6
Branch_043,43,2,0,9,2,8.447949400,-85.977066000,40.628029000,4.739685937,9.280410194,0.046515635,0,-50.243137000,56.315842000,11.255948000,199.511630417,6
Branch_043,43,3,0,9,3,8.306425100,-80.784424000,39.387024000,5.340754018,14.621164212,0.073284771,0,-50.243137000,56.315842000,11.255948000,199.511630417,6
Branch_043,43,4,0,9,4,8.427463500,-75.420364000,38.457928000,5.445274039,20.066438250,0.100577787,0,-50.243137000,56.315842000,11.255948000,199.511630417,6
Branch_043,43,5,0,9,5,8.845435100,-70.229225000,37.995411000,5.228436320,25.294874570,0.126783960,0,-50.243137000,56.315842000,11.255948000,199.511630417,6
Branch_043,43,6,0,9,6,9.507898300,-65.372032000,38.028183000,4.902270427,30.197144997,0.151355312,0,-50.243137000,56.315842000,11.255948000,199.511630417,6
Branch_043,43,7,0,9,7,10.287036000,-60.827480000,38.464947000,4.631497731,34.828642727,0.174569486,0,-50.243137000,56.315842000,11.255948000,199.511630417,6
Branch_043,43,8,0,9,8,11.014260000,-56.442604000,39.132923000,4.494683995,39.323326723,0.197097917,0,-50.243137000,56.315842000,11.255948000,199.511630417,6
Branch_043,43,9,0,9,9,11.527933000,-52.014019000,39.835442000,4.513286829,43.836613551,0.219719590,0,-50.243137000,56.315842000,11.255948000,199.511630417,6
Branch_043,43,10,0,9,10,11.720328000,-47.372635000,40.409962000,4.680762171,48.517375722,0.243180689,0,-50.243137000,56.315842000,11.255948000,199.511630417,6
Branch_043,43,11,0,9,11,11.570354000,-42.445747000,40.769272000,4.942248602,53.459624324,0.267952421,0,-50.243137000,56.315842000,11.255948000,199.511630417,6
Branch_043,43,12,0,9,12,11.152950000,-37.279388000,40.914940000,5.185239684,58.644864008,0.293942082,0,-50.243137000,56.315842000,11.255948000,199.511630417,6
Branch_043,43,13,0,9,13,10.623031000,-32.017574000,40.921852000,5.288435354,63.933299362,0.320448984,0,-50.243137000,56.315842000,11.255948000,199.511630417,6
Branch_043,43,14,0,9,14,10.179241000,-26.849152000,40.901917000,5.187478476,69.120777838,0.346449867,0,-50.243137000,56.315842000,11.255948000,199.511630417,6
Branch_043,43,15,0,9,15,10.018347000,-21.942720000,40.961330000,4.909428862,74.030206700,0.371057099,0,-50.243137000,56.315842000,11.255948000,199.511630417,6
Branch_043,43,16,0,9,16,10.293105000,-17.392542000,41.166740000,4.563091612,78.593298312,0.393928405,0,-50.243137000,56.315842000,11.255948000,199.511630417,6
Branch_043,43,17,0,9,17,11.084682000,-13.193231000,41.531292000,4.288788312,82.882086624,0.415424837,0,-50.243137000,56.315842000,11.255948000,199.511630417,6
Branch_043,43,18,0,9,18,12.395549000,-9.250117300,42.023792000,4.184384566,87.066471190,0.436397973,0,-50.243137000,56.315842000,11.255948000,199.511630417,6
Branch_043,43,19,0,9,19,13.428562000,-7.010438900,42.358051000,2.488976551,89.555447741,0.448873319,0,-50.243137000,56.315842000,11.255948000,199.511630417,6
Branch_043,43,20,1,10,1,8.513610800,-3.880808800,41.469315000,5.894165042,95.449612783,0.478416284,0,-50.243137000,56.315842000,11.255948000,199.511630417,6
Branch_043,43,21,1,10,2,5.700329800,-1.497111100,40.852108000,3.738650718,99.188263500,0.497155295,0,-50.243137000,56.315842000,11.255948000,199.511630417,6
Branch_043,43,22,1,10,3,3.228861600,1.258957700,40.246117000,3.751172535,102.939436035,0.515957069,0,-50.243137000,56.315842000,11.255948000,199.511630417,6
Branch_043,43,23,1,10,4,0.224044770,4.499023400,39.624977000,4.462372107,107.401808142,0.538323545,0,-50.243137000,56.315842000,11.255948000,199.511630417,6
Branch_043,43,24,1,10,5,-3.124296900,7.948573600,39.092415000,4.836776903,112.238585045,0.562566627,0,-50.243137000,56.315842000,11.255948000,199.511630417,6
Branch_043,43,25,1,10,6,-6.637706300,11.364470000,38.724075000,4.914068394,117.152653439,0.587197113,0,-50.243137000,56.315842000,11.255948000,199.511630417,6
Branch_043,43,26,1,10,7,-10.168994000,14.571689000,38.552483000,4.773435906,121.926089345,0.611122715,0,-50.243137000,56.315842000,11.255948000,199.511630417,6
Branch_043,43,27,1,10,8,-13.613175000,17.485661000,38.562916000,4.511510216,126.437599561,0.633735483,0,-50.243137000,56.315842000,11.255948000,199.511630417,6
Branch_043,43,28,1,10,9,-16.908464000,20.116638000,38.700928000,4.219006622,130.656606183,0.654882154,0,-50.243137000,56.315842000,11.255948000,199.511630417,6
Branch_043,43,29,1,10,10,-20.028803000,22.556101000,38.889393000,3.965225625,134.621831808,0.674756813,0,-50.243137000,56.315842000,11.255948000,199.511630417,6
Branch_043,43,30,1,10,11,-22.971312000,24.948771000,39.050686000,3.795951050,138.417782859,0.693783027,0,-50.243137000,56.315842000,11.255948000,199.511630417,6
Branch_043,43,31,1,10,12,-25.743008000,27.456394000,39.128395000,3.738517155,142.156300013,0.712521369,0,-50.243137000,56.315842000,11.255948000,199.511630417,6
Branch_043,43,32,1,10,13,-28.350756000,30.220842000,39.103210000,3.800415327,145.956715341,0.731569959,0,-50.243137000,56.315842000,11.255948000,199.511630417,6
Branch_043,43,33,1,10,14,-31.678991000,34.678879000,38.953018000,5.565411013,151.522126354,0.759465130,0,-50.243137000,56.315842000,11.255948000,199.511630417,6
Branch_043,43,34,2,11,1,-33.081928000,36.818501000,38.879490000,2.559613427,154.081739781,0.772294525,0,-50.243137000,56.315842000,11.255948000,199.511630417,6
Branch_043,43,35,2,11,2,-34.981613000,40.218311000,38.837078000,3.894779829,157.976519609,0.791816093,0,-50.243137000,56.315842000,11.255948000,199.511630417,6
Branch_043,43,36,3,61,1,-35.475735000,40.534775000,36.845673000,2.076053922,160.052573532,0.802221771,0,-50.243137000,56.315842000,11.255948000,199.511630417,6
Branch_043,43,37,3,61,2,-36.055759000,41.018837000,35.346100000,1.679125678,161.731699210,0.810637951,0,-50.243137000,56.315842000,11.255948000,199.511630417,6
Branch_043,43,38,3,61,3,-36.795139000,41.766941000,33.615776000,2.024935437,163.756634647,0.820787411,0,-50.243137000,56.315842000,11.255948000,199.511630417,6
Branch_043,43,39,3,61,4,-37.459053000,42.598156000,31.567286000,2.308248569,166.064883216,0.832356905,0,-50.243137000,56.315842000,11.255948000,199.511630417,6
Branch_043,43,40,3,61,5,-37.852947000,43.421696000,29.379478000,2.370627440,168.435510656,0.844239057,0,-50.243137000,56.315842000,11.255948000,199.511630417,6
Branch_043,43,41,3,61,6,-37.815964000,44.174286000,27.230293000,2.277444975,170.712955631,0.855654155,0,-50.243137000,56.315842000,11.255948000,199.511630417,6
Branch_043,43,42,3,61,7,-37.250183000,44.834927000,25.277079000,2.138129931,172.851085562,0.866370974,0,-50.243137000,56.315842000,11.255948000,199.511630417,6
Branch_043,43,43,3,61,8,-36.137295000,45.429554000,23.641102000,2.066040105,174.917125666,0.876726461,0,-50.243137000,56.315842000,11.255948000,199.511630417,6
Branch_043,43,44,3,61,9,-35.050892000,45.834045000,22.795732000,1.434759521,176.351885188,0.883917819,0,-50.243137000,56.315842000,11.255948000,199.511630417,6
Branch_043,43,45,4,90,1,-36.561230000,47.583408000,22.063055000,2.424501468,178.776386655,0.896070000,0,-50.243137000,56.315842000,11.255948000,199.511630417,6
Branch_043,43,46,4,90,2,-37.656540000,49.109226000,21.669111000,1.919118662,180.695505318,0.905689082,0,-50.243137000,56.315842000,11.255948000,199.511630417,6
Branch_043,43,47,4,90,3,-39.198841000,50.999367000,20.967142000,2.538520406,183.234025724,0.918412753,0,-50.243137000,56.315842000,11.255948000,199.511630417,6
Branch_043,43,48,4,90,4,-41.136349000,52.948631000,19.842937000,2.969411436,186.203437159,0.933296153,0,-50.243137000,56.315842000,11.255948000,199.511630417,6
Branch_043,43,49,5,91,1,-43.132767000,54.500214000,18.424097000,2.899345026,189.102782186,0.947828364,1,-50.243137000,56.315842000,11.255948000,199.511630417,6
Branch_043,43,50,5,91,2,-45.215431000,55.615887000,16.657301000,2.950217566,192.052999751,0.962615560,1,-50.243137000,56.315842000,11.255948000,199.511630417,6
Branch_043,43,51,5,91,3,-47.149105000,56.213043000,14.766848000,2.769386750,194.822386502,0.976496388,1,-50.243137000,56.315842000,11.255948000,199.511630417,6
Branch_043,43,52,5,91,4,-48.770031000,56.397308000,13.001860000,2.403442807,197.225829309,0.988543018,1,-50.243137000,56.315842000,11.255948000,199.511630417,6
Branch_043,43,53,5,91,5,-50.243137000,56.315842000,11.255948000,2.285801109,199.511630417,1.000000000,1,-50.243137000,56.315842000,11.255948000,199.511630417,6
Branch_044,44,0,0,9,0,9.155164700,-94.828995000,43.316994000,0.000000000,0.000000000,0.000000000,0,82.352600000,48.375500000,84.463882000,210.004059734,6
Branch_044,44,1,0,9,1,8.745691300,-90.524384000,41.931053000,4.540724257,4.540724257,0.021622078,0,82.352600000,48.375500000,84.463882000,210.004059734,6
Branch_044,44,2,0,9,2,8.447949400,-85.977066000,40.628029000,4.739685937,9.280410194,0.044191575,0,82.352600000,48.375500000,84.463882000,210.004059734,6
Branch_044,44,3,0,9,3,8.306425100,-80.784424000,39.387024000,5.340754018,14.621164212,0.069623246,0,82.352600000,48.375500000,84.463882000,210.004059734,6
Branch_044,44,4,0,9,4,8.427463500,-75.420364000,38.457928000,5.445274039,20.066438250,0.095552621,0,82.352600000,48.375500000,84.463882000,210.004059734,6
Branch_044,44,5,0,9,5,8.845435100,-70.229225000,37.995411000,5.228436320,25.294874570,0.120449455,0,82.352600000,48.375500000,84.463882000,210.004059734,6
Branch_044,44,6,0,9,6,9.507898300,-65.372032000,38.028183000,4.902270427,30.197144997,0.143793149,0,82.352600000,48.375500000,84.463882000,210.004059734,6
Branch_044,44,7,0,9,7,10.287036000,-60.827480000,38.464947000,4.631497731,34.828642727,0.165847473,0,82.352600000,48.375500000,84.463882000,210.004059734,6
Branch_044,44,8,0,9,8,11.014260000,-56.442604000,39.132923000,4.494683995,39.323326723,0.187250317,0,82.352600000,48.375500000,84.463882000,210.004059734,6
Branch_044,44,9,0,9,9,11.527933000,-52.014019000,39.835442000,4.513286829,43.836613551,0.208741743,0,82.352600000,48.375500000,84.463882000,210.004059734,6
Branch_044,44,10,0,9,10,11.720328000,-47.372635000,40.409962000,4.680762171,48.517375722,0.231030656,0,82.352600000,48.375500000,84.463882000,210.004059734,6
Branch_044,44,11,0,9,11,11.570354000,-42.445747000,40.769272000,4.942248602,53.459624324,0.254564718,0,82.352600000,48.375500000,84.463882000,210.004059734,6
Branch_044,44,12,0,9,12,11.152950000,-37.279388000,40.914940000,5.185239684,58.644864008,0.279255859,0,82.352600000,48.375500000,84.463882000,210.004059734,6
Branch_044,44,13,0,9,13,10.623031000,-32.017574000,40.921852000,5.288435354,63.933299362,0.304438397,0,82.352600000,48.375500000,84.463882000,210.004059734,6
Branch_044,44,14,0,9,14,10.179241000,-26.849152000,40.901917000,5.187478476,69.120777838,0.329140198,0,82.352600000,48.375500000,84.463882000,210.004059734,6
Branch_044,44,15,0,9,15,10.018347000,-21.942720000,40.961330000,4.909428862,74.030206700,0.352517979,0,82.352600000,48.375500000,84.463882000,210.004059734,6
Branch_044,44,16,0,9,16,10.293105000,-17.392542000,41.166740000,4.563091612,78.593298312,0.374246567,0,82.352600000,48.375500000,84.463882000,210.004059734,6
Branch_044,44,17,0,9,17,11.084682000,-13.193231000,41.531292000,4.288788312,82.882086624,0.394668973,0,82.352600000,48.375500000,84.463882000,210.004059734,6
Branch_044,44,18,0,9,18,12.395549000,-9.250117300,42.023792000,4.184384566,87.066471190,0.414594229,0,82.352600000,48.375500000,84.463882000,210.004059734,6
Branch_044,44,19,0,9,19,13.428562000,-7.010438900,42.358051000,2.488976551,89.555447741,0.426446269,0,82.352600000,48.375500000,84.463882000,210.004059734,6
Branch_044,44,20,1,8,1,16.282339000,-1.562926900,43.212620000,6.208841948,95.764289689,0.456011611,0,82.352600000,48.375500000,84.463882000,210.004059734,6
Branch_044,44,21,1,8,2,18.643381000,2.404393400,43.881081000,4.664867608,100.429157296,0.478224837,0,82.352600000,48.375500000,84.463882000,210.004059734,6
Branch_044,44,22,1,8,3,21.147991000,6.488432400,44.652599000,4.852595783,105.281753079,0.501331990,0,82.352600000,48.375500000,84.463882000,210.004059734,6
Branch_044,44,23,1,8,4,24.223534000,11.405412000,45.843182000,5.920569315,111.202322394,0.529524632,0,82.352600000,48.375500000,84.463882000,210.004059734,6
Branch_044,44,24,2,7,1,26.324202000,14.701306000,46.829159000,4.030865161,115.233187555,0.548718857,0,82.352600000,48.375500000,84.463882000,210.004059734,6
Branch_044,44,25,2,7,2,28.908293000,18.630505000,48.351257000,4.942966053,120.176153608,0.572256335,0,82.352600000,48.375500000,84.463882000,210.004059734,6
Branch_044,44,26,2,7,3,31.432501000,22.371405000,50.143032000,4.855555219,125.031708827,0.595377580,0,82.352600000,48.375500000,84.463882000,210.004059734,6
Branch_044,44,27,2,7,4,33.837540000,25.965391000,52.093472000,4.743960809,129.775669636,0.617967433,0,82.352600000,48.375500000,84.463882000,210.004059734,6
Branch_044,44,28,2,7,5,36.051430000,29.527443000,54.029991000,4.619483653,134.395153289,0.639964549,0,82.352600000,48.375500000,84.463882000,210.004059734,6
Branch_044,44,29,2,7,6,38.004852000,33.210518000,55.757656000,4.512840050,138.907993339,0.661453848,0,82.352600000,48.375500000,84.463882000,210.004059734,6
Branch_044,44,30,2,7,7,39.655231000,37.152805000,57.108654000,4.482250911,143.390244250,0.682797487,0,82.352600000,48.375500000,84.463882000,210.004059734,6
Branch_044,44,31,2,7,8,40.956230000,41.252876000,57.950741000,4.383182761,147.773427011,0.703669382,0,82.352600000,48.375500000,84.463882000,210.004059734,6
Branch_044,44,32,3,30,1,43.295071000,40.246666000,60.737228000,3.774539123,151.547966134,0.721643031,0,82.352600000,48.375500000,84.463882000,210.004059734,6
Branch_044,44,33,3,30,2,44.702137000,39.873608000,62.468090000,2.261612315,153.809578449,0.732412405,0,82.352600000,48.375500000,84.463882000,210.004059734,6
Branch_044,44,34,3,30,3,45.984074000,39.836739000,64.156197000,2.120006377,155.929584826,0.742507478,0,82.352600000,48.375500000,84.463882000,210.004059734,6
Branch_044,44,35,3,30,4,47.473175000,39.863491000,66.208878000,2.536067181,158.465652007,0.754583755,0,82.352600000,48.375500000,84.463882000,210.004059734,6
Branch_044,44,36,3,30,5,49.024231000,39.993126000,68.493973000,2.764821713,161.230473720,0.767749318,0,82.352600000,48.375500000,84.463882000,210.004059734,6
Branch_044,44,37,3,30,6,50.501301000,40.248829000,70.885628000,2.822611105,164.053084825,0.781190064,0,82.352600000,48.375500000,84.463882000,210.004059734,6
Branch_044,44,38,3,30,7,51.796120000,40.628902000,73.280006000,2.748464614,166.801549439,0.794277738,0,82.352600000,48.375500000,84.463882000,210.004059734,6
Branch_044,44,39,3,30,8,52.841160000,41.102505000,75.606209000,2.593767299,169.395316738,0.806628772,0,82.352600000,48.375500000,84.463882000,210.004059734,6
Branch_044,44,40,3,30,9,53.802250000,41.776031000,78.586617000,3.203148936,172.598465674,0.821881567,0,82.352600000,48.375500000,84.463882000,210.004059734,6
Branch_044,44,41,4,59,1,55.764053000,41.372856000,77.941414000,2.104164443,174.702630117,0.831901204,0,82.352600000,48.375500000,84.463882000,210.004059734,6
Branch_044,44,42,4,59,2,57.241482000,41.244682000,77.272644000,1.626800030,176.329430147,0.839647721,0,82.352600000,48.375500000,84.463882000,210.004059734,6
Branch_044,44,43,4,59,3,58.950939000,41.234322000,76.382309000,1.927445713,178.256875860,0.848825856,0,82.352600000,48.375500000,84.463882000,210.004059734,6
Branch_044,44,44,4,59,4,60.989071000,41.182468000,75.408333000,2.259491123,180.516366983,0.859585130,0,82.352600000,48.375500000,84.463882000,210.004059734,6
Branch_044,44,45,4,59,5,63.200649000,41.070610000,74.474922000,2.403090834,182.919457817,0.871028198,0,82.352600000,48.375500000,84.463882000,210.004059734,6
Branch_044,44,46,4,59,6,65.444389000,40.889477000,73.678650000,2.387724324,185.307182141,0.882398094,0,82.352600000,48.375500000,84.463882000,210.004059734,6
Branch_044,44,47,4,59,7,67.612556000,40.643299000,73.068535000,2.265787294,187.572969435,0.893187349,0,82.352600000,48.375500000,84.463882000,210.004059734,6
Branch_044,44,48,4,59,8,69.889145000,40.311478000,72.594261000,2.349020749,189.921990184,0.904372946,0,82.352600000,48.375500000,84.463882000,210.004059734,6
Branch_044,44,49,5,92,1,70.622856000,41.562981000,74.914764000,2.736663254,192.658653437,0.917404424,1,82.352600000,48.375500000,84.463882000,210.004059734,6
Branch_044,44,50,5,92,2,71.216309000,42.090771000,76.133331000,1.454528886,194.113182324,0.924330618,1,82.352600000,48.375500000,84.463882000,210.004059734,6
Branch_044,44,51,5,92,3,72.111618000,42.823135000,77.715141000,1.959606621,196.072788945,0.933661898,1,82.352600000,48.375500000,84.463882000,210.004059734,6
Branch_044,44,52,5,92,4,73.297592000,43.697685000,79.426636000,2.258447955,198.331236900,0.944416204,1,82.352600000,48.375500000,84.463882000,210.004059734,6
Branch_044,44,53,5,92,5,74.736542000,44.644009000,81.042236000,2.361412623,200.692649523,0.955660809,1,82.352600000,48.375500000,84.463882000,210.004059734,6
Branch_044,44,54,5,92,6,76.355324000,45.591370000,82.388954000,2.309025205,203.001674728,0.966655954,1,82.352600000,48.375500000,84.463882000,210.004059734,6
Branch_044,44,55,5,92,7,78.043617000,46.475212000,83.375015000,2.145652868,205.147327597,0.976873151,1,82.352600000,48.375500000,84.463882000,210.004059734,6
Branch_044,44,56,5,92,8,79.661461000,47.241543000,83.996109000,1.894845684,207.042173281,0.985896051,1,82.352600000,48.375500000,84.463882000,210.004059734,6
Branch_044,44,57,5,92,9,81.055458000,47.848949000,84.318832000,1.554451614,208.596624894,0.993298059,1,82.352600000,48.375500000,84.463882000,210.004059734,6
Branch_044,44,58,5,92,10,82.352600000,48.375500000,84.463882000,1.407434839,210.004059734,1.000000000,1,82.352600000,48.375500000,84.463882000,210.004059734,6
Branch_045,45,0,0,9,0,9.155164700,-94.828995000,43.316994000,0.000000000,0.000000000,0.000000000,0,90.419296000,3.984741200,42.155067000,187.370923959,5
Branch_045,45,1,0,9,1,8.745691300,-90.524384000,41.931053000,4.540724257,4.540724257,0.024233879,0,90.419296000,3.984741200,42.155067000,187.370923959,5
Branch_045,45,2,0,9,2,8.447949400,-85.977066000,40.628029000,4.739685937,9.280410194,0.049529617,0,90.419296000,3.984741200,42.155067000,187.370923959,5
Branch_045,45,3,0,9,3,8.306425100,-80.784424000,39.387024000,5.340754018,14.621164212,0.078033261,0,90.419296000,3.984741200,42.155067000,187.370923959,5
Branch_045,45,4,0,9,4,8.427463500,-75.420364000,38.457928000,5.445274039,20.066438250,0.107094729,0,90.419296000,3.984741200,42.155067000,187.370923959,5
Branch_045,45,5,0,9,5,8.845435100,-70.229225000,37.995411000,5.228436320,25.294874570,0.134998932,0,90.419296000,3.984741200,42.155067000,187.370923959,5
Branch_045,45,6,0,9,6,9.507898300,-65.372032000,38.028183000,4.902270427,30.197144997,0.161162385,0,90.419296000,3.984741200,42.155067000,187.370923959,5
Branch_045,45,7,0,9,7,10.287036000,-60.827480000,38.464947000,4.631497731,34.828642727,0.185880723,0,90.419296000,3.984741200,42.155067000,187.370923959,5
Branch_045,45,8,0,9,8,11.014260000,-56.442604000,39.132923000,4.494683995,39.323326723,0.209868884,0,90.419296000,3.984741200,42.155067000,187.370923959,5
Branch_045,45,9,0,9,9,11.527933000,-52.014019000,39.835442000,4.513286829,43.836613551,0.233956329,0,90.419296000,3.984741200,42.155067000,187.370923959,5
Branch_045,45,10,0,9,10,11.720328000,-47.372635000,40.409962000,4.680762171,48.517375722,0.258937591,0,90.419296000,3.984741200,42.155067000,187.370923959,5
Branch_045,45,11,0,9,11,11.570354000,-42.445747000,40.769272000,4.942248602,53.459624324,0.285314408,0,90.419296000,3.984741200,42.155067000,187.370923959,5
Branch_045,45,12,0,9,12,11.152950000,-37.279388000,40.914940000,5.185239684,58.644864008,0.312988071,0,90.419296000,3.984741200,42.155067000,187.370923959,5
Branch_045,45,13,0,9,13,10.623031000,-32.017574000,40.921852000,5.288435354,63.933299362,0.341212489,0,90.419296000,3.984741200,42.155067000,187.370923959,5
Branch_045,45,14,0,9,14,10.179241000,-26.849152000,40.901917000,5.187478476,69.120777838,0.368898100,0,90.419296000,3.984741200,42.155067000,187.370923959,5
Branch_045,45,15,0,9,15,10.018347000,-21.942720000,40.961330000,4.909428862,74.030206700,0.395099758,0,90.419296000,3.984741200,42.155067000,187.370923959,5
Branch_045,45,16,0,9,16,10.293105000,-17.392542000,41.166740000,4.563091612,78.593298312,0.419453011,0,90.419296000,3.984741200,42.155067000,187.370923959,5
Branch_045,45,17,0,9,17,11.084682000,-13.193231000,41.531292000,4.288788312,82.882086624,0.442342306,0,90.419296000,3.984741200,42.155067000,187.370923959,5
Branch_045,45,18,0,9,18,12.395549000,-9.250117300,42.023792000,4.184384566,87.066471190,0.464674397,0,90.419296000,3.984741200,42.155067000,187.370923959,5
Branch_045,45,19,0,9,19,13.428562000,-7.010438900,42.358051000,2.488976551,89.555447741,0.477958084,0,90.419296000,3.984741200,42.155067000,187.370923959,5
Branch_045,45,20,1,8,1,16.282339000,-1.562926900,43.212620000,6.208841948,95.764289689,0.511094719,0,90.419296000,3.984741200,42.155067000,187.370923959,5
Branch_045,45,21,1,8,2,18.643381000,2.404393400,43.881081000,4.664867608,100.429157296,0.535991152,0,90.419296000,3.984741200,42.155067000,187.370923959,5
Branch_045,45,22,1,8,3,21.147991000,6.488432400,44.652599000,4.852595783,105.281753079,0.561889491,0,90.419296000,3.984741200,42.155067000,187.370923959,5
Branch_045,45,23,1,8,4,24.223534000,11.405412000,45.843182000,5.920569315,111.202322394,0.593487613,0,90.419296000,3.984741200,42.155067000,187.370923959,5
Branch_045,45,24,2,21,1,27.690271000,9.568561600,45.976391000,3.925561037,115.127883431,0.614438361,0,90.419296000,3.984741200,42.155067000,187.370923959,5
Branch_045,45,25,2,21,2,30.500639000,8.436563500,45.614300000,3.051343620,118.179227051,0.630723404,0,90.419296000,3.984741200,42.155067000,187.370923959,5
Branch_045,45,26,2,21,3,33.836395000,7.302638100,44.907448000,3.593423807,121.772650857,0.649901534,0,90.419296000,3.984741200,42.155067000,187.370923959,5
Branch_045,45,27,2,21,4,37.648449000,5.861568000,44.297165000,4.120786827,125.893437684,0.671894203,0,90.419296000,3.984741200,42.155067000,187.370923959,5
Branch_045,45,28,2,21,5,41.557293000,4.180810000,43.965683000,4.267773329,130.161211013,0.694671341,0,90.419296000,3.984741200,42.155067000,187.370923959,5
Branch_045,45,29,2,21,6,45.247955000,2.346591900,44.046879000,4.122127464,134.283338477,0.716671166,0,90.419296000,3.984741200,42.155067000,187.370923959,5
Branch_045,45,30,2,21,7,48.516773000,0.457833470,44.605518000,3.816366997,138.099705474,0.737039144,0,90.419296000,3.984741200,42.155067000,187.370923959,5
Branch_045,45,31,2,21,8,51.288979000,-1.384460900,45.637222000,3.484765099,141.584470573,0.755637361,0,90.419296000,3.984741200,42.155067000,187.370923959,5
Branch_045,45,32,2,21,9,53.190578000,-2.784993900,46.827793000,2.644812044,144.229282617,0.769752743,0,90.419296000,3.984741200,42.155067000,187.370923959,5
Branch_045,45,33,3,57,1,55.760658000,-1.788961300,44.960678000,3.329190678,147.558473295,0.787520658,0,90.419296000,3.984741200,42.155067000,187.370923959,5
Branch_045,45,34,3,57,2,56.946560000,-1.176290200,44.243145000,1.515448131,149.073921425,0.795608616,0,90.419296000,3.984741200,42.155067000,187.370923959,5
Branch_045,45,35,3,57,3,58.590473000,-0.435375060,43.390305000,1.994678235,151.068599660,0.806254228,0,90.419296000,3.984741200,42.155067000,187.370923959,5
Branch_045,45,36,3,57,4,60.546688000,0.282025810,42.573643000,2.237940561,153.306540222,0.818198133,0,90.419296000,3.984741200,42.155067000,187.370923959,5
Branch_045,45,37,3,57,5,62.648026000,0.853525040,41.900856000,2.279226866,155.585767088,0.830362384,0,90.419296000,3.984741200,42.155067000,187.370923959,5
Branch_045,45,38,3,57,6,64.727837000,1.217070500,41.376190000,2.175558206,157.761325294,0.841973354,0,90.419296000,3.984741200,42.155067000,187.370923959,5
Branch_045,45,39,3,57,7,66.643921000,1.379474200,40.900852000,1.980832924,159.742158218,0.852545074,0,90.419296000,3.984741200,42.155067000,187.370923959,5
Branch_045,45,40,3,57,8,68.300110000,1.401256900,40.313305000,1.757454969,161.499613187,0.861924624,0,90.419296000,3.984741200,42.155067000,187.370923959,5
Branch_045,45,41,3,57,9,69.660759000,1.365191000,39.453892000,1.609738226,163.109351412,0.870515809,0,90.419296000,3.984741200,42.155067000,187.370923959,5
Branch_045,45,42,3,57,10,70.753960000,1.341516000,38.228981000,1.641967079,164.751318492,0.879278999,0,90.419296000,3.984741200,42.155067000,187.370923959,5
Branch_045,45,43,3,57,11,71.890648000,1.379075900,36.152412000,2.367616769,167.118935261,0.891914987,0,90.419296000,3.984741200,42.155067000,187.370923959,5
Branch_045,45,44,4,93,1,73.169113000,1.784445900,36.877510000,1.524652322,168.643587583,0.900052068,1,90.419296000,3.984741200,42.155067000,187.370923959,5
Branch_045,45,45,4,93,2,74.650131000,2.184732000,37.697887000,1.739730353,170.383317936,0.909337022,1,90.419296000,3.984741200,42.155067000,187.370923959,5
Branch_045,45,46,4,93,3,76.467484000,2.657625900,38.500748000,2.042299281,172.425617217,0.920236788,1,90.419296000,3.984741200,42.155067000,187.370923959,5
Branch_045,45,47,4,93,4,78.328934000,3.102413900,39.015606000,1.981895867,174.407513084,0.930814181,1,90.419296000,3.984741200,42.155067000,187.370923959,5
Branch_045,45,48,4,93,5,80.064323000,3.447804500,39.153221000,1.774769714,176.182282797,0.940286140,1,90.419296000,3.984741200,42.155067000,187.370923959,5
Branch_045,45,49,4,93,6,81.663506000,3.669360900,39.042904000,1.618222280,177.800505077,0.948922604,1,90.419296000,3.984741200,42.155067000,187.370923959,5
Branch_045,45,50,4,93,7,83.229172000,3.786330700,38.957573000,1.572346443,179.372851520,0.957314229,1,90.419296000,3.984741200,42.155067000,187.370923959,5
Branch_045,45,51,4,93,8,84.871696000,3.841921300,39.164413000,1.656429350,181.029280870,0.966154604,1,90.419296000,3.984741200,42.155067000,187.370923959,5
Branch_045,45,52,4,93,9,86.602219000,3.878085100,39.776882000,1.836065345,182.865346214,0.975953698,1,90.419296000,3.984741200,42.155067000,187.370923959,5
Branch_045,45,53,4,93,10,88.280556000,3.917142200,40.683380000,1.907899150,184.773245364,0.986136170,1,90.419296000,3.984741200,42.155067000,187.370923959,5
Branch_045,45,54,4,93,11,89.646339000,3.957765100,41.589672000,1.639627583,186.412872948,0.994886875,1,90.419296000,3.984741200,42.155067000,187.370923959,5
Branch_045,45,55,4,93,12,90.419296000,3.984741200,42.155067000,0.958051011,187.370923959,1.000000000,1,90.419296000,3.984741200,42.155067000,187.370923959,5
Branch_046,46,0,0,9,0,9.155164700,-94.828995000,43.316994000,0.000000000,0.000000000,0.000000000,0,65.400772000,17.404484000,41.017803000,169.209763230,4
Branch_046,46,1,0,9,1,8.745691300,-90.524384000,41.931053000,4.540724257,4.540724257,0.026834883,0,65.400772000,17.404484000,41.017803000,169.209763230,4
Branch_046,46,2,0,9,2,8.447949400,-85.977066000,40.628029000,4.739685937,9.280410194,0.054845595,0,65.400772000,17.404484000,41.017803000,169.209763230,4
Branch_046,46,3,0,9,3,8.306425100,-80.784424000,39.387024000,5.340754018,14.621164212,0.086408514,0,65.400772000,17.404484000,41.017803000,169.209763230,4
Branch_046,46,4,0,9,4,8.427463500,-75.420364000,38.457928000,5.445274039,20.066438250,0.118589128,0,65.400772000,17.404484000,41.017803000,169.209763230,4
Branch_046,46,5,0,9,5,8.845435100,-70.229225000,37.995411000,5.228436320,25.294874570,0.149488269,0,65.400772000,17.404484000,41.017803000,169.209763230,4
Branch_046,46,6,0,9,6,9.507898300,-65.372032000,38.028183000,4.902270427,30.197144997,0.178459827,0,65.400772000,17.404484000,41.017803000,169.209763230,4
Branch_046,46,7,0,9,7,10.287036000,-60.827480000,38.464947000,4.631497731,34.828642727,0.205831165,0,65.400772000,17.404484000,41.017803000,169.209763230,4
Branch_046,46,8,0,9,8,11.014260000,-56.442604000,39.132923000,4.494683995,39.323326723,0.232393959,0,65.400772000,17.404484000,41.017803000,169.209763230,4
Branch_046,46,9,0,9,9,11.527933000,-52.014019000,39.835442000,4.513286829,43.836613551,0.259066692,0,65.400772000,17.404484000,41.017803000,169.209763230,4
Branch_046,46,10,0,9,10,11.720328000,-47.372635000,40.409962000,4.680762171,48.517375722,0.286729174,0,65.400772000,17.404484000,41.017803000,169.209763230,4
Branch_046,46,11,0,9,11,11.570354000,-42.445747000,40.769272000,4.942248602,53.459624324,0.315936996,0,65.400772000,17.404484000,41.017803000,169.209763230,4
Branch_046,46,12,0,9,12,11.152950000,-37.279388000,40.914940000,5.185239684,58.644864008,0.346580853,0,65.400772000,17.404484000,41.017803000,169.209763230,4
Branch_046,46,13,0,9,13,10.623031000,-32.017574000,40.921852000,5.288435354,63.933299362,0.377834577,0,65.400772000,17.404484000,41.017803000,169.209763230,4
Branch_046,46,14,0,9,14,10.179241000,-26.849152000,40.901917000,5.187478476,69.120777838,0.408491665,0,65.400772000,17.404484000,41.017803000,169.209763230,4
Branch_046,46,15,0,9,15,10.018347000,-21.942720000,40.961330000,4.909428862,74.030206700,0.437505527,0,65.400772000,17.404484000,41.017803000,169.209763230,4
Branch_046,46,16,0,9,16,10.293105000,-17.392542000,41.166740000,4.563091612,78.593298312,0.464472598,0,65.400772000,17.404484000,41.017803000,169.209763230,4
Branch_046,46,17,0,9,17,11.084682000,-13.193231000,41.531292000,4.288788312,82.882086624,0.489818584,0,65.400772000,17.404484000,41.017803000,169.209763230,4
Branch_046,46,18,0,9,18,12.395549000,-9.250117300,42.023792000,4.184384566,87.066471190,0.514547562,0,65.400772000,17.404484000,41.017803000,169.209763230,4
Branch_046,46,19,0,9,19,13.428562000,-7.010438900,42.358051000,2.488976551,89.555447741,0.529256977,0,65.400772000,17.404484000,41.017803000,169.209763230,4
Branch_046,46,20,1,8,1,16.282339000,-1.562926900,43.212620000,6.208841948,95.764289689,0.565950143,0,65.400772000,17.404484000,41.017803000,169.209763230,4
Branch_046,46,21,1,8,2,18.643381000,2.404393400,43.881081000,4.664867608,100.429157296,0.593518692,0,65.400772000,17.404484000,41.017803000,169.209763230,4
Branch_046,46,22,1,8,3,21.147991000,6.488432400,44.652599000,4.852595783,105.281753079,0.622196681,0,65.400772000,17.404484000,41.017803000,169.209763230,4
Branch_046,46,23,1,8,4,24.223534000,11.405412000,45.843182000,5.920569315,111.202322394,0.657186206,0,65.400772000,17.404484000,41.017803000,169.209763230,4
Branch_046,46,24,2,21,1,27.690271000,9.568561600,45.976391000,3.925561037,115.127883431,0.680385583,0,65.400772000,17.404484000,41.017803000,169.209763230,4
Branch_046,46,25,2,21,2,30.500639000,8.436563500,45.614300000,3.051343620,118.179227051,0.698418488,0,65.400772000,17.404484000,41.017803000,169.209763230,4
Branch_046,46,26,2,21,3,33.836395000,7.302638100,44.907448000,3.593423807,121.772650857,0.719654992,0,65.400772000,17.404484000,41.017803000,169.209763230,4
Branch_046,46,27,2,21,4,37.648449000,5.861568000,44.297165000,4.120786827,125.893437684,0.744008119,0,65.400772000,17.404484000,41.017803000,169.209763230,4
Branch_046,46,28,2,21,5,41.557293000,4.180810000,43.965683000,4.267773329,130.161211013,0.769229910,0,65.400772000,17.404484000,41.017803000,169.209763230,4
Branch_046,46,29,2,21,6,45.247955000,2.346591900,44.046879000,4.122127464,134.283338477,0.793590960,0,65.400772000,17.404484000,41.017803000,169.209763230,4
Branch_046,46,30,2,21,7,48.516773000,0.457833470,44.605518000,3.816366997,138.099705474,0.816145019,0,65.400772000,17.404484000,41.017803000,169.209763230,4
Branch_046,46,31,2,21,8,51.288979000,-1.384460900,45.637222000,3.484765099,141.584470573,0.836739369,0,65.400772000,17.404484000,41.017803000,169.209763230,4
Branch_046,46,32,2,21,9,53.190578000,-2.784993900,46.827793000,2.644812044,144.229282617,0.852369744,0,65.400772000,17.404484000,41.017803000,169.209763230,4
Branch_046,46,33,3,94,1,54.666809000,-1.180348900,45.485508000,2.560443821,146.789726438,0.867501518,1,65.400772000,17.404484000,41.017803000,169.209763230,4
Branch_046,46,34,3,94,2,55.839108000,0.007045485,44.784397000,1.809902485,148.599628923,0.878197724,1,65.400772000,17.404484000,41.017803000,169.209763230,4
Branch_046,46,35,3,94,3,57.082336000,1.322001900,44.297901000,1.873874220,150.473503143,0.889271992,1,65.400772000,17.404484000,41.017803000,169.209763230,4
Branch_046,46,36,3,94,4,58.304417000,2.835490000,43.780796000,2.012840227,152.486343370,0.901167524,1,65.400772000,17.404484000,41.017803000,169.209763230,4
Branch_046,46,37,3,94,5,59.311905000,4.424784200,43.299217000,1.942371349,154.428714719,0.912646598,1,65.400772000,17.404484000,41.017803000,169.209763230,4
Branch_046,46,38,3,94,6,60.016014000,6.007598900,42.894917000,1.778912687,156.207627406,0.923159659,1,65.400772000,17.404484000,41.017803000,169.209763230,4
Branch_046,46,39,3,94,7,60.450367000,7.551504100,42.578606000,1.634734977,157.842362383,0.932820656,1,65.400772000,17.404484000,41.017803000,169.209763230,4
Branch_046,46,40,3,94,8,60.747292000,9.064915700,42.333263000,1.561656913,159.404019296,0.942049775,1,65.400772000,17.404484000,41.017803000,169.209763230,4
Branch_046,46,41,3,94,9,61.081463000,10.573565000,42.125793000,1.559082028,160.963101324,0.951263676,1,65.400772000,17.404484000,41.017803000,169.209763230,4
Branch_046,46,42,3,94,10,61.600464000,12.091234000,41.922607000,1.616776355,162.579877679,0.960818540,1,65.400772000,17.404484000,41.017803000,169.209763230,4
Branch_046,46,43,3,94,11,62.366089000,13.595411000,41.703796000,1.701942520,164.281820199,0.970876722,1,65.400772000,17.404484000,41.017803000,169.209763230,4
Branch_046,46,44,3,94,12,63.326385000,15.016770000,41.471115000,1.731060444,166.012880643,0.981106985,1,65.400772000,17.404484000,41.017803000,169.209763230,4
Branch_046,46,45,3,94,13,64.327751000,16.246611000,41.247391000,1.601653889,167.614534532,0.990572478,1,65.400772000,17.404484000,41.017803000,169.209763230,4
Branch_046,46,46,3,94,14,65.400772000,17.404484000,41.017803000,1.595228698,169.209763230,1.000000000,1,65.400772000,17.404484000,41.017803000,169.209763230,4
Branch_047,47,0,0,9,0,9.155164700,-94.828995000,43.316994000,0.000000000,0.000000000,0.000000000,0,-38.327393000,118.768360000,27.780632000,254.005986218,8
Branch_047,47,1,0,9,1,8.745691300,-90.524384000,41.931053000,4.540724257,4.540724257,0.017876446,0,-38.327393000,118.768360000,27.780632000,254.005986218,8
Branch_047,47,2,0,9,2,8.447949400,-85.977066000,40.628029000,4.739685937,9.280410194,0.036536187,0,-38.327393000,118.768360000,27.780632000,254.005986218,8
Branch_047,47,3,0,9,3,8.306425100,-80.784424000,39.387024000,5.340754018,14.621164212,0.057562282,0,-38.327393000,118.768360000,27.780632000,254.005986218,8
Branch_047,47,4,0,9,4,8.427463500,-75.420364000,38.457928000,5.445274039,20.066438250,0.078999864,0,-38.327393000,118.768360000,27.780632000,254.005986218,8
Branch_047,47,5,0,9,5,8.845435100,-70.229225000,37.995411000,5.228436320,25.294874570,0.099583773,0,-38.327393000,118.768360000,27.780632000,254.005986218,8
Branch_047,47,6,0,9,6,9.507898300,-65.372032000,38.028183000,4.902270427,30.197144997,0.118883596,0,-38.327393000,118.768360000,27.780632000,254.005986218,8
Branch_047,47,7,0,9,7,10.287036000,-60.827480000,38.464947000,4.631497731,34.828642727,0.137117409,0,-38.327393000,118.768360000,27.780632000,254.005986218,8
Branch_047,47,8,0,9,8,11.014260000,-56.442604000,39.132923000,4.494683995,39.323326723,0.154812598,0,-38.327393000,118.768360000,27.780632000,254.005986218,8
Branch_047,47,9,0,9,9,11.527933000,-52.014019000,39.835442000,4.513286829,43.836613551,0.172581025,0,-38.327393000,118.768360000,27.780632000,254.005986218,8
Branch_047,47,10,0,9,10,11.720328000,-47.372635000,40.409962000,4.680762171,48.517375722,0.191008789,0,-38.327393000,118.768360000,27.780632000,254.005986218,8
Branch_047,47,11,0,9,11,11.570354000,-42.445747000,40.769272000,4.942248602,53.459624324,0.210466002,0,-38.327393000,118.768360000,27.780632000,254.005986218,8
Branch_047,47,12,0,9,12,11.152950000,-37.279388000,40.914940000,5.185239684,58.644864008,0.230879850,0,-38.327393000,118.768360000,27.780632000,254.005986218,8
Branch_047,47,13,0,9,13,10.623031000,-32.017574000,40.921852000,5.288435354,63.933299362,0.251699971,0,-38.327393000,118.768360000,27.780632000,254.005986218,8
Branch_047,47,14,0,9,14,10.179241000,-26.849152000,40.901917000,5.187478476,69.120777838,0.272122633,0,-38.327393000,118.768360000,27.780632000,254.005986218,8
Branch_047,47,15,0,9,15,10.018347000,-21.942720000,40.961330000,4.909428862,74.030206700,0.291450638,0,-38.327393000,118.768360000,27.780632000,254.005986218,8
Branch_047,47,16,0,9,16,10.293105000,-17.392542000,41.166740000,4.563091612,78.593298312,0.309415142,0,-38.327393000,118.768360000,27.780632000,254.005986218,8
Branch_047,47,17,0,9,17,11.084682000,-13.193231000,41.531292000,4.288788312,82.882086624,0.326299737,0,-38.327393000,118.768360000,27.780632000,254.005986218,8
Branch_047,47,18,0,9,18,12.395549000,-9.250117300,42.023792000,4.184384566,87.066471190,0.342773304,0,-38.327393000,118.768360000,27.780632000,254.005986218,8
Branch_047,47,19,0,9,19,13.428562000,-7.010438900,42.358051000,2.488976551,89.555447741,0.352572194,0,-38.327393000,118.768360000,27.780632000,254.005986218,8
Branch_047,47,20,1,10,1,8.513610800,-3.880808800,41.469315000,5.894165042,95.449612783,0.375777021,0,-38.327393000,118.768360000,27.780632000,254.005986218,8
Branch_047,47,21,1,10,2,5.700329800,-1.497111100,40.852108000,3.738650718,99.188263500,0.390495771,0,-38.327393000,118.768360000,27.780632000,254.005986218,8
Branch_047,47,22,1,10,3,3.228861600,1.258957700,40.246117000,3.751172535,102.939436035,0.405263819,0,-38.327393000,118.768360000,27.780632000,254.005986218,8
Branch_047,47,23,1,10,4,0.224044770,4.499023400,39.624977000,4.462372107,107.401808142,0.422831799,0,-38.327393000,118.768360000,27.780632000,254.005986218,8
Branch_047,47,24,1,10,5,-3.124296900,7.948573600,39.092415000,4.836776903,112.238585045,0.441873779,0,-38.327393000,118.768360000,27.780632000,254.005986218,8
Branch_047,47,25,1,10,6,-6.637706300,11.364470000,38.724075000,4.914068394,117.152653439,0.461220049,0,-38.327393000,118.768360000,27.780632000,254.005986218,8
Branch_047,47,26,1,10,7,-10.168994000,14.571689000,38.552483000,4.773435906,121.926089345,0.480012661,0,-38.327393000,118.768360000,27.780632000,254.005986218,8
Branch_047,47,27,1,10,8,-13.613175000,17.485661000,38.562916000,4.511510216,126.437599561,0.497774094,0,-38.327393000,118.768360000,27.780632000,254.005986218,8
Branch_047,47,28,1,10,9,-16.908464000,20.116638000,38.700928000,4.219006622,130.656606183,0.514383964,0,-38.327393000,118.768360000,27.780632000,254.005986218,8
Branch_047,47,29,1,10,10,-20.028803000,22.556101000,38.889393000,3.965225625,134.621831808,0.529994721,0,-38.327393000,118.768360000,27.780632000,254.005986218,8
Branch_047,47,30,1,10,11,-22.971312000,24.948771000,39.050686000,3.795951050,138.417782859,0.544939058,0,-38.327393000,118.768360000,27.780632000,254.005986218,8
Branch_047,47,31,1,10,12,-25.743008000,27.456394000,39.128395000,3.738517155,142.156300013,0.559657283,0,-38.327393000,118.768360000,27.780632000,254.005986218,8
Branch_047,47,32,1,10,13,-28.350756000,30.220842000,39.103210000,3.800415327,145.956715341,0.574619195,0,-38.327393000,118.768360000,27.780632000,254.005986218,8
Branch_047,47,33,1,10,14,-31.678991000,34.678879000,38.953018000,5.565411013,151.522126354,0.596529746,0,-38.327393000,118.768360000,27.780632000,254.005986218,8
Branch_047,47,34,2,11,1,-33.081928000,36.818501000,38.879490000,2.559613427,154.081739781,0.606606726,0,-38.327393000,118.768360000,27.780632000,254.005986218,8
Branch_047,47,35,2,11,2,-34.981613000,40.218311000,38.837078000,3.894779829,157.976519609,0.621940144,0,-38.327393000,118.768360000,27.780632000,254.005986218,8
Branch_047,47,36,3,12,1,-37.197227000,44.650524000,38.950371000,4.956439526,162.932959136,0.641453225,0,-38.327393000,118.768360000,27.780632000,254.005986218,8
Branch_047,47,37,3,12,2,-39.077698000,48.744965000,39.314186000,4.520285349,167.453244485,0.659249205,0,-38.327393000,118.768360000,27.780632000,254.005986218,8
Branch_047,47,38,3,12,3,-40.901249000,52.758144000,39.973698000,4.457117904,171.910362389,0.676796500,0,-38.327393000,118.768360000,27.780632000,254.005986218,8
Branch_047,47,39,3,12,4,-42.725853000,56.560471000,40.943188000,4.327445116,176.237807505,0.693833284,0,-38.327393000,118.768360000,27.780632000,254.005986218,8
Branch_047,47,40,3,12,5,-44.602505000,60.068466000,42.203861000,4.173385683,180.411193189,0.710263549,0,-38.327393000,118.768360000,27.780632000,254.005986218,8
Branch_047,47,41,3,12,6,-46.556820000,63.258331000,43.715164000,4.034677508,184.445870697,0.726147732,0,-38.327393000,118.768360000,27.780632000,254.005986218,8
Branch_047,47,42,3,12,7,-48.668339000,66.297379000,45.521130000,4.117746766,188.563617463,0.742358951,0,-38.327393000,118.768360000,27.780632000,254.005986218,8
Branch_047,47,43,4,13,1,-50.579292000,68.882439000,47.314671000,3.681177242,192.244794705,0.756851433,0,-38.327393000,118.768360000,27.780632000,254.005986218,8
Branch_047,47,44,5,27,1,-48.690441000,72.230789000,44.909473000,4.534774883,196.779569588,0.774704457,0,-38.327393000,118.768360000,27.780632000,254.005986218,8
Branch_047,47,45,5,27,2,-47.930210000,73.844986000,44.024170000,1.991819402,198.771388990,0.782546081,0,-38.327393000,118.768360000,27.780632000,254.005986218,8
Branch_047,47,46,5,27,3,-47.045216000,76.029518000,42.882030000,2.619136922,201.390525913,0.792857400,0,-38.327393000,118.768360000,27.780632000,254.005986218,8
Branch_047,47,47,5,27,4,-46.254795000,78.566696000,41.654549000,2.927242246,204.317768159,0.804381705,0,-38.327393000,118.768360000,27.780632000,254.005986218,8
Branch_047,47,48,5,27,5,-45.734581000,81.254890000,40.501083000,2.971109793,207.288877951,0.816078712,0,-38.327393000,118.768360000,27.780632000,254.005986218,8
Branch_047,47,49,5,27,6,-45.563881000,83.948097000,39.536957000,2.865665957,210.154543909,0.827360595,0,-38.327393000,118.768360000,27.780632000,254.005986218,8
Branch_047,47,50,5,27,7,-45.701767000,86.574341000,38.817318000,2.726545504,212.881089413,0.838094773,0,-38.327393000,118.768360000,27.780632000,254.005986218,8
Branch_047,47,51,5,27,8,-45.998642000,89.129250000,38.340176000,2.615981508,215.497070921,0.848393670,0,-38.327393000,118.768360000,27.780632000,254.005986218,8
Branch_047,47,52,5,27,9,-46.191780000,91.343819000,38.109314000,2.234930738,217.732001660,0.857192403,0,-38.327393000,118.768360000,27.780632000,254.005986218,8
Branch_047,47,53,6,28,1,-46.205544000,94.176872000,37.944023000,2.837904132,220.569905792,0.868364990,0,-38.327393000,118.768360000,27.780632000,254.005986218,8
Branch_047,47,54,6,28,2,-45.736401000,96.728386000,37.940884000,2.594287706,223.164193498,0.878578481,0,-38.327393000,118.768360000,27.780632000,254.005986218,8
Branch_047,47,55,6,28,3,-44.774288000,99.281036000,38.052784000,2.730239011,225.894432509,0.889327200,0,-38.327393000,118.768360000,27.780632000,254.005986218,8
Branch_047,47,56,6,28,4,-43.378967000,101.779390000,38.305992000,2.872770038,228.767202547,0.900637052,0,-38.327393000,118.768360000,27.780632000,254.005986218,8
Branch_047,47,57,6,28,5,-41.637257000,104.251630000,38.770802000,3.059668720,231.826871267,0.912682708,0,-38.327393000,118.768360000,27.780632000,254.005986218,8
Branch_047,47,58,7,95,1,-40.633068000,105.107960000,36.348816000,2.758208259,234.585079527,0.923541539,1,-38.327393000,118.768360000,27.780632000,254.005986218,8
Branch_047,47,59,7,95,2,-39.535667000,105.786580000,34.741898000,2.060824961,236.645904487,0.931654832,1,-38.327393000,118.768360000,27.780632000,254.005986218,8
Branch_047,47,60,7,95,3,-38.167339000,106.710140000,33.206821000,2.254272828,238.900177316,0.940529713,1,-38.327393000,118.768360000,27.780632000,254.005986218,8
Branch_047,47,61,7,95,4,-36.889782000,107.984090000,31.583904000,2.426717965,241.326895280,0.950083496,1,-38.327393000,118.768360000,27.780632000,254.005986218,8
Branch_047,47,62,7,95,5,-35.982178000,109.590490000,30.107788000,2.362876304,243.689771584,0.959385939,1,-38.327393000,118.768360000,27.780632000,254.005986218,8
Branch_047,47,63,7,95,6,-35.617298000,111.459660000,28.950682000,2.228413830,245.918185414,0.968159015,1,-38.327393000,118.768360000,27.780632000,254.005986218,8
Branch_047,47,64,7,95,7,-35.820015000,113.464200000,28.191442000,2.153072263,248.071257677,0.976635478,1,-38.327393000,118.768360000,27.780632000,254.005986218,8
Branch_047,47,65,7,95,8,-36.465591000,115.427730000,27.810192000,2.101801607,250.173059284,0.984910092,1,-38.327393000,118.768360000,27.780632000,254.005986218,8
Branch_047,47,66,7,95,9,-37.317905000,117.147560000,27.708872000,1.922113453,252.095172737,0.992477290,1,-38.327393000,118.768360000,27.780632000,254.005986218,8
Branch_047,47,67,7,95,10,-38.327393000,118.768360000,27.780632000,1.910813481,254.005986218,1.000000000,1,-38.327393000,118.768360000,27.780632000,254.005986218,8
Branch_048,48,0,0,9,0,9.155164700,-94.828995000,43.316994000,0.000000000,0.000000000,0.000000000,0,63.037201000,122.141910000,59.220047000,245.578665589,10
Branch_048,48,1,0,9,1,8.745691300,-90.524384000,41.931053000,4.540724257,4.540724257,0.018489897,0,63.037201000,122.141910000,59.220047000,245.578665589,10
Branch_048,48,2,0,9,2,8.447949400,-85.977066000,40.628029000,4.739685937,9.280410194,0.037789969,0,63.037201000,122.141910000,59.220047000,245.578665589,10
Branch_048,48,3,0,9,3,8.306425100,-80.784424000,39.387024000,5.340754018,14.621164212,0.059537599,0,63.037201000,122.141910000,59.220047000,245.578665589,10
Branch_048,48,4,0,9,4,8.427463500,-75.420364000,38.457928000,5.445274039,20.066438250,0.081710837,0,63.037201000,122.141910000,59.220047000,245.578665589,10
Branch_048,48,5,0,9,5,8.845435100,-70.229225000,37.995411000,5.228436320,25.294874570,0.103001108,0,63.037201000,122.141910000,59.220047000,245.578665589,10
Branch_048,48,6,0,9,6,9.507898300,-65.372032000,38.028183000,4.902270427,30.197144997,0.122963226,0,63.037201000,122.141910000,59.220047000,245.578665589,10
Branch_048,48,7,0,9,7,10.287036000,-60.827480000,38.464947000,4.631497731,34.828642727,0.141822754,0,63.037201000,122.141910000,59.220047000,245.578665589,10
Branch_048,48,8,0,9,8,11.014260000,-56.442604000,39.132923000,4.494683995,39.323326723,0.160125175,0,63.037201000,122.141910000,59.220047000,245.578665589,10
Branch_048,48,9,0,9,9,11.527933000,-52.014019000,39.835442000,4.513286829,43.836613551,0.178503346,0,63.037201000,122.141910000,59.220047000,245.578665589,10
Branch_048,48,10,0,9,10,11.720328000,-47.372635000,40.409962000,4.680762171,48.517375722,0.197563480,0,63.037201000,122.141910000,59.220047000,245.578665589,10
Branch_048,48,11,0,9,11,11.570354000,-42.445747000,40.769272000,4.942248602,53.459624324,0.217688390,0,63.037201000,122.141910000,59.220047000,245.578665589,10
Branch_048,48,12,0,9,12,11.152950000,-37.279388000,40.914940000,5.185239684,58.644864008,0.238802764,0,63.037201000,122.141910000,59.220047000,245.578665589,10
Branch_048,48,13,0,9,13,10.623031000,-32.017574000,40.921852000,5.288435354,63.933299362,0.260337351,0,63.037201000,122.141910000,59.220047000,245.578665589,10
Branch_048,48,14,0,9,14,10.179241000,-26.849152000,40.901917000,5.187478476,69.120777838,0.281460841,0,63.037201000,122.141910000,59.220047000,245.578665589,10
Branch_048,48,15,0,9,15,10.018347000,-21.942720000,40.961330000,4.909428862,74.030206700,0.301452109,0,63.037201000,122.141910000,59.220047000,245.578665589,10
Branch_048,48,16,0,9,16,10.293105000,-17.392542000,41.166740000,4.563091612,78.593298312,0.320033086,0,63.037201000,122.141910000,59.220047000,245.578665589,10
Branch_048,48,17,0,9,17,11.084682000,-13.193231000,41.531292000,4.288788312,82.882086624,0.337497097,0,63.037201000,122.141910000,59.220047000,245.578665589,10
Branch_048,48,18,0,9,18,12.395549000,-9.250117300,42.023792000,4.184384566,87.066471190,0.354535973,0,63.037201000,122.141910000,59.220047000,245.578665589,10
Branch_048,48,19,0,9,19,13.428562000,-7.010438900,42.358051000,2.488976551,89.555447741,0.364671123,0,63.037201000,122.141910000,59.220047000,245.578665589,10
Branch_048,48,20,1,8,1,16.282339000,-1.562926900,43.212620000,6.208841948,95.764289689,0.389953620,0,63.037201000,122.141910000,59.220047000,245.578665589,10
Branch_048,48,21,1,8,2,18.643381000,2.404393400,43.881081000,4.664867608,100.429157296,0.408949031,0,63.037201000,122.141910000,59.220047000,245.578665589,10
Branch_048,48,22,1,8,3,21.147991000,6.488432400,44.652599000,4.852595783,105.281753079,0.428708873,0,63.037201000,122.141910000,59.220047000,245.578665589,10
Branch_048,48,23,1,8,4,24.223534000,11.405412000,45.843182000,5.920569315,111.202322394,0.452817520,0,63.037201000,122.141910000,59.220047000,245.578665589,10
Branch_048,48,24,2,7,1,26.324202000,14.701306000,46.829159000,4.030865161,115.233187555,0.469231264,0,63.037201000,122.141910000,59.220047000,245.578665589,10
Branch_048,48,25,2,7,2,28.908293000,18.630505000,48.351257000,4.942966053,120.176153608,0.489359095,0,63.037201000,122.141910000,59.220047000,245.578665589,10
Branch_048,48,26,2,7,3,31.432501000,22.371405000,50.143032000,4.855555219,125.031708827,0.509130989,0,63.037201000,122.141910000,59.220047000,245.578665589,10
Branch_048,48,27,2,7,4,33.837540000,25.965391000,52.093472000,4.743960809,129.775669636,0.528448468,0,63.037201000,122.141910000,59.220047000,245.578665589,10
Branch_048,48,28,2,7,5,36.051430000,29.527443000,54.029991000,4.619483653,134.395153289,0.547259075,0,63.037201000,122.141910000,59.220047000,245.578665589,10
Branch_048,48,29,2,7,6,38.004852000,33.210518000,55.757656000,4.512840050,138.907993339,0.565635427,0,63.037201000,122.141910000,59.220047000,245.578665589,10
Branch_048,48,30,2,7,7,39.655231000,37.152805000,57.108654000,4.482250911,143.390244250,0.583887220,0,63.037201000,122.141910000,59.220047000,245.578665589,10
Branch_048,48,31,2,7,8,40.956230000,41.252876000,57.950741000,4.383182761,147.773427011,0.601735605,0,63.037201000,122.141910000,59.220047000,245.578665589,10
Branch_048,48,32,3,6,1,42.188423000,46.187943000,58.389992000,5.105499714,152.878926725,0.622525277,0,63.037201000,122.141910000,59.220047000,245.578665589,10
Branch_048,48,33,4,5,1,43.203922000,50.765629000,58.406876000,4.689001216,157.567927941,0.641618960,0,63.037201000,122.141910000,59.220047000,245.578665589,10
Branch_048,48,34,4,5,2,44.359421000,55.519661000,58.187195000,4.897372555,162.465300495,0.661561134,0,63.037201000,122.141910000,59.220047000,245.578665589,10
Branch_048,48,35,4,5,3,45.795403000,60.070236000,57.887691000,4.781158832,167.246459328,0.681030084,0,63.037201000,122.141910000,59.220047000,245.578665589,10
Branch_048,48,36,4,5,4,47.645630000,64.272171000,57.623878000,4.598825393,171.845284721,0.699756570,0,63.037201000,122.141910000,59.220047000,245.578665589,10
Branch_048,48,37,4,5,5,51.342567000,69.871460000,57.347439000,6.715340573,178.560625293,0.727101537,0,63.037201000,122.141910000,59.220047000,245.578665589,10
Branch_048,48,38,5,4,1,55.407112000,74.712769000,57.020290000,6.329757133,184.890382426,0.752876403,0,63.037201000,122.141910000,59.220047000,245.578665589,10
Branch_048,48,39,6,3,1,58.283745000,78.131050000,56.528973000,4.494558355,189.384940781,0.771178312,0,63.037201000,122.141910000,59.220047000,245.578665589,10
Branch_048,48,40,6,3,2,60.622337000,81.607315000,55.718319000,4.267386882,193.652327663,0.788555175,0,63.037201000,122.141910000,59.220047000,245.578665589,10
Branch_048,48,41,6,3,3,62.223511000,85.360001000,54.550529000,4.243835986,197.896163649,0.805836139,0,63.037201000,122.141910000,59.220047000,245.578665589,10
Branch_048,48,42,6,3,4,62.844906000,89.630898000,52.998016000,4.586609810,202.482773459,0.824512883,0,63.037201000,122.141910000,59.220047000,245.578665589,10
Branch_048,48,43,7,2,1,62.470024000,93.598572000,51.485519000,4.262701099,206.745474558,0.841870665,0,63.037201000,122.141910000,59.220047000,245.578665589,10
Branch_048,48,44,7,2,2,61.098911000,97.857376000,49.920139000,4.740018662,211.485493220,0.861172092,0,63.037201000,122.141910000,59.220047000,245.578665589,10
Branch_048,48,45,7,2,3,58.968452000,102.038360000,48.564579000,4.884365432,216.369858651,0.881061301,0,63.037201000,122.141910000,59.220047000,245.578665589,10
Branch_048,48,46,7,2,4,56.398815000,106.080850000,47.520206000,4.902598767,221.272457419,0.901024757,0,63.037201000,122.141910000,59.220047000,245.578665589,10
Branch_048,48,47,7,2,5,53.888828000,109.821590000,46.824791000,4.558154507,225.830611926,0.919585630,0,63.037201000,122.141910000,59.220047000,245.578665589,10
Branch_048,48,48,8,96,1,55.677666000,111.678340000,48.768272000,3.228711872,229.059323798,0.932732993,0,63.037201000,122.141910000,59.220047000,245.578665589,10
Branch_048,48,49,8,96,2,56.798088000,113.271320000,50.359459000,2.514916859,231.574240657,0.942973772,0,63.037201000,122.141910000,59.220047000,245.578665589,10
Branch_048,48,50,8,96,3,58.261993000,115.352650000,52.438450000,3.285902615,234.860143272,0.956354017,0,63.037201000,122.141910000,59.220047000,245.578665589,10
Branch_048,48,51,8,96,4,59.846508000,117.605480000,54.688728000,3.556639126,238.416782398,0.970836705,0,63.037201000,122.141910000,59.220047000,245.578665589,10
Branch_048,48,52,8,96,5,61.310410000,119.686810000,56.767715000,3.285898748,241.702681145,0.984216933,0,63.037201000,122.141910000,59.220047000,245.578665589,10
Branch_048,48,53,8,96,6,62.131607000,120.854360000,57.933952000,1.843270532,243.545951678,0.991722759,0,63.037201000,122.141910000,59.220047000,245.578665589,10
Branch_048,48,54,9,97,1,63.037201000,122.141910000,59.220047000,2.032713911,245.578665589,1.000000000,1,63.037201000,122.141910000,59.220047000,245.578665589,10
Branch_049,49,0,0,9,0,9.155164700,-94.828995000,43.316994000,0.000000000,0.000000000,0.000000000,0,-85.592514000,37.249157000,62.481045000,225.080861858,5
Branch_049,49,1,0,9,1,8.745691300,-90.524384000,41.931053000,4.540724257,4.540724257,0.020173747,0,-85.592514000,37.249157000,62.481045000,225.080861858,5
Branch_049,49,2,0,9,2,8.447949400,-85.977066000,40.628029000,4.739685937,9.280410194,0.041231450,0,-85.592514000,37.249157000,62.481045000,225.080861858,5
Branch_049,49,3,0,9,3,8.306425100,-80.784424000,39.387024000,5.340754018,14.621164212,0.064959606,0,-85.592514000,37.249157000,62.481045000,225.080861858,5
Branch_049,49,4,0,9,4,8.427463500,-75.420364000,38.457928000,5.445274039,20.066438250,0.089152130,0,-85.592514000,37.249157000,62.481045000,225.080861858,5
Branch_049,49,5,0,9,5,8.845435100,-70.229225000,37.995411000,5.228436320,25.294874570,0.112381276,0,-85.592514000,37.249157000,62.481045000,225.080861858,5
Branch_049,49,6,0,9,6,9.507898300,-65.372032000,38.028183000,4.902270427,30.197144997,0.134161318,0,-85.592514000,37.249157000,62.481045000,225.080861858,5
Branch_049,49,7,0,9,7,10.287036000,-60.827480000,38.464947000,4.631497731,34.828642727,0.154738357,0,-85.592514000,37.249157000,62.481045000,225.080861858,5
Branch_049,49,8,0,9,8,11.014260000,-56.442604000,39.132923000,4.494683995,39.323326723,0.174707554,0,-85.592514000,37.249157000,62.481045000,225.080861858,5
Branch_049,49,9,0,9,9,11.527933000,-52.014019000,39.835442000,4.513286829,43.836613551,0.194759400,0,-85.592514000,37.249157000,62.481045000,225.080861858,5
Branch_049,49,10,0,9,10,11.720328000,-47.372635000,40.409962000,4.680762171,48.517375722,0.215555313,0,-85.592514000,37.249157000,62.481045000,225.080861858,5
Branch_049,49,11,0,9,11,11.570354000,-42.445747000,40.769272000,4.942248602,53.459624324,0.237512971,0,-85.592514000,37.249157000,62.481045000,225.080861858,5
Branch_049,49,12,0,9,12,11.152950000,-37.279388000,40.914940000,5.185239684,58.644864008,0.260550202,0,-85.592514000,37.249157000,62.481045000,225.080861858,5
Branch_049,49,13,0,9,13,10.623031000,-32.017574000,40.921852000,5.288435354,63.933299362,0.284045915,0,-85.592514000,37.249157000,62.481045000,225.080861858,5
Branch_049,49,14,0,9,14,10.179241000,-26.849152000,40.901917000,5.187478476,69.120777838,0.307093092,0,-85.592514000,37.249157000,62.481045000,225.080861858,5
Branch_049,49,15,0,9,15,10.018347000,-21.942720000,40.961330000,4.909428862,74.030206700,0.328904937,0,-85.592514000,37.249157000,62.481045000,225.080861858,5
Branch_049,49,16,0,9,16,10.293105000,-17.392542000,41.166740000,4.563091612,78.593298312,0.349178058,0,-85.592514000,37.249157000,62.481045000,225.080861858,5
Branch_049,49,17,0,9,17,11.084682000,-13.193231000,41.531292000,4.288788312,82.882086624,0.368232492,0,-85.592514000,37.249157000,62.481045000,225.080861858,5
Branch_049,49,18,0,9,18,12.395549000,-9.250117300,42.023792000,4.184384566,87.066471190,0.386823075,0,-85.592514000,37.249157000,62.481045000,225.080861858,5
Branch_049,49,19,0,9,19,13.428562000,-7.010438900,42.358051000,2.488976551,89.555447741,0.397881219,0,-85.592514000,37.249157000,62.481045000,225.080861858,5
Branch_049,49,20,1,10,1,8.513610800,-3.880808800,41.469315000,5.894165042,95.449612783,0.424068097,0,-85.592514000,37.249157000,62.481045000,225.080861858,5
Branch_049,49,21,1,10,2,5.700329800,-1.497111100,40.852108000,3.738650718,99.188263500,0.440678353,0,-85.592514000,37.249157000,62.481045000,225.080861858,5
Branch_049,49,22,1,10,3,3.228861600,1.258957700,40.246117000,3.751172535,102.939436035,0.457344241,0,-85.592514000,37.249157000,62.481045000,225.080861858,5
Branch_049,49,23,1,10,4,0.224044770,4.499023400,39.624977000,4.462372107,107.401808142,0.477169881,0,-85.592514000,37.249157000,62.481045000,225.080861858,5
Branch_049,49,24,1,10,5,-3.124296900,7.948573600,39.092415000,4.836776903,112.238585045,0.498658945,0,-85.592514000,37.249157000,62.481045000,225.080861858,5
Branch_049,49,25,1,10,6,-6.637706300,11.364470000,38.724075000,4.914068394,117.152653439,0.520491402,0,-85.592514000,37.249157000,62.481045000,225.080861858,5
Branch_049,49,26,1,10,7,-10.168994000,14.571689000,38.552483000,4.773435906,121.926089345,0.541699051,0,-85.592514000,37.249157000,62.481045000,225.080861858,5
Branch_049,49,27,1,10,8,-13.613175000,17.485661000,38.562916000,4.511510216,126.437599561,0.561743004,0,-85.592514000,37.249157000,62.481045000,225.080861858,5
Branch_049,49,28,1,10,9,-16.908464000,20.116638000,38.700928000,4.219006622,130.656606183,0.580487408,0,-85.592514000,37.249157000,62.481045000,225.080861858,5
Branch_049,49,29,1,10,10,-20.028803000,22.556101000,38.889393000,3.965225625,134.621831808,0.598104302,0,-85.592514000,37.249157000,62.481045000,225.080861858,5
Branch_049,49,30,1,10,11,-22.971312000,24.948771000,39.050686000,3.795951050,138.417782859,0.614969135,0,-85.592514000,37.249157000,62.481045000,225.080861858,5
Branch_049,49,31,1,10,12,-25.743008000,27.456394000,39.128395000,3.738517155,142.156300013,0.631578797,0,-85.592514000,37.249157000,62.481045000,225.080861858,5
Branch_049,49,32,1,10,13,-28.350756000,30.220842000,39.103210000,3.800415327,145.956715341,0.648463464,0,-85.592514000,37.249157000,62.481045000,225.080861858,5
Branch_049,49,33,1,10,14,-31.678991000,34.678879000,38.953018000,5.565411013,151.522126354,0.673189738,0,-85.592514000,37.249157000,62.481045000,225.080861858,5
Branch_049,49,34,2,22,1,-33.540119000,32.828140000,39.465443000,2.674249738,154.196376091,0.685071022,0,-85.592514000,37.249157000,62.481045000,225.080861858,5
Branch_049,49,35,2,22,2,-34.860867000,31.102398000,40.012878000,2.241036771,156.437412862,0.695027607,0,-85.592514000,37.249157000,62.481045000,225.080861858,5
Branch_049,49,36,2,22,3,-36.322609000,28.840321000,40.706116000,2.781053928,159.218466791,0.707383406,0,-85.592514000,37.249157000,62.481045000,225.080861858,5
Branch_049,49,37,2,22,4,-38.073528000,26.209150000,41.376247000,3.230766741,162.449233532,0.721737211,0,-85.592514000,37.249157000,62.481045000,225.080861858,5
Branch_049,49,38,2,22,5,-39.973618000,23.443958000,41.869690000,3.391181918,165.840415449,0.736803716,0,-85.592514000,37.249157000,62.481045000,225.080861858,5
Branch_049,49,39,2,22,6,-41.880322000,20.744228000,42.058407000,3.310540186,169.150955635,0.751511942,0,-85.592514000,37.249157000,62.481045000,225.080861858,5
Branch_049,49,40,2,22,7,-43.663528000,18.242468000,41.861221000,3.078556326,172.229511962,0.765189499,0,-85.592514000,37.249157000,62.481045000,225.080861858,5
Branch_049,49,41,3,39,1,-45.442932000,19.623219000,42.861023000,2.464215080,174.693727041,0.776137632,0,-85.592514000,37.249157000,62.481045000,225.080861858,5
Branch_049,49,42,3,39,2,-46.601040000,20.784950000,43.693714000,1.839621526,176.533348567,0.784310790,0,-85.592514000,37.249157000,62.481045000,225.080861858,5
Branch_049,49,43,3,39,3,-48.218472000,22.345884000,44.859756000,2.532243111,179.065591678,0.795561161,0,-85.592514000,37.249157000,62.481045000,225.080861858,5
Branch_049,49,44,3,39,4,-50.173981000,24.120699000,46.268578000,2.993119303,182.058710981,0.808859134,0,-85.592514000,37.249157000,62.481045000,225.080861858,5
Branch_049,49,45,3,39,5,-52.338848000,25.910690000,47.813343000,3.205778503,185.264489484,0.823101920,0,-85.592514000,37.249157000,62.481045000,225.080861858,5
Branch_049,49,46,3,39,6,-54.597103000,27.534302000,49.380829000,3.192623362,188.457112846,0.837286259,0,-85.592514000,37.249157000,62.481045000,225.080861858,5
Branch_049,49,47,3,39,7,-56.862572000,28.853876000,50.861519000,3.010991233,191.468104079,0.850663635,0,-85.592514000,37.249157000,62.481045000,225.080861858,5
Branch_049,49,48,3,39,8,-59.089535000,29.794203000,52.158855000,2.743475855,194.211579935,0.862852480,0,-85.592514000,37.249157000,62.481045000,225.080861858,5
Branch_049,49,49,3,39,9,-61.275166000,30.349878000,53.196796000,2.482554953,196.694134887,0.873882094,0,-85.592514000,37.249157000,62.481045000,225.080861858,5
Branch_049,49,50,3,39,10,-63.453144000,30.580515000,53.924995000,2.308041459,199.002176347,0.884136371,0,-85.592514000,37.249157000,62.481045000,225.080861858,5
Branch_049,49,51,3,39,11,-65.679779000,30.594982000,54.321274000,2.261669685,201.263846031,0.894184625,0,-85.592514000,37.249157000,62.481045000,225.080861858,5
Branch_049,49,52,3,39,12,-68.930161000,30.521904000,54.308716000,3.251227652,204.515073683,0.908629334,0,-85.592514000,37.249157000,62.481045000,225.080861858,5
Branch_049,49,53,4,98,1,-69.858521000,31.738838000,55.112431000,1.728796822,206.243870505,0.916310115,1,-85.592514000,37.249157000,62.481045000,225.080861858,5
Branch_049,49,54,4,98,2,-71.051865000,32.686234000,55.929218000,1.728805971,207.972676476,0.923990937,1,-85.592514000,37.249157000,62.481045000,225.080861858,5
Branch_049,49,55,4,98,3,-72.472878000,33.816387000,56.882420000,2.050638389,210.023314865,0.933101611,1,-85.592514000,37.249157000,62.481045000,225.080861858,5
Branch_049,49,56,4,98,4,-73.853485000,34.891418000,57.765797000,1.960133226,211.983448091,0.941810185,1,-85.592514000,37.249157000,62.481045000,225.080861858,5
Branch_049,49,57,4,98,5,-75.043724000,35.732983000,58.449642000,1.610138041,213.593586132,0.948963783,1,-85.592514000,37.249157000,62.481045000,225.080861858,5
Branch_049,49,58,4,98,6,-76.060890000,36.268448000,58.920349000,1.242141102,214.835727234,0.954482427,1,-85.592514000,37.249157000,62.481045000,225.080861858,5
Branch_049,49,59,4,98,7,-77.060303000,36.534115000,59.268715000,1.091221412,215.926948646,0.959330557,1,-85.592514000,37.249157000,62.481045000,225.080861858,5
Branch_049,49,60,4,98,8,-78.240334000,36.638233000,59.633606000,1.239539899,217.166488545,0.964837644,1,-85.592514000,37.249157000,62.481045000,225.080861858,5
Branch_049,49,61,4,98,9,-79.724037000,36.702534000,60.126781000,1.564842098,218.731330643,0.971790000,1,-85.592514000,37.249157000,62.481045000,225.080861858,5
Branch_049,49,62,4,98,10,-81.470589000,36.808331000,60.772400000,1.865063213,220.596393855,0.980076191,1,-85.592514000,37.249157000,62.481045000,225.080861858,5
Branch_049,49,63,4,98,11,-83.257545000,36.969257000,61.487839000,1.931569798,222.527963654,0.988657862,1,-85.592514000,37.249157000,62.481045000,225.080861858,5
Branch_049,49,64,4,98,12,-84.744362000,37.139389000,62.113960000,1.622219836,224.150183489,0.995865138,1,-85.592514000,37.249157000,62.481045000,225.080861858,5
Branch_049,49,65,4,98,13,-85.592514000,37.249157000,62.481045000,0.930678369,225.080861858,1.000000000,1,-85.592514000,37.249157000,62.481045000,225.080861858,5
Branch_050,50,0,0,9,0,9.155164700,-94.828995000,43.316994000,0.000000000,0.000000000,0.000000000,0,-36.361408000,40.604210000,-4.572942700,208.186159090,6
Branch_050,50,1,0,9,1,8.745691300,-90.524384000,41.931053000,4.540724257,4.540724257,0.021810884,0,-36.361408000,40.604210000,-4.572942700,208.186159090,6
Branch_050,50,2,0,9,2,8.447949400,-85.977066000,40.628029000,4.739685937,9.280410194,0.044577460,0,-36.361408000,40.604210000,-4.572942700,208.186159090,6
Branch_050,50,3,0,9,3,8.306425100,-80.784424000,39.387024000,5.340754018,14.621164212,0.070231202,0,-36.361408000,40.604210000,-4.572942700,208.186159090,6
Branch_050,50,4,0,9,4,8.427463500,-75.420364000,38.457928000,5.445274039,20.066438250,0.096386995,0,-36.361408000,40.604210000,-4.572942700,208.186159090,6
Branch_050,50,5,0,9,5,8.845435100,-70.229225000,37.995411000,5.228436320,25.294874570,0.121501231,0,-36.361408000,40.604210000,-4.572942700,208.186159090,6
Branch_050,50,6,0,9,6,9.507898300,-65.372032000,38.028183000,4.902270427,30.197144997,0.145048764,0,-36.361408000,40.604210000,-4.572942700,208.186159090,6
Branch_050,50,7,0,9,7,10.287036000,-60.827480000,38.464947000,4.631497731,34.828642727,0.167295669,0,-36.361408000,40.604210000,-4.572942700,208.186159090,6
Branch_050,50,8,0,9,8,11.014260000,-56.442604000,39.132923000,4.494683995,39.323326723,0.188885404,0,-36.361408000,40.604210000,-4.572942700,208.186159090,6
Branch_050,50,9,0,9,9,11.527933000,-52.014019000,39.835442000,4.513286829,43.836613551,0.210564495,0,-36.361408000,40.604210000,-4.572942700,208.186159090,6
Branch_050,50,10,0,9,10,11.720328000,-47.372635000,40.409962000,4.680762171,48.517375722,0.233048037,0,-36.361408000,40.604210000,-4.572942700,208.186159090,6
Branch_050,50,11,0,9,11,11.570354000,-42.445747000,40.769272000,4.942248602,53.459624324,0.256787601,0,-36.361408000,40.604210000,-4.572942700,208.186159090,6
Branch_050,50,12,0,9,12,11.152950000,-37.279388000,40.914940000,5.185239684,58.644864008,0.281694346,0,-36.361408000,40.604210000,-4.572942700,208.186159090,6
Branch_050,50,13,0,9,13,10.623031000,-32.017574000,40.921852000,5.288435354,63.933299362,0.307096781,0,-36.361408000,40.604210000,-4.572942700,208.186159090,6
Branch_050,50,14,0,9,14,10.179241000,-26.849152000,40.901917000,5.187478476,69.120777838,0.332014281,0,-36.361408000,40.604210000,-4.572942700,208.186159090,6
Branch_050,50,15,0,9,15,10.018347000,-21.942720000,40.961330000,4.909428862,74.030206700,0.355596198,0,-36.361408000,40.604210000,-4.572942700,208.186159090,6
Branch_050,50,16,0,9,16,10.293105000,-17.392542000,41.166740000,4.563091612,78.593298312,0.377514522,0,-36.361408000,40.604210000,-4.572942700,208.186159090,6
Branch_050,50,17,0,9,17,11.084682000,-13.193231000,41.531292000,4.288788312,82.882086624,0.398115259,0,-36.361408000,40.604210000,-4.572942700,208.186159090,6
Branch_050,50,18,0,9,18,12.395549000,-9.250117300,42.023792000,4.184384566,87.066471190,0.418214504,0,-36.361408000,40.604210000,-4.572942700,208.186159090,6
Branch_050,50,19,0,9,19,13.428562000,-7.010438900,42.358051000,2.488976551,89.555447741,0.430170037,0,-36.361408000,40.604210000,-4.572942700,208.186159090,6
Branch_050,50,20,1,10,1,8.513610800,-3.880808800,41.469315000,5.894165042,95.449612783,0.458482030,0,-36.361408000,40.604210000,-4.572942700,208.186159090,6
Branch_050,50,21,1,10,2,5.700329800,-1.497111100,40.852108000,3.738650718,99.188263500,0.476440240,0,-36.361408000,40.604210000,-4.572942700,208.186159090,6
Branch_050,50,22,1,10,3,3.228861600,1.258957700,40.246117000,3.751172535,102.939436035,0.494458597,0,-36.361408000,40.604210000,-4.572942700,208.186159090,6
Branch_050,50,23,1,10,4,0.224044770,4.499023400,39.624977000,4.462372107,107.401808142,0.515893125,0,-36.361408000,40.604210000,-4.572942700,208.186159090,6
Branch_050,50,24,1,10,5,-3.124296900,7.948573600,39.092415000,4.836776903,112.238585045,0.539126066,0,-36.361408000,40.604210000,-4.572942700,208.186159090,6
Branch_050,50,25,1,10,6,-6.637706300,11.364470000,38.724075000,4.914068394,117.152653439,0.562730270,0,-36.361408000,40.604210000,-4.572942700,208.186159090,6
Branch_050,50,26,1,10,7,-10.168994000,14.571689000,38.552483000,4.773435906,121.926089345,0.585658960,0,-36.361408000,40.604210000,-4.572942700,208.186159090,6
Branch_050,50,27,1,10,8,-13.613175000,17.485661000,38.562916000,4.511510216,126.437599561,0.607329518,0,-36.361408000,40.604210000,-4.572942700,208.186159090,6
Branch_050,50,28,1,10,9,-16.908464000,20.116638000,38.700928000,4.219006622,130.656606183,0.627595066,0,-36.361408000,40.604210000,-4.572942700,208.186159090,6
Branch_050,50,29,1,10,10,-20.028803000,22.556101000,38.889393000,3.965225625,134.621831808,0.646641604,0,-36.361408000,40.604210000,-4.572942700,208.186159090,6
Branch_050,50,30,1,10,11,-22.971312000,24.948771000,39.050686000,3.795951050,138.417782859,0.664875050,0,-36.361408000,40.604210000,-4.572942700,208.186159090,6
Branch_050,50,31,1,10,12,-25.743008000,27.456394000,39.128395000,3.738517155,142.156300013,0.682832618,0,-36.361408000,40.604210000,-4.572942700,208.186159090,6
Branch_050,50,32,1,10,13,-28.350756000,30.220842000,39.103210000,3.800415327,145.956715341,0.701087507,0,-36.361408000,40.604210000,-4.572942700,208.186159090,6
Branch_050,50,33,1,10,14,-31.678991000,34.678879000,38.953018000,5.565411013,151.522126354,0.727820365,0,-36.361408000,40.604210000,-4.572942700,208.186159090,6
Branch_050,50,34,2,11,1,-33.081928000,36.818501000,38.879490000,2.559613427,154.081739781,0.740115195,0,-36.361408000,40.604210000,-4.572942700,208.186159090,6
Branch_050,50,35,2,11,2,-34.981613000,40.218311000,38.837078000,3.894779829,157.976519609,0.758823355,0,-36.361408000,40.604210000,-4.572942700,208.186159090,6
Branch_050,50,36,3,61,1,-35.475735000,40.534775000,36.845673000,2.076053922,160.052573532,0.768795458,0,-36.361408000,40.604210000,-4.572942700,208.186159090,6
Branch_050,50,37,3,61,2,-36.055759000,41.018837000,35.346100000,1.679125678,161.731699210,0.776860959,0,-36.361408000,40.604210000,-4.572942700,208.186159090,6
Branch_050,50,38,3,61,3,-36.795139000,41.766941000,33.615776000,2.024935437,163.756634647,0.786587520,0,-36.361408000,40.604210000,-4.572942700,208.186159090,6
Branch_050,50,39,3,61,4,-37.459053000,42.598156000,31.567286000,2.308248569,166.064883216,0.797674946,0,-36.361408000,40.604210000,-4.572942700,208.186159090,6
Branch_050,50,40,3,61,5,-37.852947000,43.421696000,29.379478000,2.370627440,168.435510656,0.809062002,0,-36.361408000,40.604210000,-4.572942700,208.186159090,6
Branch_050,50,41,3,61,6,-37.815964000,44.174286000,27.230293000,2.277444975,170.712955631,0.820001466,0,-36.361408000,40.604210000,-4.572942700,208.186159090,6
Branch_050,50,42,3,61,7,-37.250183000,44.834927000,25.277079000,2.138129931,172.851085562,0.830271745,0,-36.361408000,40.604210000,-4.572942700,208.186159090,6
Branch_050,50,43,3,61,8,-36.137295000,45.429554000,23.641102000,2.066040105,174.917125666,0.840195748,0,-36.361408000,40.604210000,-4.572942700,208.186159090,6
Branch_050,50,44,3,61,9,-35.050892000,45.834045000,22.795732000,1.434759521,176.351885188,0.847087462,0,-36.361408000,40.604210000,-4.572942700,208.186159090,6
Branch_050,50,45,4,75,1,-35.086208000,44.739735000,21.574865000,1.639901774,177.991786961,0.854964555,0,-36.361408000,40.604210000,-4.572942700,208.186159090,6
Branch_050,50,46,4,75,2,-34.956467000,43.796158000,20.500103000,1.436065332,179.427852294,0.861862542,0,-36.361408000,40.604210000,-4.572942700,208.186159090,6
Branch_050,50,47,4,75,3,-34.772991000,42.516094000,19.111383000,1.897569636,181.325421930,0.870977315,0,-36.361408000,40.604210000,-4.572942700,208.186159090,6
Branch_050,50,48,4,75,4,-34.543602000,41.025787000,17.619642000,2.121067061,183.446488992,0.881165635,0,-36.361408000,40.604210000,-4.572942700,208.186159090,6
Branch_050,50,49,4,75,5,-34.271591000,39.443798000,16.226276000,2.125593562,185.572082553,0.891375696,0,-36.361408000,40.604210000,-4.572942700,208.186159090,6
Branch_050,50,50,4,75,6,-33.844471000,37.407330000,14.842885000,2.498680465,188.070763019,0.903377841,0,-36.361408000,40.604210000,-4.572942700,208.186159090,6
Branch_050,50,51,5,99,1,-34.337029000,37.981335000,13.318354000,1.701848963,189.772611982,0.911552491,1,-36.361408000,40.604210000,-4.572942700,208.186159090,6
Branch_050,50,52,5,99,2,-34.706089000,38.336929000,12.067815000,1.351480731,191.124092713,0.918044185,1,-36.361408000,40.604210000,-4.572942700,208.186159090,6
Branch_050,50,53,5,99,3,-35.115784000,38.781761000,10.477542000,1.701379945,192.825472658,0.926216582,1,-36.361408000,40.604210000,-4.572942700,208.186159090,6
Branch_050,50,54,5,99,4,-35.452469000,39.238041000,8.783170700,1.786740700,194.612213358,0.934799000,1,-36.361408000,40.604210000,-4.572942700,208.186159090,6
Branch_050,50,55,5,99,5,-35.639130000,39.639313000,7.163744900,1.678809539,196.291022897,0.942862983,1,-36.361408000,40.604210000,-4.572942700,208.186159090,6
Branch_050,50,56,5,99,6,-35.660915000,39.945763000,5.694965800,1.500565971,197.791588868,0.950070791,1,-36.361408000,40.604210000,-4.572942700,208.186159090,6
Branch_050,50,57,5,99,7,-35.566956000,40.149818000,4.345036500,1.368494009,199.160082877,0.956644206,1,-36.361408000,40.604210000,-4.572942700,208.186159090,6
Branch_050,50,58,5,99,8,-35.448135000,40.271099000,3.013412500,1.342404555,200.502487431,0.963092303,1,-36.361408000,40.604210000,-4.572942700,208.186159090,6
Branch_050,50,59,5,99,9,-35.399632000,40.343533000,1.596384600,1.419706764,201.922194195,0.969911713,1,-36.361408000,40.604210000,-4.572942700,208.186159090,6
Branch_050,50,60,5,99,10,-35.482727000,40.400017000,0.053206857,1.546445204,203.468639399,0.977339898,1,-36.361408000,40.604210000,-4.572942700,208.186159090,6
Branch_050,50,61,5,99,11,-35.700485000,40.460350000,-1.553602300,1.622619575,205.091258973,0.985133978,1,-36.361408000,40.604210000,-4.572942700,208.186159090,6
Branch_050,50,62,5,99,12,-35.996445000,40.526539000,-3.060140600,1.536759888,206.628018862,0.992515640,1,-36.361408000,40.604210000,-4.572942700,208.186159090,6
Branch_050,50,63,5,99,13,-36.361408000,40.604210000,-4.572942700,1.558140228,208.186159090,1.000000000,1,-36.361408000,40.604210000,-4.572942700,208.186159090,6
Branch_051,51,0,0,9,0,9.155164700,-94.828995000,43.316994000,0.000000000,0.000000000,0.000000000,0,33.859512000,97.828186000,44.259140000,220.096864786,7
Branch_051,51,1,0,9,1,8.745691300,-90.524384000,41.931053000,4.540724257,4.540724257,0.020630572,0,33.859512000,97.828186000,44.259140000,220.096864786,7
Branch_051,51,2,0,9,2,8.447949400,-85.977066000,40.628029000,4.739685937,9.280410194,0.042165118,0,33.859512000,97.828186000,44.259140000,220.096864786,7
Branch_051,51,3,0,9,3,8.306425100,-80.784424000,39.387024000,5.340754018,14.621164212,0.066430588,0,33.859512000,97.828186000,44.259140000,220.096864786,7
Branch_051,51,4,0,9,4,8.427463500,-75.420364000,38.457928000,5.445274039,20.066438250,0.091170941,0,33.859512000,97.828186000,44.259140000,220.096864786,7
Branch_051,51,5,0,9,5,8.845435100,-70.229225000,37.995411000,5.228436320,25.294874570,0.114926101,0,33.859512000,97.828186000,44.259140000,220.096864786,7
Branch_051,51,6,0,9,6,9.507898300,-65.372032000,38.028183000,4.902270427,30.197144997,0.137199342,0,33.859512000,97.828186000,44.259140000,220.096864786,7
Branch_051,51,7,0,9,7,10.287036000,-60.827480000,38.464947000,4.631497731,34.828642727,0.158242339,0,33.859512000,97.828186000,44.259140000,220.096864786,7
Branch_051,51,8,0,9,8,11.014260000,-56.442604000,39.132923000,4.494683995,39.323326723,0.178663730,0,33.859512000,97.828186000,44.259140000,220.096864786,7
Branch_051,51,9,0,9,9,11.527933000,-52.014019000,39.835442000,4.513286829,43.836613551,0.199169641,0,33.859512000,97.828186000,44.259140000,220.096864786,7
Branch_051,51,10,0,9,10,11.720328000,-47.372635000,40.409962000,4.680762171,48.517375722,0.220436469,0,33.859512000,97.828186000,44.259140000,220.096864786,7
Branch_051,51,11,0,9,11,11.570354000,-42.445747000,40.769272000,4.942248602,53.459624324,0.242891349,0,33.859512000,97.828186000,44.259140000,220.096864786,7
Branch_051,51,12,0,9,12,11.152950000,-37.279388000,40.914940000,5.185239684,58.644864008,0.266450247,0,33.859512000,97.828186000,44.259140000,220.096864786,7
Branch_051,51,13,0,9,13,10.623031000,-32.017574000,40.921852000,5.288435354,63.933299362,0.290478010,0,33.859512000,97.828186000,44.259140000,220.096864786,7
Branch_051,51,14,0,9,14,10.179241000,-26.849152000,40.901917000,5.187478476,69.120777838,0.314047081,0,33.859512000,97.828186000,44.259140000,220.096864786,7
Branch_051,51,15,0,9,15,10.018347000,-21.942720000,40.961330000,4.909428862,74.030206700,0.336352845,0,33.859512000,97.828186000,44.259140000,220.096864786,7
Branch_051,51,16,0,9,16,10.293105000,-17.392542000,41.166740000,4.563091612,78.593298312,0.357085042,0,33.859512000,97.828186000,44.259140000,220.096864786,7
Branch_051,51,17,0,9,17,11.084682000,-13.193231000,41.531292000,4.288788312,82.882086624,0.376570955,0,33.859512000,97.828186000,44.259140000,220.096864786,7
Branch_051,51,18,0,9,18,12.395549000,-9.250117300,42.023792000,4.184384566,87.066471190,0.395582514,0,33.859512000,97.828186000,44.259140000,220.096864786,7
Branch_051,51,19,0,9,19,13.428562000,-7.010438900,42.358051000,2.488976551,89.555447741,0.406891065,0,33.859512000,97.828186000,44.259140000,220.096864786,7
Branch_051,51,20,1,8,1,16.282339000,-1.562926900,43.212620000,6.208841948,95.764289689,0.435100653,0,33.859512000,97.828186000,44.259140000,220.096864786,7
Branch_051,51,21,1,8,2,18.643381000,2.404393400,43.881081000,4.664867608,100.429157296,0.456295265,0,33.859512000,97.828186000,44.259140000,220.096864786,7
Branch_051,51,22,1,8,3,21.147991000,6.488432400,44.652599000,4.852595783,105.281753079,0.478342811,0,33.859512000,97.828186000,44.259140000,220.096864786,7
Branch_051,51,23,1,8,4,24.223534000,11.405412000,45.843182000,5.920569315,111.202322394,0.505242646,0,33.859512000,97.828186000,44.259140000,220.096864786,7
Branch_051,51,24,2,7,1,26.324202000,14.701306000,46.829159000,4.030865161,115.233187555,0.523556697,0,33.859512000,97.828186000,44.259140000,220.096864786,7
Branch_051,51,25,2,7,2,28.908293000,18.630505000,48.351257000,4.942966053,120.176153608,0.546014836,0,33.859512000,97.828186000,44.259140000,220.096864786,7
Branch_051,51,26,2,7,3,31.432501000,22.371405000,50.143032000,4.855555219,125.031708827,0.568075829,0,33.859512000,97.828186000,44.259140000,220.096864786,7
Branch_051,51,27,2,7,4,33.837540000,25.965391000,52.093472000,4.743960809,129.775669636,0.589629797,0,33.859512000,97.828186000,44.259140000,220.096864786,7
Branch_051,51,28,2,7,5,36.051430000,29.527443000,54.029991000,4.619483653,134.395153289,0.610618209,0,33.859512000,97.828186000,44.259140000,220.096864786,7
Branch_051,51,29,2,7,6,38.004852000,33.210518000,55.757656000,4.512840050,138.907993339,0.631122090,0,33.859512000,97.828186000,44.259140000,220.096864786,7
Branch_051,51,30,2,7,7,39.655231000,37.152805000,57.108654000,4.482250911,143.390244250,0.651486991,0,33.859512000,97.828186000,44.259140000,220.096864786,7
Branch_051,51,31,2,7,8,40.956230000,41.252876000,57.950741000,4.383182761,147.773427011,0.671401781,0,33.859512000,97.828186000,44.259140000,220.096864786,7
Branch_051,51,32,3,6,1,42.188423000,46.187943000,58.389992000,5.105499714,152.878926725,0.694598385,0,33.859512000,97.828186000,44.259140000,220.096864786,7
Branch_051,51,33,4,5,1,43.203922000,50.765629000,58.406876000,4.689001216,157.567927941,0.715902646,0,33.859512000,97.828186000,44.259140000,220.096864786,7
Branch_051,51,34,4,5,2,44.359421000,55.519661000,58.187195000,4.897372555,162.465300495,0.738153634,0,33.859512000,97.828186000,44.259140000,220.096864786,7
Branch_051,51,35,4,5,3,45.795403000,60.070236000,57.887691000,4.781158832,167.246459328,0.759876609,0,33.859512000,97.828186000,44.259140000,220.096864786,7
Branch_051,51,36,4,5,4,47.645630000,64.272171000,57.623878000,4.598825393,171.845284721,0.780771161,0,33.859512000,97.828186000,44.259140000,220.096864786,7
Branch_051,51,37,4,5,5,51.342567000,69.871460000,57.347439000,6.715340573,178.560625293,0.811282003,0,33.859512000,97.828186000,44.259140000,220.096864786,7
Branch_051,51,38,5,63,1,49.590546000,71.640656000,55.933273000,2.863476479,181.424101773,0.824292077,0,33.859512000,97.828186000,44.259140000,220.096864786,7
Branch_051,51,39,5,63,2,48.278820000,73.045837000,54.159683000,2.615488526,184.039590299,0.836175429,0,33.859512000,97.828186000,44.259140000,220.096864786,7
Branch_051,51,40,5,63,3,47.148109000,74.357506000,51.998871000,2.769131891,186.808722190,0.848756852,0,33.859512000,97.828186000,44.259140000,220.096864786,7
Branch_051,51,41,5,63,4,46.191601000,75.748932000,49.463795000,3.045912703,189.854634893,0.862595817,0,33.859512000,97.828186000,44.259140000,220.096864786,7
Branch_051,51,42,5,63,5,45.533073000,77.148750000,47.047455000,2.869119822,192.723754715,0.875631531,0,33.859512000,97.828186000,44.259140000,220.096864786,7
Branch_051,51,43,5,63,6,45.302570000,78.518913000,44.934124000,2.529159187,195.252913902,0.887122650,0,33.859512000,97.828186000,44.259140000,220.096864786,7
Branch_051,51,44,5,63,7,45.520279000,79.906494000,43.164494000,2.259284970,197.512198873,0.897387607,0,33.859512000,97.828186000,44.259140000,220.096864786,7
Branch_051,51,45,5,63,8,45.910557000,80.916512000,42.153812000,1.481192554,198.993391427,0.904117338,0,33.859512000,97.828186000,44.259140000,220.096864786,7
Branch_051,51,46,6,100,1,44.093891000,82.573509000,42.794113000,2.540846273,201.534237700,0.915661556,1,33.859512000,97.828186000,44.259140000,220.096864786,7
Branch_051,51,47,6,100,2,42.875439000,83.779449000,42.955776000,1.721932486,203.256170186,0.923485077,1,33.859512000,97.828186000,44.259140000,220.096864786,7
Branch_051,51,48,6,100,3,41.479813000,85.249413000,43.138767000,2.035203135,205.291373321,0.932731929,1,33.859512000,97.828186000,44.259140000,220.096864786,7
Branch_051,51,49,6,100,4,40.211246000,86.748383000,43.302448000,1.970523982,207.261897303,0.941684915,1,33.859512000,97.828186000,44.259140000,220.096864786,7
Branch_051,51,50,6,100,5,39.230442000,88.155548000,43.427441000,1.719800301,208.981697603,0.949498748,1,33.859512000,97.828186000,44.259140000,220.096864786,7
Branch_051,51,51,6,100,6,38.510250000,89.492195000,43.521275000,1.521218768,210.502916371,0.956410336,1,33.859512000,97.828186000,44.259140000,220.096864786,7
Branch_051,51,52,6,100,7,37.885777000,90.871361000,43.610188000,1.516565496,212.019481867,0.963300782,1,33.859512000,97.828186000,44.259140000,220.096864786,7
Branch_051,51,53,6,100,8,37.170204000,92.396339000,43.721542000,1.688194992,213.707676860,0.970971018,1,33.859512000,97.828186000,44.259140000,220.096864786,7
Branch_051,51,54,6,100,9,36.275620000,94.061424000,43.865990000,1.895693492,215.603370351,0.979584014,1,33.859512000,97.828186000,44.259140000,220.096864786,7
Branch_051,51,55,6,100,10,35.277054000,95.707756000,44.028564000,1.932349196,217.535719548,0.988363554,1,33.859512000,97.828186000,44.259140000,220.096864786,7
Branch_051,51,56,6,100,11,34.387775000,97.059914000,44.173298000,1.624837323,219.160556871,0.995745928,1,33.859512000,97.828186000,44.259140000,220.096864786,7
Branch_051,51,57,6,100,12,33.859512000,97.828186000,44.259140000,0.936307915,220.096864786,1.000000000,1,33.859512000,97.828186000,44.259140000,220.096864786,7
Branch_052,52,0,0,9,0,9.155164700,-94.828995000,43.316994000,0.000000000,0.000000000,0.000000000,0,67.928772000,63.294369000,13.080121000,213.506299763,7
Branch_052,52,1,0,9,1,8.745691300,-90.524384000,41.931053000,4.540724257,4.540724257,0.021267402,0,67.928772000,63.294369000,13.080121000,213.506299763,7
Branch_052,52,2,0,9,2,8.447949400,-85.977066000,40.628029000,4.739685937,9.280410194,0.043466681,0,67.928772000,63.294369000,13.080121000,213.506299763,7
Branch_052,52,3,0,9,3,8.306425100,-80.784424000,39.387024000,5.340754018,14.621164212,0.068481184,0,67.928772000,63.294369000,13.080121000,213.506299763,7
Branch_052,52,4,0,9,4,8.427463500,-75.420364000,38.457928000,5.445274039,20.066438250,0.093985228,0,67.928772000,63.294369000,13.080121000,213.506299763,7
Branch_052,52,5,0,9,5,8.845435100,-70.229225000,37.995411000,5.228436320,25.294874570,0.118473668,0,67.928772000,63.294369000,13.080121000,213.506299763,7
Branch_052,52,6,0,9,6,9.507898300,-65.372032000,38.028183000,4.902270427,30.197144997,0.141434445,0,67.928772000,63.294369000,13.080121000,213.506299763,7
Branch_052,52,7,0,9,7,10.287036000,-60.827480000,38.464947000,4.631497731,34.828642727,0.163127003,0,67.928772000,63.294369000,13.080121000,213.506299763,7
Branch_052,52,8,0,9,8,11.014260000,-56.442604000,39.132923000,4.494683995,39.323326723,0.184178766,0,67.928772000,63.294369000,13.080121000,213.506299763,7
Branch_052,52,9,0,9,9,11.527933000,-52.014019000,39.835442000,4.513286829,43.836613551,0.205317659,0,67.928772000,63.294369000,13.080121000,213.506299763,7
Branch_052,52,10,0,9,10,11.720328000,-47.372635000,40.409962000,4.680762171,48.517375722,0.227240956,0,67.928772000,63.294369000,13.080121000,213.506299763,7
Branch_052,52,11,0,9,11,11.570354000,-42.445747000,40.769272000,4.942248602,53.459624324,0.250388979,0,67.928772000,63.294369000,13.080121000,213.506299763,7
Branch_052,52,12,0,9,12,11.152950000,-37.279388000,40.914940000,5.185239684,58.644864008,0.274675099,0,67.928772000,63.294369000,13.080121000,213.506299763,7
Branch_052,52,13,0,9,13,10.623031000,-32.017574000,40.921852000,5.288435354,63.933299362,0.299444557,0,67.928772000,63.294369000,13.080121000,213.506299763,7
Branch_052,52,14,0,9,14,10.179241000,-26.849152000,40.901917000,5.187478476,69.120777838,0.323741163,0,67.928772000,63.294369000,13.080121000,213.506299763,7
Branch_052,52,15,0,9,15,10.018347000,-21.942720000,40.961330000,4.909428862,74.030206700,0.346735468,0,67.928772000,63.294369000,13.080121000,213.506299763,7
Branch_052,52,16,0,9,16,10.293105000,-17.392542000,41.166740000,4.563091612,78.593298312,0.368107631,0,67.928772000,63.294369000,13.080121000,213.506299763,7
Branch_052,52,17,0,9,17,11.084682000,-13.193231000,41.531292000,4.288788312,82.882086624,0.388195040,0,67.928772000,63.294369000,13.080121000,213.506299763,7
Branch_052,52,18,0,9,18,12.395549000,-9.250117300,42.023792000,4.184384566,87.066471190,0.407793453,0,67.928772000,63.294369000,13.080121000,213.506299763,7
Branch_052,52,19,0,9,19,13.428562000,-7.010438900,42.358051000,2.488976551,89.555447741,0.419451079,0,67.928772000,63.294369000,13.080121000,213.506299763,7
Branch_052,52,20,1,8,1,16.282339000,-1.562926900,43.212620000,6.208841948,95.764289689,0.448531448,0,67.928772000,63.294369000,13.080121000,213.506299763,7
Branch_052,52,21,1,8,2,18.643381000,2.404393400,43.881081000,4.664867608,100.429157296,0.470380300,0,67.928772000,63.294369000,13.080121000,213.506299763,7
Branch_052,52,22,1,8,3,21.147991000,6.488432400,44.652599000,4.852595783,105.281753079,0.493108415,0,67.928772000,63.294369000,13.080121000,213.506299763,7
Branch_052,52,23,1,8,4,24.223534000,11.405412000,45.843182000,5.920569315,111.202322394,0.520838601,0,67.928772000,63.294369000,13.080121000,213.506299763,7
Branch_052,52,24,2,7,1,26.324202000,14.701306000,46.829159000,4.030865161,115.233187555,0.539717974,0,67.928772000,63.294369000,13.080121000,213.506299763,7
Branch_052,52,25,2,7,2,28.908293000,18.630505000,48.351257000,4.942966053,120.176153608,0.562869357,0,67.928772000,63.294369000,13.080121000,213.506299763,7
Branch_052,52,26,2,7,3,31.432501000,22.371405000,50.143032000,4.855555219,125.031708827,0.585611333,0,67.928772000,63.294369000,13.080121000,213.506299763,7
Branch_052,52,27,2,7,4,33.837540000,25.965391000,52.093472000,4.743960809,129.775669636,0.607830634,0,67.928772000,63.294369000,13.080121000,213.506299763,7
Branch_052,52,28,2,7,5,36.051430000,29.527443000,54.029991000,4.619483653,134.395153289,0.629466922,0,67.928772000,63.294369000,13.080121000,213.506299763,7
Branch_052,52,29,2,7,6,38.004852000,33.210518000,55.757656000,4.512840050,138.907993339,0.650603722,0,67.928772000,63.294369000,13.080121000,213.506299763,7
Branch_052,52,30,2,7,7,39.655231000,37.152805000,57.108654000,4.482250911,143.390244250,0.671597252,0,67.928772000,63.294369000,13.080121000,213.506299763,7
Branch_052,52,31,2,7,8,40.956230000,41.252876000,57.950741000,4.383182761,147.773427011,0.692126776,0,67.928772000,63.294369000,13.080121000,213.506299763,7
Branch_052,52,32,3,6,1,42.188423000,46.187943000,58.389992000,5.105499714,152.878926725,0.716039418,0,67.928772000,63.294369000,13.080121000,213.506299763,7
Branch_052,52,33,4,36,1,43.238983000,46.377754000,55.953835000,2.659805530,155.538732255,0.728497156,0,67.928772000,63.294369000,13.080121000,213.506299763,7
Branch_052,52,34,4,36,2,43.936150000,46.795120000,53.947746000,2.164400443,157.703132698,0.738634564,0,67.928772000,63.294369000,13.080121000,213.506299763,7
Branch_052,52,35,4,36,3,44.764256000,47.499069000,51.703186000,2.493863135,160.196995833,0.750315077,0,67.928772000,63.294369000,13.080121000,213.506299763,7
Branch_052,52,36,4,36,4,46.239586000,48.470669000,48.974102000,3.250923661,163.447919494,0.765541437,0,67.928772000,63.294369000,13.080121000,213.506299763,7
Branch_052,52,37,5,35,1,47.444607000,49.139492000,47.340294000,2.137458396,165.585377891,0.775552656,0,67.928772000,63.294369000,13.080121000,213.506299763,7
Branch_052,52,38,5,35,2,49.272709000,49.997200000,45.729561000,2.583037114,168.168415005,0.787650834,0,67.928772000,63.294369000,13.080121000,213.506299763,7
Branch_052,52,39,5,35,3,51.339153000,50.888668000,44.563374000,2.534738274,170.703153279,0.799522794,0,67.928772000,63.294369000,13.080121000,213.506299763,7
Branch_052,52,40,5,35,4,53.528610000,51.855755000,43.688499000,2.548408422,173.251561701,0.811458781,0,67.928772000,63.294369000,13.080121000,213.506299763,7
Branch_052,52,41,5,35,5,55.704136000,52.944916000,42.863056000,2.569151846,175.820713547,0.823491924,0,67.928772000,63.294369000,13.080121000,213.506299763,7
Branch_052,52,42,5,35,6,57.732147000,54.184872000,41.846561000,2.585262382,178.405975929,0.835600524,0,67.928772000,63.294369000,13.080121000,213.506299763,7
Branch_052,52,43,5,35,7,59.509247000,55.572083000,40.481743000,2.635368464,181.041344393,0.847943806,0,67.928772000,63.294369000,13.080121000,213.506299763,7
Branch_052,52,44,5,35,8,60.984318000,57.069817000,38.742283000,2.728509242,183.769853634,0.860723332,0,67.928772000,63.294369000,13.080121000,213.506299763,7
Branch_052,52,45,5,35,9,62.170300000,58.621544000,36.733410000,2.801781704,186.571635338,0.873846044,0,67.928772000,63.294369000,13.080121000,213.506299763,7
Branch_052,52,46,5,35,10,63.142319000,60.173599000,34.648663000,2.774863188,189.346498527,0.886842677,0,67.928772000,63.294369000,13.080121000,213.506299763,7
Branch_052,52,47,5,35,11,64.022057000,61.698193000,32.700764000,2.625383082,191.971881609,0.899139191,0,67.928772000,63.294369000,13.080121000,213.506299763,7
Branch_052,52,48,5,35,12,65.340614000,63.748360000,30.601805000,3.216738437,195.188620046,0.914205437,0,67.928772000,63.294369000,13.080121000,213.506299763,7
Branch_052,52,49,6,101,1,65.533760000,63.126171000,29.154665000,1.587021962,196.775642008,0.921638576,1,67.928772000,63.294369000,13.080121000,213.506299763,7
Branch_052,52,50,6,101,2,65.961281000,62.656738000,27.760757000,1.531705278,198.307347287,0.928812628,1,67.928772000,63.294369000,13.080121000,213.506299763,7
Branch_052,52,51,6,101,3,66.620911000,62.232227000,25.861288000,2.055067835,200.362415122,0.938437954,1,67.928772000,63.294369000,13.080121000,213.506299763,7
Branch_052,52,52,6,101,4,67.257439000,61.914455000,23.593355000,2.376902823,202.739317945,0.949570660,1,67.928772000,63.294369000,13.080121000,213.506299763,7
Branch_052,52,53,6,101,5,67.754707000,61.808418000,21.148197000,2.497462103,205.236780048,0.961268029,1,67.928772000,63.294369000,13.080121000,213.506299763,7
Branch_052,52,54,6,101,6,68.048347000,61.952248000,18.726707000,2.443465846,207.680245893,0.972712497,1,67.928772000,63.294369000,13.080121000,213.506299763,7
Branch_052,52,55,6,101,7,68.138657000,62.304749000,16.522259000,2.234279265,209.914525159,0.983177196,1,67.928772000,63.294369000,13.080121000,213.506299763,7
Branch_052,52,56,6,101,8,68.082901000,62.758110000,14.705940000,1.872874699,211.787399858,0.991949184,1,67.928772000,63.294369000,13.080121000,213.506299763,7
Branch_052,52,57,6,101,9,67.928772000,63.294369000,13.080121000,1.718899905,213.506299763,1.000000000,1,67.928772000,63.294369000,13.080121000,213.506299763,7
Branch_053,53,0,0,9,0,9.155164700,-94.828995000,43.316994000,0.000000000,0.000000000,0.000000000,0,96.438797000,97.671249000,79.070976000,241.566150253,8
Branch_053,53,1,0,9,1,8.745691300,-90.524384000,41.931053000,4.540724257,4.540724257,0.018797022,0,96.438797000,97.671249000,79.070976000,241.566150253,8
Branch_053,53,2,0,9,2,8.447949400,-85.977066000,40.628029000,4.739685937,9.280410194,0.038417676,0,96.438797000,97.671249000,79.070976000,241.566150253,8
Branch_053,53,3,0,9,3,8.306425100,-80.784424000,39.387024000,5.340754018,14.621164212,0.060526544,0,96.438797000,97.671249000,79.070976000,241.566150253,8
Branch_053,53,4,0,9,4,8.427463500,-75.420364000,38.457928000,5.445274039,20.066438250,0.083068088,0,96.438797000,97.671249000,79.070976000,241.566150253,8
Branch_053,53,5,0,9,5,8.845435100,-70.229225000,37.995411000,5.228436320,25.294874570,0.104711999,0,96.438797000,97.671249000,79.070976000,241.566150253,8
Branch_053,53,6,0,9,6,9.507898300,-65.372032000,38.028183000,4.902270427,30.197144997,0.125005697,0,96.438797000,97.671249000,79.070976000,241.566150253,8
Branch_053,53,7,0,9,7,10.287036000,-60.827480000,38.464947000,4.631497731,34.828642727,0.144178490,0,96.438797000,97.671249000,79.070976000,241.566150253,8
Branch_053,53,8,0,9,8,11.014260000,-56.442604000,39.132923000,4.494683995,39.323326723,0.162784921,0,96.438797000,97.671249000,79.070976000,241.566150253,8
Branch_053,53,9,0,9,9,11.527933000,-52.014019000,39.835442000,4.513286829,43.836613551,0.181468362,0,96.438797000,97.671249000,79.070976000,241.566150253,8
Branch_053,53,10,0,9,10,11.720328000,-47.372635000,40.409962000,4.680762171,48.517375722,0.200845092,0,96.438797000,97.671249000,79.070976000,241.566150253,8
Branch_053,53,11,0,9,11,11.570354000,-42.445747000,40.769272000,4.942248602,53.459624324,0.221304286,0,96.438797000,97.671249000,79.070976000,241.566150253,8
Branch_053,53,12,0,9,12,11.152950000,-37.279388000,40.914940000,5.185239684,58.644864008,0.242769378,0,96.438797000,97.671249000,79.070976000,241.566150253,8
Branch_053,53,13,0,9,13,10.623031000,-32.017574000,40.921852000,5.288435354,63.933299362,0.264661664,0,96.438797000,97.671249000,79.070976000,241.566150253,8
Branch_053,53,14,0,9,14,10.179241000,-26.849152000,40.901917000,5.187478476,69.120777838,0.286136024,0,96.438797000,97.671249000,79.070976000,241.566150253,8
Branch_053,53,15,0,9,15,10.018347000,-21.942720000,40.961330000,4.909428862,74.030206700,0.306459355,0,96.438797000,97.671249000,79.070976000,241.566150253,8
Branch_053,53,16,0,9,16,10.293105000,-17.392542000,41.166740000,4.563091612,78.593298312,0.325348971,0,96.438797000,97.671249000,79.070976000,241.566150253,8
Branch_053,53,17,0,9,17,11.084682000,-13.193231000,41.531292000,4.288788312,82.882086624,0.343103065,0,96.438797000,97.671249000,79.070976000,241.566150253,8
Branch_053,53,18,0,9,18,12.395549000,-9.250117300,42.023792000,4.184384566,87.066471190,0.360424965,0,96.438797000,97.671249000,79.070976000,241.566150253,8
Branch_053,53,19,0,9,19,13.428562000,-7.010438900,42.358051000,2.488976551,89.555447741,0.370728464,0,96.438797000,97.671249000,79.070976000,241.566150253,8
Branch_053,53,20,1,8,1,16.282339000,-1.562926900,43.212620000,6.208841948,95.764289689,0.396430914,0,96.438797000,97.671249000,79.070976000,241.566150253,8
Branch_053,53,21,1,8,2,18.643381000,2.404393400,43.881081000,4.664867608,100.429157296,0.415741846,0,96.438797000,97.671249000,79.070976000,241.566150253,8
Branch_053,53,22,1,8,3,21.147991000,6.488432400,44.652599000,4.852595783,105.281753079,0.435829908,0,96.438797000,97.671249000,79.070976000,241.566150253,8
Branch_053,53,23,1,8,4,24.223534000,11.405412000,45.843182000,5.920569315,111.202322394,0.460339010,0,96.438797000,97.671249000,79.070976000,241.566150253,8
Branch_053,53,24,2,7,1,26.324202000,14.701306000,46.829159000,4.030865161,115.233187555,0.477025392,0,96.438797000,97.671249000,79.070976000,241.566150253,8
Branch_053,53,25,2,7,2,28.908293000,18.630505000,48.351257000,4.942966053,120.176153608,0.497487556,0,96.438797000,97.671249000,79.070976000,241.566150253,8
Branch_053,53,26,2,7,3,31.432501000,22.371405000,50.143032000,4.855555219,125.031708827,0.517587869,0,96.438797000,97.671249000,79.070976000,241.566150253,8
Branch_053,53,27,2,7,4,33.837540000,25.965391000,52.093472000,4.743960809,129.775669636,0.537226219,0,96.438797000,97.671249000,79.070976000,241.566150253,8
Branch_053,53,28,2,7,5,36.051430000,29.527443000,54.029991000,4.619483653,134.395153289,0.556349278,0,96.438797000,97.671249000,79.070976000,241.566150253,8
Branch_053,53,29,2,7,6,38.004852000,33.210518000,55.757656000,4.512840050,138.907993339,0.575030869,0,96.438797000,97.671249000,79.070976000,241.566150253,8
Branch_053,53,30,2,7,7,39.655231000,37.152805000,57.108654000,4.482250911,143.390244250,0.593585832,0,96.438797000,97.671249000,79.070976000,241.566150253,8
Branch_053,53,31,2,7,8,40.956230000,41.252876000,57.950741000,4.383182761,147.773427011,0.611730687,0,96.438797000,97.671249000,79.070976000,241.566150253,8
Branch_053,53,32,3,6,1,42.188423000,46.187943000,58.389992000,5.105499714,152.878926725,0.632865683,0,96.438797000,97.671249000,79.070976000,241.566150253,8
Branch_053,53,33,4,5,1,43.203922000,50.765629000,58.406876000,4.689001216,157.567927941,0.652276520,0,96.438797000,97.671249000,79.070976000,241.566150253,8
Branch_053,53,34,4,5,2,44.359421000,55.519661000,58.187195000,4.897372555,162.465300495,0.672549943,0,96.438797000,97.671249000,79.070976000,241.566150253,8
Branch_053,53,35,4,5,3,45.795403000,60.070236000,57.887691000,4.781158832,167.246459328,0.692342280,0,96.438797000,97.671249000,79.070976000,241.566150253,8
Branch_053,53,36,4,5,4,47.645630000,64.272171000,57.623878000,4.598825393,171.845284721,0.711379821,0,96.438797000,97.671249000,79.070976000,241.566150253,8
Branch_053,53,37,4,5,5,51.342567000,69.871460000,57.347439000,6.715340573,178.560625293,0.739179000,0,96.438797000,97.671249000,79.070976000,241.566150253,8
Branch_053,53,38,5,4,1,55.407112000,74.712769000,57.020290000,6.329757133,184.890382426,0.765381997,0,96.438797000,97.671249000,79.070976000,241.566150253,8
Branch_053,53,39,6,46,1,56.602974000,74.981224000,58.792492000,2.154728275,187.045110701,0.774301824,0,96.438797000,97.671249000,79.070976000,241.566150253,8
Branch_053,53,40,6,46,2,57.923401000,75.306297000,60.244251000,1.989171715,189.034282416,0.782536304,0,96.438797000,97.671249000,79.070976000,241.566150253,8
Branch_053,53,41,6,46,3,59.860531000,75.912285000,61.624493000,2.454539075,191.488821491,0.792697244,0,96.438797000,97.671249000,79.070976000,241.566150253,8
Branch_053,53,42,6,46,4,61.937817000,76.701103000,63.321873000,2.796149107,194.284970598,0.804272330,0,96.438797000,97.671249000,79.070976000,241.566150253,8
Branch_053,53,43,6,46,5,63.901939000,77.652855000,65.217926000,2.891128513,197.176099111,0.816240599,0,96.438797000,97.671249000,79.070976000,241.566150253,8
Branch_053,53,44,6,46,6,65.596672000,78.741425000,67.178352000,2.810760518,199.986859629,0.827876171,0,96.438797000,97.671249000,79.070976000,241.566150253,8
Branch_053,53,45,6,46,7,66.992027000,79.936951000,69.070564000,2.637567866,202.624427494,0.838794787,0,96.438797000,97.671249000,79.070976000,241.566150253,8
Branch_053,53,46,6,46,8,68.174423000,81.209892000,70.785965000,2.441524049,205.065951543,0.848901849,0,96.438797000,97.671249000,79.070976000,241.566150253,8
Branch_053,53,47,6,46,9,69.302444000,82.535805000,72.262024000,2.282373070,207.348324613,0.858350081,0,96.438797000,97.671249000,79.070976000,241.566150253,8
Branch_053,53,48,6,46,10,70.543228000,83.899063000,73.497963000,2.219360836,209.567685450,0.867537464,0,96.438797000,97.671249000,79.070976000,241.566150253,8
Branch_053,53,49,6,46,11,72.009842000,85.294182000,74.558098000,2.284994501,211.852679950,0.876996548,0,96.438797000,97.671249000,79.070976000,241.566150253,8
Branch_053,53,50,6,46,12,73.719345000,86.723663000,75.559494000,2.443073962,214.295753912,0.887110026,0,96.438797000,97.671249000,79.070976000,241.566150253,8
Branch_053,53,51,6,46,13,75.583969000,88.192337000,76.644478000,2.609792379,216.905546291,0.897913661,0,96.438797000,97.671249000,79.070976000,241.566150253,8
Branch_053,53,52,6,46,14,77.437103000,89.699379000,77.943260000,2.718844588,219.624390879,0.909168733,0,96.438797000,97.671249000,79.070976000,241.566150253,8
Branch_053,53,53,6,46,15,79.084801000,91.230080000,79.535133000,2.755360938,222.379751817,0.920574971,0,96.438797000,97.671249000,79.070976000,241.566150253,8
Branch_053,53,54,6,46,16,79.715172000,91.978127000,80.462166000,1.347713655,223.727465472,0.926154038,0,96.438797000,97.671249000,79.070976000,241.566150253,8
Branch_053,53,55,7,102,1,81.043961000,92.217728000,80.116814000,1.393684631,225.121150103,0.931923408,1,96.438797000,97.671249000,79.070976000,241.566150253,8
Branch_053,53,56,7,102,2,82.221191000,92.519196000,79.951141000,1.226458711,226.347608814,0.937000522,1,96.438797000,97.671249000,79.070976000,241.566150253,8
Branch_053,53,57,7,102,3,83.564682000,93.067230000,80.066833000,1.455573417,227.803182231,0.943026090,1,96.438797000,97.671249000,79.070976000,241.566150253,8
Branch_053,53,58,7,102,4,85.212524000,93.723595000,80.157288000,1.776057538,229.579239768,0.950378352,1,96.438797000,97.671249000,79.070976000,241.566150253,8
Branch_053,53,59,7,102,5,87.058426000,94.437317000,80.188675000,1.979327772,231.558567541,0.958572082,1,96.438797000,97.671249000,79.070976000,241.566150253,8
Branch_053,53,60,7,102,6,88.987656000,95.157837000,80.138870000,2.059989806,233.618557347,0.967099724,1,96.438797000,97.671249000,79.070976000,241.566150253,8
Branch_053,53,61,7,102,7,90.885399000,95.840012000,80.003464000,2.021169466,235.639726813,0.975466664,1,96.438797000,97.671249000,79.070976000,241.566150253,8
Branch_053,53,62,7,102,8,92.644066000,96.447472000,79.797646000,1.871971773,237.511698585,0.983215978,1,96.438797000,97.671249000,79.070976000,241.566150253,8
Branch_053,53,63,7,102,9,94.168900000,96.953995000,79.553642000,1.625183752,239.136882338,0.989943674,1,96.438797000,97.671249000,79.070976000,241.566150253,8
Branch_053,53,64,7,102,10,95.381798000,97.342949000,79.314240000,1.296040158,240.432922495,0.995308830,1,96.438797000,97.671249000,79.070976000,241.566150253,8
Branch_053,53,65,7,102,11,96.438797000,97.671249000,79.070976000,1.133227757,241.566150253,1.000000000,1,96.438797000,97.671249000,79.070976000,241.566150253,8
Branch_054,54,0,0,9,0,9.155164700,-94.828995000,43.316994000,0.000000000,0.000000000,0.000000000,0,-60.694084000,-4.871627300,4.681515700,227.349258694,7
Branch_054,54,1,0,9,1,8.745691300,-90.524384000,41.931053000,4.540724257,4.540724257,0.019972461,0,-60.694084000,-4.871627300,4.681515700,227.349258694,7
Branch_054,54,2,0,9,2,8.447949400,-85.977066000,40.628029000,4.739685937,9.280410194,0.040820059,0,-60.694084000,-4.871627300,4.681515700,227.349258694,7
Branch_054,54,3,0,9,3,8.306425100,-80.784424000,39.387024000,5.340754018,14.621164212,0.064311466,0,-60.694084000,-4.871627300,4.681515700,227.349258694,7
Branch_054,54,4,0,9,4,8.427463500,-75.420364000,38.457928000,5.445274039,20.066438250,0.088262607,0,-60.694084000,-4.871627300,4.681515700,227.349258694,7
Branch_054,54,5,0,9,5,8.845435100,-70.229225000,37.995411000,5.228436320,25.294874570,0.111259983,0,-60.694084000,-4.871627300,4.681515700,227.349258694,7
Branch_054,54,6,0,9,6,9.507898300,-65.372032000,38.028183000,4.902270427,30.197144997,0.132822711,0,-60.694084000,-4.871627300,4.681515700,227.349258694,7
Branch_054,54,7,0,9,7,10.287036000,-60.827480000,38.464947000,4.631497731,34.828642727,0.153194442,0,-60.694084000,-4.871627300,4.681515700,227.349258694,7
Branch_054,54,8,0,9,8,11.014260000,-56.442604000,39.132923000,4.494683995,39.323326723,0.172964394,0,-60.694084000,-4.871627300,4.681515700,227.349258694,7
Branch_054,54,9,0,9,9,11.527933000,-52.014019000,39.835442000,4.513286829,43.836613551,0.192816171,0,-60.694084000,-4.871627300,4.681515700,227.349258694,7
Branch_054,54,10,0,9,10,11.720328000,-47.372635000,40.409962000,4.680762171,48.517375722,0.213404592,0,-60.694084000,-4.871627300,4.681515700,227.349258694,7
Branch_054,54,11,0,9,11,11.570354000,-42.445747000,40.769272000,4.942248602,53.459624324,0.235143165,0,-60.694084000,-4.871627300,4.681515700,227.349258694,7
Branch_054,54,12,0,9,12,11.152950000,-37.279388000,40.914940000,5.185239684,58.644864008,0.257950540,0,-60.694084000,-4.871627300,4.681515700,227.349258694,7
Branch_054,54,13,0,9,13,10.623031000,-32.017574000,40.921852000,5.288435354,63.933299362,0.281211822,0,-60.694084000,-4.871627300,4.681515700,227.349258694,7
Branch_054,54,14,0,9,14,10.179241000,-26.849152000,40.901917000,5.187478476,69.120777838,0.304029044,0,-60.694084000,-4.871627300,4.681515700,227.349258694,7
Branch_054,54,15,0,9,15,10.018347000,-21.942720000,40.961330000,4.909428862,74.030206700,0.325623260,0,-60.694084000,-4.871627300,4.681515700,227.349258694,7
Branch_054,54,16,0,9,16,10.293105000,-17.392542000,41.166740000,4.563091612,78.593298312,0.345694104,0,-60.694084000,-4.871627300,4.681515700,227.349258694,7
Branch_054,54,17,0,9,17,11.084682000,-13.193231000,41.531292000,4.288788312,82.882086624,0.364558420,0,-60.694084000,-4.871627300,4.681515700,227.349258694,7
Branch_054,54,18,0,9,18,12.395549000,-9.250117300,42.023792000,4.184384566,87.066471190,0.382963515,0,-60.694084000,-4.871627300,4.681515700,227.349258694,7
Branch_054,54,19,0,9,19,13.428562000,-7.010438900,42.358051000,2.488976551,89.555447741,0.393911325,0,-60.694084000,-4.871627300,4.681515700,227.349258694,7
Branch_054,54,20,1,10,1,8.513610800,-3.880808800,41.469315000,5.894165042,95.449612783,0.419836921,0,-60.694084000,-4.871627300,4.681515700,227.349258694,7
Branch_054,54,21,1,10,2,5.700329800,-1.497111100,40.852108000,3.738650718,99.188263500,0.436281447,0,-60.694084000,-4.871627300,4.681515700,227.349258694,7
Branch_054,54,22,1,10,3,3.228861600,1.258957700,40.246117000,3.751172535,102.939436035,0.452781050,0,-60.694084000,-4.871627300,4.681515700,227.349258694,7
Branch_054,54,23,1,10,4,0.224044770,4.499023400,39.624977000,4.462372107,107.401808142,0.472408878,0,-60.694084000,-4.871627300,4.681515700,227.349258694,7
Branch_054,54,24,1,10,5,-3.124296900,7.948573600,39.092415000,4.836776903,112.238585045,0.493683532,0,-60.694084000,-4.871627300,4.681515700,227.349258694,7
Branch_054,54,25,1,10,6,-6.637706300,11.364470000,38.724075000,4.914068394,117.152653439,0.515298155,0,-60.694084000,-4.871627300,4.681515700,227.349258694,7
Branch_054,54,26,1,10,7,-10.168994000,14.571689000,38.552483000,4.773435906,121.926089345,0.536294202,0,-60.694084000,-4.871627300,4.681515700,227.349258694,7
Branch_054,54,27,1,10,8,-13.613175000,17.485661000,38.562916000,4.511510216,126.437599561,0.556138165,0,-60.694084000,-4.871627300,4.681515700,227.349258694,7
Branch_054,54,28,1,10,9,-16.908464000,20.116638000,38.700928000,4.219006622,130.656606183,0.574695545,0,-60.694084000,-4.871627300,4.681515700,227.349258694,7
Branch_054,54,29,1,10,10,-20.028803000,22.556101000,38.889393000,3.965225625,134.621831808,0.592136665,0,-60.694084000,-4.871627300,4.681515700,227.349258694,7
Branch_054,54,30,1,10,11,-22.971312000,24.948771000,39.050686000,3.795951050,138.417782859,0.608833227,0,-60.694084000,-4.871627300,4.681515700,227.349258694,7
Branch_054,54,31,1,10,12,-25.743008000,27.456394000,39.128395000,3.738517155,142.156300013,0.625277165,0,-60.694084000,-4.871627300,4.681515700,227.349258694,7
Branch_054,54,32,1,10,13,-28.350756000,30.220842000,39.103210000,3.800415327,145.956715341,0.641993364,0,-60.694084000,-4.871627300,4.681515700,227.349258694,7
Branch_054,54,33,1,10,14,-31.678991000,34.678879000,38.953018000,5.565411013,151.522126354,0.666472929,0,-60.694084000,-4.871627300,4.681515700,227.349258694,7
Branch_054,54,34,2,22,1,-33.540119000,32.828140000,39.465443000,2.674249738,154.196376091,0.678235667,0,-60.694084000,-4.871627300,4.681515700,227.349258694,7
Branch_054,54,35,2,22,2,-34.860867000,31.102398000,40.012878000,2.241036771,156.437412862,0.688092909,0,-60.694084000,-4.871627300,4.681515700,227.349258694,7
Branch_054,54,36,2,22,3,-36.322609000,28.840321000,40.706116000,2.781053928,159.218466791,0.700325428,0,-60.694084000,-4.871627300,4.681515700,227.349258694,7
Branch_054,54,37,2,22,4,-38.073528000,26.209150000,41.376247000,3.230766741,162.449233532,0.714536016,0,-60.694084000,-4.871627300,4.681515700,227.349258694,7
Branch_054,54,38,2,22,5,-39.973618000,23.443958000,41.869690000,3.391181918,165.840415449,0.729452194,0,-60.694084000,-4.871627300,4.681515700,227.349258694,7
Branch_054,54,39,2,22,6,-41.880322000,20.744228000,42.058407000,3.310540186,169.150955635,0.744013667,0,-60.694084000,-4.871627300,4.681515700,227.349258694,7
Branch_054,54,40,2,22,7,-43.663528000,18.242468000,41.861221000,3.078556326,172.229511962,0.757554755,0,-60.694084000,-4.871627300,4.681515700,227.349258694,7
Branch_054,54,41,3,23,1,-45.218269000,15.988478000,41.254684000,2.804563715,175.034075676,0.769890681,0,-60.694084000,-4.871627300,4.681515700,227.349258694,7
Branch_054,54,42,3,23,2,-46.473606000,13.951802000,40.271839000,2.586484952,177.620560628,0.781267384,0,-60.694084000,-4.871627300,4.681515700,227.349258694,7
Branch_054,54,43,3,23,3,-47.396786000,12.040812000,38.990082000,2.479323517,180.099884145,0.792172735,0,-60.694084000,-4.871627300,4.681515700,227.349258694,7
Branch_054,54,44,3,23,4,-47.936047000,10.275660000,37.621986000,2.297444379,182.397328524,0.802278088,0,-60.694084000,-4.871627300,4.681515700,227.349258694,7
Branch_054,54,45,4,24,1,-48.297630000,8.110427900,35.941898000,2.764356706,185.161685230,0.814437163,0,-60.694084000,-4.871627300,4.681515700,227.349258694,7
Branch_054,54,46,4,24,2,-48.372631000,5.887855100,34.370441000,2.723037294,187.884722524,0.826414494,0,-60.694084000,-4.871627300,4.681515700,227.349258694,7
Branch_054,54,47,4,24,3,-48.290897000,3.434089200,32.859783000,2.882661120,190.767383644,0.839093933,0,-60.694084000,-4.871627300,4.681515700,227.349258694,7
Branch_054,54,48,4,24,4,-48.127777000,0.775396880,31.443312000,3.016892951,193.784276595,0.852363794,0,-60.694084000,-4.871627300,4.681515700,227.349258694,7
Branch_054,54,49,4,24,5,-47.984459000,-1.483309300,30.382214000,2.499644499,196.283921095,0.863358527,0,-60.694084000,-4.871627300,4.681515700,227.349258694,7
Branch_054,54,50,5,66,1,-48.072002000,-1.110161300,28.405504000,2.013525672,198.297446766,0.872215058,0,-60.694084000,-4.871627300,4.681515700,227.349258694,7
Branch_054,54,51,5,66,2,-48.277550000,-1.050697800,26.642183000,1.776256411,200.073703177,0.880027955,0,-60.694084000,-4.871627300,4.681515700,227.349258694,7
Branch_054,54,52,5,66,3,-48.523506000,-1.267764000,24.507410000,2.159830514,202.233533692,0.889528010,0,-60.694084000,-4.871627300,4.681515700,227.349258694,7
Branch_054,54,53,5,66,4,-48.629337000,-1.651038500,22.201273000,2.340163970,204.573697661,0.899821265,0,-60.694084000,-4.871627300,4.681515700,227.349258694,7
Branch_054,54,54,5,66,5,-48.565750000,-1.950182000,21.028889000,1.211616434,205.785314096,0.905150583,0,-60.694084000,-4.871627300,4.681515700,227.349258694,7
Branch_054,54,55,6,103,1,-49.764122000,-2.089871200,20.385868000,1.367144663,207.152458759,0.911163995,1,-60.694084000,-4.871627300,4.681515700,227.349258694,7
Branch_054,54,56,6,103,2,-50.817448000,-2.055931100,19.504328000,1.373957919,208.526416678,0.917207375,1,-60.694084000,-4.871627300,4.681515700,227.349258694,7
Branch_054,54,57,6,103,3,-52.105461000,-1.946750000,18.261681000,1.793061507,210.319478185,0.925094189,1,-60.694084000,-4.871627300,4.681515700,227.349258694,7
Branch_054,54,58,6,103,4,-53.532047000,-1.909879200,16.979845000,1.918231113,212.237709298,0.933531565,1,-60.694084000,-4.871627300,4.681515700,227.349258694,7
Branch_054,54,59,6,103,5,-54.940414000,-1.992783200,15.795128000,1.842260853,214.079970151,0.941634784,1,-60.694084000,-4.871627300,4.681515700,227.349258694,7
Branch_054,54,60,6,103,6,-56.215767000,-2.215824100,14.735040000,1.673337708,215.753307859,0.948994992,1,-60.694084000,-4.871627300,4.681515700,227.349258694,7
Branch_054,54,61,6,103,7,-57.299522000,-2.567224000,13.721282000,1.525028548,217.278336407,0.955702858,1,-60.694084000,-4.871627300,4.681515700,227.349258694,7
Branch_054,54,62,6,103,8,-58.185402000,-3.007758900,12.617333000,1.482416192,218.760752599,0.962223294,1,-60.694084000,-4.871627300,4.681515700,227.349258694,7
Branch_054,54,63,6,103,9,-58.901356000,-3.482791900,11.302269000,1.570872307,220.331624906,0.969132806,1,-60.694084000,-4.871627300,4.681515700,227.349258694,7
Branch_054,54,64,6,103,10,-59.485523000,-3.936973600,9.741879500,1.726947449,222.058572355,0.976728816,1,-60.694084000,-4.871627300,4.681515700,227.349258694,7
Branch_054,54,65,6,103,11,-59.965614000,-4.326468900,8.028629300,1.821378655,223.879951010,0.984740185,1,-60.694084000,-4.871627300,4.681515700,227.349258694,7
Branch_054,54,66,6,103,12,-60.348503000,-4.625019600,6.373423600,1.724947076,225.604898087,0.992327397,1,-60.694084000,-4.871627300,4.681515700,227.349258694,7
Branch_054,54,67,6,103,13,-60.694084000,-4.871627300,4.681515700,1.744360607,227.349258694,1.000000000,1,-60.694084000,-4.871627300,4.681515700,227.349258694,7
Branch_055,55,0,0,9,0,9.155164700,-94.828995000,43.316994000,0.000000000,0.000000000,0.000000000,0,83.526482000,-15.559987000,72.920326000,193.779545742,7
Branch_055,55,1,0,9,1,8.745691300,-90.524384000,41.931053000,4.540724257,4.540724257,0.023432423,0,83.526482000,-15.559987000,72.920326000,193.779545742,7
Branch_055,55,2,0,9,2,8.447949400,-85.977066000,40.628029000,4.739685937,9.280410194,0.047891588,0,83.526482000,-15.559987000,72.920326000,193.779545742,7
Branch_055,55,3,0,9,3,8.306425100,-80.784424000,39.387024000,5.340754018,14.621164212,0.075452567,0,83.526482000,-15.559987000,72.920326000,193.779545742,7
Branch_055,55,4,0,9,4,8.427463500,-75.420364000,38.457928000,5.445274039,20.066438250,0.103552922,0,83.526482000,-15.559987000,72.920326000,193.779545742,7
Branch_055,55,5,0,9,5,8.845435100,-70.229225000,37.995411000,5.228436320,25.294874570,0.130534286,0,83.526482000,-15.559987000,72.920326000,193.779545742,7
Branch_055,55,6,0,9,6,9.507898300,-65.372032000,38.028183000,4.902270427,30.197144997,0.155832469,0,83.526482000,-15.559987000,72.920326000,193.779545742,7
Branch_055,55,7,0,9,7,10.287036000,-60.827480000,38.464947000,4.631497731,34.828642727,0.179733328,0,83.526482000,-15.559987000,72.920326000,193.779545742,7
Branch_055,55,8,0,9,8,11.014260000,-56.442604000,39.132923000,4.494683995,39.323326723,0.202928160,0,83.526482000,-15.559987000,72.920326000,193.779545742,7
Branch_055,55,9,0,9,9,11.527933000,-52.014019000,39.835442000,4.513286829,43.836613551,0.226218992,0,83.526482000,-15.559987000,72.920326000,193.779545742,7
Branch_055,55,10,0,9,10,11.720328000,-47.372635000,40.409962000,4.680762171,48.517375722,0.250374081,0,83.526482000,-15.559987000,72.920326000,193.779545742,7
Branch_055,55,11,0,9,11,11.570354000,-42.445747000,40.769272000,4.942248602,53.459624324,0.275878572,0,83.526482000,-15.559987000,72.920326000,193.779545742,7
Branch_055,55,12,0,9,12,11.152950000,-37.279388000,40.914940000,5.185239684,58.644864008,0.302637019,0,83.526482000,-15.559987000,72.920326000,193.779545742,7
Branch_055,55,13,0,9,13,10.623031000,-32.017574000,40.921852000,5.288435354,63.933299362,0.329928007,0,83.526482000,-15.559987000,72.920326000,193.779545742,7
Branch_055,55,14,0,9,14,10.179241000,-26.849152000,40.901917000,5.187478476,69.120777838,0.356698007,0,83.526482000,-15.559987000,72.920326000,193.779545742,7
Branch_055,55,15,0,9,15,10.018347000,-21.942720000,40.961330000,4.909428862,74.030206700,0.382033132,0,83.526482000,-15.559987000,72.920326000,193.779545742,7
Branch_055,55,16,0,9,16,10.293105000,-17.392542000,41.166740000,4.563091612,78.593298312,0.405580981,0,83.526482000,-15.559987000,72.920326000,193.779545742,7
Branch_055,55,17,0,9,17,11.084682000,-13.193231000,41.531292000,4.288788312,82.882086624,0.427713288,0,83.526482000,-15.559987000,72.920326000,193.779545742,7
Branch_055,55,18,0,9,18,12.395549000,-9.250117300,42.023792000,4.184384566,87.066471190,0.449306819,0,83.526482000,-15.559987000,72.920326000,193.779545742,7
Branch_055,55,19,0,9,19,13.428562000,-7.010438900,42.358051000,2.488976551,89.555447741,0.462151190,0,83.526482000,-15.559987000,72.920326000,193.779545742,7
Branch_055,55,20,1,8,1,16.282339000,-1.562926900,43.212620000,6.208841948,95.764289689,0.494191940,0,83.526482000,-15.559987000,72.920326000,193.779545742,7
Branch_055,55,21,1,8,2,18.643381000,2.404393400,43.881081000,4.664867608,100.429157296,0.518265005,0,83.526482000,-15.559987000,72.920326000,193.779545742,7
Branch_055,55,22,1,8,3,21.147991000,6.488432400,44.652599000,4.852595783,105.281753079,0.543306842,0,83.526482000,-15.559987000,72.920326000,193.779545742,7
Branch_055,55,23,1,8,4,24.223534000,11.405412000,45.843182000,5.920569315,111.202322394,0.573859960,0,83.526482000,-15.559987000,72.920326000,193.779545742,7
Branch_055,55,24,2,21,1,27.690271000,9.568561600,45.976391000,3.925561037,115.127883431,0.594117831,0,83.526482000,-15.559987000,72.920326000,193.779545742,7
Branch_055,55,25,2,21,2,30.500639000,8.436563500,45.614300000,3.051343620,118.179227051,0.609864300,0,83.526482000,-15.559987000,72.920326000,193.779545742,7
Branch_055,55,26,2,21,3,33.836395000,7.302638100,44.907448000,3.593423807,121.772650857,0.628408176,0,83.526482000,-15.559987000,72.920326000,193.779545742,7
Branch_055,55,27,2,21,4,37.648449000,5.861568000,44.297165000,4.120786827,125.893437684,0.649673510,0,83.526482000,-15.559987000,72.920326000,193.779545742,7
Branch_055,55,28,2,21,5,41.557293000,4.180810000,43.965683000,4.267773329,130.161211013,0.671697369,0,83.526482000,-15.559987000,72.920326000,193.779545742,7
Branch_055,55,29,2,21,6,45.247955000,2.346591900,44.046879000,4.122127464,134.283338477,0.692969622,0,83.526482000,-15.559987000,72.920326000,193.779545742,7
Branch_055,55,30,2,21,7,48.516773000,0.457833470,44.605518000,3.816366997,138.099705474,0.712663996,0,83.526482000,-15.559987000,72.920326000,193.779545742,7
Branch_055,55,31,2,21,8,51.288979000,-1.384460900,45.637222000,3.484765099,141.584470573,0.730647138,0,83.526482000,-15.559987000,72.920326000,193.779545742,7
Branch_055,55,32,2,21,9,53.190578000,-2.784993900,46.827793000,2.644812044,144.229282617,0.744295700,0,83.526482000,-15.559987000,72.920326000,193.779545742,7
Branch_055,55,33,3,20,1,55.586220000,-4.596087500,48.883541000,3.639403860,147.868686477,0.763076856,0,83.526482000,-15.559987000,72.920326000,193.779545742,7
Branch_055,55,34,3,20,2,57.378574000,-5.870704200,50.964619000,3.027881476,150.896567954,0.778702248,0,83.526482000,-15.559987000,72.920326000,193.779545742,7
Branch_055,55,35,3,20,3,59.110535000,-6.922920200,53.305656000,3.096336812,153.992904765,0.794680905,0,83.526482000,-15.559987000,72.920326000,193.779545742,7
Branch_055,55,36,3,20,4,61.685532000,-8.151027700,57.298828000,4.907573759,158.900478525,0.820006456,0,83.526482000,-15.559987000,72.920326000,193.779545742,7
Branch_055,55,37,4,19,1,62.618176000,-8.550990100,58.847027000,1.851138811,160.751617335,0.829559264,0,83.526482000,-15.559987000,72.920326000,193.779545742,7
Branch_055,55,38,4,19,2,63.963196000,-9.102930100,61.391586000,2.930613770,163.682231105,0.844682706,0,83.526482000,-15.559987000,72.920326000,193.779545742,7
Branch_055,55,39,5,18,1,65.948616000,-9.976252600,65.706612000,4.829496262,168.511727367,0.869605338,0,83.526482000,-15.559987000,72.920326000,193.779545742,7
Branch_055,55,40,5,18,2,67.338921000,-10.727242000,69.531403000,4.138352240,172.650079608,0.890961319,0,83.526482000,-15.559987000,72.920326000,193.779545742,7
Branch_055,55,41,5,18,3,68.356697000,-11.435657000,73.069717000,3.749318039,176.399397647,0.910309687,0,83.526482000,-15.559987000,72.920326000,193.779545742,7
Branch_055,55,42,6,104,1,70.284622000,-11.432447000,72.430855000,2.031021852,178.430419499,0.920790782,1,83.526482000,-15.559987000,72.920326000,193.779545742,7
Branch_055,55,43,6,104,2,71.721474000,-11.107854000,71.990341000,1.537516462,179.967935961,0.928725141,1,83.526482000,-15.559987000,72.920326000,193.779545742,7
Branch_055,55,44,6,104,3,73.626953000,-10.855494000,71.519974000,1.978833218,181.946769179,0.938936917,1,83.526482000,-15.559987000,72.920326000,193.779545742,7
Branch_055,55,45,6,104,4,75.761063000,-10.863126000,71.178650000,2.161246356,184.108015535,0.950090036,1,83.526482000,-15.559987000,72.920326000,193.779545742,7
Branch_055,55,46,6,104,5,77.885536000,-11.257877000,71.086273000,2.162810068,186.270825603,0.961251224,1,83.526482000,-15.559987000,72.920326000,193.779545742,7
Branch_055,55,47,6,104,6,79.803879000,-12.055391000,71.284698000,2.086969316,188.357794919,0.972021037,1,83.526482000,-15.559987000,72.920326000,193.779545742,7
Branch_055,55,48,6,104,7,81.385063000,-13.143435000,71.723480000,1.968886038,190.326680957,0.982181480,1,83.526482000,-15.559987000,72.920326000,193.779545742,7
Branch_055,55,49,6,104,8,82.566353000,-14.306116000,72.274826000,1.746784355,192.073465313,0.991195766,1,83.526482000,-15.559987000,72.920326000,193.779545742,7
Branch_055,55,50,6,104,9,83.526482000,-15.559987000,72.920326000,1.706080429,193.779545742,1.000000000,1,83.526482000,-15.559987000,72.920326000,193.779545742,7
Branch_056,56,0,0,9,0,9.155164700,-94.828995000,43.316994000,0.000000000,0.000000000,0.000000000,0,81.050262000,-4.268640000,58.574104000,182.962125219,6
Branch_056,56,1,0,9,1,8.745691300,-90.524384000,41.931053000,4.540724257,4.540724257,0.024817837,0,81.050262000,-4.268640000,58.574104000,182.962125219,6
Branch_056,56,2,0,9,2,8.447949400,-85.977066000,40.628029000,4.739685937,9.280410194,0.050723122,0,81.050262000,-4.268640000,58.574104000,182.962125219,6
Branch_056,56,3,0,9,3,8.306425100,-80.784424000,39.387024000,5.340754018,14.621164212,0.079913612,0,81.050262000,-4.268640000,58.574104000,182.962125219,6
Branch_056,56,4,0,9,4,8.427463500,-75.420364000,38.457928000,5.445274039,20.066438250,0.109675367,0,81.050262000,-4.268640000,58.574104000,182.962125219,6
Branch_056,56,5,0,9,5,8.845435100,-70.229225000,37.995411000,5.228436320,25.294874570,0.138251972,0,81.050262000,-4.268640000,58.574104000,182.962125219,6
Branch_056,56,6,0,9,6,9.507898300,-65.372032000,38.028183000,4.902270427,30.197144997,0.165045880,0,81.050262000,-4.268640000,58.574104000,182.962125219,6
Branch_056,56,7,0,9,7,10.287036000,-60.827480000,38.464947000,4.631497731,34.828642727,0.190359850,0,81.050262000,-4.268640000,58.574104000,182.962125219,6
Branch_056,56,8,0,9,8,11.014260000,-56.442604000,39.132923000,4.494683995,39.323326723,0.214926049,0,81.050262000,-4.268640000,58.574104000,182.962125219,6
Branch_056,56,9,0,9,9,11.527933000,-52.014019000,39.835442000,4.513286829,43.836613551,0.239593924,0,81.050262000,-4.268640000,58.574104000,182.962125219,6
Branch_056,56,10,0,9,10,11.720328000,-47.372635000,40.409962000,4.680762171,48.517375722,0.265177154,0,81.050262000,-4.268640000,58.574104000,182.962125219,6
Branch_056,56,11,0,9,11,11.570354000,-42.445747000,40.769272000,4.942248602,53.459624324,0.292189568,0,81.050262000,-4.268640000,58.574104000,182.962125219,6
Branch_056,56,12,0,9,12,11.152950000,-37.279388000,40.914940000,5.185239684,58.644864008,0.320530077,0,81.050262000,-4.268640000,58.574104000,182.962125219,6
Branch_056,56,13,0,9,13,10.623031000,-32.017574000,40.921852000,5.288435354,63.933299362,0.349434613,0,81.050262000,-4.268640000,58.574104000,182.962125219,6
Branch_056,56,14,0,9,14,10.179241000,-26.849152000,40.901917000,5.187478476,69.120777838,0.377787358,0,81.050262000,-4.268640000,58.574104000,182.962125219,6
Branch_056,56,15,0,9,15,10.018347000,-21.942720000,40.961330000,4.909428862,74.030206700,0.404620391,0,81.050262000,-4.268640000,58.574104000,182.962125219,6
Branch_056,56,16,0,9,16,10.293105000,-17.392542000,41.166740000,4.563091612,78.593298312,0.429560480,0,81.050262000,-4.268640000,58.574104000,182.962125219,6
Branch_056,56,17,0,9,17,11.084682000,-13.193231000,41.531292000,4.288788312,82.882086624,0.453001333,0,81.050262000,-4.268640000,58.574104000,182.962125219,6
Branch_056,56,18,0,9,18,12.395549000,-9.250117300,42.023792000,4.184384566,87.066471190,0.475871556,0,81.050262000,-4.268640000,58.574104000,182.962125219,6
Branch_056,56,19,0,9,19,13.428562000,-7.010438900,42.358051000,2.488976551,89.555447741,0.489475336,0,81.050262000,-4.268640000,58.574104000,182.962125219,6
Branch_056,56,20,1,8,1,16.282339000,-1.562926900,43.212620000,6.208841948,95.764289689,0.523410458,0,81.050262000,-4.268640000,58.574104000,182.962125219,6
Branch_056,56,21,1,8,2,18.643381000,2.404393400,43.881081000,4.664867608,100.429157296,0.548906814,0,81.050262000,-4.268640000,58.574104000,182.962125219,6
Branch_056,56,22,1,8,3,21.147991000,6.488432400,44.652599000,4.852595783,105.281753079,0.575429220,0,81.050262000,-4.268640000,58.574104000,182.962125219,6
Branch_056,56,23,1,8,4,24.223534000,11.405412000,45.843182000,5.920569315,111.202322394,0.607788756,0,81.050262000,-4.268640000,58.574104000,182.962125219,6
Branch_056,56,24,2,21,1,27.690271000,9.568561600,45.976391000,3.925561037,115.127883431,0.629244349,0,81.050262000,-4.268640000,58.574104000,182.962125219,6
Branch_056,56,25,2,21,2,30.500639000,8.436563500,45.614300000,3.051343620,118.179227051,0.645921810,0,81.050262000,-4.268640000,58.574104000,182.962125219,6
Branch_056,56,26,2,21,3,33.836395000,7.302638100,44.907448000,3.593423807,121.772650857,0.665562070,0,81.050262000,-4.268640000,58.574104000,182.962125219,6
Branch_056,56,27,2,21,4,37.648449000,5.861568000,44.297165000,4.120786827,125.893437684,0.688084693,0,81.050262000,-4.268640000,58.574104000,182.962125219,6
Branch_056,56,28,2,21,5,41.557293000,4.180810000,43.965683000,4.267773329,130.161211013,0.711410686,0,81.050262000,-4.268640000,58.574104000,182.962125219,6
Branch_056,56,29,2,21,6,45.247955000,2.346591900,44.046879000,4.122127464,134.283338477,0.733940636,0,81.050262000,-4.268640000,58.574104000,182.962125219,6
Branch_056,56,30,2,21,7,48.516773000,0.457833470,44.605518000,3.816366997,138.099705474,0.754799417,0,81.050262000,-4.268640000,58.574104000,182.962125219,6
Branch_056,56,31,2,21,8,51.288979000,-1.384460900,45.637222000,3.484765099,141.584470573,0.773845791,0,81.050262000,-4.268640000,58.574104000,182.962125219,6
Branch_056,56,32,2,21,9,53.190578000,-2.784993900,46.827793000,2.644812044,144.229282617,0.788301308,0,81.050262000,-4.268640000,58.574104000,182.962125219,6
Branch_056,56,33,3,20,1,55.586220000,-4.596087500,48.883541000,3.639403860,147.868686477,0.808192878,0,81.050262000,-4.268640000,58.574104000,182.962125219,6
Branch_056,56,34,3,20,2,57.378574000,-5.870704200,50.964619000,3.027881476,150.896567954,0.824742103,0,81.050262000,-4.268640000,58.574104000,182.962125219,6
Branch_056,56,35,3,20,3,59.110535000,-6.922920200,53.305656000,3.096336812,153.992904765,0.841665479,0,81.050262000,-4.268640000,58.574104000,182.962125219,6
Branch_056,56,36,3,20,4,61.685532000,-8.151027700,57.298828000,4.907573759,158.900478525,0.868488373,0,81.050262000,-4.268640000,58.574104000,182.962125219,6
Branch_056,56,37,4,19,1,62.618176000,-8.550990100,58.847027000,1.851138811,160.751617335,0.878605980,0,81.050262000,-4.268640000,58.574104000,182.962125219,6
Branch_056,56,38,4,19,2,63.963196000,-9.102930100,61.391586000,2.930613770,163.682231105,0.894623578,0,81.050262000,-4.268640000,58.574104000,182.962125219,6
Branch_056,56,39,5,105,1,65.578148000,-8.828051600,60.473656000,1.877824176,165.560055281,0.904887036,1,81.050262000,-4.268640000,58.574104000,182.962125219,6
Branch_056,56,40,5,105,2,66.304070000,-8.639026600,59.919636000,0.932540273,166.492595555,0.909983940,1,81.050262000,-4.268640000,58.574104000,182.962125219,6
Branch_056,56,41,5,105,3,67.346245000,-8.363820100,59.195805000,1.298383096,167.790978651,0.917080398,1,81.050262000,-4.268640000,58.574104000,182.962125219,6
Branch_056,56,42,5,105,4,68.652245000,-8.012419700,58.410591000,1.563866768,169.354845419,0.925627887,1,81.050262000,-4.268640000,58.574104000,182.962125219,6
Branch_056,56,43,5,105,5,70.157814000,-7.598048700,57.678627000,1.724590571,171.079435989,0.935053830,1,81.050262000,-4.268640000,58.574104000,182.962125219,6
Branch_056,56,44,5,105,6,71.790878000,-7.136957200,57.101826000,1.792261921,172.871697910,0.944849639,1,81.050262000,-4.268640000,58.574104000,182.962125219,6
Branch_056,56,45,5,105,7,73.475830000,-6.648036500,56.752865000,1.788820973,174.660518883,0.954626640,1,81.050262000,-4.268640000,58.574104000,182.962125219,6
Branch_056,56,46,5,105,8,75.137512000,-6.152208300,56.663784000,1.736366349,176.396885232,0.964116945,1,81.050262000,-4.268640000,58.574104000,182.962125219,6
Branch_056,56,47,5,105,9,76.704811000,-5.671588900,56.821686000,1.646922647,178.043807879,0.973118385,1,81.050262000,-4.268640000,58.574104000,182.962125219,6
Branch_056,56,48,5,105,10,78.113472000,-5.228445100,57.172203000,1.517749784,179.561557663,0.981413817,1,81.050262000,-4.268640000,58.574104000,182.962125219,6
Branch_056,56,49,5,105,11,79.308197000,-4.844003700,57.630093000,1.335973902,180.897531565,0.988715732,1,81.050262000,-4.268640000,58.574104000,182.962125219,6
Branch_056,56,50,5,105,12,80.243958000,-4.537200500,58.095028000,1.089009370,181.986540935,0.994667835,1,81.050262000,-4.268640000,58.574104000,182.962125219,6
Branch_056,56,51,5,105,13,81.050262000,-4.268640000,58.574104000,0.975584285,182.962125219,1.000000000,1,81.050262000,-4.268640000,58.574104000,182.962125219,6
Branch_057,57,0,0,9,0,9.155164700,-94.828995000,43.316994000,0.000000000,0.000000000,0.000000000,0,64.914330000,-30.714474000,69.453896000,191.079128310,6
Branch_057,57,1,0,9,1,8.745691300,-90.524384000,41.931053000,4.540724257,4.540724257,0.023763581,0,64.914330000,-30.714474000,69.453896000,191.079128310,6
Branch_057,57,2,0,9,2,8.447949400,-85.977066000,40.628029000,4.739685937,9.280410194,0.048568414,0,64.914330000,-30.714474000,69.453896000,191.079128310,6
Branch_057,57,3,0,9,3,8.306425100,-80.784424000,39.387024000,5.340754018,14.621164212,0.076518897,0,64.914330000,-30.714474000,69.453896000,191.079128310,6
Branch_057,57,4,0,9,4,8.427463500,-75.420364000,38.457928000,5.445274039,20.066438250,0.105016379,0,64.914330000,-30.714474000,69.453896000,191.079128310,6
Branch_057,57,5,0,9,5,8.845435100,-70.229225000,37.995411000,5.228436320,25.294874570,0.132379056,0,64.914330000,-30.714474000,69.453896000,191.079128310,6
Branch_057,57,6,0,9,6,9.507898300,-65.372032000,38.028183000,4.902270427,30.197144997,0.158034764,0,64.914330000,-30.714474000,69.453896000,191.079128310,6
Branch_057,57,7,0,9,7,10.287036000,-60.827480000,38.464947000,4.631497731,34.828642727,0.182273402,0,64.914330000,-30.714474000,69.453896000,191.079128310,6
Branch_057,57,8,0,9,8,11.014260000,-56.442604000,39.132923000,4.494683995,39.323326723,0.205796034,0,64.914330000,-30.714474000,69.453896000,191.079128310,6
Branch_057,57,9,0,9,9,11.527933000,-52.014019000,39.835442000,4.513286829,43.836613551,0.229416022,0,64.914330000,-30.714474000,69.453896000,191.079128310,6
Branch_057,57,10,0,9,10,11.720328000,-47.372635000,40.409962000,4.680762171,48.517375722,0.253912482,0,64.914330000,-30.714474000,69.453896000,191.079128310,6
Branch_057,57,11,0,9,11,11.570354000,-42.445747000,40.769272000,4.942248602,53.459624324,0.279777414,0,64.914330000,-30.714474000,69.453896000,191.079128310,6
Branch_057,57,12,0,9,12,11.152950000,-37.279388000,40.914940000,5.185239684,58.644864008,0.306914023,0,64.914330000,-30.714474000,69.453896000,191.079128310,6
Branch_057,57,13,0,9,13,10.623031000,-32.017574000,40.921852000,5.288435354,63.933299362,0.334590700,0,64.914330000,-30.714474000,69.453896000,191.079128310,6
Branch_057,57,14,0,9,14,10.179241000,-26.849152000,40.901917000,5.187478476,69.120777838,0.361739026,0,64.914330000,-30.714474000,69.453896000,191.079128310,6
Branch_057,57,15,0,9,15,10.018347000,-21.942720000,40.961330000,4.909428862,74.030206700,0.387432198,0,64.914330000,-30.714474000,69.453896000,191.079128310,6
Branch_057,57,16,0,9,16,10.293105000,-17.392542000,41.166740000,4.563091612,78.593298312,0.411312837,0,64.914330000,-30.714474000,69.453896000,191.079128310,6
Branch_057,57,17,0,9,17,11.084682000,-13.193231000,41.531292000,4.288788312,82.882086624,0.433757927,0,64.914330000,-30.714474000,69.453896000,191.079128310,6
Branch_057,57,18,0,9,18,12.395549000,-9.250117300,42.023792000,4.184384566,87.066471190,0.455656627,0,64.914330000,-30.714474000,69.453896000,191.079128310,6
Branch_057,57,19,0,9,19,13.428562000,-7.010438900,42.358051000,2.488976551,89.555447741,0.468682522,0,64.914330000,-30.714474000,69.453896000,191.079128310,6
Branch_057,57,20,1,8,1,16.282339000,-1.562926900,43.212620000,6.208841948,95.764289689,0.501176086,0,64.914330000,-30.714474000,69.453896000,191.079128310,6
Branch_057,57,21,1,8,2,18.643381000,2.404393400,43.881081000,4.664867608,100.429157296,0.525589363,0,64.914330000,-30.714474000,69.453896000,191.079128310,6
Branch_057,57,22,1,8,3,21.147991000,6.488432400,44.652599000,4.852595783,105.281753079,0.550985102,0,64.914330000,-30.714474000,69.453896000,191.079128310,6
Branch_057,57,23,1,8,4,24.223534000,11.405412000,45.843182000,5.920569315,111.202322394,0.581970011,0,64.914330000,-30.714474000,69.453896000,191.079128310,6
Branch_057,57,24,2,21,1,27.690271000,9.568561600,45.976391000,3.925561037,115.127883431,0.602514175,0,64.914330000,-30.714474000,69.453896000,191.079128310,6
Branch_057,57,25,2,21,2,30.500639000,8.436563500,45.614300000,3.051343620,118.179227051,0.618483181,0,64.914330000,-30.714474000,69.453896000,191.079128310,6
Branch_057,57,26,2,21,3,33.836395000,7.302638100,44.907448000,3.593423807,121.772650857,0.637289127,0,64.914330000,-30.714474000,69.453896000,191.079128310,6
Branch_057,57,27,2,21,4,37.648449000,5.861568000,44.297165000,4.120786827,125.893437684,0.658854993,0,64.914330000,-30.714474000,69.453896000,191.079128310,6
Branch_057,57,28,2,21,5,41.557293000,4.180810000,43.965683000,4.267773329,130.161211013,0.681190103,0,64.914330000,-30.714474000,69.453896000,191.079128310,6
Branch_057,57,29,2,21,6,45.247955000,2.346591900,44.046879000,4.122127464,134.283338477,0.702762984,0,64.914330000,-30.714474000,69.453896000,191.079128310,6
Branch_057,57,30,2,21,7,48.516773000,0.457833470,44.605518000,3.816366997,138.099705474,0.722735689,0,64.914330000,-30.714474000,69.453896000,191.079128310,6
Branch_057,57,31,2,21,8,51.288979000,-1.384460900,45.637222000,3.484765099,141.584470573,0.740972977,0,64.914330000,-30.714474000,69.453896000,191.079128310,6
Branch_057,57,32,2,21,9,53.190578000,-2.784993900,46.827793000,2.644812044,144.229282617,0.754814426,0,64.914330000,-30.714474000,69.453896000,191.079128310,6
Branch_057,57,33,3,20,1,55.586220000,-4.596087500,48.883541000,3.639403860,147.868686477,0.773861006,0,64.914330000,-30.714474000,69.453896000,191.079128310,6
Branch_057,57,34,3,20,2,57.378574000,-5.870704200,50.964619000,3.027881476,150.896567954,0.789707224,0,64.914330000,-30.714474000,69.453896000,191.079128310,6
Branch_057,57,35,3,20,3,59.110535000,-6.922920200,53.305656000,3.096336812,153.992904765,0.805911698,0,64.914330000,-30.714474000,69.453896000,191.079128310,6
Branch_057,57,36,3,20,4,61.685532000,-8.151027700,57.298828000,4.907573759,158.900478525,0.831595161,0,64.914330000,-30.714474000,69.453896000,191.079128310,6
Branch_057,57,37,4,48,1,61.562588000,-10.440657000,57.101917000,2.301367311,161.201845836,0.843639215,0,64.914330000,-30.714474000,69.453896000,191.079128310,6
Branch_057,57,38,4,48,2,61.705193000,-12.008467000,57.041222000,1.575451765,162.777297601,0.851884238,0,64.914330000,-30.714474000,69.453896000,191.079128310,6
Branch_057,57,39,4,48,3,62.052563000,-13.689122000,57.018829000,1.716324151,164.493621752,0.860866507,0,64.914330000,-30.714474000,69.453896000,191.079128310,6
Branch_057,57,40,4,48,4,62.408543000,-15.709700000,56.935108000,2.053403618,166.547025371,0.871612859,0,64.914330000,-30.714474000,69.453896000,191.079128310,6
Branch_057,57,41,4,48,5,62.710716000,-17.924007000,56.760418000,2.241646852,168.788672223,0.883344370,0,64.914330000,-30.714474000,69.453896000,191.079128310,6
Branch_057,57,42,4,48,6,62.910072000,-20.193783000,56.473991000,2.296446457,171.085118680,0.895362671,0,64.914330000,-30.714474000,69.453896000,191.079128310,6
Branch_057,57,43,4,48,7,62.969597000,-22.779001000,55.977077000,2.633214548,173.718333228,0.909143425,0,64.914330000,-30.714474000,69.453896000,191.079128310,6
Branch_057,57,44,5,106,1,62.627823000,-23.514095000,58.202888000,2.368840911,176.087174140,0.921540598,1,64.914330000,-30.714474000,69.453896000,191.079128310,6
Branch_057,57,45,5,106,2,61.965580000,-24.102837000,60.264679000,2.244140161,178.331314300,0.933285157,1,64.914330000,-30.714474000,69.453896000,191.079128310,6
Branch_057,57,46,5,106,3,61.346401000,-24.964977000,62.667664000,2.626976384,180.958290685,0.947033265,1,64.914330000,-30.714474000,69.453896000,191.079128310,6
Branch_057,57,47,5,106,4,61.324333000,-26.179049000,65.031464000,2.657443933,183.615734618,0.960940822,1,64.914330000,-30.714474000,69.453896000,191.079128310,6
Branch_057,57,48,5,106,5,62.028076000,-27.641798000,67.002815000,2.553647120,186.169381738,0.974305166,1,64.914330000,-30.714474000,69.453896000,191.079128310,6
Branch_057,57,49,5,106,6,63.246712000,-29.133615000,68.412102000,2.386772195,188.556153933,0.986796180,1,64.914330000,-30.714474000,69.453896000,191.079128310,6
Branch_057,57,50,5,106,7,64.914330000,-30.714474000,69.453896000,2.522974378,191.079128310,1.000000000,1,64.914330000,-30.714474000,69.453896000,191.079128310,6
Branch_058,58,0,0,9,0,9.155164700,-94.828995000,43.316994000,0.000000000,0.000000000,0.000000000,0,63.298683000,-9.240133300,11.834516000,189.334898830,6
Branch_058,58,1,0,9,1,8.745691300,-90.524384000,41.931053000,4.540724257,4.540724257,0.023982500,0,63.298683000,-9.240133300,11.834516000,189.334898830,6
Branch_058,58,2,0,9,2,8.447949400,-85.977066000,40.628029000,4.739685937,9.280410194,0.049015846,0,63.298683000,-9.240133300,11.834516000,189.334898830,6
Branch_058,58,3,0,9,3,8.306425100,-80.784424000,39.387024000,5.340754018,14.621164212,0.077223820,0,63.298683000,-9.240133300,11.834516000,189.334898830,6
Branch_058,58,4,0,9,4,8.427463500,-75.420364000,38.457928000,5.445274039,20.066438250,0.105983833,0,63.298683000,-9.240133300,11.834516000,189.334898830,6
Branch_058,58,5,0,9,5,8.845435100,-70.229225000,37.995411000,5.228436320,25.294874570,0.133598585,0,63.298683000,-9.240133300,11.834516000,189.334898830,6
Branch_058,58,6,0,9,6,9.507898300,-65.372032000,38.028183000,4.902270427,30.197144997,0.159490644,0,63.298683000,-9.240133300,11.834516000,189.334898830,6
Branch_058,58,7,0,9,7,10.287036000,-60.827480000,38.464947000,4.631497731,34.828642727,0.183952578,0,63.298683000,-9.240133300,11.834516000,189.334898830,6
Branch_058,58,8,0,9,8,11.014260000,-56.442604000,39.132923000,4.494683995,39.323326723,0.207691910,0,63.298683000,-9.240133300,11.834516000,189.334898830,6
Branch_058,58,9,0,9,9,11.527933000,-52.014019000,39.835442000,4.513286829,43.836613551,0.231529495,0,63.298683000,-9.240133300,11.834516000,189.334898830,6
Branch_058,58,10,0,9,10,11.720328000,-47.372635000,40.409962000,4.680762171,48.517375722,0.256251626,0,63.298683000,-9.240133300,11.834516000,189.334898830,6
Branch_058,58,11,0,9,11,11.570354000,-42.445747000,40.769272000,4.942248602,53.459624324,0.282354836,0,63.298683000,-9.240133300,11.834516000,189.334898830,6
Branch_058,58,12,0,9,12,11.152950000,-37.279388000,40.914940000,5.185239684,58.644864008,0.309741439,0,63.298683000,-9.240133300,11.834516000,189.334898830,6
Branch_058,58,13,0,9,13,10.623031000,-32.017574000,40.921852000,5.288435354,63.933299362,0.337673085,0,63.298683000,-9.240133300,11.834516000,189.334898830,6
Branch_058,58,14,0,9,14,10.179241000,-26.849152000,40.901917000,5.187478476,69.120777838,0.365071512,0,63.298683000,-9.240133300,11.834516000,189.334898830,6
Branch_058,58,15,0,9,15,10.018347000,-21.942720000,40.961330000,4.909428862,74.030206700,0.391001380,0,63.298683000,-9.240133300,11.834516000,189.334898830,6
Branch_058,58,16,0,9,16,10.293105000,-17.392542000,41.166740000,4.563091612,78.593298312,0.415102017,0,63.298683000,-9.240133300,11.834516000,189.334898830,6
Branch_058,58,17,0,9,17,11.084682000,-13.193231000,41.531292000,4.288788312,82.882086624,0.437753880,0,63.298683000,-9.240133300,11.834516000,189.334898830,6
Branch_058,58,18,0,9,18,12.395549000,-9.250117300,42.023792000,4.184384566,87.066471190,0.459854320,0,63.298683000,-9.240133300,11.834516000,189.334898830,6
Branch_058,58,19,0,9,19,13.428562000,-7.010438900,42.358051000,2.488976551,89.555447741,0.473000214,0,63.298683000,-9.240133300,11.834516000,189.334898830,6
Branch_058,58,20,1,8,1,16.282339000,-1.562926900,43.212620000,6.208841948,95.764289689,0.505793123,0,63.298683000,-9.240133300,11.834516000,189.334898830,6
Branch_058,58,21,1,8,2,18.643381000,2.404393400,43.881081000,4.664867608,100.429157296,0.530431304,0,63.298683000,-9.240133300,11.834516000,189.334898830,6
Branch_058,58,22,1,8,3,21.147991000,6.488432400,44.652599000,4.852595783,105.281753079,0.556060999,0,63.298683000,-9.240133300,11.834516000,189.334898830,6
Branch_058,58,23,1,8,4,24.223534000,11.405412000,45.843182000,5.920569315,111.202322394,0.587331353,0,63.298683000,-9.240133300,11.834516000,189.334898830,6
Branch_058,58,24,2,21,1,27.690271000,9.568561600,45.976391000,3.925561037,115.127883431,0.608064779,0,63.298683000,-9.240133300,11.834516000,189.334898830,6
Branch_058,58,25,2,21,2,30.500639000,8.436563500,45.614300000,3.051343620,118.179227051,0.624180897,0,63.298683000,-9.240133300,11.834516000,189.334898830,6
Branch_058,58,26,2,21,3,33.836395000,7.302638100,44.907448000,3.593423807,121.772650857,0.643160092,0,63.298683000,-9.240133300,11.834516000,189.334898830,6
Branch_058,58,27,2,21,4,37.648449000,5.861568000,44.297165000,4.120786827,125.893437684,0.664924631,0,63.298683000,-9.240133300,11.834516000,189.334898830,6
Branch_058,58,28,2,21,5,41.557293000,4.180810000,43.965683000,4.267773329,130.161211013,0.687465501,0,63.298683000,-9.240133300,11.834516000,189.334898830,6
Branch_058,58,29,2,21,6,45.247955000,2.346591900,44.046879000,4.122127464,134.283338477,0.709237121,0,63.298683000,-9.240133300,11.834516000,189.334898830,6
Branch_058,58,30,2,21,7,48.516773000,0.457833470,44.605518000,3.816366997,138.099705474,0.729393822,0,63.298683000,-9.240133300,11.834516000,189.334898830,6
Branch_058,58,31,2,21,8,51.288979000,-1.384460900,45.637222000,3.484765099,141.584470573,0.747799119,0,63.298683000,-9.240133300,11.834516000,189.334898830,6
Branch_058,58,32,2,21,9,53.190578000,-2.784993900,46.827793000,2.644812044,144.229282617,0.761768081,0,63.298683000,-9.240133300,11.834516000,189.334898830,6
Branch_058,58,33,3,43,1,53.525616000,-4.094480000,43.873051000,3.249231385,147.478514002,0.778929373,0,63.298683000,-9.240133300,11.834516000,189.334898830,6
Branch_058,58,34,3,43,2,53.407143000,-5.104843600,42.257790000,1.908910305,149.387424307,0.789011562,0,63.298683000,-9.240133300,11.834516000,189.334898830,6
Branch_058,58,35,3,43,3,53.225269000,-6.584104100,40.215679000,2.528143017,151.915567324,0.802364320,0,63.298683000,-9.240133300,11.834516000,189.334898830,6
Branch_058,58,36,3,43,4,52.991764000,-8.477386500,38.102013000,2.847213865,154.762781189,0.817402297,0,63.298683000,-9.240133300,11.834516000,189.334898830,6
Branch_058,58,37,3,43,5,52.742374000,-10.699895000,36.249531000,2.904036667,157.666817856,0.832740392,0,63.298683000,-9.240133300,11.834516000,189.334898830,6
Branch_058,58,38,3,43,6,52.541138000,-13.138442000,34.896049000,2.796233346,160.463051202,0.847509108,0,63.298683000,-9.240133300,11.834516000,189.334898830,6
Branch_058,58,39,4,50,1,53.475639000,-13.223398000,32.866135000,2.236305097,162.699356299,0.859320481,0,63.298683000,-9.240133300,11.834516000,189.334898830,6
Branch_058,58,40,4,50,2,54.435627000,-13.725657000,31.302498000,1.902314835,164.601671134,0.869367835,0,63.298683000,-9.240133300,11.834516000,189.334898830,6
Branch_058,58,41,4,50,3,55.798412000,-14.679162000,29.594069000,2.384341500,166.986012634,0.881961084,0,63.298683000,-9.240133300,11.834516000,189.334898830,6
Branch_058,58,42,4,50,4,57.746922000,-15.957281000,27.489840000,3.139754621,170.125767256,0.898544158,0,63.298683000,-9.240133300,11.834516000,189.334898830,6
Branch_058,58,43,5,107,1,57.529442000,-15.301897000,26.073008000,1.576146774,171.701914030,0.906868808,1,63.298683000,-9.240133300,11.834516000,189.334898830,6
Branch_058,58,44,5,107,2,57.563038000,-14.779640000,24.761553000,1.412018159,173.113932189,0.914326589,1,63.298683000,-9.240133300,11.834516000,189.334898830,6
Branch_058,58,45,5,107,3,57.716621000,-14.259726000,23.147921000,1.702265119,174.816197309,0.923317351,1,63.298683000,-9.240133300,11.834516000,189.334898830,6
Branch_058,58,46,5,107,4,57.825577000,-13.788980000,21.411200000,1.802684953,176.618882261,0.932838496,1,63.298683000,-9.240133300,11.834516000,189.334898830,6
Branch_058,58,47,5,107,5,57.907547000,-13.421041000,19.738611000,1.714541382,178.333423644,0.941894097,1,63.298683000,-9.240133300,11.834516000,189.334898830,6
Branch_058,58,48,5,107,6,58.043495000,-13.128476000,18.232378000,1.540394102,179.873817745,0.950029914,1,63.298683000,-9.240133300,11.834516000,189.334898830,6
Branch_058,58,49,5,107,7,58.350613000,-12.819744000,16.906717000,1.395354435,181.269172181,0.957399683,1,63.298683000,-9.240133300,11.834516000,189.334898830,6
Branch_058,58,50,5,107,8,58.930141000,-12.387675000,15.719507000,1.389965434,182.659137615,0.964740989,1,63.298683000,-9.240133300,11.834516000,189.334898830,6
Branch_058,58,51,5,107,9,59.811424000,-11.768359000,14.621780000,1.537926071,184.197063686,0.972863771,1,63.298683000,-9.240133300,11.834516000,189.334898830,6
Branch_058,58,52,5,107,10,60.917103000,-10.984150000,13.601900000,1.696368186,185.893431871,0.981823388,1,63.298683000,-9.240133300,11.834516000,189.334898830,6
Branch_058,58,53,5,107,11,62.067410000,-10.150772000,12.705110000,1.679868265,187.573300137,0.990695858,1,63.298683000,-9.240133300,11.834516000,189.334898830,6
Branch_058,58,54,5,107,12,63.298683000,-9.240133300,11.834516000,1.761598693,189.334898830,1.000000000,1,63.298683000,-9.240133300,11.834516000,189.334898830,6
Branch_059,59,0,0,9,0,9.155164700,-94.828995000,43.316994000,0.000000000,0.000000000,0.000000000,0,-33.341862000,66.099030000,13.956391000,203.616950101,6
Branch_059,59,1,0,9,1,8.745691300,-90.524384000,41.931053000,4.540724257,4.540724257,0.022300325,0,-33.341862000,66.099030000,13.956391000,203.616950101,6
Branch_059,59,2,0,9,2,8.447949400,-85.977066000,40.628029000,4.739685937,9.280410194,0.045577788,0,-33.341862000,66.099030000,13.956391000,203.616950101,6
Branch_059,59,3,0,9,3,8.306425100,-80.784424000,39.387024000,5.340754018,14.621164212,0.071807206,0,-33.341862000,66.099030000,13.956391000,203.616950101,6
Branch_059,59,4,0,9,4,8.427463500,-75.420364000,38.457928000,5.445274039,20.066438250,0.098549940,0,-33.341862000,66.099030000,13.956391000,203.616950101,6
Branch_059,59,5,0,9,5,8.845435100,-70.229225000,37.995411000,5.228436320,25.294874570,0.124227745,0,-33.341862000,66.099030000,13.956391000,203.616950101,6
Branch_059,59,6,0,9,6,9.507898300,-65.372032000,38.028183000,4.902270427,30.197144997,0.148303690,0,-33.341862000,66.099030000,13.956391000,203.616950101,6
Branch_059,59,7,0,9,7,10.287036000,-60.827480000,38.464947000,4.631497731,34.828642727,0.171049820,0,-33.341862000,66.099030000,13.956391000,203.616950101,6
Branch_059,59,8,0,9,8,11.014260000,-56.442604000,39.132923000,4.494683995,39.323326723,0.193124034,0,-33.341862000,66.099030000,13.956391000,203.616950101,6
Branch_059,59,9,0,9,9,11.527933000,-52.014019000,39.835442000,4.513286829,43.836613551,0.215289609,0,-33.341862000,66.099030000,13.956391000,203.616950101,6
Branch_059,59,10,0,9,10,11.720328000,-47.372635000,40.409962000,4.680762171,48.517375722,0.238277686,0,-33.341862000,66.099030000,13.956391000,203.616950101,6
Branch_059,59,11,0,9,11,11.570354000,-42.445747000,40.769272000,4.942248602,53.459624324,0.262549971,0,-33.341862000,66.099030000,13.956391000,203.616950101,6
Branch_059,59,12,0,9,12,11.152950000,-37.279388000,40.914940000,5.185239684,58.644864008,0.288015629,0,-33.341862000,66.099030000,13.956391000,203.616950101,6
Branch_059,59,13,0,9,13,10.623031000,-32.017574000,40.921852000,5.288435354,63.933299362,0.313988100,0,-33.341862000,66.099030000,13.956391000,203.616950101,6
Branch_059,59,14,0,9,14,10.179241000,-26.849152000,40.901917000,5.187478476,69.120777838,0.339464754,0,-33.341862000,66.099030000,13.956391000,203.616950101,6
Branch_059,59,15,0,9,15,10.018347000,-21.942720000,40.961330000,4.909428862,74.030206700,0.363575855,0,-33.341862000,66.099030000,13.956391000,203.616950101,6
Branch_059,59,16,0,9,16,10.293105000,-17.392542000,41.166740000,4.563091612,78.593298312,0.385986031,0,-33.341862000,66.099030000,13.956391000,203.616950101,6
Branch_059,59,17,0,9,17,11.084682000,-13.193231000,41.531292000,4.288788312,82.882086624,0.407049053,0,-33.341862000,66.099030000,13.956391000,203.616950101,6
Branch_059,59,18,0,9,18,12.395549000,-9.250117300,42.023792000,4.184384566,87.066471190,0.427599329,0,-33.341862000,66.099030000,13.956391000,203.616950101,6
Branch_059,59,19,0,9,19,13.428562000,-7.010438900,42.358051000,2.488976551,89.555447741,0.439823147,0,-33.341862000,66.099030000,13.956391000,203.616950101,6
Branch_059,59,20,1,10,1,8.513610800,-3.880808800,41.469315000,5.894165042,95.449612783,0.468770467,0,-33.341862000,66.099030000,13.956391000,203.616950101,6
Branch_059,59,21,1,10,2,5.700329800,-1.497111100,40.852108000,3.738650718,99.188263500,0.487131663,0,-33.341862000,66.099030000,13.956391000,203.616950101,6
Branch_059,59,22,1,10,3,3.228861600,1.258957700,40.246117000,3.751172535,102.939436035,0.505554356,0,-33.341862000,66.099030000,13.956391000,203.616950101,6
Branch_059,59,23,1,10,4,0.224044770,4.499023400,39.624977000,4.462372107,107.401808142,0.527469880,0,-33.341862000,66.099030000,13.956391000,203.616950101,6
Branch_059,59,24,1,10,5,-3.124296900,7.948573600,39.092415000,4.836776903,112.238585045,0.551224174,0,-33.341862000,66.099030000,13.956391000,203.616950101,6
Branch_059,59,25,1,10,6,-6.637706300,11.364470000,38.724075000,4.914068394,117.152653439,0.575358060,0,-33.341862000,66.099030000,13.956391000,203.616950101,6
Branch_059,59,26,1,10,7,-10.168994000,14.571689000,38.552483000,4.773435906,121.926089345,0.598801275,0,-33.341862000,66.099030000,13.956391000,203.616950101,6
Branch_059,59,27,1,10,8,-13.613175000,17.485661000,38.562916000,4.511510216,126.437599561,0.620958125,0,-33.341862000,66.099030000,13.956391000,203.616950101,6
Branch_059,59,28,1,10,9,-16.908464000,20.116638000,38.700928000,4.219006622,130.656606183,0.641678436,0,-33.341862000,66.099030000,13.956391000,203.616950101,6
Branch_059,59,29,1,10,10,-20.028803000,22.556101000,38.889393000,3.965225625,134.621831808,0.661152383,0,-33.341862000,66.099030000,13.956391000,203.616950101,6
Branch_059,59,30,1,10,11,-22.971312000,24.948771000,39.050686000,3.795951050,138.417782859,0.679794991,0,-33.341862000,66.099030000,13.956391000,203.616950101,6
Branch_059,59,31,1,10,12,-25.743008000,27.456394000,39.128395000,3.738517155,142.156300013,0.698155531,0,-33.341862000,66.099030000,13.956391000,203.616950101,6
Branch_059,59,32,1,10,13,-28.350756000,30.220842000,39.103210000,3.800415327,145.956715341,0.716820065,0,-33.341862000,66.099030000,13.956391000,203.616950101,6
Branch_059,59,33,1,10,14,-31.678991000,34.678879000,38.953018000,5.565411013,151.522126354,0.744152814,0,-33.341862000,66.099030000,13.956391000,203.616950101,6
Branch_059,59,34,2,11,1,-33.081928000,36.818501000,38.879490000,2.559613427,154.081739781,0.756723542,0,-33.341862000,66.099030000,13.956391000,203.616950101,6
Branch_059,59,35,2,11,2,-34.981613000,40.218311000,38.837078000,3.894779829,157.976519609,0.775851517,0,-33.341862000,66.099030000,13.956391000,203.616950101,6
Branch_059,59,36,3,61,1,-35.475735000,40.534775000,36.845673000,2.076053922,160.052573532,0.786047397,0,-33.341862000,66.099030000,13.956391000,203.616950101,6
Branch_059,59,37,3,61,2,-36.055759000,41.018837000,35.346100000,1.679125678,161.731699210,0.794293889,0,-33.341862000,66.099030000,13.956391000,203.616950101,6
Branch_059,59,38,3,61,3,-36.795139000,41.766941000,33.615776000,2.024935437,163.756634647,0.804238717,0,-33.341862000,66.099030000,13.956391000,203.616950101,6
Branch_059,59,39,3,61,4,-37.459053000,42.598156000,31.567286000,2.308248569,166.064883216,0.815574947,0,-33.341862000,66.099030000,13.956391000,203.616950101,6
Branch_059,59,40,3,61,5,-37.852947000,43.421696000,29.379478000,2.370627440,168.435510656,0.827217531,0,-33.341862000,66.099030000,13.956391000,203.616950101,6
Branch_059,59,41,3,61,6,-37.815964000,44.174286000,27.230293000,2.277444975,170.712955631,0.838402479,0,-33.341862000,66.099030000,13.956391000,203.616950101,6
Branch_059,59,42,3,61,7,-37.250183000,44.834927000,25.277079000,2.138129931,172.851085562,0.848903225,0,-33.341862000,66.099030000,13.956391000,203.616950101,6
Branch_059,59,43,3,61,8,-36.137295000,45.429554000,23.641102000,2.066040105,174.917125666,0.859049925,0,-33.341862000,66.099030000,13.956391000,203.616950101,6
Branch_059,59,44,3,61,9,-35.050892000,45.834045000,22.795732000,1.434759521,176.351885188,0.866096291,0,-33.341862000,66.099030000,13.956391000,203.616950101,6
Branch_059,59,45,4,90,1,-36.561230000,47.583408000,22.063055000,2.424501468,178.776386655,0.878003460,0,-33.341862000,66.099030000,13.956391000,203.616950101,6
Branch_059,59,46,4,90,2,-37.656540000,49.109226000,21.669111000,1.919118662,180.695505318,0.887428602,0,-33.341862000,66.099030000,13.956391000,203.616950101,6
Branch_059,59,47,4,90,3,-39.198841000,50.999367000,20.967142000,2.538520406,183.234025724,0.899895739,0,-33.341862000,66.099030000,13.956391000,203.616950101,6
Branch_059,59,48,4,90,4,-41.136349000,52.948631000,19.842937000,2.969411436,186.203437159,0.914479060,0,-33.341862000,66.099030000,13.956391000,203.616950101,6
Branch_059,59,49,5,108,1,-39.866741000,54.051067000,19.577250000,1.702309957,187.905747116,0.922839415,1,-33.341862000,66.099030000,13.956391000,203.616950101,6
Branch_059,59,50,5,108,2,-38.753033000,55.038486000,19.525835000,1.489290198,189.395037314,0.930153591,1,-33.341862000,66.099030000,13.956391000,203.616950101,6
Branch_059,59,51,5,108,3,-37.369629000,56.421707000,19.328882000,1.966188558,191.361225872,0.939809902,1,-33.341862000,66.099030000,13.956391000,203.616950101,6
Branch_059,59,52,5,108,4,-35.972687000,58.091095000,18.898434000,2.218916115,193.580141987,0.950707404,1,-33.341862000,66.099030000,13.956391000,203.616950101,6
Branch_059,59,53,5,108,5,-34.785393000,59.913269000,18.190016000,2.287321838,195.867463826,0.961940859,1,-33.341862000,66.099030000,13.956391000,203.616950101,6
Branch_059,59,54,5,108,6,-33.944942000,61.741291000,17.231441000,2.228651688,198.096115514,0.972886174,1,-33.341862000,66.099030000,13.956391000,203.616950101,6
Branch_059,59,55,5,108,7,-33.478416000,63.426384000,16.129948000,2.066511978,200.162627492,0.983035191,1,-33.341862000,66.099030000,13.956391000,203.616950101,6
Branch_059,59,56,5,108,8,-33.313599000,64.830170000,15.054116000,1.776286652,201.938914144,0.991758859,1,-33.341862000,66.099030000,13.956391000,203.616950101,6
Branch_059,59,57,5,108,9,-33.341862000,66.099030000,13.956391000,1.678035957,203.616950101,1.000000000,1,-33.341862000,66.099030000,13.956391000,203.616950101,6
Branch_060,60,0,0,9,0,9.155164700,-94.828995000,43.316994000,0.000000000,0.000000000,0.000000000,0,26.927240000,51.018276000,39.955090000,186.264244962,6
Branch_060,60,1,0,9,1,8.745691300,-90.524384000,41.931053000,4.540724257,4.540724257,0.024377863,0,26.927240000,51.018276000,39.955090000,186.264244962,6
Branch_060,60,2,0,9,2,8.447949400,-85.977066000,40.628029000,4.739685937,9.280410194,0.049823895,0,26.927240000,51.018276000,39.955090000,186.264244962,6
Branch_060,60,3,0,9,3,8.306425100,-80.784424000,39.387024000,5.340754018,14.621164212,0.078496891,0,26.927240000,51.018276000,39.955090000,186.264244962,6
Branch_060,60,4,0,9,4,8.427463500,-75.420364000,38.457928000,5.445274039,20.066438250,0.107731026,0,26.927240000,51.018276000,39.955090000,186.264244962,6
Branch_060,60,5,0,9,5,8.845435100,-70.229225000,37.995411000,5.228436320,25.294874570,0.135801021,0,26.927240000,51.018276000,39.955090000,186.264244962,6
Branch_060,60,6,0,9,6,9.507898300,-65.372032000,38.028183000,4.902270427,30.197144997,0.162119923,0,26.927240000,51.018276000,39.955090000,186.264244962,6
Branch_060,60,7,0,9,7,10.287036000,-60.827480000,38.464947000,4.631497731,34.828642727,0.186985123,0,26.927240000,51.018276000,39.955090000,186.264244962,6
Branch_060,60,8,0,9,8,11.014260000,-56.442604000,39.132923000,4.494683995,39.323326723,0.211115809,0,26.927240000,51.018276000,39.955090000,186.264244962,6
Branch_060,60,9,0,9,9,11.527933000,-52.014019000,39.835442000,4.513286829,43.836613551,0.235346368,0,26.927240000,51.018276000,39.955090000,186.264244962,6
Branch_060,60,10,0,9,10,11.720328000,-47.372635000,40.409962000,4.680762171,48.517375722,0.260476055,0,26.927240000,51.018276000,39.955090000,186.264244962,6
Branch_060,60,11,0,9,11,11.570354000,-42.445747000,40.769272000,4.942248602,53.459624324,0.287009589,0,26.927240000,51.018276000,39.955090000,186.264244962,6
Branch_060,60,12,0,9,12,11.152950000,-37.279388000,40.914940000,5.185239684,58.644864008,0.314847673,0,26.927240000,51.018276000,39.955090000,186.264244962,6
Branch_060,60,13,0,9,13,10.623031000,-32.017574000,40.921852000,5.288435354,63.933299362,0.343239785,0,26.927240000,51.018276000,39.955090000,186.264244962,6
Branch_060,60,14,0,9,14,10.179241000,-26.849152000,40.901917000,5.187478476,69.120777838,0.371089888,0,26.927240000,51.018276000,39.955090000,186.264244962,6
Branch_060,60,15,0,9,15,10.018347000,-21.942720000,40.961330000,4.909428862,74.030206700,0.397447222,0,26.927240000,51.018276000,39.955090000,186.264244962,6
Branch_060,60,16,0,9,16,10.293105000,-17.392542000,41.166740000,4.563091612,78.593298312,0.421945169,0,26.927240000,51.018276000,39.955090000,186.264244962,6
Branch_060,60,17,0,9,17,11.084682000,-13.193231000,41.531292000,4.288788312,82.882086624,0.444970459,0,26.927240000,51.018276000,39.955090000,186.264244962,6
Branch_060,60,18,0,9,18,12.395549000,-9.250117300,42.023792000,4.184384566,87.066471190,0.467435235,0,26.927240000,51.018276000,39.955090000,186.264244962,6
Branch_060,60,19,0,9,19,13.428562000,-7.010438900,42.358051000,2.488976551,89.555447741,0.480797846,0,26.927240000,51.018276000,39.955090000,186.264244962,6
Branch_060,60,20,1,8,1,16.282339000,-1.562926900,43.212620000,6.208841948,95.764289689,0.514131361,0,26.927240000,51.018276000,39.955090000,186.264244962,6
Branch_060,60,21,1,8,2,18.643381000,2.404393400,43.881081000,4.664867608,100.429157296,0.539175714,0,26.927240000,51.018276000,39.955090000,186.264244962,6
Branch_060,60,22,1,8,3,21.147991000,6.488432400,44.652599000,4.852595783,105.281753079,0.565227927,0,26.927240000,51.018276000,39.955090000,186.264244962,6
Branch_060,60,23,1,8,4,24.223534000,11.405412000,45.843182000,5.920569315,111.202322394,0.597013788,0,26.927240000,51.018276000,39.955090000,186.264244962,6
Branch_060,60,24,2,7,1,26.324202000,14.701306000,46.829159000,4.030865161,115.233187555,0.618654362,0,26.927240000,51.018276000,39.955090000,186.264244962,6
Branch_060,60,25,2,7,2,28.908293000,18.630505000,48.351257000,4.942966053,120.176153608,0.645191747,0,26.927240000,51.018276000,39.955090000,186.264244962,6
Branch_060,60,26,2,7,3,31.432501000,22.371405000,50.143032000,4.855555219,125.031708827,0.671259848,0,26.927240000,51.018276000,39.955090000,186.264244962,6
Branch_060,60,27,2,7,4,33.837540000,25.965391000,52.093472000,4.743960809,129.775669636,0.696728831,0,26.927240000,51.018276000,39.955090000,186.264244962,6
Branch_060,60,28,2,7,5,36.051430000,29.527443000,54.029991000,4.619483653,134.395153289,0.721529531,0,26.927240000,51.018276000,39.955090000,186.264244962,6
Branch_060,60,29,2,7,6,38.004852000,33.210518000,55.757656000,4.512840050,138.907993339,0.745757692,0,26.927240000,51.018276000,39.955090000,186.264244962,6
Branch_060,60,30,2,7,7,39.655231000,37.152805000,57.108654000,4.482250911,143.390244250,0.769821628,0,26.927240000,51.018276000,39.955090000,186.264244962,6
Branch_060,60,31,2,7,8,40.956230000,41.252876000,57.950741000,4.383182761,147.773427011,0.793353695,0,26.927240000,51.018276000,39.955090000,186.264244962,6
Branch_060,60,32,3,6,1,42.188423000,46.187943000,58.389992000,5.105499714,152.878926725,0.820763678,0,26.927240000,51.018276000,39.955090000,186.264244962,6
Branch_060,60,33,4,36,1,43.238983000,46.377754000,55.953835000,2.659805530,155.538732255,0.835043421,0,26.927240000,51.018276000,39.955090000,186.264244962,6
Branch_060,60,34,4,36,2,43.936150000,46.795120000,53.947746000,2.164400443,157.703132698,0.846663474,0,26.927240000,51.018276000,39.955090000,186.264244962,6
Branch_060,60,35,4,36,3,44.764256000,47.499069000,51.703186000,2.493863135,160.196995833,0.860052319,0,26.927240000,51.018276000,39.955090000,186.264244962,6
Branch_060,60,36,4,36,4,46.239586000,48.470669000,48.974102000,3.250923661,163.447919494,0.877505608,0,26.927240000,51.018276000,39.955090000,186.264244962,6
Branch_060,60,37,5,109,1,43.913643000,47.969273000,47.273399000,2.924687929,166.372607423,0.893207429,1,26.927240000,51.018276000,39.955090000,186.264244962,6
Branch_060,60,38,5,109,2,42.638809000,47.976746000,46.359238000,1.568740867,167.941348290,0.901629555,1,26.927240000,51.018276000,39.955090000,186.264244962,6
Branch_060,60,39,5,109,3,41.093700000,48.032238000,45.150295000,1.962647284,169.903995574,0.912166453,1,26.927240000,51.018276000,39.955090000,186.264244962,6
Branch_060,60,40,5,109,4,39.548389000,48.169399000,43.807568000,2.051759007,171.955754581,0.923181766,1,26.927240000,51.018276000,39.955090000,186.264244962,6
Branch_060,60,41,5,109,5,38.160297000,48.408569000,42.497120000,1.923869967,173.879624548,0.933510479,1,26.927240000,51.018276000,39.955090000,186.264244962,6
Branch_060,60,42,5,109,6,36.925518000,48.748337000,41.361824000,1.711437548,175.591062096,0.942698703,1,26.927240000,51.018276000,39.955090000,186.264244962,6
Branch_060,60,43,5,109,7,35.706371000,49.164558000,40.499107000,1.550432182,177.141494278,0.951022534,1,26.927240000,51.018276000,39.955090000,186.264244962,6
Branch_060,60,44,5,109,8,34.322769000,49.616646000,39.948696000,1.556178114,178.697672392,0.959377214,1,26.927240000,51.018276000,39.955090000,186.264244962,6
Branch_060,60,45,5,109,9,32.666512000,50.058205000,39.692177000,1.733194622,180.430867014,0.968682245,1,26.927240000,51.018276000,39.955090000,186.264244962,6
Branch_060,60,46,5,109,10,30.786804000,50.447746000,39.663673000,1.919858545,182.350725559,0.978989422,1,26.927240000,51.018276000,39.955090000,186.264244962,6
Branch_060,60,47,5,109,11,28.907297000,50.755619000,39.768955000,1.907463406,184.258188966,0.989230053,1,26.927240000,51.018276000,39.955090000,186.264244962,6
Branch_060,60,48,5,109,12,26.927240000,51.018276000,39.955090000,2.006055997,186.264244962,1.000000000,1,26.927240000,51.018276000,39.955090000,186.264244962,6
Branch_061,61,0,0,9,0,9.155164700,-94.828995000,43.316994000,0.000000000,0.000000000,0.000000000,0,38.848213000,28.780546000,24.258770000,198.325363401,7
Branch_061,61,1,0,9,1,8.745691300,-90.524384000,41.931053000,4.540724257,4.540724257,0.022895328,0,38.848213000,28.780546000,24.258770000,198.325363401,7
Branch_061,61,2,0,9,2,8.447949400,-85.977066000,40.628029000,4.739685937,9.280410194,0.046793865,0,38.848213000,28.780546000,24.258770000,198.325363401,7
Branch_061,61,3,0,9,3,8.306425100,-80.784424000,39.387024000,5.340754018,14.621164212,0.073723118,0,38.848213000,28.780546000,24.258770000,198.325363401,7
Branch_061,61,4,0,9,4,8.427463500,-75.420364000,38.457928000,5.445274039,20.066438250,0.101179385,0,38.848213000,28.780546000,24.258770000,198.325363401,7
Branch_061,61,5,0,9,5,8.845435100,-70.229225000,37.995411000,5.228436320,25.294874570,0.127542308,0,38.848213000,28.780546000,24.258770000,198.325363401,7
Branch_061,61,6,0,9,6,9.507898300,-65.372032000,38.028183000,4.902270427,30.197144997,0.152260631,0,38.848213000,28.780546000,24.258770000,198.325363401,7
Branch_061,61,7,0,9,7,10.287036000,-60.827480000,38.464947000,4.631497731,34.828642727,0.175613659,0,38.848213000,28.780546000,24.258770000,198.325363401,7
Branch_061,61,8,0,9,8,11.014260000,-56.442604000,39.132923000,4.494683995,39.323326723,0.198276842,0,38.848213000,28.780546000,24.258770000,198.325363401,7
Branch_061,61,9,0,9,9,11.527933000,-52.014019000,39.835442000,4.513286829,43.836613551,0.221033824,0,38.848213000,28.780546000,24.258770000,198.325363401,7
Branch_061,61,10,0,9,10,11.720328000,-47.372635000,40.409962000,4.680762171,48.517375722,0.244635254,0,38.848213000,28.780546000,24.258770000,198.325363401,7
Branch_061,61,11,0,9,11,11.570354000,-42.445747000,40.769272000,4.942248602,53.459624324,0.269555156,0,38.848213000,28.780546000,24.258770000,198.325363401,7
Branch_061,61,12,0,9,12,11.152950000,-37.279388000,40.914940000,5.185239684,58.644864008,0.295700273,0,38.848213000,28.780546000,24.258770000,198.325363401,7
Branch_061,61,13,0,9,13,10.623031000,-32.017574000,40.921852000,5.288435354,63.933299362,0.322365724,0,38.848213000,28.780546000,24.258770000,198.325363401,7
Branch_061,61,14,0,9,14,10.179241000,-26.849152000,40.901917000,5.187478476,69.120777838,0.348522129,0,38.848213000,28.780546000,24.258770000,198.325363401,7
Branch_061,61,15,0,9,15,10.018347000,-21.942720000,40.961330000,4.909428862,74.030206700,0.373276546,0,38.848213000,28.780546000,24.258770000,198.325363401,7
Branch_061,61,16,0,9,16,10.293105000,-17.392542000,41.166740000,4.563091612,78.593298312,0.396284656,0,38.848213000,28.780546000,24.258770000,198.325363401,7
Branch_061,61,17,0,9,17,11.084682000,-13.193231000,41.531292000,4.288788312,82.882086624,0.417909667,0,38.848213000,28.780546000,24.258770000,198.325363401,7
Branch_061,61,18,0,9,18,12.395549000,-9.250117300,42.023792000,4.184384566,87.066471190,0.439008252,0,38.848213000,28.780546000,24.258770000,198.325363401,7
Branch_061,61,19,0,9,19,13.428562000,-7.010438900,42.358051000,2.488976551,89.555447741,0.451558218,0,38.848213000,28.780546000,24.258770000,198.325363401,7
Branch_061,61,20,1,8,1,16.282339000,-1.562926900,43.212620000,6.208841948,95.764289689,0.482864562,0,38.848213000,28.780546000,24.258770000,198.325363401,7
Branch_061,61,21,1,8,2,18.643381000,2.404393400,43.881081000,4.664867608,100.429157296,0.506385848,0,38.848213000,28.780546000,24.258770000,198.325363401,7
Branch_061,61,22,1,8,3,21.147991000,6.488432400,44.652599000,4.852595783,105.281753079,0.530853701,0,38.848213000,28.780546000,24.258770000,198.325363401,7
Branch_061,61,23,1,8,4,24.223534000,11.405412000,45.843182000,5.920569315,111.202322394,0.560706510,0,38.848213000,28.780546000,24.258770000,198.325363401,7
Branch_061,61,24,2,7,1,26.324202000,14.701306000,46.829159000,4.030865161,115.233187555,0.581031017,0,38.848213000,28.780546000,24.258770000,198.325363401,7
Branch_061,61,25,2,7,2,28.908293000,18.630505000,48.351257000,4.942966053,120.176153608,0.605954536,0,38.848213000,28.780546000,24.258770000,198.325363401,7
Branch_061,61,26,2,7,3,31.432501000,22.371405000,50.143032000,4.855555219,125.031708827,0.630437311,0,38.848213000,28.780546000,24.258770000,198.325363401,7
Branch_061,61,27,2,7,4,33.837540000,25.965391000,52.093472000,4.743960809,129.775669636,0.654357402,0,38.848213000,28.780546000,24.258770000,198.325363401,7
Branch_061,61,28,2,7,5,36.051430000,29.527443000,54.029991000,4.619483653,134.395153289,0.677649853,0,38.848213000,28.780546000,24.258770000,198.325363401,7
Branch_061,61,29,2,7,6,38.004852000,33.210518000,55.757656000,4.512840050,138.907993339,0.700404582,0,38.848213000,28.780546000,24.258770000,198.325363401,7
Branch_061,61,30,2,7,7,39.655231000,37.152805000,57.108654000,4.482250911,143.390244250,0.723005075,0,38.848213000,28.780546000,24.258770000,198.325363401,7
Branch_061,61,31,2,7,8,40.956230000,41.252876000,57.950741000,4.383182761,147.773427011,0.745106044,0,38.848213000,28.780546000,24.258770000,198.325363401,7
Branch_061,61,32,3,6,1,42.188423000,46.187943000,58.389992000,5.105499714,152.878926725,0.770849094,0,38.848213000,28.780546000,24.258770000,198.325363401,7
Branch_061,61,33,4,36,1,43.238983000,46.377754000,55.953835000,2.659805530,155.538732255,0.784260417,0,38.848213000,28.780546000,24.258770000,198.325363401,7
Branch_061,61,34,4,36,2,43.936150000,46.795120000,53.947746000,2.164400443,157.703132698,0.795173799,0,38.848213000,28.780546000,24.258770000,198.325363401,7
Branch_061,61,35,4,36,3,44.764256000,47.499069000,51.703186000,2.493863135,160.196995833,0.807748404,0,38.848213000,28.780546000,24.258770000,198.325363401,7
Branch_061,61,36,4,36,4,46.239586000,48.470669000,48.974102000,3.250923661,163.447919494,0.824140275,0,38.848213000,28.780546000,24.258770000,198.325363401,7
Branch_061,61,37,5,70,1,44.573921000,47.144516000,46.410255000,3.332631559,166.780551054,0.840944134,0,38.848213000,28.780546000,24.258770000,198.325363401,7
Branch_061,61,38,5,70,2,43.769394000,46.585018000,44.452709000,2.189129518,168.969680572,0.851982206,0,38.848213000,28.780546000,24.258770000,198.325363401,7
Branch_061,61,39,5,70,3,42.999134000,45.710186000,42.037487000,2.681777173,171.651457745,0.865504315,0,38.848213000,28.780546000,24.258770000,198.325363401,7
Branch_061,61,40,5,70,4,42.572033000,44.558502000,39.573250000,2.753407941,174.404865686,0.879387602,0,38.848213000,28.780546000,24.258770000,198.325363401,7
Branch_061,61,41,5,70,5,42.656128000,43.260002000,37.344994000,2.580368001,176.985233687,0.892398383,0,38.848213000,28.780546000,24.258770000,198.325363401,7
Branch_061,61,42,5,70,6,43.155056000,42.197010000,35.710194000,2.012821945,178.998055632,0.902547473,0,38.848213000,28.780546000,24.258770000,198.325363401,7
Branch_061,61,43,6,110,1,42.938953000,40.917233000,35.143753000,1.416116197,180.414171829,0.909687842,1,38.848213000,28.780546000,24.258770000,198.325363401,7
Branch_061,61,44,6,110,2,42.742798000,39.515621000,34.279678000,1.658197391,182.072369220,0.918048837,1,38.848213000,28.780546000,24.258770000,198.325363401,7
Branch_061,61,45,6,110,3,42.394375000,37.690910000,33.236668000,2.130455041,184.202824261,0.928791059,1,38.848213000,28.780546000,24.258770000,198.325363401,7
Branch_061,61,46,6,110,4,41.865337000,35.798538000,32.405788000,2.133381018,186.336205278,0.939548034,1,38.848213000,28.780546000,24.258770000,198.325363401,7
Branch_061,61,47,6,110,5,41.195786000,34.058788000,31.780584000,1.966191406,188.302396684,0.949462003,1,38.848213000,28.780546000,24.258770000,198.325363401,7
Branch_061,61,48,6,110,6,40.480457000,32.578243000,31.123260000,1.770814478,190.073211163,0.958390838,1,38.848213000,28.780546000,24.258770000,198.325363401,7
Branch_061,61,49,6,110,7,39.834259000,31.366287000,30.133549000,1.692907872,191.766119035,0.966926851,1,38.848213000,28.780546000,24.258770000,198.325363401,7
Branch_061,61,50,6,110,8,39.345673000,30.388083000,28.671316000,1.825849033,193.591968068,0.976133182,1,38.848213000,28.780546000,24.258770000,198.325363401,7
Branch_061,61,51,6,110,9,39.043957000,29.618965000,26.899286000,1.955163769,195.547131837,0.985991547,1,38.848213000,28.780546000,24.258770000,198.325363401,7
Branch_061,61,52,6,110,10,38.898228000,29.070601000,25.255043000,1.739389278,197.286521115,0.994761929,1,38.848213000,28.780546000,24.258770000,198.325363401,7
Branch_061,61,53,6,110,11,38.848213000,28.780546000,24.258770000,1.038842285,198.325363401,1.000000000,1,38.848213000,28.780546000,24.258770000,198.325363401,7
Branch_062,62,0,0,9,0,9.155164700,-94.828995000,43.316994000,0.000000000,0.000000000,0.000000000,0,-65.088036000,15.293177000,18.754778000,210.420240897,6
Branch_062,62,1,0,9,1,8.745691300,-90.524384000,41.931053000,4.540724257,4.540724257,0.021579313,0,-65.088036000,15.293177000,18.754778000,210.420240897,6
Branch_062,62,2,0,9,2,8.447949400,-85.977066000,40.628029000,4.739685937,9.280410194,0.044104171,0,-65.088036000,15.293177000,18.754778000,210.420240897,6
Branch_062,62,3,0,9,3,8.306425100,-80.784424000,39.387024000,5.340754018,14.621164212,0.069485541,0,-65.088036000,15.293177000,18.754778000,210.420240897,6
Branch_062,62,4,0,9,4,8.427463500,-75.420364000,38.457928000,5.445274039,20.066438250,0.095363631,0,-65.088036000,15.293177000,18.754778000,210.420240897,6
Branch_062,62,5,0,9,5,8.845435100,-70.229225000,37.995411000,5.228436320,25.294874570,0.120211223,0,-65.088036000,15.293177000,18.754778000,210.420240897,6
Branch_062,62,6,0,9,6,9.507898300,-65.372032000,38.028183000,4.902270427,30.197144997,0.143508746,0,-65.088036000,15.293177000,18.754778000,210.420240897,6
Branch_062,62,7,0,9,7,10.287036000,-60.827480000,38.464947000,4.631497731,34.828642727,0.165519451,0,-65.088036000,15.293177000,18.754778000,210.420240897,6
Branch_062,62,8,0,9,8,11.014260000,-56.442604000,39.132923000,4.494683995,39.323326723,0.186879962,0,-65.088036000,15.293177000,18.754778000,210.420240897,6
Branch_062,62,9,0,9,9,11.527933000,-52.014019000,39.835442000,4.513286829,43.836613551,0.208328882,0,-65.088036000,15.293177000,18.754778000,210.420240897,6
Branch_062,62,10,0,9,10,11.720328000,-47.372635000,40.409962000,4.680762171,48.517375722,0.230573711,0,-65.088036000,15.293177000,18.754778000,210.420240897,6
Branch_062,62,11,0,9,11,11.570354000,-42.445747000,40.769272000,4.942248602,53.459624324,0.254061226,0,-65.088036000,15.293177000,18.754778000,210.420240897,6
Branch_062,62,12,0,9,12,11.152950000,-37.279388000,40.914940000,5.185239684,58.644864008,0.278703530,0,-65.088036000,15.293177000,18.754778000,210.420240897,6
Branch_062,62,13,0,9,13,10.623031000,-32.017574000,40.921852000,5.288435354,63.933299362,0.303836262,0,-65.088036000,15.293177000,18.754778000,210.420240897,6
Branch_062,62,14,0,9,14,10.179241000,-26.849152000,40.901917000,5.187478476,69.120777838,0.328489206,0,-65.088036000,15.293177000,18.754778000,210.420240897,6
Branch_062,62,15,0,9,15,10.018347000,-21.942720000,40.961330000,4.909428862,74.030206700,0.351820749,0,-65.088036000,15.293177000,18.754778000,210.420240897,6
Branch_062,62,16,0,9,16,10.293105000,-17.392542000,41.166740000,4.563091612,78.593298312,0.373506360,0,-65.088036000,15.293177000,18.754778000,210.420240897,6
Branch_062,62,17,0,9,17,11.084682000,-13.193231000,41.531292000,4.288788312,82.882086624,0.393888374,0,-65.088036000,15.293177000,18.754778000,210.420240897,6
Branch_062,62,18,0,9,18,12.395549000,-9.250117300,42.023792000,4.184384566,87.066471190,0.413774221,0,-65.088036000,15.293177000,18.754778000,210.420240897,6
Branch_062,62,19,0,9,19,13.428562000,-7.010438900,42.358051000,2.488976551,89.555447741,0.425602819,0,-65.088036000,15.293177000,18.754778000,210.420240897,6
Branch_062,62,20,1,10,1,8.513610800,-3.880808800,41.469315000,5.894165042,95.449612783,0.453614217,0,-65.088036000,15.293177000,18.754778000,210.420240897,6
Branch_062,62,21,1,10,2,5.700329800,-1.497111100,40.852108000,3.738650718,99.188263500,0.471381760,0,-65.088036000,15.293177000,18.754778000,210.420240897,6
Branch_062,62,22,1,10,3,3.228861600,1.258957700,40.246117000,3.751172535,102.939436035,0.489208812,0,-65.088036000,15.293177000,18.754778000,210.420240897,6
Branch_062,62,23,1,10,4,0.224044770,4.499023400,39.624977000,4.462372107,107.401808142,0.510415765,0,-65.088036000,15.293177000,18.754778000,210.420240897,6
Branch_062,62,24,1,10,5,-3.124296900,7.948573600,39.092415000,4.836776903,112.238585045,0.533402037,0,-65.088036000,15.293177000,18.754778000,210.420240897,6
Branch_062,62,25,1,10,6,-6.637706300,11.364470000,38.724075000,4.914068394,117.152653439,0.556755628,0,-65.088036000,15.293177000,18.754778000,210.420240897,6
Branch_062,62,26,1,10,7,-10.168994000,14.571689000,38.552483000,4.773435906,121.926089345,0.579440879,0,-65.088036000,15.293177000,18.754778000,210.420240897,6
Branch_062,62,27,1,10,8,-13.613175000,17.485661000,38.562916000,4.511510216,126.437599561,0.600881355,0,-65.088036000,15.293177000,18.754778000,210.420240897,6
Branch_062,62,28,1,10,9,-16.908464000,20.116638000,38.700928000,4.219006622,130.656606183,0.620931739,0,-65.088036000,15.293177000,18.754778000,210.420240897,6
Branch_062,62,29,1,10,10,-20.028803000,22.556101000,38.889393000,3.965225625,134.621831808,0.639776056,0,-65.088036000,15.293177000,18.754778000,210.420240897,6
Branch_062,62,30,1,10,11,-22.971312000,24.948771000,39.050686000,3.795951050,138.417782859,0.657815913,0,-65.088036000,15.293177000,18.754778000,210.420240897,6
Branch_062,62,31,1,10,12,-25.743008000,27.456394000,39.128395000,3.738517155,142.156300013,0.675582821,0,-65.088036000,15.293177000,18.754778000,210.420240897,6
Branch_062,62,32,1,10,13,-28.350756000,30.220842000,39.103210000,3.800415327,145.956715341,0.693643894,0,-65.088036000,15.293177000,18.754778000,210.420240897,6
Branch_062,62,33,1,10,14,-31.678991000,34.678879000,38.953018000,5.565411013,151.522126354,0.720092923,0,-65.088036000,15.293177000,18.754778000,210.420240897,6
Branch_062,62,34,2,22,1,-33.540119000,32.828140000,39.465443000,2.674249738,154.196376091,0.732802013,0,-65.088036000,15.293177000,18.754778000,210.420240897,6
Branch_062,62,35,2,22,2,-34.860867000,31.102398000,40.012878000,2.241036771,156.437412862,0.743452304,0,-65.088036000,15.293177000,18.754778000,210.420240897,6
Branch_062,62,36,2,22,3,-36.322609000,28.840321000,40.706116000,2.781053928,159.218466791,0.756668969,0,-65.088036000,15.293177000,18.754778000,210.420240897,6
Branch_062,62,37,2,22,4,-38.073528000,26.209150000,41.376247000,3.230766741,162.449233532,0.772022847,0,-65.088036000,15.293177000,18.754778000,210.420240897,6
Branch_062,62,38,2,22,5,-39.973618000,23.443958000,41.869690000,3.391181918,165.840415449,0.788139082,0,-65.088036000,15.293177000,18.754778000,210.420240897,6
Branch_062,62,39,2,22,6,-41.880322000,20.744228000,42.058407000,3.310540186,169.150955635,0.803872075,0,-65.088036000,15.293177000,18.754778000,210.420240897,6
Branch_062,62,40,2,22,7,-43.663528000,18.242468000,41.861221000,3.078556326,172.229511962,0.818502589,0,-65.088036000,15.293177000,18.754778000,210.420240897,6
Branch_062,62,41,3,23,1,-45.218269000,15.988478000,41.254684000,2.804563715,175.034075676,0.831830982,0,-65.088036000,15.293177000,18.754778000,210.420240897,6
Branch_062,62,42,3,23,2,-46.473606000,13.951802000,40.271839000,2.586484952,177.620560628,0.844122979,0,-65.088036000,15.293177000,18.754778000,210.420240897,6
Branch_062,62,43,3,23,3,-47.396786000,12.040812000,38.990082000,2.479323517,180.099884145,0.855905703,0,-65.088036000,15.293177000,18.754778000,210.420240897,6
Branch_062,62,44,3,23,4,-47.936047000,10.275660000,37.621986000,2.297444379,182.397328524,0.866824065,0,-65.088036000,15.293177000,18.754778000,210.420240897,6
Branch_062,62,45,4,78,1,-49.590435000,10.133540000,36.902508000,1.809653652,184.206982176,0.875424253,0,-65.088036000,15.293177000,18.754778000,210.420240897,6
Branch_062,62,46,4,78,2,-51.168613000,10.136004000,36.110512000,1.765760328,185.972742504,0.883815843,0,-65.088036000,15.293177000,18.754778000,210.420240897,6
Branch_062,62,47,4,78,3,-53.227856000,10.195457000,35.045670000,2.319031021,188.291773525,0.894836793,0,-65.088036000,15.293177000,18.754778000,210.420240897,6
Branch_062,62,48,4,78,4,-55.494358000,10.321472000,33.827106000,2.576394636,190.868168161,0.907080837,0,-65.088036000,15.293177000,18.754778000,210.420240897,6
Branch_062,62,49,4,78,5,-57.727768000,10.462085000,32.574383000,2.564606628,193.432774789,0.919268859,0,-65.088036000,15.293177000,18.754778000,210.420240897,6
Branch_062,62,50,4,78,6,-59.858055000,10.484792000,31.337315000,2.463529084,195.896303873,0.930976521,0,-65.088036000,15.293177000,18.754778000,210.420240897,6
Branch_062,62,51,5,111,1,-60.163212000,11.108599000,30.581970000,1.026061420,196.922365293,0.935852770,1,-65.088036000,15.293177000,18.754778000,210.420240897,6
Branch_062,62,52,5,111,2,-60.511478000,11.615611000,29.732559000,1.048737060,197.971102353,0.940836782,1,-65.088036000,15.293177000,18.754778000,210.420240897,6
Branch_062,62,53,5,111,3,-61.088711000,12.079456000,28.347952000,1.570186825,199.541289178,0.948298929,1,-65.088036000,15.293177000,18.754778000,210.420240897,6
Branch_062,62,54,5,111,4,-61.783478000,12.637747000,26.681416000,1.889902713,201.431191891,0.957280493,1,-65.088036000,15.293177000,18.754778000,210.420240897,6
Branch_062,62,55,5,111,5,-62.539494000,13.245255000,24.867964000,2.056510228,203.487702119,0.967053841,1,-65.088036000,15.293177000,18.754778000,210.420240897,6
Branch_062,62,56,5,111,6,-63.295509000,13.852762000,23.054512000,2.056509565,205.544211684,0.976827185,1,-65.088036000,15.293177000,18.754778000,210.420240897,6
Branch_062,62,57,5,111,7,-63.990276000,14.411054000,21.387976000,1.889903008,207.434114692,0.985808750,1,-65.088036000,15.293177000,18.754778000,210.420240897,6
Branch_062,62,58,5,111,8,-64.567505000,14.874898000,20.003366000,1.570187704,209.004302397,0.993270902,1,-65.088036000,15.293177000,18.754778000,210.420240897,6
Branch_062,62,59,5,111,9,-65.088036000,15.293177000,18.754778000,1.415938501,210.420240897,1.000000000,1,-65.088036000,15.293177000,18.754778000,210.420240897,6
Branch_063,63,0,0,9,0,9.155164700,-94.828995000,43.316994000,0.000000000,0.000000000,0.000000000,0,75.754074000,-23.763430000,53.403263000,186.842657362,6
Branch_063,63,1,0,9,1,8.745691300,-90.524384000,41.931053000,4.540724257,4.540724257,0.024302396,0,75.754074000,-23.763430000,53.403263000,186.842657362,6
Branch_063,63,2,0,9,2,8.447949400,-85.977066000,40.628029000,4.739685937,9.280410194,0.049669654,0,75.754074000,-23.763430000,53.403263000,186.842657362,6
Branch_063,63,3,0,9,3,8.306425100,-80.784424000,39.387024000,5.340754018,14.621164212,0.078253887,0,75.754074000,-23.763430000,53.403263000,186.842657362,6
Branch_063,63,4,0,9,4,8.427463500,-75.420364000,38.457928000,5.445274039,20.066438250,0.107397521,0,75.754074000,-23.763430000,53.403263000,186.842657362,6
Branch_063,63,5,0,9,5,8.845435100,-70.229225000,37.995411000,5.228436320,25.294874570,0.135380619,0,75.754074000,-23.763430000,53.403263000,186.842657362,6
Branch_063,63,6,0,9,6,9.507898300,-65.372032000,38.028183000,4.902270427,30.197144997,0.161618045,0,75.754074000,-23.763430000,53.403263000,186.842657362,6
Branch_063,63,7,0,9,7,10.287036000,-60.827480000,38.464947000,4.631497731,34.828642727,0.186406269,0,75.754074000,-23.763430000,53.403263000,186.842657362,6
Branch_063,63,8,0,9,8,11.014260000,-56.442604000,39.132923000,4.494683995,39.323326723,0.210462254,0,75.754074000,-23.763430000,53.403263000,186.842657362,6
Branch_063,63,9,0,9,9,11.527933000,-52.014019000,39.835442000,4.513286829,43.836613551,0.234617802,0,75.754074000,-23.763430000,53.403263000,186.842657362,6
Branch_063,63,10,0,9,10,11.720328000,-47.372635000,40.409962000,4.680762171,48.517375722,0.259669694,0,75.754074000,-23.763430000,53.403263000,186.842657362,6
Branch_063,63,11,0,9,11,11.570354000,-42.445747000,40.769272000,4.942248602,53.459624324,0.286121088,0,75.754074000,-23.763430000,53.403263000,186.842657362,6
Branch_063,63,12,0,9,12,11.152950000,-37.279388000,40.914940000,5.185239684,58.644864008,0.313872993,0,75.754074000,-23.763430000,53.403263000,186.842657362,6
Branch_063,63,13,0,9,13,10.623031000,-32.017574000,40.921852000,5.288435354,63.933299362,0.342177211,0,75.754074000,-23.763430000,53.403263000,186.842657362,6
Branch_063,63,14,0,9,14,10.179241000,-26.849152000,40.901917000,5.187478476,69.120777838,0.369941098,0,75.754074000,-23.763430000,53.403263000,186.842657362,6
Branch_063,63,15,0,9,15,10.018347000,-21.942720000,40.961330000,4.909428862,74.030206700,0.396216837,0,75.754074000,-23.763430000,53.403263000,186.842657362,6
Branch_063,63,16,0,9,16,10.293105000,-17.392542000,41.166740000,4.563091612,78.593298312,0.420638945,0,75.754074000,-23.763430000,53.403263000,186.842657362,6
Branch_063,63,17,0,9,17,11.084682000,-13.193231000,41.531292000,4.288788312,82.882086624,0.443592956,0,75.754074000,-23.763430000,53.403263000,186.842657362,6
Branch_063,63,18,0,9,18,12.395549000,-9.250117300,42.023792000,4.184384566,87.066471190,0.465988187,0,75.754074000,-23.763430000,53.403263000,186.842657362,6
Branch_063,63,19,0,9,19,13.428562000,-7.010438900,42.358051000,2.488976551,89.555447741,0.479309431,0,75.754074000,-23.763430000,53.403263000,186.842657362,6
Branch_063,63,20,1,8,1,16.282339000,-1.562926900,43.212620000,6.208841948,95.764289689,0.512539754,0,75.754074000,-23.763430000,53.403263000,186.842657362,6
Branch_063,63,21,1,8,2,18.643381000,2.404393400,43.881081000,4.664867608,100.429157296,0.537506578,0,75.754074000,-23.763430000,53.403263000,186.842657362,6
Branch_063,63,22,1,8,3,21.147991000,6.488432400,44.652599000,4.852595783,105.281753079,0.563478140,0,75.754074000,-23.763430000,53.403263000,186.842657362,6
Branch_063,63,23,1,8,4,24.223534000,11.405412000,45.843182000,5.920569315,111.202322394,0.595165601,0,75.754074000,-23.763430000,53.403263000,186.842657362,6
Branch_063,63,24,2,21,1,27.690271000,9.568561600,45.976391000,3.925561037,115.127883431,0.616175584,0,75.754074000,-23.763430000,53.403263000,186.842657362,6
Branch_063,63,25,2,21,2,30.500639000,8.436563500,45.614300000,3.051343620,118.179227051,0.632506670,0,75.754074000,-23.763430000,53.403263000,186.842657362,6
Branch_063,63,26,2,21,3,33.836395000,7.302638100,44.907448000,3.593423807,121.772650857,0.651739022,0,75.754074000,-23.763430000,53.403263000,186.842657362,6
Branch_063,63,27,2,21,4,37.648449000,5.861568000,44.297165000,4.120786827,125.893437684,0.673793873,0,75.754074000,-23.763430000,53.403263000,186.842657362,6
Branch_063,63,28,2,21,5,41.557293000,4.180810000,43.965683000,4.267773329,130.161211013,0.696635409,0,75.754074000,-23.763430000,53.403263000,186.842657362,6
Branch_063,63,29,2,21,6,45.247955000,2.346591900,44.046879000,4.122127464,134.283338477,0.718697434,0,75.754074000,-23.763430000,53.403263000,186.842657362,6
Branch_063,63,30,2,21,7,48.516773000,0.457833470,44.605518000,3.816366997,138.099705474,0.739123000,0,75.754074000,-23.763430000,53.403263000,186.842657362,6
Branch_063,63,31,2,21,8,51.288979000,-1.384460900,45.637222000,3.484765099,141.584470573,0.757773801,0,75.754074000,-23.763430000,53.403263000,186.842657362,6
Branch_063,63,32,2,21,9,53.190578000,-2.784993900,46.827793000,2.644812044,144.229282617,0.771929091,0,75.754074000,-23.763430000,53.403263000,186.842657362,6
Branch_063,63,33,3,20,1,55.586220000,-4.596087500,48.883541000,3.639403860,147.868686477,0.791407533,0,75.754074000,-23.763430000,53.403263000,186.842657362,6
Branch_063,63,34,3,20,2,57.378574000,-5.870704200,50.964619000,3.027881476,150.896567954,0.807613048,0,75.754074000,-23.763430000,53.403263000,186.842657362,6
Branch_063,63,35,3,20,3,59.110535000,-6.922920200,53.305656000,3.096336812,153.992904765,0.824184942,0,75.754074000,-23.763430000,53.403263000,186.842657362,6
Branch_063,63,36,3,20,4,61.685532000,-8.151027700,57.298828000,4.907573759,158.900478525,0.850450752,0,75.754074000,-23.763430000,53.403263000,186.842657362,6
Branch_063,63,37,4,48,1,61.562588000,-10.440657000,57.101917000,2.301367311,161.201845836,0.862767893,0,75.754074000,-23.763430000,53.403263000,186.842657362,6
Branch_063,63,38,4,48,2,61.705193000,-12.008467000,57.041222000,1.575451765,162.777297601,0.871199864,0,75.754074000,-23.763430000,53.403263000,186.842657362,6
Branch_063,63,39,4,48,3,62.052563000,-13.689122000,57.018829000,1.716324151,164.493621752,0.880385797,0,75.754074000,-23.763430000,53.403263000,186.842657362,6
Branch_063,63,40,4,48,4,62.408543000,-15.709700000,56.935108000,2.053403618,166.547025371,0.891375812,0,75.754074000,-23.763430000,53.403263000,186.842657362,6
Branch_063,63,41,4,48,5,62.710716000,-17.924007000,56.760418000,2.241646852,168.788672223,0.903373323,0,75.754074000,-23.763430000,53.403263000,186.842657362,6
Branch_063,63,42,4,48,6,62.910072000,-20.193783000,56.473991000,2.296446457,171.085118680,0.915664127,0,75.754074000,-23.763430000,53.403263000,186.842657362,6
Branch_063,63,43,4,48,7,62.969597000,-22.779001000,55.977077000,2.633214548,173.718333228,0.929757346,0,75.754074000,-23.763430000,53.403263000,186.842657362,6
Branch_063,63,44,5,112,1,64.458397000,-22.682512000,55.930092000,1.492663109,175.210996337,0.937746224,1,75.754074000,-23.763430000,53.403263000,186.842657362,6
Branch_063,63,45,5,112,2,65.567413000,-22.713505000,55.771946000,1.120663737,176.331660074,0.943744124,1,75.754074000,-23.763430000,53.403263000,186.842657362,6
Branch_063,63,46,5,112,3,66.852242000,-22.845930000,55.473190000,1.325736432,177.657396507,0.950839594,1,75.754074000,-23.763430000,53.403263000,186.842657362,6
Branch_063,63,47,5,112,4,68.398674000,-23.005320000,55.113598000,1.595670238,179.253066745,0.959379776,1,75.754074000,-23.763430000,53.403263000,186.842657362,6
Branch_063,63,48,5,112,5,70.081436000,-23.178759000,54.722309000,1.736339862,180.989406607,0.968672835,1,75.754074000,-23.763430000,53.403263000,186.842657362,6
Branch_063,63,49,5,112,6,71.764206000,-23.352200000,54.331020000,1.736347815,182.725754422,0.977965937,1,75.754074000,-23.763430000,53.403263000,186.842657362,6
Branch_063,63,50,5,112,7,73.310638000,-23.511587000,53.971428000,1.595669939,184.321424361,0.986506117,1,75.754074000,-23.763430000,53.403263000,186.842657362,6
Branch_063,63,51,5,112,8,74.595467000,-23.644012000,53.672672000,1.325736432,185.647160793,0.993601587,1,75.754074000,-23.763430000,53.403263000,186.842657362,6
Branch_063,63,52,5,112,9,75.754074000,-23.763430000,53.403263000,1.195496570,186.842657362,1.000000000,1,75.754074000,-23.763430000,53.403263000,186.842657362,6
Branch_064,64,0,0,9,0,9.155164700,-94.828995000,43.316994000,0.000000000,0.000000000,0.000000000,0,-71.849167000,66.348381000,20.773926000,225.444174031,6
Branch_064,64,1,0,9,1,8.745691300,-90.524384000,41.931053000,4.540724257,4.540724257,0.020141236,0,-71.849167000,66.348381000,20.773926000,225.444174031,6
Branch_064,64,2,0,9,2,8.447949400,-85.977066000,40.628029000,4.739685937,9.280410194,0.041165003,0,-71.849167000,66.348381000,20.773926000,225.444174031,6
Branch_064,64,3,0,9,3,8.306425100,-80.784424000,39.387024000,5.340754018,14.621164212,0.064854922,0,-71.849167000,66.348381000,20.773926000,225.444174031,6
Branch_064,64,4,0,9,4,8.427463500,-75.420364000,38.457928000,5.445274039,20.066438250,0.089008458,0,-71.849167000,66.348381000,20.773926000,225.444174031,6
Branch_064,64,5,0,9,5,8.845435100,-70.229225000,37.995411000,5.228436320,25.294874570,0.112200170,0,-71.849167000,66.348381000,20.773926000,225.444174031,6
Branch_064,64,6,0,9,6,9.507898300,-65.372032000,38.028183000,4.902270427,30.197144997,0.133945111,0,-71.849167000,66.348381000,20.773926000,225.444174031,6
Branch_064,64,7,0,9,7,10.287036000,-60.827480000,38.464947000,4.631497731,34.828642727,0.154488990,0,-71.849167000,66.348381000,20.773926000,225.444174031,6
Branch_064,64,8,0,9,8,11.014260000,-56.442604000,39.132923000,4.494683995,39.323326723,0.174426005,0,-71.849167000,66.348381000,20.773926000,225.444174031,6
Branch_064,64,9,0,9,9,11.527933000,-52.014019000,39.835442000,4.513286829,43.836613551,0.194445537,0,-71.849167000,66.348381000,20.773926000,225.444174031,6
Branch_064,64,10,0,9,10,11.720328000,-47.372635000,40.409962000,4.680762171,48.517375722,0.215207938,0,-71.849167000,66.348381000,20.773926000,225.444174031,6
Branch_064,64,11,0,9,11,11.570354000,-42.445747000,40.769272000,4.942248602,53.459624324,0.237130210,0,-71.849167000,66.348381000,20.773926000,225.444174031,6
Branch_064,64,12,0,9,12,11.152950000,-37.279388000,40.914940000,5.185239684,58.644864008,0.260130315,0,-71.849167000,66.348381000,20.773926000,225.444174031,6
Branch_064,64,13,0,9,13,10.623031000,-32.017574000,40.921852000,5.288435354,63.933299362,0.283588164,0,-71.849167000,66.348381000,20.773926000,225.444174031,6
Branch_064,64,14,0,9,14,10.179241000,-26.849152000,40.901917000,5.187478476,69.120777838,0.306598199,0,-71.849167000,66.348381000,20.773926000,225.444174031,6
Branch_064,64,15,0,9,15,10.018347000,-21.942720000,40.961330000,4.909428862,74.030206700,0.328374894,0,-71.849167000,66.348381000,20.773926000,225.444174031,6
Branch_064,64,16,0,9,16,10.293105000,-17.392542000,41.166740000,4.563091612,78.593298312,0.348615344,0,-71.849167000,66.348381000,20.773926000,225.444174031,6
Branch_064,64,17,0,9,17,11.084682000,-13.193231000,41.531292000,4.288788312,82.882086624,0.367639071,0,-71.849167000,66.348381000,20.773926000,225.444174031,6
Branch_064,64,18,0,9,18,12.395549000,-9.250117300,42.023792000,4.184384566,87.066471190,0.386199695,0,-71.849167000,66.348381000,20.773926000,225.444174031,6
Branch_064,64,19,0,9,19,13.428562000,-7.010438900,42.358051000,2.488976551,89.555447741,0.397240018,0,-71.849167000,66.348381000,20.773926000,225.444174031,6
Branch_064,64,20,1,10,1,8.513610800,-3.880808800,41.469315000,5.894165042,95.449612783,0.423384695,0,-71.849167000,66.348381000,20.773926000,225.444174031,6
Branch_064,64,21,1,10,2,5.700329800,-1.497111100,40.852108000,3.738650718,99.188263500,0.439968182,0,-71.849167000,66.348381000,20.773926000,225.444174031,6
Branch_064,64,22,1,10,3,3.228861600,1.258957700,40.246117000,3.751172535,102.939436035,0.456607213,0,-71.849167000,66.348381000,20.773926000,225.444174031,6
Branch_064,64,23,1,10,4,0.224044770,4.499023400,39.624977000,4.462372107,107.401808142,0.476400903,0,-71.849167000,66.348381000,20.773926000,225.444174031,6
Branch_064,64,24,1,10,5,-3.124296900,7.948573600,39.092415000,4.836776903,112.238585045,0.497855336,0,-71.849167000,66.348381000,20.773926000,225.444174031,6
Branch_064,64,25,1,10,6,-6.637706300,11.364470000,38.724075000,4.914068394,117.152653439,0.519652610,0,-71.849167000,66.348381000,20.773926000,225.444174031,6
Branch_064,64,26,1,10,7,-10.168994000,14.571689000,38.552483000,4.773435906,121.926089345,0.540826082,0,-71.849167000,66.348381000,20.773926000,225.444174031,6
Branch_064,64,27,1,10,8,-13.613175000,17.485661000,38.562916000,4.511510216,126.437599561,0.560837733,0,-71.849167000,66.348381000,20.773926000,225.444174031,6
Branch_064,64,28,1,10,9,-16.908464000,20.116638000,38.700928000,4.219006622,130.656606183,0.579551930,0,-71.849167000,66.348381000,20.773926000,225.444174031,6
Branch_064,64,29,1,10,10,-20.028803000,22.556101000,38.889393000,3.965225625,134.621831808,0.597140433,0,-71.849167000,66.348381000,20.773926000,225.444174031,6
Branch_064,64,30,1,10,11,-22.971312000,24.948771000,39.050686000,3.795951050,138.417782859,0.613978088,0,-71.849167000,66.348381000,20.773926000,225.444174031,6
Branch_064,64,31,1,10,12,-25.743008000,27.456394000,39.128395000,3.738517155,142.156300013,0.630560983,0,-71.849167000,66.348381000,20.773926000,225.444174031,6
Branch_064,64,32,1,10,13,-28.350756000,30.220842000,39.103210000,3.800415327,145.956715341,0.647418439,0,-71.849167000,66.348381000,20.773926000,225.444174031,6
Branch_064,64,33,1,10,14,-31.678991000,34.678879000,38.953018000,5.565411013,151.522126354,0.672104866,0,-71.849167000,66.348381000,20.773926000,225.444174031,6
Branch_064,64,34,2,11,1,-33.081928000,36.818501000,38.879490000,2.559613427,154.081739781,0.683458512,0,-71.849167000,66.348381000,20.773926000,225.444174031,6
Branch_064,64,35,2,11,2,-34.981613000,40.218311000,38.837078000,3.894779829,157.976519609,0.700734540,0,-71.849167000,66.348381000,20.773926000,225.444174031,6
Branch_064,64,36,3,12,1,-37.197227000,44.650524000,38.950371000,4.956439526,162.932959136,0.722719759,0,-71.849167000,66.348381000,20.773926000,225.444174031,6
Branch_064,64,37,3,12,2,-39.077698000,48.744965000,39.314186000,4.520285349,167.453244485,0.742770334,0,-71.849167000,66.348381000,20.773926000,225.444174031,6
Branch_064,64,38,3,12,3,-40.901249000,52.758144000,39.973698000,4.457117904,171.910362389,0.762540718,0,-71.849167000,66.348381000,20.773926000,225.444174031,6
Branch_064,64,39,3,12,4,-42.725853000,56.560471000,40.943188000,4.327445116,176.237807505,0.781735914,0,-71.849167000,66.348381000,20.773926000,225.444174031,6
Branch_064,64,40,3,12,5,-44.602505000,60.068466000,42.203861000,4.173385683,180.411193189,0.800247751,0,-71.849167000,66.348381000,20.773926000,225.444174031,6
Branch_064,64,41,3,12,6,-46.556820000,63.258331000,43.715164000,4.034677508,184.445870697,0.818144321,0,-71.849167000,66.348381000,20.773926000,225.444174031,6
Branch_064,64,42,3,12,7,-48.668339000,66.297379000,45.521130000,4.117746766,188.563617463,0.836409361,0,-71.849167000,66.348381000,20.773926000,225.444174031,6
Branch_064,64,43,4,73,1,-50.560658000,66.227295000,43.972309000,2.446350231,191.009967694,0.847260607,0,-71.849167000,66.348381000,20.773926000,225.444174031,6
Branch_064,64,44,4,73,2,-52.158661000,66.077911000,43.126339000,1.814275174,192.824242868,0.855308165,0,-71.849167000,66.348381000,20.773926000,225.444174031,6
Branch_064,64,45,4,73,3,-54.222397000,65.912941000,41.935577000,2.388333209,195.212576078,0.865902066,0,-71.849167000,66.348381000,20.773926000,225.444174031,6
Branch_064,64,46,4,73,4,-56.455101000,65.793999000,40.487701000,2.663730328,197.876306406,0.877717543,0,-71.849167000,66.348381000,20.773926000,225.444174031,6
Branch_064,64,47,4,73,5,-58.599934000,65.788803000,38.889011000,2.675097253,200.551403659,0.889583439,0,-71.849167000,66.348381000,20.773926000,225.444174031,6
Branch_064,64,48,4,73,6,-60.503323000,65.960808000,37.255043000,2.514423757,203.065827416,0.900736638,0,-71.849167000,66.348381000,20.773926000,225.444174031,6
Branch_064,64,49,4,73,7,-62.144711000,66.358795000,35.699265000,2.296299938,205.362127354,0.910922308,0,-71.849167000,66.348381000,20.773926000,225.444174031,6
Branch_064,64,50,4,73,8,-63.624352000,67.007668000,34.320946000,2.123708296,207.485835650,0.920342415,0,-71.849167000,66.348381000,20.773926000,225.444174031,6
Branch_064,64,51,4,73,9,-65.113319000,67.901962000,33.193909000,2.070506432,209.556342082,0.929526536,0,-71.849167000,66.348381000,20.773926000,225.444174031,6
Branch_064,64,52,4,73,10,-66.989059000,69.135254000,32.300076000,2.416267191,211.972609272,0.940244343,0,-71.849167000,66.348381000,20.773926000,225.444174031,6
Branch_064,64,53,5,113,1,-67.269913000,68.861603000,31.305082000,1.069475058,213.042084330,0.944988200,1,-71.849167000,66.348381000,20.773926000,225.444174031,6
Branch_064,64,54,5,113,2,-67.472488000,68.762802000,30.197638000,1.130146221,214.172230551,0.950001176,1,-71.849167000,66.348381000,20.773926000,225.444174031,6
Branch_064,64,55,5,113,3,-67.677414000,68.885597000,28.531849000,1.682832811,215.855063362,0.957465698,1,-71.849167000,66.348381000,20.773926000,225.444174031,6
Branch_064,64,56,5,113,4,-68.056854000,68.869919000,26.709442000,1.861555207,217.716618569,0.965722976,1,-71.849167000,66.348381000,20.773926000,225.444174031,6
Branch_064,64,57,5,113,5,-68.634544000,68.649956000,24.952953000,1.862085676,219.578704245,0.973982607,1,-71.849167000,66.348381000,20.773926000,225.444174031,6
Branch_064,64,58,5,113,6,-69.384010000,68.218536000,23.432606000,1.749079044,221.327783289,0.981740975,1,-71.849167000,66.348381000,20.773926000,225.444174031,6
Branch_064,64,59,5,113,7,-70.224205000,67.635597000,22.243647000,1.568237552,222.896020841,0.988697188,1,-71.849167000,66.348381000,20.773926000,225.444174031,6
Branch_064,64,60,5,113,8,-71.032593000,67.015457000,21.407499000,1.318031963,224.214052804,0.994543566,1,-71.849167000,66.348381000,20.773926000,225.444174031,6
Branch_064,64,61,5,113,9,-71.849167000,66.348381000,20.773926000,1.230121227,225.444174031,1.000000000,1,-71.849167000,66.348381000,20.773926000,225.444174031,6
Branch_065,65,0,0,9,0,9.155164700,-94.828995000,43.316994000,0.000000000,0.000000000,0.000000000,0,52.976032000,126.593490000,63.049683000,255.523657507,10
Branch_065,65,1,0,9,1,8.745691300,-90.524384000,41.931053000,4.540724257,4.540724257,0.017770269,0,52.976032000,126.593490000,63.049683000,255.523657507,10
Branch_065,65,2,0,9,2,8.447949400,-85.977066000,40.628029000,4.739685937,9.280410194,0.036319182,0,52.976032000,126.593490000,63.049683000,255.523657507,10
Branch_065,65,3,0,9,3,8.306425100,-80.784424000,39.387024000,5.340754018,14.621164212,0.057220393,0,52.976032000,126.593490000,63.049683000,255.523657507,10
Branch_065,65,4,0,9,4,8.427463500,-75.420364000,38.457928000,5.445274039,20.066438250,0.078530647,0,52.976032000,126.593490000,63.049683000,255.523657507,10
Branch_065,65,5,0,9,5,8.845435100,-70.229225000,37.995411000,5.228436320,25.294874570,0.098992300,0,52.976032000,126.593490000,63.049683000,255.523657507,10
Branch_065,65,6,0,9,6,9.507898300,-65.372032000,38.028183000,4.902270427,30.197144997,0.118177492,0,52.976032000,126.593490000,63.049683000,255.523657507,10
Branch_065,65,7,0,9,7,10.287036000,-60.827480000,38.464947000,4.631497731,34.828642727,0.136303006,0,52.976032000,126.593490000,63.049683000,255.523657507,10
Branch_065,65,8,0,9,8,11.014260000,-56.442604000,39.132923000,4.494683995,39.323326723,0.153893096,0,52.976032000,126.593490000,63.049683000,255.523657507,10
Branch_065,65,9,0,9,9,11.527933000,-52.014019000,39.835442000,4.513286829,43.836613551,0.171555988,0,52.976032000,126.593490000,63.049683000,255.523657507,10
Branch_065,65,10,0,9,10,11.720328000,-47.372635000,40.409962000,4.680762171,48.517375722,0.189874300,0,52.976032000,126.593490000,63.049683000,255.523657507,10
Branch_065,65,11,0,9,11,11.570354000,-42.445747000,40.769272000,4.942248602,53.459624324,0.209215948,0,52.976032000,126.593490000,63.049683000,255.523657507,10
Branch_065,65,12,0,9,12,11.152950000,-37.279388000,40.914940000,5.185239684,58.644864008,0.229508550,0,52.976032000,126.593490000,63.049683000,255.523657507,10
Branch_065,65,13,0,9,13,10.623031000,-32.017574000,40.921852000,5.288435354,63.933299362,0.250205010,0,52.976032000,126.593490000,63.049683000,255.523657507,10
Branch_065,65,14,0,9,14,10.179241000,-26.849152000,40.901917000,5.187478476,69.120777838,0.270506373,0,52.976032000,126.593490000,63.049683000,255.523657507,10
Branch_065,65,15,0,9,15,10.018347000,-21.942720000,40.961330000,4.909428862,74.030206700,0.289719580,0,52.976032000,126.593490000,63.049683000,255.523657507,10
Branch_065,65,16,0,9,16,10.293105000,-17.392542000,41.166740000,4.563091612,78.593298312,0.307577385,0,52.976032000,126.593490000,63.049683000,255.523657507,10
Branch_065,65,17,0,9,17,11.084682000,-13.193231000,41.531292000,4.288788312,82.882086624,0.324361695,0,52.976032000,126.593490000,63.049683000,255.523657507,10
Branch_065,65,18,0,9,18,12.395549000,-9.250117300,42.023792000,4.184384566,87.066471190,0.340737418,0,52.976032000,126.593490000,63.049683000,255.523657507,10
Branch_065,65,19,0,9,19,13.428562000,-7.010438900,42.358051000,2.488976551,89.555447741,0.350478107,0,52.976032000,126.593490000,63.049683000,255.523657507,10
Branch_065,65,20,1,8,1,16.282339000,-1.562926900,43.212620000,6.208841948,95.764289689,0.374776608,0,52.976032000,126.593490000,63.049683000,255.523657507,10
Branch_065,65,21,1,8,2,18.643381000,2.404393400,43.881081000,4.664867608,100.429157296,0.393032717,0,52.976032000,126.593490000,63.049683000,255.523657507,10
Branch_065,65,22,1,8,3,21.147991000,6.488432400,44.652599000,4.852595783,105.281753079,0.412023505,0,52.976032000,126.593490000,63.049683000,255.523657507,10
Branch_065,65,23,1,8,4,24.223534000,11.405412000,45.843182000,5.920569315,111.202322394,0.435193843,0,52.976032000,126.593490000,63.049683000,255.523657507,10
Branch_065,65,24,2,7,1,26.324202000,14.701306000,46.829159000,4.030865161,115.233187555,0.450968762,0,52.976032000,126.593490000,63.049683000,255.523657507,10
Branch_065,65,25,2,7,2,28.908293000,18.630505000,48.351257000,4.942966053,120.176153608,0.470313218,0,52.976032000,126.593490000,63.049683000,255.523657507,10
Branch_065,65,26,2,7,3,31.432501000,22.371405000,50.143032000,4.855555219,125.031708827,0.489315588,0,52.976032000,126.593490000,63.049683000,255.523657507,10
Branch_065,65,27,2,7,4,33.837540000,25.965391000,52.093472000,4.743960809,129.775669636,0.507881231,0,52.976032000,126.593490000,63.049683000,255.523657507,10
Branch_065,65,28,2,7,5,36.051430000,29.527443000,54.029991000,4.619483653,134.395153289,0.525959728,0,52.976032000,126.593490000,63.049683000,255.523657507,10
Branch_065,65,29,2,7,6,38.004852000,33.210518000,55.757656000,4.512840050,138.907993339,0.543620871,0,52.976032000,126.593490000,63.049683000,255.523657507,10
Branch_065,65,30,2,7,7,39.655231000,37.152805000,57.108654000,4.482250911,143.390244250,0.561162304,0,52.976032000,126.593490000,63.049683000,255.523657507,10
Branch_065,65,31,2,7,8,40.956230000,41.252876000,57.950741000,4.383182761,147.773427011,0.578316029,0,52.976032000,126.593490000,63.049683000,255.523657507,10
Branch_065,65,32,3,6,1,42.188423000,46.187943000,58.389992000,5.105499714,152.878926725,0.598296566,0,52.976032000,126.593490000,63.049683000,255.523657507,10
Branch_065,65,33,4,5,1,43.203922000,50.765629000,58.406876000,4.689001216,157.567927941,0.616647122,0,52.976032000,126.593490000,63.049683000,255.523657507,10
Branch_065,65,34,4,5,2,44.359421000,55.519661000,58.187195000,4.897372555,162.465300495,0.635813146,0,52.976032000,126.593490000,63.049683000,255.523657507,10
Branch_065,65,35,4,5,3,45.795403000,60.070236000,57.887691000,4.781158832,167.246459328,0.654524364,0,52.976032000,126.593490000,63.049683000,255.523657507,10
Branch_065,65,36,4,5,4,47.645630000,64.272171000,57.623878000,4.598825393,171.845284721,0.672522014,0,52.976032000,126.593490000,63.049683000,255.523657507,10
Branch_065,65,37,4,5,5,51.342567000,69.871460000,57.347439000,6.715340573,178.560625293,0.698802714,0,52.976032000,126.593490000,63.049683000,255.523657507,10
Branch_065,65,38,5,4,1,55.407112000,74.712769000,57.020290000,6.329757133,184.890382426,0.723574421,0,52.976032000,126.593490000,63.049683000,255.523657507,10
Branch_065,65,39,6,3,1,58.283745000,78.131050000,56.528973000,4.494558355,189.384940781,0.741164018,0,52.976032000,126.593490000,63.049683000,255.523657507,10
Branch_065,65,40,6,3,2,60.622337000,81.607315000,55.718319000,4.267386882,193.652327663,0.757864573,0,52.976032000,126.593490000,63.049683000,255.523657507,10
Branch_065,65,41,6,3,3,62.223511000,85.360001000,54.550529000,4.243835986,197.896163649,0.774472961,0,52.976032000,126.593490000,63.049683000,255.523657507,10
Branch_065,65,42,6,3,4,62.844906000,89.630898000,52.998016000,4.586609810,202.482773459,0.792422805,0,52.976032000,126.593490000,63.049683000,255.523657507,10
Branch_065,65,43,7,2,1,62.470024000,93.598572000,51.485519000,4.262701099,206.745474558,0.809105022,0,52.976032000,126.593490000,63.049683000,255.523657507,10
Branch_065,65,44,7,2,2,61.098911000,97.857376000,49.920139000,4.740018662,211.485493220,0.827655237,0,52.976032000,126.593490000,63.049683000,255.523657507,10
Branch_065,65,45,7,2,3,58.968452000,102.038360000,48.564579000,4.884365432,216.369858651,0.846770357,0,52.976032000,126.593490000,63.049683000,255.523657507,10
Branch_065,65,46,7,2,4,56.398815000,106.080850000,47.520206000,4.902598767,221.272457419,0.865956834,0,52.976032000,126.593490000,63.049683000,255.523657507,10
Branch_065,65,47,7,2,5,53.888828000,109.821590000,46.824791000,4.558154507,225.830611926,0.883795317,0,52.976032000,126.593490000,63.049683000,255.523657507,10
Branch_065,65,48,8,96,1,55.677666000,111.678340000,48.768272000,3.228711872,229.059323798,0.896430984,0,52.976032000,126.593490000,63.049683000,255.523657507,10
Branch_065,65,49,8,96,2,56.798088000,113.271320000,50.359459000,2.514916859,231.574240657,0.906273192,0,52.976032000,126.593490000,63.049683000,255.523657507,10
Branch_065,65,50,8,96,3,58.261993000,115.352650000,52.438450000,3.285902615,234.860143272,0.919132677,0,52.976032000,126.593490000,63.049683000,255.523657507,10
Branch_065,65,51,8,96,4,59.846508000,117.605480000,54.688728000,3.556639126,238.416782398,0.933051698,0,52.976032000,126.593490000,63.049683000,255.523657507,10
Branch_065,65,52,8,96,5,61.310410000,119.686810000,56.767715000,3.285898748,241.702681145,0.945911167,0,52.976032000,126.593490000,63.049683000,255.523657507,10
Branch_065,65,53,8,96,6,62.131607000,120.854360000,57.933952000,1.843270532,243.545951678,0.953124865,0,52.976032000,126.593490000,63.049683000,255.523657507,10
Branch_065,65,54,9,114,1,61.048424000,121.273900000,58.429691000,1.262955415,244.808907092,0.958067482,1,52.976032000,126.593490000,63.049683000,255.523657507,10
Branch_065,65,55,9,114,2,60.488426000,121.642920000,58.750191000,0.743299247,245.552206339,0.960976407,1,52.976032000,126.593490000,63.049683000,255.523657507,10
Branch_065,65,56,9,114,3,59.696468000,122.164810000,59.203442000,1.051191284,246.603397623,0.965090278,1,52.976032000,126.593490000,63.049683000,255.523657507,10
Branch_065,65,57,9,114,4,58.726524000,122.803990000,59.758560000,1.287438709,247.890836332,0.970128710,1,52.976032000,126.593490000,63.049683000,255.523657507,10
Branch_065,65,58,9,114,5,57.644695000,123.516910000,60.377716000,1.435953712,249.326790044,0.975748361,1,52.976032000,126.593490000,63.049683000,255.523657507,10
Branch_065,65,59,9,114,6,56.524700000,124.254970000,61.018711000,1.486605514,250.813395558,0.981566239,1,52.976032000,126.593490000,63.049683000,255.523657507,10
Branch_065,65,60,9,114,7,55.442867000,124.967880000,61.637863000,1.435950036,252.249345594,0.987185876,1,52.976032000,126.593490000,63.049683000,255.523657507,10
Branch_065,65,61,9,114,8,54.472923000,125.607060000,62.192982000,1.287439140,253.536784735,0.992224310,1,52.976032000,126.593490000,63.049683000,255.523657507,10
Branch_065,65,62,9,114,9,53.680969000,126.128950000,62.646233000,1.051188270,254.587973005,0.996338169,1,52.976032000,126.593490000,63.049683000,255.523657507,10
Branch_065,65,63,9,114,10,52.976032000,126.593490000,63.049683000,0.935684502,255.523657507,1.000000000,1,52.976032000,126.593490000,63.049683000,255.523657507,10
